dataset,image,method,prompt,seed,draw,dice,nsd,area_bias
bone,A_25,boneseg_learned,none,0,0,0.7984700530265713,0.20976658476658477,0.8139344777714913
bone,A_25,boneseg_ftlayer,none,0,0,0.7187735157120677,0.11653155761436017,1.1786455385776273
bone,A_25,boneseg_ftlearned,none,0,0,0.7885842453304459,0.21278581427904805,0.7895365654279063
bone,A_25,boneseg_ftclicks,points_bg,0,0,0.6278945976219479,0.10162496775857621,13.283405646733321
bone,A_25,boneseg_ftclicks,boxes,0,0,0.7360899012624879,0.12069653063937259,7.137646984845627
bone,A_25,boneseg_ftclicks,points_bg,1,0,0.6421737185436432,0.10320924261874198,12.443941394705405
bone,A_25,boneseg_ftclicks,boxes,1,0,0.7593405347628225,0.1467826567246617,5.834622398289632
bone,A_25,boneseg_ftclicks,points_bg,2,0,0.657243816254417,0.11342894393741851,11.075394579639061
bone,A_25,boneseg_ftclicks,boxes,2,0,0.7222309634591322,0.10883010922489801,8.343079922027291
bone,A_46,boneseg_learned,none,0,0,0.7985741097633173,0.1780705482362941,2.322706407596051
bone,A_46,boneseg_ftlayer,none,0,0,0.7446783021790767,0.13006937033084312,2.8141860026410113
bone,A_46,boneseg_ftlearned,none,0,0,0.7986975035484679,0.17621590417087604,2.4953782305225407
bone,A_46,boneseg_ftclicks,points_bg,0,0,0.6531963333533042,0.0791644349223353,14.352260579764826
bone,A_46,boneseg_ftclicks,boxes,0,0,0.7672351559366705,0.15249105422515827,5.2954788404703494
bone,A_46,boneseg_ftclicks,points_bg,1,0,0.6141420579873021,0.03422603660428084,17.355341759416458
bone,A_46,boneseg_ftclicks,boxes,1,0,0.768597339595532,0.13984278030616468,4.9311450669684955
bone,A_46,boneseg_ftclicks,points_bg,2,0,0.696716104441621,0.10752561535743729,11.172483179274352
bone,A_46,boneseg_ftclicks,boxes,2,0,0.7708494268145722,0.1324585635359116,4.930642017229453
bone,A_66,boneseg_learned,none,0,0,0.7723210827314361,0.2035486160397445,3.215619694397283
bone,A_66,boneseg_ftlayer,none,0,0,0.7574334149701515,0.14588859416445624,1.9090737596679883
bone,A_66,boneseg_ftlearned,none,0,0,0.7844486706334263,0.2118682652906359,2.3336477394202344
bone,A_66,boneseg_ftclicks,points_bg,0,0,0.762178385450068,0.13698844111215244,0.1306671697164058
bone,A_66,boneseg_ftclicks,boxes,0,0,0.7779694769976231,0.17245005257623555,3.025592655473809
bone,A_66,boneseg_ftclicks,points_bg,1,0,0.7594132165457346,0.1685326168084789,2.7255234861346915
bone,A_66,boneseg_ftclicks,boxes,1,0,0.7834414982384572,0.1699909338168631,2.747154624913538
bone,A_66,boneseg_ftclicks,points_bg,2,0,0.7519460803841558,0.12977221687520052,-1.0209394453876628
bone,A_66,boneseg_ftclicks,boxes,2,0,0.7828312420022405,0.17128501827040196,2.4479657926177443
bone,A_87,boneseg_learned,none,0,0,0.7527247886950582,0.17279411764705882,2.7295478840470344
bone,A_87,boneseg_ftlayer,none,0,0,0.750313957660567,0.21839080459770116,0.49173111991448193
bone,A_87,boneseg_ftlearned,none,0,0,0.7841325676506113,0.21812287743130596,1.7991573916871033
bone,A_87,boneseg_ftclicks,points_bg,0,0,0.567327515175974,0.08359100117283293,15.454568320442682
bone,A_87,boneseg_ftclicks,boxes,0,0,0.7039532775126746,0.11001486687390188,7.603722568068918
bone,A_87,boneseg_ftclicks,points_bg,1,0,0.6126086702841472,0.09554288374258117,12.546815066339684
bone,A_87,boneseg_ftclicks,boxes,1,0,0.6769057233002567,0.09188820722563054,8.831792743507513
bone,A_87,boneseg_ftclicks,points_bg,2,0,0.5857320697272012,0.08547564811801714,14.327233855247437
bone,A_87,boneseg_ftclicks,boxes,2,0,0.6863343620018785,0.09648050006794401,8.053574797208075
bone,A_107,boneseg_learned,none,0,0,0.7881672256469803,0.18227020883648246,0.8321700308117963
bone,A_107,boneseg_ftlayer,none,0,0,0.7596789667516015,0.19881831610044312,-0.02163113877884648
bone,A_107,boneseg_ftlearned,none,0,0,0.7733917305812948,0.18096514745308312,0.1756901213607498
bone,A_107,boneseg_ftclicks,points_bg,0,0,0.5190614566253782,0.062203142126415784,22.07734389737785
bone,A_107,boneseg_ftclicks,boxes,0,0,0.6401624587924475,0.0730312362516498,13.249449789347919
bone,A_107,boneseg_ftclicks,points_bg,1,0,0.5386070284662452,0.07242657542058739,20.279444130038357
bone,A_107,boneseg_ftclicks,boxes,1,0,0.6613613130395275,0.09324090121317158,11.02710180469094
bone,A_107,boneseg_ftclicks,points_bg,2,0,0.5270351968694352,0.0522671867381765,21.360749544111176
bone,A_107,boneseg_ftclicks,boxes,2,0,0.6349881497234936,0.07122286220646877,13.3241526755958
bone,A_133,boneseg_learned,none,0,0,0.7531122876591917,0.17431067431067432,3.0789159278123632
bone,A_133,boneseg_ftlayer,none,0,0,0.6984813837584286,0.16294873688875758,-0.08099100798591441
bone,A_133,boneseg_ftlearned,none,0,0,0.7447430926220793,0.17934259386604318,2.2439791234358313
bone,A_133,boneseg_ftclicks,points_bg,0,0,0.650007654753602,0.11663765232529222,8.043010752688172
bone,A_133,boneseg_ftclicks,boxes,0,0,0.669939239416566,0.07687507799825284,8.85493303150349
bone,A_133,boneseg_ftclicks,points_bg,1,0,0.5874243109400333,0.08574673480976717,12.677733760925614
bone,A_133,boneseg_ftclicks,boxes,1,0,0.7232805547610899,0.11862364439684027,5.292963591775137
bone,A_133,boneseg_ftclicks,points_bg,2,0,0.6392137275703076,0.10387192851824274,8.937055901402251
bone,A_133,boneseg_ftclicks,boxes,2,0,0.6771910952745119,0.07514009169638308,8.399924542539143
bone,A_154,boneseg_learned,none,0,0,0.7049077181208053,0.12519922082521692,-1.469911337483494
bone,A_154,boneseg_ftlayer,none,0,0,0.7012397066327807,0.14437182280319535,4.479909451046972
bone,A_154,boneseg_ftlearned,none,0,0,0.7462273091783918,0.18482317398258397,0.042759227818649215
bone,A_154,boneseg_ftclicks,points_bg,0,0,0.6424564228668422,0.10075896362208846,8.237565239263033
bone,A_154,boneseg_ftclicks,boxes,0,0,0.743885117437069,0.1400804289544236,2.6283091240646415
bone,A_154,boneseg_ftclicks,points_bg,1,0,0.6996246849770421,0.12799768852932678,4.841727975853612
bone,A_154,boneseg_ftclicks,boxes,1,0,0.6990360718184563,0.11239329750237116,6.414009935232347
bone,A_154,boneseg_ftclicks,points_bg,2,0,0.6852226815968658,0.12364608243072162,6.0494246368609685
bone,A_154,boneseg_ftclicks,boxes,2,0,0.6985501893064918,0.1141501976284585,6.579387536942714
bone,A_174,boneseg_learned,none,0,0,0.7122137128820172,0.13236947791164658,0.0842608312896953
bone,A_174,boneseg_ftlayer,none,0,0,0.7293738197496616,0.15467464472700074,2.335408413506887
bone,A_174,boneseg_ftlearned,none,0,0,0.7398089576045386,0.12728551336146274,-0.01282776834559407
bone,A_174,boneseg_ftclicks,points_bg,0,0,0.6202150563428428,0.08076149934965117,14.174432497013145
bone,A_174,boneseg_ftclicks,boxes,0,0,0.6865132463866345,0.1013852048334807,8.230271018046912
bone,A_174,boneseg_ftclicks,points_bg,1,0,0.6902083970189845,0.11002208724461623,8.025529774256432
bone,A_174,boneseg_ftclicks,boxes,1,0,0.68360938175678,0.09502262443438914,8.877318744890902
bone,A_174,boneseg_ftclicks,points_bg,2,0,0.6346780378562444,0.0834245409218047,13.22819593787336
bone,A_174,boneseg_ftclicks,boxes,2,0,0.6984763547506109,0.11374337845791642,7.230585424133812
bone,A_195,boneseg_learned,none,0,0,0.7241128968438293,0.120629125122876,0.8457523737659567
bone,A_195,boneseg_ftlayer,none,0,0,0.6326636693035873,0.13475264582820576,-2.5588882600767136
bone,A_195,boneseg_ftlearned,none,0,0,0.7121581784832992,0.10064888248017304,0.4287241400993541
bone,A_195,boneseg_ftclicks,points_bg,0,0,0.6911748179293975,0.1290041403355851,10.176570458404077
bone,A_195,boneseg_ftclicks,boxes,0,0,0.7294769011498033,0.12386335709019415,10.178331132490726
bone,A_195,boneseg_ftclicks,points_bg,1,0,0.667957227138643,0.11850940017905102,13.408287744450732
bone,A_195,boneseg_ftclicks,boxes,1,0,0.7424209979789328,0.14409296320206585,7.168081494057726
bone,A_195,boneseg_ftclicks,points_bg,2,0,0.6793737529109948,0.1139885595423817,11.061309186945861
bone,A_195,boneseg_ftclicks,boxes,2,0,0.7441114749633224,0.15873420951894857,4.926617619317112
bone,A_216,boneseg_learned,none,0,0,0.6353774131833729,0.1314967655587776,-3.4964472112180096
bone,A_216,boneseg_ftlayer,none,0,0,0.5244457880688802,0.09259045197087042,-6.5890712444192925
bone,A_216,boneseg_ftlearned,none,0,0,0.5903613146234991,0.1379459928424249,-3.547632522165628
bone,A_216,boneseg_ftclicks,points_bg,0,0,0.618734742569121,0.14616546400402752,9.55127963277369
bone,A_216,boneseg_ftclicks,boxes,0,0,0.6492117713273113,0.14652332235130916,6.932025404011821
bone,A_216,boneseg_ftclicks,points_bg,1,0,0.6259756243578213,0.1427233245337648,6.960070426963466
bone,A_216,boneseg_ftclicks,boxes,1,0,0.6612888314830516,0.11876424411243353,9.40765893227693
bone,A_216,boneseg_ftclicks,points_bg,2,0,0.616710535637408,0.14967091204376443,7.950198075834747
bone,A_216,boneseg_ftclicks,boxes,2,0,0.6540292051127965,0.1064965390709699,11.39369930201849
bone,C_63,boneseg_learned,none,0,0,0.8155104961690979,0.22565278757939308,-1.0180876358695647
bone,C_63,boneseg_ftlayer,none,0,0,0.7414710855819401,0.20682257026389186,-1.9862998188405798
bone,C_63,boneseg_ftlearned,none,0,0,0.8484576246296313,0.3076119143006445,-0.7599920742753619
bone,C_63,boneseg_ftclicks,points_bg,0,0,0.815907613334196,0.2907244154848601,-1.4036741394927534
bone,C_63,boneseg_ftclicks,boxes,0,0,0.8467224558668597,0.3898272552783109,-0.6762624547101449
bone,C_63,boneseg_ftclicks,points_bg,1,0,0.8003705273734947,0.25014487154722814,-1.5758888134057971
bone,C_63,boneseg_ftclicks,boxes,1,0,0.8440962987207662,0.33660748016622594,-0.2989413496376811
bone,C_63,boneseg_ftclicks,points_bg,2,0,0.7936517978875177,0.23193473193473194,-1.6422384510869568
bone,C_63,boneseg_ftclicks,boxes,2,0,0.8455468986592517,0.3481989708404803,-0.3087635869565217
bone,C_115,boneseg_learned,none,0,0,0.8384148785506239,0.25165450534532496,-0.7289685235507243
bone,C_115,boneseg_ftlayer,none,0,0,0.690864364607783,0.17962962962962964,-2.2309216485507246
bone,C_115,boneseg_ftlearned,none,0,0,0.8101115491276286,0.27991602519244224,-1.1579483695652169
bone,C_115,boneseg_ftclicks,points_bg,0,0,0.8129896184571505,0.14271339929565655,1.448001585144927
bone,C_115,boneseg_ftclicks,boxes,0,0,0.7839295456781438,0.2727272727272727,-0.7681442481884058
bone,C_115,boneseg_ftclicks,points_bg,1,0,0.8354547713509545,0.3249265849024011,-0.12429234601449221
bone,C_115,boneseg_ftclicks,boxes,1,0,0.7847958380975497,0.2540983606557377,-0.583135190217391
bone,C_115,boneseg_ftclicks,points_bg,2,0,0.8396242374261216,0.3092248451364473,0.44621829710144933
bone,C_115,boneseg_ftclicks,boxes,2,0,0.7863922844663325,0.2593283582089552,-0.6066009963768111
bone,C_166,boneseg_learned,none,0,0,0.8227737240765045,0.2934468602706401,1.2043421648550732
bone,C_166,boneseg_ftlayer,none,0,0,0.8285730067110387,0.2459044963401882,0.044610507246376635
bone,C_166,boneseg_ftlearned,none,0,0,0.8492852370728124,0.259946949602122,0.8957201086956523
bone,C_166,boneseg_ftclicks,points_bg,0,0,0.8518120212561551,0.3224306823841939,-0.3344372735507244
bone,C_166,boneseg_ftclicks,boxes,0,0,0.7859664776966685,0.1787131274797309,0.8348901721014497
bone,C_166,boneseg_ftclicks,points_bg,1,0,0.8507630228031969,0.27246469833119386,0.31049026268115953
bone,C_166,boneseg_ftclicks,boxes,1,0,0.7851876950878922,0.174018756512678,0.8224071557971016
bone,C_166,boneseg_ftclicks,points_bg,2,0,0.8529356646771876,0.3227391874180865,-0.23573369565217384
bone,C_166,boneseg_ftclicks,boxes,2,0,0.8012956777001721,0.20720096936126017,0.42142210144927583
bone,C_218,boneseg_learned,none,0,0,0.835738557136475,0.3465783664459161,0.6158854166666672
bone,C_218,boneseg_ftlayer,none,0,0,0.7981827654475356,0.2944309927360775,-0.9563235960144925
bone,C_218,boneseg_ftlearned,none,0,0,0.8692664849821921,0.4286015608521409,0.10456295289855075
bone,C_218,boneseg_ftclicks,points_bg,0,0,0.8640317075855994,0.43782952548330406,-0.03453351449275305
bone,C_218,boneseg_ftclicks,boxes,0,0,0.7592649152939029,0.22791060291060292,-0.6114979619565218
bone,C_218,boneseg_ftclicks,points_bg,1,0,0.864660952757639,0.45042054006197435,-0.16159986413043434
bone,C_218,boneseg_ftclicks,boxes,1,0,0.7531292208911315,0.22922111866178776,-0.6852072010869563
bone,C_218,boneseg_ftclicks,points_bg,2,0,0.8440599877767853,0.4125794732061762,-0.5224750905797098
bone,C_218,boneseg_ftclicks,boxes,2,0,0.7498076202938986,0.26484498160798736,-0.8690274003623186
bone,C_270,boneseg_learned,none,0,0,0.696806274670631,0.1434076520781723,1.5488564311594202
bone,C_270,boneseg_ftlayer,none,0,0,0.7866431170801674,0.2232693004711852,0.803045742753623
bone,C_270,boneseg_ftlearned,none,0,0,0.7419639874570317,0.16957210776545167,1.2808537137681157
bone,C_270,boneseg_ftclicks,points_bg,0,0,0.8077129812118105,0.27315914489311166,0.608723958333333
bone,C_270,boneseg_ftclicks,boxes,0,0,0.7876260736305641,0.19267399267399268,0.7926290760869564
bone,C_270,boneseg_ftclicks,points_bg,1,0,0.8215454803206433,0.28913571676501215,0.4199501811594203
bone,C_270,boneseg_ftclicks,boxes,1,0,0.7826789674861969,0.1803218727139722,0.8258605072463766
bone,C_270,boneseg_ftclicks,points_bg,2,0,0.7902091277265945,0.2420945256715403,0.8078577898550723
bone,C_270,boneseg_ftclicks,boxes,2,0,0.7994203248596099,0.1609702315325248,0.7149569746376809
bone,C_334,boneseg_learned,none,0,0,0.8451479318433526,0.34311959654178675,0.6653079710144928
bone,C_334,boneseg_ftlayer,none,0,0,0.8464901617389513,0.3732309906452387,-0.6952841938405795
bone,C_334,boneseg_ftlearned,none,0,0,0.8784132855142671,0.39937036204182597,-0.0033967391304345895
bone,C_334,boneseg_ftclicks,points_bg,0,0,0.8151432199554456,0.3026345933562428,-1.122367527173913
bone,C_334,boneseg_ftclicks,boxes,0,0,0.8865126996438226,0.42121754700089525,-0.0464221014492755
bone,C_334,boneseg_ftclicks,points_bg,1,0,0.7858033954690918,0.2419317390294869,-1.3021399456521736
bone,C_334,boneseg_ftclicks,boxes,1,0,0.8854975611774041,0.41497659906396256,-0.03767549818840532
bone,C_334,boneseg_ftclicks,points_bg,2,0,0.803953285813321,0.27092916283348667,-1.1948029891304346
bone,C_334,boneseg_ftclicks,boxes,2,0,0.886805730851902,0.44874664279319604,-0.1634963768115942
bone,C_386,boneseg_learned,none,0,0,0.8084108284078931,0.2703235342420759,-0.13216145833333318
bone,C_386,boneseg_ftlayer,none,0,0,0.7611598052790186,0.2654085524994981,-1.7039741847826084
bone,C_386,boneseg_ftlearned,none,0,0,0.8305645556348136,0.33833798882681565,-0.8591768568840579
bone,C_386,boneseg_ftclicks,points_bg,0,0,0.8227232042962631,0.2959754556939181,-0.6200181159420288
bone,C_386,boneseg_ftclicks,boxes,0,0,0.8108849794182115,0.14121597737716507,0.5855695199275361
bone,C_386,boneseg_ftclicks,points_bg,1,0,0.8253179070252241,0.19280296348562356,0.12273550724637705
bone,C_386,boneseg_ftclicks,boxes,1,0,0.8047456683598915,0.1312577392534937,0.6500226449275365
bone,C_386,boneseg_ftclicks,points_bg,2,0,0.8224420301605319,0.2930224150397686,-0.6153192934782608
bone,C_386,boneseg_ftclicks,boxes,2,0,0.8080164646236478,0.142450649119687,0.5379868659420293
bone,C_438,boneseg_learned,none,0,0,0.8300199639622117,0.290461185906617,-0.752462635869565
bone,C_438,boneseg_ftlayer,none,0,0,0.7341731530173262,0.2726969292389853,-1.8806895380434785
bone,C_438,boneseg_ftlearned,none,0,0,0.8307443774403014,0.3261834319526627,-0.47197690217391297
bone,C_438,boneseg_ftclicks,points_bg,0,0,0.6732874473751485,0.13219616204690832,-2.483101222826087
bone,C_438,boneseg_ftclicks,boxes,0,0,0.8000744099774074,0.3102189781021898,-0.7312047101449275
bone,C_438,boneseg_ftclicks,points_bg,1,0,0.8108545198124663,0.30452612393681655,-0.8337862318840581
bone,C_438,boneseg_ftclicks,boxes,1,0,0.8016478331421911,0.31300619342544067,-0.6420686141304345
bone,C_438,boneseg_ftclicks,points_bg,2,0,0.6932606273745553,0.15449392712550608,-2.3123584692028984
bone,C_438,boneseg_ftclicks,boxes,2,0,0.8012271541165903,0.3131137155527399,-0.6106487771739132
bone,C_489,boneseg_learned,none,0,0,0.8056771317725088,0.23027375201288244,-1.5644531249999996
bone,C_489,boneseg_ftlayer,none,0,0,0.6596696609105336,0.13683063511830634,-3.778702445652174
bone,C_489,boneseg_ftlearned,none,0,0,0.7727519788395649,0.27046979865771814,-2.366819519927536
bone,C_489,boneseg_ftclicks,points_bg,0,0,0.8059456780858653,0.264999334841027,-1.3494961503623184
bone,C_489,boneseg_ftclicks,boxes,0,0,0.7782600287489807,0.22055616139585604,-1.0321841032608692
bone,C_489,boneseg_ftclicks,points_bg,1,0,0.8208852420799057,0.2434102661117417,0.7973845108695656
bone,C_489,boneseg_ftclicks,boxes,1,0,0.7790367589488265,0.21858224363386097,-1.1304913949275366
bone,C_489,boneseg_ftclicks,points_bg,2,0,0.8217947320409182,0.25725190839694656,-0.4288666213768111
bone,C_489,boneseg_ftclicks,boxes,2,0,0.7734157374546222,0.21235628203352264,-1.2883831521739122
bone,C_541,boneseg_learned,none,0,0,0.8052031692303084,0.24425697598961713,-1.671422101449274
bone,C_541,boneseg_ftlayer,none,0,0,0.7413535957380208,0.17784125075165363,-2.955078124999999
bone,C_541,boneseg_ftlearned,none,0,0,0.8232533397720542,0.23780814576634512,-1.784929800724637
bone,C_541,boneseg_ftclicks,points_bg,0,0,0.8374760198706299,0.20179932525303013,2.257954030797102
bone,C_541,boneseg_ftclicks,boxes,0,0,0.7883064024761766,0.07233938205002452,4.1149796195652195
bone,C_541,boneseg_ftclicks,points_bg,1,0,0.8187676301634252,0.13409203364670955,3.037817028985508
bone,C_541,boneseg_ftclicks,boxes,1,0,0.7886972359697957,0.06878371750858264,4.096580615942029
bone,C_541,boneseg_ftclicks,points_bg,2,0,0.8500255330509435,0.24230475705927246,1.4458503170289863
bone,C_541,boneseg_ftclicks,boxes,2,0,0.7931577087003931,0.0718865598027127,3.9502094655797113
bone,D_48,boneseg_learned,none,0,0,0.7756779543316112,0.15432698985970272,1.439604724083772
bone,D_48,boneseg_ftlayer,none,0,0,0.8593206612357677,0.2597614768828623,0.335045524919933
bone,D_48,boneseg_ftlearned,none,0,0,0.8640590047693412,0.27878506121183944,0.6046290655234661
bone,D_48,boneseg_ftclicks,points_bg,0,0,0.846802385358832,0.27894918769443483,-0.8568186772341869
bone,D_48,boneseg_ftclicks,boxes,0,0,0.7754767150686745,0.17709648331830477,-0.030081659801132338
bone,D_48,boneseg_ftclicks,points_bg,1,0,0.8710071307127588,0.32360876897133223,-0.3311441873983446
bone,D_48,boneseg_ftclicks,boxes,1,0,0.7805747585088884,0.19759727452035145,-0.156422395242381
bone,D_48,boneseg_ftclicks,points_bg,2,0,0.8766472931058003,0.34190746617671625,0.007981532923823087
bone,D_48,boneseg_ftclicks,boxes,2,0,0.7815453590064191,0.21559468199784404,-0.2355446501931112
bone,D_72,boneseg_learned,none,0,0,0.8129017700528858,0.26500177535803054,0.7460832918792931
bone,D_72,boneseg_ftlayer,none,0,0,0.8301011182049673,0.2984746259900264,-0.7119885083811686
bone,D_72,boneseg_ftlearned,none,0,0,0.8413965167047835,0.26592224979321755,-0.24689094699658493
bone,D_72,boneseg_ftclicks,points_bg,0,0,0.8289762477145671,0.19167579408543264,0.9589353484654548
bone,D_72,boneseg_ftclicks,boxes,0,0,0.7499770206657553,0.20947434686811459,-1.3963658314376266
bone,D_72,boneseg_ftclicks,points_bg,1,0,0.8185251688387265,0.27685589519650655,-1.1490277397394264
bone,D_72,boneseg_ftclicks,boxes,1,0,0.7543217306826528,0.1967570938571874,-1.0339885866314915
bone,D_72,boneseg_ftclicks,points_bg,2,0,0.8414687836307985,0.23518597086692122,-0.031165985702548415
bone,D_72,boneseg_ftclicks,boxes,2,0,0.7553464418409597,0.19703125,-1.0463186017785182
bone,D_104,boneseg_learned,none,0,0,0.7361685250318042,0.19075781876503609,0.8995657107085566
bone,D_104,boneseg_ftlayer,none,0,0,0.784959016227877,0.2524741081703107,-0.20281365803491158
bone,D_104,boneseg_ftlearned,none,0,0,0.7888277429724347,0.25444107452339687,0.4001945079452021
bone,D_104,boneseg_ftclicks,points_bg,0,0,0.7675785138642507,0.2521476665892733,-1.5739717069190058
bone,D_104,boneseg_ftclicks,boxes,0,0,0.6883857103342624,0.16565916398713826,-0.9038247639914377
bone,D_104,boneseg_ftclicks,points_bg,1,0,0.775690023376329,0.2704700311814297,-1.3134540251407119
bone,D_104,boneseg_ftclicks,boxes,1,0,0.6920132891291023,0.1675703588949135,-1.1985713726783414
bone,D_104,boneseg_ftclicks,points_bg,2,0,0.768494168762863,0.257040213234442,-1.5240927154538806
bone,D_104,boneseg_ftclicks,boxes,2,0,0.6237796157608861,0.16204142412346012,-3.400323062046917
bone,D_168,boneseg_learned,none,0,0,0.8361028937489979,0.2822954620735343,0.056340232403459534
bone,D_168,boneseg_ftlayer,none,0,0,0.8429212933693777,0.3285620731593227,-0.3341624141342439
bone,D_168,boneseg_ftlearned,none,0,0,0.8449999876491062,0.31591748491126925,-0.10863380525730354
bone,D_168,boneseg_ftclicks,points_bg,0,0,0.8446209747042398,0.3299449780844913,-0.5358917462677387
bone,D_168,boneseg_ftclicks,boxes,0,0,0.803570986040636,0.16215440543384674,0.284059850318312
bone,D_168,boneseg_ftclicks,points_bg,1,0,0.8414253156295625,0.3510269155022039,-1.013677038560641
bone,D_168,boneseg_ftclicks,boxes,1,0,0.792907424954529,0.12570553907969004,0.7009775701039056
bone,D_168,boneseg_ftclicks,points_bg,2,0,0.7921883116421055,0.24254625635126068,-2.5007014582506577
bone,D_168,boneseg_ftclicks,boxes,2,0,0.8028142082785211,0.16730621642363777,0.2635918016018965
bone,D_200,boneseg_learned,none,0,0,0.8364881575192619,0.2378482972136223,1.2036241078065877
bone,D_200,boneseg_ftlayer,none,0,0,0.8459264184660322,0.27235389749294087,-0.4158445725017182
bone,D_200,boneseg_ftlearned,none,0,0,0.8646263405633292,0.29880962021216295,0.23848462660622793
bone,D_200,boneseg_ftclicks,points_bg,0,0,0.8272231012709343,0.24178016830051186,-1.9431902656598457
bone,D_200,boneseg_ftclicks,boxes,0,0,0.8419569782721565,0.2573989514628784,0.9505402066926392
bone,D_200,boneseg_ftclicks,points_bg,1,0,0.8586975919722394,0.28655070004242683,-0.6412613952032548
bone,D_200,boneseg_ftclicks,boxes,1,0,0.8187700824918822,0.1735817104149026,1.85146970874112
bone,D_200,boneseg_ftclicks,points_bg,2,0,0.8635438367710437,0.3077691731201599,0.43683801624253144
bone,D_200,boneseg_ftclicks,boxes,2,0,0.821606800050964,0.18557749343275995,1.6365048934398287
bone,D_232,boneseg_learned,none,0,0,0.8219593077309345,0.24860099655040246,1.614225908681874
bone,D_232,boneseg_ftlayer,none,0,0,0.8346568934265794,0.2799034815580834,-0.08285591320921354
bone,D_232,boneseg_ftlearned,none,0,0,0.8520304108740496,0.33566263102299504,0.5076433797432278
bone,D_232,boneseg_ftclicks,points_bg,0,0,0.84143001306354,0.31515568553242734,-0.6430499740097142
bone,D_232,boneseg_ftclicks,boxes,0,0,0.8225681115851086,0.19602626984786764,2.4098863693527024
bone,D_232,boneseg_ftclicks,points_bg,1,0,0.8488162504809932,0.3257498295841854,0.1453220280247941
bone,D_232,boneseg_ftclicks,boxes,1,0,0.8112581922609655,0.16232217745251212,2.9278587917032306
bone,D_232,boneseg_ftclicks,points_bg,2,0,0.809434414567553,0.17443584253006095,2.9223589118733684
bone,D_232,boneseg_ftclicks,boxes,2,0,0.8135266324994475,0.16852909527357007,2.8236070045217514
bone,D_264,boneseg_learned,none,0,0,0.7602784153138497,0.23562746998732384,2.6237892159876597
bone,D_264,boneseg_ftlayer,none,0,0,0.7742930441912573,0.2654565557910255,-0.417834366423904
bone,D_264,boneseg_ftlearned,none,0,0,0.7854862040296103,0.2867500597561947,0.7872764975155531
bone,D_264,boneseg_ftclicks,points_bg,0,0,0.7719724041946993,0.2816593886462882,-1.6720976116883626
bone,D_264,boneseg_ftclicks,boxes,0,0,0.7161732273988944,0.17327662941351005,-0.25840492306316437
bone,D_264,boneseg_ftclicks,points_bg,1,0,0.768606667320967,0.20567056705670567,1.4428577017880195
bone,D_264,boneseg_ftclicks,boxes,1,0,0.7186027871134673,0.1924535835496107,-0.6566208157037221
bone,D_264,boneseg_ftclicks,points_bg,2,0,0.6873277101247437,0.08685132654763891,6.376294623643895
bone,D_264,boneseg_ftclicks,boxes,2,0,0.7172351872868644,0.21260630315157578,-0.9406806660220326
bone,D_328,boneseg_learned,none,0,0,0.664578567891092,0.1662447885646218,-1.7188577688597246
bone,D_328,boneseg_ftlayer,none,0,0,0.6033338481177462,0.17645954571053127,-4.810796308820488
bone,D_328,boneseg_ftlearned,none,0,0,0.6933279628130273,0.21726932668329177,-2.760660209151934
bone,D_328,boneseg_ftclicks,points_bg,0,0,0.6507737826136621,0.05830184314027917,5.826832035682148
bone,D_328,boneseg_ftclicks,boxes,0,0,0.6563607516648711,0.054285489826380706,5.914125860054888
bone,D_328,boneseg_ftclicks,points_bg,1,0,0.6666130277330997,0.06324811585636175,7.488801819878936
bone,D_328,boneseg_ftclicks,boxes,1,0,0.638599833399732,0.04896710022953328,8.899520996238396
bone,D_328,boneseg_ftclicks,points_bg,2,0,0.6520438586685906,0.057501347086444464,5.53559551290292
bone,D_328,boneseg_ftclicks,boxes,2,0,0.654540162434393,0.04937984496124031,7.837116363819287
bone,D_360,boneseg_learned,none,0,0,0.7465987118779971,0.18564784053156147,0.05325493396231701
bone,D_360,boneseg_ftlayer,none,0,0,0.7513907518150794,0.2598451986050863,-2.8204546343753676
bone,D_360,boneseg_ftlearned,none,0,0,0.7771862870767935,0.28566108007448787,-1.519017623090553
bone,D_360,boneseg_ftclicks,points_bg,0,0,0.7666481687014428,0.15131827453350458,2.861569589688842
bone,D_360,boneseg_ftclicks,boxes,0,0,0.74258657337129,0.08641605511457241,5.281103105978882
bone,D_360,boneseg_ftclicks,points_bg,1,0,0.7722597923987121,0.17566738263270942,1.9391883205803928
bone,D_360,boneseg_ftclicks,boxes,1,0,0.7319536441504916,0.07962253022707166,5.769776371756105
bone,D_360,boneseg_ftclicks,points_bg,2,0,0.7588085400847159,0.1267005531469577,3.857696198711105
bone,D_360,boneseg_ftclicks,boxes,2,0,0.7084308617356306,0.09120194716873076,7.946677994332441
bone,D_392,boneseg_learned,none,0,0,0.6998753164114774,0.19156579461147988,-1.5473218827027666
bone,D_392,boneseg_ftlayer,none,0,0,0.6834535132345352,0.18519953506392872,-3.025895267532265
bone,D_392,boneseg_ftlearned,none,0,0,0.7484226350205732,0.22909961211521004,-1.4411250160692626
bone,D_392,boneseg_ftclicks,points_bg,0,0,0.7223432054163581,0.2153263954588458,-2.833969582981673
bone,D_392,boneseg_ftclicks,boxes,0,0,0.7363243328769795,0.18491680085882983,0.3229837965938745
bone,D_392,boneseg_ftclicks,points_bg,1,0,0.6873163523630934,0.22431906614785993,-3.677586312900684
bone,D_392,boneseg_ftclicks,boxes,1,0,0.7362658834441181,0.18279472007282657,-0.10883502037303122
bone,D_392,boneseg_ftclicks,points_bg,2,0,0.6681608778922304,0.09212403333583602,7.727711233951698
bone,D_392,boneseg_ftclicks,boxes,2,0,0.7368641370973598,0.18086736993959066,0.13180707941848752
bone,E_48,boneseg_learned,none,0,0,0.905612404068135,0.2097735399284863,1.848832245634141
bone,E_48,boneseg_ftlayer,none,0,0,0.9074342858038528,0.2106841879731467,1.5517499971157034
bone,E_48,boneseg_ftlearned,none,0,0,0.9011717082028823,0.2057886351566649,2.5825004134154286
bone,E_48,boneseg_ftclicks,points_bg,0,0,0.8880768144917349,0.13088162456661714,6.960185210111181
bone,E_48,boneseg_ftclicks,boxes,0,0,0.8824471262292941,0.1241179435483871,5.724073084155995
bone,E_48,boneseg_ftclicks,points_bg,1,0,0.8758028703412252,0.13224616117128912,8.021412996242727
bone,E_48,boneseg_ftclicks,boxes,1,0,0.8868377614337795,0.14285714285714285,5.273546412130953
bone,E_48,boneseg_ftclicks,points_bg,2,0,0.8774190009930027,0.10311545510079413,6.825969411104143
bone,E_48,boneseg_ftclicks,boxes,2,0,0.8840949402023919,0.1286095916550057,5.53063312169027
bone,E_88,boneseg_learned,none,0,0,0.9239659826340824,0.2016179215930305,2.669221509908515
bone,E_88,boneseg_ftlayer,none,0,0,0.927817273800278,0.2604908946951702,-0.2248787635225291
bone,E_88,boneseg_ftlearned,none,0,0,0.9279840747749006,0.23446993180409176,0.7954881955474224
bone,E_88,boneseg_ftclicks,points_bg,0,0,0.9280401767450754,0.22789882294014524,1.568190471062847
bone,E_88,boneseg_ftclicks,boxes,0,0,0.9093158725242961,0.16037977931742367,5.424394971330121
bone,E_88,boneseg_ftclicks,points_bg,1,0,0.9230487024701427,0.18635902636916835,3.6503620749993306
bone,E_88,boneseg_ftclicks,boxes,1,0,0.9111731231893279,0.16406449961607372,5.209418949424877
bone,E_88,boneseg_ftclicks,points_bg,2,0,0.9279889668458094,0.2238712111684065,1.7168277384445596
bone,E_88,boneseg_ftclicks,boxes,2,0,0.8960919314499592,0.10139949109414759,6.811355656484469
bone,E_128,boneseg_learned,none,0,0,0.8816681126683271,0.19909216996595638,-0.819812405539383
bone,E_128,boneseg_ftlayer,none,0,0,0.899172950620287,0.14037433155080214,0.015575185844651784
bone,E_128,boneseg_ftlearned,none,0,0,0.9033797875303985,0.1887524240465417,0.5028285306638847
bone,E_128,boneseg_ftclicks,points_bg,0,0,0.7810130470631982,0.04970513900589722,-8.948521126489739
bone,E_128,boneseg_ftclicks,boxes,0,0,0.8998960571515887,0.16316472114137484,0.3896680754838844
bone,E_128,boneseg_ftclicks,points_bg,1,0,0.8249739346480623,0.19742016674532012,-7.235346826700101
bone,E_128,boneseg_ftclicks,boxes,1,0,0.8974874977859681,0.16226366226366226,0.4480269508400969
bone,E_128,boneseg_ftclicks,points_bg,2,0,0.8318097031340735,0.19841873194465562,-6.867503240023229
bone,E_128,boneseg_ftclicks,boxes,2,0,0.8986909058946495,0.1582108626198083,-0.26025943260175044
bone,E_168,boneseg_learned,none,0,0,0.884447891465151,0.16809500489715964,2.5438508781712805
bone,E_168,boneseg_ftlayer,none,0,0,0.9235211603891841,0.30360960885423216,-0.32727118898276675
bone,E_168,boneseg_ftlearned,none,0,0,0.9154654782980282,0.27306011574347466,0.3892835029938979
bone,E_168,boneseg_ftclicks,points_bg,0,0,0.7665633691502818,0.00574300071787509,11.865695749320269
bone,E_168,boneseg_ftclicks,boxes,0,0,0.7127819654609889,0.008217220435869954,15.708632498682842
bone,E_168,boneseg_ftclicks,points_bg,1,0,0.7885134767008352,0.016418983700862897,10.426529348649574
bone,E_168,boneseg_ftclicks,boxes,1,0,0.6358093995596896,0.0,22.32981705886651
bone,E_168,boneseg_ftclicks,points_bg,2,0,0.7697288716213393,0.005653044399952891,11.646585573147613
bone,E_168,boneseg_ftclicks,boxes,2,0,0.613299170068624,0.0,24.580239127174277
bone,E_208,boneseg_learned,none,0,0,0.906195639188445,0.2931274522212378,0.11450645889496958
bone,E_208,boneseg_ftlayer,none,0,0,0.910705369474382,0.31400535236396077,0.04528341069650055
bone,E_208,boneseg_ftlearned,none,0,0,0.9123208181321996,0.334773736646261,0.5872421922170218
bone,E_208,boneseg_ftclicks,points_bg,0,0,0.8859337810268616,0.26649857487393114,3.31174599756181
bone,E_208,boneseg_ftclicks,boxes,0,0,0.8277158514945638,0.08344579397210976,6.346407516084746
bone,E_208,boneseg_ftclicks,points_bg,1,0,0.887724426891412,0.2658985153999557,3.098596694984021
bone,E_208,boneseg_ftclicks,boxes,1,0,0.8392754170726372,0.08891928864569083,5.7999300078068226
bone,E_208,boneseg_ftclicks,points_bg,2,0,0.8755696892698847,0.23353036002149383,3.972729964734703
bone,E_208,boneseg_ftclicks,boxes,2,0,0.8503203173435082,0.10443864229765012,5.26787396790358
bone,E_257,boneseg_learned,none,0,0,0.8159029713021759,0.19297475301866082,-0.20295813159301457
bone,E_257,boneseg_ftlayer,none,0,0,0.8492533107917724,0.22909520993494972,-0.48292690430682683
bone,E_257,boneseg_ftlearned,none,0,0,0.8623366631350587,0.24846316175795943,1.6869272273477205
bone,E_257,boneseg_ftclicks,points_bg,0,0,0.8252957738260223,0.242000349711488,4.149056451395808
bone,E_257,boneseg_ftclicks,boxes,0,0,0.7629314366880592,0.19701599856192703,8.288883163031818
bone,E_257,boneseg_ftclicks,points_bg,1,0,0.8149962472140577,0.22893868334201842,4.757546273684859
bone,E_257,boneseg_ftclicks,boxes,1,0,0.826946720134205,0.2415907823824568,4.666210307311877
bone,E_257,boneseg_ftclicks,points_bg,2,0,0.8684753056990813,0.29869036482694106,1.0427683066119575
bone,E_257,boneseg_ftclicks,boxes,2,0,0.7314370133206846,0.12987244670412987,10.113679628041488
bone,E_297,boneseg_learned,none,0,0,0.7616351332688855,0.228944618599791,-2.692776574920491
bone,E_297,boneseg_ftlayer,none,0,0,0.7896275842537525,0.24122236671001301,-3.3811613320052767
bone,E_297,boneseg_ftlearned,none,0,0,0.8107344074330335,0.25840574234983,-1.3592714658749616
bone,E_297,boneseg_ftclicks,points_bg,0,0,0.8276864431693934,0.2654833836858006,-1.43397467205581
bone,E_297,boneseg_ftclicks,boxes,0,0,0.8210921305472757,0.26429734648912734,1.231304969830288
bone,E_297,boneseg_ftclicks,points_bg,1,0,0.8338974102740565,0.26582867783985104,0.05489772294628714
bone,E_297,boneseg_ftclicks,boxes,1,0,0.8287649648519038,0.2478134110787172,0.2742963284864369
bone,E_297,boneseg_ftclicks,points_bg,2,0,0.8229391619222127,0.2317715305667113,4.720242742155681
bone,E_297,boneseg_ftclicks,boxes,2,0,0.8245719132379196,0.21897533206831118,1.879598044833461
bone,E_337,boneseg_learned,none,0,0,0.65836828077024,0.16604378003203418,-0.32755961835026076
bone,E_337,boneseg_ftlayer,none,0,0,0.7466055960401485,0.2679355783308931,1.1631394959792942
bone,E_337,boneseg_ftlearned,none,0,0,0.7230567975476893,0.2538808664259928,3.4079852631821836
bone,E_337,boneseg_ftclicks,points_bg,0,0,0.7800307165114565,0.2769355164746311,0.44687323337012363
bone,E_337,boneseg_ftclicks,boxes,0,0,0.8595811939020137,0.3713545771872537,0.5636871272050425
bone,E_337,boneseg_ftclicks,points_bg,1,0,0.8015765007731293,0.29362174154187465,-1.5024285752742963
bone,E_337,boneseg_ftclicks,boxes,1,0,0.8499248094382468,0.35195592286501376,1.0997811782531952
bone,E_337,boneseg_ftclicks,points_bg,2,0,0.7631377162484375,0.22634271099744246,-2.9065988793557636
bone,E_337,boneseg_ftclicks,boxes,2,0,0.8477252640882118,0.3131941359395824,1.6317410750339392
bone,E_377,boneseg_learned,none,0,0,0.6708162399207809,0.14182625589786288,-3.5519115175615026
bone,E_377,boneseg_ftlayer,none,0,0,0.713066236044213,0.21062106210621062,-2.597306454280099
bone,E_377,boneseg_ftlearned,none,0,0,0.7556891935745579,0.25148376585592924,-0.9022070615200606
bone,E_377,boneseg_ftclicks,points_bg,0,0,0.8007583521213364,0.29286669097095636,-1.0998773213756932
bone,E_377,boneseg_ftclicks,boxes,0,0,0.8023194610148081,0.32187576724772893,2.0559245314945644
bone,E_377,boneseg_ftclicks,points_bg,1,0,0.81182192995211,0.3304368248003758,0.6342561791184822
bone,E_377,boneseg_ftclicks,boxes,1,0,0.8356382327744463,0.36782056268637364,-0.22353275980755982
bone,E_377,boneseg_ftclicks,points_bg,2,0,0.8116290952550035,0.34113381674357285,2.339931315353287
bone,E_377,boneseg_ftclicks,boxes,2,0,0.8200109492849031,0.35568224067418514,1.3862876832968634
bone,E_417,boneseg_learned,none,0,0,0.6324742086132057,0.1840449438202247,-0.876344561568132
bone,E_417,boneseg_ftlayer,none,0,0,0.6807972792057143,0.10641764853346704,-2.2712851258898032
bone,E_417,boneseg_ftlearned,none,0,0,0.655672585013542,0.159071459135644,-3.0315849386030007
bone,E_417,boneseg_ftclicks,points_bg,0,0,0.7398673595202687,0.25155432744498174,2.597883313015087
bone,E_417,boneseg_ftclicks,boxes,0,0,0.7331910733483389,0.21464806594800254,4.205780893669553
bone,E_417,boneseg_ftclicks,points_bg,1,0,0.7218074865974266,0.254626615828141,5.217398828592196
bone,E_417,boneseg_ftclicks,boxes,1,0,0.7581950642712744,0.26965532777652623,-0.18959423756580995
bone,E_417,boneseg_ftclicks,points_bg,2,0,0.7449807946265175,0.24975993854426734,3.289248506897308
bone,E_417,boneseg_ftclicks,boxes,2,0,0.7640716738773304,0.23547966064824885,1.1159332228328378
bone,F_29,boneseg_learned,none,0,0,0.8070295443792717,0.22259306803594353,1.1288275584206282
bone,F_29,boneseg_ftlayer,none,0,0,0.8520075844563355,0.30685154975530177,-0.02058152027934468
bone,F_29,boneseg_ftlearned,none,0,0,0.8739945860082879,0.3172585123483852,0.7483883964544719
bone,F_29,boneseg_ftclicks,points_bg,0,0,0.867984667846634,0.28439821693907874,1.5553988718775182
bone,F_29,boneseg_ftclicks,boxes,0,0,0.7753827732239235,0.12293144208037825,2.5256177813591183
bone,F_29,boneseg_ftclicks,points_bg,1,0,0.8544423440453687,0.23604513064133018,2.143298415256514
bone,F_29,boneseg_ftclicks,boxes,1,0,0.7793630645515852,0.12488755622188906,2.3973945742680636
bone,F_29,boneseg_ftclicks,points_bg,2,0,0.871414428189374,0.30228392297357815,1.3986368520010741
bone,F_29,boneseg_ftclicks,boxes,2,0,0.7676515119945548,0.11061419200954084,2.7953263497179694
bone,F_53,boneseg_learned,none,0,0,0.834786196441165,0.22617935544138254,1.7160556003223206
bone,F_53,boneseg_ftlayer,none,0,0,0.8725015261262098,0.3584040038926734,-0.4688423314531287
bone,F_53,boneseg_ftlearned,none,0,0,0.8967065996381556,0.3523614488672725,0.3365229653505247
bone,F_53,boneseg_ftclicks,points_bg,0,0,0.8629583587564991,0.222011385199241,2.7868318560300835
bone,F_53,boneseg_ftclicks,boxes,0,0,0.8728411839675397,0.24148483235763704,1.3747649744829449
bone,F_53,boneseg_ftclicks,points_bg,1,0,0.9011683505883331,0.35387209754832016,0.9088436744560848
bone,F_53,boneseg_ftclicks,boxes,1,0,0.8833977646106898,0.3056798156432154,0.5140679559495029
bone,F_53,boneseg_ftclicks,points_bg,2,0,0.9018015193048826,0.37542439279185164,0.6365834004834814
bone,F_53,boneseg_ftclicks,boxes,2,0,0.8842503243768098,0.3359763472651525,0.25782299221058375
bone,F_77,boneseg_learned,none,0,0,0.8583120042974057,0.25525310410697233,0.9755573462261622
bone,F_77,boneseg_ftlayer,none,0,0,0.8821317407171969,0.3474898236092266,-0.8915189363416592
bone,F_77,boneseg_ftlearned,none,0,0,0.9085571768861009,0.40234765234765235,0.10616438356164382
bone,F_77,boneseg_ftclicks,points_bg,0,0,0.9041686526616824,0.4148527528809219,-0.3405519742143426
bone,F_77,boneseg_ftclicks,boxes,0,0,0.8494149313459505,0.14774417451660882,3.2501678753693266
bone,F_77,boneseg_ftclicks,points_bg,1,0,0.900960077683284,0.3724303190818514,1.1618990061778134
bone,F_77,boneseg_ftclicks,boxes,1,0,0.8527998096333004,0.1500931098696462,3.146555197421434
bone,F_77,boneseg_ftclicks,points_bg,2,0,0.9077440494511132,0.3923841059602649,0.6689497716894977
bone,F_77,boneseg_ftclicks,boxes,2,0,0.8507828663015053,0.1453171456888008,3.207527531560571
bone,F_100,boneseg_learned,none,0,0,0.8578985728728281,0.2768502694886289,0.5030217566478645
bone,F_100,boneseg_ftlayer,none,0,0,0.8555779664124772,0.32191675625863925,-1.0693325275315608
bone,F_100,boneseg_ftlearned,none,0,0,0.8690238287837734,0.3539969625845644,-0.4876779478914864
bone,F_100,boneseg_ftclicks,points_bg,0,0,0.8604258921182795,0.3882177479492916,-0.6884568896051574
bone,F_100,boneseg_ftclicks,boxes,0,0,0.8394604100630785,0.17266283268690652,2.4963738920225618
bone,F_100,boneseg_ftclicks,points_bg,1,0,0.863068870808934,0.4009747452370403,-0.4361066344345965
bone,F_100,boneseg_ftclicks,boxes,1,0,0.8396636757453041,0.18607442977190877,2.393936341659951
bone,F_100,boneseg_ftclicks,points_bg,2,0,0.863511145531824,0.40320918592668925,-0.28965216223475754
bone,F_100,boneseg_ftclicks,boxes,2,0,0.8380146317956806,0.17238616637735346,2.526893634165994
bone,F_124,boneseg_learned,none,0,0,0.8277180000848225,0.24943685238023727,-0.3417606768734899
bone,F_124,boneseg_ftlayer,none,0,0,0.8788323784017881,0.36807345360824745,-0.310300832661832
bone,F_124,boneseg_ftlearned,none,0,0,0.8982195433112737,0.4232722795136217,-0.03575745366639904
bone,F_124,boneseg_ftclicks,points_bg,0,0,0.8615373868936317,0.3991228070175439,-1.3027128659683056
bone,F_124,boneseg_ftclicks,boxes,0,0,0.8937279169188124,0.41984853266014516,-0.040290088638195165
bone,F_124,boneseg_ftclicks,points_bg,1,0,0.8528026801839899,0.38170191834727,-1.4932178350792378
bone,F_124,boneseg_ftclicks,boxes,1,0,0.8863703975191644,0.3602698885924996,0.30771555197421363
bone,F_124,boneseg_ftclicks,points_bg,2,0,0.8894219512073612,0.45353278166772754,-0.32104485629868423
bone,F_124,boneseg_ftclicks,boxes,2,0,0.8729171821613397,0.4379763256040214,-1.0449234488315875
bone,F_154,boneseg_learned,none,0,0,0.8370418039538715,0.27666503826738315,0.6019339242546329
bone,F_154,boneseg_ftlayer,none,0,0,0.8410978168973622,0.3019234162696312,-0.16999059897931726
bone,F_154,boneseg_ftlearned,none,0,0,0.8517737907582225,0.36948237535725625,0.8284649476228854
bone,F_154,boneseg_ftclicks,points_bg,0,0,0.8523076389009425,0.3484614062231391,-0.835146387322052
bone,F_154,boneseg_ftclicks,boxes,0,0,0.8660062141102598,0.360157184349906,-0.05754767660488824
bone,F_154,boneseg_ftclicks,points_bg,1,0,0.8626642346878053,0.36896145430062277,-0.3107373086220791
bone,F_154,boneseg_ftclicks,boxes,1,0,0.8511851818350846,0.28595572080446174,0.9215014773032506
bone,F_154,boneseg_ftclicks,points_bg,2,0,0.8621276865797936,0.3698630136986301,0.2559763631479986
bone,F_154,boneseg_ftclicks,boxes,2,0,0.8576512364143343,0.3071344240175409,0.6352739726027401
bone,F_178,boneseg_learned,none,0,0,0.8078966436859022,0.23826591568527053,-0.4367781359118993
bone,F_178,boneseg_ftlayer,none,0,0,0.7741455082577061,0.23060470542484932,-0.5566747246843945
bone,F_178,boneseg_ftlearned,none,0,0,0.8472669476884804,0.31063900970224156,0.5428753693258119
bone,F_178,boneseg_ftclicks,points_bg,0,0,0.8327782738876924,0.2718901724426586,1.17962664517862
bone,F_178,boneseg_ftclicks,boxes,0,0,0.8077941777717208,0.2443937666286583,-0.271017996239592
bone,F_178,boneseg_ftclicks,points_bg,1,0,0.8187056603392773,0.20812603648424544,1.7044721998388392
bone,F_178,boneseg_ftclicks,boxes,1,0,0.7697276949375131,0.10933480338110989,1.02581923180231
bone,F_178,boneseg_ftclicks,points_bg,2,0,0.8312506195964666,0.26587764627437904,1.2660488853075476
bone,F_178,boneseg_ftclicks,boxes,2,0,0.7602769747758842,0.08812751923781605,1.2650416330915923
bone,F_202,boneseg_learned,none,0,0,0.7970547759779814,0.22931403191314362,-0.7441579371474618
bone,F_202,boneseg_ftlayer,none,0,0,0.7512669786393451,0.19561052081518898,-0.7184730056406123
bone,F_202,boneseg_ftlearned,none,0,0,0.806838331058074,0.24685336689741977,0.18808756379264102
bone,F_202,boneseg_ftclicks,points_bg,0,0,0.7995583105378071,0.18405003909304143,0.7285119527262962
bone,F_202,boneseg_ftclicks,boxes,0,0,0.7502895921521199,0.1397868250917351,-0.1577021219446681
bone,F_202,boneseg_ftclicks,points_bg,1,0,0.7847998507044882,0.15934984049825307,1.7428149341928558
bone,F_202,boneseg_ftclicks,boxes,1,0,0.7458374978029964,0.12993564098104018,0.14870400214880425
bone,F_202,boneseg_ftclicks,points_bg,2,0,0.7984838560627986,0.19702954653183757,0.5748724147193129
bone,F_202,boneseg_ftclicks,boxes,2,0,0.7475404508834879,0.14094196507320514,-0.251712328767123
bone,F_225,boneseg_learned,none,0,0,0.7999782813783181,0.24018413214189005,0.43845688960515716
bone,F_225,boneseg_ftlayer,none,0,0,0.8252706493431956,0.29698750918442324,-0.3625100725221597
bone,F_225,boneseg_ftlearned,none,0,0,0.8360799001248439,0.29426129426129427,0.12026591458501185
bone,F_225,boneseg_ftclicks,points_bg,0,0,0.8459408721958862,0.32075734372824727,0.5136986301369856
bone,F_225,boneseg_ftclicks,boxes,0,0,0.815501602326963,0.27250573394495414,0.7997918345420352
bone,F_225,boneseg_ftclicks,points_bg,1,0,0.8171692135180431,0.21476873140384095,2.2456016653236626
bone,F_225,boneseg_ftclicks,boxes,1,0,0.8164525353239371,0.26925835604647824,0.7912973408541496
bone,F_225,boneseg_ftclicks,points_bg,2,0,0.8428458954098951,0.30056450502547155,1.0777262959978509
bone,F_225,boneseg_ftclicks,boxes,2,0,0.8165520905981203,0.2680235058047872,0.7623892022562445
bone,F_249,boneseg_learned,none,0,0,0.7650189577784968,0.25302616165560327,0.7643029814665581
bone,F_249,boneseg_ftlayer,none,0,0,0.7388890084068966,0.2362434675683984,-1.3770145044319102
bone,F_249,boneseg_ftlearned,none,0,0,0.8005946344611413,0.2937517279513409,-0.855492882084341
bone,F_249,boneseg_ftclicks,points_bg,0,0,0.436297493088314,0.0009691800736576856,19.759031694869726
bone,F_249,boneseg_ftclicks,boxes,0,0,0.8008320392192686,0.20362545999727408,2.219178082191781
bone,F_249,boneseg_ftclicks,points_bg,1,0,0.5916872381031407,0.01760784806942523,10.47327424120333
bone,F_249,boneseg_ftclicks,boxes,1,0,0.8074781931043529,0.20635138850701126,1.982742412033306
bone,F_249,boneseg_ftclicks,points_bg,2,0,0.4644221997834227,0.00020393596410727031,17.628458232608107
bone,F_249,boneseg_ftclicks,boxes,2,0,0.799971077037832,0.19847119847119848,2.221796937953263
osteoclasts,m1_img_5_0_8,boneseg_learned,none,0,0,0.6400465488399156,0.2362012987012987,0.6467559633875739
osteoclasts,m1_img_5_0_8,boneseg_ftlayer,none,0,0,0.6963574915508824,0.041025641025641026,0.5840594951923077
osteoclasts,m1_img_5_0_8,boneseg_ftlearned,none,0,0,0.6903432357977812,0.0437636761487965,0.6008170765532544
osteoclasts,m1_img_5_0_8,boneseg_ftclicks,points_bg,0,0,0.8350655219159512,0.29984051036682613,0.25902020155325445
osteoclasts,m1_img_5_0_8,boneseg_ftclicks,boxes,0,0,0.8466806684321067,0.05017921146953405,0.24255154400887577
osteoclasts,m1_img_5_0_8,boneseg_ftclicks,points_bg,1,0,0.8323428777237529,0.2920634920634921,0.26494313979289935
osteoclasts,m1_img_5_0_8,boneseg_ftclicks,boxes,1,0,0.8398550724637681,0.007142857142857143,0.2554086538461539
osteoclasts,m1_img_5_0_8,boneseg_ftclicks,points_bg,2,0,0.8309517390132111,0.2802547770700637,0.267976839866864
osteoclasts,m1_img_5_0_8,boneseg_ftclicks,boxes,2,0,0.8320918962577403,0.028622540250447227,0.27028823039940825
osteoclasts,m1_img_5_16_5,boneseg_learned,none,0,0,0.7409239723535831,0.25042158516020235,-0.21452593380177526
osteoclasts,m1_img_5_16_5,boneseg_ftlayer,none,0,0,0.8744431197841501,0.4003606853020739,0.10213456915680474
osteoclasts,m1_img_5_16_5,boneseg_ftlearned,none,0,0,0.9136386261821802,0.6490008688097306,0.12163692677514791
osteoclasts,m1_img_5_16_5,boneseg_ftclicks,points_bg,0,0,0.9106965008963548,0.648217636022514,-0.0244140625
osteoclasts,m1_img_5_16_5,boneseg_ftclicks,boxes,0,0,0.8990266913477041,0.545863309352518,0.21914871486686388
osteoclasts,m1_img_5_16_5,boneseg_ftclicks,points_bg,1,0,0.9114710743801653,0.6495327102803738,-0.015168500369822611
osteoclasts,m1_img_5_16_5,boneseg_ftclicks,boxes,1,0,0.8961116412213741,0.5058505850585059,0.22218241494082833
osteoclasts,m1_img_5_16_5,boneseg_ftclicks,points_bg,2,0,0.9156343721476072,0.6576744186046511,0.015601886094674527
osteoclasts,m1_img_5_16_5,boneseg_ftclicks,boxes,2,0,0.8973502029123895,0.5369369369369369,0.22044887204141997
osteoclasts,m1_img_15_2_6,boneseg_learned,none,0,0,0.5635053619302949,0.19923076923076924,0.45361039201183423
osteoclasts,m1_img_15_2_6,boneseg_ftlayer,none,0,0,0.9035522066738428,0.5160796324655437,0.0713641826923077
osteoclasts,m1_img_15_2_6,boneseg_ftlearned,none,0,0,0.9074811863656486,0.5631067961165048,0.03467085798816569
osteoclasts,m1_img_15_2_6,boneseg_ftclicks,points_bg,0,0,0.9313841075218109,0.7459807073954984,-0.04536103920118346
osteoclasts,m1_img_15_2_6,boneseg_ftclicks,boxes,0,0,0.9274393530997305,0.62,0.06919725406804733
osteoclasts,m1_img_15_2_6,boneseg_ftclicks,points_bg,1,0,0.9347698793769762,0.7859424920127795,-0.037126710428994104
osteoclasts,m1_img_15_2_6,boneseg_ftclicks,boxes,1,0,0.9181236673773987,0.5883256528417818,0.08436575443786978
osteoclasts,m1_img_15_2_6,boneseg_ftclicks,points_bg,2,0,0.9317486467404095,0.750402576489533,-0.04304964866863907
osteoclasts,m1_img_15_2_6,boneseg_ftclicks,boxes,2,0,0.9267399267399268,0.6107692307692307,0.07020848742603546
osteoclasts,m1_img_3_12_12,boneseg_learned,none,0,0,0.05200739854205201,0.07368421052631578,1.037669887204142
osteoclasts,m1_img_3_12_12,boneseg_ftlayer,none,0,0,0.0,0.0,0.6116517196745562
osteoclasts,m1_img_3_12_12,boneseg_ftlearned,none,0,0,0.00556282722513089,0.0,0.5928716715976331
osteoclasts,m1_img_3_12_12,boneseg_ftclicks,points_bg,0,0,0.12646221941195068,0.0735930735930736,0.6237865199704141
osteoclasts,m1_img_3_12_12,boneseg_ftclicks,boxes,0,0,0.9569620253164557,0.9663865546218487,-0.004767242973372789
osteoclasts,m1_img_3_12_12,boneseg_ftclicks,points_bg,1,0,0.10963455149501661,0.058426966292134834,0.579581176035503
osteoclasts,m1_img_3_12_12,boneseg_ftclicks,boxes,1,0,0.925531914893617,0.8461538461538461,-0.018491124260355037
osteoclasts,m1_img_3_12_12,boneseg_ftclicks,points_bg,2,0,0.12817644238452933,0.07048458149779736,0.6138186482988165
osteoclasts,m1_img_3_12_12,boneseg_ftclicks,boxes,2,0,0.955193482688391,0.957983193277311,-0.006356323964497052
osteoclasts,m1_img_21_12_1,boneseg_learned,none,0,0,0.6238612666008122,0.21067259588660367,0.41980630547337283
osteoclasts,m1_img_21_12_1,boneseg_ftlayer,none,0,0,0.7139602649006622,0.34605087014725566,0.5141399315828403
osteoclasts,m1_img_21_12_1,boneseg_ftlearned,none,0,0,0.7721533258173618,0.4657622739018088,0.35017566568047337
osteoclasts,m1_img_21_12_1,boneseg_ftclicks,points_bg,0,0,0.7601272794027659,0.4939668174962293,0.14821791789940836
osteoclasts,m1_img_21_12_1,boneseg_ftclicks,boxes,0,0,0.9286909512163728,0.694078947368421,0.032070543639053234
osteoclasts,m1_img_21_12_1,boneseg_ftclicks,points_bg,1,0,0.7474158158412074,0.45085803432137284,0.06544124445266274
osteoclasts,m1_img_21_12_1,boneseg_ftclicks,boxes,1,0,0.9288379873890105,0.6918652423993427,0.03264839127218935
osteoclasts,m1_img_21_12_1,boneseg_ftclicks,points_bg,2,0,0.7428789420142421,0.46394984326018807,0.05951830621301769
osteoclasts,m1_img_21_12_1,boneseg_ftclicks,boxes,2,0,0.9331601169210783,0.7304204451772465,0.011412490754437836
osteoclasts,m1_img_1_5_11,boneseg_learned,none,0,0,0.6284795959364059,0.2657200811359026,0.3662109375
osteoclasts,m1_img_1_5_11,boneseg_ftlayer,none,0,0,0.4997889761120959,0.2573231185218567,1.2721315643491125
osteoclasts,m1_img_1_5_11,boneseg_ftlearned,none,0,0,0.5726061272152768,0.34390804597701147,1.0038658006656807
osteoclasts,m1_img_1_5_11,boneseg_ftclicks,points_bg,0,0,0.3060294812841119,0.06814159292035399,4.572219397189349
osteoclasts,m1_img_1_5_11,boneseg_ftclicks,boxes,0,0,0.7792374239025953,0.23849643551523006,0.5544448039940829
osteoclasts,m1_img_1_5_11,boneseg_ftclicks,points_bg,1,0,0.2851690830759546,0.06724845995893224,5.192683293269231
osteoclasts,m1_img_1_5_11,boneseg_ftclicks,boxes,1,0,0.7643946141352753,0.21295702373316228,0.6065955528846152
osteoclasts,m1_img_1_5_11,boneseg_ftclicks,points_bg,2,0,0.30843683083511775,0.06664775950085082,4.595622226331361
osteoclasts,m1_img_1_5_11,boneseg_ftclicks,boxes,2,0,0.7828290999298927,0.2707792207792208,0.5280082747781065
osteoclasts,m1_img_21_5_18,boneseg_learned,none,0,0,0.6547042727846769,0.2341561040693796,0.6188748150887572
osteoclasts,m1_img_21_5_18,boneseg_ftlayer,none,0,0,0.7893934060776722,0.45737704918032784,0.336018398668639
osteoclasts,m1_img_21_5_18,boneseg_ftlearned,none,0,0,0.7701795755487031,0.4255663430420712,0.262776211168639
osteoclasts,m1_img_21_5_18,boneseg_ftclicks,points_bg,0,0,0.5901134993555898,0.13038416763678695,1.3482629900147929
osteoclasts,m1_img_21_5_18,boneseg_ftclicks,boxes,0,0,0.8293404654868264,0.35288552507095555,0.4121498243343194
osteoclasts,m1_img_21_5_18,boneseg_ftclicks,points_bg,1,0,0.6570003263555411,0.18415707515233581,0.9720841808431953
osteoclasts,m1_img_21_5_18,boneseg_ftclicks,boxes,1,0,0.7966809479906719,0.2891791044776119,0.5372538369082839
osteoclasts,m1_img_21_5_18,boneseg_ftclicks,points_bg,2,0,0.6660327120578167,0.191114245416079,0.9118435650887572
osteoclasts,m1_img_21_5_18,boneseg_ftclicks,boxes,2,0,0.8123956826527206,0.31860902255639095,0.47007904955621294
osteoclasts,m1_img_17_15_13,boneseg_learned,none,0,0,0.8228094666103951,0.28711819389110227,-0.21842640532544338
osteoclasts,m1_img_17_15_13,boneseg_ftlayer,none,0,0,0.8841279970826875,0.32668401272043945,0.38946930473372776
osteoclasts,m1_img_17_15_13,boneseg_ftlearned,none,0,0,0.9061030678273824,0.4096866096866097,0.19141202847633154
osteoclasts,m1_img_17_15_13,boneseg_ftclicks,points_bg,0,0,0.8940102321920503,0.40717488789237666,0.05879599667159771
osteoclasts,m1_img_17_15_13,boneseg_ftclicks,boxes,0,0,0.8877667372536243,0.2976837289104947,0.6372214774408289
osteoclasts,m1_img_17_15_13,boneseg_ftclicks,points_bg,1,0,0.8934589400755522,0.40914524805738195,0.09808963572485244
osteoclasts,m1_img_17_15_13,boneseg_ftclicks,boxes,1,0,0.8847817422240593,0.30289855072463767,0.6678474019970417
osteoclasts,m1_img_17_15_13,boneseg_ftclicks,points_bg,2,0,0.8934806178407002,0.4098654708520179,0.07555357803254448
osteoclasts,m1_img_17_15_13,boneseg_ftclicks,boxes,2,0,0.8913402215119304,0.2961902033801203,0.5990835336538464
osteoclasts,m1_img_11_5_9,boneseg_learned,none,0,0,0.5790905836018618,0.22090649244589627,1.4165934726331362
osteoclasts,m1_img_11_5_9,boneseg_ftlayer,none,0,0,0.7293633087351982,0.4085881587508133,0.7488905325443787
osteoclasts,m1_img_11_5_9,boneseg_ftlearned,none,0,0,0.6896832837402682,0.36811926605504586,0.9258563701923076
osteoclasts,m1_img_11_5_9,boneseg_ftclicks,points_bg,0,0,0.8028694682758954,0.5168539325842697,0.3621660040680475
osteoclasts,m1_img_11_5_9,boneseg_ftclicks,boxes,0,0,0.9144879311255479,0.5875109938434476,0.11686968380177527
osteoclasts,m1_img_11_5_9,boneseg_ftclicks,points_bg,1,0,0.7995564982645584,0.5118881118881119,0.3784901997041422
osteoclasts,m1_img_11_5_9,boneseg_ftclicks,boxes,1,0,0.9162780839338703,0.5472197705207414,0.1080575073964498
osteoclasts,m1_img_11_5_9,boneseg_ftclicks,points_bg,2,0,0.805327868852459,0.519774011299435,0.34266364644970415
osteoclasts,m1_img_11_5_9,boneseg_ftclicks,boxes,2,0,0.9155403600619691,0.5553587245349867,0.0859548354289941
osteoclasts,m1_img_9_1_4,boneseg_learned,none,0,0,0.7471518987341772,0.37792329279700654,0.3374630177514793
osteoclasts,m1_img_9_1_4,boneseg_ftlayer,none,0,0,0.7722802012163076,0.01845444059976932,0.4355526534763314
osteoclasts,m1_img_9_1_4,boneseg_ftlearned,none,0,0,0.824634655532359,0.1730310262529833,0.31059310281065095
osteoclasts,m1_img_9_1_4,boneseg_ftclicks,points_bg,0,0,0.4107961567595583,0.004371584699453552,2.1350025425295858
osteoclasts,m1_img_9_1_4,boneseg_ftclicks,boxes,0,0,0.8691904681426399,0.054016620498614956,0.22102671967455628
osteoclasts,m1_img_9_1_4,boneseg_ftclicks,points_bg,1,0,0.4328320591447534,0.0047875523638539795,1.9505246856508875
osteoclasts,m1_img_9_1_4,boneseg_ftclicks,boxes,1,0,0.8529728833236587,0.031724137931034485,0.25353064903846156
osteoclasts,m1_img_9_1_4,boneseg_ftclicks,points_bg,2,0,0.45781312480561603,0.005164622336991607,1.7628686667899407
osteoclasts,m1_img_9_1_4,boneseg_ftclicks,boxes,2,0,0.872730358051926,0.06555090655509066,0.21409254807692302
osteoclasts,m1_img_3_11_16,boneseg_learned,none,0,0,0.5573222721511695,0.2601123595505618,1.0011210244082838
osteoclasts,m1_img_3_11_16,boneseg_ftlayer,none,0,0,0.83048683160415,0.21663442940038685,0.3036589312130177
osteoclasts,m1_img_3_11_16,boneseg_ftlearned,none,0,0,0.8663208967709554,0.3790786948176583,0.22044887204142016
osteoclasts,m1_img_3_11_16,boneseg_ftclicks,points_bg,0,0,0.9117727396886097,0.5570539419087137,0.08017635909763308
osteoclasts,m1_img_3_11_16,boneseg_ftclicks,boxes,0,0,0.8870321425526473,0.3957273652085453,0.18794494267751483
osteoclasts,m1_img_3_11_16,boneseg_ftclicks,points_bg,1,0,0.9123352855051244,0.5461215932914046,0.07223095414201179
osteoclasts,m1_img_3_11_16,boneseg_ftclicks,boxes,1,0,0.8784399797399967,0.3709349593495935,0.2048469859467456
osteoclasts,m1_img_3_11_16,boneseg_ftclicks,points_bg,2,0,0.9120919204814882,0.5571725571725572,0.07772050665680474
osteoclasts,m1_img_3_11_16,boneseg_ftclicks,boxes,2,0,0.8872193289507385,0.38250254323499494,0.18563355214497035
osteoclasts,m1_img_11_12_14,boneseg_learned,none,0,0,0.8399723607298262,0.3577512776831346,0.17292090421597642
osteoclasts,m1_img_11_12_14,boneseg_ftlayer,none,0,0,0.9233802409289874,0.430514096185738,0.42414016272189353
osteoclasts,m1_img_11_12_14,boneseg_ftlearned,none,0,0,0.923166198204733,0.5638629283489096,0.40377103365384637
osteoclasts,m1_img_11_12_14,boneseg_ftclicks,points_bg,0,0,0.9420264791222306,0.6040452519712033,-0.04463872965976348
osteoclasts,m1_img_11_12_14,boneseg_ftclicks,boxes,0,0,0.9384598427511206,0.5513955071477196,0.30134754068047376
osteoclasts,m1_img_11_12_14,boneseg_ftclicks,points_bg,1,0,0.9412395412510292,0.5966587112171837,-0.01747989090236657
osteoclasts,m1_img_11_12_14,boneseg_ftclicks,boxes,1,0,0.9363969242035884,0.5266916014960897,0.3279285318047338
osteoclasts,m1_img_11_12_14,boneseg_ftclicks,points_bg,2,0,0.9399003112885053,0.5961342828077314,0.0018780048076927347
osteoclasts,m1_img_11_12_14,boneseg_ftclicks,boxes,2,0,0.937376328325394,0.5412406271301977,0.3221500554733726
osteoclasts,m1_img_13_11_9,boneseg_learned,none,0,0,0.7428658166363085,0.2803694056358039,0.7350221893491126
osteoclasts,m1_img_13_11_9,boneseg_ftlayer,none,0,0,0.8235086480762442,0.444,0.3547984467455627
osteoclasts,m1_img_13_11_9,boneseg_ftlearned,none,0,0,0.8300376647834274,0.4468988954970263,0.14735114644970418
osteoclasts,m1_img_13_11_9,boneseg_ftclicks,points_bg,0,0,0.8243528539095042,0.3761792452830189,-0.23503952477810647
osteoclasts,m1_img_13_11_9,boneseg_ftclicks,boxes,0,0,0.8508148310182654,0.4635820895522388,0.09447808801775204
osteoclasts,m1_img_13_11_9,boneseg_ftclicks,points_bg,1,0,0.8250312039033246,0.38060141509433965,-0.19155649038461522
osteoclasts,m1_img_13_11_9,boneseg_ftclicks,boxes,1,0,0.850807775062908,0.4602985074626866,0.09216669748520756
osteoclasts,m1_img_13_11_9,boneseg_ftclicks,points_bg,2,0,0.8267359346471662,0.3924162257495591,-0.15558547522189284
osteoclasts,m1_img_13_11_9,boneseg_ftclicks,boxes,2,0,0.8503985731445419,0.4581222056631893,0.10719073594674597
osteoclasts,m1_img_7_17_4,boneseg_learned,none,0,0,0.8209928481278923,0.256,0.14099482248520712
osteoclasts,m1_img_7_17_4,boneseg_ftlayer,none,0,0,0.8617953210347316,0.39928698752228164,0.16916489460059173
osteoclasts,m1_img_7_17_4,boneseg_ftlearned,none,0,0,0.8164635901371966,0.3163934426229508,0.2731774685650887
osteoclasts,m1_img_7_17_4,boneseg_ftclicks,points_bg,0,0,0.9421546501959853,0.5580865603644647,-0.016324195636094677
osteoclasts,m1_img_7_17_4,boneseg_ftclicks,boxes,0,0,0.944936637882696,0.6865342163355408,0.05561783468934914
osteoclasts,m1_img_7_17_4,boneseg_ftclicks,points_bg,1,0,0.9358944143294838,0.535483870967742,-0.006645247781065112
osteoclasts,m1_img_7_17_4,boneseg_ftclicks,boxes,1,0,0.9303455127497516,0.6057268722466961,0.07613142566568051
osteoclasts,m1_img_7_17_4,boneseg_ftclicks,points_bg,2,0,0.9298368298368298,0.5532359081419624,0.0069341715976331715
osteoclasts,m1_img_7_17_4,boneseg_ftclicks,boxes,2,0,0.9388072986203827,0.5938189845474614,0.06587463017751483
osteoclasts,m1_img_1_12_0,boneseg_learned,none,0,0,0.6085966410475377,0.2801377726750861,0.47455736871301785
osteoclasts,m1_img_1_12_0,boneseg_ftlayer,none,0,0,0.6987185663358705,0.06276150627615062,0.45144346338757396
osteoclasts,m1_img_1_12_0,boneseg_ftlearned,none,0,0,0.736938775510204,0.3118881118881119,0.3678000184911243
osteoclasts,m1_img_1_12_0,boneseg_ftclicks,points_bg,0,0,0.943796394485684,0.6947791164658634,0.041893953402366915
osteoclasts,m1_img_1_12_0,boneseg_ftclicks,boxes,0,0,0.8622370141447759,0.15367965367965367,0.16743135170118345
osteoclasts,m1_img_1_12_0,boneseg_ftclicks,points_bg,1,0,0.9465993623804463,0.7078189300411523,0.03958256286982252
osteoclasts,m1_img_1_12_0,boneseg_ftclicks,boxes,1,0,0.8513085318624575,0.11471861471861472,0.18303323779585798
osteoclasts,m1_img_1_12_0,boneseg_ftclicks,points_bg,2,0,0.9389363099146422,0.6786427145708582,0.0521507488905326
osteoclasts,m1_img_1_12_0,boneseg_ftclicks,boxes,2,0,0.8574468085106383,0.12581344902386118,0.1742210613905326
osteoclasts,m1_img_7_15_13,boneseg_learned,none,0,0,0.7624696930419799,0.06408977556109725,-1.7305091993343193
osteoclasts,m1_img_7_15_13,boneseg_ftlayer,none,0,0,0.8363798367336243,0.22567645365572828,-0.17927722818047304
osteoclasts,m1_img_7_15_13,boneseg_ftlearned,none,0,0,0.8463299046798427,0.31300027601435276,-0.47412398298816577
osteoclasts,m1_img_7_15_13,boneseg_ftclicks,points_bg,0,0,0.8145101933524155,0.18639861007694217,1.161040356878698
osteoclasts,m1_img_7_15_13,boneseg_ftclicks,boxes,0,0,0.8267086739957623,0.17871986699916875,1.818053115754438
osteoclasts,m1_img_7_15_13,boneseg_ftclicks,points_bg,1,0,0.7317192611310258,0.13679948860004262,3.5456730769230766
osteoclasts,m1_img_7_15_13,boneseg_ftclicks,boxes,1,0,0.8235566124983486,0.1721980413492927,1.9170095229289945
osteoclasts,m1_img_7_15_13,boneseg_ftclicks,points_bg,2,0,0.7812618467370701,0.16280718336483932,2.133268999630178
osteoclasts,m1_img_7_15_13,boneseg_ftclicks,boxes,2,0,0.8348076343882116,0.18668515950069348,1.746400009245562
osteoclasts,m1_img_9_7_13,boneseg_learned,none,0,0,0.687256176853056,0.12676962676962678,-0.28574565458579887
osteoclasts,m1_img_9_7_13,boneseg_ftlayer,none,0,0,0.7208359991469396,0.28259041211101765,-0.47542414016272194
osteoclasts,m1_img_9_7_13,boneseg_ftlearned,none,0,0,0.7867888402625821,0.3684210526315789,-0.3949588572485207
osteoclasts,m1_img_9_7_13,boneseg_ftclicks,points_bg,0,0,0.8729439513375954,0.5306278713629403,-0.18014399963017758
osteoclasts,m1_img_9_7_13,boneseg_ftclicks,boxes,0,0,0.9007088240218787,0.5692419825072886,0.0807542067307692
osteoclasts,m1_img_9_7_13,boneseg_ftclicks,points_bg,1,0,0.8854858548585486,0.566412213740458,-0.15861917529585798
osteoclasts,m1_img_9_7_13,boneseg_ftclicks,boxes,1,0,0.8962269377804865,0.5287691187181355,0.09982317862426027
osteoclasts,m1_img_9_7_13,boneseg_ftclicks,points_bg,2,0,0.8667693255312596,0.48603773584905663,-0.16223072300295854
osteoclasts,m1_img_9_7_13,boneseg_ftclicks,boxes,2,0,0.9010509838998211,0.5564457392571013,0.0765648113905325
osteoclasts,m1_img_9_14_0,boneseg_learned,none,0,0,0.8683306617815434,0.43526170798898073,0.009678947855029565
osteoclasts,m1_img_9_14_0,boneseg_ftlayer,none,0,0,0.8612517723313753,0.42406876790830944,0.09202223557692306
osteoclasts,m1_img_9_14_0,boneseg_ftlearned,none,0,0,0.8156055900621118,0.29301075268817206,0.12308154585798817
osteoclasts,m1_img_9_14_0,boneseg_ftclicks,points_bg,0,0,0.8500740114189046,0.3888888888888889,0.06197415865384615
osteoclasts,m1_img_9_14_0,boneseg_ftclicks,boxes,0,0,0.8395449195763044,0.3601108033240997,0.1152806028106509
osteoclasts,m1_img_9_14_0,boneseg_ftclicks,points_bg,1,0,0.8500746427809768,0.3949579831932773,0.056195682322485174
osteoclasts,m1_img_9_14_0,boneseg_ftclicks,boxes,1,0,0.8264143657076656,0.23545706371191136,0.1269820173816568
osteoclasts,m1_img_9_14_0,boneseg_ftclicks,points_bg,2,0,0.8494077834179357,0.3861111111111111,0.06182969674556212
osteoclasts,m1_img_9_14_0,boneseg_ftclicks,boxes,2,0,0.8427672955974843,0.3601108033240997,0.1138359837278106
osteoclasts,m1_img_5_6_12,boneseg_learned,none,0,0,0.4054603973215937,0.136056838365897,1.1136568509615385
osteoclasts,m1_img_5_6_12,boneseg_ftlayer,none,0,0,0.6431028551771586,0.29226901319924575,0.5683131471893492
osteoclasts,m1_img_5_6_12,boneseg_ftlearned,none,0,0,0.5765680098260628,0.2969338353953739,0.8547811113165679
osteoclasts,m1_img_5_6_12,boneseg_ftclicks,points_bg,0,0,0.4956013394630796,0.1430457746478873,2.29925573224852
osteoclasts,m1_img_5_6_12,boneseg_ftclicks,boxes,0,0,0.7900248118087388,0.23482077542062912,0.6438667252218934
osteoclasts,m1_img_5_6_12,boneseg_ftclicks,points_bg,1,0,0.41857905958412617,0.0994277539341917,3.5099909855769234
osteoclasts,m1_img_5_6_12,boneseg_ftclicks,boxes,1,0,0.782928686236359,0.19044117647058822,0.6240754437869823
osteoclasts,m1_img_5_6_12,boneseg_ftclicks,points_bg,2,0,0.4998973938025857,0.14399624765478425,2.136447161612426
osteoclasts,m1_img_5_6_12,boneseg_ftclicks,boxes,2,0,0.7826590551832547,0.2204261572373255,0.7009291789940827
osteoclasts,m1_img_5_13_12,boneseg_learned,none,0,0,0.7441669115486336,0.16584158415841585,-0.20788068602070991
osteoclasts,m1_img_5_13_12,boneseg_ftlayer,none,0,0,0.838476540094069,0.4221891288160834,-0.147351146449704
osteoclasts,m1_img_5_13_12,boneseg_ftlearned,none,0,0,0.8614836795252225,0.4609429978888107,-0.23171690088757396
osteoclasts,m1_img_5_13_12,boneseg_ftclicks,points_bg,0,0,0.8780923367823941,0.3209233060312733,0.08451021634615398
osteoclasts,m1_img_5_13_12,boneseg_ftclicks,boxes,0,0,0.86986908160252,0.3177233429394813,0.26927699704142016
osteoclasts,m1_img_5_13_12,boneseg_ftclicks,points_bg,1,0,0.8669414338777794,0.2466765140324963,0.17320982803254448
osteoclasts,m1_img_5_13_12,boneseg_ftclicks,boxes,1,0,0.857851722124927,0.23220704529115743,0.30365893121301785
osteoclasts,m1_img_5_13_12,boneseg_ftclicks,points_bg,2,0,0.8852159914140059,0.36893203883495146,0.026147605399408358
osteoclasts,m1_img_5_13_12,boneseg_ftclicks,boxes,2,0,0.8709390737632072,0.2906474820143885,0.2600314349112426
osteoclasts,m2_img_17_14_13,boneseg_learned,none,0,0,0.08180871634686895,0.07383512544802867,0.7172533746301776
osteoclasts,m2_img_17_14_13,boneseg_ftlayer,none,0,0,0.2901371074745688,0.09740259740259741,0.07266433986686392
osteoclasts,m2_img_17_14_13,boneseg_ftlearned,none,0,0,0.22763661677688826,0.06629834254143646,0.16107502773668642
osteoclasts,m2_img_17_14_13,boneseg_ftclicks,points_bg,0,0,0.19591218773656321,0.17358078602620086,0.7002068694526628
osteoclasts,m2_img_17_14_13,boneseg_ftclicks,boxes,0,0,0.3246753246753247,0.2863187588152327,0.5246856508875739
osteoclasts,m2_img_17_14_13,boneseg_ftclicks,points_bg,1,0,0.19438264738598443,0.16288659793814433,0.7850060096153846
osteoclasts,m2_img_17_14_13,boneseg_ftclicks,boxes,1,0,0.3067463106113844,0.273876404494382,0.568313147189349
osteoclasts,m2_img_17_14_13,boneseg_ftclicks,points_bg,2,0,0.19209190488912636,0.1568627450980392,0.8274778106508874
osteoclasts,m2_img_17_14_13,boneseg_ftclicks,boxes,2,0,0.3332063975628332,0.2767732962447844,0.5047499075443787
osteoclasts,m2_img_21_10_0,boneseg_learned,none,0,0,0.9013586450772381,0.3616042077580539,0.042182877218934975
osteoclasts,m2_img_21_10_0,boneseg_ftlayer,none,0,0,0.9727691463210902,0.6232821341956346,-0.11426936945266274
osteoclasts,m2_img_21_10_0,boneseg_ftlearned,none,0,0,0.9766745131607104,0.695024077046549,-0.09173331176035512
osteoclasts,m2_img_21_10_0,boneseg_ftclicks,points_bg,0,0,0.9491300174734821,0.36019736842105265,-0.2974470691568046
osteoclasts,m2_img_21_10_0,boneseg_ftclicks,boxes,0,0,0.9804453325720811,0.7959514170040486,-0.0947670118343194
osteoclasts,m2_img_21_10_0,boneseg_ftclicks,points_bg,1,0,0.9443675205222035,0.3454245671887881,-0.3247503698224852
osteoclasts,m2_img_21_10_0,boneseg_ftclicks,boxes,1,0,0.9817465403878564,0.8184019370460048,-0.08133205436390532
osteoclasts,m2_img_21_10_0,boneseg_ftclicks,points_bg,2,0,0.9460433430419114,0.34925864909390447,-0.31463803624260345
osteoclasts,m2_img_21_10_0,boneseg_ftclicks,boxes,2,0,0.9807893485496909,0.8032388663967611,-0.09129992603550303
osteoclasts,m2_img_11_7_8,boneseg_learned,none,0,0,0.6201848073922956,0.14083997103548154,1.6251964681952662
osteoclasts,m2_img_11_7_8,boneseg_ftlayer,none,0,0,0.7706693641903728,0.47542448614834676,0.25757558247041407
osteoclasts,m2_img_11_7_8,boneseg_ftlearned,none,0,0,0.7346131471785922,0.3803418803418803,0.6106404863165681
osteoclasts,m2_img_11_7_8,boneseg_ftclicks,points_bg,0,0,0.18657385536476961,0.02206053100085146,24.370435003698226
osteoclasts,m2_img_11_7_8,boneseg_ftclicks,boxes,0,0,0.7193324167430492,0.18295218295218296,1.9675711908284024
osteoclasts,m2_img_11_7_8,boneseg_ftclicks,points_bg,1,0,0.19065052652298003,0.01978021978021978,23.75993897928994
osteoclasts,m2_img_11_7_8,boneseg_ftclicks,boxes,1,0,0.7334462550863462,0.17742607246980424,1.822386973002959
osteoclasts,m2_img_11_7_8,boneseg_ftclicks,points_bg,2,0,0.19452209061475656,0.02193938541593418,23.13701923076923
osteoclasts,m2_img_11_7_8,boneseg_ftclicks,boxes,2,0,0.7220574446506822,0.18648310387984982,1.951824842825444
osteoclasts,m2_img_13_11_7,boneseg_learned,none,0,0,0.6594665552837281,0.1652015762352228,0.03597101516272169
osteoclasts,m2_img_13_11_7,boneseg_ftlayer,none,0,0,0.6218412358246272,0.23613595706618962,-0.7558247041420117
osteoclasts,m2_img_13_11_7,boneseg_ftlearned,none,0,0,0.6717733300387118,0.2626609442060086,-0.21149223372781065
osteoclasts,m2_img_13_11_7,boneseg_ftclicks,points_bg,0,0,0.6745343747317827,0.18658810325476993,2.871613812869823
osteoclasts,m2_img_13_11_7,boneseg_ftclicks,boxes,0,0,0.6763827012930567,0.1646482122260669,3.408723187869823
osteoclasts,m2_img_13_11_7,boneseg_ftclicks,points_bg,1,0,0.6675964924394118,0.16178446654125236,3.2340687407544375
osteoclasts,m2_img_13_11_7,boneseg_ftclicks,boxes,1,0,0.7013750512287842,0.15074496056091147,2.9951287444526624
osteoclasts,m2_img_13_11_7,boneseg_ftclicks,points_bg,2,0,0.6619828473413379,0.1472123043120022,3.300521218565088
osteoclasts,m2_img_13_11_7,boneseg_ftclicks,boxes,2,0,0.6812632732753305,0.15237543453070684,3.3164120284763308
osteoclasts,m2_img_3_19_7,boneseg_learned,none,0,0,0.8197168684973563,0.26410564225690275,-0.1619417991863905
osteoclasts,m2_img_3_19_7,boneseg_ftlayer,none,0,0,0.7075605434140579,0.3207253886010363,-1.1993227625739646
osteoclasts,m2_img_3_19_7,boneseg_ftlearned,none,0,0,0.8688663704886936,0.3515962036238136,-0.3027921597633137
osteoclasts,m2_img_3_19_7,boneseg_ftclicks,points_bg,0,0,0.8695937377006167,0.3675972927241963,0.5160179363905327
osteoclasts,m2_img_3_19_7,boneseg_ftclicks,boxes,0,0,0.8695351201678673,0.36585365853658536,0.5872376571745562
osteoclasts,m2_img_3_19_7,boneseg_ftclicks,points_bg,1,0,0.790416160681586,0.17566539923954372,1.4037363627958581
osteoclasts,m2_img_3_19_7,boneseg_ftclicks,boxes,1,0,0.8681485332986698,0.3625263157894737,0.5772697855029586
osteoclasts,m2_img_3_19_7,boneseg_ftclicks,points_bg,2,0,0.8611313321628913,0.34368443138900545,0.6564349112426034
osteoclasts,m2_img_3_19_7,boneseg_ftclicks,boxes,2,0,0.8724035608308606,0.363905325443787,0.5301752034023669
osteoclasts,m2_img_5_18_12,boneseg_learned,none,0,0,0.7474945896454137,0.26499333629498,-0.4255847818047338
osteoclasts,m2_img_5_18_12,boneseg_ftlayer,none,0,0,0.44254380590613895,0.10102790014684288,-3.2086434448964494
osteoclasts,m2_img_5_18_12,boneseg_ftlearned,none,0,0,0.7838007415153532,0.20641466208476517,-1.5054375462278102
osteoclasts,m2_img_5_18_12,boneseg_ftclicks,points_bg,0,0,0.8602770749659406,0.341179582121132,-0.9385690181213012
osteoclasts,m2_img_5_18_12,boneseg_ftclicks,boxes,0,0,0.8619061619078914,0.5014245014245015,-0.7501906897189347
osteoclasts,m2_img_5_18_12,boneseg_ftclicks,points_bg,1,0,0.879674880395082,0.3724581724581725,-0.6788265070266266
osteoclasts,m2_img_5_18_12,boneseg_ftclicks,boxes,1,0,0.8505038404622648,0.4318832283915283,-0.9031758505917156
osteoclasts,m2_img_5_18_12,boneseg_ftclicks,points_bg,2,0,0.8721144562450628,0.35605858854860184,-0.8741390070266266
osteoclasts,m2_img_5_18_12,boneseg_ftclicks,boxes,2,0,0.8629124201070997,0.5054100227790432,-0.740511741863905
osteoclasts,m2_img_13_3_8,boneseg_learned,none,0,0,0.728261800736743,0.34352744030163385,0.7587139423076922
osteoclasts,m2_img_13_3_8,boneseg_ftlayer,none,0,0,0.6568255307184029,0.22865412445730826,-0.5587786612426036
osteoclasts,m2_img_13_3_8,boneseg_ftlearned,none,0,0,0.8369768894440974,0.5173444976076556,-0.06977510170118345
osteoclasts,m2_img_13_3_8,boneseg_ftclicks,points_bg,0,0,0.30803148521331747,0.05835278426142047,5.7734201645710055
osteoclasts,m2_img_13_3_8,boneseg_ftclicks,boxes,0,0,0.8835978835978836,0.5873533246414603,0.061829696745562164
osteoclasts,m2_img_13_3_8,boneseg_ftclicks,points_bg,1,0,0.4513036420817693,0.11058823529411765,3.0819503513313613
osteoclasts,m2_img_13_3_8,boneseg_ftclicks,boxes,1,0,0.8837806051534267,0.5942782834850455,0.08841068786982244
osteoclasts,m2_img_13_3_8,boneseg_ftclicks,points_bg,2,0,0.39002001218132776,0.10689655172413794,4.027309079142012
osteoclasts,m2_img_13_3_8,boneseg_ftclicks,boxes,2,0,0.8798464081915631,0.5912031047865459,0.09491147374260343
osteoclasts,m2_img_7_8_5,boneseg_learned,none,0,0,0.8348024759373885,0.20281741014990068,-2.568243805473373
osteoclasts,m2_img_7_8_5,boneseg_ftlayer,none,0,0,0.8456239412761152,0.3883081687959737,-2.4899454511834325
osteoclasts,m2_img_7_8_5,boneseg_ftlearned,none,0,0,0.8809166362002847,0.3771608171817706,-1.8272986778846159
osteoclasts,m2_img_7_8_5,boneseg_ftclicks,points_bg,0,0,0.8924523450986154,0.44332210998877664,-0.7325663369082844
osteoclasts,m2_img_7_8_5,boneseg_ftclicks,boxes,0,0,0.8951060370999948,0.4865269461077844,-0.9374133228550297
osteoclasts,m2_img_7_8_5,boneseg_ftclicks,points_bg,1,0,0.8737004599584147,0.5023795926137445,-2.0568486501479284
osteoclasts,m2_img_7_8_5,boneseg_ftclicks,boxes,1,0,0.8948259978008262,0.4886066492342174,-0.9548932137573962
osteoclasts,m2_img_7_8_5,boneseg_ftclicks,points_bg,2,0,0.8831830685191967,0.5398865784499055,-1.8602359929733734
osteoclasts,m2_img_7_8_5,boneseg_ftclicks,boxes,2,0,0.894637691908329,0.4796109240553685,-0.9210891272189353
osteoclasts,m2_img_13_7_8,boneseg_learned,none,0,0,0.707790341725495,0.22032818225266848,-0.22723858173076955
osteoclasts,m2_img_13_7_8,boneseg_ftlayer,none,0,0,0.5844614202130163,0.2847742228273202,-2.5796562962278107
osteoclasts,m2_img_13_7_8,boneseg_ftlearned,none,0,0,0.6516593924836697,0.3532863849765258,-1.9256772374260358
osteoclasts,m2_img_13_7_8,boneseg_ftclicks,points_bg,0,0,0.6921560326579982,0.3211971025543271,0.15414085613905323
osteoclasts,m2_img_13_7_8,boneseg_ftclicks,boxes,0,0,0.6994636480207371,0.2839965019676432,-1.311858589127219
osteoclasts,m2_img_13_7_8,boneseg_ftclicks,points_bg,1,0,0.6970793518393582,0.32714039456042904,-0.012279262204142188
osteoclasts,m2_img_13_7_8,boneseg_ftclicks,boxes,1,0,0.7038687973086627,0.2968682035667682,-1.4833348742603552
osteoclasts,m2_img_13_7_8,boneseg_ftclicks,points_bg,2,0,0.6920060988891309,0.31922196796338675,0.14879576553254448
osteoclasts,m2_img_13_7_8,boneseg_ftclicks,boxes,2,0,0.6993704453720159,0.27897838899803534,-1.3026130269970417
osteoclasts,m2_img_9_19_12,boneseg_learned,none,0,0,0.7155136335833628,0.012155591572123177,1.2766098835059172
osteoclasts,m2_img_9_19_12,boneseg_ftlayer,none,0,0,0.789009547409081,0.1838529176658673,0.7535133136094673
osteoclasts,m2_img_9_19_12,boneseg_ftlearned,none,0,0,0.7757396865556259,0.24980174464710547,0.9002866124260354
osteoclasts,m2_img_9_19_12,boneseg_ftclicks,points_bg,0,0,0.8487471707103998,0.3372982158028887,0.4271738627958578
osteoclasts,m2_img_9_19_12,boneseg_ftclicks,boxes,0,0,0.8186390532544379,0.22019867549668873,0.6954396264792897
osteoclasts,m2_img_9_19_12,boneseg_ftclicks,points_bg,1,0,0.8526736995271008,0.340153452685422,0.3633216993343194
osteoclasts,m2_img_9_19_12,boneseg_ftclicks,boxes,1,0,0.8302127499906194,0.1933884297520661,0.6392439441568045
osteoclasts,m2_img_9_19_12,boneseg_ftclicks,points_bg,2,0,0.8510228640192539,0.3421276595744681,0.390625
osteoclasts,m2_img_9_19_12,boneseg_ftclicks,boxes,2,0,0.8240647495430979,0.20065789473684212,0.6623578494822483
osteoclasts,m2_img_11_18_4,boneseg_learned,none,0,0,0.3984692657259029,0.07518796992481203,-0.05503998705621302
osteoclasts,m2_img_11_18_4,boneseg_ftlayer,none,0,0,0.335036496350365,0.011730205278592375,-0.2632095968934911
osteoclasts,m2_img_11_18_4,boneseg_ftlearned,none,0,0,0.6135913789311634,0.18904593639575973,-0.0021669286242603607
osteoclasts,m2_img_11_18_4,boneseg_ftclicks,points_bg,0,0,0.3259118207118793,0.09278350515463918,1.313447670118343
osteoclasts,m2_img_11_18_4,boneseg_ftclicks,boxes,0,0,0.604318452775202,0.20303030303030303,0.4315077200443787
osteoclasts,m2_img_11_18_4,boneseg_ftclicks,points_bg,1,0,0.25322824081838,0.06414342629482071,1.9252438517011834
osteoclasts,m2_img_11_18_4,boneseg_ftclicks,boxes,1,0,0.696895022178413,0.1180952380952381,0.22030441013313612
osteoclasts,m2_img_11_18_4,boneseg_ftclicks,points_bg,2,0,0.2968482131082685,0.08148148148148149,1.531874075443787
osteoclasts,m2_img_11_18_4,boneseg_ftclicks,boxes,2,0,0.6461538461538462,0.24525316455696203,0.35508737056213024
osteoclasts,m2_img_7_19_7,boneseg_learned,none,0,0,0.7881539980256663,0.33877038895859474,0.06703032544378698
osteoclasts,m2_img_7_19_7,boneseg_ftlayer,none,0,0,0.000789110278161373,0.0,-0.6640913923816568
osteoclasts,m2_img_7_19_7,boneseg_ftlearned,none,0,0,0.15632417768735166,0.0,-0.5443324704142012
osteoclasts,m2_img_7_19_7,boneseg_ftclicks,points_bg,0,0,0.8260220272540602,0.5432873274780426,0.15139607988165676
osteoclasts,m2_img_7_19_7,boneseg_ftclicks,boxes,0,0,0.9244111560067015,0.5852187028657617,0.06948617788461539
osteoclasts,m2_img_7_19_7,boneseg_ftclicks,points_bg,1,0,0.7725165863855312,0.47503045066991473,0.19314557137573965
osteoclasts,m2_img_7_19_7,boneseg_ftclicks,boxes,1,0,0.9242484969939879,0.5905631659056316,0.04536103920118346
osteoclasts,m2_img_7_19_7,boneseg_ftclicks,points_bg,2,0,0.8300526213213798,0.5260416666666666,0.08609929733727804
osteoclasts,m2_img_7_19_7,boneseg_ftclicks,boxes,2,0,0.9295858575826795,0.6349924585218703,0.05821814903846151
osteoclasts,m2_img_13_0_8,boneseg_learned,none,0,0,0.6509319357189962,0.3061615001913509,1.0486489922337279
osteoclasts,m2_img_13_0_8,boneseg_ftlayer,none,0,0,0.799267846247712,0.23852520692249812,-0.5089393028846154
osteoclasts,m2_img_13_0_8,boneseg_ftlearned,none,0,0,0.8937954164337619,0.6120381406436234,-0.012134800295857985
osteoclasts,m2_img_13_0_8,boneseg_ftclicks,points_bg,0,0,0.91172451489478,0.7014547754585705,0.058073687130177735
osteoclasts,m2_img_13_0_8,boneseg_ftclicks,boxes,0,0,0.9021124665278191,0.4112694300518135,0.28531226886094696
osteoclasts,m2_img_13_0_8,boneseg_ftclicks,points_bg,1,0,0.9106008793356131,0.6599749058971142,0.13940574149408305
osteoclasts,m2_img_13_0_8,boneseg_ftclicks,boxes,1,0,0.9022441346480788,0.40349740932642486,0.28545673076923095
osteoclasts,m2_img_13_0_8,boneseg_ftclicks,points_bg,2,0,0.9115857842016192,0.7008274984086569,0.04492765347633137
osteoclasts,m2_img_13_0_8,boneseg_ftclicks,boxes,2,0,0.9088414372695309,0.4387556707712249,0.2556975776627219
osteoclasts,m2_img_9_12_2,boneseg_learned,none,0,0,0.7643788831159394,0.330743079164643,0.33962994637573957
osteoclasts,m2_img_9_12_2,boneseg_ftlayer,none,0,0,0.4510889627168697,0.11589113257243196,-1.2883112980769231
osteoclasts,m2_img_9_12_2,boneseg_ftlearned,none,0,0,0.794368840919756,0.47753185781354796,-0.5579118897928996
osteoclasts,m2_img_9_12_2,boneseg_ftclicks,points_bg,0,0,0.8298507462686567,0.22342857142857142,0.5739471616124259
osteoclasts,m2_img_9_12_2,boneseg_ftclicks,boxes,0,0,0.8541868512110726,0.3254994124559342,0.53855399408284
osteoclasts,m2_img_9_12_2,boneseg_ftclicks,points_bg,1,0,0.8314767015351175,0.24759206798866856,0.617141272189349
osteoclasts,m2_img_9_12_2,boneseg_ftclicks,boxes,1,0,0.8586548908281639,0.2850356294536817,0.48553647374260345
osteoclasts,m2_img_9_12_2,boneseg_ftclicks,points_bg,2,0,0.8492182480188477,0.29127906976744183,0.4105607433431951
osteoclasts,m2_img_9_12_2,boneseg_ftclicks,boxes,2,0,0.8642191550479927,0.3284111045481394,0.48741447855029585
osteoclasts,m2_img_3_5_6,boneseg_learned,none,0,0,0.8142260099975416,0.3269230769230769,-0.19661265717455628
osteoclasts,m2_img_3_5_6,boneseg_ftlayer,none,0,0,0.8431761052787224,0.5235507246376812,-0.6002392289201183
osteoclasts,m2_img_3_5_6,boneseg_ftlearned,none,0,0,0.845705379819903,0.5338753387533876,-0.47990245931952663
osteoclasts,m2_img_3_5_6,boneseg_ftclicks,points_bg,0,0,0.7206208869241694,0.14846846846846848,1.7368655232988166
osteoclasts,m2_img_3_5_6,boneseg_ftclicks,boxes,0,0,0.7988806371757615,0.214992927864215,1.2257592917899407
osteoclasts,m2_img_3_5_6,boneseg_ftclicks,points_bg,1,0,0.725154655740339,0.1475,1.7072508321005917
osteoclasts,m2_img_3_5_6,boneseg_ftclicks,boxes,1,0,0.8071187859298253,0.20334928229665072,1.0734964404585803
osteoclasts,m2_img_3_5_6,boneseg_ftclicks,points_bg,2,0,0.7222495088408645,0.13432282003710574,1.5737680288461537
osteoclasts,m2_img_3_5_6,boneseg_ftclicks,boxes,2,0,0.8053547640366011,0.2344270090347123,1.129836584689349
osteoclasts,m2_img_9_19_10,boneseg_learned,none,0,0,0.45945497761317783,0.15243516761543327,0.0033226238905325126
osteoclasts,m2_img_9_19_10,boneseg_ftlayer,none,0,0,0.3432631866630227,0.09503784693019345,-1.0243793916420119
osteoclasts,m2_img_9_19_10,boneseg_ftlearned,none,0,0,0.7680974477958237,0.28090575275397794,-0.11961446005917149
osteoclasts,m2_img_9_19_10,boneseg_ftclicks,points_bg,0,0,0.7577016455354735,0.25016202203499677,0.06746371116863915
osteoclasts,m2_img_9_19_10,boneseg_ftclicks,boxes,0,0,0.8188732112478735,0.31875792141951836,0.2770779400887576
osteoclasts,m2_img_9_19_10,boneseg_ftclicks,points_bg,1,0,0.7698852926921212,0.25820991629104956,0.07237541605029582
osteoclasts,m2_img_9_19_10,boneseg_ftclicks,boxes,1,0,0.8198457116926335,0.2893725992317542,0.2549752681213019
osteoclasts,m2_img_9_19_10,boneseg_ftclicks,points_bg,2,0,0.7608587670401237,0.23709993468321358,0.007367557322485174
osteoclasts,m2_img_9_19_10,boneseg_ftclicks,boxes,2,0,0.8130484358732835,0.2991183879093199,0.3038033931213017
osteoclasts,m2_img_7_15_12,boneseg_learned,none,0,0,0.7849566055930569,0.22718351324828262,-0.5285861224112426
osteoclasts,m2_img_7_15_12,boneseg_ftlayer,none,0,0,0.5610073452256034,0.18712574850299402,-1.4311841253698225
osteoclasts,m2_img_7_15_12,boneseg_ftlearned,none,0,0,0.650935482694482,0.25510204081632654,-0.9119880269970416
osteoclasts,m2_img_7_15_12,boneseg_ftclicks,points_bg,0,0,0.7977638565047617,0.3929052537045353,0.2694214589497038
osteoclasts,m2_img_7_15_12,boneseg_ftclicks,boxes,0,0,0.8915126625598905,0.4769607843137255,0.1924232618343194
osteoclasts,m2_img_7_15_12,boneseg_ftclicks,points_bg,1,0,0.799089836507669,0.39627780299591464,0.26956592085798786
osteoclasts,m2_img_7_15_12,boneseg_ftclicks,boxes,1,0,0.8880313262584416,0.42493887530562346,0.21813748150887569
osteoclasts,m2_img_7_15_12,boneseg_ftclicks,points_bg,2,0,0.7977604729153641,0.391324200913242,0.21004761464497035
osteoclasts,m2_img_7_15_12,boneseg_ftclicks,boxes,2,0,0.8947994561522774,0.44109055501460565,0.22709411982248517
osteoclasts,m2_img_21_7_18,boneseg_learned,none,0,0,0.6892511462047886,0.484375,0.09447808801775147
osteoclasts,m2_img_21_7_18,boneseg_ftlayer,none,0,0,0.7937853107344632,0.4969512195121951,-0.06356323964497043
osteoclasts,m2_img_21_7_18,boneseg_ftlearned,none,0,0,0.7761421319796954,0.5242966751918159,0.0965005547337278
osteoclasts,m2_img_21_7_18,boneseg_ftclicks,points_bg,0,0,0.819704433497537,0.48348348348348347,-0.03279285318047338
osteoclasts,m2_img_21_7_18,boneseg_ftclicks,boxes,0,0,0.837414030261348,0.5164835164835165,0.05243967270710057
osteoclasts,m2_img_21_7_18,boneseg_ftclicks,points_bg,1,0,0.8214511041009463,0.47337278106508873,-0.014735114644970435
osteoclasts,m2_img_21_7_18,boneseg_ftclicks,boxes,1,0,0.836453744493392,0.521978021978022,0.052006286982248524
osteoclasts,m2_img_21_7_18,boneseg_ftclicks,points_bg,2,0,0.8215977265550994,0.4896142433234421,-0.015168500369822481
osteoclasts,m2_img_21_7_18,boneseg_ftclicks,boxes,2,0,0.8226641242168347,0.5081967213114754,0.05764030140532543
osteoclasts,m2_img_3_2_11,boneseg_learned,none,0,0,0.8943536910936268,0.3323235383217207,-0.49738235022189425
osteoclasts,m2_img_3_2_11,boneseg_ftlayer,none,0,0,0.8616552305746157,0.320695102685624,-1.4751005454881658
osteoclasts,m2_img_3_2_11,boneseg_ftlearned,none,0,0,0.8683919936030056,0.43147208121827413,-1.3991135817307696
osteoclasts,m2_img_3_2_11,boneseg_ftclicks,points_bg,0,0,0.8760719371341174,0.18220823798627003,0.914877265162721
osteoclasts,m2_img_3_2_11,boneseg_ftclicks,boxes,0,0,0.8764742268041237,0.3016917293233083,1.2319711538461537
osteoclasts,m2_img_3_2_11,boneseg_ftclicks,points_bg,1,0,0.8706703679151475,0.20541445715880546,1.1660965236686387
osteoclasts,m2_img_3_2_11,boneseg_ftclicks,boxes,1,0,0.8774650365938241,0.2780916509730069,1.1743308524408276
osteoclasts,m2_img_3_2_11,boneseg_ftclicks,points_bg,2,0,0.8639844217486993,0.22443487621097954,1.4629657451923073
osteoclasts,m2_img_3_2_11,boneseg_ftclicks,boxes,2,0,0.8746405980448534,0.3087686567164179,1.2874445266272183
osteoclasts,m2_img_19_8_2,boneseg_learned,none,0,0,0.8841324620016154,0.26611909650924026,-0.8182322485207103
osteoclasts,m2_img_19_8_2,boneseg_ftlayer,none,0,0,0.9558293521079541,0.6676312525837123,-0.07006402551775134
osteoclasts,m2_img_19_8_2,boneseg_ftlearned,none,0,0,0.9548729616989002,0.6445344129554655,0.07382003513313612
osteoclasts,m2_img_19_8_2,boneseg_ftclicks,points_bg,0,0,0.7374307156521313,0.12642614862781376,3.0926405325443787
osteoclasts,m2_img_19_8_2,boneseg_ftclicks,boxes,0,0,0.9589979482427692,0.6913275791204274,0.04276072485207075
osteoclasts,m2_img_19_8_2,boneseg_ftclicks,points_bg,1,0,0.7330976472022431,0.12538226299694188,3.1622711723372774
osteoclasts,m2_img_19_8_2,boneseg_ftclicks,boxes,1,0,0.9588642636389179,0.689272503082614,0.05301752034023652
osteoclasts,m2_img_19_8_2,boneseg_ftclicks,points_bg,2,0,0.7267739089447794,0.1228813559322034,3.26498358912722
osteoclasts,m2_img_19_8_2,boneseg_ftclicks,boxes,2,0,0.958681238736132,0.6882956878850103,0.049261510724852436
osteoclasts,m3_img_13_10_12,boneseg_learned,none,0,0,0.7021322984345703,0.176937441643324,-0.9869637573964498
osteoclasts,m3_img_13_10_12,boneseg_ftlayer,none,0,0,0.5920823517361467,0.13766305856230918,-1.971327200443787
osteoclasts,m3_img_13_10_12,boneseg_ftlearned,none,0,0,0.7206628414453133,0.2756209307933446,-1.0919875647189352
osteoclasts,m3_img_13_10_12,boneseg_ftclicks,points_bg,0,0,0.7208729789074456,0.3094193548387097,-1.0994995839497046
osteoclasts,m3_img_13_10_12,boneseg_ftclicks,boxes,0,0,0.674892903706463,0.2512286788089043,-1.407925758136095
osteoclasts,m3_img_13_10_12,boneseg_ftclicks,points_bg,1,0,0.7212781023189945,0.31108247422680413,-1.0843310835798818
osteoclasts,m3_img_13_10_12,boneseg_ftclicks,boxes,1,0,0.6719695739894714,0.24111014744145706,-1.383511695636095
osteoclasts,m3_img_13_10_12,boneseg_ftclicks,points_bg,2,0,0.7264465712529634,0.3115216833461637,-1.0317469489644973
osteoclasts,m3_img_13_10_12,boneseg_ftclicks,boxes,2,0,0.6763089249114962,0.25440369621715275,-1.4102371486686391
osteoclasts,m3_img_9_5_7,boneseg_learned,none,0,0,0.5208112984508182,0.28765469363115004,3.8403753698224854
osteoclasts,m3_img_9_5_7,boneseg_ftlayer,none,0,0,0.5147508008641883,0.1972897568752491,2.3090791420118344
osteoclasts,m3_img_9_5_7,boneseg_ftlearned,none,0,0,0.5348610116528871,0.41340388007054674,3.428947855029586
osteoclasts,m3_img_9_5_7,boneseg_ftclicks,points_bg,0,0,0.4463339435398401,0.1384297520661157,6.547591531065089
osteoclasts,m3_img_9_5_7,boneseg_ftclicks,boxes,0,0,0.8424074117290145,0.2192273135669362,0.7429675943047341
osteoclasts,m3_img_9_5_7,boneseg_ftclicks,points_bg,1,0,0.391496937012409,0.0893355667225014,8.348020294008876
osteoclasts,m3_img_9_5_7,boneseg_ftclicks,boxes,1,0,0.8542720763723151,0.22037037037037038,0.6055843195266271
osteoclasts,m3_img_9_5_7,boneseg_ftclicks,points_bg,2,0,0.4571257917200702,0.15431164901664146,6.162022697855029
osteoclasts,m3_img_9_5_7,boneseg_ftclicks,boxes,2,0,0.9066945606694561,0.41019297377535874,0.07685373520710075
osteoclasts,m3_img_11_3_9,boneseg_learned,none,0,0,0.8814681735569994,0.3734892015058451,-0.3117487980769232
osteoclasts,m3_img_11_3_9,boneseg_ftlayer,none,0,0,0.8657296854745173,0.2669500531349628,-1.4379738350591718
osteoclasts,m3_img_11_3_9,boneseg_ftlearned,none,0,0,0.93647722014219,0.6167400881057269,-0.4062268860946752
osteoclasts,m3_img_11_3_9,boneseg_ftclicks,points_bg,0,0,0.904958495231367,0.4311830216432024,-1.0551497781065096
osteoclasts,m3_img_11_3_9,boneseg_ftclicks,boxes,0,0,0.9353450094956742,0.6035233160621761,-0.4501433062130175
osteoclasts,m3_img_11_3_9,boneseg_ftclicks,points_bg,1,0,0.8993160419257417,0.4074852817493692,-1.1314256656804738
osteoclasts,m3_img_11_3_9,boneseg_ftclicks,boxes,1,0,0.9351232784257482,0.6039378238341969,-0.44349805843195284
osteoclasts,m3_img_11_3_9,boneseg_ftclicks,points_bg,2,0,0.8928251723211887,0.37814415556964703,-1.2319711538461544
osteoclasts,m3_img_11_3_9,boneseg_ftclicks,boxes,2,0,0.9369494376116893,0.6147490187977691,-0.39958163831360916
osteoclasts,m3_img_1_4_18,boneseg_learned,none,0,0,0.5343545343545344,0.1836212412028151,1.141249075443787
osteoclasts,m3_img_1_4_18,boneseg_ftlayer,none,0,0,0.8086511826124014,0.20238095238095238,-0.10574611686390532
osteoclasts,m3_img_1_4_18,boneseg_ftlearned,none,0,0,0.7126238012891055,0.2976525821596244,0.37617880917159763
osteoclasts,m3_img_1_4_18,boneseg_ftclicks,points_bg,0,0,0.8127272727272727,0.16366612111292964,-0.19040079511834324
osteoclasts,m3_img_1_4_18,boneseg_ftclicks,boxes,0,0,0.8835524272849602,0.317741935483871,-0.06601909208579886
osteoclasts,m3_img_1_4_18,boneseg_ftclicks,points_bg,1,0,0.805245599907972,0.1531986531986532,-0.20585821930473375
osteoclasts,m3_img_1_4_18,boneseg_ftclicks,boxes,1,0,0.8790658882402002,0.2977346278317152,-0.07598696375739648
osteoclasts,m3_img_1_4_18,boneseg_ftclicks,points_bg,2,0,0.802955096386933,0.1433389544688027,-0.21019207655325448
osteoclasts,m3_img_1_4_18,boneseg_ftclicks,boxes,2,0,0.886232481450948,0.3494363929146538,-0.05980723002958584
osteoclasts,m3_img_1_13_9,boneseg_learned,none,0,0,0.7819808168983726,0.4042027194066749,0.0455055011094674
osteoclasts,m3_img_1_13_9,boneseg_ftlayer,none,0,0,0.7274220032840722,0.16326530612244897,-0.23922892011834324
osteoclasts,m3_img_1_13_9,boneseg_ftlearned,none,0,0,0.7820765027322404,0.34651162790697676,0.02686991494082842
osteoclasts,m3_img_1_13_9,boneseg_ftclicks,points_bg,0,0,0.7535117943281209,0.2220496894409938,-0.2048469859467456
osteoclasts,m3_img_1_13_9,boneseg_ftclicks,boxes,0,0,0.8922774225282833,0.47492163009404387,-0.1201923076923077
osteoclasts,m3_img_1_13_9,boneseg_ftclicks,points_bg,1,0,0.7123674911660778,0.13,-0.2728885447485207
osteoclasts,m3_img_1_13_9,boneseg_ftclicks,boxes,1,0,0.891868618526264,0.47566718995290425,-0.12062569341715978
osteoclasts,m3_img_1_13_9,boneseg_ftclicks,points_bg,2,0,0.7093023255813954,0.13043478260869565,-0.27621116863905326
osteoclasts,m3_img_1_13_9,boneseg_ftclicks,boxes,2,0,0.8906134515890614,0.4716981132075472,-0.12221477440828403
osteoclasts,m3_img_17_1_10,boneseg_learned,none,0,0,0.5693876135654345,0.2338642078792959,0.8614263590976331
osteoclasts,m3_img_17_1_10,boneseg_ftlayer,none,0,0,0.6955213312090636,0.436435124508519,0.41056074334319526
osteoclasts,m3_img_17_1_10,boneseg_ftlearned,none,0,0,0.6040627484999639,0.3420523138832998,0.7767716808431953
osteoclasts,m3_img_17_1_10,boneseg_ftclicks,points_bg,0,0,0.7010269327649681,0.34979973297730305,0.2695659208579882
osteoclasts,m3_img_17_1_10,boneseg_ftclicks,boxes,0,0,0.9580252802289531,0.8585271317829457,-0.010112333579881654
osteoclasts,m3_img_17_1_10,boneseg_ftclicks,points_bg,1,0,0.7018428709990301,0.34986595174262736,0.26783237795857984
osteoclasts,m3_img_17_1_10,boneseg_ftclicks,boxes,1,0,0.957712924359738,0.8560311284046692,-0.008812176405325473
osteoclasts,m3_img_17_1_10,boneseg_ftclicks,points_bg,2,0,0.7004723802178733,0.36617842876165113,0.27693347818047337
osteoclasts,m3_img_17_1_10,boneseg_ftclicks,boxes,2,0,0.9564280584151305,0.8546511627906976,-0.014735114644970435
osteoclasts,m3_img_3_10_4,boneseg_learned,none,0,0,0.5330589484864577,0.18427518427518427,0.6301428439349113
osteoclasts,m3_img_3_10_4,boneseg_ftlayer,none,0,0,0.3029952250036174,0.0,-0.5476550943047337
osteoclasts,m3_img_3_10_4,boneseg_ftlearned,none,0,0,0.5011834928475867,0.03110273327049953,-0.14229497965976332
osteoclasts,m3_img_3_10_4,boneseg_ftclicks,points_bg,0,0,0.48226950354609927,0.0,-0.30351446930473375
osteoclasts,m3_img_3_10_4,boneseg_ftclicks,boxes,0,0,0.7516621952642015,0.1648793565683646,-0.3075594027366864
osteoclasts,m3_img_3_10_4,boneseg_ftclicks,points_bg,1,0,0.4851073655045024,0.0,-0.29470229289940825
osteoclasts,m3_img_3_10_4,boneseg_ftclicks,boxes,1,0,0.7487431310651234,0.14745308310991956,-0.31044864090236685
osteoclasts,m3_img_3_10_4,boneseg_ftclicks,points_bg,2,0,0.48177570093457944,0.0,-0.3094374075443787
osteoclasts,m3_img_3_10_4,boneseg_ftclicks,boxes,2,0,0.7070194514920866,0.07366984993178717,-0.3503201275887574
osteoclasts,m3_img_21_11_14,boneseg_learned,none,0,0,0.7299575385005387,0.1604997597308986,1.176497781065089
osteoclasts,m3_img_21_11_14,boneseg_ftlayer,none,0,0,0.9228872081552121,0.5384615384615384,0.1320381841715977
osteoclasts,m3_img_21_11_14,boneseg_ftlearned,none,0,0,0.8588528307497862,0.34572490706319703,0.5037386741863905
osteoclasts,m3_img_21_11_14,boneseg_ftclicks,points_bg,0,0,0.9077012992851684,0.34233261339092874,-0.16916489460059164
osteoclasts,m3_img_21_11_14,boneseg_ftclicks,boxes,0,0,0.9618718244310661,0.6602272727272728,0.0010112333579882088
osteoclasts,m3_img_21_11_14,boneseg_ftclicks,points_bg,1,0,0.9159570199295555,0.38064516129032255,-0.14229497965976332
osteoclasts,m3_img_21_11_14,boneseg_ftclicks,boxes,1,0,0.961566290700149,0.6515323496027242,0.011701414571006069
osteoclasts,m3_img_21_11_14,boneseg_ftclicks,points_bg,2,0,0.9098401039100641,0.35490830636461707,-0.15703009430473366
osteoclasts,m3_img_21_11_14,boneseg_ftclicks,boxes,2,0,0.9601293561976086,0.6375,0.012568186020710248
osteoclasts,m3_img_13_5_6,boneseg_learned,none,0,0,0.1224366342024076,0.04148629148629149,1.555710290310651
osteoclasts,m3_img_13_5_6,boneseg_ftlayer,none,0,0,0.0,0.0,-0.10357918823964492
osteoclasts,m3_img_13_5_6,boneseg_ftlearned,none,0,0,0.04892290696756885,0.0,0.9983762481508874
osteoclasts,m3_img_13_5_6,boneseg_ftclicks,points_bg,0,0,0.40927258193445243,0.2778409090909091,0.7941071098372783
osteoclasts,m3_img_13_5_6,boneseg_ftclicks,boxes,0,0,0.7911662146454862,0.5718270571827058,-0.08667714497041416
osteoclasts,m3_img_13_5_6,boneseg_ftclicks,points_bg,1,0,0.15527382041563195,0.01085972850678733,0.2728885447485207
osteoclasts,m3_img_13_5_6,boneseg_ftclicks,boxes,1,0,0.7682672233820459,0.5558620689655173,-0.07121972078402362
osteoclasts,m3_img_13_5_6,boneseg_ftclicks,points_bg,2,0,0.17879735835940216,0.08597528210639441,1.2456950351331362
osteoclasts,m3_img_13_5_6,boneseg_ftclicks,boxes,2,0,0.7548438117833136,0.4880450070323488,-0.10170118343195261
osteoclasts,m3_img_11_4_18,boneseg_learned,none,0,0,0.7506443298969072,0.3293543136190993,0.6012504622781069
osteoclasts,m3_img_11_4_18,boneseg_ftlayer,none,0,0,0.8292585808712272,0.4384272997032641,-0.2548308062130175
osteoclasts,m3_img_11_4_18,boneseg_ftlearned,none,0,0,0.7636018056545498,0.3705308775731311,0.3734340329142015
osteoclasts,m3_img_11_4_18,boneseg_ftclicks,points_bg,0,0,0.7796519051139036,0.40011191941801905,0.4166281434911243
osteoclasts,m3_img_11_4_18,boneseg_ftclicks,boxes,0,0,0.8999028182701652,0.49278499278499277,-0.017913276627218658
osteoclasts,m3_img_11_4_18,boneseg_ftclicks,points_bg,1,0,0.7811654948620876,0.3952569169960474,0.3909139238165681
osteoclasts,m3_img_11_4_18,boneseg_ftclicks,boxes,1,0,0.8968485555879778,0.4514978601997147,0.07772050665680492
osteoclasts,m3_img_11_4_18,boneseg_ftclicks,points_bg,2,0,0.7622870507917444,0.37012987012987014,0.6877831453402369
osteoclasts,m3_img_11_4_18,boneseg_ftclicks,boxes,2,0,0.8941496999374102,0.4498963372494817,0.040882720044378706
osteoclasts,m3_img_5_9_10,boneseg_learned,none,0,0,0.8461833245132211,0.3385918784691791,0.47513521634615363
osteoclasts,m3_img_5_9_10,boneseg_ftlayer,none,0,0,0.8767301673982903,0.40177537630258586,-0.5632569803994083
osteoclasts,m3_img_5_9_10,boneseg_ftlearned,none,0,0,0.8834346237273563,0.37504369101712687,-0.04868366309171632
osteoclasts,m3_img_5_9_10,boneseg_ftclicks,points_bg,0,0,0.7543883156907409,0.15827523883294603,2.261840098002958
osteoclasts,m3_img_5_9_10,boneseg_ftclicks,boxes,0,0,0.7953794330748697,0.12999010227647642,1.6506217640532541
osteoclasts,m3_img_5_9_10,boneseg_ftclicks,points_bg,1,0,0.7257318952234206,0.137104506232023,2.6843911797337277
osteoclasts,m3_img_5_9_10,boneseg_ftclicks,boxes,1,0,0.7855587069276212,0.12322899505766062,1.777892705251479
osteoclasts,m3_img_5_9_10,boneseg_ftclicks,points_bg,2,0,0.7483229886921523,0.1502394756743131,2.3574738812869827
osteoclasts,m3_img_5_9_10,boneseg_ftclicks,boxes,2,0,0.7969063305643083,0.12817133443163098,1.6364644970414197
osteoclasts,m3_img_33_18_11,boneseg_learned,none,0,0,0.6930804831245061,0.293713163064833,0.19834620007396453
osteoclasts,m3_img_33_18_11,boneseg_ftlayer,none,0,0,0.48226950354609927,0.07543859649122807,-0.36852232803254437
osteoclasts,m3_img_33_18_11,boneseg_ftlearned,none,0,0,0.8505324043644013,0.5029377203290247,0.017479890902366915
osteoclasts,m3_img_33_18_11,boneseg_ftclicks,points_bg,0,0,0.8629008531921153,0.6026986506746627,-0.09938979289940827
osteoclasts,m3_img_33_18_11,boneseg_ftclicks,boxes,0,0,0.8954387836756469,0.5618631732168851,0.0017335428994082712
osteoclasts,m3_img_33_18_11,boneseg_ftclicks,points_bg,1,0,0.8448716023426941,0.5513016845329249,-0.11946999815088755
osteoclasts,m3_img_33_18_11,boneseg_ftclicks,boxes,1,0,0.8950261429145998,0.5605839416058395,-0.003900471523668632
osteoclasts,m3_img_33_18_11,boneseg_ftclicks,points_bg,2,0,0.8747468903673705,0.6203288490284006,-0.08263221153846151
osteoclasts,m3_img_33_18_11,boneseg_ftclicks,boxes,2,0,0.8951219512195122,0.5885797950219619,-0.015312962278106468
osteoclasts,m3_img_15_7_4,boneseg_learned,none,0,0,0.7463745946276693,0.2793034159410583,-0.2234825721153846
osteoclasts,m3_img_15_7_4,boneseg_ftlayer,none,0,0,0.8881950989632422,0.5094339622641509,-0.13203818417159754
osteoclasts,m3_img_15_7_4,boneseg_ftlearned,none,0,0,0.891116738153067,0.5184478371501272,0.21105884800295874
osteoclasts,m3_img_15_7_4,boneseg_ftclicks,points_bg,0,0,0.8909326584778717,0.5965058236272879,-0.24399616309171596
osteoclasts,m3_img_15_7_4,boneseg_ftclicks,boxes,0,0,0.9316093909493025,0.6916334661354582,-0.0369822485207099
osteoclasts,m3_img_15_7_4,boneseg_ftclicks,points_bg,1,0,0.8956249616493833,0.6184538653366584,-0.23012781989644962
osteoclasts,m3_img_15_7_4,boneseg_ftclicks,boxes,1,0,0.9324362526149149,0.6902866242038217,-0.029325767381656667
osteoclasts,m3_img_15_7_4,boneseg_ftclicks,points_bg,2,0,0.8885588763071592,0.5868113522537562,-0.24977463942307682
osteoclasts,m3_img_15_7_4,boneseg_ftclicks,boxes,2,0,0.9317123054198386,0.6900958466453674,-0.04160502958579868
osteoclasts,m3_img_23_4_7,boneseg_learned,none,0,0,0.7746983158732264,0.21065573770491802,0.3553762943786983
osteoclasts,m3_img_23_4_7,boneseg_ftlayer,none,0,0,0.8681622088006903,0.43626806833114323,-0.14908468934911245
osteoclasts,m3_img_23_4_7,boneseg_ftlearned,none,0,0,0.8478940318499777,0.3064853556485356,0.11788091715976332
osteoclasts,m3_img_23_4_7,boneseg_ftclicks,points_bg,0,0,0.866325522937427,0.4726027397260274,-0.21423700998520712
osteoclasts,m3_img_23_4_7,boneseg_ftclicks,boxes,0,0,0.9345477994518782,0.6227390180878553,-0.031203772189349055
osteoclasts,m3_img_23_4_7,boneseg_ftclicks,points_bg,1,0,0.8637754183912183,0.46776406035665297,-0.2178485576923077
osteoclasts,m3_img_23_4_7,boneseg_ftclicks,boxes,1,0,0.9349455864570737,0.6253229974160207,-0.031348234097633085
osteoclasts,m3_img_23_4_7,boneseg_ftclicks,points_bg,2,0,0.8717948717948718,0.48435374149659866,-0.20643606693786987
osteoclasts,m3_img_23_4_7,boneseg_ftclicks,boxes,2,0,0.9337844369260513,0.6149870801033591,-0.03004807692307699
osteoclasts,m3_img_13_9_9,boneseg_learned,none,0,0,0.30621127553894206,0.1318038686459739,-0.14489529400887585
osteoclasts,m3_img_13_9_9,boneseg_ftlayer,none,0,0,0.12271922395873432,0.0,-1.0896761741863905
osteoclasts,m3_img_13_9_9,boneseg_ftlearned,none,0,0,0.16150635737163932,0.04275427542754275,0.010690181213017687
osteoclasts,m3_img_13_9_9,boneseg_ftclicks,points_bg,0,0,0.13682474413140236,0.05374538125629829,16.21599366678994
osteoclasts,m3_img_13_9_9,boneseg_ftclicks,boxes,0,0,0.6333188071966631,0.12918254976704785,1.6748913646449703
osteoclasts,m3_img_13_9_9,boneseg_ftclicks,points_bg,1,0,0.12634436136433475,0.047867950481430534,19.600013868343193
osteoclasts,m3_img_13_9_9,boneseg_ftclicks,boxes,1,0,0.7737249454256797,0.3456539398862713,0.6736258783284023
osteoclasts,m3_img_13_9_9,boneseg_ftclicks,points_bg,2,0,0.17493774280306804,0.08125331917153479,11.536439071745564
osteoclasts,m3_img_13_9_9,boneseg_ftclicks,boxes,2,0,0.7779798607106418,0.36762860727728985,0.2905128975591715
osteoclasts,m3_img_21_17_4,boneseg_learned,none,0,0,0.0,0.0,0.7000624075443787
osteoclasts,m3_img_21_17_4,boneseg_ftlayer,none,0,0,0.0,0.0,-0.004767242973372781
osteoclasts,m3_img_21_17_4,boneseg_ftlearned,none,0,0,0.0,0.0,0.37560096153846156
osteoclasts,m3_img_21_17_4,boneseg_ftclicks,points_bg,0,0,0.0013990164490418858,0.01610452749924035,6.805600499260354
osteoclasts,m3_img_21_17_4,boneseg_ftclicks,boxes,0,0,0.584070796460177,0.9736842105263158,0.006789709689349112
osteoclasts,m3_img_21_17_4,boneseg_ftclicks,points_bg,1,0,0.04480651731160896,0.17434210526315788,0.20325790495562135
osteoclasts,m3_img_21_17_4,boneseg_ftclicks,boxes,1,0,0.5454545454545454,0.9125,0.007945404955621302
osteoclasts,m3_img_21_17_4,boneseg_ftclicks,points_bg,2,0,0.02384393063583815,0.1444141689373297,0.39033607618343197
osteoclasts,m3_img_21_17_4,boneseg_ftclicks,boxes,2,0,0.584070796460177,0.9736842105263158,0.006789709689349112
osteoclasts,m3_img_15_10_13,boneseg_learned,none,0,0,0.7614172438020677,0.27595936794582393,1.5415530232988164
osteoclasts,m3_img_15_10_13,boneseg_ftlayer,none,0,0,0.9177740235507703,0.5894645189377449,0.07439788276627189
osteoclasts,m3_img_15_10_13,boneseg_ftlearned,none,0,0,0.8390075266935061,0.3978779840848806,0.947670118343195
osteoclasts,m3_img_15_10_13,boneseg_ftclicks,points_bg,0,0,0.9243939558647679,0.5551366635249765,-0.3391965606508878
osteoclasts,m3_img_15_10_13,boneseg_ftclicks,boxes,0,0,0.9544280252144259,0.7551789077212806,-0.06298539201183458
osteoclasts,m3_img_15_10_13,boneseg_ftclicks,points_bg,1,0,0.9254759451103759,0.5583254938852305,-0.3279285318047338
osteoclasts,m3_img_15_10_13,boneseg_ftclicks,boxes,1,0,0.9553668513436545,0.762241054613936,-0.07483126849112433
osteoclasts,m3_img_15_10_13,boneseg_ftclicks,points_bg,2,0,0.9244709712425393,0.5524212505876822,-0.32995099852071025
osteoclasts,m3_img_15_10_13,boneseg_ftclicks,boxes,2,0,0.9543803197010587,0.7620169651272385,-0.08783284023668667
osteoclasts,m3_img_25_7_13,boneseg_learned,none,0,0,0.728401833640246,0.044444444444444446,1.9534139238165678
osteoclasts,m3_img_25_7_13,boneseg_ftlayer,none,0,0,0.8723751033423881,0.3463722397476341,0.6950062407544376
osteoclasts,m3_img_25_7_13,boneseg_ftlearned,none,0,0,0.842617850621097,0.23563551944283226,0.9871082193047335
osteoclasts,m3_img_25_7_13,boneseg_ftclicks,points_bg,0,0,0.9042892591279688,0.5042071197411003,0.28458995931952663
osteoclasts,m3_img_25_7_13,boneseg_ftclicks,boxes,0,0,0.9249199679871949,0.3827072997873848,0.3553762943786981
osteoclasts,m3_img_25_7_13,boneseg_ftclicks,points_bg,1,0,0.905563596658287,0.5146198830409356,0.2682657636834319
osteoclasts,m3_img_25_7_13,boneseg_ftclicks,boxes,1,0,0.9313483880702107,0.37437722419928826,0.323883598372781
osteoclasts,m3_img_25_7_13,boneseg_ftclicks,points_bg,2,0,0.9042347923225348,0.509090909090909,0.26927699704142016
osteoclasts,m3_img_25_7_13,boneseg_ftclicks,boxes,2,0,0.9281607030759573,0.38647686832740213,0.33240685096153844
osteoclasts,m3_img_29_14_1,boneseg_learned,none,0,0,0.9103274870674554,0.49375,0.21568162906804786
osteoclasts,m3_img_29_14_1,boneseg_ftlayer,none,0,0,0.8869024661388025,0.4349863334634908,-0.42630709134615363
osteoclasts,m3_img_29_14_1,boneseg_ftlearned,none,0,0,0.9291489939616807,0.6904585798816568,0.12033676960059164
osteoclasts,m3_img_29_14_1,boneseg_ftclicks,points_bg,0,0,0.8401896460897467,0.278023302531137,-0.7607364090236685
osteoclasts,m3_img_29_14_1,boneseg_ftclicks,boxes,0,0,0.9155529773989871,0.5499807024314937,-0.31882743158283994
osteoclasts,m3_img_29_14_1,boneseg_ftclicks,points_bg,1,0,0.8567667935881164,0.3337311058074781,-0.647478272928994
osteoclasts,m3_img_29_14_1,boneseg_ftclicks,boxes,1,0,0.9199059034390052,0.551978277734678,-0.34569734652366846
osteoclasts,m3_img_29_14_1,boneseg_ftclicks,points_bg,2,0,0.8605119086612699,0.3411159477641472,-0.6191637389053252
osteoclasts,m3_img_29_14_1,boneseg_ftclicks,boxes,2,0,0.92909054316957,0.5799531981279251,-0.3335625462278103
osteoclasts,m3_img_33_6_3,boneseg_learned,none,0,0,0.8387478626857819,0.4021164021164021,-0.16035271819526617
osteoclasts,m3_img_33_6_3,boneseg_ftlayer,none,0,0,0.7038558786346397,0.13138686131386862,-0.5287305843195266
osteoclasts,m3_img_33_6_3,boneseg_ftlearned,none,0,0,0.8580318467451651,0.47218453188602444,0.01083464312130189
osteoclasts,m3_img_33_6_3,boneseg_ftclicks,points_bg,0,0,0.8769716088328076,0.5499593826157595,-0.20470252403846143
osteoclasts,m3_img_33_6_3,boneseg_ftclicks,boxes,0,0,0.8929210640004938,0.5450274079874706,-0.016324195636094677
osteoclasts,m3_img_33_6_3,boneseg_ftclicks,points_bg,1,0,0.8799626342830453,0.5529695024077047,-0.19198987610946733
osteoclasts,m3_img_33_6_3,boneseg_ftclicks,boxes,1,0,0.8929325549621165,0.5807962529274004,-0.030914848372780995
osteoclasts,m3_img_33_6_3,boneseg_ftclicks,points_bg,2,0,0.8720938114281841,0.51681706316653,-0.2257939626479289
osteoclasts,m3_img_33_6_3,boneseg_ftclicks,boxes,2,0,0.891511182503398,0.5626934984520123,-0.01878004807692301
osteoclasts,m4_img_19_6_14,boneseg_learned,none,0,0,0.8898045248674061,0.4889531825355076,0.6935616216715984
osteoclasts,m4_img_19_6_14,boneseg_ftlayer,none,0,0,0.8502440766757947,0.38322465915826914,-0.6012504622781057
osteoclasts,m4_img_19_6_14,boneseg_ftlearned,none,0,0,0.8696674369536823,0.37452033768227166,1.6436875924556213
osteoclasts,m4_img_19_6_14,boneseg_ftclicks,points_bg,0,0,0.8720111004743517,0.3484805452996308,0.6958730122041429
osteoclasts,m4_img_19_6_14,boneseg_ftclicks,boxes,0,0,0.9129922693106624,0.2998776009791922,0.7572693232248531
osteoclasts,m4_img_19_6_14,boneseg_ftclicks,points_bg,1,0,0.8645774925757481,0.30345781466113414,1.17794240014793
osteoclasts,m4_img_19_6_14,boneseg_ftclicks,boxes,1,0,0.9109579526633542,0.2916156670746634,0.784861547707101
osteoclasts,m4_img_19_6_14,boneseg_ftclicks,points_bg,2,0,0.8717022123275148,0.3481838819523269,0.6973176312869824
osteoclasts,m4_img_19_6_14,boneseg_ftclicks,boxes,2,0,0.9137281422084823,0.2799754676479608,0.7233207747781065
osteoclasts,m4_img_23_8_3,boneseg_learned,none,0,0,0.920080760494658,0.48826714801444043,-0.038426867603550546
osteoclasts,m4_img_23_8_3,boneseg_ftlayer,none,0,0,0.952376817885826,0.5535714285714286,-0.14518421782544408
osteoclasts,m4_img_23_8_3,boneseg_ftlearned,none,0,0,0.8991842629093322,0.5937254901960785,0.22839427699704146
osteoclasts,m4_img_23_8_3,boneseg_ftclicks,points_bg,0,0,0.9383032283707989,0.40634920634920635,-0.20181328587278116
osteoclasts,m4_img_23_8_3,boneseg_ftclicks,boxes,0,0,0.969335604770017,0.7776617954070981,-0.08089866863905323
osteoclasts,m4_img_23_8_3,boneseg_ftclicks,points_bg,1,0,0.9369417175201202,0.3978835978835979,-0.20600268121301785
osteoclasts,m4_img_23_8_3,boneseg_ftclicks,boxes,1,0,0.9696299447043811,0.7792887029288703,-0.07656481139053269
osteoclasts,m4_img_23_8_3,boneseg_ftclicks,points_bg,2,0,0.9361419657476656,0.391304347826087,-0.20845853365384637
osteoclasts,m4_img_23_8_3,boneseg_ftclicks,boxes,2,0,0.9676950687975386,0.740041928721174,-0.09216669748520721
osteoclasts,m4_img_9_8_2,boneseg_learned,none,0,0,0.8385394115585245,0.26292895118414694,-0.0039004715236691523
osteoclasts,m4_img_9_8_2,boneseg_ftlayer,none,0,0,0.6036715198250561,0.0,-1.989818324704142
osteoclasts,m4_img_9_8_2,boneseg_ftlearned,none,0,0,0.8628995291078051,0.3769820971867008,-0.07714265902366915
osteoclasts,m4_img_9_8_2,boneseg_ftclicks,points_bg,0,0,0.8700121377636171,0.39044401544401547,0.606740014792899
osteoclasts,m4_img_9_8_2,boneseg_ftclicks,boxes,0,0,0.9136854060193073,0.46212534059945504,0.11268028846153841
osteoclasts,m4_img_9_8_2,boneseg_ftclicks,points_bg,1,0,0.8452372328866353,0.33176771989752346,0.9667390902366859
osteoclasts,m4_img_9_8_2,boneseg_ftclicks,boxes,1,0,0.9099308091097976,0.4593118514472966,0.15096269415680458
osteoclasts,m4_img_9_8_2,boneseg_ftclicks,points_bg,2,0,0.8634900669601568,0.3283442469597755,0.7994522004437871
osteoclasts,m4_img_9_8_2,boneseg_ftclicks,boxes,2,0,0.9179539993134226,0.4624591947769314,0.14345067492603503
osteoclasts,m4_img_3_18_20,boneseg_learned,none,0,0,0.8090108338704233,0.0407673860911271,-0.830222586908284
osteoclasts,m4_img_3_18_20,boneseg_ftlayer,none,0,0,0.9224787097127523,0.26047658175842237,-0.2616205159023669
osteoclasts,m4_img_3_18_20,boneseg_ftlearned,none,0,0,0.9406788351107465,0.47685185185185186,0.09794517381656806
osteoclasts,m4_img_3_18_20,boneseg_ftclicks,points_bg,0,0,0.8924598976353186,0.10632911392405063,-0.48495862610946766
osteoclasts,m4_img_3_18_20,boneseg_ftclicks,boxes,0,0,0.9353042914279537,0.3705541770057899,-0.19155649038461559
osteoclasts,m4_img_3_18_20,boneseg_ftclicks,points_bg,1,0,0.8891248816050056,0.09206081081081081,-0.5040275980029586
osteoclasts,m4_img_3_18_20,boneseg_ftclicks,boxes,1,0,0.9325827491948361,0.36951118475559236,-0.19950189534023688
osteoclasts,m4_img_3_18_20,boneseg_ftclicks,points_bg,2,0,0.8889973864843908,0.09628378378378379,-0.5072057599852072
osteoclasts,m4_img_3_18_20,boneseg_ftclicks,boxes,2,0,0.9338243257879346,0.3637116818558409,-0.201957747781065
osteoclasts,m4_img_9_16_9,boneseg_learned,none,0,0,0.7937310414560161,0.17096336499321574,0.40593796227810647
osteoclasts,m4_img_9_16_9,boneseg_ftlayer,none,0,0,0.8170578666046944,0.2770961145194274,-0.8072531434911243
osteoclasts,m4_img_9_16_9,boneseg_ftlearned,none,0,0,0.8410733102513924,0.2489768076398363,0.6538345968934912
osteoclasts,m4_img_9_16_9,boneseg_ftclicks,points_bg,0,0,0.8337366182724739,0.26258040105940217,0.8572369637573962
osteoclasts,m4_img_9_16_9,boneseg_ftclicks,boxes,0,0,0.8767525208445526,0.36703483432455397,0.7559691660502958
osteoclasts,m4_img_9_16_9,boneseg_ftclicks,points_bg,1,0,0.8425302826379543,0.25789068514241725,0.7046851886094669
osteoclasts,m4_img_9_16_9,boneseg_ftclicks,boxes,1,0,0.8807843137254902,0.3728163613123136,0.7124861316568045
osteoclasts,m4_img_9_16_9,boneseg_ftclicks,points_bg,2,0,0.8444016319129647,0.25277337559429475,0.6249422152366859
osteoclasts,m4_img_9_16_9,boneseg_ftclicks,boxes,2,0,0.8818806048553525,0.35296628254374735,0.6766595784023666
osteoclasts,m4_img_3_15_20,boneseg_learned,none,0,0,0.8609981438611859,0.1925207756232687,-0.5089393028846159
osteoclasts,m4_img_3_15_20,boneseg_ftlayer,none,0,0,0.591841712969237,0.21184371184371184,-2.1058212370562135
osteoclasts,m4_img_3_15_20,boneseg_ftlearned,none,0,0,0.8761324790316254,0.32603092783505155,0.2977359929733726
osteoclasts,m4_img_3_15_20,boneseg_ftclicks,points_bg,0,0,0.8689935502602708,0.27760891590678827,-0.4699345876479293
osteoclasts,m4_img_3_15_20,boneseg_ftclicks,boxes,0,0,0.9031764730196127,0.29259259259259257,-0.4456649870562136
osteoclasts,m4_img_3_15_20,boneseg_ftclicks,points_bg,1,0,0.8578187040635296,0.2534351145038168,-0.5957609097633141
osteoclasts,m4_img_3_15_20,boneseg_ftclicks,boxes,1,0,0.9144823934339423,0.30462184873949577,-0.3425191845414205
osteoclasts,m4_img_3_15_20,boneseg_ftclicks,points_bg,2,0,0.8604372566636718,0.21085594989561587,-0.6827269785502962
osteoclasts,m4_img_3_15_20,boneseg_ftclicks,boxes,2,0,0.8962394089903585,0.2841993637327678,-0.5134176220414205
osteoclasts,m4_img_13_6_8,boneseg_learned,none,0,0,0.878462047742236,0.3325569358178054,-0.13940574149408289
osteoclasts,m4_img_13_6_8,boneseg_ftlayer,none,0,0,0.8683824097689157,0.19618869103405187,-0.7069965791420121
osteoclasts,m4_img_13_6_8,boneseg_ftlearned,none,0,0,0.9102015171964444,0.4105925537493445,0.4940597263313612
osteoclasts,m4_img_13_6_8,boneseg_ftclicks,points_bg,0,0,0.9082048247293487,0.3986013986013986,0.5277193509615377
osteoclasts,m4_img_13_6_8,boneseg_ftclicks,boxes,0,0,0.8950299866101066,0.42619184376794944,0.9166108080621294
osteoclasts,m4_img_13_6_8,boneseg_ftclicks,points_bg,1,0,0.9043964197931642,0.3807995331193464,0.5379761464497035
osteoclasts,m4_img_13_6_8,boneseg_ftclicks,boxes,1,0,0.8924023816426198,0.3980028530670471,1.0340583394970417
osteoclasts,m4_img_13_6_8,boneseg_ftclicks,points_bg,2,0,0.9108641573477786,0.4126891734575087,0.5053277551775148
osteoclasts,m4_img_13_6_8,boneseg_ftclicks,boxes,2,0,0.8929485739950596,0.4063756461803561,0.9436251849112426
osteoclasts,m4_img_5_20_6,boneseg_learned,none,0,0,0.6915831054390763,0.15048975957257346,-0.5694688424556212
osteoclasts,m4_img_5_20_6,boneseg_ftlayer,none,0,0,0.0,0.0,-1.2355827015532543
osteoclasts,m4_img_5_20_6,boneseg_ftlearned,none,0,0,0.8227824693336621,0.3615269461077844,-0.12755986501479277
osteoclasts,m4_img_5_20_6,boneseg_ftclicks,points_bg,0,0,0.8320620901913556,0.43634840871021774,-0.31203772189349105
osteoclasts,m4_img_5_20_6,boneseg_ftclicks,boxes,0,0,0.8746272365805169,0.5032,-0.14590652736686388
osteoclasts,m4_img_5_20_6,boneseg_ftclicks,points_bg,1,0,0.8281470528933396,0.42533557046979864,-0.3217166697485207
osteoclasts,m4_img_5_20_6,boneseg_ftclicks,boxes,1,0,0.8775584352670461,0.4549763033175355,-0.08552144970414202
osteoclasts,m4_img_5_20_6,boneseg_ftclicks,points_bg,2,0,0.8228078452517356,0.4272497897392767,-0.32778406989644965
osteoclasts,m4_img_5_20_6,boneseg_ftclicks,boxes,2,0,0.8787731256085687,0.46956521739130436,-0.09736732618343194
osteoclasts,m4_img_19_12_16,boneseg_learned,none,0,0,0.2716669127417688,0.10230179028132992,0.5635459042159763
osteoclasts,m4_img_19_12_16,boneseg_ftlayer,none,0,0,0.0,0.0,-0.20744730029585798
osteoclasts,m4_img_19_12_16,boneseg_ftlearned,none,0,0,0.3538714008652842,0.14554579673776663,0.5534335706360947
osteoclasts,m4_img_19_12_16,boneseg_ftclicks,points_bg,0,0,0.05624534879166503,0.015897836851707065,6.9616193602070995
osteoclasts,m4_img_19_12_16,boneseg_ftclicks,boxes,0,0,0.467762793275448,0.23617021276595745,0.36707770894970415
osteoclasts,m4_img_19_12_16,boneseg_ftclicks,points_bg,1,0,0.05685327421015124,0.01666211417645452,6.882743158284023
osteoclasts,m4_img_19_12_16,boneseg_ftclicks,boxes,1,0,0.4637408174797514,0.20726495726495728,0.35205367048816566
osteoclasts,m4_img_19_12_16,boneseg_ftclicks,points_bg,2,0,0.05385336583536471,0.01343020695728754,7.2892589681952655
osteoclasts,m4_img_19_12_16,boneseg_ftclicks,boxes,2,0,0.46197936568589987,0.2017167381974249,0.3412190273668639
osteoclasts,m4_img_1_12_7,boneseg_learned,none,0,0,0.8973107086488445,0.28086262523348615,-1.663478873890531
osteoclasts,m4_img_1_12_7,boneseg_ftlayer,none,0,0,0.9095170946514275,0.3844065166795966,-1.8285988350591698
osteoclasts,m4_img_1_12_7,boneseg_ftlearned,none,0,0,0.921661191216717,0.4823673184357542,-0.42977417714496896
osteoclasts,m4_img_1_12_7,boneseg_ftclicks,points_bg,0,0,0.9012390624803847,0.38084809874576947,-2.171551405325442
osteoclasts,m4_img_1_12_7,boneseg_ftclicks,boxes,0,0,0.9308154919413039,0.5382970451010887,-1.1652297522189339
osteoclasts,m4_img_1_12_7,boneseg_ftclicks,points_bg,1,0,0.9056184127499797,0.4057971014492754,-2.063349436020709
osteoclasts,m4_img_1_12_7,boneseg_ftclicks,boxes,1,0,0.9311070492315833,0.5381627500485531,-1.160029123520709
osteoclasts,m4_img_1_12_7,boneseg_ftclicks,points_bg,2,0,0.9048652231274738,0.4018282988871224,-2.0824184079141994
osteoclasts,m4_img_1_12_7,boneseg_ftclicks,boxes,2,0,0.9301277416244879,0.5411238576706202,-1.2114575628698208
osteoclasts,m4_img_7_11_17,boneseg_learned,none,0,0,0.801749646211244,0.20689655172413793,0.35812107063609466
osteoclasts,m4_img_7_11_17,boneseg_ftlayer,none,0,0,0.8410589410589411,0.19019019019019018,-0.11845876479289943
osteoclasts,m4_img_7_11_17,boneseg_ftlearned,none,0,0,0.8354409857328146,0.1998587570621469,0.5535780325443787
osteoclasts,m4_img_7_11_17,boneseg_ftclicks,points_bg,0,0,0.8943689702697382,0.3402985074626866,-0.07569803994082833
osteoclasts,m4_img_7_11_17,boneseg_ftclicks,boxes,0,0,0.9124806272221716,0.4158790170132325,0.15861917529585817
osteoclasts,m4_img_7_11_17,boneseg_ftclicks,points_bg,1,0,0.8892021142713314,0.36253776435045315,-0.14085036057692302
osteoclasts,m4_img_7_11_17,boneseg_ftclicks,boxes,1,0,0.9016991932212557,0.34215500945179583,0.19459019045857984
osteoclasts,m4_img_7_11_17,boneseg_ftclicks,points_bg,2,0,0.8903316724545774,0.36683417085427134,-0.1402725129437869
osteoclasts,m4_img_7_11_17,boneseg_ftclicks,boxes,2,0,0.9002988318391741,0.33048433048433046,0.17999953772189353
osteoclasts,m4_img_1_18_4,boneseg_learned,none,0,0,0.8276636887078828,0.21632155907429965,-0.4696456638313612
osteoclasts,m4_img_1_18_4,boneseg_ftlayer,none,0,0,0.7843936490889787,0.2786259541984733,-2.004986825073965
osteoclasts,m4_img_1_18_4,boneseg_ftlearned,none,0,0,0.8447151646464853,0.391725768321513,0.29267982618343125
osteoclasts,m4_img_1_18_4,boneseg_ftclicks,points_bg,0,0,0.83989773355445,0.36852589641434264,-1.2984236316568045
osteoclasts,m4_img_1_18_4,boneseg_ftclicks,boxes,0,0,0.8750170648464164,0.3755854800936768,-1.1441383136094676
osteoclasts,m4_img_1_18_4,boneseg_ftclicks,points_bg,1,0,0.8355535940349125,0.3668690372940156,-1.4040252866124259
osteoclasts,m4_img_1_18_4,boneseg_ftclicks,boxes,1,0,0.8797681734639801,0.3695398951659872,-1.0304467917899407
osteoclasts,m4_img_1_18_4,boneseg_ftclicks,points_bg,2,0,0.8458218290415281,0.3552048726467331,-1.023512620192308
osteoclasts,m4_img_1_18_4,boneseg_ftclicks,boxes,2,0,0.8796579657965796,0.3520348837209302,-1.0025656434911248
osteoclasts,m4_img_9_11_9,boneseg_learned,none,0,0,0.8957170497885995,0.3374732334047109,-0.6854717548076927
osteoclasts,m4_img_9_11_9,boneseg_ftlayer,none,0,0,0.8846456626970169,0.3584486166007905,-1.5789686575443787
osteoclasts,m4_img_9_11_9,boneseg_ftlearned,none,0,0,0.9305957508222622,0.37544563279857396,0.18967848557692318
osteoclasts,m4_img_9_11_9,boneseg_ftclicks,points_bg,0,0,0.9265015290998255,0.4532986521636321,-0.35869891826923045
osteoclasts,m4_img_9_11_9,boneseg_ftclicks,boxes,0,0,0.9134115851046429,0.36801354947979675,-0.2812673354289946
osteoclasts,m4_img_9_11_9,boneseg_ftclicks,points_bg,1,0,0.9225314606570598,0.35086906141367324,0.15861917529585712
osteoclasts,m4_img_9_11_9,boneseg_ftclicks,boxes,1,0,0.9153992246236914,0.41126487011410534,-0.42096200073964557
osteoclasts,m4_img_9_11_9,boneseg_ftclicks,points_bg,2,0,0.92441321196686,0.45851114272166904,-0.45043223002958627
osteoclasts,m4_img_9_11_9,boneseg_ftclicks,boxes,2,0,0.9110924657002129,0.33486017357762776,-0.23373936760355124
osteoclasts,m4_img_3_5_9,boneseg_learned,none,0,0,0.8198485939899697,0.13134784268804886,-3.2833302514792897
osteoclasts,m4_img_3_5_9,boneseg_ftlayer,none,0,0,0.8356523986344038,0.2516021837170662,-3.2995099852071013
osteoclasts,m4_img_3_5_9,boneseg_ftlearned,none,0,0,0.9284681690850524,0.4098257400797817,-0.45837763498520756
osteoclasts,m4_img_3_5_9,boneseg_ftclicks,points_bg,0,0,0.9242046691665659,0.4028809363042989,-0.6561459874260365
osteoclasts,m4_img_3_5_9,boneseg_ftclicks,boxes,0,0,0.9268123767489905,0.3248811410459588,0.0725198779585795
osteoclasts,m4_img_3_5_9,boneseg_ftclicks,points_bg,1,0,0.9241361222214937,0.3842429577464789,-0.3064037074704151
osteoclasts,m4_img_3_5_9,boneseg_ftclicks,boxes,1,0,0.9279663258887367,0.33627717391304346,0.0316371579142008
osteoclasts,m4_img_3_5_9,boneseg_ftclicks,points_bg,2,0,0.9206955123011086,0.3771556550951848,-0.4725349019970418
osteoclasts,m4_img_3_5_9,boneseg_ftclicks,boxes,2,0,0.9281742000270132,0.33031469323069956,0.05850707285502965
osteoclasts,m4_img_13_11_14,boneseg_learned,none,0,0,0.8451136831853766,0.4350404312668464,0.8598372781065088
osteoclasts,m4_img_13_11_14,boneseg_ftlayer,none,0,0,0.6734118255919265,0.2746938775510204,-1.2708314071745563
osteoclasts,m4_img_13_11_14,boneseg_ftlearned,none,0,0,0.7962623597881466,0.22208161974058843,0.31998312684911256
osteoclasts,m4_img_13_11_14,boneseg_ftclicks,points_bg,0,0,0.7836874317390319,0.21257381035081627,0.15674117048816577
osteoclasts,m4_img_13_11_14,boneseg_ftclicks,boxes,0,0,0.833451660054291,0.2546245919477693,0.06471893491124259
osteoclasts,m4_img_13_11_14,boneseg_ftclicks,points_bg,1,0,0.7886680282288233,0.20497953615279674,0.29051289755917187
osteoclasts,m4_img_13_11_14,boneseg_ftclicks,boxes,1,0,0.8388961559559475,0.2538293216630197,-0.006356323964497312
osteoclasts,m4_img_13_11_14,boneseg_ftclicks,points_bg,2,0,0.7797974868854459,0.2038700760193504,0.2513637204142015
osteoclasts,m4_img_13_11_14,boneseg_ftclicks,boxes,2,0,0.8414342300709688,0.2745238950772548,0.14879576553254448
osteoclasts,m4_img_11_10_18,boneseg_learned,none,0,0,0.8272858023423053,0.3108288770053476,0.3000473835059175
osteoclasts,m4_img_11_10_18,boneseg_ftlayer,none,0,0,0.9125528913963329,0.3698510078878177,0.0621186205621304
osteoclasts,m4_img_11_10_18,boneseg_ftlearned,none,0,0,0.8119793004734466,0.1713747645951036,0.7207204604289943
osteoclasts,m4_img_11_10_18,boneseg_ftclicks,points_bg,0,0,0.5351123933165044,0.0071090047393364926,2.793459920488166
osteoclasts,m4_img_11_10_18,boneseg_ftclicks,boxes,0,0,0.9338142627439051,0.4900086880973067,0.10877981693786995
osteoclasts,m4_img_11_10_18,boneseg_ftclicks,points_bg,1,0,0.4220566205889603,0.0036596523330283625,4.403054502588757
osteoclasts,m4_img_11_10_18,boneseg_ftclicks,boxes,1,0,0.9281634066124286,0.4427083333333333,0.12279262204142015
osteoclasts,m4_img_11_10_18,boneseg_ftclicks,points_bg,2,0,0.5140178282758302,0.005519779208831647,3.040056397928994
osteoclasts,m4_img_11_10_18,boneseg_ftclicks,boxes,2,0,0.930595269040811,0.48434782608695653,0.11903661242603572
osteoclasts,m4_img_23_9_20,boneseg_learned,none,0,0,0.848323976893662,0.11960208003617455,-1.3914571005917156
osteoclasts,m4_img_23_9_20,boneseg_ftlayer,none,0,0,0.651874235197163,0.02655122655122655,-4.026731231508875
osteoclasts,m4_img_23_9_20,boneseg_ftlearned,none,0,0,0.8899226704209259,0.2624908603460882,-1.4356624445266266
osteoclasts,m4_img_23_9_20,boneseg_ftclicks,points_bg,0,0,0.8186253157940587,0.2225746761829236,-2.329881656804733
osteoclasts,m4_img_23_9_20,boneseg_ftclicks,boxes,0,0,0.8142438152141915,0.26998904709748084,-2.3464947762573956
osteoclasts,m4_img_23_9_20,boneseg_ftclicks,points_bg,1,0,0.7793157954160551,0.15319727891156462,-2.801116401627218
osteoclasts,m4_img_23_9_20,boneseg_ftclicks,boxes,1,0,0.8216012721903093,0.284041394335512,-2.2421932784763308
osteoclasts,m4_img_23_9_20,boneseg_ftclicks,points_bg,2,0,0.7884337673096083,0.17653419843200865,-2.691469813239644
osteoclasts,m4_img_23_9_20,boneseg_ftclicks,boxes,2,0,0.8181512167048527,0.2801747678864009,-2.292177098742603
osteoclasts,m4_img_15_21_13,boneseg_learned,none,0,0,0.8232136688544628,0.04607225720914816,-1.7700523002869568
osteoclasts,m4_img_15_21_13,boneseg_ftlayer,none,0,0,0.8558314208220321,0.30098864884657633,-1.5643802647412746
osteoclasts,m4_img_15_21_13,boneseg_ftlearned,none,0,0,0.895836376917458,0.47761685319289005,-0.7758261594001663
osteoclasts,m4_img_15_21_13,boneseg_ftclicks,points_bg,0,0,0.8574854738310931,0.03710144927536232,0.6113753124132191
osteoclasts,m4_img_15_21_13,boneseg_ftclicks,boxes,0,0,0.8664222328497795,0.043522267206477734,0.9532942238267159
osteoclasts,m4_img_15_21_13,boneseg_ftclicks,points_bg,1,0,0.8617308136783368,0.04893867924528302,0.48525293899842753
osteoclasts,m4_img_15_21_13,boneseg_ftclicks,boxes,1,0,0.8668267610380856,0.06798679867986798,1.0760899750069428
osteoclasts,m4_img_15_21_13,boneseg_ftclicks,points_bg,2,0,0.8656122134717762,0.05410173478388709,0.49349717671017396
osteoclasts,m4_img_15_21_13,boneseg_ftclicks,boxes,2,0,0.8802852448100695,0.06818945246892845,0.811261917985745
osteoclasts,m4_img_5_16_15,boneseg_learned,none,0,0,0.49724192277383766,0.22293739028671739,0.3484421227810652
osteoclasts,m4_img_5_16_15,boneseg_ftlayer,none,0,0,0.35041152263374487,0.24822695035460993,-0.8138983912721893
osteoclasts,m4_img_5_16_15,boneseg_ftlearned,none,0,0,0.6526655896607432,0.24443266171792152,0.554011418269231
osteoclasts,m4_img_5_16_15,boneseg_ftclicks,points_bg,0,0,0.6404007085700324,0.17861799217731422,0.14691776072485208
osteoclasts,m4_img_5_16_15,boneseg_ftclicks,boxes,0,0,0.8489941431117902,0.48728465955701394,0.05113951553254448
osteoclasts,m4_img_5_16_15,boneseg_ftclicks,points_bg,1,0,0.6389454915944982,0.18431635388739948,0.05056166789940836
osteoclasts,m4_img_5_16_15,boneseg_ftclicks,boxes,1,0,0.8588398837356249,0.5,0.0681860207100593
osteoclasts,m4_img_5_16_15,boneseg_ftclicks,points_bg,2,0,0.6395311393057255,0.1802168021680217,0.02499191013313612
osteoclasts,m4_img_5_16_15,boneseg_ftclicks,boxes,2,0,0.8637992831541219,0.5591572123176661,0.11961446005917167
osteoclasts,m4_img_19_17_14,boneseg_learned,none,0,0,0.43309002433090027,0.17902097902097902,0.5304641272189349
osteoclasts,m4_img_19_17_14,boneseg_ftlayer,none,0,0,0.0,0.0,-0.6847494452662721
osteoclasts,m4_img_19_17_14,boneseg_ftlearned,none,0,0,0.43237729509180367,0.20268817204301076,1.0381032729289938
osteoclasts,m4_img_19_17_14,boneseg_ftclicks,points_bg,0,0,0.5930801687763713,0.3106796116504854,0.34237472263313623
osteoclasts,m4_img_19_17_14,boneseg_ftclicks,boxes,0,0,0.857389801210026,0.5123456790123457,-0.032359467455621294
osteoclasts,m4_img_19_17_14,boneseg_ftclicks,points_bg,1,0,0.6103461109043543,0.29714285714285715,0.1831776997041421
osteoclasts,m4_img_19_17_14,boneseg_ftclicks,boxes,1,0,0.8586839266450917,0.5160493827160494,-0.030337000739644963
osteoclasts,m4_img_19_17_14,boneseg_ftclicks,points_bg,2,0,0.5979068197164078,0.31466666666666665,0.34208579881656814
osteoclasts,m4_img_19_17_14,boneseg_ftclicks,boxes,2,0,0.8629917901695277,0.5337423312883436,-0.014590652736686319
osteoclasts,m5_img_7_8_10,boneseg_learned,none,0,0,0.798495473188803,0.32768091712443276,-1.009644276997041
osteoclasts,m5_img_7_8_10,boneseg_ftlayer,none,0,0,0.7971621088984403,0.4141584396821575,-0.9559044471153848
osteoclasts,m5_img_7_8_10,boneseg_ftlearned,none,0,0,0.8105939867127483,0.4475703324808184,-0.5855041142751476
osteoclasts,m5_img_7_8_10,boneseg_ftclicks,points_bg,0,0,0.7807569721115538,0.3832228454869964,-1.4007026627218935
osteoclasts,m5_img_7_8_10,boneseg_ftclicks,boxes,0,0,0.7356701194902281,0.3673747276688453,-1.386689857618343
osteoclasts,m5_img_7_8_10,boneseg_ftclicks,points_bg,1,0,0.7713687263352936,0.3521271143003588,-1.4798677884615383
osteoclasts,m5_img_7_8_10,boneseg_ftclicks,boxes,1,0,0.7370216141185802,0.3622282608695652,-1.367476423816568
osteoclasts,m5_img_7_8_10,boneseg_ftclicks,points_bg,2,0,0.8047629746124466,0.42462794047047525,-0.9366910133136092
osteoclasts,m5_img_7_8_10,boneseg_ftclicks,boxes,2,0,0.7376804770872567,0.34227642276422765,-1.2886002218934909
osteoclasts,m5_img_1_2_9,boneseg_learned,none,0,0,0.7858111680728292,0.29466357308584684,-0.774460290310651
osteoclasts,m5_img_1_2_9,boneseg_ftlayer,none,0,0,0.8274259151656014,0.2731629392971246,-0.5943162906804734
osteoclasts,m5_img_1_2_9,boneseg_ftlearned,none,0,0,0.8211152610092939,0.32085561497326204,-0.40564903846153844
osteoclasts,m5_img_1_2_9,boneseg_ftclicks,points_bg,0,0,0.3635384776093018,0.013793103448275862,10.919731185281064
osteoclasts,m5_img_1_2_9,boneseg_ftclicks,boxes,0,0,0.7307361642588628,0.03612767450017538,1.5112160225591718
osteoclasts,m5_img_1_2_9,boneseg_ftclicks,points_bg,1,0,0.33708873893430863,0.01574248120300752,12.57295326368343
osteoclasts,m5_img_1_2_9,boneseg_ftclicks,boxes,1,0,0.7136333781628249,0.05357142857142857,2.179352348372781
osteoclasts,m5_img_1_2_9,boneseg_ftclicks,points_bg,2,0,0.29131414267834793,0.014487824785743435,16.026604105029584
osteoclasts,m5_img_1_2_9,boneseg_ftclicks,boxes,2,0,0.7383527454242929,0.08451634202707164,1.971038276627219
osteoclasts,m5_img_3_13_14,boneseg_learned,none,0,0,0.5387971330632596,0.11689166941060257,-2.4038461538461537
osteoclasts,m5_img_3_13_14,boneseg_ftlayer,none,0,0,0.5963209465705306,0.20360520094562648,-1.715629622781065
osteoclasts,m5_img_3_13_14,boneseg_ftlearned,none,0,0,0.6115389009482464,0.2571118937957193,-1.644409901997041
osteoclasts,m5_img_3_13_14,boneseg_ftclicks,points_bg,0,0,0.2822497283256911,0.03393311971078794,13.83482803254438
osteoclasts,m5_img_3_13_14,boneseg_ftclicks,boxes,0,0,0.5767253199268738,0.12099562111085503,2.147859652366864
osteoclasts,m5_img_3_13_14,boneseg_ftclicks,points_bg,1,0,0.21703750852882858,0.04005971634735009,23.580372827292898
osteoclasts,m5_img_3_13_14,boneseg_ftclicks,boxes,1,0,0.5562822719449225,0.05024509803921569,2.1050989275147933
osteoclasts,m5_img_3_13_14,boneseg_ftclicks,points_bg,2,0,0.3583493073890557,0.03200198461920119,8.010123890532544
osteoclasts,m5_img_3_13_14,boneseg_ftclicks,boxes,2,0,0.5818658673660547,0.0714456964756653,2.0580043454142016
osteoclasts,m5_img_1_5_17,boneseg_learned,none,0,0,0.5349996045242427,0.16150442477876106,0.37213387573964524
osteoclasts,m5_img_1_5_17,boneseg_ftlayer,none,0,0,0.6258452987494211,0.23429454170957775,-0.1617973372781063
osteoclasts,m5_img_1_5_17,boneseg_ftlearned,none,0,0,0.6018924128263536,0.2410910690717114,0.017046505177514826
osteoclasts,m5_img_1_5_17,boneseg_ftclicks,points_bg,0,0,0.3466992333265486,0.1151685393258427,5.236166327662723
osteoclasts,m5_img_1_5_17,boneseg_ftclicks,boxes,0,0,0.7591886207265338,0.29919499105545616,0.7715710521449707
osteoclasts,m5_img_1_5_17,boneseg_ftclicks,points_bg,1,0,0.4041735754438468,0.13844059887225355,3.8634892751479284
osteoclasts,m5_img_1_5_17,boneseg_ftclicks,boxes,1,0,0.759292544395715,0.29574944071588366,0.7379114275147931
osteoclasts,m5_img_1_5_17,boneseg_ftclicks,points_bg,2,0,0.2595245767543316,0.0828795324744322,8.375323594674557
osteoclasts,m5_img_1_5_17,boneseg_ftclicks,boxes,2,0,0.8001457903049447,0.3648780487804878,0.286467964127219
osteoclasts,m5_img_7_7_2,boneseg_learned,none,0,0,0.5087349397590362,0.11995451961341672,0.32792853180473364
osteoclasts,m5_img_7_7_2,boneseg_ftlayer,none,0,0,0.7202896960386261,0.26905829596412556,-0.27404424001479294
osteoclasts,m5_img_7_7_2,boneseg_ftlearned,none,0,0,0.7540101417779158,0.2665985699693565,-0.19459019045857995
osteoclasts,m5_img_7_7_2,boneseg_ftclicks,points_bg,0,0,0.7693588676103247,0.2796976241900648,-0.20253559541420124
osteoclasts,m5_img_7_7_2,boneseg_ftclicks,boxes,0,0,0.8391167192429022,0.3106904231625835,-0.12510401257396453
osteoclasts,m5_img_7_7_2,boneseg_ftclicks,points_bg,1,0,0.7499450670182377,0.23615819209039549,-0.2756333210059172
osteoclasts,m5_img_7_7_2,boneseg_ftclicks,boxes,1,0,0.8378774552917033,0.32,-0.1122469027366865
osteoclasts,m5_img_7_7_2,boneseg_ftclicks,points_bg,2,0,0.7651547265790589,0.24890350877192982,-0.22738304363905332
osteoclasts,m5_img_7_7_2,boneseg_ftclicks,boxes,2,0,0.841738784442455,0.35674470457079155,-0.13825004622781073
osteoclasts,m5_img_9_11_2,boneseg_learned,none,0,0,0.4183220829315333,0.09130913091309131,-1.6257743158284024
osteoclasts,m5_img_9_11_2,boneseg_ftlayer,none,0,0,0.40498046875,0.10183540556542332,-1.6633344119822486
osteoclasts,m5_img_9_11_2,boneseg_ftlearned,none,0,0,0.610826022181758,0.1529294935451837,-1.1311367418639053
osteoclasts,m5_img_9_11_2,boneseg_ftclicks,points_bg,0,0,0.6452258983938682,0.17334009123162697,-0.8712497688609467
osteoclasts,m5_img_9_11_2,boneseg_ftclicks,boxes,0,0,0.6970222710052049,0.2308050255932992,-0.5418766179733726
osteoclasts,m5_img_9_11_2,boneseg_ftclicks,points_bg,1,0,0.6631500187055742,0.18092428711897737,-0.7604474852071006
osteoclasts,m5_img_9_11_2,boneseg_ftclicks,boxes,1,0,0.6866664308203912,0.23276260990282277,-0.5384095321745562
osteoclasts,m5_img_9_11_2,boneseg_ftclicks,points_bg,2,0,0.6299510809531323,0.1658110882956879,-0.9600938424556213
osteoclasts,m5_img_9_11_2,boneseg_ftclicks,boxes,2,0,0.7004588923529618,0.21418701059419623,-0.49796019785502965
osteoclasts,m5_img_3_14_11,boneseg_learned,none,0,0,0.3269155590304926,0.057300193481172795,-5.91109236316568
osteoclasts,m5_img_3_14_11,boneseg_ftlayer,none,0,0,0.3456456311460898,0.08267164876226063,-5.804046089127218
osteoclasts,m5_img_3_14_11,boneseg_ftlearned,none,0,0,0.5661174834897462,0.15602931379080612,-4.389475083210059
osteoclasts,m5_img_3_14_11,boneseg_ftclicks,points_bg,0,0,0.5800798337707787,0.14127116291978906,-4.212220321745562
osteoclasts,m5_img_3_14_11,boneseg_ftclicks,boxes,0,0,0.5175650531811492,0.17155990510083036,-4.376040125739644
osteoclasts,m5_img_3_14_11,boneseg_ftclicks,points_bg,1,0,0.585130912911192,0.14711178833633468,-4.191851192677514
osteoclasts,m5_img_3_14_11,boneseg_ftclicks,boxes,1,0,0.5253328579851636,0.18105356352368304,-4.244435327292899
osteoclasts,m5_img_3_14_11,boneseg_ftclicks,points_bg,2,0,0.6231967989891545,0.17666392769104355,-3.804259892751479
osteoclasts,m5_img_3_14_11,boneseg_ftclicks,boxes,2,0,0.5284923211216891,0.18188512518409425,-4.188239644970413
osteoclasts,m5_img_3_8_13,boneseg_learned,none,0,0,0.6374664600733154,0.264669163545568,0.07006402551775169
osteoclasts,m5_img_3_8_13,boneseg_ftlayer,none,0,0,0.6415545114278888,0.2865342163355408,-0.12452616494082816
osteoclasts,m5_img_3_8_13,boneseg_ftlearned,none,0,0,0.6506908612390484,0.3567547989858747,0.41908399593195284
osteoclasts,m5_img_3_8_13,boneseg_ftclicks,points_bg,0,0,0.2138210615631187,0.013389868332961392,11.570532082100591
osteoclasts,m5_img_3_8_13,boneseg_ftclicks,boxes,0,0,0.6487997464050027,0.08616187989556136,1.2604301497781067
osteoclasts,m5_img_3_8_13,boneseg_ftclicks,points_bg,1,0,0.20768904415017014,0.012321593592771332,12.251092132026626
osteoclasts,m5_img_3_8_13,boneseg_ftclicks,boxes,1,0,0.6539383245990572,0.10606653620352251,1.7331095136834322
osteoclasts,m5_img_3_8_13,boneseg_ftclicks,points_bg,2,0,0.2711778663743782,0.018079259473531964,8.241118481878699
osteoclasts,m5_img_3_8_13,boneseg_ftclicks,boxes,2,0,0.6808600719750809,0.09691826708351943,1.024379391642012
osteoclasts,m5_img_3_5_7,boneseg_learned,none,0,0,0.7001987463690568,0.17580032555615843,-0.08422129252958574
osteoclasts,m5_img_3_5_7,boneseg_ftlayer,none,0,0,0.6783323447165495,0.31308182263596274,0.4905926405325443
osteoclasts,m5_img_3_5_7,boneseg_ftlearned,none,0,0,0.710738080816821,0.428886925795053,0.42009522928994086
osteoclasts,m5_img_3_5_7,boneseg_ftclicks,points_bg,0,0,0.7219457702853661,0.33575129533678755,-0.07396449704142015
osteoclasts,m5_img_3_5_7,boneseg_ftclicks,boxes,0,0,0.8344722481687232,0.38250428816466553,0.019502357618343333
osteoclasts,m5_img_3_5_7,boneseg_ftclicks,points_bg,1,0,0.7245725043141766,0.31953902566788894,-0.15645224667159754
osteoclasts,m5_img_3_5_7,boneseg_ftclicks,boxes,1,0,0.8243383626020282,0.40380184331797236,0.0013001571745562684
osteoclasts,m5_img_3_5_7,boneseg_ftclicks,points_bg,2,0,0.7157150075795856,0.3302373581011352,-0.060096153846153806
osteoclasts,m5_img_3_5_7,boneseg_ftclicks,boxes,2,0,0.8351163018941996,0.375,0.02484744822485209
osteoclasts,m5_img_9_15_5,boneseg_learned,none,0,0,0.33548223189050147,0.03714859437751004,-2.667778060281065
osteoclasts,m5_img_9_15_5,boneseg_ftlayer,none,0,0,0.420265058144593,0.05830508474576271,-2.235259106878698
osteoclasts,m5_img_9_15_5,boneseg_ftlearned,none,0,0,0.5194601301562382,0.12980241492864983,-1.5117938701923077
osteoclasts,m5_img_9_15_5,boneseg_ftclicks,points_bg,0,0,0.4488023593683684,0.06205083260297984,6.057721200073964
osteoclasts,m5_img_9_15_5,boneseg_ftclicks,boxes,0,0,0.5975328452512285,0.12686567164179105,1.425839034763314
osteoclasts,m5_img_9_15_5,boneseg_ftclicks,points_bg,1,0,0.4608263032662773,0.09348971613122556,6.140208949704142
osteoclasts,m5_img_9_15_5,boneseg_ftclicks,boxes,1,0,0.6067506705126259,0.11850691725398069,1.347396218565089
osteoclasts,m5_img_9_15_5,boneseg_ftclicks,points_bg,2,0,0.4949211673934921,0.13302475347152345,3.549284624630177
osteoclasts,m5_img_9_15_5,boneseg_ftclicks,boxes,2,0,0.5937608922969676,0.11299140848737307,1.0724852071005917
osteoclasts,m5_img_3_12_16,boneseg_learned,none,0,0,0.45701726399376086,0.07529034841810173,-1.7986952200443787
osteoclasts,m5_img_3_12_16,boneseg_ftlayer,none,0,0,0.6043142408410526,0.17745060054242542,-1.3667541142751478
osteoclasts,m5_img_3_12_16,boneseg_ftlearned,none,0,0,0.6441519741743233,0.22116855307433467,-0.6380882488905324
osteoclasts,m5_img_3_12_16,boneseg_ftclicks,points_bg,0,0,0.6469917669411019,0.20530367835757057,0.9693394045857988
osteoclasts,m5_img_3_12_16,boneseg_ftclicks,boxes,0,0,0.7329762459245459,0.12092391304347826,0.3293731508875738
osteoclasts,m5_img_3_12_16,boneseg_ftclicks,points_bg,1,0,0.6337172432133871,0.19767441860465115,1.1879102718195267
osteoclasts,m5_img_3_12_16,boneseg_ftclicks,boxes,1,0,0.7345297456283463,0.1162007409902324,0.41301659578402394
osteoclasts,m5_img_3_12_16,boneseg_ftclicks,points_bg,2,0,0.6607087691425041,0.22343244038857815,0.6729035687869821
osteoclasts,m5_img_3_12_16,boneseg_ftclicks,boxes,2,0,0.734985569655046,0.12537612838515547,0.433096801035503
osteoclasts,m5_img_1_3_14,boneseg_learned,none,0,0,0.5589199614271938,0.18653901943719176,-0.2874791974852069
osteoclasts,m5_img_1_3_14,boneseg_ftlayer,none,0,0,0.6647282796815507,0.3493150684931507,-0.6081846338757395
osteoclasts,m5_img_1_3_14,boneseg_ftlearned,none,0,0,0.6486375180177089,0.3564954682779456,-0.5723580806213016
osteoclasts,m5_img_1_3_14,boneseg_ftclicks,points_bg,0,0,0.25594885535655526,0.04550817461655149,10.584001710428993
osteoclasts,m5_img_1_3_14,boneseg_ftclicks,boxes,0,0,0.5654260956299483,0.14184397163120568,2.1702512481508873
osteoclasts,m5_img_1_3_14,boneseg_ftclicks,points_bg,1,0,0.288013797068123,0.04554973821989529,8.285468287721894
osteoclasts,m5_img_1_3_14,boneseg_ftclicks,boxes,1,0,0.5587946282345234,0.10066058508965084,1.3929017196745566
osteoclasts,m5_img_1_3_14,boneseg_ftclicks,points_bg,2,0,0.2469124973686057,0.04460026022842273,11.688124075443787
osteoclasts,m5_img_1_3_14,boneseg_ftclicks,boxes,2,0,0.5589897382540752,0.113909559244419,2.2994001941568047
osteoclasts,m5_img_7_10_12,boneseg_learned,none,0,0,0.7584458896114724,0.3537519142419602,-0.4866921690088757
osteoclasts,m5_img_7_10_12,boneseg_ftlayer,none,0,0,0.6765305769696132,0.3519163763066202,-0.6395328679733726
osteoclasts,m5_img_7_10_12,boneseg_ftlearned,none,0,0,0.7265145449693088,0.3971344599559148,-0.4879923261834319
osteoclasts,m5_img_7_10_12,boneseg_ftclicks,points_bg,0,0,0.5722370634213911,0.07908232118758435,2.4820000462278102
osteoclasts,m5_img_7_10_12,boneseg_ftclicks,boxes,0,0,0.6518085660573939,0.09144542772861357,1.5597552237426033
osteoclasts,m5_img_7_10_12,boneseg_ftclicks,points_bg,1,0,0.6070079233144066,0.08884235716422376,1.872948640902367
osteoclasts,m5_img_7_10_12,boneseg_ftclicks,boxes,1,0,0.6688618670178987,0.07517944843218738,1.3237044656065091
osteoclasts,m5_img_7_10_12,boneseg_ftclicks,points_bg,2,0,0.5967929544699235,0.08715336728919072,2.13659162352071
osteoclasts,m5_img_7_10_12,boneseg_ftclicks,boxes,2,0,0.6549598526033256,0.08833271991166727,1.5325963849852071
osteoclasts,m5_img_5_19_10,boneseg_learned,none,0,0,0.6912839934774604,0.2684742158426369,-0.542743389423077
osteoclasts,m5_img_5_19_10,boneseg_ftlayer,none,0,0,0.6632090407817874,0.22727272727272727,-0.6429999537721893
osteoclasts,m5_img_5_19_10,boneseg_ftlearned,none,0,0,0.6650899742930592,0.2412493268712978,-0.4793246116863905
osteoclasts,m5_img_5_19_10,boneseg_ftclicks,points_bg,0,0,0.3674818935656555,0.07271335629544584,4.96862287352071
osteoclasts,m5_img_5_19_10,boneseg_ftclicks,boxes,0,0,0.6700071119156915,0.1599128540305011,1.1796759430473374
osteoclasts,m5_img_5_19_10,boneseg_ftclicks,points_bg,1,0,0.2749803549823507,0.05414301929625426,8.292835845044378
osteoclasts,m5_img_5_19_10,boneseg_ftclicks,boxes,1,0,0.6914128126287761,0.17009659806803865,1.2682310928254437
osteoclasts,m5_img_5_19_10,boneseg_ftclicks,points_bg,2,0,0.34537739914476084,0.057536852116024724,5.426856046597632
osteoclasts,m5_img_5_19_10,boneseg_ftclicks,boxes,2,0,0.6695702849431034,0.1524008350730689,1.4207828679733727
osteoclasts,m5_img_7_9_8,boneseg_learned,none,0,0,0.7423921190705643,0.3284431793299759,-1.289322531434911
osteoclasts,m5_img_7_9_8,boneseg_ftlayer,none,0,0,0.6201602136181575,0.24310180780209326,-1.9756610576923077
osteoclasts,m5_img_7_9_8,boneseg_ftlearned,none,0,0,0.7243732857051732,0.3160118293198141,-1.240783330251479
osteoclasts,m5_img_7_9_8,boneseg_ftclicks,points_bg,0,0,0.6639962954387589,0.2300380228136882,-1.795661519970414
osteoclasts,m5_img_7_9_8,boneseg_ftclicks,boxes,0,0,0.6016066929695298,0.21631482929371906,-1.9568810096153844
osteoclasts,m5_img_7_9_8,boneseg_ftclicks,points_bg,1,0,0.670543615676359,0.23443049964480228,-1.7501560188609468
osteoclasts,m5_img_7_9_8,boneseg_ftclicks,boxes,1,0,0.6067331201805529,0.2064398857439626,-1.8901396079881654
osteoclasts,m5_img_7_9_8,boneseg_ftclicks,points_bg,2,0,0.6472197330566429,0.22390208783297336,-1.9089196560650885
osteoclasts,m5_img_7_9_8,boneseg_ftclicks,boxes,2,0,0.6054079584366513,0.21820546163849155,-1.917731832470414
osteoclasts,m5_img_1_19_3,boneseg_learned,none,0,0,0.0,0.0,-0.003471257983893363
osteoclasts,m5_img_1_19_3,boneseg_ftlayer,none,0,0,0.0,0.0,-0.003471257983893363
osteoclasts,m5_img_1_19_3,boneseg_ftlearned,none,0,0,0.0,0.0,-0.003471257983893363
osteoclasts,m5_img_1_19_3,boneseg_ftclicks,points_bg,0,0,0.005221932114882507,0.03496503496503497,1.3225492918633712
osteoclasts,m5_img_1_19_3,boneseg_ftclicks,boxes,0,0,0.75,1.0,0.002314171989262242
osteoclasts,m5_img_1_19_3,boneseg_ftclicks,points_bg,1,0,0.006195946818123145,0.03436426116838488,1.1135506340831252
osteoclasts,m5_img_1_19_3,boneseg_ftclicks,boxes,1,0,0.75,1.0,0.002314171989262242
osteoclasts,m5_img_1_19_3,boneseg_ftclicks,points_bg,2,0,0.005548491503872385,0.03389830508474576,1.2443013514764418
osteoclasts,m5_img_1_19_3,boneseg_ftclicks,boxes,2,0,0.75,1.0,0.002314171989262242
osteoclasts,m5_img_1_12_0,boneseg_learned,none,0,0,0.0,0.0,0.08292113535502961
osteoclasts,m5_img_1_12_0,boneseg_ftlayer,none,0,0,0.0,0.0,0.020802514792899428
osteoclasts,m5_img_1_12_0,boneseg_ftlearned,none,0,0,0.0,0.0,0.2673989922337278
osteoclasts,m5_img_1_12_0,boneseg_ftclicks,points_bg,0,0,0.19925176666204794,0.0,0.536964913091716
osteoclasts,m5_img_1_12_0,boneseg_ftclicks,boxes,0,0,0.8584202682563339,0.4326923076923077,0.07598696375739648
osteoclasts,m5_img_1_12_0,boneseg_ftclicks,points_bg,1,0,0.22159536122864754,0.0,0.41619475776627224
osteoclasts,m5_img_1_12_0,boneseg_ftclicks,boxes,1,0,0.7861635220125787,0.09785932721712538,0.13752773668639054
osteoclasts,m5_img_1_12_0,boneseg_ftclicks,points_bg,2,0,0.176326348640214,0.0,0.7904955621301776
osteoclasts,m5_img_1_12_0,boneseg_ftclicks,boxes,2,0,0.7592190889370932,0.12209302325581395,0.1603527181952663
osteoclasts,m5_img_3_5_13,boneseg_learned,none,0,0,0.6847862391449566,0.26118528929491686,-1.269242326183432
osteoclasts,m5_img_3_5_13,boneseg_ftlayer,none,0,0,0.7510722441931711,0.33347547974413644,-0.4089716623520707
osteoclasts,m5_img_3_5_13,boneseg_ftlearned,none,0,0,0.7778396136653322,0.40689105755825533,-0.14258390347633154
osteoclasts,m5_img_3_5_13,boneseg_ftclicks,points_bg,0,0,0.7376324527823016,0.38749701741827725,-1.3592420950443787
osteoclasts,m5_img_3_5_13,boneseg_ftclicks,boxes,0,0,0.777751856604067,0.3845424371740161,-0.7587139423076921
osteoclasts,m5_img_3_5_13,boneseg_ftclicks,points_bg,1,0,0.7446128122060821,0.40236406619385345,-1.2777655787721893
osteoclasts,m5_img_3_5_13,boneseg_ftclicks,boxes,1,0,0.7750198255352895,0.4099304389541857,-0.9028869267751483
osteoclasts,m5_img_3_5_13,boneseg_ftclicks,points_bg,2,0,0.7458952960615758,0.40654648956356737,-1.2826772836538463
osteoclasts,m5_img_3_5_13,boneseg_ftclicks,boxes,2,0,0.7801115277750792,0.38495992456388495,-0.7545245469674555
osteoclasts,m5_img_5_8_10,boneseg_learned,none,0,0,0.7370419807862232,0.3495575221238938,-0.6106404863165681
osteoclasts,m5_img_5_8_10,boneseg_ftlayer,none,0,0,0.7158879921185253,0.38923349579087285,-0.6697254068047338
osteoclasts,m5_img_5_8_10,boneseg_ftlearned,none,0,0,0.7461431549687283,0.4052855294769913,0.020513590976330848
osteoclasts,m5_img_5_8_10,boneseg_ftclicks,points_bg,0,0,0.6795365097513247,0.21426704990854456,-1.724441799186391
osteoclasts,m5_img_5_8_10,boneseg_ftclicks,boxes,0,0,0.7653283025058443,0.4433497536945813,-1.249884430473373
osteoclasts,m5_img_5_8_10,boneseg_ftclicks,points_bg,1,0,0.6597494392967989,0.15545992469069392,-1.9180207562869824
osteoclasts,m5_img_5_8_10,boneseg_ftclicks,boxes,1,0,0.759289714178654,0.4224025124313007,-1.3551971616124263
osteoclasts,m5_img_5_8_10,boneseg_ftclicks,points_bg,2,0,0.6686803597798362,0.18381962864721485,-1.8381333210059174
osteoclasts,m5_img_5_8_10,boneseg_ftclicks,boxes,2,0,0.7675257206886014,0.44553686934023284,-1.2038010817307696
osteoclasts,m5_img_1_5_11,boneseg_learned,none,0,0,0.7820599941753228,0.303880888454967,-0.5251190366124259
osteoclasts,m5_img_1_5_11,boneseg_ftlayer,none,0,0,0.7433151651170247,0.2884519661523146,-1.2069792437130176
osteoclasts,m5_img_1_5_11,boneseg_ftlearned,none,0,0,0.8149450220659735,0.41106639839034204,-0.24038461538461522
osteoclasts,m5_img_1_5_11,boneseg_ftclicks,points_bg,0,0,0.8153714122246591,0.3436223331820245,-0.39076946190828366
osteoclasts,m5_img_1_5_11,boneseg_ftclicks,boxes,0,0,0.823832771780238,0.37404413371203843,0.4380085059171597
osteoclasts,m5_img_1_5_11,boneseg_ftclicks,points_bg,1,0,0.8078300216407633,0.33839327417094817,-0.6226308247041414
osteoclasts,m5_img_1_5_11,boneseg_ftclicks,boxes,1,0,0.8244204018547141,0.3770599868160844,0.44638729659763343
osteoclasts,m5_img_1_5_11,boneseg_ftclicks,points_bg,2,0,0.8103171809613203,0.34356827169109094,-0.5781365569526624
osteoclasts,m5_img_1_5_11,boneseg_ftclicks,boxes,2,0,0.8228058453684193,0.374072457442165,0.4667564256656806
plasma,102,boneseg_learned,none,0,0,0.8125010843890118,0.12913320120997185,-3.027456275720164
plasma,102,boneseg_ftlayer,none,0,0,0.9142209328850864,0.38052382600669205,-1.0641075102880648
plasma,102,boneseg_ftlearned,none,0,0,0.7673542894564506,0.11410763514323385,-5.404835390946501
plasma,102,boneseg_ftclicks,points_bg,0,0,0.9079136724986814,0.3026994601079784,-2.0271990740740735
plasma,102,boneseg_ftclicks,boxes,0,0,0.8133410878195565,0.42432397795719595,-3.5407664609053495
plasma,102,boneseg_ftclicks,points_bg,1,0,0.9236712284245104,0.44388368180725785,-1.2719264403292185
plasma,102,boneseg_ftclicks,boxes,1,0,0.8143629452770472,0.41876840353347844,-3.49292695473251
plasma,102,boneseg_ftclicks,points_bg,2,0,0.9104114490161002,0.32104251741532547,-2.0117026748971187
plasma,102,boneseg_ftclicks,boxes,2,0,0.8101877691468716,0.4168388429752066,-3.8548096707818917
plasma,104,boneseg_learned,none,0,0,0.8495033986950374,0.250873786407767,0.6534207818930049
plasma,104,boneseg_ftlayer,none,0,0,0.9690791829301176,0.5035445281346921,0.10217335390946547
plasma,104,boneseg_ftlearned,none,0,0,0.8708080205077782,0.10687903970452448,-1.6264789094650198
plasma,104,boneseg_ftclicks,points_bg,0,0,0.9527953598744305,0.3050886483997237,-0.5976723251028798
plasma,104,boneseg_ftclicks,boxes,0,0,0.9728535573604769,0.6118701007838746,0.3126286008230464
plasma,104,boneseg_ftclicks,points_bg,1,0,0.9570040455914137,0.32973593570608495,-0.5209619341563776
plasma,104,boneseg_ftclicks,boxes,1,0,0.9752353978564612,0.6487519676186193,0.17663323045267604
plasma,104,boneseg_ftclicks,points_bg,2,0,0.9599904278916511,0.3558816785141023,-0.4717078189300408
plasma,104,boneseg_ftclicks,boxes,2,0,0.9740989267994142,0.6204035874439462,0.2649819958847749
plasma,110,boneseg_learned,none,0,0,0.8344505751962744,0.19157340355497038,-0.2809927983539101
plasma,110,boneseg_ftlayer,none,0,0,0.9493816440992185,0.35255198487712663,-0.028999485596707675
plasma,110,boneseg_ftlearned,none,0,0,0.6623983561575182,0.012179321067634101,-3.465149176954733
plasma,110,boneseg_ftclicks,points_bg,0,0,0.957189287195363,0.3232695139911635,-0.3946759259259261
plasma,110,boneseg_ftclicks,boxes,0,0,0.9593176802575883,0.45844186597205777,0.4894547325102874
plasma,110,boneseg_ftclicks,points_bg,1,0,0.9438857109216323,0.18114874815905743,-0.6225565843621405
plasma,110,boneseg_ftclicks,boxes,1,0,0.9678246131374791,0.5344992812649736,0.26986882716049376
plasma,110,boneseg_ftclicks,points_bg,2,0,0.9460331698565759,0.23690036900369005,-0.5394804526748981
plasma,110,boneseg_ftclicks,boxes,2,0,0.9521949555082653,0.473796537823097,0.5929783950617287
plasma,113,boneseg_learned,none,0,0,0.84509440991585,0.12735956333864,-1.1792052469135803
plasma,113,boneseg_ftlayer,none,0,0,0.9484874498561148,0.26714601769911506,-0.1430684156378599
plasma,113,boneseg_ftlearned,none,0,0,0.6075283594951378,0.0099644128113879,-3.3970550411522638
plasma,113,boneseg_ftclicks,points_bg,0,0,0.9651271165895365,0.48232965790217697,-0.11734825102880653
plasma,113,boneseg_ftclicks,boxes,0,0,0.9487344882663717,0.33352176370830977,0.507587448559671
plasma,113,boneseg_ftclicks,points_bg,1,0,0.9644371236464775,0.48103057757644396,-0.14641203703703726
plasma,113,boneseg_ftclicks,boxes,1,0,0.9424853340891951,0.28128523111612175,0.6510416666666672
plasma,113,boneseg_ftclicks,points_bg,2,0,0.9589563114656764,0.4152542372881356,-0.13991769547325103
plasma,113,boneseg_ftclicks,boxes,2,0,0.9527794381350867,0.2904775360271263,0.42605452674897154
plasma,115,boneseg_learned,none,0,0,0.7983741000071505,0.15734180307842657,-1.5026363168724286
plasma,115,boneseg_ftlayer,none,0,0,0.7191764324809182,0.23198997703069535,2.291023662551439
plasma,115,boneseg_ftlearned,none,0,0,0.7840222944728286,0.0870712401055409,-2.256237139917696
plasma,115,boneseg_ftclicks,points_bg,0,0,0.6661915211094531,0.04663400471783705,5.121463477366254
plasma,115,boneseg_ftclicks,boxes,0,0,0.8724819443843792,0.06897352531351603,1.6752829218106988
plasma,115,boneseg_ftclicks,points_bg,1,0,0.6662289862368781,0.023860782203085754,5.709747942386831
plasma,115,boneseg_ftclicks,boxes,1,0,0.8845539574494887,0.011761881901104177,1.0996013374485594
plasma,115,boneseg_ftclicks,points_bg,2,0,0.6528376017189809,0.011877729257641922,6.348058127572016
plasma,115,boneseg_ftclicks,boxes,2,0,0.8854777932827578,0.006556580864497329,0.9532536008230452
plasma,1693,boneseg_learned,none,0,0,0.8385068352759297,0.12450805008944543,0.37577160493827144
plasma,1693,boneseg_ftlayer,none,0,0,0.7229861408190565,0.17666392769104355,2.441679526748971
plasma,1693,boneseg_ftlearned,none,0,0,0.7130006504971657,0.0,-0.10828189300411545
plasma,1693,boneseg_ftclicks,points_bg,0,0,0.7364146398778052,0.2657281126264848,1.7285236625514406
plasma,1693,boneseg_ftclicks,boxes,0,0,0.9372164823981924,0.26515550869794413,0.4282407407407408
plasma,1693,boneseg_ftclicks,points_bg,1,0,0.7612248474274089,0.22573260073260074,1.4117155349794241
plasma,1693,boneseg_ftclicks,boxes,1,0,0.9305990452235512,0.26172076249356,0.4881687242798354
plasma,1693,boneseg_ftclicks,points_bg,2,0,0.7553527841030093,0.18773946360153257,0.8225308641975306
plasma,1693,boneseg_ftclicks,boxes,2,0,0.9247991548743812,0.26242236024844723,0.519868827160494
plasma,1694,boneseg_learned,none,0,0,0.7537038076959921,0.13439306358381503,-1.631687242798352
plasma,1694,boneseg_ftlayer,none,0,0,0.923503237236796,0.271935967983992,-1.184992283950617
plasma,1694,boneseg_ftlearned,none,0,0,0.8337954782877852,0.09790893101426618,-5.663258744855967
plasma,1694,boneseg_ftclicks,points_bg,0,0,0.9414366070554747,0.31475137548012044,-1.79931841563786
plasma,1694,boneseg_ftclicks,boxes,0,0,0.8812047153193311,0.3662494696648282,-2.8552597736625493
plasma,1694,boneseg_ftclicks,points_bg,1,0,0.9414804691646322,0.30690696947598706,-1.7933384773662548
plasma,1694,boneseg_ftclicks,boxes,1,0,0.8759996991939447,0.38371722747054454,-3.7961033950617287
plasma,1694,boneseg_ftclicks,points_bg,2,0,0.9356710898702408,0.28801505961096,-2.0299639917695456
plasma,1694,boneseg_ftclicks,boxes,2,0,0.8845954087462345,0.42249815847627065,-3.42168209876543
plasma,1704,boneseg_learned,none,0,0,0.7561153899123876,0.08593415989739205,-1.3366126543209875
plasma,1704,boneseg_ftlayer,none,0,0,0.9188584719985686,0.2068815331010453,-0.21862139917695478
plasma,1704,boneseg_ftlearned,none,0,0,0.6765939356336103,0.019522776572668113,-1.8098636831275716
plasma,1704,boneseg_ftclicks,points_bg,0,0,0.955155425731351,0.33377896613190733,-0.03182870370370336
plasma,1704,boneseg_ftclicks,boxes,0,0,0.9468858232074484,0.23819835426591598,0.3357124485596712
plasma,1704,boneseg_ftclicks,points_bg,1,0,0.955946672287506,0.3559928443649374,-0.08474794238683137
plasma,1704,boneseg_ftclicks,boxes,1,0,0.9387586594116142,0.20703125,0.38136574074074114
plasma,1704,boneseg_ftclicks,points_bg,2,0,0.9534448018664499,0.3574315222272115,-0.1301440329218105
plasma,1704,boneseg_ftclicks,boxes,2,0,0.9475831973083714,0.21797655232305688,0.314814814814815
plasma,1705,boneseg_learned,none,0,0,0.8332917385787248,0.11387992253066495,1.1417824074074074
plasma,1705,boneseg_ftlayer,none,0,0,0.8115343502491539,0.24569559228650137,3.120691872427983
plasma,1705,boneseg_ftlearned,none,0,0,0.7907892451118531,0.05068033918359298,-0.49440586419753074
plasma,1705,boneseg_ftclicks,points_bg,0,0,0.7034402332361516,0.0004174493842621582,-2.263953189300412
plasma,1705,boneseg_ftclicks,boxes,0,0,0.9483329349471595,0.32798612616518535,0.6031378600823047
plasma,1705,boneseg_ftclicks,points_bg,1,0,0.8480877636653904,0.19573245794009028,1.053883744855967
plasma,1705,boneseg_ftclicks,boxes,1,0,0.9516295225577187,0.3317349607672188,0.5090663580246915
plasma,1705,boneseg_ftclicks,points_bg,2,0,0.8563708867226476,0.29494035376388317,1.6019161522633745
plasma,1705,boneseg_ftclicks,boxes,2,0,0.9543056268638782,0.3186188811188811,0.5076517489711927
plasma,1709,boneseg_learned,none,0,0,0.7225095894572937,0.10297538875964246,3.452996399176954
plasma,1709,boneseg_ftlayer,none,0,0,0.6750554140248353,0.11913646055437101,1.757008744855966
plasma,1709,boneseg_ftlearned,none,0,0,0.673305295584847,0.17489254483474137,-1.654899691358025
plasma,1709,boneseg_ftclicks,points_bg,0,0,0.7033022647716249,0.022361359570661897,8.549125514403293
plasma,1709,boneseg_ftclicks,boxes,0,0,0.8394370309808158,0.1359900759807722,0.077546296296295
plasma,1709,boneseg_ftclicks,points_bg,1,0,0.7295657481293939,0.06912203345869537,6.501157407407406
plasma,1709,boneseg_ftclicks,boxes,1,0,0.8518927732426547,0.036211699164345405,2.033693415637859
plasma,1709,boneseg_ftclicks,points_bg,2,0,0.703269223078008,0.02168920643021179,8.603587962962962
plasma,1709,boneseg_ftclicks,boxes,2,0,0.8365916395216679,0.027994273898520758,1.7048611111111098
plasma,1715,boneseg_learned,none,0,0,0.7445722790100793,0.1712010617120106,3.3470293209876543
plasma,1715,boneseg_ftlayer,none,0,0,0.9072643421555092,0.27141245255923685,0.10564557613168823
plasma,1715,boneseg_ftlearned,none,0,0,0.8913276613998713,0.251128724791813,-2.1504629629629624
plasma,1715,boneseg_ftclicks,points_bg,0,0,0.908072084765595,0.3372999157540017,-0.9663065843621393
plasma,1715,boneseg_ftclicks,boxes,0,0,0.7483201146900363,0.2142263389146182,-4.921039094650205
plasma,1715,boneseg_ftclicks,points_bg,1,0,0.9185503035902048,0.359974492507174,-0.9908050411522623
plasma,1715,boneseg_ftclicks,boxes,1,0,0.7479888307568369,0.15384615384615385,-4.474086934156377
plasma,1715,boneseg_ftclicks,points_bg,2,0,0.9057833022073907,0.348846916414484,-1.2253729423868291
plasma,1715,boneseg_ftclicks,boxes,2,0,0.7420629009177376,0.11193677754187309,-4.24099794238683
plasma,1716,boneseg_learned,none,0,0,0.863133106856084,0.16044918157594215,-0.9971707818930045
plasma,1716,boneseg_ftlayer,none,0,0,0.9443876002907284,0.184720908230842,0.5708590534979421
plasma,1716,boneseg_ftlearned,none,0,0,0.8436626526280394,0.09146877748460862,-2.3555169753086416
plasma,1716,boneseg_ftclicks,points_bg,0,0,0.959688602895318,0.33995215311004784,-0.12667181069958844
plasma,1716,boneseg_ftclicks,boxes,0,0,0.9420204463464301,0.10296934865900383,1.007908950617284
plasma,1716,boneseg_ftclicks,points_bg,1,0,0.960842898673989,0.356954752214508,-0.1141332304526746
plasma,1716,boneseg_ftclicks,boxes,1,0,0.9457743309213031,0.12007684918347743,0.9183384773662553
plasma,1716,boneseg_ftclicks,points_bg,2,0,0.9616621906909278,0.37189496096522356,0.2556584362139916
plasma,1716,boneseg_ftclicks,boxes,2,0,0.9462904969099022,0.11388156317429873,0.9076646090534977
plasma,1719,boneseg_learned,none,0,0,0.6725795905145263,0.1525,-2.7361111111111116
plasma,1719,boneseg_ftlayer,none,0,0,0.5178322483664884,0.10441817050404481,-2.956661522633745
plasma,1719,boneseg_ftlearned,none,0,0,0.4691998633635343,0.0972245032024963,-8.361496913580247
plasma,1719,boneseg_ftclicks,points_bg,0,0,0.6317860260301992,0.10882765063054647,10.375064300411523
plasma,1719,boneseg_ftclicks,boxes,0,0,0.7254624275669291,0.11139581928523264,-3.3786008230452675
plasma,1719,boneseg_ftclicks,points_bg,1,0,0.6166664443305236,0.1056547619047619,9.56693672839506
plasma,1719,boneseg_ftclicks,boxes,1,0,0.7211031541404134,0.09865410497981157,-3.5489326131687244
plasma,1719,boneseg_ftclicks,points_bg,2,0,0.6476139205812489,0.11114167812929848,8.5536908436214
plasma,1719,boneseg_ftclicks,boxes,2,0,0.683048402197707,0.13474564058221647,-4.874935699588477
plasma,1738,boneseg_learned,none,0,0,0.7293010707169909,0.12303084091413358,2.7253086419753103
plasma,1738,boneseg_ftlayer,none,0,0,0.8301913242760579,0.19309953144966632,1.0401234567901234
plasma,1738,boneseg_ftlearned,none,0,0,0.8467653924820941,0.18895449808961445,-2.265432098765431
plasma,1738,boneseg_ftclicks,points_bg,0,0,0.41743835312709726,0.003363605785401951,23.151684670781894
plasma,1738,boneseg_ftclicks,boxes,0,0,0.8672401491760733,0.12662116040955632,0.5790252057613174
plasma,1738,boneseg_ftclicks,points_bg,1,0,0.43272193645621676,0.0038673083533860434,22.092978395061728
plasma,1738,boneseg_ftclicks,boxes,1,0,0.8741018608406614,0.138659793814433,0.4076003086419755
plasma,1738,boneseg_ftclicks,points_bg,2,0,0.3470973931747139,0.0036620455139942452,33.691036522633745
plasma,1738,boneseg_ftclicks,boxes,2,0,0.8783432468545761,0.13896037056098817,0.2966177983539098
plasma,1739,boneseg_learned,none,0,0,0.6706467127005025,0.13326293558606125,2.1898791152263377
plasma,1739,boneseg_ftlayer,none,0,0,0.4224770642201835,0.05404498153742867,-0.24421296296296344
plasma,1739,boneseg_ftlearned,none,0,0,0.49948016863820555,0.17758186397984888,-1.9214891975308643
plasma,1739,boneseg_ftclicks,points_bg,0,0,0.7148578127755818,0.11509086120621544,2.6193415637860076
plasma,1739,boneseg_ftclicks,boxes,0,0,0.8872067146787223,0.13497118592659993,1.2325745884773656
plasma,1739,boneseg_ftclicks,points_bg,1,0,0.7005749431742212,0.08697930311763165,2.2464634773662553
plasma,1739,boneseg_ftclicks,boxes,1,0,0.8929929258330684,0.15611555009219422,1.1494341563786001
plasma,1739,boneseg_ftclicks,points_bg,2,0,0.7363428374621762,0.21294021294021295,3.292631172839506
plasma,1739,boneseg_ftclicks,boxes,2,0,0.8984024009458271,0.18449749484232242,0.829282407407407
plasma,1742,boneseg_learned,none,0,0,0.5991543647866693,0.0448058413541321,-4.847222222222223
plasma,1742,boneseg_ftlayer,none,0,0,0.6824318394908342,0.13954418232706917,-3.304462448559671
plasma,1742,boneseg_ftlearned,none,0,0,0.5296537838665908,0.028362508309328606,-5.473636831275721
plasma,1742,boneseg_ftclicks,points_bg,0,0,0.621185687052264,0.027599414216514587,7.430234053497943
plasma,1742,boneseg_ftclicks,boxes,0,0,0.7666753442091866,0.028517110266159697,0.557741769547325
plasma,1742,boneseg_ftclicks,points_bg,1,0,0.63897792838172,0.030537681317482822,6.645061728395062
plasma,1742,boneseg_ftclicks,boxes,1,0,0.7420696667642391,0.05197973353349596,-0.5315072016460907
plasma,1742,boneseg_ftclicks,points_bg,2,0,0.662974051318281,0.029425894787412924,4.98148148148148
plasma,1742,boneseg_ftclicks,boxes,2,0,0.7642046492593486,0.02268005540166205,0.37139917695473146
plasma,1745,boneseg_learned,none,0,0,0.6242697250241813,0.09377507738163476,0.3058127572016456
plasma,1745,boneseg_ftlayer,none,0,0,0.8222654277999415,0.17904561588011042,1.875835905349793
plasma,1745,boneseg_ftlearned,none,0,0,0.6724966527605872,0.07311657414750199,-3.8953832304526745
plasma,1745,boneseg_ftclicks,points_bg,0,0,0.8297655944714768,0.21163232104121474,1.0630144032921813
plasma,1745,boneseg_ftclicks,boxes,0,0,0.9330164280664803,0.29276473406804027,-0.8586033950617287
plasma,1745,boneseg_ftclicks,points_bg,1,0,0.8404115927204086,0.217031101453212,1.4283050411522642
plasma,1745,boneseg_ftclicks,boxes,1,0,0.9411657339184818,0.22830482115085537,0.9941486625514404
plasma,1745,boneseg_ftclicks,points_bg,2,0,0.8416735917910179,0.22842232035327178,1.9537037037037046
plasma,1745,boneseg_ftclicks,boxes,2,0,0.9455287664242888,0.1982315112540193,0.7291023662551438
plasma,1747,boneseg_learned,none,0,0,0.8129325416079419,0.14191966539265882,-2.3938400205761297
plasma,1747,boneseg_ftlayer,none,0,0,0.9293896025445395,0.22275555555555557,0.78125
plasma,1747,boneseg_ftlearned,none,0,0,0.9120885073820642,0.19006661607218148,-2.5945859053497946
plasma,1747,boneseg_ftclicks,points_bg,0,0,0.9382236489139459,0.27925288408716353,-1.232381687242798
plasma,1747,boneseg_ftclicks,boxes,0,0,0.820899598932403,0.19065561416729465,-3.881494341563785
plasma,1747,boneseg_ftclicks,points_bg,1,0,0.942761566841427,0.29957689477557026,-0.4279835390946479
plasma,1747,boneseg_ftclicks,boxes,1,0,0.8234926198617633,0.19362400375058603,-3.6336162551440316
plasma,1747,boneseg_ftclicks,points_bg,2,0,0.9434828533611131,0.2964298927118017,0.11734825102880653
plasma,1747,boneseg_ftclicks,boxes,2,0,0.8178679944639761,0.17932024892292964,-3.7187499999999982
plasma,1762,boneseg_learned,none,0,0,0.7202070393374741,0.14064931023752722,5.742026748971192
plasma,1762,boneseg_ftlayer,none,0,0,0.7921966614146604,0.1402733118971061,5.174189814814816
plasma,1762,boneseg_ftlearned,none,0,0,0.8504548890070823,0.16301327570237728,0.760673868312757
plasma,1762,boneseg_ftclicks,points_bg,0,0,0.8647572211344353,0.10955435516542876,-1.0278420781893005
plasma,1762,boneseg_ftclicks,boxes,0,0,0.943279740624974,0.21061007957559683,0.974729938271604
plasma,1762,boneseg_ftclicks,points_bg,1,0,0.8492871745576149,0.2169260700389105,1.5371013374485585
plasma,1762,boneseg_ftclicks,boxes,1,0,0.9529007525202329,0.28036199095022624,0.4340277777777776
plasma,1762,boneseg_ftclicks,points_bg,2,0,0.8376453484625477,0.23907766990291263,2.7357896090534974
plasma,1762,boneseg_ftclicks,boxes,2,0,0.9286288543259728,0.2528162511542013,-0.9347993827160492
plasma,1766,boneseg_learned,none,0,0,0.7719801092806675,0.109375,1.7427340534979414
plasma,1766,boneseg_ftlayer,none,0,0,0.8167506724227561,0.26397019691325174,-1.0111882716049383
plasma,1766,boneseg_ftlearned,none,0,0,0.7351394071310116,0.13033893634610086,-2.4646347736625516
plasma,1766,boneseg_ftclicks,points_bg,0,0,0.7385986370784553,0.06824724809483489,3.8010545267489713
plasma,1766,boneseg_ftclicks,boxes,0,0,0.8478485966954842,0.09395973154362416,0.5881558641975309
plasma,1766,boneseg_ftclicks,points_bg,1,0,0.8157871182557016,0.06059436510999614,1.9772376543209866
plasma,1766,boneseg_ftclicks,boxes,1,0,0.8637851182729848,0.10072616537830874,1.0487397119341566
plasma,1766,boneseg_ftclicks,points_bg,2,0,0.8198021842159489,0.05650684931506849,1.3396347736625507
plasma,1766,boneseg_ftclicks,boxes,2,0,0.8569495818880525,0.09583530525319452,1.0120241769547325
plasma,1770,boneseg_learned,none,0,0,0.5473247068952419,0.06496432594817875,7.257073045267489
plasma,1770,boneseg_ftlayer,none,0,0,0.6348512988928124,0.20379888268156424,-2.0024434156378597
plasma,1770,boneseg_ftlearned,none,0,0,0.4795008640068509,0.02500563189907637,-5.521412037037037
plasma,1770,boneseg_ftclicks,points_bg,0,0,0.6428436936815773,0.14082368570886317,0.9881687242798352
plasma,1770,boneseg_ftclicks,boxes,0,0,0.6886028022903906,0.2139917695473251,-2.987075617283951
plasma,1770,boneseg_ftclicks,points_bg,1,0,0.6548579503442383,0.12787193973634653,1.4304912551440327
plasma,1770,boneseg_ftclicks,boxes,1,0,0.6966662538805454,0.2139877300613497,-3.07786779835391
plasma,1770,boneseg_ftclicks,points_bg,2,0,0.6591551190636351,0.10143558745749906,0.9819958847736621
plasma,1770,boneseg_ftclicks,boxes,2,0,0.6932305874585165,0.23056300268096513,-3.333076131687243
plasma,1774,boneseg_learned,none,0,0,0.6507898019922017,0.1299744777389167,10.215406378600822
plasma,1774,boneseg_ftlayer,none,0,0,0.6845857824714817,0.1968778222164882,4.451067386831276
plasma,1774,boneseg_ftlearned,none,0,0,0.7324919324398322,0.21008885067354544,1.5222479423868314
plasma,1774,boneseg_ftclicks,points_bg,0,0,0.5815894044742882,0.043712106395462545,11.346064814814813
plasma,1774,boneseg_ftclicks,boxes,0,0,0.8388006564125385,0.09939242872721608,0.45048868312757145
plasma,1774,boneseg_ftclicks,points_bg,1,0,0.6258366843055917,0.06655121227115289,7.69849537037037
plasma,1774,boneseg_ftclicks,boxes,1,0,0.8357534906928952,0.08267779739926152,0.14178240740740644
plasma,1774,boneseg_ftclicks,points_bg,2,0,0.5442883473562765,0.037040581929555894,13.893261316872426
plasma,1774,boneseg_ftclicks,boxes,2,0,0.8266461034697601,0.06882202304737516,0.3470293209876532
plasma,1776,boneseg_learned,none,0,0,0.4463038084756196,0.04673031368889527,12.961998456790125
plasma,1776,boneseg_ftlayer,none,0,0,0.6950344193165611,0.20049652432969214,1.4232253086419733
plasma,1776,boneseg_ftlearned,none,0,0,0.46758391471511646,0.07484407484407485,-7.0466177983539104
plasma,1776,boneseg_ftclicks,points_bg,0,0,0.65416245757481,0.0950979490481008,7.424961419753084
plasma,1776,boneseg_ftclicks,boxes,0,0,0.80461905668615,0.10494546224716722,1.583397633744854
plasma,1776,boneseg_ftclicks,points_bg,1,0,0.6350930484954036,0.07797500452816519,10.868248456790125
plasma,1776,boneseg_ftclicks,boxes,1,0,0.8007941990282832,0.11010906040268456,1.4756944444444446
plasma,1776,boneseg_ftclicks,points_bg,2,0,0.6625862768641898,0.11819376642883965,6.654513888888888
plasma,1776,boneseg_ftclicks,boxes,2,0,0.803998705485296,0.14295807819123882,-1.2509002057613183
plasma,1808,boneseg_learned,none,0,0,0.7570326860522876,0.11234847738247758,4.463798868312758
plasma,1808,boneseg_ftlayer,none,0,0,0.8230336038395923,0.18560138305754506,2.418402777777777
plasma,1808,boneseg_ftlearned,none,0,0,0.8013745488780794,0.09316442333069412,-3.1367026748971196
plasma,1808,boneseg_ftclicks,points_bg,0,0,0.8262231605905623,0.19374835135848062,1.6820344650205752
plasma,1808,boneseg_ftclicks,boxes,0,0,0.9353881466565006,0.2613013191047873,0.5777391975308646
plasma,1808,boneseg_ftclicks,points_bg,1,0,0.8290127655771322,0.20647773279352227,2.2743055555555545
plasma,1808,boneseg_ftclicks,boxes,1,0,0.930059987843873,0.26007975188303056,0.7058899176954723
plasma,1808,boneseg_ftclicks,points_bg,2,0,0.8259925241195643,0.19853804986294218,2.159915123456789
plasma,1808,boneseg_ftclicks,boxes,2,0,0.927573546692292,0.24834485802559952,0.9980709876543217
plasma,1812,boneseg_learned,none,0,0,0.5005729403739305,0.09554862489367735,24.437178497942387
plasma,1812,boneseg_ftlayer,none,0,0,0.6191187442157403,0.14512595837897044,14.752507716049381
plasma,1812,boneseg_ftlearned,none,0,0,0.6177718308064294,0.09433214427269124,10.093364197530866
plasma,1812,boneseg_ftclicks,points_bg,0,0,0.6224633877011639,0.17313915857605178,14.369984567901236
plasma,1812,boneseg_ftclicks,boxes,0,0,0.8852756716672601,0.22845748468879076,2.2676826131687253
plasma,1812,boneseg_ftclicks,points_bg,1,0,0.6215354944665848,0.1752517652506077,14.42161779835391
plasma,1812,boneseg_ftclicks,boxes,1,0,0.5725458243245845,0.025330058335891924,-8.209619341563783
plasma,1812,boneseg_ftclicks,points_bg,2,0,0.6223329551378369,0.1697263205315914,13.68377057613169
plasma,1812,boneseg_ftclicks,boxes,2,0,0.734242880983359,0.02912353347135956,-5.174704218106994
plasma,1815,boneseg_learned,none,0,0,0.49477503480938684,0.08610322365124436,12.456211419753087
plasma,1815,boneseg_ftlayer,none,0,0,0.8422148328371336,0.24188151938594765,1.146026234567901
plasma,1815,boneseg_ftlearned,none,0,0,0.9061490323497164,0.18299675891298928,-1.5248842592592584
plasma,1815,boneseg_ftclicks,points_bg,0,0,0.6070513888631749,0.018322941850108156,12.080182613168725
plasma,1815,boneseg_ftclicks,boxes,0,0,0.9272010059772966,0.2944188428059396,-0.5131815843621392
plasma,1815,boneseg_ftclicks,points_bg,1,0,0.7185531161044948,0.030896353511765763,5.286329732510288
plasma,1815,boneseg_ftclicks,boxes,1,0,0.9028405251791889,0.05505050505050505,0.23598251028806583
plasma,1815,boneseg_ftclicks,points_bg,2,0,0.694096703664321,0.012222725215029425,7.732060185185187
plasma,1815,boneseg_ftclicks,boxes,2,0,0.900439243484775,0.05108750632271118,0.3070344650205767
plasma,1816,boneseg_learned,none,0,0,0.6611864318370535,0.07319116036337865,10.402713477366257
plasma,1816,boneseg_ftlayer,none,0,0,0.6892903935428563,0.16477383982768748,0.5692515432098755
plasma,1816,boneseg_ftlearned,none,0,0,0.6588093732162967,0.12122632664541534,-1.862782921810699
plasma,1816,boneseg_ftclicks,points_bg,0,0,0.6918722619749762,0.13693530536271253,-0.539351851851852
plasma,1816,boneseg_ftclicks,boxes,0,0,0.7594928809487128,0.17870439314966494,-2.236046810699588
plasma,1816,boneseg_ftclicks,points_bg,1,0,0.6754910939717027,0.14737258000790202,-1.718557098765433
plasma,1816,boneseg_ftclicks,boxes,1,0,0.764657261053491,0.15749525616698293,-3.546360596707818
plasma,1816,boneseg_ftclicks,points_bg,2,0,0.669932903095616,0.15320361635220126,-2.0691872427983538
plasma,1816,boneseg_ftclicks,boxes,2,0,0.512180941356022,0.030381841825274855,-10.434670781893004
plasma,1837,boneseg_learned,none,0,0,0.590915432047097,0.09475007251281059,1.8339763374485591
plasma,1837,boneseg_ftlayer,none,0,0,0.813260498223766,0.22739315747033753,3.465020576131686
plasma,1837,boneseg_ftlearned,none,0,0,0.6988604811301895,0.13249571673329527,-5.557934670781893
plasma,1837,boneseg_ftclicks,points_bg,0,0,0.8271552880745199,0.27237672353353587,4.372170781893003
plasma,1837,boneseg_ftclicks,boxes,0,0,0.9487000384296532,0.27163198247535597,0.7827289094650192
plasma,1837,boneseg_ftclicks,points_bg,1,0,0.8199267905374611,0.18205096939397633,0.984825102880657
plasma,1837,boneseg_ftclicks,boxes,1,0,0.9487130066058068,0.3616022099447514,-0.1332947530864187
plasma,1837,boneseg_ftclicks,points_bg,2,0,0.8274949610240824,0.2873271889400922,4.262024176954732
plasma,1837,boneseg_ftclicks,boxes,2,0,0.952539894697199,0.3330568228950643,0.3013760288065853
plasma,1838,boneseg_learned,none,0,0,0.5986327476356651,0.08735862025870149,16.252443415637856
plasma,1838,boneseg_ftlayer,none,0,0,0.6505402631896656,0.16991383994411238,8.520704732510287
plasma,1838,boneseg_ftlearned,none,0,0,0.6592859416995536,0.08438942202036481,0.6500771604938255
plasma,1838,boneseg_ftclicks,points_bg,0,0,0.6679846682697245,0.1632452768463237,7.868891460905347
plasma,1838,boneseg_ftclicks,boxes,0,0,0.7096952493171228,0.14990708238695025,-4.073495370370372
plasma,1838,boneseg_ftclicks,points_bg,1,0,0.6440934390506445,0.1495680789798437,5.098894032921808
plasma,1838,boneseg_ftclicks,boxes,1,0,0.7760021554950154,0.20795265780730898,-1.8699202674897135
plasma,1838,boneseg_ftclicks,points_bg,2,0,0.6466332950516802,0.166598611678236,7.120498971193415
plasma,1838,boneseg_ftclicks,boxes,2,0,0.6698667382766608,0.12075718015665797,-5.353716563786009
plasma,1839,boneseg_learned,none,0,0,0.48846076226719715,0.08115911035072712,17.450874485596707
plasma,1839,boneseg_ftlayer,none,0,0,0.7275314989869087,0.15562230148301107,6.614004629629629
plasma,1839,boneseg_ftlearned,none,0,0,0.8037944839987934,0.25028658769583495,3.7206147119341573
plasma,1839,boneseg_ftclicks,points_bg,0,0,0.8166753437300329,0.2707440592130892,3.5028292181069967
plasma,1839,boneseg_ftclicks,boxes,0,0,0.9382430215117625,0.3739065233691577,0.9286908436213992
plasma,1839,boneseg_ftclicks,points_bg,1,0,0.9540882659694541,0.21892760069187053,-0.23199588477366279
plasma,1839,boneseg_ftclicks,boxes,1,0,0.9346478368138454,0.30066486087170646,1.129951131687243
plasma,1839,boneseg_ftclicks,points_bg,2,0,0.804793379167146,0.23014090259342454,3.5668081275720174
plasma,1839,boneseg_ftclicks,boxes,2,0,0.9411693413996142,0.3838612368024133,0.8654192386831281
plasma,1844,boneseg_learned,none,0,0,0.5167883925415009,0.08638675747909302,13.739583333333332
plasma,1844,boneseg_ftlayer,none,0,0,0.6411150662689091,0.12063227953410982,6.315329218106995
plasma,1844,boneseg_ftlearned,none,0,0,0.6050283068456321,0.10951865873445106,1.9310056584362147
plasma,1844,boneseg_ftclicks,points_bg,0,0,0.6601108324310495,0.0753475670307845,7.694187242798354
plasma,1844,boneseg_ftclicks,boxes,0,0,0.7767941273961736,0.11033210332103321,-3.190393518518518
plasma,1844,boneseg_ftclicks,points_bg,1,0,0.6470110190077327,0.062410501193317425,8.424318415637861
plasma,1844,boneseg_ftclicks,boxes,1,0,0.8422255525191084,0.11768851303735024,-0.7612525720164603
plasma,1844,boneseg_ftclicks,points_bg,2,0,0.6460187297476896,0.06868366475539832,7.702867798353909
plasma,1844,boneseg_ftclicks,boxes,2,0,0.8330005662972252,0.12738964198818215,-0.5846836419753088
plasma,1847,boneseg_learned,none,0,0,0.4861186158970746,0.07422024188415022,6.073945473251029
plasma,1847,boneseg_ftlayer,none,0,0,0.69065930132222,0.24455252918287937,4.336612654320988
plasma,1847,boneseg_ftlearned,none,0,0,0.6246671423847399,0.14816137093895038,2.0501543209876543
plasma,1847,boneseg_ftclicks,points_bg,0,0,0.7035788213985381,0.24885081487672378,3.176440329218107
plasma,1847,boneseg_ftclicks,boxes,0,0,0.9544053972409626,0.4462351387054161,0.04346707818930068
plasma,1847,boneseg_ftclicks,points_bg,1,0,0.6698392402758784,0.14232596570956413,2.4592978395061733
plasma,1847,boneseg_ftclicks,boxes,1,0,0.9225015380962147,0.43052208835341366,-0.8134002057613166
plasma,1847,boneseg_ftclicks,points_bg,2,0,0.7037804858822972,0.3333333333333333,3.586676954732511
plasma,1847,boneseg_ftclicks,boxes,2,0,0.9551144483101642,0.4561310782241015,0.005979938271605256
plasma,1853,boneseg_learned,none,0,0,0.6637069170027451,0.12677789934354486,8.831597222222223
plasma,1853,boneseg_ftlayer,none,0,0,0.8432595494210682,0.24790722009068714,2.7508359053497937
plasma,1853,boneseg_ftlearned,none,0,0,0.8110789565993813,0.1146275569278271,-2.5442386831275727
plasma,1853,boneseg_ftclicks,points_bg,0,0,0.8138524442236527,0.11259317379364457,-1.6714891975308648
plasma,1853,boneseg_ftclicks,boxes,0,0,0.8269142747767616,0.2641467727674624,-3.9004629629629637
plasma,1853,boneseg_ftclicks,points_bg,1,0,0.8273434535817189,0.1895199847007076,-0.5731738683127569
plasma,1853,boneseg_ftclicks,boxes,1,0,0.8164462391220236,0.3075226375667518,-4.726658950617285
plasma,1853,boneseg_ftclicks,points_bg,2,0,0.8237242735055561,0.1717448902346707,-0.5275205761316876
plasma,1853,boneseg_ftclicks,boxes,2,0,0.8230699452558218,0.2784465137406314,-4.39718364197531
plasma,1854,boneseg_learned,none,0,0,0.7519310519991377,0.14213152735697737,5.032471707818931
plasma,1854,boneseg_ftlayer,none,0,0,0.8458296708985688,0.19396659187235105,4.094071502057614
plasma,1854,boneseg_ftlearned,none,0,0,0.8533736771326668,0.2130952380952381,1.2995113168724286
plasma,1854,boneseg_ftclicks,points_bg,0,0,0.8638676815179023,0.2615699309639478,2.5391589506172845
plasma,1854,boneseg_ftclicks,boxes,0,0,0.8945451715819781,0.26139231111770816,-0.30426954732510336
plasma,1854,boneseg_ftclicks,points_bg,1,0,0.8624458680454001,0.24149878095726934,2.167052469135802
plasma,1854,boneseg_ftclicks,boxes,1,0,0.8868765910034638,0.20929887106357695,-0.1630015432098758
plasma,1854,boneseg_ftclicks,points_bg,2,0,0.8275811511442431,0.24581708390992577,0.3425282921810713
plasma,1854,boneseg_ftclicks,boxes,2,0,0.8644582121633582,0.23957882590509158,-2.7177211934156382
plasma,1855,boneseg_learned,none,0,0,0.5127373327381632,0.06537576687116564,11.111496913580247
plasma,1855,boneseg_ftlayer,none,0,0,0.8050159279650874,0.15813739050253572,0.30285493827160587
plasma,1855,boneseg_ftlearned,none,0,0,0.751599521901146,0.027259684361549498,-2.6904578189300405
plasma,1855,boneseg_ftclicks,points_bg,0,0,0.7501546970611378,0.12788708297690335,3.1689814814814823
plasma,1855,boneseg_ftclicks,boxes,0,0,0.865636595795734,0.08833746898263027,1.3415637860082306
plasma,1855,boneseg_ftclicks,points_bg,1,0,0.7203125447207991,0.0995096035962403,4.3077417695473255
plasma,1855,boneseg_ftclicks,boxes,1,0,0.8717806384534729,0.08322856424440533,0.9302983539094658
plasma,1855,boneseg_ftclicks,points_bg,2,0,0.6994788064837149,0.076592082616179,5.395897633744856
plasma,1855,boneseg_ftclicks,boxes,2,0,0.8705965508681731,0.059490084985835696,1.618119855967079
plasma,1863,boneseg_learned,none,0,0,0.8488366639743623,0.15899001109877914,2.8158436213991775
plasma,1863,boneseg_ftlayer,none,0,0,0.9292660302568574,0.17486155395200537,1.2201003086419748
plasma,1863,boneseg_ftlearned,none,0,0,0.9543257204600287,0.3387861933584165,-0.1422968106995895
plasma,1863,boneseg_ftclicks,points_bg,0,0,0.9570490353674213,0.348463687150838,0.0971579218106991
plasma,1863,boneseg_ftclicks,boxes,0,0,0.9350478714262747,0.16868112335584784,1.333590534979423
plasma,1863,boneseg_ftclicks,points_bg,1,0,0.95620749043991,0.3412256267409471,0.1640946502057608
plasma,1863,boneseg_ftclicks,boxes,1,0,0.9401358986317974,0.20017667844522968,1.1601723251028804
plasma,1863,boneseg_ftclicks,points_bg,2,0,0.9569785519894758,0.34807793575566087,0.1807484567901224
plasma,1863,boneseg_ftclicks,boxes,2,0,0.9314339498693047,0.1485042735042735,1.4322916666666656
plasma,1870,boneseg_learned,none,0,0,0.8572617904568919,0.12483666700170871,-2.6105324074074066
plasma,1870,boneseg_ftlayer,none,0,0,0.9217781791726248,0.21881815349465158,0.5250771604938281
plasma,1870,boneseg_ftlearned,none,0,0,0.8416675027796491,0.21571492805755396,-3.9555684156378614
plasma,1870,boneseg_ftclicks,points_bg,0,0,0.9023001841027994,0.16552667578659372,2.6069315843621403
plasma,1870,boneseg_ftclicks,boxes,0,0,0.7989804627219642,0.11825008940278936,-1.9823173868312756
plasma,1870,boneseg_ftclicks,points_bg,1,0,0.911495062196465,0.22681095406360424,0.25733024691357853
plasma,1870,boneseg_ftclicks,boxes,1,0,0.7987604483995377,0.10890514338790201,-1.0797325102880673
plasma,1870,boneseg_ftclicks,points_bg,2,0,0.9090974935934358,0.15795598815065595,1.9281121399176953
plasma,1870,boneseg_ftclicks,boxes,2,0,0.791512660489404,0.11364425413725263,-1.3476723251028804
plasma,1871,boneseg_learned,none,0,0,0.3444195642894053,0.02902107998844932,3.6617798353909463
plasma,1871,boneseg_ftlayer,none,0,0,0.7400003692284971,0.20271619732374677,3.904642489711933
plasma,1871,boneseg_ftlearned,none,0,0,0.45148620710346443,0.011522819701762313,-1.7226723251028808
plasma,1871,boneseg_ftclicks,points_bg,0,0,0.8308698428480207,0.24925612268253605,1.4937628600823039
plasma,1871,boneseg_ftclicks,boxes,0,0,0.9552416672825363,0.39107278721785443,0.41062242798353826
plasma,1871,boneseg_ftclicks,points_bg,1,0,0.7866850378906495,0.33695652173913043,2.916795267489712
plasma,1871,boneseg_ftclicks,boxes,1,0,0.9439777433415799,0.23801110550227159,0.6808127572016459
plasma,1871,boneseg_ftclicks,points_bg,2,0,0.810903815109222,0.2956773618538324,2.2231867283950617
plasma,1871,boneseg_ftclicks,boxes,2,0,0.9561320481369159,0.33031088082901555,-0.1950874485596707
plasma,1888,boneseg_learned,none,0,0,0.6369644330533843,0.10208735309594807,8.142103909465021
plasma,1888,boneseg_ftlayer,none,0,0,0.733814358249789,0.11845002201673271,0.1807484567901238
plasma,1888,boneseg_ftlearned,none,0,0,0.6309076406803532,0.056297249477239825,-6.224665637860081
plasma,1888,boneseg_ftclicks,points_bg,0,0,0.7588579103548624,0.17889982255202452,-0.5671939300411516
plasma,1888,boneseg_ftclicks,boxes,0,0,0.8965142160280415,0.11626128193360868,2.716628086419753
plasma,1888,boneseg_ftclicks,points_bg,1,0,0.813493234318189,0.12,4.210005144032921
plasma,1888,boneseg_ftclicks,boxes,1,0,0.8969602531524189,0.11662606577344702,2.7011316872427997
plasma,1888,boneseg_ftclicks,points_bg,2,0,0.7846135130532104,0.13683041909519844,2.306970164609054
plasma,1888,boneseg_ftclicks,boxes,2,0,0.8071191079312531,0.194623843602723,-1.7071116255144028
plasma,1898,boneseg_learned,none,0,0,0.7948758851106443,0.13828564862691026,2.8063271604938267
plasma,1898,boneseg_ftlayer,none,0,0,0.8121716594035322,0.23212954807236263,-1.1024305555555558
plasma,1898,boneseg_ftlearned,none,0,0,0.7885849824649298,0.19998623632234533,-5.954475308641976
plasma,1898,boneseg_ftclicks,points_bg,0,0,0.661760241490794,0.06029141808168885,19.74164094650206
plasma,1898,boneseg_ftclicks,boxes,0,0,0.6436889609318851,0.22895654632858894,-13.904449588477366
plasma,1898,boneseg_ftclicks,points_bg,1,0,0.7091792836933943,0.04217171717171717,10.601787551440328
plasma,1898,boneseg_ftclicks,boxes,1,0,0.6560214853220934,0.13218842001962708,-12.142682613168725
plasma,1898,boneseg_ftclicks,points_bg,2,0,0.704875968947483,0.04895953406540072,11.570601851851853
plasma,1898,boneseg_ftclicks,boxes,2,0,0.6477837717762376,0.19712039405134035,-13.556262860082304
plasma,1944,boneseg_learned,none,0,0,0.3823984877162299,0.052532637075718015,14.571180555555557
plasma,1944,boneseg_ftlayer,none,0,0,0.6152017691126186,0.1786170406860062,7.09252829218107
plasma,1944,boneseg_ftlearned,none,0,0,0.6707494623278181,0.10702072017702675,3.764724794238683
plasma,1944,boneseg_ftclicks,points_bg,0,0,0.6595462566662442,0.0,0.48161008230452745
plasma,1944,boneseg_ftclicks,boxes,0,0,0.9577438021075585,0.293730407523511,0.14782664609053475
plasma,1944,boneseg_ftclicks,points_bg,1,0,0.6576924491522307,0.15172413793103448,4.773791152263375
plasma,1944,boneseg_ftclicks,boxes,1,0,0.9622932950359813,0.37338917525773196,-0.2620241769547324
plasma,1944,boneseg_ftclicks,points_bg,2,0,0.6563030827735098,0.0,-0.9741512345679014
plasma,1944,boneseg_ftclicks,boxes,2,0,0.9633406835722161,0.36034593209481103,-0.1116255144032921
plasma,1948,boneseg_learned,none,0,0,0.658117701422026,0.10090185676392573,6.302919238683124
plasma,1948,boneseg_ftlayer,none,0,0,0.8344203702881499,0.19757333166552005,3.283822016460902
plasma,1948,boneseg_ftlearned,none,0,0,0.8684535320564144,0.1769261431581345,-2.443415637860083
plasma,1948,boneseg_ftclicks,points_bg,0,0,0.8631847038826599,0.22514758770441745,4.027970679012344
plasma,1948,boneseg_ftclicks,boxes,0,0,0.698375368312924,0.198034973859744,-11.829732510288068
plasma,1948,boneseg_ftclicks,points_bg,1,0,0.8557979777188874,0.2422220610631663,-4.662422839506175
plasma,1948,boneseg_ftclicks,boxes,1,0,0.6880621771769024,0.19945652173913042,-12.469007201646093
plasma,1948,boneseg_ftclicks,points_bg,2,0,0.852901107877933,0.23741467576791808,-3.9542181069958855
plasma,1948,boneseg_ftclicks,boxes,2,0,0.3816046780418792,0.00702552938848209,-20.876607510288068
plasma,1954,boneseg_learned,none,0,0,0.6365054025689918,0.10631443298969072,3.804526748971193
plasma,1954,boneseg_ftlayer,none,0,0,0.8612914582326983,0.16757246376811594,2.1114969135802477
plasma,1954,boneseg_ftlearned,none,0,0,0.8498191113710708,0.1197857948139797,-1.723251028806584
plasma,1954,boneseg_ftclicks,points_bg,0,0,0.9592195157834726,0.3421129645888206,0.38978909465020584
plasma,1954,boneseg_ftclicks,boxes,0,0,0.9309022973818483,0.13022556390977444,0.9972993827160492
plasma,1954,boneseg_ftclicks,points_bg,1,0,0.9606803917686226,0.3465725213298029,0.36811985596707786
plasma,1954,boneseg_ftclicks,boxes,1,0,0.9249595168278699,0.10814058275758485,1.0960648148148149
plasma,1954,boneseg_ftclicks,points_bg,2,0,0.967687418138799,0.39422208847427026,0.1008873456790127
plasma,1954,boneseg_ftclicks,boxes,2,0,0.9308831692939403,0.10670273519687407,0.9988425925925928
plasma,1957,boneseg_learned,none,0,0,0.5996371406684675,0.1283903957314362,12.152006172839505
plasma,1957,boneseg_ftlayer,none,0,0,0.692999047458446,0.16966012710693562,8.471836419753087
plasma,1957,boneseg_ftlearned,none,0,0,0.7209937742735026,0.22925010357685402,6.612654320987654
plasma,1957,boneseg_ftclicks,points_bg,0,0,0.7205951865127821,0.21815058688806183,6.373456790123458
plasma,1957,boneseg_ftclicks,boxes,0,0,0.9319212943893724,0.25235336712527157,1.3297968106995879
plasma,1957,boneseg_ftclicks,points_bg,1,0,0.7137208795168157,0.2786183271481587,7.381430041152262
plasma,1957,boneseg_ftclicks,boxes,1,0,0.9285560072857972,0.24460043196544276,1.4009130658436217
plasma,1957,boneseg_ftclicks,points_bg,2,0,0.7202320863267047,0.223032904148784,6.497685185185184
plasma,1957,boneseg_ftclicks,boxes,2,0,0.8641693435703893,0.05729251923391717,-1.889660493827161
plasma,1959,boneseg_learned,none,0,0,0.6188000012228041,0.10448608745031232,7.045460390946502
plasma,1959,boneseg_ftlayer,none,0,0,0.9540287256324257,0.26209093541847667,-0.20402520576131705
plasma,1959,boneseg_ftlearned,none,0,0,0.694099779694694,0.0,-3.276684670781893
plasma,1959,boneseg_ftclicks,points_bg,0,0,0.9406086956521739,0.18049666868564507,-0.6781121399176957
plasma,1959,boneseg_ftclicks,boxes,0,0,0.9651733583712016,0.37039293329272005,0.11927726337448569
plasma,1959,boneseg_ftclicks,points_bg,1,0,0.9232640838480255,0.07935542718151414,-0.9331275720164609
plasma,1959,boneseg_ftclicks,boxes,1,0,0.9639293019834977,0.3628020801468339,-6.430041152305499e-05
plasma,1959,boneseg_ftclicks,points_bg,2,0,0.8822382930707289,0.04636785162287481,-1.451646090534979
plasma,1959,boneseg_ftclicks,boxes,2,0,0.964889228698443,0.36843711843711846,0.05639146090535008
plasma,1963,boneseg_learned,none,0,0,0.6470069149090067,0.09467937749531492,-1.4822530864197547
plasma,1963,boneseg_ftlayer,none,0,0,0.7529299915722524,0.19098225340487,-6.06468621399177
plasma,1963,boneseg_ftlearned,none,0,0,0.5764006728812687,0.13051470588235295,-10.781057098765432
plasma,1963,boneseg_ftclicks,points_bg,0,0,0.9118826082761035,0.18794520547945207,2.2738554526748973
plasma,1963,boneseg_ftclicks,boxes,0,0,0.8277439053317317,0.16921293857338532,-3.156057098765433
plasma,1963,boneseg_ftclicks,points_bg,1,0,0.9050064882348805,0.1978674084376449,3.194958847736626
plasma,1963,boneseg_ftclicks,boxes,1,0,0.7589743165454234,0.20119500271591526,-5.954025205761318
plasma,1963,boneseg_ftclicks,points_bg,2,0,0.920489753563389,0.2171824480369515,2.120691872427982
plasma,1963,boneseg_ftclicks,boxes,2,0,0.8187154477473034,0.15585904920767307,-3.5319573045267507
plasma,1967,boneseg_learned,none,0,0,0.6200656983417105,0.11586386460851776,6.265303497942387
plasma,1967,boneseg_ftlayer,none,0,0,0.8207485712593645,0.30173901500066375,-0.17039609053497717
plasma,1967,boneseg_ftlearned,none,0,0,0.6694173825333606,0.045882182660298164,-5.127636316872426
plasma,1967,boneseg_ftclicks,points_bg,0,0,0.8413697362332253,0.3392767453540934,1.5623713991769566
plasma,1967,boneseg_ftclicks,boxes,0,0,0.9022167525262028,0.3653657854245349,-0.9403292181069944
plasma,1967,boneseg_ftclicks,points_bg,1,0,0.8546502677875988,0.2973248407643312,1.757394547325103
plasma,1967,boneseg_ftclicks,boxes,1,0,0.9035134842030663,0.3349188584219362,-0.7330889917695455
plasma,1967,boneseg_ftclicks,points_bg,2,0,0.8334043805695959,0.3433520122261844,2.280414094650207
plasma,1967,boneseg_ftclicks,boxes,2,0,0.908035987758385,0.2956981762494779,-0.40644290123456606
plasma,1970,boneseg_learned,none,0,0,0.8408105215204501,0.14994668197850874,-1.0280349794238668
plasma,1970,boneseg_ftlayer,none,0,0,0.8699141053259407,0.21649872869385064,-2.9765946502057608
plasma,1970,boneseg_ftlearned,none,0,0,0.7127977872564241,0.09354491135272798,-7.876607510288065
plasma,1970,boneseg_ftclicks,points_bg,0,0,0.938827260663367,0.2982850142915476,-0.9598765432098755
plasma,1970,boneseg_ftclicks,boxes,0,0,0.4997533313743621,0.06672988028920232,-11.898341049382715
plasma,1970,boneseg_ftclicks,points_bg,1,0,0.9371084608419348,0.31387980376124286,-0.8831661522633732
plasma,1970,boneseg_ftclicks,boxes,1,0,0.7721490212934797,0.14092917711692343,-4.634902263374485
plasma,1970,boneseg_ftclicks,points_bg,2,0,0.9561328962100996,0.30901561006690026,0.9461805555555564
plasma,1970,boneseg_ftclicks,boxes,2,0,0.7759833752669913,0.1387344766410408,-4.622427983539093
plasma,1972,boneseg_learned,none,0,0,0.8125170214153379,0.11721798134011875,0.840727880658436
plasma,1972,boneseg_ftlayer,none,0,0,0.9459109019040809,0.2518275775144946,0.44238683127572065
plasma,1972,boneseg_ftlearned,none,0,0,0.9542185831256675,0.2475802343352012,-0.5697659465020571
plasma,1972,boneseg_ftclicks,points_bg,0,0,0.96774991241989,0.43304061470911087,-0.32092335390946497
plasma,1972,boneseg_ftclicks,boxes,0,0,0.9630973701574135,0.24802483069977427,0.4494598765432095
plasma,1972,boneseg_ftclicks,points_bg,1,0,0.9674451229575838,0.43347993402968665,-0.3386059670781899
plasma,1972,boneseg_ftclicks,boxes,1,0,0.9612821165097939,0.2454160789844852,0.507265946502057
plasma,1972,boneseg_ftclicks,points_bg,2,0,0.9698336668744464,0.4638040187173135,-0.24292695473250997
plasma,1972,boneseg_ftclicks,boxes,2,0,0.9619236750057775,0.24520316027088035,0.49363425925925963
plasma,1981,boneseg_learned,none,0,0,0.28333850493987117,0.06302597323969243,37.49421296296296
plasma,1981,boneseg_ftlayer,none,0,0,0.4310065914540198,0.12742188863676035,19.968942901234566
plasma,1981,boneseg_ftlearned,none,0,0,0.4317477301694702,0.1012555690562981,11.80639146090535
plasma,1981,boneseg_ftclicks,points_bg,0,0,0.44010422788367126,0.15592515592515593,18.761252572016456
plasma,1981,boneseg_ftclicks,boxes,0,0,0.9425943125027642,0.3304933623935011,0.6486625514403294
plasma,1981,boneseg_ftclicks,points_bg,1,0,0.4419103251858951,0.13107460643394936,11.513503086419753
plasma,1981,boneseg_ftclicks,boxes,1,0,0.8286205940472051,0.20796560307761938,-2.1876929012345676
plasma,1981,boneseg_ftclicks,points_bg,2,0,0.43845089267240783,0.10033176982038669,11.171682098765432
plasma,1981,boneseg_ftclicks,boxes,2,0,0.8371572899394594,0.2355220667384284,-1.7905735596707815
plasma,1984,boneseg_learned,none,0,0,0.2209221280171097,0.029721155451661378,15.391203703703704
plasma,1984,boneseg_ftlayer,none,0,0,0.4578309325400868,0.07878118092832334,4.232574588477367
plasma,1984,boneseg_ftlearned,none,0,0,0.4174006232985551,0.0,-1.1071244855967075
plasma,1984,boneseg_ftclicks,points_bg,0,0,0.6216157265852101,0.1678640266339583,4.666859567901235
plasma,1984,boneseg_ftclicks,boxes,0,0,0.9205999859056437,0.2521806054386865,0.3144933127572018
plasma,1984,boneseg_ftclicks,points_bg,1,0,0.6075457247579278,0.19518979057591623,6.083783436213992
plasma,1984,boneseg_ftclicks,boxes,1,0,0.9226088589595686,0.2714138286893705,0.43627829218106995
plasma,1984,boneseg_ftclicks,points_bg,2,0,0.592133326348717,0.14325383861483176,5.637474279835391
plasma,1984,boneseg_ftclicks,boxes,2,0,0.7542955209447082,0.18350824587706147,-2.105259773662551
plasma,1992,boneseg_learned,none,0,0,0.6360232069604997,0.09434313360625232,0.9337705761316872
plasma,1992,boneseg_ftlayer,none,0,0,0.7432172649033036,0.13164262898073759,2.5660365226337465
plasma,1992,boneseg_ftlearned,none,0,0,0.7273581814689699,0.11050833835643963,-2.994148662551441
plasma,1992,boneseg_ftclicks,points_bg,0,0,0.7474686604649149,0.16980749746707194,4.188014403292181
plasma,1992,boneseg_ftclicks,boxes,0,0,0.8353444772675113,0.21491985203452527,-0.9119727366255131
plasma,1992,boneseg_ftclicks,points_bg,1,0,0.7349144401080756,0.1314933243576798,0.24871399176954745
plasma,1992,boneseg_ftclicks,boxes,1,0,0.831081473612575,0.19380692167577412,-0.4596193415637856
plasma,1992,boneseg_ftclicks,points_bg,2,0,0.7272708371018615,0.10838798757335175,-0.524884259259259
plasma,1992,boneseg_ftclicks,boxes,2,0,0.8060915258310847,0.1888422925403482,-2.0212834362139915
plasma,1993,boneseg_learned,none,0,0,0.7910767082546607,0.14877077967689065,2.621977880658438
plasma,1993,boneseg_ftlayer,none,0,0,0.8481135825714091,0.22095161475692449,2.6688528806584397
plasma,1993,boneseg_ftlearned,none,0,0,0.8430998130609199,0.19896017580532777,-4.1700745884773625
plasma,1993,boneseg_ftclicks,points_bg,0,0,0.8513988877604958,0.25225384479406043,-2.0253986625514364
plasma,1993,boneseg_ftclicks,boxes,0,0,0.5149131854360107,0.02089726728043256,-24.21289866255144
plasma,1993,boneseg_ftclicks,points_bg,1,0,0.8597673819640003,0.319409585275487,0.7480709876543257
plasma,1993,boneseg_ftclicks,boxes,1,0,0.498988291051738,0.02599128701174038,-24.88387345679012
plasma,1993,boneseg_ftclicks,points_bg,2,0,0.8553695238578867,0.2929925025090029,-1.207111625514401
plasma,1993,boneseg_ftclicks,boxes,2,0,0.6370007658211692,0.2051263589891281,-19.233024691358022
plasma,1994,boneseg_learned,none,0,0,0.7325784324022978,0.15330751684260782,8.408564814814817
plasma,1994,boneseg_ftlayer,none,0,0,0.7481699540612265,0.1911388641094261,7.713798868312755
plasma,1994,boneseg_ftlearned,none,0,0,0.7506163656182603,0.08926820829248601,-0.28099279835390734
plasma,1994,boneseg_ftclicks,points_bg,0,0,0.7599906401559385,0.1384506407366862,2.9974279835390973
plasma,1994,boneseg_ftclicks,boxes,0,0,0.755134633341443,0.23941068139963168,-7.950295781893005
plasma,1994,boneseg_ftclicks,points_bg,1,0,0.7410188425270591,0.0598893134800369,-1.5661008230452689
plasma,1994,boneseg_ftclicks,boxes,1,0,0.5850960162348,0.013797345988223922,-15.271862139917697
plasma,1994,boneseg_ftclicks,points_bg,2,0,0.7510548427309887,0.10088749673714435,1.3250385802469122
plasma,1994,boneseg_ftclicks,boxes,2,0,0.6779260949864112,0.0401613318458766,-12.435185185185185
plasma,2013,boneseg_learned,none,0,0,0.8560106823762431,0.19159738061952764,5.956211419753085
plasma,2013,boneseg_ftlayer,none,0,0,0.9181497553919418,0.26071546323771844,2.916795267489711
plasma,2013,boneseg_ftlearned,none,0,0,0.9369429083746637,0.23179017222310003,-0.1276363168724287
plasma,2013,boneseg_ftclicks,points_bg,0,0,0.9306341282523435,0.31579843377596184,0.8723636831275722
plasma,2013,boneseg_ftclicks,boxes,0,0,0.747595710507609,0.20552420552420553,-8.647183641975309
plasma,2013,boneseg_ftclicks,points_bg,1,0,0.9318549311926605,0.2961322201397172,0.29822530864197505
plasma,2013,boneseg_ftclicks,boxes,1,0,0.7527627804208763,0.21641643619122877,-8.47170781893004
plasma,2013,boneseg_ftclicks,points_bg,2,0,0.9288887517739248,0.31402831402831405,1.2953960905349782
plasma,2013,boneseg_ftclicks,boxes,2,0,0.7545636717999397,0.20462114904246462,-7.079346707818932
plasma,2015,boneseg_learned,none,0,0,0.8463919833998269,0.17523483411225765,1.2930812757201648
plasma,2015,boneseg_ftlayer,none,0,0,0.9214171600736714,0.3029831676017999,3.1292438271604937
plasma,2015,boneseg_ftlearned,none,0,0,0.8510273201136918,0.1530981887511916,-6.001157407407404
plasma,2015,boneseg_ftclicks,points_bg,0,0,0.9230159703086219,0.3257903115760746,0.7316100823045291
plasma,2015,boneseg_ftclicks,boxes,0,0,0.0,0.0,-32.0534336419753
plasma,2015,boneseg_ftclicks,points_bg,1,0,0.9261949009714248,0.3602693602693603,2.6679526748971227
plasma,2015,boneseg_ftclicks,boxes,1,0,0.54110638186926,0.04850061199510404,-22.327739197530864
plasma,2015,boneseg_ftclicks,points_bg,2,0,0.9252103222542534,0.3625281645386793,2.065264917695475
plasma,2015,boneseg_ftclicks,boxes,2,0,0.6748828932026919,0.15850748427218164,-15.070087448559669
plasma,2025,boneseg_learned,none,0,0,0.5901011214632339,0.0498220640569395,19.817644032921812
plasma,2025,boneseg_ftlayer,none,0,0,0.8116967972916597,0.174194111994409,7.12969393004115
plasma,2025,boneseg_ftlearned,none,0,0,0.813701807090731,0.1618477619489168,3.5399305555555567
plasma,2025,boneseg_ftclicks,points_bg,0,0,0.8358860258931347,0.2318921431892143,4.683256172839506
plasma,2025,boneseg_ftclicks,boxes,0,0,0.32600478642396113,0.002050861361771944,-14.939750514403292
plasma,2025,boneseg_ftclicks,points_bg,1,0,0.8407974546353397,0.18887343532684284,3.4747942386831294
plasma,2025,boneseg_ftclicks,boxes,1,0,0.6141904643298495,0.023937693276829687,-10.257201646090534
plasma,2025,boneseg_ftclicks,points_bg,2,0,0.8490861237992323,0.15391739210964994,1.6908436213991767
plasma,2025,boneseg_ftclicks,boxes,2,0,0.878188182918156,0.21062760611568482,-2.2976466049382696
plasma,2026,boneseg_learned,none,0,0,0.6123662173910128,0.08935500786575773,9.641653806584364
plasma,2026,boneseg_ftlayer,none,0,0,0.6268085863377609,0.08522588522588523,6.894418724279835
plasma,2026,boneseg_ftlearned,none,0,0,0.7566942259170307,0.18649292419784222,2.0471322016460918
plasma,2026,boneseg_ftclicks,points_bg,0,0,0.5812769120750854,0.08718274111675127,10.451967592592592
plasma,2026,boneseg_ftclicks,boxes,0,0,0.8591943688023429,0.10735548300364893,0.8933899176954738
plasma,2026,boneseg_ftclicks,points_bg,1,0,0.4642358617138056,0.0,18.82703189300412
plasma,2026,boneseg_ftclicks,boxes,1,0,0.8040384147750983,0.0022992910519256562,2.288258744855967
plasma,2026,boneseg_ftclicks,points_bg,2,0,0.45539565997715775,0.0,20.27944958847737
plasma,2026,boneseg_ftclicks,boxes,2,0,0.859298208444483,0.06855151045701006,0.900398662551441
plasma,2033,boneseg_learned,none,0,0,0.7095628400786884,0.11750537634408602,6.742348251028806
plasma,2033,boneseg_ftlayer,none,0,0,0.751969927516946,0.24008922234614213,5.4600694444444455
plasma,2033,boneseg_ftlearned,none,0,0,0.6725557038976526,0.12797202797202797,0.19238683127572043
plasma,2033,boneseg_ftclicks,points_bg,0,0,0.7767970673136522,0.31493928881179534,6.736625514403293
plasma,2033,boneseg_ftclicks,boxes,0,0,0.7664702774745977,0.0454129838463883,-5.594328703703702
plasma,2033,boneseg_ftclicks,points_bg,1,0,0.7731436420365132,0.29117230869707195,5.771797839506173
plasma,2033,boneseg_ftclicks,boxes,1,0,0.8084134863998346,0.15568043742405832,-4.703060699588477
plasma,2033,boneseg_ftclicks,points_bg,2,0,0.7750009357805033,0.3116883116883117,6.502507716049383
plasma,2033,boneseg_ftclicks,boxes,2,0,0.9421321572469893,0.3473076923076923,-0.8939686213991771
plasma,203,boneseg_learned,none,0,0,0.5371212499791781,0.18609587829471078,4.623971193415637
plasma,203,boneseg_ftlayer,none,0,0,0.5564223738150398,0.19617912900575185,5.197980967078189
plasma,203,boneseg_ftlearned,none,0,0,0.550180147968866,0.13536341409202046,3.2107767489711927
plasma,203,boneseg_ftclicks,points_bg,0,0,0.5655514284819138,0.09466499012035208,7.654513888888889
plasma,203,boneseg_ftclicks,boxes,0,0,0.8652543441192667,0.2728613569321534,-1.125192901234568
plasma,203,boneseg_ftclicks,points_bg,1,0,0.5649114274206418,0.1589763474214812,6.105581275720164
plasma,203,boneseg_ftclicks,boxes,1,0,0.8971283859163729,0.12617654540829307,0.7106481481481477
plasma,203,boneseg_ftclicks,points_bg,2,0,0.5599740660144086,0.07910420805490338,7.8283822016460896
plasma,203,boneseg_ftclicks,boxes,2,0,0.8660235231928108,0.2992056487202118,-1.085390946502058
plasma,2046,boneseg_learned,none,0,0,0.5463027548664994,0.05999821699206562,7.152391975308642
plasma,2046,boneseg_ftlayer,none,0,0,0.8057915126704187,0.11484868277814064,3.8667052469135794
plasma,2046,boneseg_ftlearned,none,0,0,0.7034635133200623,0.06361542890040299,-4.80883487654321
plasma,2046,boneseg_ftclicks,points_bg,0,0,0.8608783476321018,0.1889663017204607,0.3528163580246907
plasma,2046,boneseg_ftclicks,boxes,0,0,0.9539111028045603,0.2993965650626644,0.6286651234567897
plasma,2046,boneseg_ftclicks,points_bg,1,0,0.8683198761390322,0.1809023215067893,1.1211419753086427
plasma,2046,boneseg_ftclicks,boxes,1,0,0.9065960600156534,0.17215152844814977,-1.5857124485596703
plasma,2046,boneseg_ftclicks,points_bg,2,0,0.8640915656611182,0.195182846232927,0.6317515432098769
plasma,2046,boneseg_ftclicks,boxes,2,0,0.8897997977262481,0.16782783712649016,-2.2301311728395072
plasma,2047,boneseg_learned,none,0,0,0.6291561032124212,0.11106045928542937,6.457690329218105
plasma,2047,boneseg_ftlayer,none,0,0,0.81166187482567,0.3016327478139751,1.3483796296296313
plasma,2047,boneseg_ftlearned,none,0,0,0.7642628974329267,0.08661539656645692,-3.866576646090536
plasma,2047,boneseg_ftclicks,points_bg,0,0,0.8108727828597773,0.2929765886287625,6.399048353909468
plasma,2047,boneseg_ftclicks,boxes,0,0,0.6967171175334643,0.2064165206969669,-7.643518518518519
plasma,2047,boneseg_ftclicks,points_bg,1,0,0.8133447202677847,0.3459442867009439,4.8228523662551455
plasma,2047,boneseg_ftclicks,boxes,1,0,0.6319026739017229,0.07432911392405063,-12.52121913580247
plasma,2047,boneseg_ftclicks,points_bg,2,0,0.8129737365294778,0.309527370625187,6.019740226337447
plasma,2047,boneseg_ftclicks,boxes,2,0,0.681179339552535,0.17406518696260748,-10.952289094650206
plasma,2052,boneseg_learned,none,0,0,0.7086888521814237,0.1116154873164219,3.6921939300411517
plasma,2052,boneseg_ftlayer,none,0,0,0.7400983818383801,0.14297264519606523,7.495048868312759
plasma,2052,boneseg_ftlearned,none,0,0,0.7086465264872525,0.147271714922049,2.8395704732510296
plasma,2052,boneseg_ftclicks,points_bg,0,0,0.7376659116197742,0.23151308304891924,3.22775205761317
plasma,2052,boneseg_ftclicks,boxes,0,0,0.9209443965245198,0.1958849113415858,1.7899948559670782
plasma,2052,boneseg_ftclicks,points_bg,1,0,0.7613803686423388,0.19276250178088047,6.335262345679013
plasma,2052,boneseg_ftclicks,boxes,1,0,0.847036980903304,0.2683903252710592,-2.296939300411523
plasma,2052,boneseg_ftclicks,points_bg,2,0,0.6987313446885649,0.1325697924123121,1.2464634773662553
plasma,2052,boneseg_ftclicks,boxes,2,0,0.9373469031069762,0.25325004220834035,1.2525077160493836
plasma,2060,boneseg_learned,none,0,0,0.6113003805827657,0.12395509911631239,7.559220679012345
plasma,2060,boneseg_ftlayer,none,0,0,0.7974647615136545,0.22358044164037855,4.034593621399178
plasma,2060,boneseg_ftlearned,none,0,0,0.796775025042172,0.21161417322834647,2.4470807613168724
plasma,2060,boneseg_ftclicks,points_bg,0,0,0.8107445221906766,0.29739094985731757,2.874292695473252
plasma,2060,boneseg_ftclicks,boxes,0,0,0.9616259924627713,0.36133004926108375,0.3140432098765439
plasma,2060,boneseg_ftclicks,points_bg,1,0,0.8112439056235451,0.3020093363101279,2.931648662551441
plasma,2060,boneseg_ftclicks,boxes,1,0,0.9608399607998863,0.3555391068344436,0.3898533950617289
plasma,2060,boneseg_ftclicks,points_bg,2,0,0.8112659241922056,0.3088294856217092,3.207240226337449
plasma,2060,boneseg_ftclicks,boxes,2,0,0.9614145446186516,0.35334815913021994,0.3627186213991773
plasma,2063,boneseg_learned,none,0,0,0.6748683618141602,0.081702662221578,12.47466563786008
plasma,2063,boneseg_ftlayer,none,0,0,0.7950797704171312,0.14641705926109597,8.767425411522636
plasma,2063,boneseg_ftlearned,none,0,0,0.8427014497921704,0.13896200310454207,-0.49279835390946547
plasma,2063,boneseg_ftclicks,points_bg,0,0,0.8274463477062414,0.20470438652256834,5.599279835390944
plasma,2063,boneseg_ftclicks,boxes,0,0,0.6327375099391017,0.0746599787788174,-11.799704218106996
plasma,2063,boneseg_ftclicks,points_bg,1,0,0.8282773839911322,0.17648338894530682,3.9290123456790145
plasma,2063,boneseg_ftclicks,boxes,1,0,0.7642050363667782,0.22225305216426194,-5.722093621399177
plasma,2063,boneseg_ftclicks,points_bg,2,0,0.8274660071972083,0.18070543926993554,4.073881172839508
plasma,2063,boneseg_ftclicks,boxes,2,0,0.6687368006902015,0.12083685148700629,-10.208912037037038
plasma,206,boneseg_learned,none,0,0,0.568582517691296,0.04534075104311544,0.5172325102880654
plasma,206,boneseg_ftlayer,none,0,0,0.8651866127453584,0.23222821896684656,1.52880658436214
plasma,206,boneseg_ftlearned,none,0,0,0.7975155651639897,0.13352713178294573,-2.541859567901235
plasma,206,boneseg_ftclicks,points_bg,0,0,0.9199817865094848,0.3624749041795948,-0.027970679012345734
plasma,206,boneseg_ftclicks,boxes,0,0,0.9371459294487865,0.4159941305942773,0.8444573045267495
plasma,206,boneseg_ftclicks,points_bg,1,0,0.9008086105028952,0.4112930740361651,0.9367926954732514
plasma,206,boneseg_ftclicks,boxes,1,0,0.94005079963128,0.4428174235403151,0.5535622427983542
plasma,206,boneseg_ftclicks,points_bg,2,0,0.9191860727641425,0.38270502054672145,0.24376286008230413
plasma,206,boneseg_ftclicks,boxes,2,0,0.9333145055953683,0.3943867322762894,0.9725437242798354
plasma,2071,boneseg_learned,none,0,0,0.5399334689811245,0.0704788318786198,16.57323816872428
plasma,2071,boneseg_ftlayer,none,0,0,0.6616390432874859,0.10288568257491676,4.7387474279835375
plasma,2071,boneseg_ftlearned,none,0,0,0.5731447066799265,0.08309275762520396,-0.16480195473251025
plasma,2071,boneseg_ftclicks,points_bg,0,0,0.6995748628558942,0.17209908735332463,9.005915637860081
plasma,2071,boneseg_ftclicks,boxes,0,0,0.7334630792674012,0.13403852226081464,-4.750064300411523
plasma,2071,boneseg_ftclicks,points_bg,1,0,0.7088840871871014,0.14666363015258482,7.419753086419751
plasma,2071,boneseg_ftclicks,boxes,1,0,0.9243861635605064,0.20569620253164558,0.6732253086419739
plasma,2071,boneseg_ftclicks,points_bg,2,0,0.6942366488072835,0.15521165225307237,5.870627572016461
plasma,2071,boneseg_ftclicks,boxes,2,0,0.8543533813096226,0.18663793103448276,-1.8187371399176964
plasma,2073,boneseg_learned,none,0,0,0.7038889469575834,0.07774560035642682,7.019225823045268
plasma,2073,boneseg_ftlayer,none,0,0,0.84700891734737,0.1776373787834264,2.146476337448559
plasma,2073,boneseg_ftlearned,none,0,0,0.847291561714746,0.18434258949481433,-0.578382201646091
plasma,2073,boneseg_ftclicks,points_bg,0,0,0.8693573467635249,0.24459234608985025,0.27006172839506154
plasma,2073,boneseg_ftclicks,boxes,0,0,0.9044755118409851,0.16367265469061876,1.5948431069958844
plasma,2073,boneseg_ftclicks,points_bg,1,0,0.8377893768189311,0.14027292922881626,3.889853395061728
plasma,2073,boneseg_ftclicks,boxes,1,0,0.9037457707717282,0.15894378194207837,1.6338734567901234
plasma,2073,boneseg_ftclicks,points_bg,2,0,0.8591583614137056,0.23499053844830553,-0.2547582304526744
plasma,2073,boneseg_ftclicks,boxes,2,0,0.9034509331466497,0.16095832630335752,1.8031121399176966
plasma,2078,boneseg_learned,none,0,0,0.5914959719878526,0.11038547308059891,14.98900462962963
plasma,2078,boneseg_ftlayer,none,0,0,0.6698176285634819,0.17006585935840238,6.725115740740739
plasma,2078,boneseg_ftlearned,none,0,0,0.6736320788010446,0.18112742581373859,4.612268518518517
plasma,2078,boneseg_ftclicks,points_bg,0,0,0.6517691229237459,0.05907814693495555,-1.12422839506173
plasma,2078,boneseg_ftclicks,boxes,0,0,0.8141929896040733,0.18345323741007194,-3.090599279835392
plasma,2078,boneseg_ftclicks,points_bg,1,0,0.6726152450355104,0.15555555555555556,2.716628086419753
plasma,2078,boneseg_ftclicks,boxes,1,0,0.831518978905688,0.15271697141385526,-0.20402520576131844
plasma,2078,boneseg_ftclicks,points_bg,2,0,0.6715593856743249,0.1886599111920756,4.250835905349792
plasma,2078,boneseg_ftclicks,boxes,2,0,0.8346154024062501,0.16064308681672027,-0.38194444444444586
plasma,207,boneseg_learned,none,0,0,0.5756610198648051,0.11116712881270481,1.196694958847737
plasma,207,boneseg_ftlayer,none,0,0,0.833643399150168,0.2815644271340474,-0.7681970164609044
plasma,207,boneseg_ftlearned,none,0,0,0.6507086256354909,0.08196384552177485,-3.930234053497942
plasma,207,boneseg_ftclicks,points_bg,0,0,0.8148254060454413,0.3292579385294617,-0.859246399176955
plasma,207,boneseg_ftclicks,boxes,0,0,0.8388087277846208,0.2877723752926346,-0.6332304526748975
plasma,207,boneseg_ftclicks,points_bg,1,0,0.8121269841269841,0.31898171877669573,-1.0717592592592584
plasma,207,boneseg_ftclicks,boxes,1,0,0.8368673217042775,0.30039739884393063,-0.7153420781893003
plasma,207,boneseg_ftclicks,points_bg,2,0,0.8132479277902648,0.3368421052631579,-0.7745627572016454
plasma,207,boneseg_ftclicks,boxes,2,0,0.8366019876541603,0.24183710082526014,-0.42727623456790126
plasma,2082,boneseg_learned,none,0,0,0.5330835163751517,0.03553108970349055,15.734246399176953
plasma,2082,boneseg_ftlayer,none,0,0,0.8648546022318316,0.17835069751015362,-2.0019290123456783
plasma,2082,boneseg_ftlearned,none,0,0,0.8565000087889424,0.13948197409870494,-2.7449845679012346
plasma,2082,boneseg_ftclicks,points_bg,0,0,0.555487055000594,0.0237034227742486,15.3573816872428
plasma,2082,boneseg_ftclicks,boxes,0,0,0.8755215959723492,0.06675523082032547,-0.14576903292181087
plasma,2082,boneseg_ftclicks,points_bg,1,0,0.5714997599156487,0.027419518635117296,14.275270061728396
plasma,2082,boneseg_ftclicks,boxes,1,0,0.8751965350499866,0.15085977663534833,-0.8506301440329211
plasma,2082,boneseg_ftclicks,points_bg,2,0,0.6144840714910816,0.03436936459106821,10.941808127572017
plasma,2082,boneseg_ftclicks,boxes,2,0,0.8732277554105623,0.0677511319805467,-0.19380144032921792
plasma,2086,boneseg_learned,none,0,0,0.6835623925665988,0.1336919705120542,12.672518004115227
plasma,2086,boneseg_ftlayer,none,0,0,0.9584576006621593,0.2896455223880597,0.6741255144032926
plasma,2086,boneseg_ftlearned,none,0,0,0.956467845647841,0.2380292532717475,-0.5247556584362156
plasma,2086,boneseg_ftclicks,points_bg,0,0,0.9629495172336756,0.2789028863020252,-0.2836291152263387
plasma,2086,boneseg_ftclicks,boxes,0,0,0.9610420404164225,0.35833333333333334,0.831018518518517
plasma,2086,boneseg_ftclicks,points_bg,1,0,0.9620227798076206,0.2663364754753155,-0.31957304526749053
plasma,2086,boneseg_ftclicks,boxes,1,0,0.9628622720317791,0.3662466103046738,0.7041538065843622
plasma,2086,boneseg_ftclicks,points_bg,2,0,0.9637229584140097,0.2771487800988678,-0.2510931069958866
plasma,2086,boneseg_ftclicks,boxes,2,0,0.9652208034711541,0.3779264214046823,0.5982510288065845
plasma,2087,boneseg_learned,none,0,0,0.7548995144003492,0.13421119270701443,16.81153549382716
plasma,2087,boneseg_ftlayer,none,0,0,0.8071737235819595,0.19657710490096345,12.653420781893004
plasma,2087,boneseg_ftlearned,none,0,0,0.8444008098201514,0.23186444666705888,7.188014403292181
plasma,2087,boneseg_ftclicks,points_bg,0,0,0.8699154637434728,0.12402428447528187,0.4770447530864197
plasma,2087,boneseg_ftclicks,boxes,0,0,0.44132886315147823,0.0059706309504599,-20.833140432098762
plasma,2087,boneseg_ftclicks,points_bg,1,0,0.8602959388263088,0.10110730292644345,-0.8008616255144041
plasma,2087,boneseg_ftclicks,boxes,1,0,0.5426518174737637,0.015943523439359085,-18.134580761316872
plasma,2087,boneseg_ftclicks,points_bg,2,0,0.8533045984212505,0.22845844760507686,5.972929526748971
plasma,2087,boneseg_ftclicks,boxes,2,0,0.6545904422635682,0.07165824529168581,-14.204668209876543
plasma,208,boneseg_learned,none,0,0,0.6456297034510075,0.14242846425892186,1.604552469135803
plasma,208,boneseg_ftlayer,none,0,0,0.8788165278449898,0.3054375531011045,1.537872942386831
plasma,208,boneseg_ftlearned,none,0,0,0.7870088420641254,0.149400399733511,-2.7308384773662557
plasma,208,boneseg_ftclicks,points_bg,0,0,0.8955494770716009,0.3946717134954142,1.4555041152263373
plasma,208,boneseg_ftclicks,boxes,0,0,0.8985054101979517,0.3865120836054866,-0.757716049382716
plasma,208,boneseg_ftclicks,points_bg,1,0,0.8919230732558472,0.3699941961694719,1.7054398148148144
plasma,208,boneseg_ftclicks,boxes,1,0,0.8830127705019781,0.25669751583049194,0.018325617283951323
plasma,208,boneseg_ftclicks,points_bg,2,0,0.8890294984877438,0.35125344153021304,1.798482510288066
plasma,208,boneseg_ftclicks,boxes,2,0,0.8917982557853533,0.3019143413367943,-0.22608024691358058
plasma,2105,boneseg_learned,none,0,0,0.8593554957887919,0.15077071290944125,7.899755658436214
plasma,2105,boneseg_ftlayer,none,0,0,0.925471938808162,0.20922651933701658,2.948109567901236
plasma,2105,boneseg_ftlearned,none,0,0,0.9365146942361361,0.25099994520848173,-1.1192129629629621
plasma,2105,boneseg_ftclicks,points_bg,0,0,0.9339056701637067,0.2783421373425437,-1.8678626543209842
plasma,2105,boneseg_ftclicks,boxes,0,0,0.461620358490257,0.026663807277146328,-25.298611111111114
plasma,2105,boneseg_ftclicks,points_bg,1,0,0.9436939255028947,0.2807425978987584,0.6878215020576117
plasma,2105,boneseg_ftclicks,boxes,1,0,0.4502260731770056,0.013954182523692262,-25.661972736625515
plasma,2105,boneseg_ftclicks,points_bg,2,0,0.938263652250482,0.29449781659388646,-1.1358667695473224
plasma,2105,boneseg_ftclicks,boxes,2,0,0.6262407647622807,0.13806024981631154,-17.68158436213992
plasma,2110,boneseg_learned,none,0,0,0.48412502239345817,0.047170907400952714,11.15502829218107
plasma,2110,boneseg_ftlayer,none,0,0,0.8357404492973636,0.10863714215806215,1.2673611111111107
plasma,2110,boneseg_ftlearned,none,0,0,0.676994149543379,0.026241268642627904,-2.7802211934156382
plasma,2110,boneseg_ftclicks,points_bg,0,0,0.8811719401688892,0.06655480984340045,-0.31860853909465026
plasma,2110,boneseg_ftclicks,boxes,0,0,0.950186291415199,0.15870521684475172,-0.49421296296296297
plasma,2110,boneseg_ftclicks,points_bg,1,0,0.9203767781622453,0.07764239161235477,-0.4754372427983544
plasma,2110,boneseg_ftclicks,boxes,1,0,0.9639487217708876,0.2709436312675179,0.05439814814814786
plasma,2110,boneseg_ftclicks,points_bg,2,0,0.9069155086722791,0.053952321204516936,-1.3515303497942388
plasma,2110,boneseg_ftclicks,boxes,2,0,0.9642154787813859,0.2617637893424743,-0.0344007201646096
plasma,2122,boneseg_learned,none,0,0,0.7315092078832711,0.08410351201478743,4.395897633744856
plasma,2122,boneseg_ftlayer,none,0,0,0.801073872379435,0.12555731338990364,4.501607510288065
plasma,2122,boneseg_ftlearned,none,0,0,0.8489239706199938,0.1538774955860383,1.541345164609055
plasma,2122,boneseg_ftclicks,points_bg,0,0,0.8299553480359936,0.17015107584312528,3.410751028806584
plasma,2122,boneseg_ftclicks,boxes,0,0,0.8432087809536685,0.11605384110308602,4.532085905349794
plasma,2122,boneseg_ftclicks,points_bg,1,0,0.6885288403825732,0.07247232472324723,11.251800411522634
plasma,2122,boneseg_ftclicks,boxes,1,0,0.8554988542900472,0.11553398058252427,4.085583847736625
plasma,2122,boneseg_ftclicks,points_bg,2,0,0.7591299497165374,0.13821472645002056,7.548096707818932
plasma,2122,boneseg_ftclicks,boxes,2,0,0.8568653496040607,0.11936682280730092,4.038515946502057
plasma,2139,boneseg_learned,none,0,0,0.74584171758755,0.10898461966733941,-6.577289094650207
plasma,2139,boneseg_ftlayer,none,0,0,0.8441401953706148,0.23351115421920465,3.014467592592593
plasma,2139,boneseg_ftlearned,none,0,0,0.8440008817923825,0.17304043205371478,-2.288837448559672
plasma,2139,boneseg_ftclicks,points_bg,0,0,0.8656650925095988,0.26637269312428546,-0.3104423868312778
plasma,2139,boneseg_ftclicks,boxes,0,0,0.700481407479919,0.20554725438924168,-10.013760288065846
plasma,2139,boneseg_ftclicks,points_bg,1,0,0.8305695702110023,0.11141413331194353,-6.3296682098765435
plasma,2139,boneseg_ftclicks,boxes,1,0,0.7059998308084536,0.2272853057835993,-9.609760802469136
plasma,2139,boneseg_ftclicks,points_bg,2,0,0.8734851804167144,0.2603210093428092,-0.6792052469135806
plasma,2139,boneseg_ftclicks,boxes,2,0,0.6733556881967367,0.15644113149847094,-11.499549897119344
plasma,2142,boneseg_learned,none,0,0,0.7992150032866717,0.164103690685413,0.5641718106995874
plasma,2142,boneseg_ftlayer,none,0,0,0.8798762651473612,0.2474491283307096,-1.4124228395061722
plasma,2142,boneseg_ftlearned,none,0,0,0.8116065713676125,0.07122319396190248,-6.634902263374484
plasma,2142,boneseg_ftclicks,points_bg,0,0,0.8569716890617038,0.10399596621706794,-4.253343621399175
plasma,2142,boneseg_ftclicks,boxes,0,0,0.6659340071736839,0.14743739761291833,-14.584555041152264
plasma,2142,boneseg_ftclicks,points_bg,1,0,0.888599002913536,0.19326186830015313,-1.376221707818931
plasma,2142,boneseg_ftclicks,boxes,1,0,0.6781805069431102,0.1694440118361626,-14.095036008230451
plasma,2142,boneseg_ftclicks,points_bg,2,0,0.8646987866961379,0.11408087541664046,-3.6693672839506144
plasma,2142,boneseg_ftclicks,boxes,2,0,0.5234324252485424,0.004185172531602323,-19.397183641975307
plasma,2145,boneseg_learned,none,0,0,0.810237205416475,0.12227927477620756,0.7112911522633769
plasma,2145,boneseg_ftlayer,none,0,0,0.8586294676708534,0.1871868978805395,7.353909465020575
plasma,2145,boneseg_ftlearned,none,0,0,0.8555529650450929,0.17188720173535793,0.41808127572016685
plasma,2145,boneseg_ftclicks,points_bg,0,0,0.8279015232754945,0.11657603418139445,-3.243312757201644
plasma,2145,boneseg_ftclicks,boxes,0,0,0.476248030662873,0.025065541275017585,-28.18184156378601
plasma,2145,boneseg_ftclicks,points_bg,1,0,0.8535235005340079,0.18763990267639902,1.596386316872428
plasma,2145,boneseg_ftclicks,boxes,1,0,0.5186830841837055,0.04122059106352971,-26.52025462962963
plasma,2145,boneseg_ftclicks,points_bg,2,0,0.8618978370029942,0.20973560662218926,2.642103909465021
plasma,2145,boneseg_ftclicks,boxes,2,0,0.0,0.0,-39.17734053497942
plasma,2159,boneseg_learned,none,0,0,0.752577625322512,0.1561602714695902,7.760738168724279
plasma,2159,boneseg_ftlayer,none,0,0,0.8564199364088625,0.1812215610780539,0.5515046296296289
plasma,2159,boneseg_ftlearned,none,0,0,0.8180511844689203,0.11264367816091954,-5.061021090534979
plasma,2159,boneseg_ftclicks,points_bg,0,0,0.8562919654058717,0.23166682477943268,-0.2029963991769551
plasma,2159,boneseg_ftclicks,boxes,0,0,0.8158331835624663,0.2314930280013604,-5.214056069958847
plasma,2159,boneseg_ftclicks,points_bg,1,0,0.8571168719294242,0.2315579606949587,-0.3002186213991759
plasma,2159,boneseg_ftclicks,boxes,1,0,0.8302297591032389,0.1739453830623738,-1.9771090534979412
plasma,2159,boneseg_ftclicks,points_bg,2,0,0.8460898641821623,0.17787031528851874,-3.215470679012347
plasma,2159,boneseg_ftclicks,boxes,2,0,0.8290056779468544,0.1677157793662648,-2.381880144032922
plasma,2160,boneseg_learned,none,0,0,0.7669018819397753,0.19823361241576476,5.903034979423872
plasma,2160,boneseg_ftlayer,none,0,0,0.8601204329314003,0.3067833126591369,-0.7051183127572025
plasma,2160,boneseg_ftlearned,none,0,0,0.8470982710314137,0.23902949447387353,-5.142232510288064
plasma,2160,boneseg_ftclicks,points_bg,0,0,0.8418216754818645,0.30567959810214906,-4.5099665637860085
plasma,2160,boneseg_ftclicks,boxes,0,0,0.705701963138972,0.19881479008430014,-9.292631172839505
plasma,2160,boneseg_ftclicks,points_bg,1,0,0.8510594089613163,0.30535526776338817,-4.303626543209877
plasma,2160,boneseg_ftclicks,boxes,1,0,0.593750371193674,0.04550517104216388,-15.306005658436211
plasma,2160,boneseg_ftclicks,points_bg,2,0,0.8395879381326234,0.3104386026079074,-4.50051440329218
plasma,2160,boneseg_ftclicks,boxes,2,0,0.4123137728916645,0.005571971295905445,-19.6855066872428
plasma,2174,boneseg_learned,none,0,0,0.6460765563896897,0.0433392539964476,2.9922196502057616
plasma,2174,boneseg_ftlayer,none,0,0,0.48011622193261694,0.13265531726730045,2.2723122427983538
plasma,2174,boneseg_ftlearned,none,0,0,0.2786713916751757,0.00046739892498247256,-2.070859053497942
plasma,2174,boneseg_ftclicks,points_bg,0,0,0.4660051630342306,0.09494752257749572,0.4499099794238681
plasma,2174,boneseg_ftclicks,boxes,0,0,0.9517839875034093,0.34832663989290497,0.1902649176954735
plasma,2174,boneseg_ftclicks,points_bg,1,0,0.6655703549371232,0.17134774701959993,4.506430041152264
plasma,2174,boneseg_ftclicks,boxes,1,0,0.9501645855037588,0.31289978678038377,0.3701774691358031
plasma,2174,boneseg_ftclicks,points_bg,2,0,0.6605303511407816,0.1540835219090722,3.8289609053497946
plasma,2174,boneseg_ftclicks,boxes,2,0,0.9509377791009229,0.32386820251808196,0.18287037037037074
plasma,2178,boneseg_learned,none,0,0,0.3884944300932536,0.042192294578929423,11.656121399176955
plasma,2178,boneseg_ftlayer,none,0,0,0.676061087059557,0.12585778945831508,4.937564300411523
plasma,2178,boneseg_ftlearned,none,0,0,0.6870347491380733,0.07559145989613388,-0.8600180041152261
plasma,2178,boneseg_ftclicks,points_bg,0,0,0.7313953294828476,0.08934294871794872,0.1757973251028805
plasma,2178,boneseg_ftclicks,boxes,0,0,0.907343899650879,0.19563106796116506,-0.7081404320987652
plasma,2178,boneseg_ftclicks,points_bg,1,0,0.7231654003685866,0.11613261715132432,1.5055941358024696
plasma,2178,boneseg_ftclicks,boxes,1,0,0.9280040625462855,0.26438455935906774,-0.08211162551440276
plasma,2178,boneseg_ftclicks,points_bg,2,0,0.7148565763161875,0.17837659117209456,3.8556455761316872
plasma,2178,boneseg_ftclicks,boxes,2,0,0.9265900859642194,0.26689271009929766,0.02726337448559768
plasma,2184,boneseg_learned,none,0,0,0.7250554140338108,0.06574225122349103,-3.9976851851851856
plasma,2184,boneseg_ftlayer,none,0,0,0.9437883442787752,0.22303271441202477,0.985275205761317
plasma,2184,boneseg_ftlearned,none,0,0,0.8451679541453906,0.1579734929457033,-1.8667695473251034
plasma,2184,boneseg_ftclicks,points_bg,0,0,0.9484887479991212,0.29554197782303687,0.9402006172839511
plasma,2184,boneseg_ftclicks,boxes,0,0,0.9323505393905531,0.11640449438202247,1.398533950617284
plasma,2184,boneseg_ftclicks,points_bg,1,0,0.9564912258315602,0.3343195266272189,0.610146604938272
plasma,2184,boneseg_ftclicks,boxes,1,0,0.9317086489288925,0.09636934110264456,1.4135159465020573
plasma,2184,boneseg_ftclicks,points_bg,2,0,0.9549630250819547,0.3360618462937699,0.6957304526748975
plasma,2184,boneseg_ftclicks,boxes,2,0,0.9372586187202278,0.12558869701726844,1.2814429012345683
plasma,2186,boneseg_learned,none,0,0,0.7226320850856167,0.11525607442868756,7.377186213991768
plasma,2186,boneseg_ftlayer,none,0,0,0.8561441615553508,0.16549789621318373,1.6149048353909456
plasma,2186,boneseg_ftlearned,none,0,0,0.8320081188336836,0.20470102027637865,-1.5974794238683143
plasma,2186,boneseg_ftclicks,points_bg,0,0,0.8396735310302168,0.19716700936714646,3.5555555555555536
plasma,2186,boneseg_ftclicks,boxes,0,0,0.8799171554863641,0.1644987518065957,-0.7064043209876553
plasma,2186,boneseg_ftclicks,points_bg,1,0,0.83790839762917,0.17543859649122806,4.615547839506171
plasma,2186,boneseg_ftclicks,boxes,1,0,0.808919039730746,0.21646822550566633,-4.007716049382718
plasma,2186,boneseg_ftclicks,points_bg,2,0,0.8399280104316351,0.2130698046384097,3.4429655349794226
plasma,2186,boneseg_ftclicks,boxes,2,0,0.8783708416971678,0.1273108692801888,0.015496399176953557
plasma,2188,boneseg_learned,none,0,0,0.5578432535391099,0.09116052660692554,11.220100308641975
plasma,2188,boneseg_ftlayer,none,0,0,0.5675817818449563,0.14746476826964985,7.413001543209876
plasma,2188,boneseg_ftlearned,none,0,0,0.640595251843664,0.11876773408998784,3.059349279835391
plasma,2188,boneseg_ftclicks,points_bg,0,0,0.5803357975018429,0.12485515643105446,11.571180555555555
plasma,2188,boneseg_ftclicks,boxes,0,0,0.8386216574413347,0.23912175648702594,0.06777263374485587
plasma,2188,boneseg_ftclicks,points_bg,1,0,0.5650921755839788,0.10773240660295395,10.34201388888889
plasma,2188,boneseg_ftclicks,boxes,1,0,0.8346801165588984,0.2306480204845381,0.29835390946502116
plasma,2188,boneseg_ftclicks,points_bg,2,0,0.5732182665404044,0.17856044294063364,7.541345164609055
plasma,2188,boneseg_ftclicks,boxes,2,0,0.8498220401866378,0.21891304347826088,-1.089827674897119
plasma,2189,boneseg_learned,none,0,0,0.7300182709461146,0.0721313491575452,1.7662037037037033
plasma,2189,boneseg_ftlayer,none,0,0,0.8455436067788976,0.23584568672977319,5.709233539094649
plasma,2189,boneseg_ftlearned,none,0,0,0.8580358918918919,0.1493112495900295,-2.798675411522633
plasma,2189,boneseg_ftclicks,points_bg,0,0,0.8743905424889746,0.2746234067207416,2.5722736625514413
plasma,2189,boneseg_ftclicks,boxes,0,0,0.8156190321687594,0.28546117769671703,-3.507394547325102
plasma,2189,boneseg_ftclicks,points_bg,1,0,0.8780930608874377,0.2772735362164086,2.387024176954733
plasma,2189,boneseg_ftclicks,boxes,1,0,0.8129661443420619,0.1815290001060333,-2.9179526748971174
plasma,2189,boneseg_ftclicks,points_bg,2,0,0.8689147583717071,0.2988152301709324,3.342849794238684
plasma,2189,boneseg_ftclicks,boxes,2,0,0.8049747761436096,0.16342616920651604,-2.3080632716049374
plasma,2192,boneseg_learned,none,0,0,0.551784492288256,0.052618515760734674,10.88143004115226
plasma,2192,boneseg_ftlayer,none,0,0,0.851028354471282,0.22394202379887268,1.819573045267489
plasma,2192,boneseg_ftlearned,none,0,0,0.7607648349348373,0.0964825029387829,-3.570601851851854
plasma,2192,boneseg_ftclicks,points_bg,0,0,0.8504156419775021,0.16749637004770795,-3.596772119341565
plasma,2192,boneseg_ftclicks,boxes,0,0,0.8289813363355247,0.3162759986794322,-3.482188786008231
plasma,2192,boneseg_ftclicks,points_bg,1,0,0.8473371952606801,0.22357135973788186,-1.2385545267489722
plasma,2192,boneseg_ftclicks,boxes,1,0,0.7689611185124238,0.1217860422405877,-6.1725180041152266
plasma,2192,boneseg_ftclicks,points_bg,2,0,0.862850747982444,0.2780362268633079,-0.45968364197530864
plasma,2192,boneseg_ftclicks,boxes,2,0,0.8352403889764101,0.30173775671406006,-3.244920267489712
plasma,2200,boneseg_learned,none,0,0,0.7324631625812307,0.07946436437318298,1.5851337448559684
plasma,2200,boneseg_ftlayer,none,0,0,0.7306765187423329,0.15417513097401903,-1.5135030864197514
plasma,2200,boneseg_ftlearned,none,0,0,0.32252145584717273,0.0024580682475419317,-9.882137345679013
plasma,2200,boneseg_ftclicks,points_bg,0,0,0.8659904488853483,0.2804548525106958,1.7321244855967088
plasma,2200,boneseg_ftclicks,boxes,0,0,0.8039104958829264,0.279491833030853,-1.8109567901234567
plasma,2200,boneseg_ftclicks,points_bg,1,0,0.8669354582953649,0.2799043062200957,1.957626028806586
plasma,2200,boneseg_ftclicks,boxes,1,0,0.7759903284514295,0.19596651445966515,-3.829539609053498
plasma,2200,boneseg_ftclicks,points_bg,2,0,0.8645339551250844,0.2831483811920833,1.6581790123456785
plasma,2200,boneseg_ftclicks,boxes,2,0,0.6886597583720337,0.13074474856779122,-6.011252572016461
plasma,2216,boneseg_learned,none,0,0,0.7363086426371197,0.15483870967741936,4.802597736625513
plasma,2216,boneseg_ftlayer,none,0,0,0.8706237581668156,0.17981299448573485,3.259259259259259
plasma,2216,boneseg_ftlearned,none,0,0,0.8646964431624646,0.14496833216045038,-0.25771604938271686
plasma,2216,boneseg_ftclicks,points_bg,0,0,0.9511322535953802,0.3462421113023523,-0.16132973251029026
plasma,2216,boneseg_ftclicks,boxes,0,0,0.949822806456059,0.2140309155766944,1.1406249999999978
plasma,2216,boneseg_ftclicks,points_bg,1,0,0.9468128081455055,0.3435445516855504,0.03870884773662375
plasma,2216,boneseg_ftclicks,boxes,1,0,0.943630331819478,0.176759410801964,1.3519161522633745
plasma,2216,boneseg_ftclicks,points_bg,2,0,0.9473587028088154,0.34102026554856746,0.08185442386831054
plasma,2216,boneseg_ftclicks,boxes,2,0,0.9445263665535214,0.1626595428910656,1.3490226337448563
plasma,2221,boneseg_learned,none,0,0,0.6416340175327331,0.07761861221172407,8.861947016460904
plasma,2221,boneseg_ftlayer,none,0,0,0.9463318796948683,0.2261180679785331,0.6015303497942381
plasma,2221,boneseg_ftlearned,none,0,0,0.936936277545689,0.2349344978165939,-0.8416923868312762
plasma,2221,boneseg_ftclicks,points_bg,0,0,0.9291091197835147,0.17741015402167712,-1.2520576131687249
plasma,2221,boneseg_ftclicks,boxes,0,0,0.9524985438469818,0.2804496038326884,0.27256944444444403
plasma,2221,boneseg_ftclicks,points_bg,1,0,0.926685644757685,0.16146230007616147,-1.2761059670781894
plasma,2221,boneseg_ftclicks,boxes,1,0,0.9534592465944656,0.2495852534562212,0.49903549382716017
plasma,2221,boneseg_ftclicks,points_bg,2,0,0.9396457892116743,0.2254606995110944,-0.8209233539094654
plasma,2221,boneseg_ftclicks,boxes,2,0,0.9511846988295747,0.21895664952240998,0.6433899176954722
plasma,2227,boneseg_learned,none,0,0,0.682788014173872,0.12871498824032498,6.004822530864197
plasma,2227,boneseg_ftlayer,none,0,0,0.8358031972875243,0.2106607629427793,2.1307227366255135
plasma,2227,boneseg_ftlearned,none,0,0,0.7359657076910395,0.05328719723183391,-0.7514789094650212
plasma,2227,boneseg_ftclicks,points_bg,0,0,0.8209072535369414,0.1471983137186018,0.7782921810699589
plasma,2227,boneseg_ftclicks,boxes,0,0,0.9360888774842171,0.2961048550858409,0.8532021604938267
plasma,2227,boneseg_ftclicks,points_bg,1,0,0.8327702103078943,0.174430823117338,1.2332175925925921
plasma,2227,boneseg_ftclicks,boxes,1,0,0.9175643681040475,0.19555312556952797,-0.4688143004115228
plasma,2227,boneseg_ftclicks,points_bg,2,0,0.8360024965093908,0.19769069279216236,1.294624485596707
plasma,2227,boneseg_ftclicks,boxes,2,0,0.9397090237673268,0.2917742530431575,0.3918467078189297
plasma,2258,boneseg_learned,none,0,0,0.6828706560752,0.086899435907411,9.608924897119344
plasma,2258,boneseg_ftlayer,none,0,0,0.7715182453048651,0.20766463752075262,1.6615869341563783
plasma,2258,boneseg_ftlearned,none,0,0,0.7403263547220564,0.10461445964226665,-5.0057870370370345
plasma,2258,boneseg_ftclicks,points_bg,0,0,0.7536405407657247,0.16437718277066357,-0.8137860082304521
plasma,2258,boneseg_ftclicks,boxes,0,0,0.7268663472428566,0.21164728881572178,-8.253407921810698
plasma,2258,boneseg_ftclicks,points_bg,1,0,0.7565172805331243,0.16547656007451103,-0.9787165637860085
plasma,2258,boneseg_ftclicks,boxes,1,0,0.7281933534287583,0.20730951889324797,-8.378665123456788
plasma,2258,boneseg_ftclicks,points_bg,2,0,0.7422763071939792,0.12167537633569925,-2.23000257201646
plasma,2258,boneseg_ftclicks,boxes,2,0,0.7317840326305372,0.23713483730117477,-8.18454218106996
plasma,2276,boneseg_learned,none,0,0,0.5509432470748783,0.06403662465381789,21.40232767489712
plasma,2276,boneseg_ftlayer,none,0,0,0.8071196555824572,0.1871722468737394,-2.9438657407407423
plasma,2276,boneseg_ftlearned,none,0,0,0.7739514168234306,0.13115089514066497,-5.825617283950618
plasma,2276,boneseg_ftclicks,points_bg,0,0,0.8359538095446649,0.20933443800055232,-0.7762988683127581
plasma,2276,boneseg_ftclicks,boxes,0,0,0.7547711228363948,0.16859504132231404,-6.087641460905352
plasma,2276,boneseg_ftclicks,points_bg,1,0,0.8424057078306504,0.16428265524625268,1.1925797325102878
plasma,2276,boneseg_ftclicks,boxes,1,0,0.7126342595939877,0.1865378132374424,-8.400720164609055
plasma,2276,boneseg_ftclicks,points_bg,2,0,0.8098253851588089,0.20967238689547582,-4.373456790123459
plasma,2276,boneseg_ftclicks,boxes,2,0,0.6563437772770424,0.11941176470588236,-10.140239197530864
plasma,2295,boneseg_learned,none,0,0,0.6979833961112586,0.08314567815693746,12.849086934156379
plasma,2295,boneseg_ftlayer,none,0,0,0.8039063311423357,0.15823047401721813,2.9616769547325115
plasma,2295,boneseg_ftlearned,none,0,0,0.7447551894104475,0.08946919953887023,-5.442451131687243
plasma,2295,boneseg_ftclicks,points_bg,0,0,0.7115909706734477,0.0505763349800047,-10.847865226337447
plasma,2295,boneseg_ftclicks,boxes,0,0,0.48429077016828387,0.014718869590815425,-22.48173868312757
plasma,2295,boneseg_ftclicks,points_bg,1,0,0.7255663064435479,0.07057590403540441,-8.38162294238683
plasma,2295,boneseg_ftclicks,boxes,1,0,0.6070434885586888,0.08912539820445989,-18.05304783950617
plasma,2295,boneseg_ftclicks,points_bg,2,0,0.7494584181371274,0.09875173370319001,-5.529192386831272
plasma,2295,boneseg_ftclicks,boxes,2,0,0.06287505540929796,0.09832908876327723,-25.905671296296294
plasma,2299,boneseg_learned,none,0,0,0.5420040717067153,0.031363088057901084,-1.2663966049382718
plasma,2299,boneseg_ftlayer,none,0,0,0.8982306503378008,0.27316969953449005,0.7539223251028806
plasma,2299,boneseg_ftlearned,none,0,0,0.5168167131967754,0.0,-3.6824202674897117
plasma,2299,boneseg_ftclicks,points_bg,0,0,0.904939911059862,0.21166552745500114,-0.3254243827160497
plasma,2299,boneseg_ftclicks,boxes,0,0,0.9573072067426519,0.39823442864149095,0.533179012345679
plasma,2299,boneseg_ftclicks,points_bg,1,0,0.8897612132018137,0.20581553839164016,-0.5160751028806587
plasma,2299,boneseg_ftclicks,boxes,1,0,0.9671113459252411,0.4474601593625498,0.18614969135802434
plasma,2299,boneseg_ftclicks,points_bg,2,0,0.905948878749978,0.4370471014492754,0.6689814814814815
plasma,2299,boneseg_ftclicks,boxes,2,0,0.9568142129085142,0.4398523985239852,0.5020576131687243
plasma,2301,boneseg_learned,none,0,0,0.6821714917017558,0.060944797488706834,11.430877057613168
plasma,2301,boneseg_ftlayer,none,0,0,0.7740223053782376,0.15619007031749413,2.3677983539094645
plasma,2301,boneseg_ftlearned,none,0,0,0.7485751297966907,0.17123527353318557,-1.0181970164609062
plasma,2301,boneseg_ftclicks,points_bg,0,0,0.7752816642371565,0.13026202749140894,5.07253086419753
plasma,2301,boneseg_ftclicks,boxes,0,0,0.8451500874105315,0.04973855375589848,0.12217078189300512
plasma,2301,boneseg_ftclicks,points_bg,1,0,0.7786560806026628,0.07445795875198308,6.0905992798353905
plasma,2301,boneseg_ftclicks,boxes,1,0,0.7718105376705364,0.16193853427895982,-3.596965020576132
plasma,2301,boneseg_ftclicks,points_bg,2,0,0.7801071692659884,0.11420376075640072,5.40110596707819
plasma,2301,boneseg_ftclicks,boxes,2,0,0.8465435515839886,0.0463187444175067,0.046746399176955666
plasma,2315,boneseg_learned,none,0,0,0.7343833215841313,0.10988074957410562,-3.8532021604938267
plasma,2315,boneseg_ftlayer,none,0,0,0.7985082797988596,0.22011432358545274,6.396154835390947
plasma,2315,boneseg_ftlearned,none,0,0,0.8035496166355167,0.23336013579916018,2.0042438271604928
plasma,2315,boneseg_ftclicks,points_bg,0,0,0.5887718666546644,0.005994796968668703,-7.234696502057614
plasma,2315,boneseg_ftclicks,boxes,0,0,0.6436022970862996,0.017996772992428942,-8.652777777777779
plasma,2315,boneseg_ftclicks,points_bg,1,0,0.805252741606938,0.29356239380781574,2.5938786008230434
plasma,2315,boneseg_ftclicks,boxes,1,0,0.8299667446729893,0.29204873759577943,-3.714891975308643
plasma,2315,boneseg_ftclicks,points_bg,2,0,0.8214279409220426,0.32878492527615333,3.472222222222221
plasma,2315,boneseg_ftclicks,boxes,2,0,0.8295096162510357,0.27609596784323576,-3.69257973251029
plasma,2318,boneseg_learned,none,0,0,0.6216158641646565,0.09974807653026486,0.3015689300411517
plasma,2318,boneseg_ftlayer,none,0,0,0.8270297918909435,0.19655201843475292,2.4949845679012346
plasma,2318,boneseg_ftlearned,none,0,0,0.7384141900787092,0.19463812236079742,-4.019675925925928
plasma,2318,boneseg_ftclicks,points_bg,0,0,0.8331804768172897,0.29300602130616027,-0.1555426954732514
plasma,2318,boneseg_ftclicks,boxes,0,0,0.7718739291781191,0.21601132113615687,-5.471064814814816
plasma,2318,boneseg_ftclicks,points_bg,1,0,0.8335381516661269,0.24488146551724138,2.731417181069959
plasma,2318,boneseg_ftclicks,boxes,1,0,0.5882964867107136,0.06299911268855368,-10.832561728395063
plasma,2318,boneseg_ftclicks,points_bg,2,0,0.8179121143072299,0.24644243208279432,-1.1295010288065843
plasma,2318,boneseg_ftclicks,boxes,2,0,0.582210644166873,0.032575500508992196,-11.401170267489713
plasma,2335,boneseg_learned,none,0,0,0.7687611798287345,0.11397423191278494,6.377700617283952
plasma,2335,boneseg_ftlayer,none,0,0,0.8150222911416941,0.14714782023982964,5.760416666666668
plasma,2335,boneseg_ftlearned,none,0,0,0.8573515337732333,0.20985574391913236,3.2251800411522646
plasma,2335,boneseg_ftclicks,points_bg,0,0,0.8519464815911415,0.25583839327417096,3.6432613168724286
plasma,2335,boneseg_ftclicks,boxes,0,0,0.8803335745546021,0.18186688094281506,0.5768389917695488
plasma,2335,boneseg_ftclicks,points_bg,1,0,0.8634450932743862,0.27040816326530615,2.461612654320988
plasma,2335,boneseg_ftclicks,boxes,1,0,0.8478998595683547,0.08808864265927978,-3.5567772633744847
plasma,2335,boneseg_ftclicks,points_bg,2,0,0.8544205563295137,0.26528244983180604,3.32741769547325
plasma,2335,boneseg_ftclicks,boxes,2,0,0.892774306155117,0.21137566137566138,0.1440329218106995
plasma,2339,boneseg_learned,none,0,0,0.8247472556284198,0.12940407095561188,3.755915637860083
plasma,2339,boneseg_ftlayer,none,0,0,0.8722511672995079,0.2362535403848032,4.87326388888889
plasma,2339,boneseg_ftlearned,none,0,0,0.8701476612397152,0.21083919548201724,1.1839634773662566
plasma,2339,boneseg_ftclicks,points_bg,0,0,0.8872349678056901,0.3090539165818922,3.8078060699588496
plasma,2339,boneseg_ftclicks,boxes,0,0,0.8606373887330122,0.2751892147587512,-3.4365997942386817
plasma,2339,boneseg_ftclicks,points_bg,1,0,0.8887330073638078,0.3005537325676784,2.887281378600823
plasma,2339,boneseg_ftclicks,boxes,1,0,0.8334409742590058,0.18926650646527063,-4.889467592592592
plasma,2339,boneseg_ftclicks,points_bg,2,0,0.8888048565793376,0.3026262214983713,3.53440072016461
plasma,2339,boneseg_ftclicks,boxes,2,0,0.8599973034407716,0.26107798433298257,-3.5851980452674903
plasma,2351,boneseg_learned,none,0,0,0.731705429356449,0.1524163568773234,7.184477880658435
plasma,2351,boneseg_ftlayer,none,0,0,0.7467175308738033,0.18141840011168506,11.87133487654321
plasma,2351,boneseg_ftlearned,none,0,0,0.770575432259112,0.1761289385799332,6.370756172839504
plasma,2351,boneseg_ftclicks,points_bg,0,0,0.6665663682540628,0.03783400331047529,-1.1579218106995888
plasma,2351,boneseg_ftclicks,boxes,0,0,0.5743582033757811,0.06368967072620658,-12.675282921810698
plasma,2351,boneseg_ftclicks,points_bg,1,0,0.724820883685293,0.11054447277636119,3.5102880658436195
plasma,2351,boneseg_ftclicks,boxes,1,0,0.7271154950270845,0.04912746585735964,-8.262602880658438
plasma,2351,boneseg_ftclicks,points_bg,2,0,0.6664677210782851,0.043907971484121844,-1.015110596707819
plasma,2351,boneseg_ftclicks,boxes,2,0,0.7835628883373079,0.17383737793676882,-4.689300411522634
plasma,2355,boneseg_learned,none,0,0,0.7083875592248409,0.11302644466209598,11.615612139917697
plasma,2355,boneseg_ftlayer,none,0,0,0.8473053656198613,0.2490414289722248,1.8063914609053489
plasma,2355,boneseg_ftlearned,none,0,0,0.8329963007800858,0.201095166163142,-0.7894161522633752
plasma,2355,boneseg_ftclicks,points_bg,0,0,0.8345556308510905,0.17281038041875552,-0.5491898148148155
plasma,2355,boneseg_ftclicks,boxes,0,0,0.8606850558583451,0.28217602830605926,-3.4194958847736627
plasma,2355,boneseg_ftclicks,points_bg,1,0,0.8420394745475781,0.21979095438116636,0.22003600823045089
plasma,2355,boneseg_ftclicks,boxes,1,0,0.855453353250927,0.2477156229106307,-3.7247299382716066
plasma,2355,boneseg_ftclicks,points_bg,2,0,0.8405730632553873,0.20527140897511267,-0.0025720164609055463
plasma,2355,boneseg_ftclicks,boxes,2,0,0.8616822463462405,0.2774903687396808,-3.1608153292181083
plasma,2359,boneseg_learned,none,0,0,0.7092162007218002,0.15662587867742775,15.540316358024686
plasma,2359,boneseg_ftlayer,none,0,0,0.7557017110164679,0.1414762217316069,16.45363940329218
plasma,2359,boneseg_ftlearned,none,0,0,0.762356605242668,0.16424587176230188,11.104102366255141
plasma,2359,boneseg_ftclicks,points_bg,0,0,0.7862856793956052,0.1916847657461992,10.371977880658434
plasma,2359,boneseg_ftclicks,boxes,0,0,0.6302543507362784,0.04312538689043263,-13.557677469135806
plasma,2359,boneseg_ftclicks,points_bg,1,0,0.7243161000058519,0.060351458493580264,-0.9886188271604979
plasma,2359,boneseg_ftclicks,boxes,1,0,0.5405522181219975,0.018809005083514886,-16.845807613168727
plasma,2359,boneseg_ftclicks,points_bg,2,0,0.6128767441420859,0.037111269153682035,-9.40470679012346
plasma,2359,boneseg_ftclicks,boxes,2,0,0.6391772610306025,0.0486402045018817,-13.348251028806587
plasma,2378,boneseg_learned,none,0,0,0.6496772524914567,0.09467310367400376,1.4806455761316868
plasma,2378,boneseg_ftlayer,none,0,0,0.8594390343273924,0.22072024501003273,-1.3778292181069962
plasma,2378,boneseg_ftlearned,none,0,0,0.8283226460867809,0.12947566788604367,-4.603845164609053
plasma,2378,boneseg_ftclicks,points_bg,0,0,0.8138303536960371,0.13143989431968295,5.068930041152264
plasma,2378,boneseg_ftclicks,boxes,0,0,0.7709439076640581,0.23814949863263446,-4.15869341563786
plasma,2378,boneseg_ftclicks,points_bg,1,0,0.8042528747016352,0.09701562353821686,5.3797582304526745
plasma,2378,boneseg_ftclicks,boxes,1,0,0.8178005056308895,0.09431794443283893,-0.0010288065843633287
plasma,2378,boneseg_ftclicks,points_bg,2,0,0.8054263929732678,0.0889222399399681,6.155671296296294
plasma,2378,boneseg_ftclicks,boxes,2,0,0.7794454490657022,0.18540455967814037,-3.704732510288067
plasma,2380,boneseg_learned,none,0,0,0.619538753833253,0.13341844877114586,11.373199588477366
plasma,2380,boneseg_ftlayer,none,0,0,0.9372884287514517,0.24046541693600518,0.44611625514403286
plasma,2380,boneseg_ftlearned,none,0,0,0.931283942205567,0.22538860103626943,-1.1203703703703702
plasma,2380,boneseg_ftclicks,points_bg,0,0,0.9308777964411669,0.22861842105263158,-1.155349794238683
plasma,2380,boneseg_ftclicks,boxes,0,0,0.9537743626436871,0.3283793347487615,0.2967463991769545
plasma,2380,boneseg_ftclicks,points_bg,1,0,0.9439970129993482,0.2710821570756424,-0.7399048353909463
plasma,2380,boneseg_ftclicks,boxes,1,0,0.9475202322227427,0.260548885077187,0.6271219135802462
plasma,2380,boneseg_ftclicks,points_bg,2,0,0.9382087219160661,0.2595419847328244,-0.9566615226337449
plasma,2380,boneseg_ftclicks,boxes,2,0,0.9531767685095025,0.329933169187478,0.2966177983539098
plasma,2384,boneseg_learned,none,0,0,0.6487310136743955,0.061622241329893954,14.452417695473251
plasma,2384,boneseg_ftlayer,none,0,0,0.6622983531600902,0.09750420276736066,14.0204475308642
plasma,2384,boneseg_ftlearned,none,0,0,0.6829851190331818,0.1449957744778462,11.766525205761319
plasma,2384,boneseg_ftclicks,points_bg,0,0,0.6857763265306123,0.16327319587628866,11.384516460905353
plasma,2384,boneseg_ftclicks,boxes,0,0,0.8740625713260948,0.1540959409594096,3.552983539094651
plasma,2384,boneseg_ftclicks,points_bg,1,0,0.6862673238200574,0.15096030729833546,11.126221707818928
plasma,2384,boneseg_ftclicks,boxes,1,0,0.8908339462423108,0.1842528903848968,2.77417695473251
plasma,2384,boneseg_ftclicks,points_bg,2,0,0.6880788540680083,0.1265022137887413,10.35860339506173
plasma,2384,boneseg_ftclicks,boxes,2,0,0.8859790550363231,0.1971357591699547,2.8291538065843613
plasma,2386,boneseg_learned,none,0,0,0.719251221020864,0.18700088731144632,10.332883230452673
plasma,2386,boneseg_ftlayer,none,0,0,0.8258053653111351,0.18182656826568266,4.905928497942385
plasma,2386,boneseg_ftlearned,none,0,0,0.829173211938576,0.22649149644560423,1.4855967078189285
plasma,2386,boneseg_ftclicks,points_bg,0,0,0.845884437877293,0.2837914691943128,2.62480709876543
plasma,2386,boneseg_ftclicks,boxes,0,0,0.7960154489132528,0.2387774594078319,-4.565972222222222
plasma,2386,boneseg_ftclicks,points_bg,1,0,0.8466002351037547,0.2897355700881433,2.7787422839506166
plasma,2386,boneseg_ftclicks,boxes,1,0,0.6296345689169977,0.02252829382874226,-10.181777263374487
plasma,2386,boneseg_ftclicks,points_bg,2,0,0.8461366817453395,0.28536168596924244,2.5787680041152257
plasma,2386,boneseg_ftclicks,boxes,2,0,0.7959679970726241,0.25715811965811963,-4.890303497942389
plasma,2392,boneseg_learned,none,0,0,0.6210112632432211,0.08217128086524726,12.554655349794242
plasma,2392,boneseg_ftlayer,none,0,0,0.9061229487087472,0.25363825363825365,2.242669753086421
plasma,2392,boneseg_ftlearned,none,0,0,0.9128879204301831,0.1976890756302521,-0.7750128600823053
plasma,2392,boneseg_ftclicks,points_bg,0,0,0.9299727386076262,0.2509062661833247,-0.8340406378600812
plasma,2392,boneseg_ftclicks,boxes,0,0,0.9539693334301705,0.30100288501167743,0.9981352880658434
plasma,2392,boneseg_ftclicks,points_bg,1,0,0.9240459446465009,0.23527195075995477,-0.26691100823045266
plasma,2392,boneseg_ftclicks,boxes,1,0,0.9523817897659206,0.29487885462555063,1.0341435185185182
plasma,2392,boneseg_ftclicks,points_bg,2,0,0.9107268174128875,0.2033969093693443,-2.1048739711934146
plasma,2392,boneseg_ftclicks,boxes,2,0,0.9534786133441132,0.27177652401265995,1.0493184156378592
plasma,2394,boneseg_learned,none,0,0,0.7633986184631927,0.1613534846723368,-0.5417309670781884
plasma,2394,boneseg_ftlayer,none,0,0,0.8017288685283037,0.257725587144623,-6.30979938271605
plasma,2394,boneseg_ftlearned,none,0,0,0.7206178995405995,0.12243241048956727,-9.995820473251026
plasma,2394,boneseg_ftclicks,points_bg,0,0,0.8275950464454004,0.14434738892729215,7.158822016460905
plasma,2394,boneseg_ftclicks,boxes,0,0,0.5368204665621744,0.09456875119525722,-13.523341049382715
plasma,2394,boneseg_ftclicks,points_bg,1,0,0.8133719254499254,0.1440808528994885,10.201967592592595
plasma,2394,boneseg_ftclicks,boxes,1,0,0.597083229088483,0.11633069887221384,-11.015303497942385
plasma,2394,boneseg_ftclicks,points_bg,2,0,0.8303898149269044,0.15393986022953132,5.622492283950617
plasma,2394,boneseg_ftclicks,boxes,2,0,0.536748559385731,0.0769879179544816,-13.120756172839505
plasma,2404,boneseg_learned,none,0,0,0.5798487644596481,0.0801923242036576,12.64917695473251
plasma,2404,boneseg_ftlayer,none,0,0,0.6147177147696868,0.1080926834836206,11.768389917695474
plasma,2404,boneseg_ftlearned,none,0,0,0.7142590884318754,0.12697448359659783,5.618248456790124
plasma,2404,boneseg_ftclicks,points_bg,0,0,0.7819538365261348,0.08476923076923076,-0.4700360082304525
plasma,2404,boneseg_ftclicks,boxes,0,0,0.9391459390972077,0.23510069872585285,0.7949459876543219
plasma,2404,boneseg_ftclicks,points_bg,1,0,0.6663264672210438,0.11538951931658804,7.3449074074074066
plasma,2404,boneseg_ftclicks,boxes,1,0,0.8873253283695567,0.09801980198019802,-2.0154320987654324
plasma,2404,boneseg_ftclicks,points_bg,2,0,0.6538658616852726,0.11386453170669716,8.355259773662553
plasma,2404,boneseg_ftclicks,boxes,2,0,0.9436218894458895,0.2236024844720497,0.43846450617284066
plasma,2423,boneseg_learned,none,0,0,0.6532507799821663,0.07470288624787776,14.400462962962962
plasma,2423,boneseg_ftlayer,none,0,0,0.8716484031819123,0.23449056603773585,-0.5311213991769537
plasma,2423,boneseg_ftlearned,none,0,0,0.8582777129021545,0.21737901801483575,-4.071116255144033
plasma,2423,boneseg_ftclicks,points_bg,0,0,0.8604983177352976,0.21455068513892042,-4.479873971193415
plasma,2423,boneseg_ftclicks,boxes,0,0,0.7298313782660983,0.24266712141882674,-9.258937757201647
plasma,2423,boneseg_ftclicks,points_bg,1,0,0.8759925126184173,0.2667491876837382,-2.517039609053498
plasma,2423,boneseg_ftclicks,boxes,1,0,0.47108164273618386,0.020187454938716654,-17.988425925925927
plasma,2423,boneseg_ftclicks,points_bg,2,0,0.8591010515291218,0.20075901328273243,-4.566808127572017
plasma,2423,boneseg_ftclicks,boxes,2,0,0.7186381390651293,0.21341410644742537,-10.321437757201647
plasma,2424,boneseg_learned,none,0,0,0.6565882126320746,0.1076240930553956,18.87056327160494
plasma,2424,boneseg_ftlayer,none,0,0,0.8515092937562403,0.20815707558464364,6.141975308641978
plasma,2424,boneseg_ftlearned,none,0,0,0.8534065909830235,0.13732506361323155,2.429398148148149
plasma,2424,boneseg_ftclicks,points_bg,0,0,0.876376299984737,0.16134267167748548,1.7006815843621403
plasma,2424,boneseg_ftclicks,boxes,0,0,0.8543833556722659,0.11821384169084127,-4.832883230452673
plasma,2424,boneseg_ftclicks,points_bg,1,0,0.8415382495537845,0.04262926292629263,-4.08667695473251
plasma,2424,boneseg_ftclicks,boxes,1,0,0.8884020972633823,0.30756650675970343,-1.6272505144032916
plasma,2424,boneseg_ftclicks,points_bg,2,0,0.8787810921498785,0.14103905160390515,0.8569315843621417
plasma,2424,boneseg_ftclicks,boxes,2,0,0.7965160926919463,0.05552612058917029,-7.461226851851851
plasma,2435,boneseg_learned,none,0,0,0.7633236078887106,0.16381131189861534,4.104745370370369
plasma,2435,boneseg_ftlayer,none,0,0,0.8602017897156864,0.198752064599009,5.7661394032921836
plasma,2435,boneseg_ftlearned,none,0,0,0.8590489253099066,0.22320014082027811,1.6275720164609042
plasma,2435,boneseg_ftclicks,points_bg,0,0,0.8690041249263406,0.2684557526232705,3.0141460905349806
plasma,2435,boneseg_ftclicks,boxes,0,0,0.789585105345215,0.22258026017424515,-5.243505658436215
plasma,2435,boneseg_ftclicks,points_bg,1,0,0.8328609222905412,0.16630403935294674,-0.5981867283950615
plasma,2435,boneseg_ftclicks,boxes,1,0,0.7305562408669083,0.12814210702714782,-8.933513374485596
plasma,2435,boneseg_ftclicks,points_bg,2,0,0.8433641963768951,0.18990384615384615,0.1793338477366263
plasma,2435,boneseg_ftclicks,boxes,2,0,0.6935182579878697,0.12358582049348131,-9.907921810699587
plasma,2439,boneseg_learned,none,0,0,0.7638497591628475,0.15014519535374868,1.085133744855965
plasma,2439,boneseg_ftlayer,none,0,0,0.9380596436974071,0.31870127904336637,-0.28549382716049343
plasma,2439,boneseg_ftlearned,none,0,0,0.8421663715512857,0.10759493670886076,-6.462319958847737
plasma,2439,boneseg_ftclicks,points_bg,0,0,0.9161575951380163,0.2234584345373345,-3.3591177983539113
plasma,2439,boneseg_ftclicks,boxes,0,0,0.4547963745232334,0.007708779443254818,-17.08423353909465
plasma,2439,boneseg_ftclicks,points_bg,1,0,0.9368124606453131,0.29765990639625584,-1.9778163580246921
plasma,2439,boneseg_ftclicks,boxes,1,0,0.6703969003869238,0.16453071993969093,-11.897183641975309
plasma,2439,boneseg_ftclicks,points_bg,2,0,0.9384987599220049,0.31466458658346336,-1.8779578189300428
plasma,2439,boneseg_ftclicks,boxes,2,0,0.7069362802727487,0.22883685657408284,-10.15522119341564
plasma,304,boneseg_learned,none,0,0,0.8403367874209787,0.1730049261083744,1.4349922839506166
plasma,304,boneseg_ftlayer,none,0,0,0.8636401434725002,0.20728008088978767,1.4484953703703694
plasma,304,boneseg_ftlearned,none,0,0,0.9250799216252449,0.2049956933677864,-0.17386831275720202
plasma,304,boneseg_ftclicks,points_bg,0,0,0.9218233589261199,0.21733895243829018,-0.03343621399177002
plasma,304,boneseg_ftclicks,boxes,0,0,0.9242677279133947,0.249490538573508,0.7074331275720158
plasma,304,boneseg_ftclicks,points_bg,1,0,0.9257455949193699,0.29010856453558503,0.17708333333333326
plasma,304,boneseg_ftclicks,boxes,1,0,0.922495677096904,0.27440633245382584,0.7080761316872421
plasma,304,boneseg_ftclicks,points_bg,2,0,0.9231593545133636,0.24340709305850258,0.05041152263374482
plasma,304,boneseg_ftclicks,boxes,2,0,0.9249502120101191,0.3258493353028065,0.6014017489711934
plasma,305,boneseg_learned,none,0,0,0.6116541206988998,0.07697893972403776,0.6215920781892994
plasma,305,boneseg_ftlayer,none,0,0,0.7267726833799856,0.19963139004753128,5.45801183127572
plasma,305,boneseg_ftlearned,none,0,0,0.577132734750975,0.04052216480826761,-3.9291409465020575
plasma,305,boneseg_ftclicks,points_bg,0,0,0.7478775473409022,0.22679965307892455,3.407021604938272
plasma,305,boneseg_ftclicks,boxes,0,0,0.819972065198772,0.2607052896725441,-1.3251028806584366
plasma,305,boneseg_ftclicks,points_bg,1,0,0.7326510653851093,0.258034705821953,5.192386831275721
plasma,305,boneseg_ftclicks,boxes,1,0,0.802658600210912,0.19458926306890234,-2.3083847736625516
plasma,305,boneseg_ftclicks,points_bg,2,0,0.7582046728056686,0.23176573045939472,3.4484953703703707
plasma,305,boneseg_ftclicks,boxes,2,0,0.7124663677130045,0.044651417614025475,-4.354552469135803
plasma,403,boneseg_learned,none,0,0,0.14770488452891886,0.000963020030816641,4.809477880658436
plasma,403,boneseg_ftlayer,none,0,0,0.34983970916959006,0.0758505298382599,5.027070473251029
plasma,403,boneseg_ftlearned,none,0,0,0.0,0.0,-0.4774948559670783
plasma,403,boneseg_ftclicks,points_bg,0,0,0.7132152723948085,0.01977186311787072,0.17907664609053478
plasma,403,boneseg_ftclicks,boxes,0,0,0.973653099138659,0.545631067961165,-0.010288065843621491
plasma,403,boneseg_ftclicks,points_bg,1,0,0.6185326953748006,0.043859649122807015,0.9755658436213992
plasma,403,boneseg_ftclicks,boxes,1,0,0.8697265160523187,0.00823045267489712,-0.3522376543209877
plasma,403,boneseg_ftclicks,points_bg,2,0,0.5639891082368959,0.05655247417074497,1.477880658436214
plasma,403,boneseg_ftclicks,boxes,2,0,0.9449122496011345,0.3297029702970297,-0.15432098765432098
plasma,407,boneseg_learned,none,0,0,0.1820951912467505,0.033594743535396356,7.163130144032922
plasma,407,boneseg_ftlayer,none,0,0,0.4689724912702049,0.08391697440468611,8.687564300411523
plasma,407,boneseg_ftlearned,none,0,0,0.0016083634901487736,0.0,-1.2654963991769548
plasma,407,boneseg_ftclicks,points_bg,0,0,0.3798848210612916,0.003629764065335753,2.7209362139917697
plasma,407,boneseg_ftclicks,boxes,0,0,0.9346853269572466,0.33324153125860645,0.0650720164609056
plasma,407,boneseg_ftclicks,points_bg,1,0,0.46959433453929644,0.10480229853605144,8.387860082304528
plasma,407,boneseg_ftclicks,boxes,1,0,0.9190084743805851,0.3042630259125104,-0.5213477366255138
plasma,407,boneseg_ftclicks,points_bg,2,0,0.44513817631610986,0.0104675505931612,3.128858024691359
plasma,407,boneseg_ftclicks,boxes,2,0,0.774761792532238,0.06255189593135899,-2.1110468106995883
plasma,409,boneseg_learned,none,0,0,0.29785779532663464,0.06702208682406702,7.607060185185185
plasma,409,boneseg_ftlayer,none,0,0,0.3172768992043316,0.14517265680056377,6.434220679012345
plasma,409,boneseg_ftlearned,none,0,0,0.20700179214649467,0.0,3.9438014403292185
plasma,409,boneseg_ftclicks,points_bg,0,0,0.4690378103228868,0.05154639175257732,2.658564814814815
plasma,409,boneseg_ftclicks,boxes,0,0,0.9471586055404141,0.2937660119555935,-0.142361111111111
plasma,409,boneseg_ftclicks,points_bg,1,0,0.44951415293620617,0.0,-1.1729681069958846
plasma,409,boneseg_ftclicks,boxes,1,0,0.9710244035872687,0.5399274047186933,-0.012795781893003982
plasma,409,boneseg_ftclicks,points_bg,2,0,0.6487070553277179,0.0,-0.685378086419753
plasma,409,boneseg_ftclicks,boxes,2,0,0.9121090855194901,0.05644402634054563,-0.2669110082304525
plasma,417,boneseg_learned,none,0,0,0.6689415455046416,0.16624300965937977,-0.036908436213991744
plasma,417,boneseg_ftlayer,none,0,0,0.8902335602466249,0.27692307692307694,-0.26536779835390956
plasma,417,boneseg_ftlearned,none,0,0,0.0,0.0,-1.5353652263374487
plasma,417,boneseg_ftclicks,points_bg,0,0,0.8473087134926381,0.05945945945945946,-0.40676440329218116
plasma,417,boneseg_ftclicks,boxes,0,0,0.9025098313739216,0.18272425249169436,0.0522762345679011
plasma,417,boneseg_ftclicks,points_bg,1,0,0.8879994415097852,0.20283436669619131,-0.3075488683127573
plasma,417,boneseg_ftclicks,boxes,1,0,0.9080168074218913,0.2399665551839465,0.020447530864197566
plasma,417,boneseg_ftclicks,points_bg,2,0,0.8790950905848118,0.15943312666076173,-0.33076131687242805
plasma,417,boneseg_ftclicks,boxes,2,0,0.9103298357092094,0.2403685092127303,0.005529835390946473
plasma,506,boneseg_learned,none,0,0,0.4405385881522481,0.0244003881879939,12.619984567901236
plasma,506,boneseg_ftlayer,none,0,0,0.6615851686968833,0.22139893301719027,11.417309670781892
plasma,506,boneseg_ftlearned,none,0,0,0.6433849607532874,0.061727247373803106,6.62962962962963
plasma,506,boneseg_ftclicks,points_bg,0,0,0.663241431522562,0.06641245630759453,7.4360853909465
plasma,506,boneseg_ftclicks,boxes,0,0,0.9206289219044019,0.1059499766972192,-1.8664480452674908
plasma,506,boneseg_ftclicks,points_bg,1,0,0.6680574726486146,0.11204391346464321,8.33815586419753
plasma,506,boneseg_ftclicks,boxes,1,0,0.9262402719291146,0.12430080795525171,-1.7373328189300417
plasma,506,boneseg_ftclicks,points_bg,2,0,0.6172749716420898,0.0012982797792924375,-7.093621399176955
plasma,506,boneseg_ftclicks,boxes,2,0,0.9571758505463235,0.37459384186910105,-0.6974022633744859
plasma,507,boneseg_learned,none,0,0,0.6058188890956392,0.09308651303362298,13.30002572016461
plasma,507,boneseg_ftlayer,none,0,0,0.7997763273687298,0.24792461296836438,4.728137860082306
plasma,507,boneseg_ftlearned,none,0,0,0.8094811709520854,0.15272640496360815,1.9480452674897106
plasma,507,boneseg_ftclicks,points_bg,0,0,0.7966549342648257,0.05960701569299749,0.8216306584362134
plasma,507,boneseg_ftclicks,boxes,0,0,0.8272712286792013,0.0,-3.4361496913580245
plasma,507,boneseg_ftclicks,points_bg,1,0,0.7909980335510184,0.03851261620185923,0.5079089506172835
plasma,507,boneseg_ftclicks,boxes,1,0,0.9585557369094357,0.4084697402012314,-0.007458847736625807
plasma,507,boneseg_ftclicks,points_bg,2,0,0.7951287452497809,0.05727104776986012,0.815907921810699
plasma,507,boneseg_ftclicks,boxes,2,0,0.857083455399416,0.0045351473922902496,-2.9172453703703707
plasma,512,boneseg_learned,none,0,0,0.6533519282647318,0.11363636363636363,1.8920396090534974
plasma,512,boneseg_ftlayer,none,0,0,0.8081091098114448,0.21710097719869706,4.902327674897119
plasma,512,boneseg_ftlearned,none,0,0,0.8299367245759127,0.16131248926301323,0.8831661522633747
plasma,512,boneseg_ftclicks,points_bg,0,0,0.8379746569551587,0.23472147106544078,1.806584362139918
plasma,512,boneseg_ftclicks,boxes,0,0,0.9476934796302536,0.32432432432432434,-0.7357896090534986
plasma,512,boneseg_ftclicks,points_bg,1,0,0.8356442703704577,0.22988708539167255,1.8447145061728398
plasma,512,boneseg_ftclicks,boxes,1,0,0.9521588970036176,0.28658408566029814,0.8691486625514402
plasma,512,boneseg_ftclicks,points_bg,2,0,0.6748602775659376,0.0,-5.229359567901234
plasma,512,boneseg_ftclicks,boxes,2,0,0.9526450336605775,0.3085856491082538,0.7850437242798353
plasma,513,boneseg_learned,none,0,0,0.8447757301268265,0.18857060601698575,3.8309542181069967
plasma,513,boneseg_ftlayer,none,0,0,0.9590966122961104,0.2676513552994644,0.18473508230452684
plasma,513,boneseg_ftlearned,none,0,0,0.9246603228229178,0.10303227910009781,-1.805105452674896
plasma,513,boneseg_ftclicks,points_bg,0,0,0.9480490337026561,0.22822822822822822,-1.157728909465021
plasma,513,boneseg_ftclicks,boxes,0,0,0.9669834728320202,0.32172334103664574,-0.021862139917694368
plasma,513,boneseg_ftclicks,points_bg,1,0,0.9485643370539177,0.23598130841121495,-1.1190200617283943
plasma,513,boneseg_ftclicks,boxes,1,0,0.9672993271456799,0.3176121372031662,0.06989454732510281
plasma,513,boneseg_ftclicks,points_bg,2,0,0.946712300710914,0.22535917139993317,-1.1747042181069949
plasma,513,boneseg_ftclicks,boxes,2,0,0.9662791496254686,0.32043650793650796,-0.08108281893003944
plasma,516,boneseg_learned,none,0,0,0.5906571692603055,0.10462776659959759,8.868505658436215
plasma,516,boneseg_ftlayer,none,0,0,0.6320839175799516,0.19302949061662197,9.592528292181072
plasma,516,boneseg_ftlearned,none,0,0,0.6459633915198749,0.07853038481629811,6.197080761316872
plasma,516,boneseg_ftclicks,points_bg,0,0,0.6318811044560976,0.08899213724088635,7.813271604938271
plasma,516,boneseg_ftclicks,boxes,0,0,0.9379632652359925,0.3185979013172583,0.6524562757201646
plasma,516,boneseg_ftclicks,points_bg,1,0,0.627099497683092,0.08092485549132948,7.043016975308642
plasma,516,boneseg_ftclicks,boxes,1,0,0.9309295004556375,0.3077599472411519,0.5688014403292183
plasma,516,boneseg_ftclicks,points_bg,2,0,0.6289567696396539,0.09214285714285714,7.247170781893006
plasma,516,boneseg_ftclicks,boxes,2,0,0.8076311736656152,0.025164628410159925,-2.444187242798354
plasma,518,boneseg_learned,none,0,0,0.6753850235422434,0.07342829076620826,1.4766589506172836
plasma,518,boneseg_ftlayer,none,0,0,0.8301923051952268,0.16365381538953766,2.2422196502057608
plasma,518,boneseg_ftlearned,none,0,0,0.7507955455493268,0.05666282325811234,-1.2402906378600822
plasma,518,boneseg_ftclicks,points_bg,0,0,0.8257608040201005,0.12452075345890982,1.4744727366255137
plasma,518,boneseg_ftclicks,boxes,0,0,0.9536637931034483,0.2834855403348554,-0.6781121399176957
plasma,518,boneseg_ftclicks,points_bg,1,0,0.8197101607488878,0.09875294910684193,1.0426954732510292
plasma,518,boneseg_ftclicks,boxes,1,0,0.9548032065471413,0.3065957042387379,-0.6439686213991769
plasma,518,boneseg_ftclicks,points_bg,2,0,0.8281633980308224,0.13625789298770355,1.6067386831275718
plasma,518,boneseg_ftclicks,boxes,2,0,0.9603594387547516,0.36531922931620703,-0.3923611111111114
plasma,9276,boneseg_learned,none,0,0,0.5920692004245813,0.05736706805574347,6.199845679012346
plasma,9276,boneseg_ftlayer,none,0,0,0.9428620818041593,0.27817745803357313,-0.3636831275720162
plasma,9276,boneseg_ftlearned,none,0,0,0.7916851018384317,0.044689317416590144,-1.6058384773662546
plasma,9276,boneseg_ftclicks,points_bg,0,0,0.8993067065386813,0.010416666666666666,-0.9180169753086415
plasma,9276,boneseg_ftclicks,boxes,0,0,0.960289367299174,0.4333901192504259,-0.06217849794238617
plasma,9276,boneseg_ftclicks,points_bg,1,0,0.939721393980969,0.18082391542107182,-0.567836934156378
plasma,9276,boneseg_ftclicks,boxes,1,0,0.963903648372081,0.43816375471051733,-0.07542438271604876
plasma,9276,boneseg_ftclicks,points_bg,2,0,0.9468092278236951,0.2473665092626226,-0.4970421810699587
plasma,9276,boneseg_ftclicks,boxes,2,0,0.9463087248322147,0.45593739367131675,0.2930812757201646
plasma,9281,boneseg_learned,none,0,0,0.7986265520325155,0.14693167439898777,5.796231995884771
plasma,9281,boneseg_ftlayer,none,0,0,0.7848090588954727,0.16717839463625542,-3.2615740740740753
plasma,9281,boneseg_ftlearned,none,0,0,0.7746016715385565,0.12992376111817028,-7.874871399176958
plasma,9281,boneseg_ftclicks,points_bg,0,0,0.7628663321647632,0.09664940003934168,-8.5903420781893
plasma,9281,boneseg_ftclicks,boxes,0,0,0.612545959891815,0.07279177013125222,-18.756430041152264
plasma,9281,boneseg_ftclicks,points_bg,1,0,0.7650563932066003,0.10242499509771881,-8.535493827160495
plasma,9281,boneseg_ftclicks,boxes,1,0,0.3258426794352093,0.0,-28.327481995884774
plasma,9281,boneseg_ftclicks,points_bg,2,0,0.7798850229882837,0.13577872114619263,-7.118248456790122
plasma,9281,boneseg_ftclicks,boxes,2,0,0.6588532576438717,0.1697833603838826,-15.636895576131687
plasma,9286,boneseg_learned,none,0,0,0.3768076275939428,0.06020374081496326,11.331147119341564
plasma,9286,boneseg_ftlayer,none,0,0,0.5794511383769398,0.0946866485013624,0.16242283950617248
plasma,9286,boneseg_ftlearned,none,0,0,0.6612816108058497,0.03560697115384615,-1.4976208847736623
plasma,9286,boneseg_ftclicks,points_bg,0,0,0.6563574057621525,0.08191330343796711,8.000385802469134
plasma,9286,boneseg_ftclicks,boxes,0,0,0.861172229314072,0.0814366256003341,2.716949588477366
plasma,9286,boneseg_ftclicks,points_bg,1,0,0.669724182661372,0.12299226650803094,7.751350308641975
plasma,9286,boneseg_ftclicks,boxes,1,0,0.857771150003028,0.21648987463837993,-0.3420781893004113
plasma,9286,boneseg_ftclicks,points_bg,2,0,0.760985807904153,0.14738662567255956,3.4607124485596703
plasma,9286,boneseg_ftclicks,boxes,2,0,0.8855873368508748,0.12683549691423707,0.7298096707818933
plasma,9292,boneseg_learned,none,0,0,0.6118233016073603,0.09299970211498361,12.355774176954734
plasma,9292,boneseg_ftlayer,none,0,0,0.735526972692639,0.22686200543907362,9.83172582304527
plasma,9292,boneseg_ftlearned,none,0,0,0.7674556192179968,0.25159035928680223,5.521604938271607
plasma,9292,boneseg_ftclicks,points_bg,0,0,0.759793733749576,0.25456814332828237,5.975501543209877
plasma,9292,boneseg_ftclicks,boxes,0,0,0.7875122794411378,0.14032869785082175,-5.403227880658434
plasma,9292,boneseg_ftclicks,points_bg,1,0,0.637215903696812,0.02722984562607204,-3.9041923868312747
plasma,9292,boneseg_ftclicks,boxes,1,0,0.8246474291509597,0.2866739953584952,-4.114068930041151
plasma,9292,boneseg_ftclicks,points_bg,2,0,0.7586278621724379,0.28368668499955646,6.717849794238684
plasma,9292,boneseg_ftclicks,boxes,2,0,0.8285264515026106,0.30977333658298806,-3.9150591563786
plasma,9300,boneseg_learned,none,0,0,0.3733826904357588,0.07265901060070672,11.118055555555555
plasma,9300,boneseg_ftlayer,none,0,0,0.5142229597813354,0.07741935483870968,6.192258230452675
plasma,9300,boneseg_ftlearned,none,0,0,0.6956298120382781,0.04636150234741784,1.2696759259259263
plasma,9300,boneseg_ftclicks,points_bg,0,0,0.7559785172551439,0.012751348700343305,0.10609567901234615
plasma,9300,boneseg_ftclicks,boxes,0,0,0.8834460011103491,0.2695523856369897,0.8941615226337449
plasma,9300,boneseg_ftclicks,points_bg,1,0,0.6961872474806111,0.0,-1.4432870370370368
plasma,9300,boneseg_ftclicks,boxes,1,0,0.8424292961961393,0.25057577153385535,1.2692258230452675
plasma,9300,boneseg_ftclicks,points_bg,2,0,0.7189623420334031,0.008512544802867384,1.118698559670782
plasma,9300,boneseg_ftclicks,boxes,2,0,0.8398074642921644,0.22477283596365374,1.2072402263374484
plasma,9317,boneseg_learned,none,0,0,0.2962792012975826,0.027274185785336115,7.507523148148149
plasma,9317,boneseg_ftlayer,none,0,0,0.7137436262302858,0.21367338191170168,3.9929269547325097
plasma,9317,boneseg_ftlearned,none,0,0,0.4704384978162249,0.019291819291819293,-0.09908693415637895
plasma,9317,boneseg_ftclicks,points_bg,0,0,0.7936907687319986,0.21343050494534097,1.4106867283950615
plasma,9317,boneseg_ftclicks,boxes,0,0,0.9392235035988548,0.2859739472887004,-0.2589377572016459
plasma,9317,boneseg_ftclicks,points_bg,1,0,0.7721707348910064,0.24857355494914413,2.5037294238683123
plasma,9317,boneseg_ftclicks,boxes,1,0,0.9350644102045971,0.3663125948406677,0.45383230452674883
plasma,9317,boneseg_ftclicks,points_bg,2,0,0.7954655221119586,0.24905149051490516,1.837834362139918
plasma,9317,boneseg_ftclicks,boxes,2,0,0.9525558394802454,0.3699011124845488,0.15625000000000014
plasma,9321,boneseg_learned,none,0,0,0.07275249585057102,0.0,2.315779320987655
plasma,9321,boneseg_ftlayer,none,0,0,0.0,0.0,-3.2426697530864197
plasma,9321,boneseg_ftlearned,none,0,0,0.0,0.0,-5.331147119341564
plasma,9321,boneseg_ftclicks,points_bg,0,0,0.5517650963335604,0.008222932846048425,-3.3000257201646095
plasma,9321,boneseg_ftclicks,boxes,0,0,0.9494602035450243,0.3573631457208944,-0.269097222222222
plasma,9321,boneseg_ftclicks,points_bg,1,0,0.7355596982319187,0.03044569993722536,-1.8323045267489715
plasma,9321,boneseg_ftclicks,boxes,1,0,0.9577885376808177,0.34839706450366936,-0.025141460905349355
plasma,9321,boneseg_ftclicks,points_bg,2,0,0.3618509444400537,0.0,-4.153549382716049
plasma,9321,boneseg_ftclicks,boxes,2,0,0.9561886638243887,0.390546299883766,-0.1200488683127568
plasma,9339,boneseg_learned,none,0,0,0.0,0.0,0.8265817901234568
plasma,9339,boneseg_ftlayer,none,0,0,0.0,0.0,0.9460519547325102
plasma,9339,boneseg_ftlearned,none,0,0,0.0,0.0,-1.1532278806584362
plasma,9339,boneseg_ftclicks,points_bg,0,0,0.884861672365558,0.14481185860889395,-0.23791152263374482
plasma,9339,boneseg_ftclicks,boxes,0,0,0.9699035908900377,0.5923497267759563,-0.005465534979423765
plasma,9339,boneseg_ftclicks,points_bg,1,0,0.9163120567375886,0.1913929784824462,-0.1758616255144032
plasma,9339,boneseg_ftclicks,boxes,1,0,0.9524877215460175,0.43057050592034446,0.10249485596707814
plasma,9339,boneseg_ftclicks,points_bg,2,0,0.915675740930766,0.19548022598870057,-0.1759259259259259
plasma,9339,boneseg_ftclicks,boxes,2,0,0.9654624851131401,0.4196035242290749,-0.03883744855967073
plasma,9342,boneseg_learned,none,0,0,0.4403463055866738,0.04225352112676056,9.680298353909466
plasma,9342,boneseg_ftlayer,none,0,0,0.94719516442527,0.27058072750478623,0.004243827160493874
plasma,9342,boneseg_ftlearned,none,0,0,0.75734472743521,0.01673056814220983,-2.232253086419753
plasma,9342,boneseg_ftclicks,points_bg,0,0,0.9398796415154335,0.294431477159053,-0.522247942386831
plasma,9342,boneseg_ftclicks,boxes,0,0,0.9506962310540157,0.2975825672454886,-0.17020318930041148
plasma,9342,boneseg_ftclicks,points_bg,1,0,0.9402914626231637,0.30459387483355527,-0.5438528806584366
plasma,9342,boneseg_ftclicks,boxes,1,0,0.9324529519758319,0.18474974806852537,0.7112268518518511
plasma,9342,boneseg_ftclicks,points_bg,2,0,0.8962385144889373,0.11000685400959562,-1.0641075102880662
plasma,9342,boneseg_ftclicks,boxes,2,0,0.9261381459252598,0.19017590441420512,0.856995884773662
plasma,9343,boneseg_learned,none,0,0,0.5880135748850457,0.0900562851782364,3.112204218106996
plasma,9343,boneseg_ftlayer,none,0,0,0.9673980441002099,0.3630094043887147,-0.05240483539094634
plasma,9343,boneseg_ftlearned,none,0,0,0.8890911922187751,0.0,-0.5953575102880658
plasma,9343,boneseg_ftclicks,points_bg,0,0,0.9713919065424697,0.439106901217862,-0.15097736625514396
plasma,9343,boneseg_ftclicks,boxes,0,0,0.9694931691684938,0.4093915343915344,0.13644547325102896
plasma,9343,boneseg_ftclicks,points_bg,1,0,0.9649699631086789,0.3754243041412084,-0.19412294238683112
plasma,9343,boneseg_ftclicks,boxes,1,0,0.979326203440571,0.6099195710455764,-0.03523662551440307
plasma,9343,boneseg_ftclicks,points_bg,2,0,0.9692964461939347,0.4171737660581474,-0.16441615226337436
plasma,9343,boneseg_ftclicks,boxes,2,0,0.9753671547894838,0.4660904255319149,0.08744855967078198
plasma,9347,boneseg_learned,none,0,0,0.5340787239746224,0.09364026531408505,5.288451646090535
plasma,9347,boneseg_ftlayer,none,0,0,0.9644409365956327,0.3547979797979798,-0.11477623456790133
plasma,9347,boneseg_ftlearned,none,0,0,0.0,0.0,-3.1124614197530867
plasma,9347,boneseg_ftclicks,points_bg,0,0,0.8914589321088732,0.021534320323014805,-0.6095036008230452
plasma,9347,boneseg_ftclicks,boxes,0,0,0.9657989797047785,0.3119440914866582,0.1654449588477363
plasma,9347,boneseg_ftclicks,points_bg,1,0,0.9563684442485677,0.2362924281984334,-0.24311985596707844
plasma,9347,boneseg_ftclicks,boxes,1,0,0.966043356615205,0.3220878421387651,0.16409465020576114
plasma,9347,boneseg_ftclicks,points_bg,2,0,0.9608508179707478,0.2649739583333333,-0.21521347736625507
plasma,9347,boneseg_ftclicks,boxes,2,0,0.9692919294971908,0.3494897959183674,0.11548353909465008
plasma,9353,boneseg_learned,none,0,0,0.7457240406435917,0.08773438843970412,3.1533564814814827
plasma,9353,boneseg_ftlayer,none,0,0,0.8536489977080074,0.16920651602732528,1.5671296296296309
plasma,9353,boneseg_ftlearned,none,0,0,0.9360240170816677,0.13831708197905382,-0.55664866255144
plasma,9353,boneseg_ftclicks,points_bg,0,0,0.9179437481863526,0.07565185457216306,-0.8282536008230444
plasma,9353,boneseg_ftclicks,boxes,0,0,0.950724195761549,0.28329654157468726,0.08011831275720194
plasma,9353,boneseg_ftclicks,points_bg,1,0,0.9469586732576526,0.21558441558441557,-0.33198302469135754
plasma,9353,boneseg_ftclicks,boxes,1,0,0.9459083633453381,0.1729295877417001,0.28266460905349844
plasma,9353,boneseg_ftclicks,points_bg,2,0,0.9500474596071805,0.2593553167839941,-0.2431841563786001
plasma,9353,boneseg_ftclicks,boxes,2,0,0.9463517913675201,0.19502378338821807,0.24389146090535024
plasma,9357,boneseg_learned,none,0,0,0.2287156172526171,0.04074459776099974,10.75707304526749
plasma,9357,boneseg_ftlayer,none,0,0,0.3616375498888703,0.04499664204163868,4.0380658436214
plasma,9357,boneseg_ftlearned,none,0,0,0.00032155079354142266,0.0,-1.1248713991769546
plasma,9357,boneseg_ftclicks,points_bg,0,0,0.3248200265884065,0.06046814044213264,6.093299897119342
plasma,9357,boneseg_ftclicks,boxes,0,0,0.7045718552937272,0.04397801099450275,-0.5244341563786007
plasma,9357,boneseg_ftclicks,points_bg,1,0,0.2645203003770293,0.0344187615994601,9.784722222222223
plasma,9357,boneseg_ftclicks,boxes,1,0,0.707919966652772,0.0,-0.5537551440329216
plasma,9357,boneseg_ftclicks,points_bg,2,0,0.2762598205569244,0.005590496156533892,15.406635802469138
plasma,9357,boneseg_ftclicks,boxes,2,0,0.727966138111813,0.18222003929273084,-0.7386831275720162
plasma,9367,boneseg_learned,none,0,0,0.42505236665098683,0.07868580894533407,6.854873971193415
plasma,9367,boneseg_ftlayer,none,0,0,0.7958413683239708,0.06172839506172839,-0.7023533950617284
plasma,9367,boneseg_ftlearned,none,0,0,0.0010689470871191875,0.0,-4.566743827160494
plasma,9367,boneseg_ftclicks,points_bg,0,0,0.8072778542414986,0.03732912723449001,-1.4765946502057612
plasma,9367,boneseg_ftclicks,boxes,0,0,0.9268151827093831,0.1799802761341223,-0.23109567901234557
plasma,9367,boneseg_ftclicks,points_bg,1,0,0.8444180812077974,0.06371774618220116,-1.2251157407407405
plasma,9367,boneseg_ftclicks,boxes,1,0,0.9219498327027795,0.1701492537313433,-0.3175797325102883
plasma,9367,boneseg_ftclicks,points_bg,2,0,0.8855937480540507,0.1673511293634497,-0.8775720164609057
plasma,9367,boneseg_ftclicks,boxes,2,0,0.9220982920878354,0.1708043694141013,-0.28343621399176955
plasma,9373,boneseg_learned,none,0,0,0.34587161216960216,0.03086300309597523,14.331147119341564
plasma,9373,boneseg_ftlayer,none,0,0,0.572987771078204,0.14464692482915717,11.310892489711934
plasma,9373,boneseg_ftlearned,none,0,0,0.5974155530176867,0.10429447852760736,6.482060185185186
plasma,9373,boneseg_ftclicks,points_bg,0,0,0.629751655629139,0.09836808703535811,6.1935442386831285
plasma,9373,boneseg_ftclicks,boxes,0,0,0.9246822693476907,0.2625566279298798,0.4470164609053501
plasma,9373,boneseg_ftclicks,points_bg,1,0,0.5321411708274937,0.000665889795238888,0.049897119341564544
plasma,9373,boneseg_ftclicks,boxes,1,0,0.9283968452003123,0.24332463360770928,0.5172325102880668
plasma,9373,boneseg_ftclicks,points_bg,2,0,0.591346653768469,0.03892828999211978,3.297260802469136
plasma,9373,boneseg_ftclicks,boxes,2,0,0.9255869823210917,0.22608868562338438,0.7166280864197544
plasma,9387,boneseg_learned,none,0,0,0.9593347858650507,0.31729243786356426,-0.17245370370370383
plasma,9387,boneseg_ftlayer,none,0,0,0.9615640968673628,0.25857223159078135,0.08674125514403289
plasma,9387,boneseg_ftlearned,none,0,0,0.8931235839151178,0.0,-0.7461419753086417
plasma,9387,boneseg_ftclicks,points_bg,0,0,0.9570807303351396,0.17852975495915985,-0.2755915637860082
plasma,9387,boneseg_ftclicks,boxes,0,0,0.9679193400549955,0.4473534433693796,0.19965277777777776
plasma,9387,boneseg_ftclicks,points_bg,1,0,0.9525826526980931,0.1699766355140187,-0.31938014403292136
plasma,9387,boneseg_ftclicks,boxes,1,0,0.9658207470088097,0.43100511073253833,0.22087191358024713
plasma,9387,boneseg_ftclicks,points_bg,2,0,0.9416457275394915,0.16725559481743227,-0.40869341563785977
plasma,9387,boneseg_ftclicks,boxes,2,0,0.9650969439646127,0.40408626560726446,0.23842592592592596
plasma,9396,boneseg_learned,none,0,0,0.7328237895657093,0.10709557850145618,3.942515432098766
plasma,9396,boneseg_ftlayer,none,0,0,0.699505574349513,0.13344887348353554,5.9284336419753085
plasma,9396,boneseg_ftlearned,none,0,0,0.7542473929794815,0.14572144647332616,2.5954218106995883
plasma,9396,boneseg_ftclicks,points_bg,0,0,0.7816953671508872,0.21554169030062392,2.6516203703703694
plasma,9396,boneseg_ftclicks,boxes,0,0,0.9525234927056659,0.26625089949628206,0.4343492798353901
plasma,9396,boneseg_ftclicks,points_bg,1,0,0.7457237287761783,0.2231125356125356,4.345228909465021
plasma,9396,boneseg_ftclicks,boxes,1,0,0.9432393139770839,0.23621131021643008,0.6993955761316867
plasma,9396,boneseg_ftclicks,points_bg,2,0,0.7346623802058233,0.23071364046973802,5.018004115226338
plasma,9396,boneseg_ftclicks,boxes,2,0,0.9553471551202223,0.30180505415162456,-0.025784465020575742
plasma,9397,boneseg_learned,none,0,0,0.7251404968418346,0.11966013688930847,0.016268004115226747
plasma,9397,boneseg_ftlayer,none,0,0,0.8116191803258651,0.15993836671802775,-1.4647633744855961
plasma,9397,boneseg_ftlearned,none,0,0,0.6850190263560667,0.15847347994825356,-2.8274176954732506
plasma,9397,boneseg_ftclicks,points_bg,0,0,0.7306166459829512,0.03285290377278508,3.816808127572016
plasma,9397,boneseg_ftclicks,boxes,0,0,0.8663431059943377,0.05575846116386657,1.6864711934156382
plasma,9397,boneseg_ftclicks,points_bg,1,0,0.7453419851488521,0.05554364143255415,3.1158693415637857
plasma,9397,boneseg_ftclicks,boxes,1,0,0.8692248069621185,0.039846375420067214,1.1213991769547336
plasma,9397,boneseg_ftclicks,points_bg,2,0,0.7240291369170512,0.0301433389544688,4.053305041152264
plasma,9397,boneseg_ftclicks,boxes,2,0,0.8750542195953193,0.0241260462826194,1.5039223251028813
plasma,9398,boneseg_learned,none,0,0,0.46111994583137633,0.04793516682472627,11.740162037037036
plasma,9398,boneseg_ftlayer,none,0,0,0.8677428069172615,0.2091233339590764,1.1941229423868314
plasma,9398,boneseg_ftlearned,none,0,0,0.8449253268674652,0.08056603773584906,-0.08712705761316913
plasma,9398,boneseg_ftclicks,points_bg,0,0,0.9100325648998215,0.0780523611450942,-1.2497427983539102
plasma,9398,boneseg_ftclicks,boxes,0,0,0.9553507160898831,0.29004004004004,-0.4897762345679013
plasma,9398,boneseg_ftclicks,points_bg,1,0,0.9024105429977479,0.05663152733513116,-1.3532664609053502
plasma,9398,boneseg_ftclicks,boxes,1,0,0.9372022095105407,0.19093851132686085,-0.8299254115226349
plasma,9398,boneseg_ftclicks,points_bg,2,0,0.9238291162183716,0.10727496917385944,-1.0390946502057616
plasma,9398,boneseg_ftclicks,boxes,2,0,0.9594268352411375,0.31475,-0.39409722222222276
plasma,9402,boneseg_learned,none,0,0,0.6294936345141164,0.11882397861779305,14.67354681069959
plasma,9402,boneseg_ftlayer,none,0,0,0.7245023373076317,0.1552340277172492,6.8679269547325115
plasma,9402,boneseg_ftlearned,none,0,0,0.7785342442819901,0.21316582914572865,2.4040637860082317
plasma,9402,boneseg_ftclicks,points_bg,0,0,0.7708937290018292,0.2111217846088163,3.0791538065843618
plasma,9402,boneseg_ftclicks,boxes,0,0,0.8181951415233734,0.2098855612369126,-3.095357510288066
plasma,9402,boneseg_ftclicks,points_bg,1,0,0.7643587204215263,0.22826557093425606,3.5786394032921804
plasma,9402,boneseg_ftclicks,boxes,1,0,0.8217366479581321,0.20261904761904762,-2.718042695473251
plasma,9402,boneseg_ftclicks,points_bg,2,0,0.7711283403518439,0.18808510638297873,2.8176440329218124
plasma,9402,boneseg_ftclicks,boxes,2,0,0.7972695485285591,0.21088775127981021,-4.46289866255144
plasma,9407,boneseg_learned,none,0,0,0.4212097340342867,0.011085056491153272,9.06571502057613
plasma,9407,boneseg_ftlayer,none,0,0,0.4776704585234589,0.026835931222882855,6.191808127572017
plasma,9407,boneseg_ftlearned,none,0,0,0.0,0.0,-3.0098379629629637
plasma,9407,boneseg_ftclicks,points_bg,0,0,0.7141015019509327,0.11141924959216966,4.3163580246913575
plasma,9407,boneseg_ftclicks,boxes,0,0,0.8962713005113058,0.10527613412228796,-1.1737397119341575
plasma,9407,boneseg_ftclicks,points_bg,1,0,0.8662530813077821,0.03184885290148448,-1.654385288065844
plasma,9407,boneseg_ftclicks,boxes,1,0,0.9344991563123178,0.37655982383166137,0.5778677983539093
plasma,9407,boneseg_ftclicks,points_bg,2,0,0.8004006342023203,0.028087864602088584,0.9254758230452673
plasma,9407,boneseg_ftclicks,boxes,2,0,0.8338778489103974,0.037987679671457907,-1.804205246913581
plasma,9421,boneseg_learned,none,0,0,0.5764584778683043,0.09131232792903028,8.4911908436214
plasma,9421,boneseg_ftlayer,none,0,0,0.9165700105197853,0.23772662456712162,-0.49530606995884796
plasma,9421,boneseg_ftlearned,none,0,0,0.8263055423354821,0.05630434782608695,-2.320216049382716
plasma,9421,boneseg_ftclicks,points_bg,0,0,0.9219584816401792,0.20162174008327854,-0.16460905349794247
plasma,9421,boneseg_ftclicks,boxes,0,0,0.921534462364449,0.19869281045751633,0.9742798353909468
plasma,9421,boneseg_ftclicks,points_bg,1,0,0.9196531330834008,0.20135400742520201,-0.25353652263374465
plasma,9421,boneseg_ftclicks,boxes,1,0,0.9143084922252798,0.18339852238157323,1.2073688271604932
plasma,9421,boneseg_ftclicks,points_bg,2,0,0.9216573130269872,0.20202020202020202,-0.5345293209876547
plasma,9421,boneseg_ftclicks,boxes,2,0,0.9124468476035488,0.1862426995457495,1.1909079218106995
plasma,9442,boneseg_learned,none,0,0,0.22931791446945166,0.023220111303012856,12.638695987654321
plasma,9442,boneseg_ftlayer,none,0,0,0.05368241143567433,0.009528759528759529,6.960390946502057
plasma,9442,boneseg_ftlearned,none,0,0,0.02046429162683642,0.02857142857142857,0.7919881687242794
plasma,9442,boneseg_ftclicks,points_bg,0,0,0.49628661807179203,0.0,-3.7680041152263373
plasma,9442,boneseg_ftclicks,boxes,0,0,0.5702244025573027,0.012488849241748439,-2.6894933127572016
plasma,9442,boneseg_ftclicks,points_bg,1,0,0.6558077726249559,0.02012578616352201,0.6062885802469137
plasma,9442,boneseg_ftclicks,boxes,1,0,0.4901777648481879,0.01177536231884058,-2.849408436213992
plasma,9442,boneseg_ftclicks,points_bg,2,0,0.746101325682102,0.0,-1.5671296296296293
plasma,9442,boneseg_ftclicks,boxes,2,0,0.570661588901456,0.011769651113913409,-2.266075102880658
plasma,9453,boneseg_learned,none,0,0,0.3392512500486671,0.012700007175145297,7.955118312757204
plasma,9453,boneseg_ftlayer,none,0,0,0.6517855881729796,0.11973159991612498,-1.5093235596707812
plasma,9453,boneseg_ftlearned,none,0,0,0.19276313480503984,0.0,-6.005851337448559
plasma,9453,boneseg_ftclicks,points_bg,0,0,0.7189257226804161,0.23292383292383292,2.866576646090535
plasma,9453,boneseg_ftclicks,boxes,0,0,0.873626745776947,0.25907488073013896,-0.9262474279835384
plasma,9453,boneseg_ftclicks,points_bg,1,0,0.6441111192409941,0.07508680555555555,-1.9845036008230448
plasma,9453,boneseg_ftclicks,boxes,1,0,0.8125666435146689,0.24317834533944555,-2.0204475308641974
plasma,9453,boneseg_ftclicks,points_bg,2,0,0.7486519528001441,0.2378900189622479,1.611689814814815
plasma,9453,boneseg_ftclicks,boxes,2,0,0.8796353278357041,0.25586399827845924,-0.5385802469135794
plasma,9464,boneseg_learned,none,0,0,0.8574078883900412,0.2015574896930829,-0.8936471193415639
plasma,9464,boneseg_ftlayer,none,0,0,0.9727462966929756,0.46599645180366644,-0.020833333333333814
plasma,9464,boneseg_ftlearned,none,0,0,0.8252589310707632,0.0,-1.164030349794239
plasma,9464,boneseg_ftclicks,points_bg,0,0,0.9691889977570535,0.2686658506731946,-0.19984567901234623
plasma,9464,boneseg_ftclicks,boxes,0,0,0.9757162611290362,0.45623501199040767,0.1260931069958844
plasma,9464,boneseg_ftclicks,points_bg,1,0,0.9677561016806013,0.26670754138565295,-0.21167695473251064
plasma,9464,boneseg_ftclicks,boxes,1,0,0.9673983551024657,0.36174016686531585,0.20376800411522622
plasma,9464,boneseg_ftclicks,points_bg,2,0,0.9673900174213081,0.2656441717791411,-0.22222222222222227
plasma,9464,boneseg_ftclicks,boxes,2,0,0.9705288070647142,0.41391721655668867,0.16210133744855929
plasma,9504,boneseg_learned,none,0,0,0.527898346641927,0.003751803751803752,-6.433384773662551
plasma,9504,boneseg_ftlayer,none,0,0,0.8737835427852941,0.30850082979900423,-1.9119084362139924
plasma,9504,boneseg_ftlearned,none,0,0,0.7426970965046907,0.056691449814126396,-4.487718621399177
plasma,9504,boneseg_ftclicks,points_bg,0,0,0.9361614907893201,0.17080073247877475,0.6286651234567897
plasma,9504,boneseg_ftclicks,boxes,0,0,0.9258607187229507,0.21541272213917953,-0.11844135802469152
plasma,9504,boneseg_ftclicks,points_bg,1,0,0.9384927805600014,0.18825276357036794,0.45923353909465003
plasma,9504,boneseg_ftclicks,boxes,1,0,0.9245678702237904,0.1941040079496522,0.05619855967078091
plasma,9504,boneseg_ftclicks,points_bg,2,0,0.9327404178189374,0.2026872030149107,0.10693158436213962
plasma,9504,boneseg_ftclicks,boxes,2,0,0.9331371238999216,0.1945620319114295,0.3695987654320984
plasma,9511,boneseg_learned,none,0,0,0.4317864709834117,0.06527415143603134,6.135545267489712
plasma,9511,boneseg_ftlayer,none,0,0,0.6873882148209021,0.18322056833558864,3.175861625514403
plasma,9511,boneseg_ftlearned,none,0,0,0.5856732242809316,0.05114854517611026,0.9802597736625513
plasma,9511,boneseg_ftclicks,points_bg,0,0,0.7152810464352748,0.17902350813743217,2.269611625514403
plasma,9511,boneseg_ftclicks,boxes,0,0,0.9250122619286114,0.3184813304047694,0.512152777777778
plasma,9511,boneseg_ftclicks,points_bg,1,0,0.732048327043388,0.0817353033637221,1.3587962962962967
plasma,9511,boneseg_ftclicks,boxes,1,0,0.948376185971852,0.3935374149659864,0.17721193415637868
plasma,9511,boneseg_ftclicks,points_bg,2,0,0.8250229769543296,0.0,-1.3098636831275718
plasma,9511,boneseg_ftclicks,boxes,2,0,0.944538244349541,0.3740407073740407,0.26813271604938305
plasma,9512,boneseg_learned,none,0,0,0.5713690172905515,0.08218954248366013,5.344778806584362
plasma,9512,boneseg_ftlayer,none,0,0,0.7124405441160134,0.15248544558889388,5.011895576131686
plasma,9512,boneseg_ftlearned,none,0,0,0.718846194567421,0.12340884573894283,2.307934670781893
plasma,9512,boneseg_ftclicks,points_bg,0,0,0.6303263740579157,0.015494030988061977,-2.136895576131688
plasma,9512,boneseg_ftclicks,boxes,0,0,0.8655706348852571,0.2412653446647781,1.777584876543209
plasma,9512,boneseg_ftclicks,points_bg,1,0,0.7187815961481359,0.1253657438667567,3.0175540123456788
plasma,9512,boneseg_ftclicks,boxes,1,0,0.8565306454792454,0.1866967305524239,0.9144804526748971
plasma,9512,boneseg_ftclicks,points_bg,2,0,0.7145619739052288,0.0556083650190114,-0.4238040123456799
plasma,9512,boneseg_ftclicks,boxes,2,0,0.8663227056753564,0.21753756447633998,1.0399948559670773
plasma,9528,boneseg_learned,none,0,0,0.8650767909949442,0.20305676855895197,0.7583590534979423
plasma,9528,boneseg_ftlayer,none,0,0,0.9282342022435639,0.18276310090948464,-0.341563786008231
plasma,9528,boneseg_ftlearned,none,0,0,0.7143092334384459,0.05236714975845411,-4.231417181069959
plasma,9528,boneseg_ftclicks,points_bg,0,0,0.9196385756757868,0.13467779323133983,-0.6905864197530864
plasma,9528,boneseg_ftclicks,boxes,0,0,0.9463674376273283,0.28956791597039866,0.3892103909465025
plasma,9528,boneseg_ftclicks,points_bg,1,0,0.9059755179432841,0.08172742047829115,-1.0154320987654328
plasma,9528,boneseg_ftclicks,boxes,1,0,0.9459752728120779,0.2801909307875895,0.38792438271604973
plasma,9528,boneseg_ftclicks,points_bg,2,0,0.9138495092693566,0.11561631139944394,-0.8310185185185184
plasma,9528,boneseg_ftclicks,boxes,2,0,0.9469446997919589,0.30942132950741275,0.4719007201646086
plasma,9581,boneseg_learned,none,0,0,0.3184400152546115,0.008837525492861998,2.517103909465021
plasma,9581,boneseg_ftlayer,none,0,0,0.612503188587799,0.09718340141904967,2.8108281893004112
plasma,9581,boneseg_ftlearned,none,0,0,0.6111026948778805,0.03486394557823129,-2.656893004115226
plasma,9581,boneseg_ftclicks,points_bg,0,0,0.6646174709006667,0.08985581874356334,3.927919238683128
plasma,9581,boneseg_ftclicks,boxes,0,0,0.8961146257619089,0.28395881766854864,0.832497427983539
plasma,9581,boneseg_ftclicks,points_bg,1,0,0.692387794985426,0.08841309823677582,3.2258873456790127
plasma,9581,boneseg_ftclicks,boxes,1,0,0.8835925288713468,0.3191489361702128,1.1394032921810695
plasma,9581,boneseg_ftclicks,points_bg,2,0,0.6622477972877284,0.09501797637390857,4.050668724279835
plasma,9581,boneseg_ftclicks,boxes,2,0,0.8927077174951112,0.2967870155680689,1.0142746913580247
plasma,9590,boneseg_learned,none,0,0,0.42741731330141436,0.1309408341416101,-2.0689300411522638
plasma,9590,boneseg_ftlayer,none,0,0,0.8192704262989386,0.19951923076923078,1.5506687242798343
plasma,9590,boneseg_ftlearned,none,0,0,0.6107671549481268,0.0016882386043894203,-3.7930169753086425
plasma,9590,boneseg_ftclicks,points_bg,0,0,0.8363100622916074,0.2533799533799534,1.1733539094650205
plasma,9590,boneseg_ftclicks,boxes,0,0,0.9397281584827952,0.1889412997903564,0.5480324074074074
plasma,9590,boneseg_ftclicks,points_bg,1,0,0.8426980717055093,0.2858147713950762,1.2726337448559666
plasma,9590,boneseg_ftclicks,boxes,1,0,0.9398634135842051,0.19058823529411764,0.5866126543209865
plasma,9590,boneseg_ftclicks,points_bg,2,0,0.8381956090543037,0.28511627906976744,1.3536522633744856
plasma,9590,boneseg_ftclicks,boxes,2,0,0.9383813943410195,0.209351195166798,0.49112654320987575
plasma,9600,boneseg_learned,none,0,0,0.5163187192427325,0.11242718446601942,3.1077674897119336
plasma,9600,boneseg_ftlayer,none,0,0,0.8552571902222361,0.19004006868918144,1.0954861111111103
plasma,9600,boneseg_ftlearned,none,0,0,0.7909894457278022,0.0178072625698324,-1.9418724279835395
plasma,9600,boneseg_ftclicks,points_bg,0,0,0.8873859739561154,0.23262576330328583,0.23675411522633694
plasma,9600,boneseg_ftclicks,boxes,0,0,0.9106717166091122,0.2367283950617284,0.30568415637860086
plasma,9600,boneseg_ftclicks,points_bg,1,0,0.9328521317587084,0.22830578512396693,-0.44193672839506204
plasma,9600,boneseg_ftclicks,boxes,1,0,0.8892572766990551,0.1817895400126024,0.7854295267489708
plasma,9600,boneseg_ftclicks,points_bg,2,0,0.9338094615631425,0.23838589352322823,-0.4169238683127574
plasma,9600,boneseg_ftclicks,boxes,2,0,0.8812975228821195,0.15292259083728277,0.9639274691358015
plasma,9601,boneseg_learned,none,0,0,0.4612118220605438,0.04951291446956833,4.589184670781894
plasma,9601,boneseg_ftlayer,none,0,0,0.6617811839006765,0.12673635973077474,-2.4774948559670786
plasma,9601,boneseg_ftlearned,none,0,0,0.5160315792384481,0.05743024010382868,-5.3371913580246915
plasma,9601,boneseg_ftclicks,points_bg,0,0,0.791365690655127,0.2203585147247119,1.1720036008230448
plasma,9601,boneseg_ftclicks,boxes,0,0,0.8738265291126591,0.22045695264033893,-2.062628600823045
plasma,9601,boneseg_ftclicks,points_bg,1,0,0.8047153048505582,0.23129433810734842,0.3061985596707825
plasma,9601,boneseg_ftclicks,boxes,1,0,0.8937113602340384,0.21487233089443034,-1.4326131687242796
plasma,9601,boneseg_ftclicks,points_bg,2,0,0.7606787595084845,0.17929782082324455,3.752572016460905
plasma,9601,boneseg_ftclicks,boxes,2,0,0.9075411581597869,0.1686623831775701,-0.2671682098765435
plasma,9605,boneseg_learned,none,0,0,0.14493235186142917,0.01605822550831793,19.401941872427983
plasma,9605,boneseg_ftlayer,none,0,0,0.2907755081914671,0.10684809279500335,11.054591049382715
plasma,9605,boneseg_ftlearned,none,0,0,0.2521451999425738,0.021042084168336674,7.051183127572017
plasma,9605,boneseg_ftclicks,points_bg,0,0,0.39132609704501486,0.10997596153846154,6.0751671810699595
plasma,9605,boneseg_ftclicks,boxes,0,0,0.9293986490917437,0.3312883435582822,0.30883487654321007
plasma,9605,boneseg_ftclicks,points_bg,1,0,0.73453567193501,0.04036144578313253,-0.9607124485596706
plasma,9605,boneseg_ftclicks,boxes,1,0,0.9362453237789136,0.2916666666666667,0.2876800411522634
plasma,9605,boneseg_ftclicks,points_bg,2,0,0.37881909924520546,0.1482777179763186,6.983474794238684
plasma,9605,boneseg_ftclicks,boxes,2,0,0.9300094122568501,0.2882205513784461,0.32497427983539107
plasma,9625,boneseg_learned,none,0,0,0.5381172826001348,0.09147963708302068,14.541859567901238
plasma,9625,boneseg_ftlayer,none,0,0,0.6557215813926691,0.12138224760429775,9.053626543209877
plasma,9625,boneseg_ftlearned,none,0,0,0.67422256187173,0.17588325652841783,5.148855452674899
plasma,9625,boneseg_ftclicks,points_bg,0,0,0.6735115146976222,0.1932261208576998,5.277777777777777
plasma,9625,boneseg_ftclicks,boxes,0,0,0.8488711432944317,0.18048780487804877,0.7842721193415642
plasma,9625,boneseg_ftclicks,points_bg,1,0,0.6890438629742908,0.11998127121620039,2.5690586419753094
plasma,9625,boneseg_ftclicks,boxes,1,0,0.8697248353094245,0.21939539060161628,-0.30304783950617226
plasma,9625,boneseg_ftclicks,points_bg,2,0,0.6731192134333106,0.19160137120470128,5.493248456790124
plasma,9625,boneseg_ftclicks,boxes,2,0,0.8645904226166456,0.2317634823948893,-0.8440072016460909
plasma,9626,boneseg_learned,none,0,0,0.6853933744916897,0.09914263445050663,1.6491126543209875
plasma,9626,boneseg_ftlayer,none,0,0,0.9236197817708051,0.23381770145310435,-0.44251543209876537
plasma,9626,boneseg_ftlearned,none,0,0,0.8096780715745961,0.09692237023426734,-2.7141846707818926
plasma,9626,boneseg_ftclicks,points_bg,0,0,0.9282995197490934,0.28060992262175694,-0.6237782921810695
plasma,9626,boneseg_ftclicks,boxes,0,0,0.9252326745522637,0.17709750566893423,0.31597222222222165
plasma,9626,boneseg_ftclicks,points_bg,1,0,0.9222298968740964,0.31601930590668814,-1.0133744855967075
plasma,9626,boneseg_ftclicks,boxes,1,0,0.9241717063035655,0.15919837874352624,0.30568415637860086
plasma,9626,boneseg_ftclicks,points_bg,2,0,0.929341816879739,0.29717411121239745,-0.6839634773662548
plasma,9626,boneseg_ftclicks,boxes,2,0,0.9248155238750209,0.16361167684996605,0.27192644032921764
plasma,9629,boneseg_learned,none,0,0,0.8264778756819755,0.11143081349725346,-1.839184670781893
plasma,9629,boneseg_ftlayer,none,0,0,0.8175270750732971,0.2135326514555468,-2.882780349794238
plasma,9629,boneseg_ftlearned,none,0,0,0.7756923958666959,0.05723158828748891,-4.228459362139918
plasma,9629,boneseg_ftclicks,points_bg,0,0,0.9361726259676184,0.2341132075471698,-0.6240997942386819
plasma,9629,boneseg_ftclicks,boxes,0,0,0.9405609018720249,0.24974108595946146,0.3923611111111114
plasma,9629,boneseg_ftclicks,points_bg,1,0,0.9312913978587241,0.21826179281055666,-0.9052854938271598
plasma,9629,boneseg_ftclicks,boxes,1,0,0.9408686608530878,0.2551489109497703,0.3166795267489711
plasma,9629,boneseg_ftclicks,points_bg,2,0,0.937588676440781,0.23931366646598434,-0.4598765432098764
plasma,9629,boneseg_ftclicks,boxes,2,0,0.9387997719179335,0.21652673442333187,0.6057098765432103
plasma,9630,boneseg_learned,none,0,0,0.5981545128961386,0.06866197183098592,10.387538580246916
plasma,9630,boneseg_ftlayer,none,0,0,0.7876874273441964,0.20353083126944815,9.189814814814815
plasma,9630,boneseg_ftlearned,none,0,0,0.8108390499697581,0.1779752459536655,3.0070087448559684
plasma,9630,boneseg_ftclicks,points_bg,0,0,0.8066315577524623,0.1467476622756126,2.321630658436216
plasma,9630,boneseg_ftclicks,boxes,0,0,0.7001565932476395,0.13300878031817787,-8.574138374485596
plasma,9630,boneseg_ftclicks,points_bg,1,0,0.6731857469308901,0.053336394245485155,-7.345936213991769
plasma,9630,boneseg_ftclicks,boxes,1,0,0.7112625747193468,0.158054447719785,-7.742283950617282
plasma,9630,boneseg_ftclicks,points_bg,2,0,0.8091825646809623,0.18051575931232092,3.723122427983541
plasma,9630,boneseg_ftclicks,boxes,2,0,0.613635950902667,0.06066588889886027,-11.158757716049381
plasma,9686,boneseg_learned,none,0,0,0.4429819755432605,0.03886397608370702,21.668788580246915
plasma,9686,boneseg_ftlayer,none,0,0,0.7123210392705283,0.12262398170644562,6.744405864197531
plasma,9686,boneseg_ftlearned,none,0,0,0.8183823672959413,0.15947360973538985,2.1144547325102887
plasma,9686,boneseg_ftclicks,points_bg,0,0,0.8483301484896829,0.10365270606234461,0.6912937242798358
plasma,9686,boneseg_ftclicks,boxes,0,0,0.9208210740506503,0.2822928936003141,1.0597993827160492
plasma,9686,boneseg_ftclicks,points_bg,1,0,0.8465036894361828,0.12502268190890944,1.1140046296296293
plasma,9686,boneseg_ftclicks,boxes,1,0,0.9255761131542128,0.27326170687208595,0.41390174897119325
plasma,9686,boneseg_ftclicks,points_bg,2,0,0.8397220126516163,0.08894827257110136,0.0798611111111111
plasma,9686,boneseg_ftclicks,boxes,2,0,0.927299129762539,0.2804139816442101,0.8171939300411533
plasma,9692,boneseg_learned,none,0,0,0.3079360501050723,0.008341401653384971,18.963605967078188
plasma,9692,boneseg_ftlayer,none,0,0,0.629005087716313,0.13150470219435736,6.647826646090535
plasma,9692,boneseg_ftlearned,none,0,0,0.6406568962202835,0.14076599157810307,1.8019547325102878
plasma,9692,boneseg_ftclicks,points_bg,0,0,0.6930270550873335,0.178465785841057,4.5991512345679
plasma,9692,boneseg_ftclicks,boxes,0,0,0.9216073942884616,0.21357234314980794,0.8600180041152254
plasma,9692,boneseg_ftclicks,points_bg,1,0,0.7048286787599307,0.18558558558558558,4.151234567901234
plasma,9692,boneseg_ftclicks,boxes,1,0,0.9029219787770059,0.19465934614424757,1.229809670781893
plasma,9692,boneseg_ftclicks,points_bg,2,0,0.7181293012093898,0.1907070707070707,3.3475437242798356
plasma,9692,boneseg_ftclicks,boxes,2,0,0.9402802270682882,0.23166926677067082,0.4057998971193417
plasma,9694,boneseg_learned,none,0,0,0.50321240646932,0.07035558090891804,-0.49067644032921853
plasma,9694,boneseg_ftlayer,none,0,0,0.7659825179113992,0.1774783244541941,4.614647633744856
plasma,9694,boneseg_ftlearned,none,0,0,0.6089770941522963,0.011410459587955626,-2.648276748971194
plasma,9694,boneseg_ftclicks,points_bg,0,0,0.7874077268919233,0.0634228187919463,1.1124614197530858
plasma,9694,boneseg_ftclicks,boxes,0,0,0.9093373243908514,0.25469959454478436,1.293788580246913
plasma,9694,boneseg_ftclicks,points_bg,1,0,0.8022446549671274,0.21054421768707482,3.689750514403292
plasma,9694,boneseg_ftclicks,boxes,1,0,0.919640827744683,0.1930947897049592,-1.61889146090535
plasma,9694,boneseg_ftclicks,points_bg,2,0,0.805709167934265,0.28658193679001237,4.29906121399177
plasma,9694,boneseg_ftclicks,boxes,2,0,0.9101685331736131,0.24518756169792694,1.4086291152263368
plasma,9706,boneseg_learned,none,0,0,0.5893005810310552,0.07928155476040132,14.049704218106998
plasma,9706,boneseg_ftlayer,none,0,0,0.6500925095002271,0.15256588072122051,6.228073559670783
plasma,9706,boneseg_ftlearned,none,0,0,0.7016965166758449,0.11588938364190297,0.21135545267489675
plasma,9706,boneseg_ftclicks,points_bg,0,0,0.5685614896362043,0.06993695823483058,11.996656378600823
plasma,9706,boneseg_ftclicks,boxes,0,0,0.7917635620196855,0.08106708106708106,1.3476723251028804
plasma,9706,boneseg_ftclicks,points_bg,1,0,0.5488821505142715,0.03588429146832662,17.45679012345679
plasma,9706,boneseg_ftclicks,boxes,1,0,0.7703366879534588,0.16800701856996636,-1.6362525720164611
plasma,9706,boneseg_ftclicks,points_bg,2,0,0.54596699449688,0.03676204273813836,16.129565329218106
plasma,9706,boneseg_ftclicks,boxes,2,0,0.7801557183983251,0.2033976833976834,-3.135673868312758
plasma,9710,boneseg_learned,none,0,0,0.7396960202998368,0.07912802601469349,-1.6419753086419755
plasma,9710,boneseg_ftlayer,none,0,0,0.8374098916247569,0.19397781299524564,-2.8734567901234573
plasma,9710,boneseg_ftlearned,none,0,0,0.7237914563082798,0.05947660586835844,-5.664351851851852
plasma,9710,boneseg_ftclicks,points_bg,0,0,0.9354233877180466,0.24194021101992966,0.6510416666666657
plasma,9710,boneseg_ftclicks,boxes,0,0,0.9365415038530938,0.25204744422479525,1.2850437242798356
plasma,9710,boneseg_ftclicks,points_bg,1,0,0.9354298051247089,0.24836601307189543,0.686599794238682
plasma,9710,boneseg_ftclicks,boxes,1,0,0.9313235219697562,0.2402560455192034,1.4781378600823043
plasma,9710,boneseg_ftclicks,points_bg,2,0,0.9203119344241264,0.24367307426358734,1.5918209876543217
plasma,9710,boneseg_ftclicks,boxes,2,0,0.9212562215970569,0.1789764868603043,2.0492541152263373
plasma,9714,boneseg_learned,none,0,0,0.5941320264200919,0.0738645052760361,10.071694958847734
plasma,9714,boneseg_ftlayer,none,0,0,0.59366668448023,0.13562799179393664,-0.4574331275720156
plasma,9714,boneseg_ftlearned,none,0,0,0.5446967260564739,0.08273407423549066,-3.7858796296296293
plasma,9714,boneseg_ftclicks,points_bg,0,0,0.6434539508532104,0.16666666666666666,2.963284465020577
plasma,9714,boneseg_ftclicks,boxes,0,0,0.5129950260490151,0.03183391003460208,-13.238425925925926
plasma,9714,boneseg_ftclicks,points_bg,1,0,0.6521046376292277,0.16970378702662167,3.2415766460905355
plasma,9714,boneseg_ftclicks,boxes,1,0,0.5347125073600956,0.05160728117738188,-12.977366255144036
plasma,9714,boneseg_ftclicks,points_bg,2,0,0.6580534190510463,0.15467449828683308,8.936921296296294
plasma,9714,boneseg_ftclicks,boxes,2,0,0.20214376287842764,0.05822478468218378,-11.3193158436214
plasma,9719,boneseg_learned,none,0,0,0.27368250025119667,0.026628502038338105,20.120563271604937
plasma,9719,boneseg_ftlayer,none,0,0,0.5798680073744867,0.07046910518702211,4.4825102880658445
plasma,9719,boneseg_ftlearned,none,0,0,0.4287133101780414,0.030817329164805715,1.5027649176954734
plasma,9719,boneseg_ftclicks,points_bg,0,0,0.6282859111942503,0.0971843778383288,3.1053240740740744
plasma,9719,boneseg_ftclicks,boxes,0,0,0.9014069794012992,0.15993485342019545,-0.10808899176954698
plasma,9719,boneseg_ftclicks,points_bg,1,0,0.61283544775127,0.1045929018789144,4.549125514403292
plasma,9719,boneseg_ftclicks,boxes,1,0,0.9048095872849845,0.17828716969118116,0.12506430041152247
plasma,9719,boneseg_ftclicks,points_bg,2,0,0.6229110562421091,0.07658523195168816,0.38200874485596753
plasma,9719,boneseg_ftclicks,boxes,2,0,0.9091213971996672,0.17492804605052767,0.013310185185185647
plasma,9726,boneseg_learned,none,0,0,0.6888478483636217,0.10759554910498306,4.486947016460904
plasma,9726,boneseg_ftlayer,none,0,0,0.8125154137720393,0.1988989106243411,5.06172839506173
plasma,9726,boneseg_ftlearned,none,0,0,0.8529398195443132,0.06061628430049483,0.4356352880658443
plasma,9726,boneseg_ftclicks,points_bg,0,0,0.8798947064856555,0.16668890964900573,0.8218235596707812
plasma,9726,boneseg_ftclicks,boxes,0,0,0.9469138094874008,0.30896830748482806,0.6017875514403276
plasma,9726,boneseg_ftclicks,points_bg,1,0,0.8801574431509415,0.1644,0.86644804526749
plasma,9726,boneseg_ftclicks,boxes,1,0,0.939197098522114,0.30786788399570353,0.7747556584362131
plasma,9726,boneseg_ftclicks,points_bg,2,0,0.8803695990093222,0.16653333333333334,0.8680555555555552
plasma,9726,boneseg_ftclicks,boxes,2,0,0.9499592423247035,0.312516933080466,0.43229166666666485
plasma,9727,boneseg_learned,none,0,0,0.42897765011426187,0.11986749193618691,15.827996399176952
plasma,9727,boneseg_ftlayer,none,0,0,0.613104964986555,0.19737184491282853,9.737011316872428
plasma,9727,boneseg_ftlearned,none,0,0,0.5861743112597223,0.1210215121398918,6.312692901234566
plasma,9727,boneseg_ftclicks,points_bg,0,0,0.6197332860750521,0.25831338121840913,8.552854938271604
plasma,9727,boneseg_ftclicks,boxes,0,0,0.9180364267129228,0.3496982547708367,0.9636059670781891
plasma,9727,boneseg_ftclicks,points_bg,1,0,0.6164220889979632,0.29656607700312176,9.232060185185185
plasma,9727,boneseg_ftclicks,boxes,1,0,0.9217009268766283,0.35819190600522194,0.8406635802469129
plasma,9727,boneseg_ftclicks,points_bg,2,0,0.619951352445918,0.27270309799228826,8.78491512345679
plasma,9727,boneseg_ftclicks,boxes,2,0,0.9185598621877692,0.3098476159265935,1.0922067901234567
plasma,9757,boneseg_learned,none,0,0,0.7149377026169593,0.14295718287314926,5.883551954732511
plasma,9757,boneseg_ftlayer,none,0,0,0.7377958155744515,0.13648108996946207,1.839184670781893
plasma,9757,boneseg_ftlearned,none,0,0,0.7748818734319639,0.06275082086829624,-3.002507716049384
plasma,9757,boneseg_ftclicks,points_bg,0,0,0.7784401451519178,0.21713683717663584,6.013760288065842
plasma,9757,boneseg_ftclicks,boxes,0,0,0.9377489608322255,0.2586655112651646,0.3395704732510274
plasma,9757,boneseg_ftclicks,points_bg,1,0,0.7895599660760289,0.16300097751710654,2.6465406378600815
plasma,9757,boneseg_ftclicks,boxes,1,0,0.9391942557752075,0.2698596440457242,1.0351723251028788
plasma,9757,boneseg_ftclicks,points_bg,2,0,0.7827343139551031,0.20947922761849033,5.390624999999999
plasma,9757,boneseg_ftclicks,boxes,2,0,0.8920949820692752,0.20796197266785502,-1.570859053497943
plasma,9773,boneseg_learned,none,0,0,0.702558500364143,0.0881405768692243,11.92232510288066
plasma,9773,boneseg_ftlayer,none,0,0,0.6622985531113986,0.08931440814140332,9.725308641975305
plasma,9773,boneseg_ftlearned,none,0,0,0.6470193710173208,0.052887666596149775,0.6025591563786015
plasma,9773,boneseg_ftclicks,points_bg,0,0,0.5644496481142368,0.03007518796992481,-4.626028806584362
plasma,9773,boneseg_ftclicks,boxes,0,0,0.5508290423714648,0.029068436713206684,-13.392875514403293
plasma,9773,boneseg_ftclicks,points_bg,1,0,0.6801885253605067,0.13506274869911233,14.58712705761317
plasma,9773,boneseg_ftclicks,boxes,1,0,0.5404667420581886,0.021255615207625724,-13.663966049382717
plasma,9773,boneseg_ftclicks,points_bg,2,0,0.6895098163955103,0.10697237655528602,13.181134259259258
plasma,9773,boneseg_ftclicks,boxes,2,0,0.5445768487945947,0.024089698046181173,-13.407857510288068
plasma,9774,boneseg_learned,none,0,0,0.554431183441733,0.08668566505401286,20.522247942386834
plasma,9774,boneseg_ftlayer,none,0,0,0.7147965776282571,0.14967037494849608,4.896412037037037
plasma,9774,boneseg_ftlearned,none,0,0,0.7529596149002267,0.15550184162062616,1.3736496913580254
plasma,9774,boneseg_ftclicks,points_bg,0,0,0.7186208702550535,0.19462199691426052,4.899819958847737
plasma,9774,boneseg_ftclicks,boxes,0,0,0.8405203543382669,0.24074543610547666,-0.35956790123456706
plasma,9774,boneseg_ftclicks,points_bg,1,0,0.6489137181874612,0.08647565967081773,13.976980452674898
plasma,9774,boneseg_ftclicks,boxes,1,0,0.8285492629945694,0.23348848911812806,-0.31378600823045166
plasma,9774,boneseg_ftclicks,points_bg,2,0,0.6736345524552765,0.10890997023809523,8.879758230452675
plasma,9774,boneseg_ftclicks,boxes,2,0,0.8419114060488677,0.1806262729124236,-1.470100308641975
plasma,9775,boneseg_learned,none,0,0,0.7638658121686842,0.08935561577838001,3.1253858024691383
plasma,9775,boneseg_ftlayer,none,0,0,0.8991714433550833,0.18041182118852023,2.20749742798354
plasma,9775,boneseg_ftlearned,none,0,0,0.8936165930339046,0.14995150339476238,-0.9108153292181065
plasma,9775,boneseg_ftclicks,points_bg,0,0,0.8971851296318252,0.20469176213857065,1.0048868312757198
plasma,9775,boneseg_ftclicks,boxes,0,0,0.8685494215446854,0.19233449477351916,-3.929398148148147
plasma,9775,boneseg_ftclicks,points_bg,1,0,0.9010703186366585,0.22161030950545213,1.4333204732510292
plasma,9775,boneseg_ftclicks,boxes,1,0,0.5351554599824171,0.007401315789473684,-14.478652263374487
plasma,9775,boneseg_ftclicks,points_bg,2,0,0.899471348629217,0.2222958789084079,1.3255529835390938
plasma,9775,boneseg_ftclicks,boxes,2,0,0.8704670557541209,0.17283372365339578,-2.9992283950617287
plasma,9782,boneseg_learned,none,0,0,0.5421156824241263,0.07218037354246208,24.728523662551442
plasma,9782,boneseg_ftlayer,none,0,0,0.6160767203890289,0.12982207526373798,-3.694058641975309
plasma,9782,boneseg_ftlearned,none,0,0,0.6313517531799684,0.1190388848129127,-9.265882201646091
plasma,9782,boneseg_ftclicks,points_bg,0,0,0.6616115598698697,0.08241519280951,4.323431069958847
plasma,9782,boneseg_ftclicks,boxes,0,0,0.7078282938782654,0.10051520355591474,-5.9153163580246915
plasma,9782,boneseg_ftclicks,points_bg,1,0,0.6509335985720341,0.14421312913775225,-1.6359953703703716
plasma,9782,boneseg_ftclicks,boxes,1,0,0.7112216799285945,0.0864247447690286,-5.854166666666669
plasma,9782,boneseg_ftclicks,points_bg,2,0,0.6566687573208696,0.09287990026319434,5.191100823045266
plasma,9782,boneseg_ftclicks,boxes,2,0,0.6578313498325308,0.13205484896661368,-8.132651748971195
plasma,9786,boneseg_learned,none,0,0,0.36970273170548035,0.03097758405977584,6.289609053497941
plasma,9786,boneseg_ftlayer,none,0,0,0.6928216252294344,0.21187975371242304,2.2616383744855963
plasma,9786,boneseg_ftlearned,none,0,0,0.6963767244489495,0.022278117139777218,0.11329732510288043
plasma,9786,boneseg_ftclicks,points_bg,0,0,0.714783439887512,0.14715974075486085,1.9109439300411522
plasma,9786,boneseg_ftclicks,boxes,0,0,0.9294267469239297,0.1949238578680203,-0.353845164609054
plasma,9786,boneseg_ftclicks,points_bg,1,0,0.7022634169343668,0.1923676012461059,1.3549382716049378
plasma,9786,boneseg_ftclicks,boxes,1,0,0.9465383277281688,0.2332099418297197,-0.16415895061728386
plasma,9786,boneseg_ftclicks,points_bg,2,0,0.7233634680318048,0.17476085356880058,1.4829603909465021
plasma,9786,boneseg_ftclicks,boxes,2,0,0.9493356193741963,0.24810400866738894,0.12847222222222218
plasma,9789,boneseg_learned,none,0,0,0.21470477532813864,0.03126852400711322,26.706983024691354
plasma,9789,boneseg_ftlayer,none,0,0,0.4219725996347199,0.1109681569636539,16.06340020576132
plasma,9789,boneseg_ftlearned,none,0,0,0.415699555407126,0.06689872729250516,11.205246913580249
plasma,9789,boneseg_ftclicks,points_bg,0,0,0.4884924945903624,0.09270557029177719,8.282857510288064
plasma,9789,boneseg_ftclicks,boxes,0,0,0.8114919725191961,0.11805405405405406,-1.1879501028806583
plasma,9789,boneseg_ftclicks,points_bg,1,0,0.5447170541677991,0.029188989469794938,2.175282921810699
plasma,9789,boneseg_ftclicks,boxes,1,0,0.7440295267042988,0.06411603952070632,-2.184927983539095
plasma,9789,boneseg_ftclicks,points_bg,2,0,0.5663325901693997,0.034636222910216716,1.9905478395061724
plasma,9789,boneseg_ftclicks,boxes,2,0,0.7975962207963322,0.10637381567614125,-1.434027777777778
plasma,9798,boneseg_learned,none,0,0,0.5115504527441938,0.0922598946373092,16.16042952674897
plasma,9798,boneseg_ftlayer,none,0,0,0.8575462946119984,0.21210335003438452,3.04642489711934
plasma,9798,boneseg_ftlearned,none,0,0,0.8793050950673252,0.16972010178117047,-2.425282921810701
plasma,9798,boneseg_ftclicks,points_bg,0,0,0.9086850669392633,0.3136159358678489,0.8088991769547305
plasma,9798,boneseg_ftclicks,boxes,0,0,0.9055389205938508,0.3245910504258483,-0.5798611111111116
plasma,9798,boneseg_ftclicks,points_bg,1,0,0.8994708700784668,0.17026735079665137,-2.082626028806585
plasma,9798,boneseg_ftclicks,boxes,1,0,0.9071779023830764,0.3624423641190443,-1.0132458847736627
plasma,9798,boneseg_ftclicks,points_bg,2,0,0.9045315632725361,0.32202380952380955,1.1940586419753068
plasma,9798,boneseg_ftclicks,boxes,2,0,0.8943163544366032,0.2696476964769648,-0.12152777777777873
plasma,9801,boneseg_learned,none,0,0,0.5808327739427518,0.06657580205493814,8.711033950617283
plasma,9801,boneseg_ftlayer,none,0,0,0.8458969196631431,0.18299737072743208,2.425604423868312
plasma,9801,boneseg_ftlearned,none,0,0,0.9297476164650585,0.13136612021857924,-0.5990226337448556
plasma,9801,boneseg_ftclicks,points_bg,0,0,0.8976838423310703,0.15144177856042262,-0.4895190329218105
plasma,9801,boneseg_ftclicks,boxes,0,0,0.958114519305365,0.31819285887782367,0.2791923868312757
plasma,9801,boneseg_ftclicks,points_bg,1,0,0.89242394114138,0.1925133689839572,0.17791923868312742
plasma,9801,boneseg_ftclicks,boxes,1,0,0.9590883448042423,0.3075237399561724,0.13631687242798285
plasma,9801,boneseg_ftclicks,points_bg,2,0,0.8885024804015401,0.1906680805938494,0.6414609053497944
plasma,9801,boneseg_ftclicks,boxes,2,0,0.9591724821778682,0.3126520681265207,0.1589506172839497
plasma,9805,boneseg_learned,none,0,0,0.4558008321051945,0.07347464909767974,2.64306841563786
plasma,9805,boneseg_ftlayer,none,0,0,0.5709781406621333,0.1380618797431407,-2.7001028806584366
plasma,9805,boneseg_ftlearned,none,0,0,0.5766116317918648,0.10560675883256529,-4.046489197530864
plasma,9805,boneseg_ftclicks,points_bg,0,0,0.7961777743711596,0.07824158096390402,1.4692001028806578
plasma,9805,boneseg_ftclicks,boxes,0,0,0.9342137572940804,0.1880912632164719,0.7712834362139918
plasma,9805,boneseg_ftclicks,points_bg,1,0,0.8298722208338625,0.14047317279256444,2.0643647119341564
plasma,9805,boneseg_ftclicks,boxes,1,0,0.9328746770890498,0.1762758620689655,0.7809284979423861
plasma,9805,boneseg_ftclicks,points_bg,2,0,0.783960799273583,0.10398289227479283,-1.6633873456790127
plasma,9805,boneseg_ftclicks,boxes,2,0,0.927610620299429,0.1312465678198792,0.07400977366255057
plasma,9820,boneseg_learned,none,0,0,0.7417130016893831,0.04677589852008457,2.5142746913580245
plasma,9820,boneseg_ftlayer,none,0,0,0.8133210259221489,0.1758913412563667,2.7851723251028804
plasma,9820,boneseg_ftlearned,none,0,0,0.8031900265835549,0.12310939148786493,1.563464506172839
plasma,9820,boneseg_ftclicks,points_bg,0,0,0.802953317806743,0.07112676056338028,1.2723122427983526
plasma,9820,boneseg_ftclicks,boxes,0,0,0.9223015959573927,0.21957478005865103,0.9826388888888884
plasma,9820,boneseg_ftclicks,points_bg,1,0,0.5781752888166142,0.02168021680216802,-3.6772762345679015
plasma,9820,boneseg_ftclicks,boxes,1,0,0.928716180830377,0.20265291083271925,0.9524819958847728
plasma,9820,boneseg_ftclicks,points_bg,2,0,0.8181976895202326,0.14753508456279238,1.9334490740740728
plasma,9820,boneseg_ftclicks,boxes,2,0,0.9297292297731634,0.20096225018504812,0.7369470164609051
plasma,9830,boneseg_learned,none,0,0,0.6398462709836482,0.1251125112511251,4.537551440329217
plasma,9830,boneseg_ftlayer,none,0,0,0.760479795571998,0.0771055753262159,3.6621013374485587
plasma,9830,boneseg_ftlearned,none,0,0,0.8235894243571786,0.21734531993654152,1.6770833333333333
plasma,9830,boneseg_ftclicks,points_bg,0,0,0.941120972993483,0.11414982164090369,-0.6568287037037046
plasma,9830,boneseg_ftclicks,boxes,0,0,0.9230797441951085,0.1459197786998617,0.8290252057613162
plasma,9830,boneseg_ftclicks,points_bg,1,0,0.9571040723981901,0.3037825059101655,-0.407793209876544
plasma,9830,boneseg_ftclicks,boxes,1,0,0.9309012975516575,0.20193687230989957,0.6039737654320976
plasma,9830,boneseg_ftclicks,points_bg,2,0,0.8612661998581066,0.34792261338407865,1.3946116255144025
plasma,9830,boneseg_ftclicks,boxes,2,0,0.9634467182394066,0.3680555555555556,-0.07259516460905446
plasma,9832,boneseg_learned,none,0,0,0.7973379830792606,0.12341623650868137,3.516332304526748
plasma,9832,boneseg_ftlayer,none,0,0,0.8905461899887778,0.2030278453636118,1.4351851851851851
plasma,9832,boneseg_ftlearned,none,0,0,0.8669265443634001,0.0675352299920234,-0.22080761316872477
plasma,9832,boneseg_ftclicks,points_bg,0,0,0.8909781792245008,0.2315638450502152,0.9528034979423866
plasma,9832,boneseg_ftclicks,boxes,0,0,0.9372172034749533,0.22724620770128354,0.9999356995884778
plasma,9832,boneseg_ftclicks,points_bg,1,0,0.899329455408626,0.24187517975266035,0.8411136831275728
plasma,9832,boneseg_ftclicks,boxes,1,0,0.9472839482584022,0.24343055154490326,0.7707047325102884
plasma,9832,boneseg_ftclicks,points_bg,2,0,0.9066303455742399,0.08734854888701042,-1.0095807613168724
plasma,9832,boneseg_ftclicks,boxes,2,0,0.9456660708720017,0.2436950146627566,0.796682098765432
plasma,9838,boneseg_learned,none,0,0,0.6639115661054962,0.13981228001564333,0.44206532921810676
plasma,9838,boneseg_ftlayer,none,0,0,0.9214609840272783,0.16288197364732268,-0.43383487654320985
plasma,9838,boneseg_ftlearned,none,0,0,0.2794494623655914,0.0,-5.3860596707818935
plasma,9838,boneseg_ftclicks,points_bg,0,0,0.7981559962196212,0.19481950950675117,2.1749614197530867
plasma,9838,boneseg_ftclicks,boxes,0,0,0.9210785941057927,0.19846390168970815,0.891010802469136
plasma,9838,boneseg_ftclicks,points_bg,1,0,0.7930613389717146,0.16132566420158861,2.0403163580246906
plasma,9838,boneseg_ftclicks,boxes,1,0,0.9041140235668437,0.22310271258762573,1.0430812757201646
plasma,9838,boneseg_ftclicks,points_bg,2,0,0.8063663409197668,0.08711383245198998,1.1013374485596708
plasma,9838,boneseg_ftclicks,boxes,2,0,0.9113181360330126,0.21182860591430297,0.9914480452674901
plasma,9841,boneseg_learned,none,0,0,0.4306709758829816,0.0371662256434929,13.160300925925927
plasma,9841,boneseg_ftlayer,none,0,0,0.6005604016549045,0.15654351909830932,7.261252572016461
plasma,9841,boneseg_ftlearned,none,0,0,0.6444517632541096,0.033244358165493815,3.6151620370370368
plasma,9841,boneseg_ftclicks,points_bg,0,0,0.629396572315777,0.12299465240641712,5.419881687242799
plasma,9841,boneseg_ftclicks,boxes,0,0,0.965924347594484,0.41945031712473574,0.02102623456790159
plasma,9841,boneseg_ftclicks,points_bg,1,0,0.7267007099971184,0.025619604566972987,1.803305041152263
plasma,9841,boneseg_ftclicks,boxes,1,0,0.9523909982226395,0.27715355805243447,0.3832947530864203
plasma,9841,boneseg_ftclicks,points_bg,2,0,0.702738910389997,0.08645962732919255,2.8784722222222223
plasma,9841,boneseg_ftclicks,boxes,2,0,0.9417590190992691,0.22587719298245615,-0.6278935185185186
plasma,9845,boneseg_learned,none,0,0,0.7519493475030029,0.11142061281337047,1.1327160493827162
plasma,9845,boneseg_ftlayer,none,0,0,0.9095181591866174,0.19351166761525326,0.3433641975308644
plasma,9845,boneseg_ftlearned,none,0,0,0.7932085849225803,0.02658045977011494,-0.8818158436213992
plasma,9845,boneseg_ftclicks,points_bg,0,0,0.9644309713275231,0.40042674253200566,-0.09336419753086418
plasma,9845,boneseg_ftclicks,boxes,0,0,0.9430735285347963,0.25576662143826323,0.20724022633744865
plasma,9845,boneseg_ftclicks,points_bg,1,0,0.9638798701298701,0.427246790299572,-0.11406893004115223
plasma,9845,boneseg_ftclicks,boxes,1,0,0.8992927063882759,0.23597678916827852,0.4978780864197532
plasma,9845,boneseg_ftclicks,points_bg,2,0,0.9652559067468035,0.38679914833215046,-0.05947788065843625
plasma,9845,boneseg_ftclicks,boxes,2,0,0.9215516744480949,0.2010547132498352,0.39371141975308654
plasma,9859,boneseg_learned,none,0,0,0.33796770315620583,0.038038543032993644,1.6345807613168728
plasma,9859,boneseg_ftlayer,none,0,0,0.8324571449597321,0.2143064844431521,2.9045781893004134
plasma,9859,boneseg_ftlearned,none,0,0,0.6439276838860091,0.02148876404494382,-2.467528292181069
plasma,9859,boneseg_ftclicks,points_bg,0,0,0.82887783474682,0.2119167264895908,3.5503472222222223
plasma,9859,boneseg_ftclicks,boxes,0,0,0.9144967618406796,0.22115239957875735,0.93724279835391
plasma,9859,boneseg_ftclicks,points_bg,1,0,0.8273288704506883,0.13814369411039162,2.2231224279835398
plasma,9859,boneseg_ftclicks,boxes,1,0,0.8909033739960883,0.1,-0.9248971193415625
plasma,9859,boneseg_ftclicks,points_bg,2,0,0.6258538779411351,0.01839352008099899,-6.756815843621398
plasma,9859,boneseg_ftclicks,boxes,2,0,0.9187922335121363,0.2253100253996713,0.7887088477366272
plasma,9871,boneseg_learned,none,0,0,0.47982673527987024,0.04149443561208267,5.156764403292182
plasma,9871,boneseg_ftlayer,none,0,0,0.6182649368767867,0.1914280222948299,7.486754115226336
plasma,9871,boneseg_ftlearned,none,0,0,0.6300214252182231,0.0992063492063492,5.055748456790124
plasma,9871,boneseg_ftclicks,points_bg,0,0,0.5645173212437786,0.0,-2.7224794238683128
plasma,9871,boneseg_ftclicks,boxes,0,0,0.9073038219220197,0.3179415855354659,0.8515303497942384
plasma,9871,boneseg_ftclicks,points_bg,1,0,0.642435924548187,0.13090990187332738,5.386123971193416
plasma,9871,boneseg_ftclicks,boxes,1,0,0.9232013614856651,0.3191669012102449,0.5915637860082312
plasma,9871,boneseg_ftclicks,points_bg,2,0,0.5545894731941243,0.0010772959870724481,-2.112654320987654
plasma,9871,boneseg_ftclicks,boxes,2,0,0.9213102266235003,0.2789115646258503,0.344393004115226
plasma,9875,boneseg_learned,none,0,0,0.8326659599283008,0.1253476156143784,1.9014274691358024
plasma,9875,boneseg_ftlayer,none,0,0,0.9362731310069821,0.18572913958929035,0.38715277777777724
plasma,9875,boneseg_ftlearned,none,0,0,0.9285104579713654,0.15132408575031525,-1.3532021604938271
plasma,9875,boneseg_ftclicks,points_bg,0,0,0.9387165940272153,0.1425954628716359,-1.099601337448561
plasma,9875,boneseg_ftclicks,boxes,0,0,0.9529431594431633,0.2619686484959751,0.3531378600823032
plasma,9875,boneseg_ftclicks,points_bg,1,0,0.937845561471588,0.138834680791748,-1.1545138888888888
plasma,9875,boneseg_ftclicks,boxes,1,0,0.950656101957825,0.2706703910614525,0.5250771604938281
plasma,9875,boneseg_ftclicks,points_bg,2,0,0.9406842408358503,0.17067833698030635,-0.39081790123456916
plasma,9875,boneseg_ftclicks,boxes,2,0,0.9520634787674336,0.27713042257475784,0.5579989711934158
plasma,9886,boneseg_learned,none,0,0,0.6010425657212118,0.07932760411748041,10.108667695473253
plasma,9886,boneseg_ftlayer,none,0,0,0.8516180392775213,0.21613470721286757,2.274627057613168
plasma,9886,boneseg_ftlearned,none,0,0,0.7970985474159196,0.04240238746580453,-0.014210390946500784
plasma,9886,boneseg_ftclicks,points_bg,0,0,0.778491797628152,0.027943604725009525,-1.3164223251028813
plasma,9886,boneseg_ftclicks,boxes,0,0,0.9335707550381614,0.28229082047116166,-0.0010931069958836082
plasma,9886,boneseg_ftclicks,points_bg,1,0,0.8363272556027349,0.13878516305700772,1.7419624485596696
plasma,9886,boneseg_ftclicks,boxes,1,0,0.9373631314083506,0.26551070170685453,-0.12840792181069982
plasma,9886,boneseg_ftclicks,points_bg,2,0,0.8123152036809491,0.0645367412140575,0.390625
plasma,9886,boneseg_ftclicks,boxes,2,0,0.9405477183865177,0.25494982370490915,0.21347736625514369
plasma,9889,boneseg_learned,none,0,0,0.23788629800439637,0.012204424103737605,10.198302469135802
plasma,9889,boneseg_ftlayer,none,0,0,0.40951002240549744,0.07726487287089608,5.9845036008230466
plasma,9889,boneseg_ftlearned,none,0,0,0.535637526047633,0.019772614928324272,1.1736754115226333
plasma,9889,boneseg_ftclicks,points_bg,0,0,0.5615323358061948,0.12992637505413598,2.95068158436214
plasma,9889,boneseg_ftclicks,boxes,0,0,0.9006669094836789,0.2763076923076923,0.39962705761316875
plasma,9889,boneseg_ftclicks,points_bg,1,0,0.5901059050990275,0.10106951871657754,1.964699074074074
plasma,9889,boneseg_ftclicks,boxes,1,0,0.8751055074910319,0.18311607697082558,0.15547839506172834
plasma,9889,boneseg_ftclicks,points_bg,2,0,0.6723671882572128,0.08347676419965576,1.2507073045267487
plasma,9889,boneseg_ftclicks,boxes,2,0,0.8818363848137049,0.18947997609085476,0.19322273662551426
plasma,9902,boneseg_learned,none,0,0,0.5409641541513176,0.18138424821002386,5.100823045267489
plasma,9902,boneseg_ftlayer,none,0,0,0.5727435725034419,0.1331872412953494,6.644547325102882
plasma,9902,boneseg_ftlearned,none,0,0,0.6149336758591717,0.10254816656308266,3.8940972222222223
plasma,9902,boneseg_ftclicks,points_bg,0,0,0.6354114569307121,0.17209302325581396,3.9490740740740735
plasma,9902,boneseg_ftclicks,boxes,0,0,0.8987810805522065,0.26450742240215924,0.7645961934156377
plasma,9902,boneseg_ftclicks,points_bg,1,0,0.6437420986093553,0.12149987825663501,3.293595679012346
plasma,9902,boneseg_ftclicks,boxes,1,0,0.8384419983065199,0.056561922365988906,-1.0685442386831279
plasma,9902,boneseg_ftclicks,points_bg,2,0,0.6473422435209244,0.09598108747044917,2.9761445473251027
plasma,9902,boneseg_ftclicks,boxes,2,0,0.8964239670559373,0.22863978127136023,0.852494855967078
plasma,9910,boneseg_learned,none,0,0,0.47309657412104317,0.025922340539959128,3.138117283950617
plasma,9910,boneseg_ftlayer,none,0,0,0.6847570569958636,0.2296823914058851,9.15502829218107
plasma,9910,boneseg_ftlearned,none,0,0,0.5990836582267675,0.10614886731391586,3.401427469135801
plasma,9910,boneseg_ftclicks,points_bg,0,0,0.6804327110767823,0.24821219607333248,9.182098765432098
plasma,9910,boneseg_ftclicks,boxes,0,0,0.8934428608748658,0.2884993446920052,0.6990740740740742
plasma,9910,boneseg_ftclicks,points_bg,1,0,0.6757363363499277,0.23554743573013182,9.802662037037038
plasma,9910,boneseg_ftclicks,boxes,1,0,0.9082642610654328,0.29111683295783713,1.7267232510288069
plasma,9910,boneseg_ftclicks,points_bg,2,0,0.6783036575483156,0.250550874918989,9.412487139917694
plasma,9910,boneseg_ftclicks,boxes,2,0,0.8969947262180236,0.2813810906744111,0.749421296296296
plasma,9912,boneseg_learned,none,0,0,0.7281212876552948,0.1106661457315882,7.652327674897122
plasma,9912,boneseg_ftlayer,none,0,0,0.7858413763836058,0.15341062280938259,6.52880658436214
plasma,9912,boneseg_ftlearned,none,0,0,0.8344985160720305,0.11528335873631702,2.6816486625514417
plasma,9912,boneseg_ftclicks,points_bg,0,0,0.8488662283056199,0.14973177658567371,2.8445859053497946
plasma,9912,boneseg_ftclicks,boxes,0,0,0.9302001684265078,0.19884432358939497,1.2910236625514409
plasma,9912,boneseg_ftclicks,points_bg,1,0,0.8420001979030877,0.14958061509785647,3.3896604938271624
plasma,9912,boneseg_ftclicks,boxes,1,0,0.924588296927317,0.23422982885085575,1.727880658436215
plasma,9912,boneseg_ftclicks,points_bg,2,0,0.8463353971993309,0.14833597464342313,2.8671553497942397
plasma,9912,boneseg_ftclicks,boxes,2,0,0.9217348501422008,0.21069078947368422,1.714120370370373
plasma,102,boneseg_learned,none,0,1,0.7875928023153391,0.19748723989006675,-1.3759002057613157
plasma,102,boneseg_ftlayer,none,0,1,0.8496489084332707,0.346916026752539,-2.6060313786008233
plasma,102,boneseg_ftlearned,none,0,1,0.9163142921280368,0.336905322656618,-0.8985339506172835
plasma,102,boneseg_ftclicks,points_bg,0,1,0.9228039283315482,0.4150717703349282,-0.6327160493827144
plasma,102,boneseg_ftclicks,boxes,0,1,0.8005717423922957,0.22691292875989447,-2.7430555555555554
plasma,102,boneseg_ftclicks,points_bg,1,1,0.9213436242280695,0.40906915530031107,-0.62744341563786
plasma,102,boneseg_ftclicks,boxes,1,1,0.79350965911158,0.17779444861215304,-2.45826903292181
plasma,102,boneseg_ftclicks,points_bg,2,1,0.9213710846111218,0.4679286231010369,-1.238233024691357
plasma,102,boneseg_ftclicks,boxes,2,1,0.7966769613593893,0.22058638479929532,-2.715727880658436
plasma,104,boneseg_learned,none,0,1,0.8286165233482095,0.20980392156862746,-0.2665895061728388
plasma,104,boneseg_ftlayer,none,0,1,0.8427856186047459,0.3621525121142566,-1.8195087448559668
plasma,104,boneseg_ftlearned,none,0,1,0.8540498239206991,0.44680325845470253,-1.6262860082304522
plasma,104,boneseg_ftclicks,points_bg,0,1,0.8214445119229672,0.11973807296538821,3.1316872427983546
plasma,104,boneseg_ftclicks,boxes,0,1,0.8567080844831926,0.06010230179028133,2.4158950617283956
plasma,104,boneseg_ftclicks,points_bg,1,1,0.8230997157888371,0.12806488117691436,1.5059799382716053
plasma,104,boneseg_ftclicks,boxes,1,1,0.8618190607363869,0.009808102345415778,2.3159079218107004
plasma,104,boneseg_ftclicks,points_bg,2,1,0.8470372522240416,0.14615535120328702,2.5992798353909468
plasma,104,boneseg_ftclicks,boxes,2,1,0.8547001392577486,0.0038257173219978747,2.455504115226338
plasma,110,boneseg_learned,none,0,1,0.8234463339962904,0.09080348499515972,0.6577289094650205
plasma,110,boneseg_ftlayer,none,0,1,0.8262174113561759,0.2817418677859391,-1.8782793209876545
plasma,110,boneseg_ftlearned,none,0,1,0.7965091623328795,0.2392811296534018,-2.205761316872428
plasma,110,boneseg_ftclicks,points_bg,0,1,0.9536400736323615,0.3314189997607083,0.27797067901234596
plasma,110,boneseg_ftclicks,boxes,0,1,0.8775563324571924,0.4403093281778637,-1.130465534979424
plasma,110,boneseg_ftclicks,points_bg,1,1,0.9467704265257677,0.44558472553699285,-0.2939814814814812
plasma,110,boneseg_ftclicks,boxes,1,1,0.8501124740036501,0.4654903995848469,-1.609310699588478
plasma,110,boneseg_ftclicks,points_bg,2,1,0.943834140069581,0.41678657074340525,-0.12628600823045288
plasma,110,boneseg_ftclicks,boxes,2,1,0.8829956497220656,0.4369304556354916,-0.9585905349794241
plasma,113,boneseg_learned,none,0,1,0.8425569742154305,0.21445263347114865,0.09947273662551451
plasma,113,boneseg_ftlayer,none,0,1,0.8818577648766328,0.2989202001580195,-0.9768518518518516
plasma,113,boneseg_ftlearned,none,0,1,0.8322803986152858,0.2269170579029734,-1.3351980452674896
plasma,113,boneseg_ftclicks,points_bg,0,1,0.9378147154999639,0.4800108049702863,-0.4706147119341565
plasma,113,boneseg_ftclicks,boxes,0,1,0.9508612523046521,0.3542600896860987,0.5722736625514411
plasma,113,boneseg_ftclicks,points_bg,1,1,0.9272214882312582,0.4652137468566639,-0.7127700617283954
plasma,113,boneseg_ftclicks,boxes,1,1,0.9477934462818302,0.29441340782122905,0.6235853909465017
plasma,113,boneseg_ftclicks,points_bg,2,1,0.9410236796777407,0.4648077964266378,-0.36811985596707786
plasma,113,boneseg_ftclicks,boxes,2,1,0.9537991092202354,0.3365249225570262,0.5219264403292179
plasma,115,boneseg_learned,none,0,1,0.7910216642649537,0.14796266788071932,-0.02964248971193545
plasma,115,boneseg_ftlayer,none,0,1,0.7893399060309636,0.23825665859564166,-1.5055298353909472
plasma,115,boneseg_ftlearned,none,0,1,0.8522592410339538,0.2033655567490154,0.13541666666666563
plasma,115,boneseg_ftclicks,points_bg,0,1,0.9059151317898266,0.32789485610695673,-0.15374228395061834
plasma,115,boneseg_ftclicks,boxes,0,1,0.9503162287279129,0.3206547905633125,0.6135545267489704
plasma,115,boneseg_ftclicks,points_bg,1,1,0.8699352227420931,0.3708807669263032,1.6768261316872424
plasma,115,boneseg_ftclicks,boxes,1,1,0.9602792477447434,0.47503045066991473,0.01498199588477328
plasma,115,boneseg_ftclicks,points_bg,2,1,0.8308461592147235,0.34064937420642116,2.469585905349794
plasma,115,boneseg_ftclicks,boxes,2,1,0.954279059460326,0.36741600193376844,0.4446373456790123
plasma,1693,boneseg_learned,none,0,1,0.623512227408109,0.006008855154965212,4.241769547325103
plasma,1693,boneseg_ftlayer,none,0,1,0.23432629583212827,0.0,-3.0257201646090537
plasma,1693,boneseg_ftlearned,none,0,1,0.6078900516389942,0.04803395889186774,0.954025205761317
plasma,1693,boneseg_ftclicks,points_bg,0,1,0.9445404768572615,0.10751374465485644,-0.3691486625514405
plasma,1693,boneseg_ftclicks,boxes,0,1,0.9499720611860026,0.4,0.3370627572016463
plasma,1693,boneseg_ftclicks,points_bg,1,1,0.8555861149310331,0.018665158371040724,-0.8555812757201644
plasma,1693,boneseg_ftclicks,boxes,1,1,0.9435227459779775,0.34257832562917306,0.3943544238683129
plasma,1693,boneseg_ftclicks,points_bg,2,1,0.91501295503956,0.0,-0.5504758230452677
plasma,1693,boneseg_ftclicks,boxes,2,1,0.9349622153253608,0.41185567010309276,0.45158179012345645
plasma,1694,boneseg_learned,none,0,1,0.7925982644206228,0.11063240498538236,2.2650462962962967
plasma,1694,boneseg_ftlayer,none,0,1,0.9402189748578935,0.34870775347912525,-1.5025077160493812
plasma,1694,boneseg_ftlearned,none,0,1,0.9672914038565508,0.3628783199505868,-0.6009516460905334
plasma,1694,boneseg_ftclicks,points_bg,0,1,0.9657351122639004,0.38189300411522636,-1.096772119341563
plasma,1694,boneseg_ftclicks,boxes,0,1,0.8893486040035473,0.47961783439490446,-3.295267489711934
plasma,1694,boneseg_ftclicks,points_bg,1,1,0.9181739967985302,0.11660099019905022,-3.044753086419752
plasma,1694,boneseg_ftclicks,boxes,1,1,0.8720358419115686,0.33984787661102894,-4.395833333333332
plasma,1694,boneseg_ftclicks,points_bg,2,1,0.961023751843183,0.3172859782385547,-1.360275205761316
plasma,1694,boneseg_ftclicks,boxes,2,1,0.8821619109811715,0.4028130287648054,-4.032085905349795
plasma,1704,boneseg_learned,none,0,1,0.7062378777451042,0.09447374455400137,2.871013374485597
plasma,1704,boneseg_ftlayer,none,0,1,0.9689348070965925,0.4670499778858912,-0.09953703703703687
plasma,1704,boneseg_ftlearned,none,0,1,0.9557641473809139,0.38262806236080177,-0.2545010288065842
plasma,1704,boneseg_ftclicks,points_bg,0,1,0.9509501867655479,0.20235934664246824,-0.33108281893004105
plasma,1704,boneseg_ftclicks,boxes,0,1,0.9589993980335764,0.34284479031560744,0.2847222222222223
plasma,1704,boneseg_ftclicks,points_bg,1,1,0.943698749370104,0.12995896032831739,-0.38805298353909445
plasma,1704,boneseg_ftclicks,boxes,1,1,0.9563058258898813,0.2985658409387223,0.31095679012345734
plasma,1704,boneseg_ftclicks,points_bg,2,1,0.9500618766834098,0.1751361161524501,-0.33976337448559657
plasma,1704,boneseg_ftclicks,boxes,2,1,0.9644568320183231,0.41641204714098645,0.23000257201646127
plasma,1705,boneseg_learned,none,0,1,0.6346795383129411,0.09795501022494887,8.079539609053498
plasma,1705,boneseg_ftlayer,none,0,1,0.7921780763092621,0.23063352044907778,2.9135802469135803
plasma,1705,boneseg_ftlearned,none,0,1,0.7999885604247896,0.2660626029654036,3.084040637860082
plasma,1705,boneseg_ftclicks,points_bg,0,1,0.779106159781525,0.0,-2.31764403292181
plasma,1705,boneseg_ftclicks,boxes,0,1,0.9561546892599658,0.35784313725490197,-0.19656635802469125
plasma,1705,boneseg_ftclicks,points_bg,1,1,0.7670039230309695,0.0,-0.2525077160493827
plasma,1705,boneseg_ftclicks,boxes,1,1,0.9553301600239921,0.29786315562270665,-0.42746913580246904
plasma,1705,boneseg_ftclicks,points_bg,2,1,0.7886471884552498,0.020512820512820513,0.9391718106995878
plasma,1705,boneseg_ftclicks,boxes,2,1,0.9362581137232158,0.1026044005388415,-0.9645061728395063
plasma,1709,boneseg_learned,none,0,1,0.6927858738054632,0.07731015553522415,7.050090020576132
plasma,1709,boneseg_ftlayer,none,0,1,0.7878242698864113,0.19383135257498585,1.0734310699588467
plasma,1709,boneseg_ftlearned,none,0,1,0.7368846643433985,0.21699770301310634,2.70730452674897
plasma,1709,boneseg_ftclicks,points_bg,0,1,0.7115066636158373,0.04231093618217599,7.844521604938272
plasma,1709,boneseg_ftclicks,boxes,0,1,0.8442085303877148,0.02915817526258034,1.3876028806584353
plasma,1709,boneseg_ftclicks,points_bg,1,1,0.7185963895385827,0.0015565303523418707,6.45556841563786
plasma,1709,boneseg_ftclicks,boxes,1,1,0.8550236842240904,0.06379916853213943,3.0065586419753085
plasma,1709,boneseg_ftclicks,points_bg,2,1,0.7192887812879655,0.03537835181805419,7.3779578189300405
plasma,1709,boneseg_ftclicks,boxes,2,1,0.8508175755218067,0.057622504537205084,3.3457433127572003
plasma,1715,boneseg_learned,none,0,1,0.7474633471295123,0.1751436177665686,7.834940843621402
plasma,1715,boneseg_ftlayer,none,0,1,0.8755322174456036,0.3312804485706407,-1.5282921810699568
plasma,1715,boneseg_ftlearned,none,0,1,0.8941018901139441,0.34063597707524496,-0.6590149176954718
plasma,1715,boneseg_ftclicks,points_bg,0,1,0.8851173240402475,0.15404303725471608,3.9333204732510314
plasma,1715,boneseg_ftclicks,boxes,0,1,0.6740443245778611,0.15602081854743316,-6.408050411522632
plasma,1715,boneseg_ftclicks,points_bg,1,1,0.886757733855779,0.17049576783555018,2.9137088477366264
plasma,1715,boneseg_ftclicks,boxes,1,1,0.6738066723695466,0.1549213060840968,-6.420524691358024
plasma,1715,boneseg_ftclicks,points_bg,2,1,0.8806797706940284,0.145473328324568,4.20698302469136
plasma,1715,boneseg_ftclicks,boxes,2,1,0.6755955521869693,0.08266666666666667,-5.920653292181069
plasma,1716,boneseg_learned,none,0,1,0.8878325192453028,0.13095238095238096,2.000450102880659
plasma,1716,boneseg_ftlayer,none,0,1,0.7240726110532553,0.31319000581057527,-3.328960905349794
plasma,1716,boneseg_ftlearned,none,0,1,0.7216533600658767,0.1879075281564908,-3.285751028806584
plasma,1716,boneseg_ftclicks,points_bg,0,1,0.938444439694787,0.1012472487160675,0.3969907407407408
plasma,1716,boneseg_ftclicks,boxes,0,1,0.9076481032664222,0.04082114204813592,1.7935313786008225
plasma,1716,boneseg_ftclicks,points_bg,1,1,0.9368605369772711,0.18930041152263374,1.0745884773662548
plasma,1716,boneseg_ftclicks,boxes,1,1,0.9052648935643972,0.024964672633066416,1.8445859053497937
plasma,1716,boneseg_ftclicks,points_bg,2,1,0.926356300770391,0.08766859344894026,1.3596965020576126
plasma,1716,boneseg_ftclicks,boxes,2,1,0.9094022983175044,0.023277686339054787,1.7570087448559675
plasma,1719,boneseg_learned,none,0,1,0.6246387574149794,0.10309973045822103,11.759837962962962
plasma,1719,boneseg_ftlayer,none,0,1,0.5509686000933931,0.17000820729276586,-1.4532536008230457
plasma,1719,boneseg_ftlearned,none,0,1,0.5147707921119059,0.11066608619939051,-1.7827289094650214
plasma,1719,boneseg_ftclicks,points_bg,0,1,0.5305270230599081,0.04960273260562857,16.785429526748967
plasma,1719,boneseg_ftclicks,boxes,0,1,0.6909201774160924,0.09281200631911532,-2.239390432098766
plasma,1719,boneseg_ftclicks,points_bg,1,1,0.49238681634943215,0.0554700666813219,19.259709362139915
plasma,1719,boneseg_ftclicks,boxes,1,1,0.6987783446020162,0.1048487360132615,-3.09889403292181
plasma,1719,boneseg_ftclicks,points_bg,2,1,0.5825993319101984,0.06370283217077065,9.743312757201645
plasma,1719,boneseg_ftclicks,boxes,2,1,0.6924353512335282,0.08395130824122009,-3.40599279835391
plasma,1738,boneseg_learned,none,0,1,0.7278281975246624,0.09754156349487089,5.028999485596708
plasma,1738,boneseg_ftlayer,none,0,1,0.8420501458639814,0.30530104712041883,-2.007265946502057
plasma,1738,boneseg_ftlearned,none,0,1,0.8739985664355625,0.3331921502188338,0.21476337448559646
plasma,1738,boneseg_ftclicks,points_bg,0,1,0.49975420886081223,0.00495884161459883,18.527842078189302
plasma,1738,boneseg_ftclicks,boxes,0,1,0.9104185682618333,0.3260014306151645,-0.3342335390946499
plasma,1738,boneseg_ftclicks,points_bg,1,1,0.5275031968122078,0.009636535037184455,16.296875000000004
plasma,1738,boneseg_ftclicks,boxes,1,1,0.8999344043010199,0.20560253699788583,-0.06185699588477367
plasma,1738,boneseg_ftclicks,points_bg,2,1,0.4852751722653557,0.020370727939756708,21.16795267489712
plasma,1738,boneseg_ftclicks,boxes,2,1,0.8834341906202723,0.08791981712678038,0.3422067901234574
plasma,1739,boneseg_learned,none,0,1,0.6333850996852046,0.06877356796552343,5.543467078189301
plasma,1739,boneseg_ftlayer,none,0,1,0.7420251869845937,0.17902350813743217,2.294110082304527
plasma,1739,boneseg_ftlearned,none,0,1,0.7780991281699938,0.3157046979865772,2.518582818930041
plasma,1739,boneseg_ftclicks,points_bg,0,1,0.7752056818933762,0.36018318965517243,1.8846450617283954
plasma,1739,boneseg_ftclicks,boxes,0,1,0.9283420486004307,0.2698751142247944,0.6759259259259256
plasma,1739,boneseg_ftclicks,points_bg,1,1,0.7717291033862077,0.3017543859649123,1.6552211934156382
plasma,1739,boneseg_ftclicks,boxes,1,1,0.9370131647711719,0.28324056895485467,0.5590277777777777
plasma,1739,boneseg_ftclicks,points_bg,2,1,0.7778864407754703,0.302060737527115,2.5189686213991767
plasma,1739,boneseg_ftclicks,boxes,2,1,0.9471415797700913,0.41659125188536955,0.21958590534979366
plasma,1742,boneseg_learned,none,0,1,0.6743405935689815,0.08905169745124342,6.140239197530863
plasma,1742,boneseg_ftlayer,none,0,1,0.6751473425672797,0.18421566712248486,-3.795974794238684
plasma,1742,boneseg_ftlearned,none,0,1,0.6916272215983663,0.2932092236090544,-3.6554140946502063
plasma,1742,boneseg_ftclicks,points_bg,0,1,0.6138058312325153,0.05491448588501958,6.9535751028806585
plasma,1742,boneseg_ftclicks,boxes,0,1,0.8152736451708431,0.09893404397068621,1.0127314814814812
plasma,1742,boneseg_ftclicks,points_bg,1,1,0.7207850849906681,0.09180116204002582,1.9979423868312751
plasma,1742,boneseg_ftclicks,boxes,1,1,0.8130446793132547,0.1151922745300914,-0.23411779835390972
plasma,1742,boneseg_ftclicks,points_bg,2,1,0.7405489903625516,0.03764098382932464,0.7079475308641975
plasma,1742,boneseg_ftclicks,boxes,2,1,0.8098118795973539,0.09242174629324547,1.1833847736625505
plasma,1745,boneseg_learned,none,0,1,0.64861466649683,0.0736766809728183,8.33641975308642
plasma,1745,boneseg_ftlayer,none,0,1,0.5450561048365228,0.19767441860465115,-5.414866255144033
plasma,1745,boneseg_ftlearned,none,0,1,0.5562959456860976,0.16804979253112035,-5.5726594650205765
plasma,1745,boneseg_ftclicks,points_bg,0,1,0.6720961300128072,0.03859527121001391,5.003665123456791
plasma,1745,boneseg_ftclicks,boxes,0,1,0.6812797812868739,0.08436519729238898,-3.0167181069958846
plasma,1745,boneseg_ftclicks,points_bg,1,1,0.6525367029239268,0.0602733828436121,5.7744984567901225
plasma,1745,boneseg_ftclicks,boxes,1,1,0.746747455455027,0.03668903803131991,0.4702289094650203
plasma,1745,boneseg_ftclicks,points_bg,2,1,0.7129291746533319,0.03253226991289747,9.10841049382716
plasma,1745,boneseg_ftclicks,boxes,2,1,0.7352990522122157,0.088130032806442,-0.3493441358024693
plasma,1747,boneseg_learned,none,0,1,0.8178145124384022,0.1420879449596171,6.724151234567902
plasma,1747,boneseg_ftlayer,none,0,1,0.9390684164726357,0.3327271073929253,-0.3948045267489708
plasma,1747,boneseg_ftlearned,none,0,1,0.9538052223914862,0.3249191519942508,0.8141075102880674
plasma,1747,boneseg_ftclicks,points_bg,0,1,0.9114187660375928,0.19339328643931974,-3.4436728395061706
plasma,1747,boneseg_ftclicks,boxes,0,1,0.8362244186762708,0.3121464864346659,-4.468235596707817
plasma,1747,boneseg_ftclicks,points_bg,1,1,0.9347885209604484,0.25578890683898764,-2.2905735596707806
plasma,1747,boneseg_ftclicks,boxes,1,1,0.8405070429839175,0.31161553803780034,-4.460905349794237
plasma,1747,boneseg_ftclicks,points_bg,2,1,0.9522821731127226,0.3571956401256235,-0.9279192386831253
plasma,1747,boneseg_ftclicks,boxes,2,1,0.8318214833088557,0.25154440154440155,-3.9468878600823043
plasma,1762,boneseg_learned,none,0,1,0.6236094241576685,0.1949698189134809,12.412937242798353
plasma,1762,boneseg_ftlayer,none,0,1,0.6779608592959172,0.2290007513148009,0.6584362139917699
plasma,1762,boneseg_ftlearned,none,0,1,0.6661330045974987,0.19315373208106773,1.88843878600823
plasma,1762,boneseg_ftclicks,points_bg,0,1,0.7256014794435689,0.08929298412267607,6.023919753086419
plasma,1762,boneseg_ftclicks,boxes,0,1,0.8798663159113846,0.0710768220617203,1.1089248971193413
plasma,1762,boneseg_ftclicks,points_bg,1,1,0.7088810785039519,0.10307221705013965,4.62917952674897
plasma,1762,boneseg_ftclicks,boxes,1,1,0.8884638576406036,0.05262295081967213,1.357317386831275
plasma,1762,boneseg_ftclicks,points_bg,2,1,0.7029375942288586,0.029370450772570552,9.30832047325103
plasma,1762,boneseg_ftclicks,boxes,2,1,0.8062455214534935,0.3985537190082645,-3.006301440329219
plasma,1766,boneseg_learned,none,0,1,0.5316134115081381,0.0676519567027477,10.135545267489713
plasma,1766,boneseg_ftlayer,none,0,1,0.9384347645393387,0.27835051546391754,-0.013052983539094815
plasma,1766,boneseg_ftlearned,none,0,1,0.9323353514666216,0.242653810835629,-0.2089120370370373
plasma,1766,boneseg_ftclicks,points_bg,0,1,0.9588445939670385,0.3629380700912146,0.07098765432098711
plasma,1766,boneseg_ftclicks,boxes,0,1,0.9109012047280967,0.1624940954180444,1.2036394032921802
plasma,1766,boneseg_ftclicks,points_bg,1,1,0.9598997625126476,0.3897978825794033,-0.12545010288065872
plasma,1766,boneseg_ftclicks,boxes,1,1,0.9104369654937667,0.13944693925785867,1.2107124485596705
plasma,1766,boneseg_ftclicks,points_bg,2,1,0.9575544674267683,0.359404990403071,0.20273919753086359
plasma,1766,boneseg_ftclicks,boxes,2,1,0.9068288480820196,0.07915194346289753,1.2692258230452675
plasma,1770,boneseg_learned,none,0,1,0.5683392710616243,0.12671985200601227,12.817451131687244
plasma,1770,boneseg_ftlayer,none,0,1,0.39973753577772,0.18652685096917698,-6.768389917695473
plasma,1770,boneseg_ftlearned,none,0,1,0.39519464753607586,0.16345412490362374,-6.430105452674898
plasma,1770,boneseg_ftclicks,points_bg,0,1,0.5955087284597949,0.029237162362718908,5.323623971193414
plasma,1770,boneseg_ftclicks,boxes,0,1,0.6647554904587241,0.10719530102790015,-2.726658950617285
plasma,1770,boneseg_ftclicks,points_bg,1,1,0.6001917752135923,0.06836986500217739,5.736882716049382
plasma,1770,boneseg_ftclicks,boxes,1,1,0.6562675070028011,0.07468982630272952,-3.444444444444445
plasma,1770,boneseg_ftclicks,points_bg,2,1,0.6346073552478644,0.07076923076923076,4.656635802469136
plasma,1770,boneseg_ftclicks,boxes,2,1,0.6634532591999653,0.06278026905829596,-3.2750128600823047
plasma,1774,boneseg_learned,none,0,1,0.6267644468272507,0.10884860524790994,10.91409465020576
plasma,1774,boneseg_ftlayer,none,0,1,0.6681081680457954,0.2797219851237654,5.167052469135802
plasma,1774,boneseg_ftlearned,none,0,1,0.689683567772165,0.23511121741210236,4.037680041152264
plasma,1774,boneseg_ftclicks,points_bg,0,1,0.6046704451452053,0.03465884398087788,10.834426440329217
plasma,1774,boneseg_ftclicks,boxes,0,1,0.8548785990484404,0.11692355597073019,-0.15187757201646085
plasma,1774,boneseg_ftclicks,points_bg,1,1,0.6157264377673843,0.04036882941639492,9.571823559670781
plasma,1774,boneseg_ftclicks,boxes,1,1,0.8501641675613965,0.08599318252246668,0.030156893004114338
plasma,1774,boneseg_ftclicks,points_bg,2,1,0.6031577774961305,0.03928182807399347,10.816743827160494
plasma,1774,boneseg_ftclicks,boxes,2,1,0.8512572506009183,0.17092399873856828,-0.33043981481481605
plasma,1776,boneseg_learned,none,0,1,0.44505612448771337,0.07386325587624724,7.092978395061728
plasma,1776,boneseg_ftlayer,none,0,1,0.6873919987194459,0.20222245518398155,3.5014146090534966
plasma,1776,boneseg_ftlearned,none,0,1,0.7123603118053653,0.18816640447474217,1.9385288065843609
plasma,1776,boneseg_ftclicks,points_bg,0,1,0.5760979831146408,0.054387607455953696,14.73926183127572
plasma,1776,boneseg_ftclicks,boxes,0,1,0.7648222025708584,0.0876202425763279,3.562435699588476
plasma,1776,boneseg_ftclicks,points_bg,1,1,0.5663014904980566,0.04483658953812911,12.107060185185187
plasma,1776,boneseg_ftclicks,boxes,1,1,0.7560341872781752,0.07050819503144005,3.0446244855967057
plasma,1776,boneseg_ftclicks,points_bg,2,1,0.580221864089586,0.055065894401074456,14.673225308641975
plasma,1776,boneseg_ftclicks,boxes,2,1,0.7646577182808606,0.0675330703179392,0.5063014403292182
plasma,1808,boneseg_learned,none,0,1,0.6587968183968924,0.10479154876438408,10.755336934156377
plasma,1808,boneseg_ftlayer,none,0,1,0.841089350825095,0.3891663465232424,3.743312757201646
plasma,1808,boneseg_ftlearned,none,0,1,0.8373372619529507,0.3420785804816223,3.6962448559670777
plasma,1808,boneseg_ftclicks,points_bg,0,1,0.8033762354280278,0.02572922399559714,0.43923611111111177
plasma,1808,boneseg_ftclicks,boxes,0,1,0.9449096887000025,0.3025633201098566,-0.5683513374485596
plasma,1808,boneseg_ftclicks,points_bg,1,1,0.8243945319964837,0.10741239892183288,1.6096322016460898
plasma,1808,boneseg_ftclicks,boxes,1,1,0.9513015627351089,0.44699777613046704,0.3045267489711928
plasma,1808,boneseg_ftclicks,points_bg,2,1,0.8239421012006206,0.10771509357748754,1.614904835390947
plasma,1808,boneseg_ftclicks,boxes,2,1,0.9563537527401321,0.4586206896551724,0.3387988683127577
plasma,1812,boneseg_learned,none,0,1,0.4715368135026389,0.07849015990159902,20.966435185185187
plasma,1812,boneseg_ftlayer,none,0,1,0.8420440698513971,0.288185597425238,2.8265817901234587
plasma,1812,boneseg_ftlearned,none,0,1,0.8200384951144861,0.2570281124497992,2.3132073045267516
plasma,1812,boneseg_ftclicks,points_bg,0,1,0.8292292583566726,0.23545235735523148,3.56635802469136
plasma,1812,boneseg_ftclicks,boxes,0,1,0.9162536972504599,0.30902111324376197,-0.1888503086419746
plasma,1812,boneseg_ftclicks,points_bg,1,1,0.8262745674033083,0.21103758975080952,4.141460905349795
plasma,1812,boneseg_ftclicks,boxes,1,1,0.704120997237748,0.007298112010153895,-6.4192386831275705
plasma,1812,boneseg_ftclicks,points_bg,2,1,0.8296583355816635,0.257341466874734,3.2048611111111125
plasma,1812,boneseg_ftclicks,boxes,2,1,0.9087368340565443,0.2876268942180374,-1.3442644032921809
plasma,1815,boneseg_learned,none,0,1,0.553499025647473,0.06337308347529813,13.555169753086421
plasma,1815,boneseg_ftlayer,none,0,1,0.8126651910100293,0.19595765158806544,2.3773148148148153
plasma,1815,boneseg_ftlearned,none,0,1,0.8201592559676102,0.1621473568885237,2.3105066872427984
plasma,1815,boneseg_ftclicks,points_bg,0,1,0.702662969341573,0.003125488357555868,8.115033436213993
plasma,1815,boneseg_ftclicks,boxes,0,1,0.937886140698453,0.4490927419354839,-0.5478395061728397
plasma,1815,boneseg_ftclicks,points_bg,1,1,0.731986667000827,0.024415949411558054,6.479166666666668
plasma,1815,boneseg_ftclicks,boxes,1,1,0.9151993416118563,0.0765788165091994,0.19907407407407512
plasma,1815,boneseg_ftclicks,points_bg,2,1,0.7043472921527693,0.00754293050874659,8.04976851851852
plasma,1815,boneseg_ftclicks,boxes,2,1,0.9072189279287253,0.045060658578856154,0.43897890946502094
plasma,1816,boneseg_learned,none,0,1,0.6284545148364136,0.09109999382372923,13.28472222222222
plasma,1816,boneseg_ftlayer,none,0,1,0.6528314117701532,0.17641179410294852,-0.4905478395061724
plasma,1816,boneseg_ftlearned,none,0,1,0.7072698019933413,0.1656521386251116,1.1205632716049378
plasma,1816,boneseg_ftclicks,points_bg,0,1,0.7053482419506938,0.11417706708268331,2.976208847736625
plasma,1816,boneseg_ftclicks,boxes,0,1,0.7497856502966292,0.08218574418860856,-1.7602880658436209
plasma,1816,boneseg_ftclicks,points_bg,1,1,0.6553184275600794,0.15111292628139678,-0.31224279835390945
plasma,1816,boneseg_ftclicks,boxes,1,1,0.6823943387314148,0.13815789473684212,-5.5318930041152266
plasma,1816,boneseg_ftclicks,points_bg,2,1,0.6983200165653862,0.1278640776699029,2.366062242798353
plasma,1816,boneseg_ftclicks,boxes,2,1,0.6251500959178694,0.09355828220858896,-8.326131687242798
plasma,1837,boneseg_learned,none,0,1,0.566390395836374,0.08564139941690962,15.591820987654323
plasma,1837,boneseg_ftlayer,none,0,1,0.8727068281845584,0.33639705882352944,0.14036779835391033
plasma,1837,boneseg_ftlearned,none,0,1,0.9123323644286714,0.29512364224636006,1.2111625514403284
plasma,1837,boneseg_ftclicks,points_bg,0,1,0.8580412661004544,0.11900282220131703,4.136638374485596
plasma,1837,boneseg_ftclicks,boxes,0,1,0.9374073312097844,0.2401981015270326,1.3700488683127565
plasma,1837,boneseg_ftclicks,points_bg,1,1,0.8684848031412775,0.31045524154253096,-0.8974408436213999
plasma,1837,boneseg_ftclicks,boxes,1,1,0.9453689695747184,0.3032730285872117,0.5729809670781905
plasma,1837,boneseg_ftclicks,points_bg,2,1,0.8689100340737057,0.20018885741265344,3.6553497942386826
plasma,1837,boneseg_ftclicks,boxes,2,1,0.9468826625454178,0.3033083124826244,0.8481867283950617
plasma,1838,boneseg_learned,none,0,1,0.5856731817251705,0.10876511496773385,12.105259773662553
plasma,1838,boneseg_ftlayer,none,0,1,0.724732066871493,0.2227607599844901,1.5747170781893
plasma,1838,boneseg_ftlearned,none,0,1,0.7281457974431046,0.17427267541357672,1.3711419753086402
plasma,1838,boneseg_ftclicks,points_bg,0,1,0.7236527872662194,0.10983591858692729,9.961291152263374
plasma,1838,boneseg_ftclicks,boxes,0,1,0.7114613576662518,0.24647171728576267,-3.3917181069958864
plasma,1838,boneseg_ftclicks,points_bg,1,1,0.7296981406819909,0.2466552660698119,2.3871527777777763
plasma,1838,boneseg_ftclicks,boxes,1,1,0.7740344117840949,0.07959014696750155,1.026620370370368
plasma,1838,boneseg_ftclicks,points_bg,2,1,0.7240602899724881,0.2527209186220669,4.008744855967078
plasma,1838,boneseg_ftclicks,boxes,2,1,0.7717037292668723,0.0779840298662242,1.686599794238683
plasma,1839,boneseg_learned,none,0,1,0.43113306594759543,0.05614762186698243,15.817386831275721
plasma,1839,boneseg_ftlayer,none,0,1,0.895103556525401,0.33893303064699204,1.9207818930041156
plasma,1839,boneseg_ftlearned,none,0,1,0.8976528594540458,0.4138777331548416,1.7970679012345683
plasma,1839,boneseg_ftclicks,points_bg,0,1,0.8940747827148935,0.14744165170556553,0.7197788065843619
plasma,1839,boneseg_ftclicks,boxes,0,1,0.975004819572723,0.4570411794611083,0.11027520576131766
plasma,1839,boneseg_ftclicks,points_bg,1,1,0.8916695352839931,0.10535794687077893,0.4449588477366262
plasma,1839,boneseg_ftclicks,boxes,1,1,0.9684952084952085,0.47501237011380504,0.3854809670781889
plasma,1839,boneseg_ftclicks,points_bg,2,1,0.8890967000583175,0.1049424509140149,0.3994984567901233
plasma,1839,boneseg_ftclicks,boxes,2,1,0.9733615457043886,0.48443775100401604,0.2724408436213993
plasma,1844,boneseg_learned,none,0,1,0.5148975791433892,0.08478178368121442,16.00784465020576
plasma,1844,boneseg_ftlayer,none,0,1,0.6886990874559605,0.23456946913893828,6.172775205761318
plasma,1844,boneseg_ftlearned,none,0,1,0.6903461378614261,0.1945452417183659,5.537165637860082
plasma,1844,boneseg_ftclicks,points_bg,0,1,0.6716662724169931,0.18933798845172553,4.281057098765433
plasma,1844,boneseg_ftclicks,boxes,0,1,0.8009839228769433,0.06830309498399147,-2.9933127572016454
plasma,1844,boneseg_ftclicks,points_bg,1,1,0.6769995560557098,0.1970812692462177,4.457175925925926
plasma,1844,boneseg_ftclicks,boxes,1,1,0.9123092573753815,0.22501230920728704,-0.22878086419753085
plasma,1844,boneseg_ftclicks,points_bg,2,1,0.6717576637039724,0.1959704499664204,4.359053497942387
plasma,1844,boneseg_ftclicks,boxes,2,1,0.8998210369929253,0.19772403982930298,0.2761702674897129
plasma,1847,boneseg_learned,none,0,1,0.5150126984880492,0.11718569780853517,8.944444444444443
plasma,1847,boneseg_ftlayer,none,0,1,0.6888906551005037,0.28448748401242463,4.261509773662551
plasma,1847,boneseg_ftlearned,none,0,1,0.7143604249455076,0.3907839616995811,4.11644804526749
plasma,1847,boneseg_ftclicks,points_bg,0,1,0.7169213812802223,0.3148604269293924,3.8406635802469142
plasma,1847,boneseg_ftclicks,boxes,0,1,0.9248095395826432,0.26124197002141325,-0.8863811728395059
plasma,1847,boneseg_ftclicks,points_bg,1,1,0.6979703819918688,0.1931063122923588,3.4199459876543212
plasma,1847,boneseg_ftclicks,boxes,1,1,0.9718574295194008,0.4673340358271865,0.21784979423868367
plasma,1847,boneseg_ftclicks,points_bg,2,1,0.7202672707024946,0.42413162705667273,4.24755658436214
plasma,1847,boneseg_ftclicks,boxes,2,1,0.9746560608334583,0.5191545574636723,0.12512860082304483
plasma,1853,boneseg_learned,none,0,1,0.6460905349794238,0.14028561939554965,13.443415637860081
plasma,1853,boneseg_ftlayer,none,0,1,0.8895399847351114,0.3637533405919034,1.2507716049382696
plasma,1853,boneseg_ftlearned,none,0,1,0.9000814984423566,0.3616454008760236,1.6441615226337443
plasma,1853,boneseg_ftclicks,points_bg,0,1,0.8775060256721661,0.23621966269025094,-0.3923611111111114
plasma,1853,boneseg_ftclicks,boxes,0,1,0.8172285961970932,0.307631160572337,-4.469843106995885
plasma,1853,boneseg_ftclicks,points_bg,1,1,0.8743293831711674,0.14969213687291813,4.613104423868311
plasma,1853,boneseg_ftclicks,boxes,1,1,0.8018210190887911,0.3440948579478751,-5.386188271604938
plasma,1853,boneseg_ftclicks,points_bg,2,1,0.8508631556189568,0.08817819556554614,-1.4963348765432123
plasma,1853,boneseg_ftclicks,boxes,2,1,0.8090634087642478,0.19006751344547432,-4.027777777777778
plasma,1854,boneseg_learned,none,0,1,0.6240882985664726,0.07149054311990283,14.719007201646091
plasma,1854,boneseg_ftlayer,none,0,1,0.8187606475621246,0.2084677939847683,1.9304269547325115
plasma,1854,boneseg_ftlearned,none,0,1,0.8564652661160423,0.23471038722899365,3.049318415637861
plasma,1854,boneseg_ftclicks,points_bg,0,1,0.8377261981517301,0.12444500824559178,4.824974279835392
plasma,1854,boneseg_ftclicks,boxes,0,1,0.8750687146321746,0.29899569583931135,-1.232124485596707
plasma,1854,boneseg_ftclicks,points_bg,1,1,0.8562169606870151,0.23894463024897808,3.4783307613168724
plasma,1854,boneseg_ftclicks,boxes,1,1,0.878955685696453,0.2758670106047578,-0.8839377572016458
plasma,1854,boneseg_ftclicks,points_bg,2,1,0.8310638662839096,0.23986353496916415,0.3960905349794236
plasma,1854,boneseg_ftclicks,boxes,2,1,0.8288913131528144,0.20625476735316553,-3.3445859053497937
plasma,1855,boneseg_learned,none,0,1,0.5357556467687169,0.07247465264739016,10.820151748971194
plasma,1855,boneseg_ftlayer,none,0,1,0.8787789155889193,0.25428654460912525,-1.056455761316872
plasma,1855,boneseg_ftlearned,none,0,1,0.8945420256999268,0.28286284573709725,-0.8449074074074074
plasma,1855,boneseg_ftclicks,points_bg,0,1,0.5062064977670945,0.058394966331824706,13.245563271604938
plasma,1855,boneseg_ftclicks,boxes,0,1,0.7913908383521643,0.05270793036750483,1.8373199588477371
plasma,1855,boneseg_ftclicks,points_bg,1,1,0.505177873358707,0.03101556376665547,11.270961934156379
plasma,1855,boneseg_ftclicks,boxes,1,1,0.8208696067733431,0.0380802163136548,2.4809670781893
plasma,1855,boneseg_ftclicks,points_bg,2,1,0.49916165186329636,0.0613324694957348,13.678176440329217
plasma,1855,boneseg_ftclicks,boxes,2,1,0.8275272914804914,0.018077803203661327,2.6684027777777786
plasma,1863,boneseg_learned,none,0,1,0.6871388603518916,0.07454423976329101,9.807098765432098
plasma,1863,boneseg_ftlayer,none,0,1,0.9573831542256359,0.2801881860951385,0.7898662551440325
plasma,1863,boneseg_ftlearned,none,0,1,0.9550950207751515,0.33229354785749465,0.7925668724279827
plasma,1863,boneseg_ftclicks,points_bg,0,1,0.9473658241744687,0.1916015269950918,-1.012217078189301
plasma,1863,boneseg_ftclicks,boxes,0,1,0.9615586490187129,0.4123950705483122,0.6778549382716048
plasma,1863,boneseg_ftclicks,points_bg,1,1,0.960590341465485,0.3114193083573487,-0.6542566872427991
plasma,1863,boneseg_ftclicks,boxes,1,1,0.9705759787850972,0.4668669376214879,0.20171039094650095
plasma,1863,boneseg_ftclicks,points_bg,2,1,0.9492232570589918,0.2066085693536674,-0.9649562757201648
plasma,1863,boneseg_ftclicks,boxes,2,1,0.9566221417251528,0.34859280370502316,0.8578960905349792
plasma,1870,boneseg_learned,none,0,1,0.8127519838861533,0.10118564235829137,3.843492798353909
plasma,1870,boneseg_ftlayer,none,0,1,0.9558349831451656,0.3854284248332478,0.6932870370370353
plasma,1870,boneseg_ftlearned,none,0,1,0.9248964607565513,0.35233595800524936,-0.5030221193415646
plasma,1870,boneseg_ftclicks,points_bg,0,1,0.8900767739299036,0.12653797199830294,1.61889146090535
plasma,1870,boneseg_ftclicks,boxes,0,1,0.7770224968698252,0.10273224043715846,-3.517746913580247
plasma,1870,boneseg_ftclicks,points_bg,1,1,0.8952794517310646,0.08175577283128771,3.822530864197529
plasma,1870,boneseg_ftclicks,boxes,1,1,0.8030564253031193,0.06431463273568537,-1.0832690329218102
plasma,1870,boneseg_ftclicks,points_bg,2,1,0.8871142972162193,0.07752496653968907,2.81642232510288
plasma,1870,boneseg_ftclicks,boxes,2,1,0.7960322333802538,0.06499073215940686,-1.3260673868312756
plasma,1871,boneseg_learned,none,0,1,0.4973676115659458,0.13194046937607326,8.2295524691358
plasma,1871,boneseg_ftlayer,none,0,1,0.7689237656068819,0.23551142923112445,-1.5878986625514409
plasma,1871,boneseg_ftlearned,none,0,1,0.9439049827843207,0.3562730627306273,-0.008166152263375248
plasma,1871,boneseg_ftclicks,points_bg,0,1,0.8693351045603825,0.1483173076923077,-1.312435699588478
plasma,1871,boneseg_ftclicks,boxes,0,1,0.9733831722970591,0.5149870801033591,0.16557355967078136
plasma,1871,boneseg_ftclicks,points_bg,1,1,0.9412877280537076,0.4962174940898345,0.22447273662551392
plasma,1871,boneseg_ftclicks,boxes,1,1,0.9666536842300488,0.38147768086198053,0.35789609053497873
plasma,1871,boneseg_ftclicks,points_bg,2,1,0.9075558751880233,0.2076271186440678,-0.8141075102880659
plasma,1871,boneseg_ftclicks,boxes,2,1,0.9716933012003088,0.4607060036073177,0.23051697530864224
plasma,1888,boneseg_learned,none,0,1,0.5624673537063221,0.03783669737674942,13.670717592592593
plasma,1888,boneseg_ftlayer,none,0,1,0.8686913467214399,0.18082341676925182,2.566422325102882
plasma,1888,boneseg_ftlearned,none,0,1,0.8753259054790392,0.25847576351919305,2.7606738683127574
plasma,1888,boneseg_ftclicks,points_bg,0,1,0.8432288478678737,0.29649714201963945,-0.16975308641975217
plasma,1888,boneseg_ftclicks,boxes,0,1,0.9199271975994884,0.15468071915685058,2.0221193415637857
plasma,1888,boneseg_ftclicks,points_bg,1,1,0.8800388538125303,0.2602677899804423,2.4901620370370385
plasma,1888,boneseg_ftclicks,boxes,1,1,0.9121758528649638,0.11184615384615385,2.281635802469137
plasma,1888,boneseg_ftclicks,points_bg,2,1,0.8768651789251287,0.28941070894406223,1.200102880658438
plasma,1888,boneseg_ftclicks,boxes,2,1,0.8064409506763373,0.14880300422469098,-3.500128600823045
plasma,1898,boneseg_learned,none,0,1,0.8094963424606069,0.14503690646689435,2.9521604938271606
plasma,1898,boneseg_ftlayer,none,0,1,0.7921379575420566,0.3073467613389364,-4.047003600823046
plasma,1898,boneseg_ftlearned,none,0,1,0.817786637117193,0.27699594974943365,-3.3039480452674908
plasma,1898,boneseg_ftclicks,points_bg,0,1,0.6763959506124398,0.049442697913689625,15.55671296296296
plasma,1898,boneseg_ftclicks,boxes,0,1,0.6180242756812676,0.07964257964257965,-15.21039094650206
plasma,1898,boneseg_ftclicks,points_bg,1,1,0.682395820990393,0.050986554915313426,14.764081790123457
plasma,1898,boneseg_ftclicks,boxes,1,1,0.6574588078525249,0.05911233307148468,-11.616640946502057
plasma,1898,boneseg_ftclicks,points_bg,2,1,0.7117742112551545,0.05103889828460981,11.532536008230455
plasma,1898,boneseg_ftclicks,boxes,2,1,0.6590747789190987,0.27199923729621506,-13.29121656378601
plasma,1944,boneseg_learned,none,0,1,0.32028333631031314,0.05476618705035971,22.929848251028805
plasma,1944,boneseg_ftlayer,none,0,1,0.70598731463016,0.29764309764309765,4.444187242798354
plasma,1944,boneseg_ftlearned,none,0,1,0.6478646880575458,0.12357931807267489,5.455246913580247
plasma,1944,boneseg_ftclicks,points_bg,0,1,0.7489543926602248,0.0,-1.1168981481481481
plasma,1944,boneseg_ftclicks,boxes,0,1,0.9694437702369825,0.4058109833971903,-0.25752314814814836
plasma,1944,boneseg_ftclicks,points_bg,1,1,0.7202061576479748,0.010981770261366132,2.486882716049382
plasma,1944,boneseg_ftclicks,boxes,1,1,0.9668592245641426,0.3438005827128521,-0.35352366255144013
plasma,1944,boneseg_ftclicks,points_bg,2,1,0.7911445882449921,0.0,-0.2283950617283953
plasma,1944,boneseg_ftclicks,boxes,2,1,0.9663505356519746,0.3420881971465629,-0.3625900205761319
plasma,1948,boneseg_learned,none,0,1,0.6099720103236893,0.11090043009758128,4.923032407407407
plasma,1948,boneseg_ftlayer,none,0,1,0.808465486650367,0.2861388240288686,-3.2569444444444455
plasma,1948,boneseg_ftlearned,none,0,1,0.8488681870425262,0.26460201032328173,-1.498199588477367
plasma,1948,boneseg_ftclicks,points_bg,0,1,0.8170428440545017,0.0760520061512652,2.3427211934156364
plasma,1948,boneseg_ftclicks,boxes,0,1,0.6506923978185822,0.21873870617997832,-13.649884259259263
plasma,1948,boneseg_ftclicks,points_bg,1,1,0.8398694312905154,0.23434759399069627,-7.093364197530866
plasma,1948,boneseg_ftclicks,boxes,1,1,0.6385379556369498,0.19531321236436583,-14.198366769547327
plasma,1948,boneseg_ftclicks,points_bg,2,1,0.8331080181839833,0.14217112922002328,0.43261316872427735
plasma,1948,boneseg_ftclicks,boxes,2,1,0.4124508239900471,0.0,-20.22427983539095
plasma,1954,boneseg_learned,none,0,1,0.5750660225075434,0.13104325699745548,8.950231481481481
plasma,1954,boneseg_ftlayer,none,0,1,0.6455506754443455,0.1897047295531748,-0.4492026748971187
plasma,1954,boneseg_ftlearned,none,0,1,0.6399692493753779,0.15999094817832088,0.12120627572016485
plasma,1954,boneseg_ftclicks,points_bg,0,1,0.7387296858359015,0.0,4.576838991769548
plasma,1954,boneseg_ftclicks,boxes,0,1,0.8202520833227409,0.15085158150851583,-0.9492669753086415
plasma,1954,boneseg_ftclicks,points_bg,1,1,0.7364294330518697,0.06177156177156177,3.2484567901234565
plasma,1954,boneseg_ftclicks,boxes,1,1,0.8178818476102108,0.2773186409550046,-1.2607381687242798
plasma,1954,boneseg_ftclicks,points_bg,2,1,0.7277345457423998,0.0,5.086612654320987
plasma,1954,boneseg_ftclicks,boxes,2,1,0.8181311961697588,0.2729770992366412,-1.2402906378600822
plasma,1957,boneseg_learned,none,0,1,0.590361567840825,0.14704708699122107,11.990290637860083
plasma,1957,boneseg_ftlayer,none,0,1,0.7116282064428128,0.25702092511013214,7.219585905349793
plasma,1957,boneseg_ftlearned,none,0,1,0.715312719453836,0.2546523016650343,6.900012860082305
plasma,1957,boneseg_ftclicks,points_bg,0,1,0.7022155602014385,0.07469358327325162,4.70634002057613
plasma,1957,boneseg_ftclicks,boxes,0,1,0.9511693446487808,0.37619723306136926,0.35615997942386873
plasma,1957,boneseg_ftclicks,points_bg,1,1,0.710832029924398,0.14928134338978227,5.455825617283949
plasma,1957,boneseg_ftclicks,boxes,1,1,0.948723433464337,0.3770635756937127,0.39551183127572026
plasma,1957,boneseg_ftclicks,points_bg,2,1,0.7048086497675258,0.08863309352517985,4.857960390946503
plasma,1957,boneseg_ftclicks,boxes,2,1,0.8146772228989038,0.017917766880422483,-2.8518518518518525
plasma,1959,boneseg_learned,none,0,1,0.6046819549534447,0.123793591558358,8.6420396090535
plasma,1959,boneseg_ftlayer,none,0,1,0.8654714796483147,0.23824701195219122,1.1723894032921818
plasma,1959,boneseg_ftlearned,none,0,1,0.8472145300537547,0.28241828669087804,1.8013117283950622
plasma,1959,boneseg_ftclicks,points_bg,0,1,0.8569007017662813,0.1809429770427055,1.1850565843621403
plasma,1959,boneseg_ftclicks,boxes,0,1,0.9512192983225332,0.18673803151947665,0.6774691358024693
plasma,1959,boneseg_ftclicks,points_bg,1,1,0.832061854705095,0.05580608793686584,-0.2497427983539094
plasma,1959,boneseg_ftclicks,boxes,1,1,0.9673131521699052,0.39785932721712536,-0.037165637860081535
plasma,1959,boneseg_ftclicks,points_bg,2,1,0.8333854913518891,0.05888982812059735,-0.2220293209876545
plasma,1959,boneseg_ftclicks,boxes,2,1,0.9613629584782019,0.28536953242835594,0.45543981481481477
plasma,1963,boneseg_learned,none,0,1,0.7525287184842607,0.12542068656046668,6.059670781893003
plasma,1963,boneseg_ftlayer,none,0,1,0.9028114013658421,0.3076389576934509,-2.034079218106996
plasma,1963,boneseg_ftlearned,none,0,1,0.9446598996211957,0.2966026325151192,0.04854681069958733
plasma,1963,boneseg_ftclicks,points_bg,0,1,0.9348181544828421,0.31111550632911394,-0.9012988683127582
plasma,1963,boneseg_ftclicks,boxes,0,1,0.8311832925545212,0.17923141537169257,-3.086934156378601
plasma,1963,boneseg_ftclicks,points_bg,1,1,0.9198795400620551,0.3079130791307913,-1.8106995884773658
plasma,1963,boneseg_ftclicks,boxes,1,1,0.8098070207978839,0.27483331449881343,-5.147119341563785
plasma,1963,boneseg_ftclicks,points_bg,2,1,0.9182992800466652,0.09330609067912045,3.194122942386832
plasma,1963,boneseg_ftclicks,boxes,2,1,0.8208061915765669,0.28743169398907104,-4.456468621399176
plasma,1967,boneseg_learned,none,0,1,0.5701954141965434,0.112198058544661,14.770961934156379
plasma,1967,boneseg_ftlayer,none,0,1,0.8228636829165858,0.35694710879693065,-0.04764660493827011
plasma,1967,boneseg_ftlearned,none,0,1,0.8502079648133097,0.2892770945868291,0.6711676954732515
plasma,1967,boneseg_ftclicks,points_bg,0,1,0.8581540922977589,0.3867329125822479,0.8593750000000011
plasma,1967,boneseg_ftclicks,boxes,0,1,0.9031877840815676,0.3331487889273356,-0.8069058641975296
plasma,1967,boneseg_ftclicks,points_bg,1,1,0.8545457518706533,0.2926533907427341,1.2961033950617291
plasma,1967,boneseg_ftclicks,boxes,1,1,0.904377300798616,0.30214236351071183,-0.6567644032921802
plasma,1967,boneseg_ftclicks,points_bg,2,1,0.8541288955896105,0.3836166510507295,0.7259516460905363
plasma,1967,boneseg_ftclicks,boxes,2,1,0.9039006906459747,0.25141048575753405,-0.44836676954732313
plasma,1970,boneseg_learned,none,0,1,0.782366505095312,0.09966908288685786,9.591820987654323
plasma,1970,boneseg_ftlayer,none,0,1,0.7515763476816488,0.24128919860627177,-6.329796810699588
plasma,1970,boneseg_ftlearned,none,0,1,0.8567727014366633,0.28666921313980137,-2.9434156378600806
plasma,1970,boneseg_ftclicks,points_bg,0,1,0.8400759639996698,0.06516656925774401,3.18698559670782
plasma,1970,boneseg_ftclicks,boxes,0,1,0.5723939475547842,0.23684547433107156,-9.963863168724279
plasma,1970,boneseg_ftclicks,points_bg,1,1,0.7852636038842067,0.04367740880091608,9.171682098765435
plasma,1970,boneseg_ftclicks,boxes,1,1,0.6434798536396028,0.02379720641489912,-6.262345679012345
plasma,1970,boneseg_ftclicks,points_bg,2,1,0.8361394480933161,0.07116878010419739,3.3609182098765427
plasma,1970,boneseg_ftclicks,boxes,2,1,0.6486310313940061,0.016854644531745025,-5.959426440329217
plasma,1972,boneseg_learned,none,0,1,0.5981776556112396,0.04066265060240964,10.674961419753087
plasma,1972,boneseg_ftlayer,none,0,1,0.8790215899163859,0.24288595115393233,2.110918209876543
plasma,1972,boneseg_ftlearned,none,0,1,0.8759623061131386,0.26211180124223604,2.1186985596707815
plasma,1972,boneseg_ftclicks,points_bg,0,1,0.948693772048185,0.2588327662915467,-0.1012088477366252
plasma,1972,boneseg_ftclicks,boxes,0,1,0.9731769214628179,0.46225614927905007,0.31860853909465026
plasma,1972,boneseg_ftclicks,points_bg,1,1,0.9402636422917234,0.18806646525679757,-0.34259259259259295
plasma,1972,boneseg_ftclicks,boxes,1,1,0.9634447728328642,0.2936350777934936,0.5470036008230456
plasma,1972,boneseg_ftclicks,points_bg,2,1,0.9444061808723554,0.25256937307297017,-0.05144032921810676
plasma,1972,boneseg_ftclicks,boxes,2,1,0.9683534603701069,0.3493635077793494,0.43987911522633677
plasma,1981,boneseg_learned,none,0,1,0.3043089020652957,0.03984631591993555,26.655285493827158
plasma,1981,boneseg_ftlayer,none,0,1,0.46488940108423393,0.121524201853759,10.541473765432098
plasma,1981,boneseg_ftlearned,none,0,1,0.47668870710729044,0.15025906735751296,11.004565329218106
plasma,1981,boneseg_ftclicks,points_bg,0,1,0.5003833618956106,0.079753861003861,15.65721450617284
plasma,1981,boneseg_ftclicks,boxes,0,1,0.894049540383131,0.18036349269063612,1.52880658436214
plasma,1981,boneseg_ftclicks,points_bg,1,1,0.4829101686185438,0.08317627842693806,13.663065843621396
plasma,1981,boneseg_ftclicks,boxes,1,1,0.8314919797846627,0.27397868561278865,-2.1665380658436213
plasma,1981,boneseg_ftclicks,points_bg,2,1,0.4845045906003618,0.11556841046277666,13.344907407407408
plasma,1981,boneseg_ftclicks,boxes,2,1,0.8751786945321287,0.10688511800273064,0.9237397119341559
plasma,1984,boneseg_learned,none,0,1,0.24820988171352523,0.055254237288135596,22.998649691358025
plasma,1984,boneseg_ftlayer,none,0,1,0.40134935393124493,0.1258741258741259,-0.7584876543209871
plasma,1984,boneseg_ftlearned,none,0,1,0.5057437639937443,0.11487676056338028,-0.11715534979423806
plasma,1984,boneseg_ftclicks,points_bg,0,1,0.5869129092383649,0.1937128292268479,2.010609567901235
plasma,1984,boneseg_ftclicks,boxes,0,1,0.8990979926309219,0.18688681502751855,1.227366255144033
plasma,1984,boneseg_ftclicks,points_bg,1,1,0.5742848034362993,0.061346208463504685,7.614133230452675
plasma,1984,boneseg_ftclicks,boxes,1,1,0.8944356580870797,0.1521528785679729,1.3411136831275718
plasma,1984,boneseg_ftclicks,points_bg,2,1,0.6312632235994131,0.1382940108892922,4.317001028806584
plasma,1984,boneseg_ftclicks,boxes,2,1,0.8616453166464634,0.16081741448245224,0.22878086419753085
plasma,1992,boneseg_learned,none,0,1,0.6644420884003975,0.12245435393258428,7.242926954732512
plasma,1992,boneseg_ftlayer,none,0,1,0.8220318038940077,0.165011380095179,1.8521090534979439
plasma,1992,boneseg_ftlearned,none,0,1,0.8184730489031019,0.12963425810214113,2.8920396090534983
plasma,1992,boneseg_ftclicks,points_bg,0,1,0.8243404284435423,0.18811040339702761,2.3802083333333335
plasma,1992,boneseg_ftclicks,boxes,0,1,0.8562258559217295,0.1928180158247109,-1.6394675925925917
plasma,1992,boneseg_ftclicks,points_bg,1,1,0.7747329637043204,0.048160919540229885,-2.411008230452674
plasma,1992,boneseg_ftclicks,boxes,1,1,0.8527207970028392,0.19353709752683154,-0.8317901234567882
plasma,1992,boneseg_ftclicks,points_bg,2,1,0.8120780111113145,0.16584985520160392,0.15760030864197527
plasma,1992,boneseg_ftclicks,boxes,2,1,0.8210699972123588,0.19878296146044624,-3.3097993827160486
plasma,1993,boneseg_learned,none,0,1,0.7615016861025553,0.13618589599532563,4.597222222222225
plasma,1993,boneseg_ftlayer,none,0,1,0.9058291435026247,0.3352052336015747,-2.070923353909465
plasma,1993,boneseg_ftlearned,none,0,1,0.8882039830438493,0.3356462360262129,0.10262345679012408
plasma,1993,boneseg_ftclicks,points_bg,0,1,0.8929537981600596,0.25089916904378023,-6.340985082304523
plasma,1993,boneseg_ftclicks,boxes,0,1,0.5389661955275554,0.006731714696316466,-23.555362654320984
plasma,1993,boneseg_ftclicks,points_bg,1,1,0.9046347307768009,0.4119939117199391,-3.429655349794236
plasma,1993,boneseg_ftclicks,boxes,1,1,0.5799404899489652,0.01072365954255718,-22.071437757201643
plasma,1993,boneseg_ftclicks,points_bg,2,1,0.8864297262864423,0.20502506343214308,-7.1186985596707775
plasma,1993,boneseg_ftclicks,boxes,2,1,0.6252796460239742,0.11274362818590705,-20.240033436213988
plasma,1994,boneseg_learned,none,0,1,0.7425788809257156,0.1363212974631527,9.733924897119339
plasma,1994,boneseg_ftlayer,none,0,1,0.7305089885554055,0.24790701454929692,-7.125707304526749
plasma,1994,boneseg_ftlearned,none,0,1,0.7863084798633178,0.22776842567518116,-5.580439814814814
plasma,1994,boneseg_ftclicks,points_bg,0,1,0.7298492000366272,0.027150819491198058,16.367283950617285
plasma,1994,boneseg_ftclicks,boxes,0,1,0.6975577784320485,0.24817248079948181,-11.797903806584362
plasma,1994,boneseg_ftclicks,points_bg,1,1,0.7981673530677298,0.054567259644213474,3.3211162551440356
plasma,1994,boneseg_ftclicks,boxes,1,1,0.6087702263304821,0.008379081190407396,-14.996013374485598
plasma,1994,boneseg_ftclicks,points_bg,2,1,0.7437626700450378,0.03129726585223967,14.427404835390945
plasma,1994,boneseg_ftclicks,boxes,2,1,0.644615291256471,0.01618705035971223,-13.933963477366254
plasma,2013,boneseg_learned,none,0,1,0.8036711593862957,0.16584706171625277,8.898083847736624
plasma,2013,boneseg_ftlayer,none,0,1,0.9060412491370123,0.3230227394533344,3.4074717078189294
plasma,2013,boneseg_ftlearned,none,0,1,0.8780023258818969,0.30792865707434053,5.204346707818927
plasma,2013,boneseg_ftclicks,points_bg,0,1,0.8660825200698191,0.039660056657223795,-3.9250900205761328
plasma,2013,boneseg_ftclicks,boxes,0,1,0.6324396010372715,0.012840774397471355,-11.975823045267491
plasma,2013,boneseg_ftclicks,points_bg,1,1,0.9152895633550933,0.2024586051179127,-0.8730066872428
plasma,2013,boneseg_ftclicks,boxes,1,1,0.5622866911900479,0.004436825652919229,-13.56565072016461
plasma,2013,boneseg_ftclicks,points_bg,2,1,0.8912898717338359,0.10211056993933179,-2.5534336419753085
plasma,2013,boneseg_ftclicks,boxes,2,1,0.7575585812660548,0.2730669434353918,-7.235661008230454
plasma,2015,boneseg_learned,none,0,1,0.8351255440819872,0.1722621524494042,2.728202160493831
plasma,2015,boneseg_ftlayer,none,0,1,0.8505605051287376,0.27986810339751517,-6.31423611111111
plasma,2015,boneseg_ftlearned,none,0,1,0.8176466034306695,0.29361727440366425,-1.8840020576131655
plasma,2015,boneseg_ftclicks,points_bg,0,1,0.8708746158151592,0.1111629806850674,6.92721193415638
plasma,2015,boneseg_ftclicks,boxes,0,1,0.40640247321605916,0.03194242787702797,-24.06423611111111
plasma,2015,boneseg_ftclicks,points_bg,1,1,0.8638734932999556,0.099064674346983,9.720807613168725
plasma,2015,boneseg_ftclicks,boxes,1,1,0.5084416942815533,0.16209119121508714,-23.394740226337447
plasma,2015,boneseg_ftclicks,points_bg,2,1,0.8570425416946457,0.10732607066689723,5.8150077160493865
plasma,2015,boneseg_ftclicks,boxes,2,1,0.6666934432960245,0.12303721230372124,-14.019547325102879
plasma,2025,boneseg_learned,none,0,1,0.5846703811993159,0.09838628971728797,21.172968106995885
plasma,2025,boneseg_ftlayer,none,0,1,0.815516639962252,0.19808082384147294,7.319251543209878
plasma,2025,boneseg_ftlearned,none,0,1,0.77234460772708,0.1875870300377959,9.607510288065843
plasma,2025,boneseg_ftclicks,points_bg,0,1,0.8663120845000508,0.18185302289930055,1.4958204732510305
plasma,2025,boneseg_ftclicks,boxes,0,1,0.34516221156042953,0.0,-14.590277777777777
plasma,2025,boneseg_ftclicks,points_bg,1,1,0.8587138367925602,0.11966961198616981,0.1757973251028805
plasma,2025,boneseg_ftclicks,boxes,1,1,0.7937495517096513,0.06658061740346348,-5.729359567901235
plasma,2025,boneseg_ftclicks,points_bg,2,1,0.8182630947292583,0.06066653362602275,-2.655542695473251
plasma,2025,boneseg_ftclicks,boxes,2,1,0.8470059038515603,0.11272380548786948,-3.941808127572016
plasma,2026,boneseg_learned,none,0,1,0.5411745605026279,0.08194633924511141,14.929398148148149
plasma,2026,boneseg_ftlayer,none,0,1,0.6145017675728819,0.11493188731649252,8.535043724279836
plasma,2026,boneseg_ftlearned,none,0,1,0.60060927820297,0.15696949075649314,9.174318415637861
plasma,2026,boneseg_ftclicks,points_bg,0,1,0.5809887350779387,0.033299440772750384,10.500064300411523
plasma,2026,boneseg_ftclicks,boxes,0,1,0.8751992302430691,0.1199364575059571,0.5167824074074081
plasma,2026,boneseg_ftclicks,points_bg,1,1,0.37996995436678266,0.004279131007241606,26.410879629629637
plasma,2026,boneseg_ftclicks,boxes,1,1,0.814667457529163,0.0023387253946599105,2.008809156378602
plasma,2026,boneseg_ftclicks,points_bg,2,1,0.3630501620068008,0.012667660208643815,29.013631687242803
plasma,2026,boneseg_ftclicks,boxes,2,1,0.8713706998736502,0.08364867556263693,0.6153549382716061
plasma,2033,boneseg_learned,none,0,1,0.71804357561479,0.20342612419700215,10.056970164609055
plasma,2033,boneseg_ftlayer,none,0,1,0.7466907442416034,0.32643702676762293,4.611175411522636
plasma,2033,boneseg_ftlearned,none,0,1,0.7711711186813467,0.29070126660488105,5.743634259259261
plasma,2033,boneseg_ftclicks,points_bg,0,1,0.7851163859351692,0.29406015854055817,7.369405864197532
plasma,2033,boneseg_ftclicks,boxes,0,1,0.7026302723928596,0.0022085502445180626,-6.778163580246913
plasma,2033,boneseg_ftclicks,points_bg,1,1,0.779352799359041,0.3623428193249504,5.660172325102883
plasma,2033,boneseg_ftclicks,boxes,1,1,0.8863867791448297,0.21103556485355648,-2.0402520576131677
plasma,2033,boneseg_ftclicks,points_bg,2,1,0.7792774757308832,0.3026273110606552,7.043852880658438
plasma,2033,boneseg_ftclicks,boxes,2,1,0.9360721343651105,0.4160042395336513,-1.004372427983538
plasma,203,boneseg_learned,none,0,1,0.5400189839461846,0.1478919631093544,4.764017489711934
plasma,203,boneseg_ftlayer,none,0,1,0.5794746141280794,0.2456575682382134,4.613940329218107
plasma,203,boneseg_ftlearned,none,0,1,0.5929325076686486,0.1988391376451078,4.821116255144033
plasma,203,boneseg_ftclicks,points_bg,0,1,0.575700250619645,0.1421792618629174,7.810056584362138
plasma,203,boneseg_ftclicks,boxes,0,1,0.8663781318146353,0.2990792990792991,-1.174575617283951
plasma,203,boneseg_ftclicks,points_bg,1,1,0.5937489793918809,0.138980564723139,6.902713477366254
plasma,203,boneseg_ftclicks,boxes,1,1,0.938969761642538,0.27939251112856767,0.451453189300411
plasma,203,boneseg_ftclicks,points_bg,2,1,0.5849261673210296,0.15213126449081504,7.345871913580246
plasma,203,boneseg_ftclicks,boxes,2,1,0.864833375259834,0.32398937739746236,-1.1035236625514409
plasma,2046,boneseg_learned,none,0,1,0.5768167963733697,0.11645002241147467,12.944444444444441
plasma,2046,boneseg_ftlayer,none,0,1,0.9317231225148174,0.3268089202631157,-1.1889146090534986
plasma,2046,boneseg_ftlearned,none,0,1,0.9459541689139664,0.3223491505565319,-0.7178497942386841
plasma,2046,boneseg_ftclicks,points_bg,0,1,0.9654978666619844,0.34655831739961757,0.6819701646090526
plasma,2046,boneseg_ftclicks,boxes,0,1,0.9424308225961695,0.43805165086629616,-0.9575617283950622
plasma,2046,boneseg_ftclicks,points_bg,1,1,0.9578775386546348,0.24746192893401014,1.0987011316872435
plasma,2046,boneseg_ftclicks,boxes,1,1,0.9422974308529642,0.43137254901960786,-0.898919753086419
plasma,2046,boneseg_ftclicks,points_bg,2,1,0.9644793221742213,0.3444373605355435,0.5877057613168729
plasma,2046,boneseg_ftclicks,boxes,2,1,0.9359583829757117,0.37333113565188725,-1.3601466049382727
plasma,2047,boneseg_learned,none,0,1,0.5656988484959123,0.03754985754985755,-1.163901748971194
plasma,2047,boneseg_ftlayer,none,0,1,0.8232143170999139,0.3391407173827355,0.9583976337448563
plasma,2047,boneseg_ftlearned,none,0,1,0.829231102564797,0.35401517546632943,0.8820730452674896
plasma,2047,boneseg_ftclicks,points_bg,0,1,0.7667536318281327,0.08155287457033093,10.996592078189302
plasma,2047,boneseg_ftclicks,boxes,0,1,0.6941585893570544,0.15417351774833157,-7.892682613168725
plasma,2047,boneseg_ftclicks,points_bg,1,1,0.7924371412060226,0.1328119394417737,8.921103395061728
plasma,2047,boneseg_ftclicks,boxes,1,1,0.5595174012446344,0.07668214710011881,-14.22974537037037
plasma,2047,boneseg_ftclicks,points_bg,2,1,0.7926852118766216,0.18040168679865629,6.932741769547326
plasma,2047,boneseg_ftclicks,boxes,2,1,0.6820950324363395,0.1932527693856999,-10.928690843621398
plasma,2052,boneseg_learned,none,0,1,0.6915260933795994,0.06824018588724472,7.284336419753087
plasma,2052,boneseg_ftlayer,none,0,1,0.7348459113595386,0.23355976297152767,4.406700102880659
plasma,2052,boneseg_ftlearned,none,0,1,0.7202605517566611,0.25048966267682266,3.517875514403293
plasma,2052,boneseg_ftclicks,points_bg,0,1,0.7321169795659059,0.13422717686050015,5.070923353909465
plasma,2052,boneseg_ftclicks,boxes,0,1,0.9033369613997803,0.07954354757509649,2.269290123456791
plasma,2052,boneseg_ftclicks,points_bg,1,1,0.727923983438677,0.07234608002362321,6.240676440329218
plasma,2052,boneseg_ftclicks,boxes,1,1,0.8516541205067673,0.45412589994461877,-2.4511316872427984
plasma,2052,boneseg_ftclicks,points_bg,2,1,0.6902219168956616,0.3407476058078468,2.048739711934158
plasma,2052,boneseg_ftclicks,boxes,2,1,0.9199484172881852,0.0729255409780201,1.5219264403292188
plasma,2060,boneseg_learned,none,0,1,0.5965940107328336,0.06078896313860746,4.295717592592592
plasma,2060,boneseg_ftlayer,none,0,1,0.7286811971803967,0.2910160669834804,1.1754758230452675
plasma,2060,boneseg_ftlearned,none,0,1,0.7310627039421466,0.2727272727272727,0.9676568930041152
plasma,2060,boneseg_ftclicks,points_bg,0,1,0.7783534376392623,0.09426473506648145,3.9504243827160486
plasma,2060,boneseg_ftclicks,boxes,0,1,0.865144896326832,0.3757542512342293,-1.583783436213991
plasma,2060,boneseg_ftclicks,points_bg,1,1,0.7724365822902904,0.08597807270628967,4.105902777777777
plasma,2060,boneseg_ftclicks,boxes,1,1,0.8638925471783,0.3546177034804056,-1.5385802469135803
plasma,2060,boneseg_ftclicks,points_bg,2,1,0.7711970111321274,0.11933998465080584,4.700874485596708
plasma,2060,boneseg_ftclicks,boxes,2,1,0.8636976496437846,0.38761404478849876,-1.8082561728395063
plasma,2063,boneseg_learned,none,0,1,0.6778482836057944,0.0995335213712302,5.5726594650205765
plasma,2063,boneseg_ftlayer,none,0,1,0.8091615585424562,0.22634791454730416,8.96360596707819
plasma,2063,boneseg_ftlearned,none,0,1,0.8345318638084779,0.23521548157107391,7.737718621399178
plasma,2063,boneseg_ftclicks,points_bg,0,1,0.805966039217397,0.18678934769599043,0.5138888888888887
plasma,2063,boneseg_ftclicks,boxes,0,1,0.6734023724896514,0.005589938111399481,-11.48559670781893
plasma,2063,boneseg_ftclicks,points_bg,1,1,0.7859728218106034,0.10564516129032259,-1.2998328189300412
plasma,2063,boneseg_ftclicks,boxes,1,1,0.792346559252259,0.24447421299397187,-7.49607767489712
plasma,2063,boneseg_ftclicks,points_bg,2,1,0.8123495765959335,0.19789881528947173,1.1685956790123464
plasma,2063,boneseg_ftclicks,boxes,2,1,0.7328045422721488,0.045978133541585316,-9.825552983539096
plasma,206,boneseg_learned,none,0,1,0.5685659416574701,0.09046454767726161,-0.6211419753086422
plasma,206,boneseg_ftlayer,none,0,1,0.8199538181562103,0.25473716381418093,1.9280478395061724
plasma,206,boneseg_ftlearned,none,0,1,0.7952363885685791,0.23617497936564086,1.0852623456790125
plasma,206,boneseg_ftclicks,points_bg,0,1,0.8045173433718742,0.26197227473219914,3.2319958847736627
plasma,206,boneseg_ftclicks,boxes,0,1,0.9012548269814147,0.10088183421516755,1.6638374485596712
plasma,206,boneseg_ftclicks,points_bg,1,1,0.794642009144811,0.23649068322981368,3.5361368312757198
plasma,206,boneseg_ftclicks,boxes,1,1,0.9007289685773794,0.13168210976478972,1.6212705761316863
plasma,206,boneseg_ftclicks,points_bg,2,1,0.7943142964398405,0.23971433007297002,3.59252829218107
plasma,206,boneseg_ftclicks,boxes,2,1,0.9149980037468137,0.16711301553294056,1.3290895061728398
plasma,2071,boneseg_learned,none,0,1,0.5949932563345953,0.08927231807951988,13.027134773662553
plasma,2071,boneseg_ftlayer,none,0,1,0.7653184908143147,0.19292709466811753,4.583269032921809
plasma,2071,boneseg_ftlearned,none,0,1,0.7210113961754739,0.23160732337414355,3.3718492798353914
plasma,2071,boneseg_ftclicks,points_bg,0,1,0.7445438491102803,0.21260280062236053,7.464441872427983
plasma,2071,boneseg_ftclicks,boxes,0,1,0.8011020510394345,0.22671683913452492,-3.7459490740740744
plasma,2071,boneseg_ftclicks,points_bg,1,1,0.6983387946791413,0.07121910347716799,10.427469135802468
plasma,2071,boneseg_ftclicks,boxes,1,1,0.9199602115484996,0.24067471201316512,1.5749742798353907
plasma,2071,boneseg_ftclicks,points_bg,2,1,0.7652104800289701,0.22448731950006068,2.8042695473251014
plasma,2071,boneseg_ftclicks,boxes,2,1,0.9178445413034454,0.27899903221346606,0.24344135802469163
plasma,2073,boneseg_learned,none,0,1,0.6890992959456179,0.0582112567463377,7.2398405349794235
plasma,2073,boneseg_ftlayer,none,0,1,0.7241296819465962,0.23017902813299232,0.6841563786008226
plasma,2073,boneseg_ftlearned,none,0,1,0.8158922301167701,0.22314594879915545,2.296360596707818
plasma,2073,boneseg_ftclicks,points_bg,0,1,0.832140639445832,0.24639441323819644,1.4048996913580247
plasma,2073,boneseg_ftclicks,boxes,0,1,0.8757337723561572,0.2712765957446808,0.13393775720164647
plasma,2073,boneseg_ftclicks,points_bg,1,1,0.834157390822777,0.1702127659574468,3.8815586419753094
plasma,2073,boneseg_ftclicks,boxes,1,1,0.8785853022177127,0.26776401564537156,0.28639403292181065
plasma,2073,boneseg_ftclicks,points_bg,2,1,0.8205784244569051,0.1947210368263,-0.3814300411522628
plasma,2073,boneseg_ftclicks,boxes,2,1,0.8997056391412452,0.25176316221092343,0.8893389917695477
plasma,2078,boneseg_learned,none,0,1,0.595241200578777,0.11049522281379914,13.722029320987653
plasma,2078,boneseg_ftlayer,none,0,1,0.6439099320437992,0.25310231795832355,2.123135288065842
plasma,2078,boneseg_ftlearned,none,0,1,0.6392070060629391,0.19417571569595263,1.8827803497942386
plasma,2078,boneseg_ftclicks,points_bg,0,1,0.6427052500389469,0.049982191618188294,4.835776748971194
plasma,2078,boneseg_ftclicks,boxes,0,1,0.7335362542152393,0.09787995594713657,-2.7282021604938285
plasma,2078,boneseg_ftclicks,points_bg,1,1,0.6540952906621459,0.07193816884661118,4.435185185185183
plasma,2078,boneseg_ftclicks,boxes,1,1,0.7873577749683944,0.06323529411764706,-0.46418467078189474
plasma,2078,boneseg_ftclicks,points_bg,2,1,0.6475544883486933,0.09798028372204858,3.8966049382716026
plasma,2078,boneseg_ftclicks,boxes,2,1,0.7799509017270365,0.052142279708973324,-1.2578446502057612
plasma,207,boneseg_learned,none,0,1,0.6149994204242495,0.17881996974281392,-1.382008744855967
plasma,207,boneseg_ftlayer,none,0,1,0.8122397606875922,0.28864847914706804,-0.3324331275720169
plasma,207,boneseg_ftlearned,none,0,1,0.8243230348615784,0.2768855749928305,0.24890689300411523
plasma,207,boneseg_ftclicks,points_bg,0,1,0.8009381582852552,0.18657817109144542,2.5153034979423867
plasma,207,boneseg_ftclicks,boxes,0,1,0.8081748263141844,0.10657596371882086,0.141525205761317
plasma,207,boneseg_ftclicks,points_bg,1,1,0.8346590564090108,0.35522388059701493,0.6344521604938271
plasma,207,boneseg_ftclicks,boxes,1,1,0.8118067595624906,0.13464580769906836,-0.22974537037036974
plasma,207,boneseg_ftclicks,points_bg,2,1,0.7943693893089222,0.16656874265569918,2.9074717078189303
plasma,207,boneseg_ftclicks,boxes,2,1,0.8057180360146027,0.07002264413865181,0.4257973251028807
plasma,2082,boneseg_learned,none,0,1,0.5456825283809976,0.07490127532854277,7.818415637860082
plasma,2082,boneseg_ftlayer,none,0,1,0.8847419807838545,0.22804175665946724,-1.5243055555555551
plasma,2082,boneseg_ftlearned,none,0,1,0.8915011825293533,0.3569384835479256,-1.7195859053497937
plasma,2082,boneseg_ftclicks,points_bg,0,1,0.6789998387370214,0.0,6.407793209876544
plasma,2082,boneseg_ftclicks,boxes,0,1,0.8180445598593572,0.03379244074311339,3.286844135802469
plasma,2082,boneseg_ftclicks,points_bg,1,1,0.6902784145830728,0.007321468799279117,7.702481995884774
plasma,2082,boneseg_ftclicks,boxes,1,1,0.816036021948,0.022719948436996457,3.2676183127572007
plasma,2082,boneseg_ftclicks,points_bg,2,1,0.7479390159517186,0.010531354715174725,3.3702417695473246
plasma,2082,boneseg_ftclicks,boxes,2,1,0.8253866416905695,0.009891357223933842,2.7679398148148153
plasma,2086,boneseg_learned,none,0,1,0.7336047382583849,0.15361562258314,9.171167695473251
plasma,2086,boneseg_ftlayer,none,0,1,0.9142729086752222,0.27079958768958917,-0.9428369341563797
plasma,2086,boneseg_ftlearned,none,0,1,0.9644157759609607,0.3831817504100194,0.3362911522633738
plasma,2086,boneseg_ftclicks,points_bg,0,1,0.940631289304522,0.35238828967642527,-0.2461419753086419
plasma,2086,boneseg_ftclicks,boxes,0,1,0.931919437729888,0.2775126981683854,-0.2760416666666682
plasma,2086,boneseg_ftclicks,points_bg,1,1,0.938532486068651,0.37069767441860463,-0.6134259259259256
plasma,2086,boneseg_ftclicks,boxes,1,1,0.9377501642869944,0.27694197113908503,0.0702160493827153
plasma,2086,boneseg_ftclicks,points_bg,2,1,0.9433290117887716,0.3447854634295312,-0.1896219135802485
plasma,2086,boneseg_ftclicks,boxes,2,1,0.925459119976365,0.3494723774053383,-0.9263117283950628
plasma,2087,boneseg_learned,none,0,1,0.7560580540543448,0.1566568047337278,13.557548868312757
plasma,2087,boneseg_ftlayer,none,0,1,0.8461539925944963,0.2849189966848064,9.377314814814818
plasma,2087,boneseg_ftlearned,none,0,1,0.8344616691601573,0.30649496780646374,10.247556584362139
plasma,2087,boneseg_ftclicks,points_bg,0,1,0.8237262468579443,0.014494654686167771,-1.8719778806584375
plasma,2087,boneseg_ftclicks,boxes,0,1,0.35992814271393586,0.0021364009860312242,-22.703510802469136
plasma,2087,boneseg_ftclicks,points_bg,1,1,0.8088681528774139,0.010111761575306013,-3.1853780864197545
plasma,2087,boneseg_ftclicks,boxes,1,1,0.5727600962194783,0.0032881216605014385,-17.19656635802469
plasma,2087,boneseg_ftclicks,points_bg,2,1,0.832973639586866,0.04442319949012109,0.22157921810699865
plasma,2087,boneseg_ftclicks,boxes,2,1,0.4898764216663701,0.0028162014412325023,-19.509709362139915
plasma,208,boneseg_learned,none,0,1,0.6030264066330118,0.1127652483057438,1.7772633744855963
plasma,208,boneseg_ftlayer,none,0,1,0.8781647607865942,0.46665555185061686,-1.055234053497943
plasma,208,boneseg_ftlearned,none,0,1,0.881822353622665,0.4644743567899131,-1.431327160493827
plasma,208,boneseg_ftclicks,points_bg,0,1,0.9245057489332299,0.2448040380047506,1.1089891975308643
plasma,208,boneseg_ftclicks,boxes,0,1,0.8719674259572704,0.13544162274397062,0.39274691358024694
plasma,208,boneseg_ftclicks,points_bg,1,1,0.9343351396005232,0.29554410427402245,1.088927469135803
plasma,208,boneseg_ftclicks,boxes,1,1,0.8589106590419049,0.07979653473215705,0.6791409465020576
plasma,208,boneseg_ftclicks,points_bg,2,1,0.9165607170922752,0.17294801132131685,1.6028806584362134
plasma,208,boneseg_ftclicks,boxes,2,1,0.8591953447712091,0.07712976134028765,0.7453703703703698
plasma,2105,boneseg_learned,none,0,1,0.8098254135471368,0.14549448692492925,7.55131172839506
plasma,2105,boneseg_ftlayer,none,0,1,0.9338556216037209,0.2914360856939346,1.1817772633744839
plasma,2105,boneseg_ftlearned,none,0,1,0.9462377902230191,0.28589448283426566,0.603845164609057
plasma,2105,boneseg_ftclicks,points_bg,0,1,0.8911230359523236,0.19710517491896726,-6.467013888888889
plasma,2105,boneseg_ftclicks,boxes,0,1,0.3530962023057899,0.0014289116456299119,-28.441036522633745
plasma,2105,boneseg_ftclicks,points_bg,1,1,0.9415192236483422,0.3649772209567198,-1.3838091563786015
plasma,2105,boneseg_ftclicks,boxes,1,1,0.27701554106056225,0.0,-30.382780349794235
plasma,2105,boneseg_ftclicks,points_bg,2,1,0.9062352958087964,0.2250167298683917,-5.309735082304528
plasma,2105,boneseg_ftclicks,boxes,2,1,0.596380441425146,0.15139358108108109,-20.00810185185185
plasma,2110,boneseg_learned,none,0,1,0.44527191892579676,0.07810284830519397,17.163708847736626
plasma,2110,boneseg_ftlayer,none,0,1,0.7772710268471867,0.17010556621880998,-1.0429526748971198
plasma,2110,boneseg_ftlearned,none,0,1,0.8070027177954757,0.10751270947090943,1.8218878600823039
plasma,2110,boneseg_ftclicks,points_bg,0,1,0.8072498829070003,0.0473162045281099,-2.235918209876543
plasma,2110,boneseg_ftclicks,boxes,0,1,0.942924982552722,0.2154977375565611,-0.7077546296296298
plasma,2110,boneseg_ftclicks,points_bg,1,1,0.8451063248083178,0.0835399107585523,-1.2072402263374484
plasma,2110,boneseg_ftclicks,boxes,1,1,0.9502904854605183,0.2292802617230098,-0.2884516460905359
plasma,2110,boneseg_ftclicks,points_bg,2,1,0.8237684450458218,0.05853658536585366,-2.135866769547326
plasma,2110,boneseg_ftclicks,boxes,2,1,0.9505327128555247,0.2303811659192825,-0.39801954732510414
plasma,2122,boneseg_learned,none,0,1,0.6326792518069806,0.07613829586245985,13.722350823045264
plasma,2122,boneseg_ftlayer,none,0,1,0.8532715659697724,0.20970194647201945,2.7467849794238677
plasma,2122,boneseg_ftlearned,none,0,1,0.8219489542901702,0.2235669636919803,4.397247942386833
plasma,2122,boneseg_ftclicks,points_bg,0,1,0.8593199464041613,0.2764467952706907,3.547582304526749
plasma,2122,boneseg_ftclicks,boxes,0,1,0.8959221754571173,0.10175438596491228,2.816358024691358
plasma,2122,boneseg_ftclicks,points_bg,1,1,0.7740671507656913,0.04129588431590656,7.238811728395063
plasma,2122,boneseg_ftclicks,boxes,1,1,0.9128880651353677,0.18980934705584612,2.2408693415637853
plasma,2122,boneseg_ftclicks,points_bg,2,1,0.839999388000883,0.228486646884273,4.4605838477366255
plasma,2122,boneseg_ftclicks,boxes,2,1,0.9002764024866917,0.10380388841927303,2.6788837448559684
plasma,2139,boneseg_learned,none,0,1,0.8305237173618274,0.15060832766568427,7.1085390946502045
plasma,2139,boneseg_ftlayer,none,0,1,0.8744647064782521,0.3675444162436548,0.5001929012345668
plasma,2139,boneseg_ftlearned,none,0,1,0.8546170714086962,0.3087799315849487,2.0025720164609044
plasma,2139,boneseg_ftclicks,points_bg,0,1,0.8545461736422987,0.24994110718492343,-1.2265303497942388
plasma,2139,boneseg_ftclicks,boxes,0,1,0.678325609198994,0.16952518505145334,-10.511252572016463
plasma,2139,boneseg_ftclicks,points_bg,1,1,0.8012708518562272,0.046261430876815494,-7.0068158436214
plasma,2139,boneseg_ftclicks,boxes,1,1,0.6849931224908964,0.17578194816800716,-10.46264146090535
plasma,2139,boneseg_ftclicks,points_bg,2,1,0.8606788086172047,0.290888871236794,-0.719907407407408
plasma,2139,boneseg_ftclicks,boxes,2,1,0.6638816735570442,0.1290885703785373,-11.217785493827162
plasma,2142,boneseg_learned,none,0,1,0.7902957558086044,0.16216821592563557,3.319251543209878
plasma,2142,boneseg_ftlayer,none,0,1,0.8291992477924587,0.24711607786589762,-2.7673611111111107
plasma,2142,boneseg_ftlearned,none,0,1,0.8863896872287166,0.22496763055675442,0.7536008230452695
plasma,2142,boneseg_ftclicks,points_bg,0,1,0.8948061288175945,0.3794089609151573,1.9472736625514409
plasma,2142,boneseg_ftclicks,boxes,0,1,0.5844514490513458,0.11152539564172674,-16.808706275720166
plasma,2142,boneseg_ftclicks,points_bg,1,1,0.8939668520562973,0.36939497650675795,4.54443158436214
plasma,2142,boneseg_ftclicks,boxes,1,1,0.5913748063794176,0.08857381150959133,-16.982960390946502
plasma,2142,boneseg_ftclicks,points_bg,2,1,0.8869922610706905,0.32971760998666827,0.7973894032921813
plasma,2142,boneseg_ftclicks,boxes,2,1,0.5258138893762061,0.007217391304347826,-19.229423868312757
plasma,2145,boneseg_learned,none,0,1,0.7748418777982978,0.13811819028717243,-3.03632973251029
plasma,2145,boneseg_ftlayer,none,0,1,0.7603937851060696,0.1896046522111527,-2.1096322016460887
plasma,2145,boneseg_ftlearned,none,0,1,0.8172216208458591,0.19131711409395974,1.3589248971193402
plasma,2145,boneseg_ftclicks,points_bg,0,1,0.7152454970265983,0.07677523245545687,-9.378665123456791
plasma,2145,boneseg_ftclicks,boxes,0,1,0.3724231184704523,0.017955112219451373,-31.79976851851852
plasma,2145,boneseg_ftclicks,points_bg,1,1,0.7917747921310938,0.21425433243836953,-1.3011831275720143
plasma,2145,boneseg_ftclicks,boxes,1,1,0.38093700607075415,0.014637629418064976,-31.49093364197531
plasma,2145,boneseg_ftclicks,points_bg,2,1,0.7198304792221988,0.07426050856253244,-9.104295267489714
plasma,2145,boneseg_ftclicks,boxes,2,1,0.5592958876783628,0.1269657566886786,-24.141396604938272
plasma,2159,boneseg_learned,none,0,1,0.7393387872254591,0.16108420769437717,10.84214248971193
plasma,2159,boneseg_ftlayer,none,0,1,0.8730064973419964,0.2725761772853186,1.2008744855967062
plasma,2159,boneseg_ftlearned,none,0,1,0.8825028331117065,0.30852685376131983,1.4929269547325097
plasma,2159,boneseg_ftclicks,points_bg,0,1,0.863679078206435,0.12181583903260977,-2.1902006172839523
plasma,2159,boneseg_ftclicks,boxes,0,1,0.8400405211754252,0.21456364647026124,-4.701581790123457
plasma,2159,boneseg_ftclicks,points_bg,1,1,0.8686684810792059,0.14664831924513466,-1.8127572016460896
plasma,2159,boneseg_ftclicks,boxes,1,1,0.8526875398992285,0.28945943018091214,-2.1152263374485587
plasma,2159,boneseg_ftclicks,points_bg,2,1,0.8174631605639926,0.012416948044875286,-5.821244855967079
plasma,2159,boneseg_ftclicks,boxes,2,1,0.8572251125107496,0.3575987020010817,-3.152327674897121
plasma,2160,boneseg_learned,none,0,1,0.7392829662902656,0.21084670724958496,8.641075102880658
plasma,2160,boneseg_ftlayer,none,0,1,0.8695321083679973,0.39371444429027336,-1.5229552469135765
plasma,2160,boneseg_ftlearned,none,0,1,0.8741046924784808,0.40076575008701704,-1.6777906378600798
plasma,2160,boneseg_ftclicks,points_bg,0,1,0.862226193482385,0.2538041917886879,-3.5454603909465003
plasma,2160,boneseg_ftclicks,boxes,0,1,0.7104050819835305,0.2862377503195569,-9.917116769547324
plasma,2160,boneseg_ftclicks,points_bg,1,1,0.8553095757524966,0.20931904796145825,-4.095679012345677
plasma,2160,boneseg_ftclicks,boxes,1,1,0.5473900343432615,0.03419625677803043,-16.37133487654321
plasma,2160,boneseg_ftclicks,points_bg,2,1,0.8510868722341898,0.1932906198257865,-4.276041666666666
plasma,2160,boneseg_ftclicks,boxes,2,1,0.5175395852186625,0.034384210056265074,-17.175090020576132
plasma,2174,boneseg_learned,none,0,1,0.47845465189675196,0.039540678149712925,13.913451646090536
plasma,2174,boneseg_ftlayer,none,0,1,0.7234314833617502,0.2921615201900237,4.00585133744856
plasma,2174,boneseg_ftlearned,none,0,1,0.6971841144552243,0.2846299810246679,4.607960390946501
plasma,2174,boneseg_ftclicks,points_bg,0,1,0.636965934581877,0.006661542403279528,-0.4504886831275722
plasma,2174,boneseg_ftclicks,boxes,0,1,0.95549740874839,0.376043068640646,-0.09606481481481549
plasma,2174,boneseg_ftclicks,points_bg,1,1,0.7004952098057586,0.1376492771841609,2.116962448559671
plasma,2174,boneseg_ftclicks,boxes,1,1,0.9559024978858717,0.36194525644432635,0.22601594650205753
plasma,2174,boneseg_ftclicks,points_bg,2,1,0.6991483444069768,0.09423161602818142,1.3725565843621403
plasma,2174,boneseg_ftclicks,boxes,2,1,0.9368606813762786,0.32556864894491644,-0.6064814814814814
plasma,2178,boneseg_learned,none,0,1,0.385298368779682,0.052594670406732116,14.929848251028806
plasma,2178,boneseg_ftlayer,none,0,1,0.5133212937786615,0.13038698328935797,-2.6012088477366255
plasma,2178,boneseg_ftlearned,none,0,1,0.8408108054345448,0.1427241287576483,0.8856095679012355
plasma,2178,boneseg_ftclicks,points_bg,0,1,0.8520031455229432,0.17486338797814208,-0.1496270576131678
plasma,2178,boneseg_ftclicks,boxes,0,1,0.9345961631468644,0.16529126213592232,0.6775977366255154
plasma,2178,boneseg_ftclicks,points_bg,1,1,0.8020925778878042,0.21520163538375767,2.6192772633744865
plasma,2178,boneseg_ftclicks,boxes,1,1,0.9275834206673653,0.14671083767155702,0.7983539094650216
plasma,2178,boneseg_ftclicks,points_bg,2,1,0.8413413938975728,0.23660629170638703,1.8689557613168732
plasma,2178,boneseg_ftclicks,boxes,2,1,0.9333758522280036,0.17581077785905877,0.6527134773662555
plasma,2184,boneseg_learned,none,0,1,0.8057034352171678,0.07196700327122742,4.5978009259259265
plasma,2184,boneseg_ftlayer,none,0,1,0.9279681701160186,0.30050718512256974,-0.3149434156378597
plasma,2184,boneseg_ftlearned,none,0,1,0.9687831219471086,0.4327485380116959,0.29134516460905396
plasma,2184,boneseg_ftclicks,points_bg,0,1,0.9681340309487984,0.42969806219017576,0.15361368312757223
plasma,2184,boneseg_ftclicks,boxes,0,1,0.9578895180110337,0.2826282628262826,0.8152649176954727
plasma,2184,boneseg_ftclicks,points_bg,1,1,0.9591375401410839,0.3354687166346359,-0.2040895061728401
plasma,2184,boneseg_ftclicks,boxes,1,1,0.959915164369035,0.3001576221571718,0.7662680041152268
plasma,2184,boneseg_ftclicks,points_bg,2,1,0.9585389306830545,0.3405071382910718,-0.22125771604938338
plasma,2184,boneseg_ftclicks,boxes,2,1,0.9538278842257052,0.19306930693069307,0.9208461934156378
plasma,2186,boneseg_learned,none,0,1,0.6777585971203581,0.11516047664608159,11.989969135802466
plasma,2186,boneseg_ftlayer,none,0,1,0.8865242610337968,0.31145495383079613,-1.668016975308642
plasma,2186,boneseg_ftlearned,none,0,1,0.8516346533275853,0.30347953932859595,-0.2717978395061743
plasma,2186,boneseg_ftclicks,points_bg,0,1,0.850884586300334,0.0916241967649014,4.1904578189300405
plasma,2186,boneseg_ftclicks,boxes,0,1,0.8808441440128271,0.1027162447257384,-0.22929526748971252
plasma,2186,boneseg_ftclicks,points_bg,1,1,0.8429867546080184,0.07106821671419171,4.76273148148148
plasma,2186,boneseg_ftclicks,boxes,1,1,0.833635816782433,0.35076836317496124,-3.4488168724279844
plasma,2186,boneseg_ftclicks,points_bg,2,1,0.864049321263288,0.14483925549915397,3.160879629629629
plasma,2186,boneseg_ftclicks,boxes,2,1,0.8748553243967111,0.06742026645135245,0.37159207818929785
plasma,2188,boneseg_learned,none,0,1,0.5356385217249405,0.08586467814453339,13.518904320987657
plasma,2188,boneseg_ftlayer,none,0,1,0.5891289951328657,0.16943231441048034,3.573816872427983
plasma,2188,boneseg_ftlearned,none,0,1,0.6251063320750705,0.2209713734319717,2.922968106995885
plasma,2188,boneseg_ftclicks,points_bg,0,1,0.5230941339021469,0.04842014450555376,14.38014403292181
plasma,2188,boneseg_ftclicks,boxes,0,1,0.7982871392213534,0.08274067649609713,1.0806970164609049
plasma,2188,boneseg_ftclicks,points_bg,1,1,0.5648854961832062,0.05950366610265088,6.829025205761317
plasma,2188,boneseg_ftclicks,boxes,1,1,0.8135523779214175,0.08287388008270158,1.1498842592592595
plasma,2188,boneseg_ftclicks,points_bg,2,1,0.5899913573726413,0.12517916865742953,4.999099794238683
plasma,2188,boneseg_ftclicks,boxes,2,1,0.7973982394447126,0.06613263785394934,0.35802469135802484
plasma,2189,boneseg_learned,none,0,1,0.7094260415994756,0.0742042020940201,-3.088798868312756
plasma,2189,boneseg_ftlayer,none,0,1,0.8778298125299039,0.3056814220982921,4.376286008230454
plasma,2189,boneseg_ftlearned,none,0,1,0.8809811782095269,0.2403608322421068,4.312821502057615
plasma,2189,boneseg_ftclicks,points_bg,0,1,0.9322362486481638,0.19527145359019266,-1.2661394032921796
plasma,2189,boneseg_ftclicks,boxes,0,1,0.8212396034713763,0.27297008547008544,-5.082368827160494
plasma,2189,boneseg_ftclicks,points_bg,1,1,0.8669090485388815,0.05125353821269713,-4.6539994855967075
plasma,2189,boneseg_ftclicks,boxes,1,1,0.8262071190641226,0.25949983760961354,-3.7010673868312747
plasma,2189,boneseg_ftclicks,points_bg,2,1,0.9205315423037457,0.1563517915309446,-2.060506687242797
plasma,2189,boneseg_ftclicks,boxes,2,1,0.822053421549829,0.24470563320626854,-3.3527520576131673
plasma,2192,boneseg_learned,none,0,1,0.4772730527226227,0.07638184584178499,6.923996913580247
plasma,2192,boneseg_ftlayer,none,0,1,0.873891661112212,0.30673642903858733,-2.285365226337449
plasma,2192,boneseg_ftlearned,none,0,1,0.8851582499933565,0.26423538373643113,-1.6844778806584388
plasma,2192,boneseg_ftclicks,points_bg,0,1,0.8372055757238158,0.22571236257572358,-4.272826646090536
plasma,2192,boneseg_ftclicks,boxes,0,1,0.8271548412927994,0.352312749471707,-4.414416152263375
plasma,2192,boneseg_ftclicks,points_bg,1,1,0.8470826240719842,0.2861104947858886,-3.9067644032921818
plasma,2192,boneseg_ftclicks,boxes,1,1,0.8328660624981057,0.3920335429769392,-4.035751028806586
plasma,2192,boneseg_ftclicks,points_bg,2,1,0.8563388936348785,0.2751120341020877,-3.656635802469138
plasma,2192,boneseg_ftclicks,boxes,2,1,0.8411678596193201,0.391591382904795,-3.7615097736625525
plasma,2200,boneseg_learned,none,0,1,0.7599295170107984,0.18668222351862654,7.123778292181071
plasma,2200,boneseg_ftlayer,none,0,1,0.7701906518527584,0.293591654247392,0.9678497942386843
plasma,2200,boneseg_ftlearned,none,0,1,0.7974844800415142,0.21537345902828137,1.7788708847736645
plasma,2200,boneseg_ftclicks,points_bg,0,1,0.8271049391461909,0.17106373997467286,3.766911008230453
plasma,2200,boneseg_ftclicks,boxes,0,1,0.7103181812019577,0.21447963800904976,-4.740290637860081
plasma,2200,boneseg_ftclicks,points_bg,1,1,0.8146903170619366,0.05240174672489083,5.747106481481482
plasma,2200,boneseg_ftclicks,boxes,1,1,0.7076539911097915,0.28828246249353334,-5.064621913580246
plasma,2200,boneseg_ftclicks,points_bg,2,1,0.817097036498111,0.10777440619441248,4.598636831275721
plasma,2200,boneseg_ftclicks,boxes,2,1,0.6831591166493909,0.29955829206264223,-5.68897890946502
plasma,2216,boneseg_learned,none,0,1,0.718412654469055,0.14879809889406817,7.52617026748971
plasma,2216,boneseg_ftlayer,none,0,1,0.8416403952631997,0.31973969631236443,-2.1125257201646095
plasma,2216,boneseg_ftlearned,none,0,1,0.9597626187026813,0.37182075090835687,0.33500514403292103
plasma,2216,boneseg_ftclicks,points_bg,0,1,0.965766454804653,0.4175824175824176,0.1824845679012338
plasma,2216,boneseg_ftclicks,boxes,0,1,0.9614875169149919,0.346304064805439,0.5583204732510283
plasma,2216,boneseg_ftclicks,points_bg,1,1,0.962663392435835,0.40807498197548664,-0.356674382716049
plasma,2216,boneseg_ftclicks,boxes,1,1,0.9608725497673709,0.34131128517551496,0.5933641975308629
plasma,2216,boneseg_ftclicks,points_bg,2,1,0.9570576054075793,0.38939591481964364,-0.6428112139917702
plasma,2216,boneseg_ftclicks,boxes,2,1,0.9602938304186893,0.33734241414287786,0.611496913580245
plasma,2221,boneseg_learned,none,0,1,0.5747225740157146,0.05601409626263563,15.614454732510291
plasma,2221,boneseg_ftlayer,none,0,1,0.8961709598633689,0.31137342478864255,1.8807227366255133
plasma,2221,boneseg_ftlearned,none,0,1,0.8976798834142676,0.26400504970806377,1.8197016460905338
plasma,2221,boneseg_ftclicks,points_bg,0,1,0.9051557006898784,0.09718035112608618,-1.826324588477367
plasma,2221,boneseg_ftclicks,boxes,0,1,0.9662780196525091,0.3213691026827012,0.168917181069958
plasma,2221,boneseg_ftclicks,points_bg,1,1,0.8935626835237714,0.10006818956699624,-1.3252957818930045
plasma,2221,boneseg_ftclicks,boxes,1,1,0.9609860270092447,0.3394598649662416,-0.6189557613168737
plasma,2221,boneseg_ftclicks,points_bg,2,1,0.8907798771292431,0.061324167872648334,-2.3211805555555562
plasma,2221,boneseg_ftclicks,boxes,2,1,0.9675662936506002,0.35174203113417346,0.05369084362139842
plasma,2227,boneseg_learned,none,0,1,0.5945005534627893,0.14749350908727782,11.281893004115224
plasma,2227,boneseg_ftlayer,none,0,1,0.7649786899296709,0.17939993813795235,3.2139917695473237
plasma,2227,boneseg_ftlearned,none,0,1,0.7920797106764236,0.2627547111996323,4.101208847736625
plasma,2227,boneseg_ftclicks,points_bg,0,1,0.7638186487867907,0.11636828644501279,1.5619212962962954
plasma,2227,boneseg_ftclicks,boxes,0,1,0.9421562254080131,0.26946758420862005,0.10095164609053436
plasma,2227,boneseg_ftclicks,points_bg,1,1,0.7722619934066002,0.13050440352281825,2.11914866255144
plasma,2227,boneseg_ftclicks,boxes,1,1,0.8946888198849171,0.14890932035334414,-1.2150205761316881
plasma,2227,boneseg_ftclicks,points_bg,2,1,0.7634328839579436,0.10488188976377953,1.2448559670781887
plasma,2227,boneseg_ftclicks,boxes,2,1,0.9055818215136522,0.15793344364772935,-1.1477623456790127
plasma,2258,boneseg_learned,none,0,1,0.695573275817373,0.1081386927394532,7.119470164609057
plasma,2258,boneseg_ftlayer,none,0,1,0.49410276929087577,0.11600621600621601,-4.963670267489712
plasma,2258,boneseg_ftlearned,none,0,1,0.6783424253959602,0.21265666735155125,0.9231610082304526
plasma,2258,boneseg_ftclicks,points_bg,0,1,0.6725361829746345,0.094241773962804,15.529513888888888
plasma,2258,boneseg_ftclicks,boxes,0,1,0.5351468893382912,0.1718892955169259,-12.918209876543207
plasma,2258,boneseg_ftclicks,points_bg,1,1,0.6984860780460164,0.18217870863799726,7.668016975308642
plasma,2258,boneseg_ftclicks,boxes,1,1,0.5495461828241045,0.18784277879341865,-12.549382716049381
plasma,2258,boneseg_ftclicks,points_bg,2,1,0.71044612644478,0.12721930482620655,8.704218106995883
plasma,2258,boneseg_ftclicks,boxes,2,1,0.5294343387827155,0.12923147301006405,-13.166087962962964
plasma,2276,boneseg_learned,none,0,1,0.5856533040919928,0.09236413910454111,12.123456790123456
plasma,2276,boneseg_ftlayer,none,0,1,0.7395250502232632,0.21203465676473388,-3.7685828189300414
plasma,2276,boneseg_ftlearned,none,0,1,0.7455668372174107,0.15116189299776114,-2.426247427983541
plasma,2276,boneseg_ftclicks,points_bg,0,1,0.6879128557335664,0.08507462686567165,7.620820473251028
plasma,2276,boneseg_ftclicks,boxes,0,1,0.7061733783054202,0.06999445368829728,-6.23553240740741
plasma,2276,boneseg_ftclicks,points_bg,1,1,0.6909303178352261,0.09762392773096486,7.279063786008227
plasma,2276,boneseg_ftclicks,boxes,1,1,0.7072890852936509,0.19410347596650224,-8.813143004115227
plasma,2276,boneseg_ftclicks,points_bg,2,1,0.7476673998084898,0.20884972000367208,-1.066486625514404
plasma,2276,boneseg_ftclicks,boxes,2,1,0.7081679134316574,0.22345081778392076,-8.656057098765434
plasma,2295,boneseg_learned,none,0,1,0.6389378955799746,0.10035766884073218,7.3180298353909485
plasma,2295,boneseg_ftlayer,none,0,1,0.8387980588911775,0.23213770554861043,6.141782407407409
plasma,2295,boneseg_ftlearned,none,0,1,0.8072386425609248,0.2121566608956062,11.675797325102883
plasma,2295,boneseg_ftclicks,points_bg,0,1,0.7697217290089508,0.03255286106797276,-9.919174382716047
plasma,2295,boneseg_ftclicks,boxes,0,1,0.5126233186757266,0.011328753106271013,-21.64576903292181
plasma,2295,boneseg_ftclicks,points_bg,1,1,0.757887037639507,0.027365129007036748,-10.641075102880656
plasma,2295,boneseg_ftclicks,boxes,1,1,0.586751823827733,0.020005675368898978,-18.95781893004115
plasma,2295,boneseg_ftclicks,points_bg,2,1,0.7999558892781141,0.09422444827046486,-1.6547067901234558
plasma,2295,boneseg_ftclicks,boxes,2,1,0.31416094618530277,0.007289914283425458,-26.988618827160494
plasma,2299,boneseg_learned,none,0,1,0.591823616592563,0.11815530834863376,5.374935699588478
plasma,2299,boneseg_ftlayer,none,0,1,0.8478521237588754,0.32182916307161347,1.7986754115226335
plasma,2299,boneseg_ftlearned,none,0,1,0.85505650723746,0.29838709677419356,1.9537037037037033
plasma,2299,boneseg_ftclicks,points_bg,0,1,0.850739414798996,0.20967373944786677,0.490933641975308
plasma,2299,boneseg_ftclicks,boxes,0,1,0.9686584519420582,0.4875366568914956,0.33526234567901186
plasma,2299,boneseg_ftclicks,points_bg,1,1,0.8539891077554196,0.244262667575551,0.614197530864198
plasma,2299,boneseg_ftclicks,boxes,1,1,0.9748209027784148,0.565195957604141,0.08834876543209885
plasma,2299,boneseg_ftclicks,points_bg,2,1,0.8554863929706553,0.25289181220231344,0.6750257201646084
plasma,2299,boneseg_ftclicks,boxes,2,1,0.9673777621855505,0.4746881878209831,0.36451903292181037
plasma,2301,boneseg_learned,none,0,1,0.6723569176140538,0.11141729351307068,8.890625
plasma,2301,boneseg_ftlayer,none,0,1,0.519071134852619,0.1619278337370904,-5.915637860082304
plasma,2301,boneseg_ftlearned,none,0,1,0.7058539994697901,0.11781164862675797,-0.6700102880658448
plasma,2301,boneseg_ftclicks,points_bg,0,1,0.7700960080115529,0.27910369984366856,2.7564300411522638
plasma,2301,boneseg_ftclicks,boxes,0,1,0.8492999538950778,0.07705022250476797,-0.05131172839506204
plasma,2301,boneseg_ftclicks,points_bg,1,1,0.7749972723581671,0.247074122236671,3.263567386831276
plasma,2301,boneseg_ftclicks,boxes,1,1,0.7524809756871381,0.2510864993691294,-5.123070987654321
plasma,2301,boneseg_ftclicks,points_bg,2,1,0.7588243817081461,0.28511132214835916,1.9291409465020588
plasma,2301,boneseg_ftclicks,boxes,2,1,0.849343891446874,0.07245463709677419,0.25739454732510436
plasma,2315,boneseg_learned,none,0,1,0.7474347210220136,0.10888600616182909,3.1383101851851833
plasma,2315,boneseg_ftlayer,none,0,1,0.8189333813349916,0.32872812526165957,6.343364197530862
plasma,2315,boneseg_ftlearned,none,0,1,0.8249190145277007,0.32823931068119006,5.875385802469135
plasma,2315,boneseg_ftclicks,points_bg,0,1,0.6957370723583559,0.0,-5.420846193415639
plasma,2315,boneseg_ftclicks,boxes,0,1,0.7042926604785468,0.002099737532808399,-7.5198688271604945
plasma,2315,boneseg_ftclicks,points_bg,1,1,0.8082638486010154,0.0666731085128998,0.9655349794238682
plasma,2315,boneseg_ftclicks,boxes,1,1,0.8220252550892069,0.27085156933850196,-4.831532921810701
plasma,2315,boneseg_ftclicks,points_bg,2,1,0.8149752579598919,0.09274193548387097,1.367605452674897
plasma,2315,boneseg_ftclicks,boxes,2,1,0.8331786798358052,0.3454385524001005,-4.331082818930041
plasma,2318,boneseg_learned,none,0,1,0.6738083481820198,0.13747034586090648,13.16409465020576
plasma,2318,boneseg_ftlayer,none,0,1,0.8830290569496396,0.27375606251122686,0.7827932098765422
plasma,2318,boneseg_ftlearned,none,0,1,0.8562808795808917,0.19028454423497845,0.6625514403292176
plasma,2318,boneseg_ftclicks,points_bg,0,1,0.8377570327002714,0.1965747068252763,2.4792952674897117
plasma,2318,boneseg_ftclicks,boxes,0,1,0.7219191666249312,0.2776731301939058,-8.651941872427985
plasma,2318,boneseg_ftclicks,points_bg,1,1,0.8160544994536272,0.18626319992900878,4.971900720164607
plasma,2318,boneseg_ftclicks,boxes,1,1,0.5054066483497046,0.0,-13.484760802469136
plasma,2318,boneseg_ftclicks,points_bg,2,1,0.845060712727174,0.3192230163093275,-2.8812371399176975
plasma,2318,boneseg_ftclicks,boxes,2,1,0.5467641406891365,0.0,-12.708847736625517
plasma,2335,boneseg_learned,none,0,1,0.7362341420771191,0.15824651071358364,9.070730452674896
plasma,2335,boneseg_ftlayer,none,0,1,0.8703945693678404,0.25681236792347906,2.8990483539094667
plasma,2335,boneseg_ftlearned,none,0,1,0.8516206584284121,0.2613784135240572,4.469071502057615
plasma,2335,boneseg_ftclicks,points_bg,0,1,0.8974909123998448,0.18576721604701674,-0.5601851851851858
plasma,2335,boneseg_ftclicks,boxes,0,1,0.9125339999233805,0.36522419186652766,-0.5572273662551447
plasma,2335,boneseg_ftclicks,points_bg,1,1,0.8984573989313825,0.1865251853745845,-0.5515689300411519
plasma,2335,boneseg_ftclicks,boxes,1,1,0.8724140298617823,0.11517882286679809,-3.06301440329218
plasma,2335,boneseg_ftclicks,points_bg,2,1,0.8847447383043644,0.11219763252702007,-1.028163580246913
plasma,2335,boneseg_ftclicks,boxes,2,1,0.9143606906136948,0.35943499725726824,-1.7818930041152259
plasma,2339,boneseg_learned,none,0,1,0.7944157479869238,0.0954707615945401,7.990997942386829
plasma,2339,boneseg_ftlayer,none,0,1,0.7963095670607528,0.2524013897404455,1.1370884773662548
plasma,2339,boneseg_ftlearned,none,0,1,0.81055205785941,0.23139291245331148,0.8638760288065844
plasma,2339,boneseg_ftclicks,points_bg,0,1,0.8032602781385857,0.21626714121218465,-2.3476723251028813
plasma,2339,boneseg_ftclicks,boxes,0,1,0.8573576605002721,0.29967197750702906,-4.004436728395061
plasma,2339,boneseg_ftclicks,points_bg,1,1,0.796956635808253,0.15309106098579783,-3.133616255144031
plasma,2339,boneseg_ftclicks,boxes,1,1,0.7590350946179467,0.042314945780292317,-7.194122942386831
plasma,2339,boneseg_ftclicks,points_bg,2,1,0.8031029000603037,0.22043628013777267,-2.258487654320987
plasma,2339,boneseg_ftclicks,boxes,2,1,0.864262302501801,0.359078429031873,-3.3497942386831263
plasma,2351,boneseg_learned,none,0,1,0.715536725452233,0.08873766587274583,11.23733281893004
plasma,2351,boneseg_ftlayer,none,0,1,0.6998763220424103,0.1880925598585891,-1.4328060699588474
plasma,2351,boneseg_ftlearned,none,0,1,0.7304021097341828,0.1690044261579702,-0.24138374485596914
plasma,2351,boneseg_ftclicks,points_bg,0,1,0.7403133052798105,0.1055940160738442,8.025977366255145
plasma,2351,boneseg_ftclicks,boxes,0,1,0.4073774582285968,0.0,-16.49344135802469
plasma,2351,boneseg_ftclicks,points_bg,1,1,0.7122310352970592,0.1630761726688887,1.964506172839506
plasma,2351,boneseg_ftclicks,boxes,1,1,0.7048176985850116,0.08627450980392157,-9.970293209876543
plasma,2351,boneseg_ftclicks,points_bg,2,1,0.6699087592518679,0.05461951490464729,-7.594007201646091
plasma,2351,boneseg_ftclicks,boxes,2,1,0.7457620560908738,0.24762666133706407,-7.7626671810699595
plasma,2355,boneseg_learned,none,0,1,0.6866435140415346,0.11224100673700267,6.902006172839503
plasma,2355,boneseg_ftlayer,none,0,1,0.6376638639538611,0.1561442521512134,-7.080697016460906
plasma,2355,boneseg_ftlearned,none,0,1,0.7408353447095648,0.1948619841486745,-4.6919367283950635
plasma,2355,boneseg_ftclicks,points_bg,0,1,0.7640801277569674,0.21653704461727385,-4.028677983539095
plasma,2355,boneseg_ftclicks,boxes,0,1,0.8069192549904716,0.30007855459544386,-5.304012345679013
plasma,2355,boneseg_ftclicks,points_bg,1,1,0.7973850673045323,0.22716241141636734,-1.0213477366255164
plasma,2355,boneseg_ftclicks,boxes,1,1,0.8006269580404095,0.29714542593841314,-5.58468364197531
plasma,2355,boneseg_ftclicks,points_bg,2,1,0.7612575030067281,0.23976188032433543,-4.066165123456791
plasma,2355,boneseg_ftclicks,boxes,2,1,0.8079318553056967,0.24078596802841917,-4.888117283950619
plasma,2359,boneseg_learned,none,0,1,0.632114219770162,0.10937568551748343,10.83815586419753
plasma,2359,boneseg_ftlayer,none,0,1,0.7769273406344861,0.22500454738373857,12.112911522633741
plasma,2359,boneseg_ftlearned,none,0,1,0.7786306233729422,0.21313364055299538,11.934413580246911
plasma,2359,boneseg_ftclicks,points_bg,0,1,0.7638471053709588,0.21318597074043313,6.858474794238678
plasma,2359,boneseg_ftclicks,boxes,0,1,0.6968033509395112,0.05864685425229213,-10.559477880658438
plasma,2359,boneseg_ftclicks,points_bg,1,1,0.6848921636672533,0.03053082756346851,-1.996527777777779
plasma,2359,boneseg_ftclicks,boxes,1,1,0.6499857286818544,0.02336448598130841,-12.872427983539097
plasma,2359,boneseg_ftclicks,points_bg,2,1,0.6537560510974867,0.02330123240622264,-3.696566358024694
plasma,2359,boneseg_ftclicks,boxes,2,1,0.760629436313574,0.22285367886640903,-7.12197788065844
plasma,2378,boneseg_learned,none,0,1,0.6352220493521806,0.06657720122269441,9.945537551440331
plasma,2378,boneseg_ftlayer,none,0,1,0.7977238243158138,0.2233287424515309,-4.883551954732511
plasma,2378,boneseg_ftlearned,none,0,1,0.8612490106477463,0.259609090058917,-1.6460262345679015
plasma,2378,boneseg_ftclicks,points_bg,0,1,0.8077804696445161,0.2648778809769522,-4.988876028806585
plasma,2378,boneseg_ftclicks,boxes,0,1,0.8128136962766676,0.3009609949123799,-3.557291666666668
plasma,2378,boneseg_ftclicks,points_bg,1,1,0.8989475355747091,0.2385923053981509,2.869663065843622
plasma,2378,boneseg_ftclicks,boxes,1,1,0.8284260367344815,0.24580759046778464,-2.678819444444444
plasma,2378,boneseg_ftclicks,points_bg,2,1,0.8205556402321169,0.26364335126825517,-4.46457047325103
plasma,2378,boneseg_ftclicks,boxes,2,1,0.8140300129653957,0.2921615201900237,-3.5196759259259274
plasma,2380,boneseg_learned,none,0,1,0.620398169111133,0.15363750847621815,10.98263888888889
plasma,2380,boneseg_ftlayer,none,0,1,0.9542189942536773,0.3492433061699651,0.31770833333333304
plasma,2380,boneseg_ftlearned,none,0,1,0.939484341622913,0.3346330594624704,0.7287165637860082
plasma,2380,boneseg_ftclicks,points_bg,0,1,0.9116805594194237,0.07406042741341194,-1.650655864197531
plasma,2380,boneseg_ftclicks,boxes,0,1,0.9688986207049308,0.4958399716764029,-0.051376028806585095
plasma,2380,boneseg_ftclicks,points_bg,1,1,0.9377639497771184,0.21497540535616688,-1.172903806584362
plasma,2380,boneseg_ftclicks,boxes,1,1,0.9646239372747675,0.378625417472315,0.3431712962962963
plasma,2380,boneseg_ftclicks,points_bg,2,1,0.9348016703565465,0.1922585356947234,-1.232574588477367
plasma,2380,boneseg_ftclicks,boxes,2,1,0.9631475799635284,0.3496771942069447,0.39615483539094665
plasma,2384,boneseg_learned,none,0,1,0.6497266698867407,0.05752058448335846,14.733346193415636
plasma,2384,boneseg_ftlayer,none,0,1,0.7107487493784944,0.1875,10.021733539094651
plasma,2384,boneseg_ftlearned,none,0,1,0.6909696502860221,0.17400589850503406,11.151041666666666
plasma,2384,boneseg_ftclicks,points_bg,0,1,0.7178902188746862,0.20821493154223714,9.034079218106998
plasma,2384,boneseg_ftclicks,boxes,0,1,0.8423677775665147,0.20778884719886143,1.0839763374485611
plasma,2384,boneseg_ftclicks,points_bg,1,1,0.7163869099569032,0.1946937182988685,10.016718106995883
plasma,2384,boneseg_ftclicks,boxes,1,1,0.8884093273287631,0.20750034468495795,1.8560313786008225
plasma,2384,boneseg_ftclicks,points_bg,2,1,0.7161667032605116,0.1982413035044614,9.486111111111112
plasma,2384,boneseg_ftclicks,boxes,2,1,0.8826643520805005,0.1780281690140845,2.5961291152263364
plasma,2386,boneseg_learned,none,0,1,0.7144857714089432,0.13562904027846842,12.47537294238683
plasma,2386,boneseg_ftlayer,none,0,1,0.7599868061231287,0.17871248025276462,0.9439943415637864
plasma,2386,boneseg_ftlearned,none,0,1,0.7779620830271977,0.16448351648351647,1.453575102880658
plasma,2386,boneseg_ftclicks,points_bg,0,1,0.8068565375032566,0.06471421823334908,6.044045781893004
plasma,2386,boneseg_ftclicks,boxes,0,1,0.7766204377437569,0.09933121368271022,-3.281121399176956
plasma,2386,boneseg_ftclicks,points_bg,1,1,0.8098283386758713,0.0786336109008327,5.76228137860082
plasma,2386,boneseg_ftclicks,boxes,1,1,0.6827798737520435,0.15262543757292882,-8.854102366255145
plasma,2386,boneseg_ftclicks,points_bg,2,1,0.8121546478536829,0.0869892675578987,5.52096193415638
plasma,2386,boneseg_ftclicks,boxes,2,1,0.7469834462045472,0.160781773026671,-5.615933641975309
plasma,2392,boneseg_learned,none,0,1,0.6026256273646241,0.11092185051441031,14.457368827160494
plasma,2392,boneseg_ftlayer,none,0,1,0.8919820844649476,0.32701905626134303,2.4183384773662553
plasma,2392,boneseg_ftlearned,none,0,1,0.8746574231735993,0.2754123941150245,3.5025720164609058
plasma,2392,boneseg_ftclicks,points_bg,0,1,0.8376151895291175,0.04060170394036209,-2.68679269547325
plasma,2392,boneseg_ftclicks,boxes,0,1,0.9715931732531794,0.46982995063082833,0.019740226337450206
plasma,2392,boneseg_ftclicks,points_bg,1,1,0.8895303792623847,0.13795379537953795,-0.6643518518518521
plasma,2392,boneseg_ftclicks,boxes,1,1,0.9699226097582184,0.453039430449069,-0.11844135802469014
plasma,2392,boneseg_ftclicks,points_bg,2,1,0.8436735400621843,0.04515871961747908,-2.5948431069958837
plasma,2392,boneseg_ftclicks,boxes,2,1,0.9685843707976781,0.44735058951077383,0.32812500000000133
plasma,2394,boneseg_learned,none,0,1,0.7502374302989271,0.1659555847281479,6.680684156378599
plasma,2394,boneseg_ftlayer,none,0,1,0.8442240700798154,0.3293544625094327,-3.3371270576131677
plasma,2394,boneseg_ftlearned,none,0,1,0.8799371964084196,0.34190817323347444,-0.8463220164609042
plasma,2394,boneseg_ftclicks,points_bg,0,1,0.7320098440671843,0.08412436764622293,14.629372427983542
plasma,2394,boneseg_ftclicks,boxes,0,1,0.5417741466480316,0.12915945374110405,-13.74954989711934
plasma,2394,boneseg_ftclicks,points_bg,1,1,0.7240528553132898,0.08640456350315978,16.14043209876543
plasma,2394,boneseg_ftclicks,boxes,1,1,0.5713302255365842,0.0904531456225253,-11.22389403292181
plasma,2394,boneseg_ftclicks,points_bg,2,1,0.7834553651033983,0.07574074074074075,8.372942386831275
plasma,2394,boneseg_ftclicks,boxes,2,1,0.5325164869482154,0.05313312157089229,-13.021347736625513
plasma,2404,boneseg_learned,none,0,1,0.5253670060658945,0.04392408937863483,16.387024176954736
plasma,2404,boneseg_ftlayer,none,0,1,0.598956564466829,0.1290223406435745,13.957561728395063
plasma,2404,boneseg_ftlearned,none,0,1,0.5991053099798341,0.13266583229036297,13.852559156378602
plasma,2404,boneseg_ftclicks,points_bg,0,1,0.7019396899260522,0.0,0.6934156378600829
plasma,2404,boneseg_ftclicks,boxes,0,1,0.9664450878117885,0.27089337175792505,0.19579475308642014
plasma,2404,boneseg_ftclicks,points_bg,1,1,0.6847563542264046,0.0,1.1245498971193424
plasma,2404,boneseg_ftclicks,boxes,1,1,0.8601702522619568,0.0,-2.654256687242798
plasma,2404,boneseg_ftclicks,points_bg,2,1,0.660249201363842,0.07762046696472925,7.066486625514405
plasma,2404,boneseg_ftclicks,boxes,2,1,0.9525809804261216,0.24422236102435976,-0.848765432098765
plasma,2423,boneseg_learned,none,0,1,0.633186698353306,0.10417421224194133,5.1390817901234565
plasma,2423,boneseg_ftlayer,none,0,1,0.8602330575676111,0.27954094644375177,-2.6228137860082295
plasma,2423,boneseg_ftlearned,none,0,1,0.8549814664534604,0.21340388007054673,-1.137795781893003
plasma,2423,boneseg_ftclicks,points_bg,0,1,0.8467371911899249,0.23821468092954629,-5.629565329218106
plasma,2423,boneseg_ftclicks,boxes,0,1,0.7375673885319702,0.2756985605419136,-9.279385288065845
plasma,2423,boneseg_ftclicks,points_bg,1,1,0.850060835622698,0.2523961661341853,-5.368698559670781
plasma,2423,boneseg_ftclicks,boxes,1,1,0.4527866541622656,0.00226223871142883,-18.42161779835391
plasma,2423,boneseg_ftclicks,points_bg,2,1,0.8242238815795122,0.1369944784360543,-7.153034979423866
plasma,2423,boneseg_ftclicks,boxes,2,1,0.6829984763577203,0.11754728182512085,-12.24755658436214
plasma,2424,boneseg_learned,none,0,1,0.6502399314481576,0.1239617345477459,15.811856995884776
plasma,2424,boneseg_ftlayer,none,0,1,0.9006886947889451,0.2931454418928323,2.4171167695473255
plasma,2424,boneseg_ftlearned,none,0,1,0.9100769168443906,0.2698464822264182,2.603845164609056
plasma,2424,boneseg_ftclicks,points_bg,0,1,0.8990304068875561,0.11229532022090882,-0.5426954732510286
plasma,2424,boneseg_ftclicks,boxes,0,1,0.889651482271273,0.309541538134241,-3.240419238683126
plasma,2424,boneseg_ftclicks,points_bg,1,1,0.8573304184652353,0.02610813443740867,-2.688400205761315
plasma,2424,boneseg_ftclicks,boxes,1,1,0.898252396507581,0.3445332165918792,-2.704925411522632
plasma,2424,boneseg_ftclicks,points_bg,2,1,0.8986032836533221,0.11418315871168025,-0.5668724279835391
plasma,2424,boneseg_ftclicks,boxes,2,1,0.8858638543093454,0.25493122934214735,-3.893840020576131
plasma,2435,boneseg_learned,none,0,1,0.7728675047203413,0.12201571471743729,5.747042181069959
plasma,2435,boneseg_ftlayer,none,0,1,0.8746594298304539,0.3409638554216867,5.046039094650204
plasma,2435,boneseg_ftlearned,none,0,1,0.8712256428057957,0.27257285893080635,4.234182098765435
plasma,2435,boneseg_ftclicks,points_bg,0,1,0.8042845482361274,0.19523809523809524,-0.5121527777777773
plasma,2435,boneseg_ftclicks,boxes,0,1,0.7931459251310328,0.24074074074074073,-5.545138888888889
plasma,2435,boneseg_ftclicks,points_bg,1,1,0.8442838494863694,0.21889650198341146,1.369791666666667
plasma,2435,boneseg_ftclicks,boxes,1,1,0.6949682703111114,0.09948186528497409,-9.965663580246915
plasma,2435,boneseg_ftclicks,points_bg,2,1,0.8731650520052813,0.31844150978739344,3.3526234567901243
plasma,2435,boneseg_ftclicks,boxes,2,1,0.5239627944918823,0.001471129091577786,-13.808384773662553
plasma,2439,boneseg_learned,none,0,1,0.7641407462568177,0.14983999498023468,5.871592078189303
plasma,2439,boneseg_ftlayer,none,0,1,0.8043523276007256,0.3140661029976941,-1.8621399176954738
plasma,2439,boneseg_ftlearned,none,0,1,0.8467167975551592,0.34308116126297944,0.12017746913580152
plasma,2439,boneseg_ftclicks,points_bg,0,1,0.7718274821234488,0.1282918579366997,-5.430877057613167
plasma,2439,boneseg_ftclicks,boxes,0,1,0.6055552471363275,0.06385369840621169,-13.69367283950617
plasma,2439,boneseg_ftclicks,points_bg,1,1,0.7885865847780725,0.18178923909582936,-3.882458847736625
plasma,2439,boneseg_ftclicks,boxes,1,1,0.5927515765563824,0.03584810126582279,-14.018132716049383
plasma,2439,boneseg_ftclicks,points_bg,2,1,0.7868879196732174,0.1711187305637509,-4.286201131687243
plasma,2439,boneseg_ftclicks,boxes,2,1,0.691931787601579,0.2773874319643741,-10.9272762345679
plasma,304,boneseg_learned,none,0,1,0.8258633696321933,0.18089200815032827,1.0156249999999998
plasma,304,boneseg_ftlayer,none,0,1,0.7772781040421463,0.23299692847740236,2.189236111111111
plasma,304,boneseg_ftlearned,none,0,1,0.7828728970910932,0.2637661454792658,2.4207175925925926
plasma,304,boneseg_ftclicks,points_bg,0,1,0.8044441285859806,0.11968734733756717,0.7070473251028803
plasma,304,boneseg_ftclicks,boxes,0,1,0.944258007205251,0.42583872866392,0.27314814814814803
plasma,304,boneseg_ftclicks,points_bg,1,1,0.8073121380561434,0.1718673817649927,0.9086934156378595
plasma,304,boneseg_ftclicks,boxes,1,1,0.933868679245283,0.37812408115260215,0.49954989711934117
plasma,304,boneseg_ftclicks,points_bg,2,1,0.8043253464117942,0.12063492063492064,0.7316743827160493
plasma,304,boneseg_ftclicks,boxes,2,1,0.8518230510396151,0.062366899908731364,-1.3025334362139922
plasma,305,boneseg_learned,none,0,1,0.44226970157357093,0.036331360946745564,-6.750835905349795
plasma,305,boneseg_ftlayer,none,0,1,0.6102127253258401,0.21045734503996855,-1.9888117283950624
plasma,305,boneseg_ftlearned,none,0,1,0.6900899694463337,0.1155506227648292,-2.598315329218108
plasma,305,boneseg_ftclicks,points_bg,0,1,0.6514912566525469,0.06424581005586592,8.756301440329219
plasma,305,boneseg_ftclicks,boxes,0,1,0.7810387469084914,0.06771978021978022,0.9945987654320976
plasma,305,boneseg_ftclicks,points_bg,1,1,0.6577813589061121,0.059631595379331874,8.362975823045266
plasma,305,boneseg_ftclicks,boxes,1,1,0.7077322407302136,0.1992797118847539,-2.859632201646091
plasma,305,boneseg_ftclicks,points_bg,2,1,0.630676816539374,0.03350437669785693,9.834362139917694
plasma,305,boneseg_ftclicks,boxes,2,1,0.7725259600651289,0.06016735290211184,0.5993441358024681
plasma,403,boneseg_learned,none,0,1,0.21493220973507843,0.019996330948449825,5.703510802469134
plasma,403,boneseg_ftlayer,none,0,1,0.41771303454131103,0.19146052185699763,4.138824588477366
plasma,403,boneseg_ftlearned,none,0,1,0.3471301978842011,0.13570103366021732,5.629565329218107
plasma,403,boneseg_ftclicks,points_bg,0,1,0.6499691588481641,0.0341545352743561,0.9052211934156378
plasma,403,boneseg_ftclicks,boxes,0,1,0.9672656838480577,0.44160942100098133,-0.06835133744855973
plasma,403,boneseg_ftclicks,points_bg,1,1,0.6011775457310222,0.03643497757847534,1.2359182098765429
plasma,403,boneseg_ftclicks,boxes,1,1,0.8979781116675941,0.04060913705583756,-0.28292181069958855
plasma,403,boneseg_ftclicks,points_bg,2,1,0.5670021547609306,0.07091097308488613,1.6588220164609053
plasma,403,boneseg_ftclicks,boxes,2,1,0.9490739718770005,0.2969215491559086,-0.1431970164609055
plasma,407,boneseg_learned,none,0,1,0.13644418430984723,0.03295594664275305,4.269483024691358
plasma,407,boneseg_ftlayer,none,0,1,0.606908864105836,0.19533961328705998,-0.42277520576131655
plasma,407,boneseg_ftlearned,none,0,1,0.5242745930644019,0.18852779953014878,1.5142103909465028
plasma,407,boneseg_ftclicks,points_bg,0,1,0.5207139439782367,0.048921933085501856,6.7526363168724295
plasma,407,boneseg_ftclicks,boxes,0,1,0.8745700479014117,0.12506554798112218,0.5285493827160502
plasma,407,boneseg_ftclicks,points_bg,1,1,0.533027513471319,0.0554531490015361,7.038773148148151
plasma,407,boneseg_ftclicks,boxes,1,1,0.8731124823621086,0.07716535433070866,0.5527263374485593
plasma,407,boneseg_ftclicks,points_bg,2,1,0.5200410828162204,0.03996366939146231,7.810378086419753
plasma,407,boneseg_ftclicks,boxes,2,1,0.8573119870846226,0.05222135619641465,0.28864454732510303
plasma,409,boneseg_learned,none,0,1,0.39609948663159705,0.07813129279097865,3.7980324074074074
plasma,409,boneseg_ftlayer,none,0,1,0.6062668984163769,0.34583821805392734,2.0234053497942392
plasma,409,boneseg_ftlearned,none,0,1,0.6306586311892759,0.27736503219415554,1.7855581275720165
plasma,409,boneseg_ftclicks,points_bg,0,1,0.9159880163719988,0.019681349578256794,-0.2560442386831275
plasma,409,boneseg_ftclicks,boxes,0,1,0.9732794475398258,0.5878623188405797,-0.02623456790123435
plasma,409,boneseg_ftclicks,points_bg,1,1,0.8936976508838792,0.0,-0.3174511316872427
plasma,409,boneseg_ftclicks,boxes,1,1,0.9736200827756933,0.6343216531895777,0.020961934156378884
plasma,409,boneseg_ftclicks,points_bg,2,1,0.8982051337036004,0.0,-0.30523405349794225
plasma,409,boneseg_ftclicks,boxes,2,1,0.9642448455160507,0.48029330889092575,-0.10088734567901217
plasma,417,boneseg_learned,none,0,1,0.7573831470089313,0.1722543352601156,0.07542438271604929
plasma,417,boneseg_ftlayer,none,0,1,0.6298665901592311,0.0,-0.8295396090534979
plasma,417,boneseg_ftlearned,none,0,1,0.5381860479353515,0.0,-0.9701003086419753
plasma,417,boneseg_ftclicks,points_bg,0,1,0.7969265650585716,0.0,-0.5183256172839508
plasma,417,boneseg_ftclicks,boxes,0,1,0.9147720161862251,0.2753743760399334,0.011959876543209819
plasma,417,boneseg_ftclicks,points_bg,1,1,0.8002512247205125,0.0,-0.511252572016461
plasma,417,boneseg_ftclicks,boxes,1,1,0.924968152866242,0.4235294117647059,-0.04218106995884773
plasma,417,boneseg_ftclicks,points_bg,2,1,0.8161332705322393,0.0,-0.47691615226337447
plasma,417,boneseg_ftclicks,boxes,2,1,0.9252836924646182,0.4351851851851852,-0.04488168724279835
plasma,506,boneseg_learned,none,0,1,0.4237068965517241,0.003032465215840171,-1.603652263374486
plasma,506,boneseg_ftlayer,none,0,1,0.8259726308031504,0.323846908734053,4.517811213991768
plasma,506,boneseg_ftlearned,none,0,1,0.8143743706044654,0.2840199089272477,5.0478395061728385
plasma,506,boneseg_ftclicks,points_bg,0,1,0.7809683710358568,0.08641339343206697,1.1307870370370372
plasma,506,boneseg_ftclicks,boxes,0,1,0.9487083847879231,0.31745058985751495,-0.8532664609053511
plasma,506,boneseg_ftclicks,points_bg,1,1,0.8118543546722713,0.19086816720257235,2.483217592592593
plasma,506,boneseg_ftclicks,boxes,1,1,0.9617487413951269,0.4116443745082612,-0.22241512345679004
plasma,506,boneseg_ftclicks,points_bg,2,1,0.8238578869619233,0.22213500784929358,2.9270190329218098
plasma,506,boneseg_ftclicks,boxes,2,1,0.9637075026721712,0.42466184334696444,-0.1383744855967095
plasma,507,boneseg_learned,none,0,1,0.6765509316744043,0.13083119412233335,7.2238940329218115
plasma,507,boneseg_ftlayer,none,0,1,0.8011038095460817,0.2548368631940469,4.1660236625514395
plasma,507,boneseg_ftlearned,none,0,1,0.8128520958655591,0.2813438005079658,3.6072530864197523
plasma,507,boneseg_ftclicks,points_bg,0,1,0.7506956713780919,0.0008037508372404555,-0.037294238683127645
plasma,507,boneseg_ftclicks,boxes,0,1,0.7424483472148569,0.0,-4.777970679012346
plasma,507,boneseg_ftclicks,points_bg,1,1,0.7654048330775443,0.011577424023154847,0.7192644032921816
plasma,507,boneseg_ftclicks,boxes,1,1,0.966449694291849,0.39920343137254904,-0.5399305555555554
plasma,507,boneseg_ftclicks,points_bg,2,1,0.7641461629412758,0.011330698287220026,0.6533564814814818
plasma,507,boneseg_ftclicks,boxes,2,1,0.7923551105726344,0.0,-4.011316872427983
plasma,512,boneseg_learned,none,0,1,0.6294556325766286,0.10115606936416185,2.7616383744855977
plasma,512,boneseg_ftlayer,none,0,1,0.8428184281842819,0.304324707550514,3.322145061728396
plasma,512,boneseg_ftlearned,none,0,1,0.8395524641649219,0.293100496490327,2.8689557613168715
plasma,512,boneseg_ftclicks,points_bg,0,1,0.8068441785225996,0.07160625444207534,1.0678369341563785
plasma,512,boneseg_ftclicks,boxes,0,1,0.9500010279997768,0.33480441323971916,-0.790316358024691
plasma,512,boneseg_ftclicks,points_bg,1,1,0.7815467203489347,0.026425339366515838,0.31520061728395055
plasma,512,boneseg_ftclicks,boxes,1,1,0.9633945449253905,0.418975650713686,0.07400977366255196
plasma,512,boneseg_ftclicks,points_bg,2,1,0.6696223796108186,0.0,-5.49633487654321
plasma,512,boneseg_ftclicks,boxes,2,1,0.96223648552275,0.4210309278350515,-0.1419753086419756
plasma,513,boneseg_learned,none,0,1,0.8497380307522611,0.1671497584541063,2.8472865226337465
plasma,513,boneseg_ftlayer,none,0,1,0.9683366045259315,0.3359895918035453,-0.2703832304526754
plasma,513,boneseg_ftlearned,none,0,1,0.9628700898346975,0.3105590062111801,-0.5131815843621407
plasma,513,boneseg_ftclicks,points_bg,0,1,0.9059426642092709,0.038980509745127435,-2.322530864197531
plasma,513,boneseg_ftclicks,boxes,0,1,0.9683002657261339,0.35959129861568884,-0.46965020576131555
plasma,513,boneseg_ftclicks,points_bg,1,1,0.9098559887239608,0.03992015968063872,-2.233346193415638
plasma,513,boneseg_ftclicks,boxes,1,1,0.9699625581356303,0.3839815425181279,-0.42496141975308654
plasma,513,boneseg_ftclicks,points_bg,2,1,0.9054797810876914,0.037296037296037296,-2.3363554526748973
plasma,513,boneseg_ftclicks,boxes,2,1,0.9685401746084061,0.36704058066644674,-0.5046939300411529
plasma,516,boneseg_learned,none,0,1,0.6363647462427816,0.1420886446029704,8.274627057613168
plasma,516,boneseg_ftlayer,none,0,1,0.6729126787310663,0.2574871522239943,7.402777777777778
plasma,516,boneseg_ftlearned,none,0,1,0.6638109455253903,0.17662682602921648,7.354166666666667
plasma,516,boneseg_ftclicks,points_bg,0,1,0.6731535621267115,0.15083798882681565,6.529963991769547
plasma,516,boneseg_ftclicks,boxes,0,1,0.9315767163470505,0.27280878726742885,0.9019418724279846
plasma,516,boneseg_ftclicks,points_bg,1,1,0.6659354838709678,0.10203693127736531,5.860468106995887
plasma,516,boneseg_ftclicks,boxes,1,1,0.9328880549482708,0.3513986013986014,0.6170910493827162
plasma,516,boneseg_ftclicks,points_bg,2,1,0.6683164880694954,0.10383877159309021,6.026748971193416
plasma,516,boneseg_ftclicks,boxes,2,1,0.9019166063608353,0.09193870752831446,-0.8217592592592582
plasma,518,boneseg_learned,none,0,1,0.7004953773609897,0.06859165836928864,1.7551440329218113
plasma,518,boneseg_ftlayer,none,0,1,0.8279372454336568,0.22387155407452286,2.8359053497942392
plasma,518,boneseg_ftlearned,none,0,1,0.8411877208004963,0.20223739648409125,2.5632716049382704
plasma,518,boneseg_ftclicks,points_bg,0,1,0.8404615502233483,0.15940421486293774,1.0320216049382713
plasma,518,boneseg_ftclicks,boxes,0,1,0.9662486044454756,0.3684210526315789,-0.3439429012345674
plasma,518,boneseg_ftclicks,points_bg,1,1,0.8138871503191437,0.06350267379679145,-0.22408693415637837
plasma,518,boneseg_ftclicks,boxes,1,1,0.960700660458629,0.30279414559969586,-0.5733024691358015
plasma,518,boneseg_ftclicks,points_bg,2,1,0.8437033267322351,0.15388413429888084,0.7305812757201644
plasma,518,boneseg_ftclicks,boxes,2,1,0.9684894298894845,0.4133761571887398,-0.14654063786008198
plasma,9276,boneseg_learned,none,0,1,0.7323968600602019,0.19335983165770398,3.0383230452674894
plasma,9276,boneseg_ftlayer,none,0,1,0.9146011607877861,0.06962025316455696,-0.7399048353909463
plasma,9276,boneseg_ftlearned,none,0,1,0.9427201243117975,0.14118481731110322,-0.43479938271604873
plasma,9276,boneseg_ftclicks,points_bg,0,1,0.897192828786573,0.04903417533432392,-0.9322273662551437
plasma,9276,boneseg_ftclicks,boxes,0,1,0.9684725458852531,0.47110953562566465,-0.018968621399176322
plasma,9276,boneseg_ftclicks,points_bg,1,1,0.9215830959884695,0.07551319648093842,-0.710969650205761
plasma,9276,boneseg_ftclicks,boxes,1,1,0.9673478553783966,0.4602836879432624,-0.013438786008230369
plasma,9276,boneseg_ftclicks,points_bg,2,1,0.901231440433467,0.04968483500185391,-0.8972479423868307
plasma,9276,boneseg_ftclicks,boxes,2,1,0.9677415204076381,0.4528034066713982,-0.0406378600823043
plasma,9281,boneseg_learned,none,0,1,0.7175356214090004,0.057214696223316916,-11.301568930041153
plasma,9281,boneseg_ftlayer,none,0,1,0.7409706879461053,0.1636742447453888,-8.268454218106996
plasma,9281,boneseg_ftlearned,none,0,1,0.7398875710979504,0.17657812053698943,-8.361818415637861
plasma,9281,boneseg_ftclicks,points_bg,0,1,0.7798344907054644,0.2622939836526866,-4.946437757201649
plasma,9281,boneseg_ftclicks,boxes,0,1,0.5667636227612494,0.07428405291466783,-20.496720679012345
plasma,9281,boneseg_ftclicks,points_bg,1,1,0.7754505444435708,0.23372209263578808,-6.5591563786008225
plasma,9281,boneseg_ftclicks,boxes,1,1,0.47379504918237336,0.0031174499259605643,-23.96701388888889
plasma,9281,boneseg_ftclicks,points_bg,2,1,0.7814964652037105,0.25076656445807227,-4.259773662551441
plasma,9281,boneseg_ftclicks,boxes,2,1,0.6542451928415495,0.1285816108339273,-14.177533436213993
plasma,9286,boneseg_learned,none,0,1,0.318666351755629,0.007372654155495978,-0.9958847736625518
plasma,9286,boneseg_ftlayer,none,0,1,0.34519223033672713,0.07432270438743707,-2.944058641975309
plasma,9286,boneseg_ftlearned,none,0,1,0.3470939535303,0.08474194275411313,-3.0647505144032925
plasma,9286,boneseg_ftclicks,points_bg,0,1,0.6574314591891736,0.09115982000290318,3.784272119341564
plasma,9286,boneseg_ftclicks,boxes,0,1,0.7418297913959565,0.03322728879462708,1.077417695473251
plasma,9286,boneseg_ftclicks,points_bg,1,1,0.4752210924738611,0.039082145850796314,18.412294238683128
plasma,9286,boneseg_ftclicks,boxes,1,1,0.7445826098466857,0.11436413540713632,-0.8146862139917693
plasma,9286,boneseg_ftclicks,points_bg,2,1,0.49918021792790324,0.019456596822472944,14.788773148148149
plasma,9286,boneseg_ftclicks,boxes,2,1,0.7214401408088978,0.0649056603773585,1.4466949588477371
plasma,9292,boneseg_learned,none,0,1,0.46384494629012246,0.059738071532511296,-2.8565457818930025
plasma,9292,boneseg_ftlayer,none,0,1,0.6547893292658956,0.2614238085899196,1.7169495884773678
plasma,9292,boneseg_ftlearned,none,0,1,0.7324004827105282,0.25732001377884944,-0.19881687242798152
plasma,9292,boneseg_ftclicks,points_bg,0,1,0.7771620759170524,0.20413026211278792,7.087448559670784
plasma,9292,boneseg_ftclicks,boxes,0,1,0.6874226007245252,0.07670414116977373,-7.3714634773662535
plasma,9292,boneseg_ftclicks,points_bg,1,1,0.779955684995791,0.28996138996139,2.231288580246915
plasma,9292,boneseg_ftclicks,boxes,1,1,0.7219842152739973,0.30887818306951137,-6.546617798353909
plasma,9292,boneseg_ftclicks,points_bg,2,1,0.7782477517420698,0.24343971631205674,4.317708333333334
plasma,9292,boneseg_ftclicks,boxes,2,1,0.7309458313245557,0.3926197259530593,-6.055362654320986
plasma,9300,boneseg_learned,none,0,1,0.3426070770875824,0.03481585832159388,12.501800411522634
plasma,9300,boneseg_ftlayer,none,0,1,0.7340002973725015,0.14369933677229182,2.0999871399176957
plasma,9300,boneseg_ftlearned,none,0,1,0.7223594118307329,0.14618973561430793,2.1840277777777777
plasma,9300,boneseg_ftclicks,points_bg,0,1,0.7838046830878839,0.0041841004184100415,0.41904578189300434
plasma,9300,boneseg_ftclicks,boxes,0,1,0.9518760856456273,0.3868653421633554,0.16274434156378637
plasma,9300,boneseg_ftclicks,points_bg,1,1,0.7770724295120716,0.06162117452440033,0.6354166666666667
plasma,9300,boneseg_ftclicks,boxes,1,1,0.9240417136414881,0.30208891269416177,0.31880144032921803
plasma,9300,boneseg_ftclicks,points_bg,2,1,0.7782907543626936,0.005797101449275362,0.48353909465020595
plasma,9300,boneseg_ftclicks,boxes,2,1,0.9332666784292968,0.17024985473561882,-0.42181069958847695
plasma,9317,boneseg_learned,none,0,1,0.320205794986327,0.027387540797502483,5.172710905349795
plasma,9317,boneseg_ftlayer,none,0,1,0.955059251041114,0.3541014402003757,-0.27732767489711957
plasma,9317,boneseg_ftlearned,none,0,1,0.9663850803557663,0.40006365372374286,-0.17946244855967103
plasma,9317,boneseg_ftclicks,points_bg,0,1,0.9549639973816277,0.31419249592169657,-0.4868827160493826
plasma,9317,boneseg_ftclicks,boxes,0,1,0.9704188549401082,0.4445506692160612,0.1525848765432096
plasma,9317,boneseg_ftclicks,points_bg,1,1,0.952567376196751,0.3062091503267974,-0.5144675925925928
plasma,9317,boneseg_ftclicks,boxes,1,1,0.9697623187209476,0.4321656050955414,0.18897890946502002
plasma,9317,boneseg_ftclicks,points_bg,2,1,0.9467408716331148,0.25393184796854523,-0.5936856995884775
plasma,9317,boneseg_ftclicks,boxes,2,1,0.9718790763905851,0.465324384787472,0.09818672839506173
plasma,9321,boneseg_learned,none,0,1,0.1580064304942643,0.004681261186837395,11.456147119341564
plasma,9321,boneseg_ftlayer,none,0,1,0.0,0.0,-2.7114197530864197
plasma,9321,boneseg_ftlearned,none,0,1,0.0,0.0,-2.5299639917695473
plasma,9321,boneseg_ftclicks,points_bg,0,1,0.36687389073698706,0.06908803789972365,-4.032343106995884
plasma,9321,boneseg_ftclicks,boxes,0,1,0.6763370221771526,0.0753669178897263,-1.9119084362139918
plasma,9321,boneseg_ftclicks,points_bg,1,1,0.3959705324254939,0.07480916030534351,-3.749485596707819
plasma,9321,boneseg_ftclicks,boxes,1,1,0.7679398185104059,0.08352901710835291,-0.5932998971193413
plasma,9321,boneseg_ftclicks,points_bg,2,1,0.48792675809746133,0.005879470847623714,-3.6108539094650207
plasma,9321,boneseg_ftclicks,boxes,2,1,0.6916862546559144,0.09816906895208415,-1.7717978395061729
plasma,9339,boneseg_learned,none,0,1,0.0,0.0,5.504308127572016
plasma,9339,boneseg_ftlayer,none,0,1,0.0,0.0,1.4905478395061729
plasma,9339,boneseg_ftlearned,none,0,1,0.0,0.0,2.1154192386831276
plasma,9339,boneseg_ftclicks,points_bg,0,1,0.9240063402817238,0.22272215973003376,-0.15644290123456792
plasma,9339,boneseg_ftclicks,boxes,0,1,0.8956975553724373,0.17323651452282157,0.26858281893004116
plasma,9339,boneseg_ftclicks,points_bg,1,1,0.9487515660053025,0.37486095661846497,-0.09947273662551434
plasma,9339,boneseg_ftclicks,boxes,1,1,0.8810670072705836,0.05870236869207003,0.31134259259259256
plasma,9339,boneseg_ftclicks,points_bg,2,1,0.9562436986893273,0.34994462901439644,-0.07426697530864193
plasma,9339,boneseg_ftclicks,boxes,2,1,0.9092757306226176,0.2191780821917808,0.22376543209876554
plasma,9342,boneseg_learned,none,0,1,0.41561191032978767,0.03959151610369207,9.757523148148149
plasma,9342,boneseg_ftlayer,none,0,1,0.0,0.0,-5.709104938271605
plasma,9342,boneseg_ftlearned,none,0,1,0.9159351558403065,0.24660194174757283,-0.16152263374485595
plasma,9342,boneseg_ftclicks,points_bg,0,1,0.8902878705796641,0.15352981494174092,-1.1159336419753085
plasma,9342,boneseg_ftclicks,boxes,0,1,0.9307714543598941,0.3458725182863114,-0.5425025720164609
plasma,9342,boneseg_ftclicks,points_bg,1,1,0.90067614253282,0.16864608076009502,-1.0192901234567904
plasma,9342,boneseg_ftclicks,boxes,1,1,0.9284110124017778,0.21749329758713137,0.8405992798353912
plasma,9342,boneseg_ftclicks,points_bg,2,1,0.8678714782796766,0.07283396617190196,-1.333912037037037
plasma,9342,boneseg_ftclicks,boxes,2,1,0.9163379482816407,0.13542688910696762,1.0279706790123453
plasma,9343,boneseg_learned,none,0,1,0.3392234679865397,0.018197573656845753,6.82002314814815
plasma,9343,boneseg_ftlayer,none,0,1,0.966001903539255,0.312625250501002,-0.15329218106995868
plasma,9343,boneseg_ftlearned,none,0,1,0.9521399767307888,0.10765064319566689,-0.2708976337448557
plasma,9343,boneseg_ftclicks,points_bg,0,1,0.9326996110203236,0.008213552361396304,-0.37602880658436194
plasma,9343,boneseg_ftclicks,boxes,0,1,0.9865220321297363,0.8034875922199866,-0.04758230452674879
plasma,9343,boneseg_ftclicks,points_bg,1,1,0.9213161659513591,0.0,-0.4349922839506172
plasma,9343,boneseg_ftclicks,boxes,1,1,0.9747527760897188,0.4275118004045853,-0.1438400205761317
plasma,9343,boneseg_ftclicks,points_bg,2,1,0.9247179677445536,0.0,-0.41750257201646074
plasma,9343,boneseg_ftclicks,boxes,2,1,0.9819985546284739,0.6617350369872226,-0.09104938271604912
plasma,9347,boneseg_learned,none,0,1,0.5792385578651863,0.16199376947040497,3.967656893004115
plasma,9347,boneseg_ftlayer,none,0,1,0.9686163980112107,0.3554410817772054,-0.13368055555555564
plasma,9347,boneseg_ftlearned,none,0,1,0.910440020744405,0.20888744729159908,0.22235082304526732
plasma,9347,boneseg_ftclicks,points_bg,0,1,0.875609756097561,0.0,-0.6886574074074077
plasma,9347,boneseg_ftclicks,boxes,0,1,0.9785677591698346,0.5532186105799872,0.03343621399176967
plasma,9347,boneseg_ftclicks,points_bg,1,1,0.9112440675678716,0.02308707124010554,-0.5074588477366255
plasma,9347,boneseg_ftclicks,boxes,1,1,0.9790765464372037,0.5588235294117647,-0.026427469135802475
plasma,9347,boneseg_ftclicks,points_bg,2,1,0.9290352555947653,0.04456094364351245,-0.41235853909465037
plasma,9347,boneseg_ftclicks,boxes,2,1,0.9725361103197966,0.4694533762057878,-0.13059413580246912
plasma,9353,boneseg_learned,none,0,1,0.7512139588852158,0.10102832401226773,2.1129758230452684
plasma,9353,boneseg_ftlayer,none,0,1,0.8193638798715698,0.22727272727272727,-1.6978523662551432
plasma,9353,boneseg_ftlearned,none,0,1,0.9090630523165146,0.1996512641673932,-0.8211805555555549
plasma,9353,boneseg_ftclicks,points_bg,0,1,0.9033761219531138,0.22810590631364563,-0.9810956790123448
plasma,9353,boneseg_ftclicks,boxes,0,1,0.6657119392956284,0.1596078431372549,-3.0984439300411517
plasma,9353,boneseg_ftclicks,points_bg,1,1,0.9217473389538101,0.29120323559150657,-0.720036008230452
plasma,9353,boneseg_ftclicks,boxes,1,1,0.8571493604042427,0.24386084583901774,-1.2723765432098757
plasma,9353,boneseg_ftclicks,points_bg,2,1,0.9373466521819772,0.2836783169324737,-0.4384645061728393
plasma,9353,boneseg_ftclicks,boxes,2,1,0.8397198234725926,0.24628156347284677,-1.4553112139917688
plasma,9357,boneseg_learned,none,0,1,0.27254708762425767,0.0536578619831282,10.178047839506172
plasma,9357,boneseg_ftlayer,none,0,1,0.38576334396951606,0.1653066596472756,4.379436728395062
plasma,9357,boneseg_ftlearned,none,0,1,0.39374508236839334,0.054114158636026685,3.6546424897119345
plasma,9357,boneseg_ftclicks,points_bg,0,1,0.3733450578439724,0.05082623935903856,4.975758744855967
plasma,9357,boneseg_ftclicks,boxes,0,1,0.7049220439842229,0.1261373035566584,-0.15425668724279792
plasma,9357,boneseg_ftclicks,points_bg,1,1,0.32161422579087406,0.0,6.857638888888889
plasma,9357,boneseg_ftclicks,boxes,1,1,0.7118516189877397,0.013231552162849873,-0.5878343621399176
plasma,9357,boneseg_ftclicks,points_bg,2,1,0.28089354660783233,0.05178322122096713,16.591306584362144
plasma,9357,boneseg_ftclicks,boxes,2,1,0.7262527967798225,0.191342843089031,-0.717656893004115
plasma,9367,boneseg_learned,none,0,1,0.4549041797578808,0.05572893446277307,8.134516460905349
plasma,9367,boneseg_ftlayer,none,0,1,0.0,0.0,-4.569187242798354
plasma,9367,boneseg_ftlearned,none,0,1,0.0,0.0,-4.569187242798354
plasma,9367,boneseg_ftclicks,points_bg,0,1,0.7677207342345076,0.022281167108753316,-1.7225437242798354
plasma,9367,boneseg_ftclicks,boxes,0,1,0.937047954274764,0.333021515434986,0.5252700617283952
plasma,9367,boneseg_ftclicks,points_bg,1,1,0.7936419077669491,0.03711340206185567,-1.557548868312757
plasma,9367,boneseg_ftclicks,boxes,1,1,0.9355873232983859,0.3300607760635811,0.5457175925925928
plasma,9367,boneseg_ftclicks,points_bg,2,1,0.8436531626420282,0.11342828077314344,-1.2325745884773662
plasma,9367,boneseg_ftclicks,boxes,2,1,0.936316949881695,0.35646836638338053,0.42746913580246904
plasma,9373,boneseg_learned,none,0,1,0.3270403794799408,0.03418249189439555,11.954025205761317
plasma,9373,boneseg_ftlayer,none,0,1,0.5381928859591578,0.1504793664026678,7.101658950617286
plasma,9373,boneseg_ftlearned,none,0,1,0.6267175271551639,0.20624556422995033,8.985210905349795
plasma,9373,boneseg_ftclicks,points_bg,0,1,0.5860396716630569,0.07149240393208221,5.365290637860083
plasma,9373,boneseg_ftclicks,boxes,0,1,0.9164155013070121,0.30672186083185493,0.8969907407407413
plasma,9373,boneseg_ftclicks,points_bg,1,1,0.4642104620270559,0.0,-0.2637602880658424
plasma,9373,boneseg_ftclicks,boxes,1,1,0.9229278208315941,0.307631160572337,0.6055169753086426
plasma,9373,boneseg_ftclicks,points_bg,2,1,0.5058452303590211,0.0,2.086934156378602
plasma,9373,boneseg_ftclicks,boxes,2,1,0.9252609724371076,0.31452581032412963,0.6371527777777788
plasma,9387,boneseg_learned,none,0,1,0.9359028401905656,0.23804829965500246,0.35706018518518523
plasma,9387,boneseg_ftlayer,none,0,1,0.9334306903255888,0.1332560834298957,-0.41840277777777724
plasma,9387,boneseg_ftlearned,none,0,1,0.9566138477437134,0.2208904109589041,-0.2609310699588474
plasma,9387,boneseg_ftclicks,points_bg,0,1,0.9308731993597724,0.1364441819255759,-0.49627057613168685
plasma,9387,boneseg_ftclicks,boxes,0,1,0.9667135027649731,0.3707093821510298,0.0979295267489716
plasma,9387,boneseg_ftclicks,points_bg,1,1,0.9180215704279875,0.0843731431966726,-0.5851337448559667
plasma,9387,boneseg_ftclicks,boxes,1,1,0.9678007542165679,0.38602520045819017,0.030671296296296696
plasma,9387,boneseg_ftclicks,points_bg,2,1,0.9101774686459968,0.07261904761904762,-0.6368955761316873
plasma,9387,boneseg_ftclicks,boxes,2,1,0.9675064732234597,0.38685714285714284,0.0949717078189305
plasma,9396,boneseg_learned,none,0,1,0.7375362633711197,0.13332419841052343,4.062114197530864
plasma,9396,boneseg_ftlayer,none,0,1,0.49500666549786143,0.14767676767676768,3.375064300411522
plasma,9396,boneseg_ftlearned,none,0,1,0.5478445220447723,0.14432206608431447,3.6209490740740744
plasma,9396,boneseg_ftclicks,points_bg,0,1,0.590301463890007,0.16165478880584044,5.183063271604937
plasma,9396,boneseg_ftclicks,boxes,0,1,0.7357820491260004,0.39561925365062195,-3.0632716049382718
plasma,9396,boneseg_ftclicks,points_bg,1,1,0.5915089535223392,0.13946195741871595,8.810249485596708
plasma,9396,boneseg_ftclicks,boxes,1,1,0.7191194998454846,0.20979765708200213,-2.5385159465020575
plasma,9396,boneseg_ftclicks,points_bg,2,1,0.5829647595948066,0.06945392491467577,10.52707047325103
plasma,9396,boneseg_ftclicks,boxes,2,1,0.7330134202531137,0.3841394825646794,-3.2799639917695473
plasma,9397,boneseg_learned,none,0,1,0.7249503503578522,0.12264150943396226,1.741898148148148
plasma,9397,boneseg_ftlayer,none,0,1,0.7851568660850036,0.18073047858942065,-1.793659979423868
plasma,9397,boneseg_ftlearned,none,0,1,0.8235598609775937,0.25637910085054677,-1.5515689300411522
plasma,9397,boneseg_ftclicks,points_bg,0,1,0.7224818041182329,0.02344767694311767,4.348958333333333
plasma,9397,boneseg_ftclicks,boxes,0,1,0.8519747531844583,0.10325047801147227,2.0625643004115233
plasma,9397,boneseg_ftclicks,points_bg,1,1,0.7340107114066104,0.0368252516010979,4.126028806584363
plasma,9397,boneseg_ftclicks,boxes,1,1,0.8314547026964348,0.03673856364067315,1.322723765432099
plasma,9397,boneseg_ftclicks,points_bg,2,1,0.7228788683133998,0.05935173017958826,4.486754115226338
plasma,9397,boneseg_ftclicks,boxes,2,1,0.8614424597011604,0.07569528415961306,1.8836805555555558
plasma,9398,boneseg_learned,none,0,1,0.4551704391067688,0.06545961002785515,6.778227880658435
plasma,9398,boneseg_ftlayer,none,0,1,0.9068044673553909,0.30398535990239933,0.12545010288065733
plasma,9398,boneseg_ftlearned,none,0,1,0.8476437624581594,0.245403946702648,1.8674125514403284
plasma,9398,boneseg_ftclicks,points_bg,0,1,0.8796131104655043,0.04688191065900044,-0.7768132716049383
plasma,9398,boneseg_ftclicks,boxes,0,1,0.9415374202368071,0.15126854954523697,-0.7894161522633752
plasma,9398,boneseg_ftclicks,points_bg,1,1,0.8803204272363151,0.04400707651481645,-0.7811213991769552
plasma,9398,boneseg_ftclicks,boxes,1,1,0.9287632527972486,0.08907077515647568,-0.9832175925925932
plasma,9398,boneseg_ftclicks,points_bg,2,1,0.8878960801627152,0.05865553602811951,-0.5922710905349793
plasma,9398,boneseg_ftclicks,boxes,2,1,0.9304327059555083,0.1,-0.9592978395061735
plasma,9402,boneseg_learned,none,0,1,0.5308951208904495,0.0820049301561216,2.0761316872427993
plasma,9402,boneseg_ftlayer,none,0,1,0.7926940592825775,0.27218794494542004,-4.571180555555555
plasma,9402,boneseg_ftlearned,none,0,1,0.8218787963276443,0.2732650739476678,-4.0288065843621395
plasma,9402,boneseg_ftclicks,points_bg,0,1,0.8402658745617452,0.2828766303697499,-3.449074074074074
plasma,9402,boneseg_ftclicks,boxes,0,1,0.8359367993969815,0.30561381863047504,-3.328768004115226
plasma,9402,boneseg_ftclicks,points_bg,1,1,0.8295950186504569,0.29573320255026975,-3.794238683127571
plasma,9402,boneseg_ftclicks,boxes,1,1,0.8359742215262302,0.30431575064551825,-3.1690457818930042
plasma,9402,boneseg_ftclicks,points_bg,2,1,0.8526413924677184,0.2903263676919465,-3.0978652263374484
plasma,9402,boneseg_ftclicks,boxes,2,1,0.831203071881038,0.31016507384882713,-3.568029835390946
plasma,9407,boneseg_learned,none,0,1,0.5208851962492739,0.07816775728732897,9.864711934156377
plasma,9407,boneseg_ftlayer,none,0,1,0.13348332341906718,0.0032019704433497538,-4.014081790123457
plasma,9407,boneseg_ftlearned,none,0,1,0.3735264340992158,0.003346580213344489,0.05735596707818896
plasma,9407,boneseg_ftclicks,points_bg,0,1,0.6840301105239969,0.23496762257169287,5.6458976337448545
plasma,9407,boneseg_ftclicks,boxes,0,1,0.7614189021131121,0.1062549070923842,-2.781185699588478
plasma,9407,boneseg_ftclicks,points_bg,1,1,0.8619840856400937,0.30137594318686195,1.2381044238683123
plasma,9407,boneseg_ftclicks,boxes,1,1,0.8600065269190706,0.27993130520117765,-0.5482896090534983
plasma,9407,boneseg_ftclicks,points_bg,2,1,0.6979414460008749,0.23777403035413153,5.20608281893004
plasma,9407,boneseg_ftclicks,boxes,2,1,0.6238404260972773,0.020258863252673044,-4.042245370370371
plasma,9421,boneseg_learned,none,0,1,0.531103759994932,0.09578804347826086,6.162872942386831
plasma,9421,boneseg_ftlayer,none,0,1,0.7084229528345368,0.12521222410865873,-3.788966049382716
plasma,9421,boneseg_ftlearned,none,0,1,0.9237471612414837,0.2290297642056436,-0.19380144032921792
plasma,9421,boneseg_ftclicks,points_bg,0,1,0.9046083227637857,0.1445408049810985,-1.2126414609053504
plasma,9421,boneseg_ftclicks,boxes,0,1,0.9333445615679498,0.2913128674069236,0.37982253086419754
plasma,9421,boneseg_ftclicks,points_bg,1,1,0.9091170491894935,0.24224977856510185,-1.0812114197530864
plasma,9421,boneseg_ftclicks,boxes,1,1,0.9278950724109664,0.28617921458016926,0.4668852880658436
plasma,9421,boneseg_ftclicks,points_bg,2,1,0.9011433447789142,0.12611408199643495,-1.2832433127572012
plasma,9421,boneseg_ftclicks,boxes,2,1,0.9342155285860506,0.2699718553799524,0.4080504115226341
plasma,9442,boneseg_learned,none,0,1,0.3497860350107102,0.04539826661163846,15.587834362139919
plasma,9442,boneseg_ftlayer,none,0,1,0.001871449028862707,0.04827008928571429,1.1893647119341557
plasma,9442,boneseg_ftlearned,none,0,1,0.0013049513708557941,0.03946764570904084,3.435249485596707
plasma,9442,boneseg_ftclicks,points_bg,0,1,0.8903628461693955,0.12055837563451777,-1.0694444444444444
plasma,9442,boneseg_ftclicks,boxes,0,1,0.0020013271959299327,0.10017678255745432,-5.143968621399177
plasma,9442,boneseg_ftclicks,points_bg,1,1,0.90765647961344,0.17125900805426028,-0.9220679012345676
plasma,9442,boneseg_ftclicks,boxes,1,1,0.002009519846545757,0.09513395297977037,-4.912872942386831
plasma,9442,boneseg_ftclicks,points_bg,2,1,0.9047770760321595,0.14279494993469743,-0.9554398148148145
plasma,9442,boneseg_ftclicks,boxes,2,1,0.005613303529364594,0.10710259301014656,-4.833654835390947
plasma,9453,boneseg_learned,none,0,1,0.3128840685576562,0.01653543307086614,0.41403034979423936
plasma,9453,boneseg_ftlayer,none,0,1,0.667648028459492,0.09374470249194779,1.6071244855967088
plasma,9453,boneseg_ftlearned,none,0,1,0.6531310026892048,0.11729857819905214,1.5709876543209877
plasma,9453,boneseg_ftclicks,points_bg,0,1,0.7167954433061283,0.28291057211627474,3.1668595679012355
plasma,9453,boneseg_ftclicks,boxes,0,1,0.8765798122861113,0.2993318485523385,0.015174897119342445
plasma,9453,boneseg_ftclicks,points_bg,1,1,0.6801427547122423,0.05998125585754452,0.706597222222223
plasma,9453,boneseg_ftclicks,boxes,1,1,0.8853575290619087,0.2749495402556627,0.055812757201646745
plasma,9453,boneseg_ftclicks,points_bg,2,1,0.706373942528342,0.13941769316909294,1.730002572016462
plasma,9453,boneseg_ftclicks,boxes,2,1,0.8827423627276606,0.28632191627490483,0.053562242798355086
plasma,9464,boneseg_learned,none,0,1,0.863591370927829,0.112,1.0091306584362136
plasma,9464,boneseg_ftlayer,none,0,1,0.9722157478922707,0.5360703812316715,0.17496141975308632
plasma,9464,boneseg_ftlearned,none,0,1,0.9744709245331202,0.447520184544406,-0.01999742798353965
plasma,9464,boneseg_ftclicks,points_bg,0,1,0.9628613541675541,0.1170343137254902,-0.27848508230452695
plasma,9464,boneseg_ftclicks,boxes,0,1,0.9667432290171308,0.49705535924617195,0.23701131687242777
plasma,9464,boneseg_ftclicks,points_bg,1,1,0.9661153588309671,0.15506715506715507,-0.24826388888888884
plasma,9464,boneseg_ftclicks,boxes,1,1,0.9607227769852592,0.4470588235294118,0.28793724279835353
plasma,9464,boneseg_ftclicks,points_bg,2,1,0.9621552495843813,0.11948529411764706,-0.28337191358024716
plasma,9464,boneseg_ftclicks,boxes,2,1,0.971852494855967,0.5322294500295683,0.1745113168724277
plasma,9504,boneseg_learned,none,0,1,0.691228699277864,0.023456995508234903,-5.102944958847737
plasma,9504,boneseg_ftlayer,none,0,1,0.8442171395284015,0.28746228628897086,-1.4276620370370376
plasma,9504,boneseg_ftlearned,none,0,1,0.8737481418032965,0.16919025674786042,-1.2396476337448559
plasma,9504,boneseg_ftclicks,points_bg,0,1,0.9186683826874217,0.22307221542227662,1.2232510288065837
plasma,9504,boneseg_ftclicks,boxes,0,1,0.9399649053748,0.16852808801466912,1.2370756172839503
plasma,9504,boneseg_ftclicks,points_bg,1,1,0.8970110897102297,0.18886822149091428,2.011188271604937
plasma,9504,boneseg_ftclicks,boxes,1,1,0.9316126415487322,0.13516209476309227,1.5041152263374478
plasma,9504,boneseg_ftclicks,points_bg,2,1,0.9120303522443465,0.2015294646873594,1.5988297325102887
plasma,9504,boneseg_ftclicks,boxes,2,1,0.9360674315303615,0.1519134775374376,1.3618184156378597
plasma,9511,boneseg_learned,none,0,1,0.40286067513243107,0.0664451827242525,6.911394032921811
plasma,9511,boneseg_ftlayer,none,0,1,0.7093763396515143,0.2732111176818451,3.0536908436214
plasma,9511,boneseg_ftlearned,none,0,1,0.7284058113872962,0.3707832208858903,2.9459233539094645
plasma,9511,boneseg_ftclicks,points_bg,0,1,0.7626704218139921,0.1076923076923077,1.249871399176955
plasma,9511,boneseg_ftclicks,boxes,0,1,0.9611372498237435,0.4178302900107411,0.14210390946502102
plasma,9511,boneseg_ftclicks,points_bg,1,1,0.7768074087444289,0.06487549148099607,0.4664351851851857
plasma,9511,boneseg_ftclicks,boxes,1,1,0.9628861493836113,0.42414414414414414,0.07124485596707864
plasma,9511,boneseg_ftclicks,points_bg,2,1,0.809665938617635,0.0,-1.4064429012345676
plasma,9511,boneseg_ftclicks,boxes,2,1,0.9660270822873691,0.4431137724550898,0.041216563786008326
plasma,9512,boneseg_learned,none,0,1,0.5600235127985973,0.08900954261270155,4.943737139917695
plasma,9512,boneseg_ftlayer,none,0,1,0.6494916988128983,0.15285038586009458,0.9954346707818931
plasma,9512,boneseg_ftlearned,none,0,1,0.7693583418601201,0.20011911852293032,2.814621913580247
plasma,9512,boneseg_ftclicks,points_bg,0,1,0.7272213863355712,0.13815042035900932,1.1669881687242798
plasma,9512,boneseg_ftclicks,boxes,0,1,0.845766070844477,0.1516270482344796,-0.7222222222222228
plasma,9512,boneseg_ftclicks,points_bg,1,1,0.7685853734118376,0.19320688134097927,2.510030864197531
plasma,9512,boneseg_ftclicks,boxes,1,1,0.7247939531109877,0.11376940697378468,-2.043981481481482
plasma,9512,boneseg_ftclicks,points_bg,2,1,0.6979847362017476,0.0997144217039505,0.4437371399176951
plasma,9512,boneseg_ftclicks,boxes,2,1,0.8220369308294486,0.15017301038062283,-0.9722865226337453
plasma,9528,boneseg_learned,none,0,1,0.8852890403253442,0.15679381262084724,0.42682613168724265
plasma,9528,boneseg_ftlayer,none,0,1,0.7866146710030237,0.1914470412729985,-2.5790895061728394
plasma,9528,boneseg_ftlearned,none,0,1,0.7797198615895599,0.16740895991616453,-2.794945987654321
plasma,9528,boneseg_ftclicks,points_bg,0,1,0.850018535622954,0.1383872322553549,1.0037294238683132
plasma,9528,boneseg_ftclicks,boxes,0,1,0.796875,0.19481560662747194,-2.0643004115226335
plasma,9528,boneseg_ftclicks,points_bg,1,1,0.8632569671366588,0.12935424730087594,1.9065072016460904
plasma,9528,boneseg_ftclicks,boxes,1,1,0.7946264980626558,0.20685959271168275,-2.3374485596707824
plasma,9528,boneseg_ftclicks,points_bg,2,1,0.8681547558865417,0.06965881397238018,2.7954603909465026
plasma,9528,boneseg_ftclicks,boxes,2,1,0.7952077312071014,0.2088912694161757,-2.3105066872427984
plasma,9581,boneseg_learned,none,0,1,0.2672955049826612,0.031083844580777096,9.37647890946502
plasma,9581,boneseg_ftlayer,none,0,1,0.6482876113926263,0.10047303689687796,4.422710905349795
plasma,9581,boneseg_ftlearned,none,0,1,0.5419717700502947,0.11030741410488246,7.537744341563784
plasma,9581,boneseg_ftclicks,points_bg,0,1,0.7106475581782893,0.06420699568758984,2.8221450617283956
plasma,9581,boneseg_ftclicks,boxes,0,1,0.903673189152077,0.3404817861339601,0.9414866255144032
plasma,9581,boneseg_ftclicks,points_bg,1,1,0.7539769104714331,0.06539575289575289,1.906185699588478
plasma,9581,boneseg_ftclicks,boxes,1,1,0.8579721986303579,0.20104654365188654,1.6651234567901227
plasma,9581,boneseg_ftclicks,points_bg,2,1,0.7016970218461686,0.07315947380567736,3.154063786008231
plasma,9581,boneseg_ftclicks,boxes,2,1,0.8808633188784799,0.21897590361445782,1.3577674897119336
plasma,9590,boneseg_learned,none,0,1,0.41981763520731263,0.09073188020556441,0.5129243827160485
plasma,9590,boneseg_ftlayer,none,0,1,0.8225620299748224,0.2799106236034938,1.9023276748971183
plasma,9590,boneseg_ftlearned,none,0,1,0.8309930329464589,0.2694006309148265,1.7705761316872417
plasma,9590,boneseg_ftclicks,points_bg,0,1,0.8401079212119236,0.19377716769617936,0.04597479423868317
plasma,9590,boneseg_ftclicks,boxes,0,1,0.9518718099538925,0.41110545084055017,-0.19765946502057624
plasma,9590,boneseg_ftclicks,points_bg,1,1,0.8953804004428022,0.1827184946769002,-1.0323431069958853
plasma,9590,boneseg_ftclicks,boxes,1,1,0.9527109758000085,0.4019984627209839,-0.15155606995884835
plasma,9590,boneseg_ftclicks,points_bg,2,1,0.8403607316761804,0.23756906077348067,0.3501800411522635
plasma,9590,boneseg_ftclicks,boxes,2,1,0.95350725290609,0.3801546391752577,-0.051376028806585095
plasma,9600,boneseg_learned,none,0,1,0.4645182709212045,0.05154203633291086,5.805041152263374
plasma,9600,boneseg_ftlayer,none,0,1,0.9627861239477289,0.43766937669376693,0.0734953703703703
plasma,9600,boneseg_ftlearned,none,0,1,0.9533455654712876,0.3938179736691471,0.08056841563785985
plasma,9600,boneseg_ftclicks,points_bg,0,1,0.9174064473822588,0.07053941908713693,-0.844843106995885
plasma,9600,boneseg_ftclicks,boxes,0,1,0.9591972692060535,0.4012345679012346,-0.33211162551440365
plasma,9600,boneseg_ftclicks,points_bg,1,1,0.9318621026000549,0.09439124487004104,-0.6912937242798358
plasma,9600,boneseg_ftclicks,boxes,1,1,0.966305093737926,0.5193103448275862,-0.08854166666666663
plasma,9600,boneseg_ftclicks,points_bg,2,1,0.9351663973366706,0.10591471801925723,-0.6545781893004116
plasma,9600,boneseg_ftclicks,boxes,2,1,0.9664974969394265,0.5243860255966794,-0.0513760288065844
plasma,9601,boneseg_learned,none,0,1,0.46393699685800394,0.04291924891314402,-1.8784722222222217
plasma,9601,boneseg_ftlayer,none,0,1,0.46915832243821093,0.15488006617038874,-7.512988683127572
plasma,9601,boneseg_ftlearned,none,0,1,0.4829902362078949,0.13948580199539523,-7.837770061728394
plasma,9601,boneseg_ftclicks,points_bg,0,1,0.8150402350589028,0.1667821988077083,-0.6549639917695471
plasma,9601,boneseg_ftclicks,boxes,0,1,0.9033295110164633,0.17532927347401217,1.1818415637860082
plasma,9601,boneseg_ftclicks,points_bg,1,1,0.8276228926837252,0.18895072621148365,-0.36831275720164564
plasma,9601,boneseg_ftclicks,boxes,1,1,0.8973425215231479,0.18498659517426275,0.16210133744855998
plasma,9601,boneseg_ftclicks,points_bg,2,1,0.7880751818420333,0.10719841606562014,-0.9021347736625509
plasma,9601,boneseg_ftclicks,boxes,2,1,0.8949581908395438,0.13751931451046495,2.0825617283950617
plasma,9605,boneseg_learned,none,0,1,0.062149757678852266,0.006133522057088936,15.440329218106996
plasma,9605,boneseg_ftlayer,none,0,1,0.432394299957673,0.08981708981708982,4.97678755144033
plasma,9605,boneseg_ftlearned,none,0,1,0.34916408095216045,0.05856867779204108,6.513760288065844
plasma,9605,boneseg_ftclicks,points_bg,0,1,0.787348236152363,0.04040873200185787,0.3422067901234567
plasma,9605,boneseg_ftclicks,boxes,0,1,0.8856187623510111,0.21528662420382166,0.5797968106995885
plasma,9605,boneseg_ftclicks,points_bg,1,1,0.7958595387840671,0.043530113297555156,-0.6678240740740742
plasma,9605,boneseg_ftclicks,boxes,1,1,0.8217202272779555,0.0,0.9966563786008232
plasma,9605,boneseg_ftclicks,points_bg,2,1,0.4601147618873579,0.07296849087893864,4.20286779835391
plasma,9605,boneseg_ftclicks,boxes,2,1,0.8555415843362673,0.008135168961201502,0.775655864197531
plasma,9625,boneseg_learned,none,0,1,0.5368877323528767,0.07816215386975531,4.193737139917696
plasma,9625,boneseg_ftlayer,none,0,1,0.5790492139416975,0.13386789888556672,-2.691036522633744
plasma,9625,boneseg_ftlearned,none,0,1,0.5288224985211435,0.13309469573706476,1.0652006172839512
plasma,9625,boneseg_ftclicks,points_bg,0,1,0.5907469448606505,0.03929048254815945,12.177919238683128
plasma,9625,boneseg_ftclicks,boxes,0,1,0.7352136063098239,0.028267477203647418,-0.8208590534979423
plasma,9625,boneseg_ftclicks,points_bg,1,1,0.5384703489405399,0.01935868162414375,10.364583333333334
plasma,9625,boneseg_ftclicks,boxes,1,1,0.7658650226206488,0.16074856046065258,-2.213348765432098
plasma,9625,boneseg_ftclicks,points_bg,2,1,0.5513273143781161,0.021315943157484914,11.205632716049383
plasma,9625,boneseg_ftclicks,boxes,2,1,0.7580970444128339,0.12957389513701886,-1.8550668724279837
plasma,9626,boneseg_learned,none,0,1,0.6727136722854141,0.11936679977181974,5.496399176954732
plasma,9626,boneseg_ftlayer,none,0,1,0.941801858263079,0.32903930131004366,0.0061085390946499785
plasma,9626,boneseg_ftlearned,none,0,1,0.9398891466096334,0.3250369120438726,0.05144032921810676
plasma,9626,boneseg_ftclicks,points_bg,0,1,0.9295543034025779,0.2737877401646844,-1.0718878600823045
plasma,9626,boneseg_ftclicks,boxes,0,1,0.9491321928695212,0.3998184706149308,0.005594135802469702
plasma,9626,boneseg_ftclicks,points_bg,1,1,0.9083895535489827,0.14591484464902185,-1.4229038065843622
plasma,9626,boneseg_ftclicks,boxes,1,1,0.9502194185408667,0.40870945792696756,-0.1455761316872431
plasma,9626,boneseg_ftclicks,points_bg,2,1,0.9231637592177501,0.2397526906343027,-1.190329218106996
plasma,9626,boneseg_ftclicks,boxes,2,1,0.9501014846404707,0.41005890348889895,-0.10815329218106934
plasma,9629,boneseg_learned,none,0,1,0.8015028932003246,0.1362089781582702,1.2573302469135794
plasma,9629,boneseg_ftlayer,none,0,1,0.9445179952161095,0.31661257007966953,-0.18235596707818907
plasma,9629,boneseg_ftlearned,none,0,1,0.9387868272339307,0.29051057899404537,-0.8058770576131677
plasma,9629,boneseg_ftclicks,points_bg,0,1,0.9505771862383811,0.3690153568202349,-0.6526491769547325
plasma,9629,boneseg_ftclicks,boxes,0,1,0.9459560512343899,0.23343108504398827,0.7754629629629639
plasma,9629,boneseg_ftclicks,points_bg,1,1,0.9554938996786674,0.37958818263205013,-0.14872685185185197
plasma,9629,boneseg_ftclicks,boxes,1,1,0.9538895183353138,0.34672619047619047,-0.03253600823045211
plasma,9629,boneseg_ftclicks,points_bg,2,1,0.9544953420428863,0.3474576271186441,0.028549382716050453
plasma,9629,boneseg_ftclicks,boxes,2,1,0.9338742244959878,0.14341647331786542,1.2831790123456783
plasma,9630,boneseg_learned,none,0,1,0.4505955736927359,0.033843068438205066,0.08474794238683137
plasma,9630,boneseg_ftlayer,none,0,1,0.5270183209881703,0.12703362255965292,-6.096579218106996
plasma,9630,boneseg_ftlearned,none,0,1,0.59980567028522,0.18449015099732802,-0.8045267489711933
plasma,9630,boneseg_ftclicks,points_bg,0,1,0.608347280310958,0.08080504656052868,13.566808127572019
plasma,9630,boneseg_ftclicks,boxes,0,1,0.5003834917194195,0.1322700792665457,-13.598958333333332
plasma,9630,boneseg_ftclicks,points_bg,1,1,0.6406330109475147,0.22429176164115924,6.7645961934156364
plasma,9630,boneseg_ftclicks,boxes,1,1,0.5289593788075915,0.1964956195244055,-11.889017489711932
plasma,9630,boneseg_ftclicks,points_bg,2,1,0.650744275926685,0.17852619458837077,11.877700617283951
plasma,9630,boneseg_ftclicks,boxes,2,1,0.40072223357071246,0.07318484234885739,-15.639596193415636
plasma,9686,boneseg_learned,none,0,1,0.5536735296486189,0.045428679817905916,6.306327160493827
plasma,9686,boneseg_ftlayer,none,0,1,0.7251616654376312,0.11300475971134653,0.4893261316872427
plasma,9686,boneseg_ftlearned,none,0,1,0.8364614553931411,0.16830583756345177,2.2400334362139924
plasma,9686,boneseg_ftclicks,points_bg,0,1,0.874802764024158,0.24123231931796163,1.2609310699588483
plasma,9686,boneseg_ftclicks,boxes,0,1,0.9027395811296806,0.14904034469251862,1.8051697530864206
plasma,9686,boneseg_ftclicks,points_bg,1,1,0.8776763621243209,0.24755381604696672,1.2183641975308648
plasma,9686,boneseg_ftclicks,boxes,1,1,0.9174957338171713,0.1750788643533123,1.4187242798353914
plasma,9686,boneseg_ftclicks,points_bg,2,1,0.876329252757284,0.2406574055957738,1.2301954732510292
plasma,9686,boneseg_ftclicks,boxes,2,1,0.913631473282366,0.15802955665024632,1.537229938271606
plasma,9692,boneseg_learned,none,0,1,0.3365795069062343,0.034444649106649475,11.523148148148149
plasma,9692,boneseg_ftlayer,none,0,1,0.6655685367600804,0.17185083347654237,5.436921296296297
plasma,9692,boneseg_ftlearned,none,0,1,0.6526425702240707,0.10129290298576876,5.858088991769547
plasma,9692,boneseg_ftclicks,points_bg,0,1,0.7677496656263932,0.15555555555555556,1.5991512345679006
plasma,9692,boneseg_ftclicks,boxes,0,1,0.944111290213904,0.3330779054916986,0.15940072016460902
plasma,9692,boneseg_ftclicks,points_bg,1,1,0.8133968732784579,0.08614782183064121,-0.2243441358024692
plasma,9692,boneseg_ftclicks,boxes,1,1,0.940947826308158,0.30753718174943284,0.3920396090534982
plasma,9692,boneseg_ftclicks,points_bg,2,1,0.814634197610014,0.07363804247460758,-0.010545267489712323
plasma,9692,boneseg_ftclicks,boxes,2,1,0.9454440365204919,0.33253397282174263,-0.23173868312757265
plasma,9694,boneseg_learned,none,0,1,0.4422348707268889,0.07565141230567111,-2.7238297325102883
plasma,9694,boneseg_ftlayer,none,0,1,0.5773035985808413,0.1729715627445865,-1.9895833333333335
plasma,9694,boneseg_ftlearned,none,0,1,0.7277377958900546,0.15992557838537452,2.3005401234567904
plasma,9694,boneseg_ftclicks,points_bg,0,1,0.699055250824253,0.04486626402070751,-1.2680041152263386
plasma,9694,boneseg_ftclicks,boxes,0,1,0.8728435109985083,0.2220419202163624,-0.20653292181070093
plasma,9694,boneseg_ftclicks,points_bg,1,1,0.7551035147869163,0.2657962228957799,2.907150205761316
plasma,9694,boneseg_ftclicks,boxes,1,1,0.7680861022809179,0.16862856332435117,-4.970743312757202
plasma,9694,boneseg_ftclicks,points_bg,2,1,0.7392619283603657,0.16857073407875547,0.4041923868312758
plasma,9694,boneseg_ftclicks,boxes,2,1,0.8732013171545853,0.2269220170845963,-0.2784850823045276
plasma,9706,boneseg_learned,none,0,1,0.5867349834821142,0.1037641333905825,11.1929012345679
plasma,9706,boneseg_ftlayer,none,0,1,0.775520378910632,0.213998305802626,4.550733024691358
plasma,9706,boneseg_ftlearned,none,0,1,0.7766674160578892,0.16378625347636075,3.2360468106995888
plasma,9706,boneseg_ftclicks,points_bg,0,1,0.7842491604166726,0.07982546201232033,-0.21727109053497895
plasma,9706,boneseg_ftclicks,boxes,0,1,0.850255642770147,0.205254284911492,-2.2540509259259265
plasma,9706,boneseg_ftclicks,points_bg,1,1,0.8032974315280478,0.209679234665166,3.6979809670781902
plasma,9706,boneseg_ftclicks,boxes,1,1,0.7390484160360833,0.022795630837422826,-4.657407407407407
plasma,9706,boneseg_ftclicks,points_bg,2,1,0.8019088726101097,0.12634647066278037,0.4785879629629633
plasma,9706,boneseg_ftclicks,boxes,2,1,0.6929788544446726,0.00453294479520803,-5.251414609053498
plasma,9710,boneseg_learned,none,0,1,0.7306374069117311,0.08163691408288966,1.102623456790122
plasma,9710,boneseg_ftlayer,none,0,1,0.9436599271173971,0.3235908141962422,-0.3432998971193424
plasma,9710,boneseg_ftlearned,none,0,1,0.9396077630135553,0.332547787378895,-0.0396733539094668
plasma,9710,boneseg_ftclicks,points_bg,0,1,0.9145704382597653,0.20228839665542028,-1.9692001028806596
plasma,9710,boneseg_ftclicks,boxes,0,1,0.9456417833708134,0.3335237823168119,-0.7130272633744855
plasma,9710,boneseg_ftclicks,points_bg,1,1,0.9143624597676425,0.2187683284457478,-1.962641460905351
plasma,9710,boneseg_ftclicks,boxes,1,1,0.9464978118964379,0.3313398832407803,-0.17463991769547382
plasma,9710,boneseg_ftclicks,points_bg,2,1,0.9040509124106962,0.1671333824613117,-2.2467849794238686
plasma,9710,boneseg_ftclicks,boxes,2,1,0.9438577755741276,0.3160673515981735,0.4989711934156371
plasma,9714,boneseg_learned,none,0,1,0.48217650631492065,0.014061872237846525,-2.4837962962962976
plasma,9714,boneseg_ftlayer,none,0,1,0.4240540968587175,0.08338584331022894,-11.699395576131689
plasma,9714,boneseg_ftlearned,none,0,1,0.48146503073618796,0.06515212981744421,-10.332240226337449
plasma,9714,boneseg_ftclicks,points_bg,0,1,0.649520523691489,0.11055310030802196,9.976466049382719
plasma,9714,boneseg_ftclicks,boxes,0,1,0.4375439531399468,0.0838365539452496,-14.3315329218107
plasma,9714,boneseg_ftclicks,points_bg,1,1,0.6714335499930854,0.09832805022064765,14.34651491769547
plasma,9714,boneseg_ftclicks,boxes,1,1,0.45328708513225446,0.07392154844023474,-14.001350308641975
plasma,9714,boneseg_ftclicks,points_bg,2,1,0.6523589420867482,0.09863262264273216,9.563014403292183
plasma,9714,boneseg_ftclicks,boxes,2,1,0.29405146338968685,0.07684495599187542,-17.36985596707819
plasma,9719,boneseg_learned,none,0,1,0.2615988839290355,0.04194148486385929,20.970100308641975
plasma,9719,boneseg_ftlayer,none,0,1,0.73408604546326,0.15308201732042792,2.452739197530865
plasma,9719,boneseg_ftlearned,none,0,1,0.5865553638734681,0.12772646885439182,5.772376543209877
plasma,9719,boneseg_ftclicks,points_bg,0,1,0.6653515447028374,0.09709193245778612,3.309670781893004
plasma,9719,boneseg_ftclicks,boxes,0,1,0.9164747089078918,0.2786516853932584,0.23206018518518515
plasma,9719,boneseg_ftclicks,points_bg,1,1,0.6528317031284999,0.11815028901734104,3.822145061728395
plasma,9719,boneseg_ftclicks,boxes,1,1,0.9083000773395205,0.2941911305434104,0.4358924897119344
plasma,9719,boneseg_ftclicks,points_bg,2,1,0.784964608249939,0.04267701260911736,-0.7363040123456788
plasma,9719,boneseg_ftclicks,boxes,2,1,0.9197483723157772,0.21402936378466558,-0.02134773662551409
plasma,9726,boneseg_learned,none,0,1,0.6782473301459948,0.10538660627628599,6.269547325102881
plasma,9726,boneseg_ftlayer,none,0,1,0.7427415074882531,0.15096286107290233,0.9722222222222215
plasma,9726,boneseg_ftlearned,none,0,1,0.8565389940397031,0.1478996800495407,1.773212448559669
plasma,9726,boneseg_ftclicks,points_bg,0,1,0.8598195496104672,0.08889458178557705,-0.019611625514404096
plasma,9726,boneseg_ftclicks,boxes,0,1,0.9491425049515158,0.3557922769640479,0.48321759259259134
plasma,9726,boneseg_ftclicks,points_bg,1,1,0.8311175542379209,0.07728486081098258,-0.7564943415637876
plasma,9726,boneseg_ftclicks,boxes,1,1,0.9293577088301166,0.27391874180865006,-0.43820730452674983
plasma,9726,boneseg_ftclicks,points_bg,2,1,0.8610760613404368,0.10005104645227157,0.06140689300411506
plasma,9726,boneseg_ftclicks,boxes,2,1,0.9527566537823187,0.34805299076676033,0.26240997942386657
plasma,9727,boneseg_learned,none,0,1,0.4475975258583954,0.06466059082338152,7.326453189300413
plasma,9727,boneseg_ftlayer,none,0,1,0.6804128254636299,0.2566781274795028,5.773855452674896
plasma,9727,boneseg_ftlearned,none,0,1,0.621396531389571,0.26280457483838887,9.03446502057613
plasma,9727,boneseg_ftclicks,points_bg,0,1,0.627280892979694,0.27335504885993483,7.913580246913581
plasma,9727,boneseg_ftclicks,boxes,0,1,0.9177267281346043,0.35822846870403663,0.9446373456790127
plasma,9727,boneseg_ftclicks,points_bg,1,1,0.6237484728911856,0.29377250300040003,9.903163580246915
plasma,9727,boneseg_ftclicks,boxes,1,1,0.9159944789412557,0.3682062999836788,0.6439686213991769
plasma,9727,boneseg_ftclicks,points_bg,2,1,0.6293694128055949,0.2846042407480574,8.301633230452675
plasma,9727,boneseg_ftclicks,boxes,2,1,0.9214354521213475,0.362551103843009,0.8521090534979416
plasma,9757,boneseg_learned,none,0,1,0.7032712589476062,0.1289275140865247,6.247106481481482
plasma,9757,boneseg_ftlayer,none,0,1,0.8777141628363304,0.19613147572027595,-1.7115483539094658
plasma,9757,boneseg_ftlearned,none,0,1,0.864097126574991,0.18965723157769018,0.8372556584362117
plasma,9757,boneseg_ftclicks,points_bg,0,1,0.8866429243735315,0.2617736160837235,1.2146990740740744
plasma,9757,boneseg_ftclicks,boxes,0,1,0.952372143740325,0.3334320402724312,0.78472222222222
plasma,9757,boneseg_ftclicks,points_bg,1,1,0.8858642675081051,0.2554945054945055,1.082240226337447
plasma,9757,boneseg_ftclicks,boxes,1,1,0.9521832751919637,0.31152372531682876,0.8538451646090517
plasma,9757,boneseg_ftclicks,points_bg,2,1,0.8807077002892184,0.24574540503744044,0.8901105967078188
plasma,9757,boneseg_ftclicks,boxes,2,1,0.9570455604724938,0.35485327313769754,0.027391975308641014
plasma,9773,boneseg_learned,none,0,1,0.5803567697294973,0.05248782804892531,-1.8544238683127574
plasma,9773,boneseg_ftlayer,none,0,1,0.4013313234016044,0.06243314207915978,-11.49485596707819
plasma,9773,boneseg_ftlearned,none,0,1,0.43387791732403447,0.030700391523211735,-6.747878086419753
plasma,9773,boneseg_ftclicks,points_bg,0,1,0.6549087781833105,0.09809462296140804,10.840663580246911
plasma,9773,boneseg_ftclicks,boxes,0,1,0.5752371683796593,0.10385119828305711,-12.429526748971194
plasma,9773,boneseg_ftclicks,points_bg,1,1,0.6667476689938416,0.11119081779053085,13.805426954732509
plasma,9773,boneseg_ftclicks,boxes,1,1,0.4912848395161473,0.08383580705009276,-13.738618827160492
plasma,9773,boneseg_ftclicks,points_bg,2,1,0.6531854479692503,0.09655954631379962,19.987718621399175
plasma,9773,boneseg_ftclicks,boxes,2,1,0.6073151455051111,0.10469754043873256,-10.440843621399178
plasma,9774,boneseg_learned,none,0,1,0.5824816053158393,0.06746442432082794,8.026170267489713
plasma,9774,boneseg_ftlayer,none,0,1,0.76052136001945,0.2300280112044818,2.7138631687242816
plasma,9774,boneseg_ftlearned,none,0,1,0.7488289187829336,0.14837310195227765,4.477494855967079
plasma,9774,boneseg_ftclicks,points_bg,0,1,0.7771626654561586,0.2782226232096538,2.6687885802469142
plasma,9774,boneseg_ftclicks,boxes,0,1,0.8435934267589468,0.2817119694802098,-0.42714763374485376
plasma,9774,boneseg_ftclicks,points_bg,1,1,0.763007415632592,0.13788645911881936,7.871784979423868
plasma,9774,boneseg_ftclicks,boxes,1,1,0.8384225172337739,0.22126576139670223,-1.089377572016459
plasma,9774,boneseg_ftclicks,points_bg,2,1,0.7819879208112537,0.21794871794871795,5.372363683127573
plasma,9774,boneseg_ftclicks,boxes,2,1,0.8441358203591426,0.26828971393791845,-0.7609953703703681
plasma,9775,boneseg_learned,none,0,1,0.704095655776346,0.09431663441553788,-0.62525720164609
plasma,9775,boneseg_ftlayer,none,0,1,0.7570225763073783,0.24000413265833248,-7.573688271604939
plasma,9775,boneseg_ftlearned,none,0,1,0.7567699193067603,0.22899022801302932,-7.347543724279834
plasma,9775,boneseg_ftclicks,points_bg,0,1,0.7824859292598908,0.002890889568018502,12.023212448559672
plasma,9775,boneseg_ftclicks,boxes,0,1,0.6373646784122267,0.1792654028436019,-11.709233539094651
plasma,9775,boneseg_ftclicks,points_bg,1,1,0.7632172085952604,0.002612506320579808,14.130336934156379
plasma,9775,boneseg_ftclicks,boxes,1,1,0.38710381172492314,0.0,-17.341628086419753
plasma,9775,boneseg_ftclicks,points_bg,2,1,0.78541590268596,0.004776119402985075,11.701195987654323
plasma,9775,boneseg_ftclicks,boxes,2,1,0.6511713671943428,0.257833909210056,-10.76511059670782
plasma,9782,boneseg_learned,none,0,1,0.4502106041606379,0.055249199096686095,4.282921810699586
plasma,9782,boneseg_ftlayer,none,0,1,0.6727564974596761,0.18031214578428809,-6.389724794238686
plasma,9782,boneseg_ftlearned,none,0,1,0.6721652162618522,0.11839829719302913,-2.089120370370373
plasma,9782,boneseg_ftclicks,points_bg,0,1,0.7018745790797168,0.12618713353703856,0.10063014403292048
plasma,9782,boneseg_ftclicks,boxes,0,1,0.7172492445800451,0.1087949176096883,-4.643904320987654
plasma,9782,boneseg_ftclicks,points_bg,1,1,0.6942632550124936,0.14789609096190556,-2.322337962962964
plasma,9782,boneseg_ftclicks,boxes,1,1,0.7224741052010764,0.098456943753111,-4.824717078189303
plasma,9782,boneseg_ftclicks,points_bg,2,1,0.6981549123972418,0.15573836599725785,-1.2842721193415647
plasma,9782,boneseg_ftclicks,boxes,2,1,0.6927316650785429,0.13099779160811081,-7.1872427983539104
plasma,9786,boneseg_learned,none,0,1,0.2702958645164849,0.02593942793045429,6.61522633744856
plasma,9786,boneseg_ftlayer,none,0,1,0.6410097998651031,0.2081234256926952,3.97241512345679
plasma,9786,boneseg_ftlearned,none,0,1,0.5187610924522413,0.15192206424433913,6.43139146090535
plasma,9786,boneseg_ftclicks,points_bg,0,1,0.6972575021585389,0.20876897133220912,2.3836805555555554
plasma,9786,boneseg_ftclicks,boxes,0,1,0.9345296457311997,0.27061427780852243,-0.4206532921810703
plasma,9786,boneseg_ftclicks,points_bg,1,1,0.7118092663607217,0.02863157894736842,0.8104423868312755
plasma,9786,boneseg_ftclicks,boxes,1,1,0.8547512261389857,0.006868918145392101,-0.9349922839506176
plasma,9786,boneseg_ftclicks,points_bg,2,1,0.7473195248248553,0.11322348964934516,1.071759259259259
plasma,9786,boneseg_ftclicks,boxes,2,1,0.9537585440658347,0.17656765676567657,0.2382330246913575
plasma,9789,boneseg_learned,none,0,1,0.1648065083130829,0.033607784431137724,13.338734567901234
plasma,9789,boneseg_ftlayer,none,0,1,0.2904952417945232,0.0727333668510139,3.114840534979424
plasma,9789,boneseg_ftlearned,none,0,1,0.5370369165294688,0.07554347826086956,6.322916666666665
plasma,9789,boneseg_ftclicks,points_bg,0,1,0.6214086296537773,0.18141441749231293,5.791988168724281
plasma,9789,boneseg_ftclicks,boxes,0,1,0.8288925983054071,0.2228956228956229,-1.266718106995885
plasma,9789,boneseg_ftclicks,points_bg,1,1,0.6186201241150625,0.1357832988267771,4.517039609053499
plasma,9789,boneseg_ftclicks,boxes,1,1,0.7567537496105746,0.17990752416981926,-1.8811728395061726
plasma,9789,boneseg_ftclicks,points_bg,2,1,0.6174907665023348,0.16817118020728852,6.320537551440329
plasma,9789,boneseg_ftclicks,boxes,2,1,0.8295706018638768,0.22631804543506215,-1.061342592592593
plasma,9798,boneseg_learned,none,0,1,0.49580822244764006,0.06690305746972637,9.251157407407407
plasma,9798,boneseg_ftlayer,none,0,1,0.9382210773392744,0.32402434658073753,0.6277006172839494
plasma,9798,boneseg_ftlearned,none,0,1,0.9326370884899476,0.3552181351582549,1.0574845679012346
plasma,9798,boneseg_ftclicks,points_bg,0,1,0.9343057028229472,0.20940574046624444,-1.4000128600823059
plasma,9798,boneseg_ftclicks,boxes,0,1,0.9100733167173031,0.3108956854178045,-0.49157664609053575
plasma,9798,boneseg_ftclicks,points_bg,1,1,0.9366650612523846,0.23471586318340965,-1.3345550411522646
plasma,9798,boneseg_ftclicks,boxes,1,1,0.9098877796323707,0.350558081852005,-0.7316100823045277
plasma,9798,boneseg_ftclicks,points_bg,2,1,0.9491952043452342,0.31739654479710727,-0.9637988683127583
plasma,9798,boneseg_ftclicks,boxes,2,1,0.9078698158747315,0.3074398249452954,-0.483088991769548
plasma,9801,boneseg_learned,none,0,1,0.5198368655059862,0.031189083820662766,2.621141975308641
plasma,9801,boneseg_ftlayer,none,0,1,0.9042930230188707,0.26501154734411086,0.7103909465020569
plasma,9801,boneseg_ftlearned,none,0,1,0.8727624114517504,0.16852471200297287,0.5399948559670784
plasma,9801,boneseg_ftclicks,points_bg,0,1,0.8796042505206147,0.0634386908764851,-1.3366769547325101
plasma,9801,boneseg_ftclicks,boxes,0,1,0.955458989679522,0.35898661567877627,0.0857767489711933
plasma,9801,boneseg_ftclicks,points_bg,1,1,0.8882246983246457,0.09928463039236939,-0.8254886831275718
plasma,9801,boneseg_ftclicks,boxes,1,1,0.9544273555323279,0.32872137404580154,0.26427469135802406
plasma,9801,boneseg_ftclicks,points_bg,2,1,0.8841375588585153,0.16534310731012014,-0.04108796296296291
plasma,9801,boneseg_ftclicks,boxes,2,1,0.9553918043218779,0.35564053537284895,0.11631944444444459
plasma,9805,boneseg_learned,none,0,1,0.35878175252239974,0.05000499051801577,10.388695987654321
plasma,9805,boneseg_ftlayer,none,0,1,0.5505260034376382,0.20317175344105326,-2.1461548353909468
plasma,9805,boneseg_ftlearned,none,0,1,0.5628660836074781,0.2762461709830131,-2.411651234567902
plasma,9805,boneseg_ftclicks,points_bg,0,1,0.5723887060453837,0.029379760609358,6.785429526748972
plasma,9805,boneseg_ftclicks,boxes,0,1,0.8743314832439171,0.04509283819628647,1.6382458847736618
plasma,9805,boneseg_ftclicks,points_bg,1,1,0.6286424902683412,0.038885578069129914,6.2241512345679
plasma,9805,boneseg_ftclicks,boxes,1,1,0.8659937612538359,0.0432446264073695,1.581661522633744
plasma,9805,boneseg_ftclicks,points_bg,2,1,0.6196683756954292,0.0440251572327044,0.5156893004115217
plasma,9805,boneseg_ftclicks,boxes,2,1,0.8446110797138406,0.047338792221084953,0.36349022633744843
plasma,9820,boneseg_learned,none,0,1,0.6512357382951856,0.032931008791536286,4.298161008230451
plasma,9820,boneseg_ftlayer,none,0,1,0.9548171328921908,0.2769172648281073,0.2913451646090526
plasma,9820,boneseg_ftlearned,none,0,1,0.8371035998211995,0.1669345579793341,2.224729938271604
plasma,9820,boneseg_ftclicks,points_bg,0,1,0.9083320074250861,0.027071369975389663,-1.0432098765432107
plasma,9820,boneseg_ftclicks,boxes,0,1,0.9442374996481417,0.3129713423831071,0.5388374485596703
plasma,9820,boneseg_ftclicks,points_bg,1,1,0.856087698904876,0.014202172096908938,-1.6060313786008238
plasma,9820,boneseg_ftclicks,boxes,1,1,0.9483738442519307,0.3140495867768595,0.512281378600822
plasma,9820,boneseg_ftclicks,points_bg,2,1,0.9278839650813139,0.06008932196508323,-0.8073559670781896
plasma,9820,boneseg_ftclicks,boxes,2,1,0.951265753267654,0.26015325670498085,0.2975180041152256
plasma,9830,boneseg_learned,none,0,1,0.7767529904547102,0.11717557251908398,2.7680041152263373
plasma,9830,boneseg_ftlayer,none,0,1,0.9605148958993612,0.33874082657396676,-0.00977366255144052
plasma,9830,boneseg_ftlearned,none,0,1,0.9635361753764745,0.5052754982415005,-0.26787551440329294
plasma,9830,boneseg_ftclicks,points_bg,0,1,0.8794889992902768,0.013565217391304348,-1.419238683127573
plasma,9830,boneseg_ftclicks,boxes,0,1,0.9655992600096903,0.4682103610675039,-0.0588348765432109
plasma,9830,boneseg_ftclicks,points_bg,1,1,0.9077886721824021,0.03076391289319046,-1.1042952674897126
plasma,9830,boneseg_ftclicks,boxes,1,1,0.9645628670484051,0.4383830455259027,-0.047518004115226775
plasma,9830,boneseg_ftclicks,points_bg,2,1,0.9108860491012248,0.034411562284927734,-1.0707304526748977
plasma,9830,boneseg_ftclicks,boxes,2,1,0.9664410855717537,0.5756501182033097,-0.25617283950617326
plasma,9832,boneseg_learned,none,0,1,0.7465685794604271,0.03737259343148358,3.5666795267489726
plasma,9832,boneseg_ftlayer,none,0,1,0.7382470076209182,0.1416495901639344,-1.677276234567901
plasma,9832,boneseg_ftlearned,none,0,1,0.8902728277472152,0.22239542738373602,1.290637860082304
plasma,9832,boneseg_ftclicks,points_bg,0,1,0.7781092854841647,0.15444118431581755,-1.059156378600823
plasma,9832,boneseg_ftclicks,boxes,0,1,0.9400240357361511,0.20176211453744494,0.4289480452674896
plasma,9832,boneseg_ftclicks,points_bg,1,1,0.7744282403954936,0.15160427807486632,-1.745048868312757
plasma,9832,boneseg_ftclicks,boxes,1,1,0.943224016527673,0.19502811482687185,0.09355709876543161
plasma,9832,boneseg_ftclicks,points_bg,2,1,0.7255872905907546,0.019567757009345793,-3.0856481481481484
plasma,9832,boneseg_ftclicks,boxes,2,1,0.9453474376412796,0.20368718406184955,0.2917309670781895
plasma,9838,boneseg_learned,none,0,1,0.6038893544477253,0.05637121624071053,5.0171682098765435
plasma,9838,boneseg_ftlayer,none,0,1,0.7178804792428212,0.16300649551500154,-0.4421296296296298
plasma,9838,boneseg_ftlearned,none,0,1,0.7319381627149963,0.15226225955025738,-0.890432098765432
plasma,9838,boneseg_ftclicks,points_bg,0,1,0.7414239495437422,0.11831862999481059,2.8597608024691357
plasma,9838,boneseg_ftclicks,boxes,0,1,0.8762585441899509,0.07086183310533516,0.5440457818930045
plasma,9838,boneseg_ftclicks,points_bg,1,1,0.731676355947713,0.13499205929062996,3.6521990740740735
plasma,9838,boneseg_ftclicks,boxes,1,1,0.7838442475650584,0.13083257090576395,-0.5881558641975309
plasma,9838,boneseg_ftclicks,points_bg,2,1,0.7418509870871097,0.12428645563051376,2.5059156378600815
plasma,9838,boneseg_ftclicks,boxes,2,1,0.7981784054893997,0.10693970420932879,-0.32278806584362174
plasma,9841,boneseg_learned,none,0,1,0.5854496564087243,0.012790084388185654,0.24344135802469163
plasma,9841,boneseg_ftlayer,none,0,1,0.6462924796533931,0.1345350052246604,5.288451646090535
plasma,9841,boneseg_ftlearned,none,0,1,0.5822131797122653,0.01222908342414336,5.068029835390947
plasma,9841,boneseg_ftclicks,points_bg,0,1,0.6355462876916219,0.13815950920245398,5.212705761316873
plasma,9841,boneseg_ftclicks,boxes,0,1,0.9629479947236956,0.31760594145915244,-0.3530735596707815
plasma,9841,boneseg_ftclicks,points_bg,1,1,0.7299378075614168,0.017311333513659724,1.6631301440329218
plasma,9841,boneseg_ftclicks,boxes,1,1,0.9743575816500009,0.4122431506849315,0.029771090534979477
plasma,9841,boneseg_ftclicks,points_bg,2,1,0.6991448868805085,0.08902943322792507,3.3884387860082312
plasma,9841,boneseg_ftclicks,boxes,2,1,0.6647908623610415,0.008723599632690543,-2.9645704732510287
plasma,9845,boneseg_learned,none,0,1,0.7677763508841252,0.16314199395770393,1.325102880658436
plasma,9845,boneseg_ftlayer,none,0,1,0.8595154777927322,0.26324786324786326,-0.4065072016460905
plasma,9845,boneseg_ftlearned,none,0,1,0.7911410393755876,0.13611940298507463,0.6980452674897122
plasma,9845,boneseg_ftclicks,points_bg,0,1,0.8091231026747588,0.08385481852315395,0.46289866255144024
plasma,9845,boneseg_ftclicks,boxes,0,1,0.9413344201769317,0.30655957161981257,0.1800411522633747
plasma,9845,boneseg_ftclicks,points_bg,1,1,0.7983157992955282,0.014383989993746092,0.32896090534979444
plasma,9845,boneseg_ftclicks,boxes,1,1,0.9017924766473113,0.2970873786407767,0.4192386831275721
plasma,9845,boneseg_ftclicks,points_bg,2,1,0.799464711700704,0.019962570180910792,0.341628086419753
plasma,9845,boneseg_ftclicks,boxes,2,1,0.9323800035163805,0.3005284015852048,0.3017618312757202
plasma,9859,boneseg_learned,none,0,1,0.35704883279512906,0.03587397317250702,1.0290637860082303
plasma,9859,boneseg_ftlayer,none,0,1,0.7964150299362528,0.1327694476483404,2.824202674897119
plasma,9859,boneseg_ftlearned,none,0,1,0.8317375085042167,0.2022196412440315,3.109053497942388
plasma,9859,boneseg_ftclicks,points_bg,0,1,0.8255808292058939,0.28134153485647334,3.998713991769548
plasma,9859,boneseg_ftclicks,boxes,0,1,0.9080078194419762,0.2910344827586207,2.0806970164609058
plasma,9859,boneseg_ftclicks,points_bg,1,1,0.824867723632833,0.16411248326141945,2.4944058641975326
plasma,9859,boneseg_ftclicks,boxes,1,1,0.905740011254924,0.1602760736196319,0.08191872427983637
plasma,9859,boneseg_ftclicks,points_bg,2,1,0.7115770854730116,0.04067747539085119,-2.51710390946502
plasma,9859,boneseg_ftclicks,boxes,2,1,0.9042255024279677,0.16270928462709286,0.24903549382715995
plasma,9871,boneseg_learned,none,0,1,0.4290440439668861,0.056198857495754206,7.69360853909465
plasma,9871,boneseg_ftlayer,none,0,1,0.6861373269285109,0.12363935099609775,3.9056712962962967
plasma,9871,boneseg_ftlearned,none,0,1,0.6765486313987459,0.08405211965498256,4.116576646090535
plasma,9871,boneseg_ftclicks,points_bg,0,1,0.704701526442496,0.010860927152317882,-0.8483153292181065
plasma,9871,boneseg_ftclicks,boxes,0,1,0.9118694973646241,0.27755794234030523,-0.05902777777777729
plasma,9871,boneseg_ftclicks,points_bg,1,1,0.7577842454315569,0.036458333333333336,0.3154578189300414
plasma,9871,boneseg_ftclicks,boxes,1,1,0.910253893963413,0.16849394114252741,-0.38445216049382697
plasma,9871,boneseg_ftclicks,points_bg,2,1,0.7198843153216469,0.018343815513626835,-0.4439943415637859
plasma,9871,boneseg_ftclicks,boxes,2,1,0.9160538762385272,0.2748069774092079,-0.12364969135802428
plasma,9875,boneseg_learned,none,0,1,0.7483564711509405,0.07902145422774488,-1.0875128600823043
plasma,9875,boneseg_ftlayer,none,0,1,0.8800380785904356,0.1676700397079544,-1.8767361111111103
plasma,9875,boneseg_ftlearned,none,0,1,0.8798784312832414,0.13118431928208762,-2.1592721193415656
plasma,9875,boneseg_ftclicks,points_bg,0,1,0.9100579118373702,0.2371108029749149,-0.8407921810699603
plasma,9875,boneseg_ftclicks,boxes,0,1,0.9423037874319529,0.29123817359111476,0.03247170781892905
plasma,9875,boneseg_ftclicks,points_bg,1,1,0.8826787189419615,0.18277310924369747,-2.1600437242798365
plasma,9875,boneseg_ftclicks,boxes,1,1,0.9449452565751455,0.2954729183508488,-0.17084619341563856
plasma,9875,boneseg_ftclicks,points_bg,2,1,0.9122809725081071,0.27986568513496063,0.11387602880658376
plasma,9875,boneseg_ftclicks,boxes,2,1,0.9445069482701096,0.29683665121352604,-0.06918724279835475
plasma,9886,boneseg_learned,none,0,1,0.5615808280044939,0.04079696394686907,-0.7165637860082313
plasma,9886,boneseg_ftlayer,none,0,1,0.6817351195652432,0.0985618646169105,-4.175604423868312
plasma,9886,boneseg_ftlearned,none,0,1,0.6390783231860503,0.0697498921949116,-3.9059284979423863
plasma,9886,boneseg_ftclicks,points_bg,0,1,0.7746645109135004,0.12804049882701568,0.6514917695473244
plasma,9886,boneseg_ftclicks,boxes,0,1,0.7150019681165125,0.15394873314565122,-5.027520576131687
plasma,9886,boneseg_ftclicks,points_bg,1,1,0.8272683562678133,0.2013282499077604,4.007523148148148
plasma,9886,boneseg_ftclicks,boxes,1,1,0.732278269138402,0.14647766323024056,-4.657536008230452
plasma,9886,boneseg_ftclicks,points_bg,2,1,0.8104572229174499,0.17807563427477263,3.2104552469135794
plasma,9886,boneseg_ftclicks,boxes,2,1,0.8064166495787356,0.11782141533901445,-2.628922325102881
plasma,9889,boneseg_learned,none,0,1,0.2245374229038173,0.05496392992098935,13.795396090534979
plasma,9889,boneseg_ftlayer,none,0,1,0.015190569474516273,0.04511784511784512,0.8928112139917694
plasma,9889,boneseg_ftlearned,none,0,1,0.46537479879409854,0.045514079895219384,2.5103523662551437
plasma,9889,boneseg_ftclicks,points_bg,0,1,0.6667356183935627,0.11709486166007906,1.4969135802469138
plasma,9889,boneseg_ftclicks,boxes,0,1,0.7811766829092222,0.21680876979293545,-0.44457304526749
plasma,9889,boneseg_ftclicks,points_bg,1,1,0.6326335999186258,0.0,0.33712705761316863
plasma,9889,boneseg_ftclicks,boxes,1,1,0.02072269819915504,0.04678362573099415,-1.9956918724279835
plasma,9889,boneseg_ftclicks,points_bg,2,1,0.6949603989439719,0.08643167551907291,0.7599665637860082
plasma,9889,boneseg_ftclicks,boxes,2,1,0.6064008013955337,0.02888583218707015,-0.9971064814814816
plasma,9902,boneseg_learned,none,0,1,0.5352404030851976,0.13630781825624233,7.985082304526747
plasma,9902,boneseg_ftlayer,none,0,1,0.589070908353177,0.18233562315996074,6.266911008230452
plasma,9902,boneseg_ftlearned,none,0,1,0.6603158755910534,0.2,4.489647633744856
plasma,9902,boneseg_ftclicks,points_bg,0,1,0.6681393793246881,0.09015256588072122,2.017425411522634
plasma,9902,boneseg_ftclicks,boxes,0,1,0.8878441338415926,0.15688193085453359,-0.3130144032921812
plasma,9902,boneseg_ftclicks,points_bg,1,1,0.667985065532179,0.09768211920529801,2.1858281893004117
plasma,9902,boneseg_ftclicks,boxes,1,1,0.885640391319015,0.16927083333333334,-0.2726337448559671
plasma,9902,boneseg_ftclicks,points_bg,2,1,0.6628503996868316,0.08994115998879237,1.9119727366255148
plasma,9902,boneseg_ftclicks,boxes,2,1,0.7219416337717408,0.0022002200220022,-1.9612911522633745
plasma,9910,boneseg_learned,none,0,1,0.44849526161776154,0.03850666666666667,2.498199588477365
plasma,9910,boneseg_ftlayer,none,0,1,0.7471882394861628,0.2980009871668312,6.697916666666667
plasma,9910,boneseg_ftlearned,none,0,1,0.7263288021083328,0.2581547064305685,6.946887860082304
plasma,9910,boneseg_ftclicks,points_bg,0,1,0.7341438960021205,0.27454659161976236,6.443994341563785
plasma,9910,boneseg_ftclicks,boxes,0,1,0.8480490471622809,0.055404023184452776,-2.2811213991769552
plasma,9910,boneseg_ftclicks,points_bg,1,1,0.7261259825791374,0.3309213076624887,7.602494855967079
plasma,9910,boneseg_ftclicks,boxes,1,1,0.931994606321323,0.4102261221734728,1.1023019547325097
plasma,9910,boneseg_ftclicks,points_bg,2,1,0.7322857275297826,0.26374174249034027,6.2899948559670795
plasma,9910,boneseg_ftclicks,boxes,2,1,0.903856994997927,0.27419354838709675,0.10435956790123407
plasma,9912,boneseg_learned,none,0,1,0.659990345879982,0.03663149512243679,2.4042566872428006
plasma,9912,boneseg_ftlayer,none,0,1,0.7010558854946555,0.1489081049391763,0.16493055555555636
plasma,9912,boneseg_ftlearned,none,0,1,0.7321116637711511,0.04456448345712356,0.5164609053497943
plasma,9912,boneseg_ftclicks,points_bg,0,1,0.7839419904180601,0.14659456299327683,2.299897119341565
plasma,9912,boneseg_ftclicks,boxes,0,1,0.8638143538196003,0.16298430995837335,-1.1317515432098746
plasma,9912,boneseg_ftclicks,points_bg,1,1,0.7965030898159499,0.20591715976331362,4.235082304526749
plasma,9912,boneseg_ftclicks,boxes,1,1,0.8832822608103507,0.21156031823347946,-0.06288580246913422
plasma,9912,boneseg_ftclicks,points_bg,2,1,0.7864163966419135,0.18618353218441597,3.085455246913582
plasma,9912,boneseg_ftclicks,boxes,2,1,0.8730977278297777,0.19964917875936852,-0.005465534979423592
plasma,102,boneseg_learned,none,0,2,0.7523020143402135,0.12472777667788557,-3.09741512345679
plasma,102,boneseg_ftlayer,none,0,2,0.927358305183078,0.4868421052631579,-1.4832818930041154
plasma,102,boneseg_ftlearned,none,0,2,0.9311315110496204,0.48171455711232486,-1.45627572016461
plasma,102,boneseg_ftclicks,points_bg,0,2,0.9225357301597488,0.4201268397750389,-1.916988168724279
plasma,102,boneseg_ftclicks,boxes,0,2,0.8230213982589074,0.5341040462427745,-3.8934542181069953
plasma,102,boneseg_ftclicks,points_bg,1,2,0.9189877887584045,0.37194244604316545,-2.0199331275720156
plasma,102,boneseg_ftclicks,boxes,1,2,0.8238716484229962,0.476687898089172,-3.6165123456790114
plasma,102,boneseg_ftclicks,points_bg,2,2,0.9267288252593356,0.4861210815984685,-1.7703189300411508
plasma,102,boneseg_ftclicks,boxes,2,2,0.8207434900284534,0.5316928626642617,-3.953124999999999
plasma,104,boneseg_learned,none,0,2,0.8153024754004324,0.1527634740817027,0.12834362139917815
plasma,104,boneseg_ftlayer,none,0,2,0.9275218192236476,0.4929140832595217,-0.8659336419753083
plasma,104,boneseg_ftlearned,none,0,2,0.9036545811183991,0.36409714889123546,-1.1021733539094642
plasma,104,boneseg_ftclicks,points_bg,0,2,0.9735882606509089,0.6436884512085944,-0.12409979423868289
plasma,104,boneseg_ftclicks,boxes,0,2,0.9671459943136468,0.45254010695187163,0.45968364197530864
plasma,104,boneseg_ftclicks,points_bg,1,2,0.9776129288647503,0.6711000901713255,0.11805555555555597
plasma,104,boneseg_ftclicks,boxes,1,2,0.9693763485585047,0.4698391420911528,0.39660493827160526
plasma,104,boneseg_ftclicks,points_bg,2,2,0.9738898812603768,0.6477477477477478,-0.1532278806584353
plasma,104,boneseg_ftclicks,boxes,2,2,0.964696969044739,0.3935957304869913,0.49311985596707936
plasma,110,boneseg_learned,none,0,2,0.6876109834766295,0.0924178895877009,-0.9106224279835394
plasma,110,boneseg_ftlayer,none,0,2,0.7984867739513738,0.2381232822928936,1.6020447530864192
plasma,110,boneseg_ftlearned,none,0,2,0.7792927720301557,0.19466666666666665,0.9324202674897114
plasma,110,boneseg_ftclicks,points_bg,0,2,0.8299580420723213,0.33360706220488606,2.009580761316872
plasma,110,boneseg_ftclicks,boxes,0,2,0.9535209606265777,0.37424933941868843,-0.10101594650205742
plasma,110,boneseg_ftclicks,points_bg,1,2,0.8017136026095111,0.11366566394499356,0.7399048353909463
plasma,110,boneseg_ftclicks,boxes,1,2,0.9286491893959455,0.30442218421695577,-0.6168981481481484
plasma,110,boneseg_ftclicks,points_bg,2,2,0.8270793263690723,0.27486361728913133,1.615933641975309
plasma,110,boneseg_ftclicks,boxes,2,2,0.9424914416467791,0.43578304766377085,0.6585648148148147
plasma,113,boneseg_learned,none,0,2,0.7663921998553801,0.14184852374839538,-1.0261059670781891
plasma,113,boneseg_ftlayer,none,0,2,0.9331168432623045,0.28133996336037687,-0.5284850823045264
plasma,113,boneseg_ftlearned,none,0,2,0.9264066314653949,0.3737722325457924,-0.7273662551440331
plasma,113,boneseg_ftclicks,points_bg,0,2,0.9784744969583529,0.6549196504087962,0.03948045267489694
plasma,113,boneseg_ftclicks,boxes,0,2,0.9384168926267674,0.1739606126914661,0.7765560699588475
plasma,113,boneseg_ftclicks,points_bg,1,2,0.9786132167204783,0.6562235393734124,-0.08352623456790095
plasma,113,boneseg_ftclicks,boxes,1,2,0.9393706753373174,0.1474516216952848,0.7620241769547329
plasma,113,boneseg_ftclicks,points_bg,2,2,0.9761881829175629,0.6220338983050847,-0.03600823045267487
plasma,113,boneseg_ftclicks,boxes,2,2,0.9572122379556958,0.2989634478996181,0.49858539094650156
plasma,115,boneseg_learned,none,0,2,0.692943288528816,0.08704416345977643,-2.0180041152263377
plasma,115,boneseg_ftlayer,none,0,2,0.8018969374595706,0.33757836990595613,2.4132587448559657
plasma,115,boneseg_ftlearned,none,0,2,0.7980240194048394,0.23989113530326595,2.0232767489711923
plasma,115,boneseg_ftclicks,points_bg,0,2,0.8128888737364267,0.31720759338640536,1.895318930041151
plasma,115,boneseg_ftclicks,boxes,0,2,0.9342781206113365,0.26628895184135976,0.8633616255144028
plasma,115,boneseg_ftclicks,points_bg,1,2,0.8032212548302788,0.4050757426716506,2.8479938271604928
plasma,115,boneseg_ftclicks,boxes,1,2,0.9609718795538819,0.46179481075934303,0.1768904320987641
plasma,115,boneseg_ftclicks,points_bg,2,2,0.808982558729772,0.4282591414944356,2.6413966049382704
plasma,115,boneseg_ftclicks,boxes,2,2,0.9506012881739643,0.36548945247689024,0.5539480452674896
plasma,1693,boneseg_learned,none,0,2,0.5025834433339619,0.09245810055865922,1.4969778806584364
plasma,1693,boneseg_ftlayer,none,0,2,0.7090673387600929,0.29784172661870506,2.7436342592592595
plasma,1693,boneseg_ftlearned,none,0,2,0.7150230770767704,0.30999004314636575,2.6269933127572016
plasma,1693,boneseg_ftclicks,points_bg,0,2,0.7370579564195747,0.21888598781549173,1.7836934156378603
plasma,1693,boneseg_ftclicks,boxes,0,2,0.9389471507234138,0.31727319323423886,0.4342206790123454
plasma,1693,boneseg_ftclicks,points_bg,1,2,0.726091895608502,0.051822573561704,1.5760030864197534
plasma,1693,boneseg_ftclicks,boxes,1,2,0.9376590001638511,0.3562169947191551,0.42856224279835403
plasma,1693,boneseg_ftclicks,points_bg,2,2,0.7357253145399233,0.07548845470692718,1.3845164609053495
plasma,1693,boneseg_ftclicks,boxes,2,2,0.9332474890548544,0.37669512807634353,0.46270576131687213
plasma,1694,boneseg_learned,none,0,2,0.7515638467364902,0.1785207380539347,-1.1729681069958837
plasma,1694,boneseg_ftlayer,none,0,2,0.8902057050108318,0.2761964622429739,-2.2148919753086416
plasma,1694,boneseg_ftlearned,none,0,2,0.9081740968371961,0.3355589641793738,0.6891075102880673
plasma,1694,boneseg_ftclicks,points_bg,0,2,0.8831224400472958,0.14434233732479346,-1.19071502057613
plasma,1694,boneseg_ftclicks,boxes,0,2,0.8837144010247592,0.452212020033389,-3.9187242798353896
plasma,1694,boneseg_ftclicks,points_bg,1,2,0.8829973349029611,0.14139057396173588,-1.23611111111111
plasma,1694,boneseg_ftclicks,boxes,1,2,0.8423468734568466,0.23176142812919204,-5.405349794238681
plasma,1694,boneseg_ftclicks,points_bg,2,2,0.9201875451951264,0.32225063938618925,0.7851723251028814
plasma,1694,boneseg_ftclicks,boxes,2,2,0.8452443922386905,0.2392470397733023,-5.3096707818930025
plasma,1704,boneseg_learned,none,0,2,0.7338725622360025,0.0852346104175635,-0.2514146090534977
plasma,1704,boneseg_ftlayer,none,0,2,0.6268047471464208,0.19804108934543718,3.6520704732510287
plasma,1704,boneseg_ftlearned,none,0,2,0.6156459255762,0.19392356990268217,3.7616383744855972
plasma,1704,boneseg_ftclicks,points_bg,0,2,0.6723930708332244,0.08573878250928837,2.437757201646091
plasma,1704,boneseg_ftclicks,boxes,0,2,0.9715743821085817,0.5442000862440707,-0.02276234567901228
plasma,1704,boneseg_ftclicks,points_bg,1,2,0.6679570626213847,0.08073289436014887,2.3937757201646095
plasma,1704,boneseg_ftclicks,boxes,1,2,0.9711552498475754,0.5002152389151958,0.0817258230452679
plasma,1704,boneseg_ftclicks,points_bg,2,2,0.6657448328790325,0.05846774193548387,2.312757201646091
plasma,1704,boneseg_ftclicks,boxes,2,2,0.9725260484163599,0.5262018189692508,0.03639403292181112
plasma,1705,boneseg_learned,none,0,2,0.6544939220255716,0.07511170148532786,3.2668467078189294
plasma,1705,boneseg_ftlayer,none,0,2,0.6437166338382123,0.07404560594414553,6.516268004115225
plasma,1705,boneseg_ftlearned,none,0,2,0.6410302280782264,0.10830201571574992,7.649627057613167
plasma,1705,boneseg_ftclicks,points_bg,0,2,0.5991868406367091,0.0,-2.632973251028807
plasma,1705,boneseg_ftclicks,boxes,0,2,0.9192948614099005,0.1614572964363926,-0.08429783950617276
plasma,1705,boneseg_ftclicks,points_bg,1,2,0.6712415444126262,0.01658124811576726,2.5635288065843613
plasma,1705,boneseg_ftclicks,boxes,1,2,0.897179370296618,0.07418761496014716,-1.070473251028807
plasma,1705,boneseg_ftclicks,points_bg,2,2,0.6651042266497754,0.0659325341511012,5.181712962962962
plasma,1705,boneseg_ftclicks,boxes,2,2,0.8775473639912834,0.03488879197557784,-1.7188143004115224
plasma,1709,boneseg_learned,none,0,2,0.6610242031985606,0.08953297348040366,0.14165380658436172
plasma,1709,boneseg_ftlayer,none,0,2,0.6495275637853254,0.19645776566757492,0.5341435185185178
plasma,1709,boneseg_ftlearned,none,0,2,0.6554849894339665,0.20206753962784288,0.7557870370370368
plasma,1709,boneseg_ftclicks,points_bg,0,2,0.7396507371962239,0.13498483316481294,4.777327674897118
plasma,1709,boneseg_ftclicks,boxes,0,2,0.8859379815556767,0.1722823601158713,-0.2453703703703708
plasma,1709,boneseg_ftclicks,points_bg,1,2,0.7489400809346582,0.18078864783735843,3.384387860082304
plasma,1709,boneseg_ftclicks,boxes,1,2,0.8875842072616592,0.11343856025962532,0.3440715020576121
plasma,1709,boneseg_ftclicks,points_bg,2,2,0.7471932613395227,0.19219538093973984,3.9039994855967084
plasma,1709,boneseg_ftclicks,boxes,2,2,0.8823304120575844,0.058711006474396706,0.8894032921810693
plasma,1715,boneseg_learned,none,0,2,0.8032521648544827,0.2331918178309533,6.774562757201647
plasma,1715,boneseg_ftlayer,none,0,2,0.9223066784266701,0.3578096429602541,-0.2872299382716048
plasma,1715,boneseg_ftlearned,none,0,2,0.926604257860275,0.27490113124252735,0.8659336419753111
plasma,1715,boneseg_ftclicks,points_bg,0,2,0.9169917341911316,0.40566525379923496,-1.1459619341563783
plasma,1715,boneseg_ftclicks,boxes,0,2,0.7423548102042098,0.2809633027522936,-6.09696502057613
plasma,1715,boneseg_ftclicks,points_bg,1,2,0.9147469706888672,0.39396103233703966,-1.4948559670781876
plasma,1715,boneseg_ftclicks,boxes,1,2,0.7579295010136682,0.2715643703790635,-5.198945473251028
plasma,1715,boneseg_ftclicks,points_bg,2,2,0.9254910623593477,0.3849793617235478,-0.12789351851851816
plasma,1715,boneseg_ftclicks,boxes,2,2,0.7558369663320209,0.2534730397927949,-5.015367798353908
plasma,1716,boneseg_learned,none,0,2,0.8548830692888225,0.18988514264542422,0.9798739711934151
plasma,1716,boneseg_ftlayer,none,0,2,0.9071405058522894,0.3813221406086044,1.293917181069959
plasma,1716,boneseg_ftlearned,none,0,2,0.9093616417819737,0.39179573043114274,1.3900462962962963
plasma,1716,boneseg_ftclicks,points_bg,0,2,0.8511728967227941,0.01379013143719026,-0.5189686213991768
plasma,1716,boneseg_ftclicks,boxes,0,2,0.977225000541231,0.5011938872970392,0.1670524691358019
plasma,1716,boneseg_ftclicks,points_bg,1,2,0.8554192083718252,0.012308356726408983,-0.46135545267489697
plasma,1716,boneseg_ftclicks,boxes,1,2,0.9779103263139923,0.5304223335719399,0.047518004115226775
plasma,1716,boneseg_ftclicks,points_bg,2,2,0.9001373023624499,0.18403218975010588,0.5169753086419759
plasma,1716,boneseg_ftclicks,boxes,2,2,0.9775112010406128,0.5090778786430961,0.14223251028806644
plasma,1719,boneseg_learned,none,0,2,0.7933537933537933,0.18195237158039756,3.1054526748971205
plasma,1719,boneseg_ftlayer,none,0,2,0.5474816109773395,0.14141524958859022,3.118055555555556
plasma,1719,boneseg_ftlearned,none,0,2,0.5319589909306865,0.1370304859015711,2.5695730452674885
plasma,1719,boneseg_ftclicks,points_bg,0,2,0.5174520488310577,0.07771478412559965,10.684670781893004
plasma,1719,boneseg_ftclicks,boxes,0,2,0.6938804473582723,0.10236113006687594,-3.3321116255144028
plasma,1719,boneseg_ftclicks,points_bg,1,2,0.523616321615488,0.07966669262518496,17.475823045267486
plasma,1719,boneseg_ftclicks,boxes,1,2,0.6944504589315132,0.07329696461043503,-3.6825488683127574
plasma,1719,boneseg_ftclicks,points_bg,2,2,0.5536162478723711,0.14792405591487587,4.801504629629629
plasma,1719,boneseg_ftclicks,boxes,2,2,0.6455170225898889,0.19120944834803408,-5.526556069958848
plasma,1738,boneseg_learned,none,0,2,0.5528693046406035,0.11144778656418594,13.800990226337447
plasma,1738,boneseg_ftlayer,none,0,2,0.47170618009295656,0.16233001392011992,7.914351851851853
plasma,1738,boneseg_ftlearned,none,0,2,0.5510601452948133,0.12145203402678346,10.388503086419753
plasma,1738,boneseg_ftclicks,points_bg,0,2,0.4443975153030902,0.051016830294530156,22.568158436213995
plasma,1738,boneseg_ftclicks,boxes,0,2,0.8832835335423117,0.21388336646785952,0.10487397119341574
plasma,1738,boneseg_ftclicks,points_bg,1,2,0.4263980513405526,0.03435500168406871,25.3715920781893
plasma,1738,boneseg_ftclicks,boxes,1,2,0.8864183137465821,0.20512379642365888,-0.09381430041152244
plasma,1738,boneseg_ftclicks,points_bg,2,2,0.4520528444591613,0.05921866713805904,21.49665637860082
plasma,1738,boneseg_ftclicks,boxes,2,2,0.8689748206783026,0.06836483155299918,1.581018518518519
plasma,1739,boneseg_learned,none,0,2,0.6212135885764707,0.1440347071583514,2.174897119341563
plasma,1739,boneseg_ftlayer,none,0,2,0.796150012644858,0.18795843520782396,-1.1314300411522635
plasma,1739,boneseg_ftlearned,none,0,2,0.8159343157070224,0.1159966499162479,-0.5819830246913584
plasma,1739,boneseg_ftclicks,points_bg,0,2,0.8487750261494719,0.3272425249169435,-1.0468106995884776
plasma,1739,boneseg_ftclicks,boxes,0,2,0.9235735358319332,0.2301706076025142,-0.05529835390946508
plasma,1739,boneseg_ftclicks,points_bg,1,2,0.8417596749893187,0.30648918469217973,-1.197723765432099
plasma,1739,boneseg_ftclicks,boxes,1,2,0.9251097299306729,0.2310261080752884,0.0831404320987654
plasma,1739,boneseg_ftclicks,points_bg,2,2,0.7788148264735972,0.14651525272767757,2.479873971193416
plasma,1739,boneseg_ftclicks,boxes,2,2,0.8683759958115775,0.2351238340302348,-0.6877572016460908
plasma,1742,boneseg_learned,none,0,2,0.742295146137787,0.18268239606001604,2.485725308641974
plasma,1742,boneseg_ftlayer,none,0,2,0.639971179453504,0.1476808245956993,-3.125900205761317
plasma,1742,boneseg_ftlearned,none,0,2,0.6836470345491643,0.1839680055642497,-3.2026105967078196
plasma,1742,boneseg_ftclicks,points_bg,0,2,0.6445191194139552,0.10175438596491228,6.4819315843621395
plasma,1742,boneseg_ftclicks,boxes,0,2,0.8237345205581952,0.059124211961151814,-0.039351851851852915
plasma,1742,boneseg_ftclicks,points_bg,1,2,0.6436358271266277,0.11584901555531382,6.30787037037037
plasma,1742,boneseg_ftclicks,boxes,1,2,0.7897080071234166,0.26747832503228186,-1.9170524691358035
plasma,1742,boneseg_ftclicks,points_bg,2,2,0.6409430993070319,0.16307494371180445,6.064043209876542
plasma,1742,boneseg_ftclicks,boxes,2,2,0.8255098639352708,0.07517512386810182,-0.2514146090534991
plasma,1745,boneseg_learned,none,0,2,0.5994095746216042,0.13791724965020988,8.229166666666668
plasma,1745,boneseg_ftlayer,none,0,2,0.8869766089514974,0.2780059481659822,1.1440972222222234
plasma,1745,boneseg_ftlearned,none,0,2,0.8857805903831075,0.22739480752014324,1.3938400205761314
plasma,1745,boneseg_ftclicks,points_bg,0,2,0.7746121506577851,0.055062995800279985,-2.13014403292181
plasma,1745,boneseg_ftclicks,boxes,0,2,0.8726861121007943,0.06389076196898179,-2.5677083333333335
plasma,1745,boneseg_ftclicks,points_bg,1,2,0.8341767531500489,0.08013355592654424,-0.9412937242798347
plasma,1745,boneseg_ftclicks,boxes,1,2,0.9625473001044251,0.4336976023487196,-0.05516975308642036
plasma,1745,boneseg_ftclicks,points_bg,2,2,0.8969406066661056,0.29125773818511247,0.7231867283950616
plasma,1745,boneseg_ftclicks,boxes,2,2,0.9585351582012017,0.3828740157480315,-0.43396347736625457
plasma,1747,boneseg_learned,none,0,2,0.8320611304059643,0.21239938801303798,3.5904063786008216
plasma,1747,boneseg_ftlayer,none,0,2,0.9345995753626675,0.3096468938929291,-1.103845164609052
plasma,1747,boneseg_ftlearned,none,0,2,0.9477002064332851,0.33051880222841223,0.49684927983539295
plasma,1747,boneseg_ftclicks,points_bg,0,2,0.9071494804765897,0.19049314580737048,-3.6417181069958837
plasma,1747,boneseg_ftclicks,boxes,0,2,0.8333620664417895,0.28928638321783107,-4.603266460905347
plasma,1747,boneseg_ftclicks,points_bg,1,2,0.9339618574921024,0.2930556796854053,-2.3713991769547302
plasma,1747,boneseg_ftclicks,boxes,1,2,0.8362516898794593,0.2875932835820896,-4.328510802469135
plasma,1747,boneseg_ftclicks,points_bg,2,2,0.9472598753538516,0.3318707991038088,1.3811728395061729
plasma,1747,boneseg_ftclicks,boxes,2,2,0.8240289913070544,0.2204387881090322,-3.6482767489711936
plasma,1762,boneseg_learned,none,0,2,0.625095780060898,0.1538229981938591,9.846836419753087
plasma,1762,boneseg_ftlayer,none,0,2,0.8081262540706917,0.19997372224412036,3.7157278806584357
plasma,1762,boneseg_ftlearned,none,0,2,0.7884024767655912,0.22455416717214607,5.070923353909464
plasma,1762,boneseg_ftclicks,points_bg,0,2,0.8058264042591374,0.21246956992155802,3.5884773662551424
plasma,1762,boneseg_ftclicks,boxes,0,2,0.9123241678003969,0.11133200795228629,-1.602623456790124
plasma,1762,boneseg_ftclicks,points_bg,1,2,0.8107543869548045,0.17175203644898523,2.8617541152263377
plasma,1762,boneseg_ftclicks,boxes,1,2,0.9645637045734414,0.41567912488605285,0.24369855967078108
plasma,1762,boneseg_ftclicks,points_bg,2,2,0.8075957008438209,0.12260321903428971,2.2894161522633754
plasma,1762,boneseg_ftclicks,boxes,2,2,0.9214861982628049,0.1310805792796138,-1.4075360082304533
plasma,1766,boneseg_learned,none,0,2,0.6078004261676417,0.18017686072218128,6.590213477366255
plasma,1766,boneseg_ftlayer,none,0,2,0.5770610997356446,0.13721449424695173,2.714313271604938
plasma,1766,boneseg_ftlearned,none,0,2,0.6379256506142469,0.14753218884120173,4.494598765432099
plasma,1766,boneseg_ftclicks,points_bg,0,2,0.6492611575376911,0.3000309310238169,5.637409979423868
plasma,1766,boneseg_ftclicks,boxes,0,2,0.9494671210034076,0.4361650485436893,0.02597736625514352
plasma,1766,boneseg_ftclicks,points_bg,1,2,0.7989349601902596,0.08639742816958007,0.046424897119341085
plasma,1766,boneseg_ftclicks,boxes,1,2,0.9501745021556148,0.41826108016468877,0.13773148148148104
plasma,1766,boneseg_ftclicks,points_bg,2,2,0.7508979433582016,0.23472781375809557,2.70093878600823
plasma,1766,boneseg_ftclicks,boxes,2,2,0.949010111045567,0.40989570700945915,0.03575102880658404
plasma,1770,boneseg_learned,none,0,2,0.34561428578467845,0.04764977949876304,7.962834362139917
plasma,1770,boneseg_ftlayer,none,0,2,0.5663364614029556,0.2013799051315222,-0.3960262345679019
plasma,1770,boneseg_ftlearned,none,0,2,0.5511969677755703,0.17491390248323363,0.11805555555555458
plasma,1770,boneseg_ftclicks,points_bg,0,2,0.47307862178145127,0.04033424393379399,4.284593621399177
plasma,1770,boneseg_ftclicks,boxes,0,2,0.6638883336085593,0.1793902150791775,-3.3393775720164616
plasma,1770,boneseg_ftclicks,points_bg,1,2,0.4897149721524517,0.03578699239258545,11.304140946502056
plasma,1770,boneseg_ftclicks,boxes,1,2,0.6699420508944318,0.2039504997620181,-3.3337191358024696
plasma,1770,boneseg_ftclicks,points_bg,2,2,0.546973803071364,0.01691305437233776,7.773919753086419
plasma,1770,boneseg_ftclicks,boxes,2,2,0.6462482511033233,0.07434333958724203,-3.8429140946502063
plasma,1774,boneseg_learned,none,0,2,0.6078630525402569,0.1303665332391492,13.79783950617284
plasma,1774,boneseg_ftlayer,none,0,2,0.6906627958518634,0.27926255877258105,3.7339248971193424
plasma,1774,boneseg_ftlearned,none,0,2,0.7074066375666874,0.23998478701825557,3.3179012345678993
plasma,1774,boneseg_ftclicks,points_bg,0,2,0.6350838408692506,0.0590160472972973,9.501607510288066
plasma,1774,boneseg_ftclicks,boxes,0,2,0.8708347666228691,0.12532517214996175,0.1374742798353909
plasma,1774,boneseg_ftclicks,points_bg,1,2,0.6466200552967184,0.07799016930638995,8.42650462962963
plasma,1774,boneseg_ftclicks,boxes,1,2,0.8664879444395912,0.07515499773174052,0.8860596707818926
plasma,1774,boneseg_ftclicks,points_bg,2,2,0.6273988698036144,0.06176165803108808,9.511316872427983
plasma,1774,boneseg_ftclicks,boxes,2,2,0.8605433406439313,0.18297736691106153,-0.4734439300411522
plasma,1776,boneseg_learned,none,0,2,0.424097103050534,0.06611210786712336,9.180619855967077
plasma,1776,boneseg_ftlayer,none,0,2,0.6645854586151911,0.11417638159651153,0.6125900205761314
plasma,1776,boneseg_ftlearned,none,0,2,0.628517614069686,0.06327601088905119,1.5390946502057608
plasma,1776,boneseg_ftclicks,points_bg,0,2,0.607120222236701,0.1541837542269228,11.574588477366255
plasma,1776,boneseg_ftclicks,boxes,0,2,0.8215158634343738,0.2026035747494576,0.6939943415637861
plasma,1776,boneseg_ftclicks,points_bg,1,2,0.6319647893575902,0.1662292213473316,5.814300411522632
plasma,1776,boneseg_ftclicks,boxes,1,2,0.8138942419559809,0.20652173913043478,0.48347479423868356
plasma,1776,boneseg_ftclicks,points_bg,2,2,0.6186974462055146,0.15208364229571408,9.353395061728392
plasma,1776,boneseg_ftclicks,boxes,2,2,0.7942726951668059,0.2180696239375946,-1.9891975308641978
plasma,1808,boneseg_learned,none,0,2,0.6998675632273625,0.20369460548295176,6.524627057613168
plasma,1808,boneseg_ftlayer,none,0,2,0.8030662691700232,0.2603007001032939,3.8953189300411513
plasma,1808,boneseg_ftlearned,none,0,2,0.8171578018180452,0.30618384401114207,3.762860082304527
plasma,1808,boneseg_ftclicks,points_bg,0,2,0.7867431627619565,0.019638648860958365,0.5151748971193415
plasma,1808,boneseg_ftclicks,boxes,0,2,0.9182680962987263,0.10318195860364535,-1.28150720164609
plasma,1808,boneseg_ftclicks,points_bg,1,2,0.8045275649096371,0.1393884892086331,2.318158436213992
plasma,1808,boneseg_ftclicks,boxes,1,2,0.9457652181056436,0.3579418344519016,-0.1441615226337442
plasma,1808,boneseg_ftclicks,points_bg,2,2,0.8003305205698976,0.0946730297949181,2.0536265432098757
plasma,1808,boneseg_ftclicks,boxes,2,2,0.9566692600276625,0.46536438767843724,0.17644032921810687
plasma,1812,boneseg_learned,none,0,2,0.4159589206502536,0.08072586065267717,22.335390946502056
plasma,1812,boneseg_ftlayer,none,0,2,0.6897309371046964,0.17699825947248626,-0.04275977366255124
plasma,1812,boneseg_ftlearned,none,0,2,0.7399607952954355,0.19047619047619047,1.595936213991772
plasma,1812,boneseg_ftclicks,points_bg,0,2,0.7163448698411701,0.18403090792015453,4.489068930041154
plasma,1812,boneseg_ftclicks,boxes,0,2,0.8582676607492461,0.25,-1.0269418724279833
plasma,1812,boneseg_ftclicks,points_bg,1,2,0.7361504683903546,0.24804318488529015,1.720743312757203
plasma,1812,boneseg_ftclicks,boxes,1,2,0.659646381949556,0.022018970189701895,-6.852173353909463
plasma,1812,boneseg_ftclicks,points_bg,2,2,0.5704673771518131,0.04916429587482219,16.833912037037038
plasma,1812,boneseg_ftclicks,boxes,2,2,0.8445433942673443,0.25315877606941695,-2.4921553497942366
plasma,1815,boneseg_learned,none,0,2,0.4754127542165458,0.060523780327581676,12.61033950617284
plasma,1815,boneseg_ftlayer,none,0,2,0.5550186921475897,0.150480109739369,3.406057098765432
plasma,1815,boneseg_ftlearned,none,0,2,0.6569234033992102,0.13529574350469872,4.153999485596708
plasma,1815,boneseg_ftclicks,points_bg,0,2,0.6664938814661228,0.18740790354989953,7.368698559670782
plasma,1815,boneseg_ftclicks,boxes,0,2,0.8133545158849328,0.2737528202557032,-2.947337962962962
plasma,1815,boneseg_ftclicks,points_bg,1,2,0.7308718236698021,0.23372260438329867,2.8072273662551437
plasma,1815,boneseg_ftclicks,boxes,1,2,0.9507047149852501,0.249264206474983,0.24376286008230552
plasma,1815,boneseg_ftclicks,points_bg,2,2,0.6918158212117611,0.18199233716475097,6.25392232510288
plasma,1815,boneseg_ftclicks,boxes,2,2,0.9547830448959117,0.2784116841624829,0.05009002057613232
plasma,1816,boneseg_learned,none,0,2,0.6037562375959857,0.09165400477534187,11.090213477366254
plasma,1816,boneseg_ftlayer,none,0,2,0.6069865201213401,0.15355319666153472,-1.9078575102880664
plasma,1816,boneseg_ftlearned,none,0,2,0.73275020389434,0.1831657355679702,3.1873070987654324
plasma,1816,boneseg_ftclicks,points_bg,0,2,0.6924992996721708,0.20365016263100832,-1.2364969135802455
plasma,1816,boneseg_ftclicks,boxes,0,2,0.701436986790432,0.21594616639477976,-6.3910751028806585
plasma,1816,boneseg_ftclicks,points_bg,1,2,0.6927543568542528,0.2341382793131944,-0.9130015432098765
plasma,1816,boneseg_ftclicks,boxes,1,2,0.4777677535764918,0.004927211646136618,-11.260416666666668
plasma,1816,boneseg_ftclicks,points_bg,2,2,0.6286080899425639,0.10068952488901484,-3.637731481481482
plasma,1816,boneseg_ftclicks,boxes,2,2,0.1721160242902508,0.0,-15.587127057613168
plasma,1837,boneseg_learned,none,0,2,0.5307216198375195,0.0649687728120691,3.6933513374485583
plasma,1837,boneseg_ftlayer,none,0,2,0.7357663070803817,0.2186619718309859,0.012088477366253847
plasma,1837,boneseg_ftlearned,none,0,2,0.7397835969904745,0.20854430379746836,0.005658436213992757
plasma,1837,boneseg_ftclicks,points_bg,0,2,0.6830663931652267,0.04483900090279867,11.418852880658436
plasma,1837,boneseg_ftclicks,boxes,0,2,0.8789521166649537,0.0653876272513704,2.3318544238683128
plasma,1837,boneseg_ftclicks,points_bg,1,2,0.7618172477913884,0.2306811677160847,0.8395704732510278
plasma,1837,boneseg_ftclicks,boxes,1,2,0.8446645801266531,0.3028476721410276,-2.0511188271604945
plasma,1837,boneseg_ftclicks,points_bg,2,2,0.6843353134402993,0.05832568573467931,11.46894290123457
plasma,1837,boneseg_ftclicks,boxes,2,2,0.8769075035999601,0.10119667013527575,1.2389403292181078
plasma,1838,boneseg_learned,none,0,2,0.5244197652673727,0.06418396201248466,10.74961419753086
plasma,1838,boneseg_ftlayer,none,0,2,0.7219073212991284,0.1486188781562447,2.2816358024691343
plasma,1838,boneseg_ftlearned,none,0,2,0.7165769618324362,0.09968403444644074,5.157471707818928
plasma,1838,boneseg_ftclicks,points_bg,0,2,0.7000394862295787,0.16158612143742254,5.971965020576131
plasma,1838,boneseg_ftclicks,boxes,0,2,0.5700057291437134,0.05877991950857869,-7.824588477366257
plasma,1838,boneseg_ftclicks,points_bg,1,2,0.5794799461641992,0.03788094559954429,-4.2278163580246915
plasma,1838,boneseg_ftclicks,boxes,1,2,0.7596886879897428,0.21437359032191922,-2.5931069958847752
plasma,1838,boneseg_ftclicks,points_bg,2,2,0.65555968214913,0.07848443843031123,-0.8458076131687253
plasma,1838,boneseg_ftclicks,boxes,2,2,0.7335806695085523,0.16361906775182328,-3.8439429012345707
plasma,1839,boneseg_learned,none,0,2,0.41034688180548556,0.06973601225335616,20.94669495884774
plasma,1839,boneseg_ftlayer,none,0,2,0.720524993889978,0.20405027932960895,6.496527777777779
plasma,1839,boneseg_ftlearned,none,0,2,0.7109586129414265,0.1133759004584152,7.176954732510289
plasma,1839,boneseg_ftclicks,points_bg,0,2,0.8925336696362938,0.16574074074074074,0.8344907407407411
plasma,1839,boneseg_ftclicks,boxes,0,2,0.9363257520938396,0.09892580564576568,-0.9065715020576126
plasma,1839,boneseg_ftclicks,points_bg,1,2,0.8615158986407868,0.0412280701754386,-1.0476466049382709
plasma,1839,boneseg_ftclicks,boxes,1,2,0.9614604319338939,0.33902728351126926,-0.01009516460905302
plasma,1839,boneseg_ftclicks,points_bg,2,2,0.8714631372729624,0.05890348889895786,-0.08378343621399109
plasma,1839,boneseg_ftclicks,boxes,2,2,0.9557191820611131,0.17785149272773668,-0.5244341563786004
plasma,1844,boneseg_learned,none,0,2,0.46005076871497674,0.034755759638983454,6.395447530864197
plasma,1844,boneseg_ftlayer,none,0,2,0.7127330542685729,0.19611919611919612,5.428047839506174
plasma,1844,boneseg_ftlearned,none,0,2,0.6665635363389378,0.20957510472770796,6.146990740740741
plasma,1844,boneseg_ftclicks,points_bg,0,2,0.6491169483472476,0.09175514484205007,3.2283307613168737
plasma,1844,boneseg_ftclicks,boxes,0,2,0.6610396494308917,0.042600896860986545,-4.563850308641975
plasma,1844,boneseg_ftclicks,points_bg,1,2,0.6567610721806985,0.13734812466983623,3.7878086419753085
plasma,1844,boneseg_ftclicks,boxes,1,2,0.8833181127357648,0.2679694137638063,-1.3741640946502056
plasma,1844,boneseg_ftclicks,points_bg,2,2,0.6503507236620667,0.10529836767460529,3.424447016460906
plasma,1844,boneseg_ftclicks,boxes,2,2,0.8828410287705346,0.28003314001657,-0.8569315843621389
plasma,1847,boneseg_learned,none,0,2,0.5729529860731211,0.13883677298311445,6.783564814814816
plasma,1847,boneseg_ftlayer,none,0,2,0.41778091692245267,0.10777851021753461,4.387152777777778
plasma,1847,boneseg_ftlearned,none,0,2,0.5405102849946359,0.1078833313810472,6.571630658436215
plasma,1847,boneseg_ftclicks,points_bg,0,2,0.6733206490974275,0.14935304990757856,3.629115226337448
plasma,1847,boneseg_ftclicks,boxes,0,2,0.8101239979583871,0.1733721545791424,-2.019611625514403
plasma,1847,boneseg_ftclicks,points_bg,1,2,0.5763887232855283,0.05737704918032787,0.7540509259259267
plasma,1847,boneseg_ftclicks,boxes,1,2,0.7284755451363242,0.13917101290145484,-2.7166280864197527
plasma,1847,boneseg_ftclicks,points_bg,2,2,0.5885539489819294,0.33969465648854963,6.358796296296296
plasma,1847,boneseg_ftclicks,boxes,2,2,0.8776337023620092,0.37292599420595207,-1.3324331275720165
plasma,1853,boneseg_learned,none,0,2,0.6862137051166391,0.11122237799586088,7.887024176954729
plasma,1853,boneseg_ftlayer,none,0,2,0.8537734999801954,0.33796296296296297,0.9075360082304529
plasma,1853,boneseg_ftlearned,none,0,2,0.8275463818305248,0.2692369998380042,2.6069315843621377
plasma,1853,boneseg_ftclicks,points_bg,0,2,0.8297457685535065,0.08581683706765282,-4.023598251028806
plasma,1853,boneseg_ftclicks,boxes,0,2,0.8275325207415754,0.3358664363845711,-3.418338477366256
plasma,1853,boneseg_ftclicks,points_bg,1,2,0.8431951090932125,0.09108300563290467,-3.338091563786008
plasma,1853,boneseg_ftclicks,boxes,1,2,0.8188061863576328,0.3382352941176471,-4.622685185185185
plasma,1853,boneseg_ftclicks,points_bg,2,2,0.8269501013517062,0.06676044146288682,-4.195408950617285
plasma,1853,boneseg_ftclicks,boxes,2,2,0.8279851152621986,0.29697599261311175,-3.513310185185187
plasma,1854,boneseg_learned,none,0,2,0.6828132772834808,0.144889491066136,8.771347736625515
plasma,1854,boneseg_ftlayer,none,0,2,0.7768991308453752,0.2176584366822164,1.3243955761316872
plasma,1854,boneseg_ftlearned,none,0,2,0.8202074502911886,0.17351553283523397,2.8949974279835393
plasma,1854,boneseg_ftclicks,points_bg,0,2,0.8352320709461739,0.29204819277108435,2.5453317901234565
plasma,1854,boneseg_ftclicks,boxes,0,2,0.8686919889760712,0.2656093727675382,-0.9928626543209875
plasma,1854,boneseg_ftclicks,points_bg,1,2,0.8253172041447362,0.27638971906754334,1.4407150205761332
plasma,1854,boneseg_ftclicks,boxes,1,2,0.8674228055534482,0.2754711633838742,-1.3627829218107
plasma,1854,boneseg_ftclicks,points_bg,2,2,0.8268140156578193,0.2717219589257504,1.8452932098765444
plasma,1854,boneseg_ftclicks,boxes,2,2,0.754934361662014,0.15749235474006115,-4.801247427983539
plasma,1855,boneseg_learned,none,0,2,0.3861119758811096,0.037122714254241025,5.956597222222223
plasma,1855,boneseg_ftlayer,none,0,2,0.6461346126178865,0.11263523956723338,-0.7038966049382713
plasma,1855,boneseg_ftlearned,none,0,2,0.7713796098499964,0.13293581199579094,0.030671296296296002
plasma,1855,boneseg_ftclicks,points_bg,0,2,0.7504517702701697,0.2469889457185283,3.628086419753086
plasma,1855,boneseg_ftclicks,boxes,0,2,0.9575469478043959,0.34281949934123845,-0.003086419753085823
plasma,1855,boneseg_ftclicks,points_bg,1,2,0.7728260573756789,0.25547045951859954,2.8741640946502054
plasma,1855,boneseg_ftclicks,boxes,1,2,0.9599285445656262,0.33780937335439704,0.012988683127572453
plasma,1855,boneseg_ftclicks,points_bg,2,2,0.7657660774206939,0.2620882971268395,3.063593106995885
plasma,1855,boneseg_ftclicks,boxes,2,2,0.9588495264819361,0.3333333333333333,0.08404063786008331
plasma,1863,boneseg_learned,none,0,2,0.7236369688755736,0.13033104682373994,5.179526748971192
plasma,1863,boneseg_ftlayer,none,0,2,0.9670826269256648,0.46939483266863186,0.020511831275719927
plasma,1863,boneseg_ftlearned,none,0,2,0.9640092172577209,0.45370208296866793,0.32066615226337414
plasma,1863,boneseg_ftclicks,points_bg,0,2,0.9357606664541813,0.10261091838597773,-1.2857510288065852
plasma,1863,boneseg_ftclicks,boxes,0,2,0.9649494765930811,0.4725881096475614,0.42779063786008154
plasma,1863,boneseg_ftclicks,points_bg,1,2,0.9635576288501352,0.3531311681320653,-0.5259130658436223
plasma,1863,boneseg_ftclicks,boxes,1,2,0.971006048416912,0.5163236337828248,-0.12300668724279928
plasma,1863,boneseg_ftclicks,points_bg,2,2,0.9455942771819944,0.16618234653105704,-1.063593106995886
plasma,1863,boneseg_ftclicks,boxes,2,2,0.965238960514551,0.4668208503824942,0.430298353909464
plasma,1870,boneseg_learned,none,0,2,0.8049206077972607,0.16970570774319396,3.776748971193417
plasma,1870,boneseg_ftlayer,none,0,2,0.8716740454584573,0.3395373291272345,-1.7356610082304518
plasma,1870,boneseg_ftlearned,none,0,2,0.8717483213605323,0.3768971332209106,-1.6399819958847734
plasma,1870,boneseg_ftclicks,points_bg,0,2,0.752342526936182,0.053353403579193846,9.329218106995885
plasma,1870,boneseg_ftclicks,boxes,0,2,0.7117833780465762,0.05661569569063566,-3.6966949588477376
plasma,1870,boneseg_ftclicks,points_bg,1,2,0.7657107602046459,0.061191626409017714,8.831532921810698
plasma,1870,boneseg_ftclicks,boxes,1,2,0.7732970735776894,0.05590273832519032,0.2503858024691358
plasma,1870,boneseg_ftclicks,points_bg,2,2,0.777597646519205,0.038924339106654514,5.2962319958847734
plasma,1870,boneseg_ftclicks,boxes,2,2,0.7683148897852942,0.06281349749202006,-0.08211162551440276
plasma,1871,boneseg_learned,none,0,2,0.5288077230523274,0.08010225820195994,7.4041923868312765
plasma,1871,boneseg_ftlayer,none,0,2,0.6310480887792849,0.28370986920332936,2.1341306584362134
plasma,1871,boneseg_ftlearned,none,0,2,0.6278704904089907,0.3176392572944297,2.0637860082304518
plasma,1871,boneseg_ftclicks,points_bg,0,2,0.5186066502336861,0.025195365130692534,9.080246913580247
plasma,1871,boneseg_ftclicks,boxes,0,2,0.8551704555537809,0.061381709741550695,0.9828960905349793
plasma,1871,boneseg_ftclicks,points_bg,1,2,0.5091053028207789,0.034016235021260145,11.831340020576132
plasma,1871,boneseg_ftclicks,boxes,1,2,0.8832916698229932,0.12200488997555012,1.7687757201646086
plasma,1871,boneseg_ftclicks,points_bg,2,2,0.5033658166477435,0.036742671009771986,10.38888888888889
plasma,1871,boneseg_ftclicks,boxes,2,2,0.8114671262370075,0.054125065685759324,-0.3395704732510288
plasma,1888,boneseg_learned,none,0,2,0.4895785156755169,0.07407739161590828,5.214056069958847
plasma,1888,boneseg_ftlayer,none,0,2,0.6649545672864858,0.18186475409836064,-4.441550925925926
plasma,1888,boneseg_ftlearned,none,0,2,0.68197593668988,0.15966238790223317,-4.352687757201645
plasma,1888,boneseg_ftclicks,points_bg,0,2,0.6251174821257,0.08491253644314868,0.43987911522633816
plasma,1888,boneseg_ftclicks,boxes,0,2,0.8670377709540305,0.10183664327310736,1.3838734567901245
plasma,1888,boneseg_ftclicks,points_bg,1,2,0.6061715844183416,0.050637624499674204,7.376929012345679
plasma,1888,boneseg_ftclicks,boxes,1,2,0.8293842480592403,0.09351603333804209,0.3051054526748975
plasma,1888,boneseg_ftclicks,points_bg,2,2,0.6589880977214616,0.12298507462686567,-2.5441100823045266
plasma,1888,boneseg_ftclicks,boxes,2,2,0.8562577638157421,0.09698614483645193,0.9320987654320989
plasma,1898,boneseg_learned,none,0,2,0.6885122333555205,0.10546075085324232,-4.9081147119341555
plasma,1898,boneseg_ftlayer,none,0,2,0.6833997222581881,0.20693587335658706,-4.583719135802469
plasma,1898,boneseg_ftlearned,none,0,2,0.694576862244178,0.21581462328991294,-2.8354552469135816
plasma,1898,boneseg_ftclicks,points_bg,0,2,0.674241127273946,0.05613658205664537,15.747492283950615
plasma,1898,boneseg_ftclicks,boxes,0,2,0.511863385859481,0.0661283728536386,-18.089248971193417
plasma,1898,boneseg_ftclicks,points_bg,1,2,0.6821092381528777,0.060631427888065054,13.076324588477368
plasma,1898,boneseg_ftclicks,boxes,1,2,0.5853309412627385,0.12172056131787676,-14.989133230452675
plasma,1898,boneseg_ftclicks,points_bg,2,2,0.7067049157387602,0.06542699724517906,9.091563786008228
plasma,1898,boneseg_ftclicks,boxes,2,2,0.5746400328962996,0.2174563591022444,-15.98926183127572
plasma,1944,boneseg_learned,none,0,2,0.25627800441383,0.02506331324775129,18.058641975308642
plasma,1944,boneseg_ftlayer,none,0,2,0.36323280954957543,0.13581780538302277,4.760095164609053
plasma,1944,boneseg_ftlearned,none,0,2,0.36633138436494245,0.11615541922290389,4.512988683127572
plasma,1944,boneseg_ftclicks,points_bg,0,2,0.3661808803194382,0.014734144778987828,3.8454218106995883
plasma,1944,boneseg_ftclicks,boxes,0,2,0.9281874169786257,0.12152777777777778,0.602944958847737
plasma,1944,boneseg_ftclicks,points_bg,1,2,0.4731784439030109,0.112467018469657,7.585841049382718
plasma,1944,boneseg_ftclicks,boxes,1,2,0.9312581326231475,0.11496680748340374,-0.009066358024691079
plasma,1944,boneseg_ftclicks,points_bg,2,2,0.3965780696727935,0.10325655281969817,4.796553497942386
plasma,1944,boneseg_ftclicks,boxes,2,2,0.9386655321562788,0.11649893260140287,-0.013245884773661898
plasma,1948,boneseg_learned,none,0,2,0.5895915045758958,0.06376295675845461,-6.447402263374488
plasma,1948,boneseg_ftlayer,none,0,2,0.6804839555055268,0.1615968181483391,-10.603845164609055
plasma,1948,boneseg_ftlearned,none,0,2,0.7677760902039464,0.1507460783063385,-3.207626028806587
plasma,1948,boneseg_ftclicks,points_bg,0,2,0.7686342712241634,0.2001310902337776,-1.775655864197534
plasma,1948,boneseg_ftclicks,boxes,0,2,0.5420573900543341,0.1937859195402299,-16.267168209876544
plasma,1948,boneseg_ftclicks,points_bg,1,2,0.7436466029084173,0.20704461101812094,-3.7566229423868336
plasma,1948,boneseg_ftclicks,boxes,1,2,0.454625891523408,0.05476082004555809,-18.745884773662553
plasma,1948,boneseg_ftclicks,points_bg,2,2,0.7304729878527414,0.13483228357990332,-7.052662037037038
plasma,1948,boneseg_ftclicks,boxes,2,2,0.34160401051413497,0.0,-21.69476594650206
plasma,1954,boneseg_learned,none,0,2,0.571867628055537,0.12866568914956011,6.656185699588478
plasma,1954,boneseg_ftlayer,none,0,2,0.8351735904328091,0.3413048525655909,2.3837448559670777
plasma,1954,boneseg_ftlearned,none,0,2,0.8024101456844206,0.26731160896130346,2.902391975308642
plasma,1954,boneseg_ftclicks,points_bg,0,2,0.8873576149627338,0.14904552129221732,0.1212705761316879
plasma,1954,boneseg_ftclicks,boxes,0,2,0.9781593911788836,0.575631500742942,0.04102366255144124
plasma,1954,boneseg_ftclicks,points_bg,1,2,0.8654905601980811,0.27741935483870966,0.9468878600823044
plasma,1954,boneseg_ftclicks,boxes,1,2,0.9709177437872671,0.42899761336515513,0.2934670781893009
plasma,1954,boneseg_ftclicks,points_bg,2,2,0.9184431385824942,0.08370411568409343,-0.8701774691358022
plasma,1954,boneseg_ftclicks,boxes,2,2,0.9731843159862016,0.471326164874552,0.2349537037037039
plasma,1957,boneseg_learned,none,0,2,0.5419262452964547,0.12298940761082777,13.303883744855966
plasma,1957,boneseg_ftlayer,none,0,2,0.7134522207102237,0.23790608596964108,6.3854809670781885
plasma,1957,boneseg_ftlearned,none,0,2,0.7145173283922324,0.2655700829467173,6.628922325102882
plasma,1957,boneseg_ftclicks,points_bg,0,2,0.7156325499394749,0.210667419218287,5.85841049382716
plasma,1957,boneseg_ftclicks,boxes,0,2,0.952612824688412,0.3794908828308359,0.19502314814814764
plasma,1957,boneseg_ftclicks,points_bg,1,2,0.7160626907308845,0.2329192546583851,6.024241255144033
plasma,1957,boneseg_ftclicks,boxes,1,2,0.9502292929260828,0.40604207876281245,0.488104423868313
plasma,1957,boneseg_ftclicks,points_bg,2,2,0.7102759715324356,0.13284132841328414,5.372170781893004
plasma,1957,boneseg_ftclicks,boxes,2,2,0.5643570743935707,0.0,-5.791152263374485
plasma,1959,boneseg_learned,none,0,2,0.44606274007682456,0.06060141147591286,2.8851594650205756
plasma,1959,boneseg_ftlayer,none,0,2,0.8069467235532217,0.05205302295505981,-2.232896090534979
plasma,1959,boneseg_ftlearned,none,0,2,0.8077076836971296,0.07788572369504364,0.48739711934156355
plasma,1959,boneseg_ftclicks,points_bg,0,2,0.8846198217357938,0.10451378370190852,-1.168917181069959
plasma,1959,boneseg_ftclicks,boxes,0,2,0.9596761725393189,0.2857583230579531,-0.263567386831276
plasma,1959,boneseg_ftclicks,points_bg,1,2,0.8960232862402255,0.07456,-1.3083847736625513
plasma,1959,boneseg_ftclicks,boxes,1,2,0.9327729867605976,0.12048948854722309,-0.7536651234567898
plasma,1959,boneseg_ftclicks,points_bg,2,2,0.8167523320007615,0.015846814130075933,-2.1663451646090537
plasma,1959,boneseg_ftclicks,boxes,2,2,0.9523155471776753,0.19993800371977682,-0.41203703703703715
plasma,1963,boneseg_learned,none,0,2,0.7517532125339494,0.13506274869911233,4.201003086419752
plasma,1963,boneseg_ftlayer,none,0,2,0.4333013931554078,0.17222222222222222,-9.662037037037036
plasma,1963,boneseg_ftlearned,none,0,2,0.5493266506473479,0.15905772413121774,-8.354681069958849
plasma,1963,boneseg_ftclicks,points_bg,0,2,0.7767746218118925,0.11457399103139014,5.1926440329218115
plasma,1963,boneseg_ftclicks,boxes,0,2,0.5529102570284998,0.10497558707277377,-10.372942386831276
plasma,1963,boneseg_ftclicks,points_bg,1,2,0.730719051605911,0.13519204240180063,13.032921810699587
plasma,1963,boneseg_ftclicks,boxes,1,2,0.5411800206778169,0.10426253330104142,-11.044367283950617
plasma,1963,boneseg_ftclicks,points_bg,2,2,0.7174490012882568,0.08718587442303466,14.369212962962962
plasma,1963,boneseg_ftclicks,boxes,2,2,0.6647481576222669,0.1139792155548106,-7.479938271604938
plasma,1967,boneseg_learned,none,0,2,0.5281852805152626,0.06695855665433684,11.269097222222225
plasma,1967,boneseg_ftlayer,none,0,2,0.8833841481304144,0.3425817376579393,1.1673739711934168
plasma,1967,boneseg_ftlearned,none,0,2,0.8953710551549242,0.4292807300053677,1.3327546296296315
plasma,1967,boneseg_ftclicks,points_bg,0,2,0.8745856234919559,0.27421778931548024,0.7137988683127594
plasma,1967,boneseg_ftclicks,boxes,0,2,0.9605689872803185,0.484312606959498,0.2609310699588502
plasma,1967,boneseg_ftclicks,points_bg,1,2,0.8604269054459368,0.23347547974413646,0.22659465020576364
plasma,1967,boneseg_ftclicks,boxes,1,2,0.9603261622691325,0.49493652831265156,0.22035751028806616
plasma,1967,boneseg_ftclicks,points_bg,2,2,0.89387079164545,0.41892624728850325,1.8052983539094654
plasma,1967,boneseg_ftclicks,boxes,2,2,0.9595470418325261,0.4443176957079709,0.6185699588477367
plasma,1970,boneseg_learned,none,0,2,0.890169247389269,0.23689591078066916,1.5693801440329225
plasma,1970,boneseg_ftlayer,none,0,2,0.7839581750561426,0.24603095356964552,-5.027327674897119
plasma,1970,boneseg_ftlearned,none,0,2,0.8581444724238384,0.32624641224619966,-3.1932227366255144
plasma,1970,boneseg_ftclicks,points_bg,0,2,0.8787168808650068,0.12600288006583008,0.888181584362141
plasma,1970,boneseg_ftclicks,boxes,0,2,0.5287911448483806,0.06594399277326106,-11.439107510288066
plasma,1970,boneseg_ftclicks,points_bg,1,2,0.7878882587596177,0.04626752875976153,9.51170267489712
plasma,1970,boneseg_ftclicks,boxes,1,2,0.6504415580775582,0.20410269642626758,-8.220357510288064
plasma,1970,boneseg_ftclicks,points_bg,2,2,0.8767380552035469,0.12687487158413807,0.8847736625514413
plasma,1970,boneseg_ftclicks,boxes,2,2,0.6556123809855153,0.1950436569080637,-8.02732767489712
plasma,1972,boneseg_learned,none,0,2,0.6911422710750603,0.1462012320328542,4.703960905349794
plasma,1972,boneseg_ftlayer,none,0,2,0.9374663511257606,0.4307228915662651,0.678690843621399
plasma,1972,boneseg_ftlearned,none,0,2,0.9248063494486206,0.3541708950679927,0.9287551440329223
plasma,1972,boneseg_ftclicks,points_bg,0,2,0.9336299715260541,0.1573843858776728,-0.4310699588477365
plasma,1972,boneseg_ftclicks,boxes,0,2,0.9806278469143187,0.5636719843268961,-0.013438786008231063
plasma,1972,boneseg_ftclicks,points_bg,1,2,0.9288919012195781,0.13854089904200442,-0.4586548353909467
plasma,1972,boneseg_ftclicks,boxes,1,2,0.9793167334813372,0.5528547201808932,0.1811985596707824
plasma,1972,boneseg_ftclicks,points_bg,2,2,0.930354014477903,0.1611328125,-0.36021090534979483
plasma,1972,boneseg_ftclicks,boxes,2,2,0.9801483569052414,0.5711060948081265,0.1399819958847734
plasma,1981,boneseg_learned,none,0,2,0.32790102739525084,0.05585993330157218,27.037037037037038
plasma,1981,boneseg_ftlayer,none,0,2,0.341351537309607,0.07037837837837838,11.798739711934157
plasma,1981,boneseg_ftlearned,none,0,2,0.3588703385863629,0.07823639774859287,13.285300925925924
plasma,1981,boneseg_ftclicks,points_bg,0,2,0.3461145408048063,0.11885595226820722,21.6460262345679
plasma,1981,boneseg_ftclicks,boxes,0,2,0.8802388784258297,0.15503409546730845,0.5799254115226332
plasma,1981,boneseg_ftclicks,points_bg,1,2,0.40422856194421924,0.11106351076362858,13.419688786008233
plasma,1981,boneseg_ftclicks,boxes,1,2,0.7092074449621347,0.1504055619930475,-3.6460262345679015
plasma,1981,boneseg_ftclicks,points_bg,2,2,0.3551481295310743,0.13805569125549585,20.426633230452673
plasma,1981,boneseg_ftclicks,boxes,2,2,0.8413502774060155,0.2882447665056361,-1.2796424897119338
plasma,1984,boneseg_learned,none,0,2,0.29105509065146495,0.09662550008697164,21.71624228395062
plasma,1984,boneseg_ftlayer,none,0,2,0.593740532898628,0.19393176733780762,6.281893004115227
plasma,1984,boneseg_ftlearned,none,0,2,0.6427850808990299,0.18835004808352795,5.40650720164609
plasma,1984,boneseg_ftclicks,points_bg,0,2,0.6588460461208104,0.07960607304062371,2.227366255144034
plasma,1984,boneseg_ftclicks,boxes,0,2,0.9428404563511568,0.33011531241619735,-0.42714763374485587
plasma,1984,boneseg_ftclicks,points_bg,1,2,0.6849043831443561,0.19571639586410636,3.650977366255144
plasma,1984,boneseg_ftclicks,boxes,1,2,0.921353248710782,0.2571045576407507,-0.7116126543209873
plasma,1984,boneseg_ftclicks,points_bg,2,2,0.6704460623732029,0.12234142668925278,3.0958076131687244
plasma,1984,boneseg_ftclicks,boxes,2,2,0.9227303527062208,0.23031123139377538,-0.7290380658436207
plasma,1992,boneseg_learned,none,0,2,0.537724337177391,0.028805780685479933,-4.787422839506172
plasma,1992,boneseg_ftlayer,none,0,2,0.7692049533922591,0.1558953193884251,2.6532921810699603
plasma,1992,boneseg_ftlearned,none,0,2,0.7901373185273346,0.20167575993764614,2.9101080246913575
plasma,1992,boneseg_ftclicks,points_bg,0,2,0.7133322759714512,0.07213496218731821,9.09079218106996
plasma,1992,boneseg_ftclicks,boxes,0,2,0.8045146310334753,0.23882440108668807,-2.1790766460905333
plasma,1992,boneseg_ftclicks,points_bg,1,2,0.7596862372236748,0.10640394088669951,-1.4238040123456779
plasma,1992,boneseg_ftclicks,boxes,1,2,0.8021515151515152,0.21427698325388095,-1.7438271604938271
plasma,1992,boneseg_ftclicks,points_bg,2,2,0.747669448986031,0.1414120979162452,6.658371913580247
plasma,1992,boneseg_ftclicks,boxes,2,2,0.7511262850894928,0.10014985014985014,-4.575167181069959
plasma,1993,boneseg_learned,none,0,2,0.6812820252173291,0.07524340674922016,-6.332818930041151
plasma,1993,boneseg_ftlayer,none,0,2,0.8513649522775592,0.2954063604240283,-6.416923868312757
plasma,1993,boneseg_ftlearned,none,0,2,0.8550070662197843,0.30235511429231127,-4.853780864197526
plasma,1993,boneseg_ftclicks,points_bg,0,2,0.8327505583234797,0.1812305628391975,-8.686535493827158
plasma,1993,boneseg_ftclicks,boxes,0,2,0.42396434687967344,0.002311604253351826,-27.266846707818925
plasma,1993,boneseg_ftclicks,points_bg,1,2,0.8574687445274547,0.3660215053763441,-5.252121913580243
plasma,1993,boneseg_ftclicks,boxes,1,2,0.47064277454820347,0.005071071840184403,-25.824974279835388
plasma,1993,boneseg_ftclicks,points_bg,2,2,0.8245070994517549,0.14571677234862612,-9.731674382716049
plasma,1993,boneseg_ftclicks,boxes,2,2,0.6222035889154205,0.1908407871198569,-19.741833847736622
plasma,1994,boneseg_learned,none,0,2,0.6174401670135699,0.030653685674547983,-3.822466563786009
plasma,1994,boneseg_ftlayer,none,0,2,0.6973244080960506,0.11301564722617354,-6.5284850823045275
plasma,1994,boneseg_ftlearned,none,0,2,0.7313290460741279,0.14892480299185254,-5.1752186213991775
plasma,1994,boneseg_ftclicks,points_bg,0,2,0.791956970329367,0.3005396732788798,-0.2912808641975295
plasma,1994,boneseg_ftclicks,boxes,0,2,0.723751018259479,0.2283560100528642,-10.187178497942387
plasma,1994,boneseg_ftclicks,points_bg,1,2,0.7828342044802887,0.266148505885904,-2.4466949588477394
plasma,1994,boneseg_ftclicks,boxes,1,2,0.6402753608745314,0.05681102007742865,-13.319637345679011
plasma,1994,boneseg_ftclicks,points_bg,2,2,0.7782372298101834,0.24155175026519168,-2.7150848765432114
plasma,1994,boneseg_ftclicks,boxes,2,2,0.6713767555911047,0.0886842105263158,-12.410686728395062
plasma,2013,boneseg_learned,none,0,2,0.736522074362125,0.10458033865269825,5.312564300411523
plasma,2013,boneseg_ftlayer,none,0,2,0.8843368437414992,0.20375,-3.191679526748972
plasma,2013,boneseg_ftlearned,none,0,2,0.9204725293799328,0.199291122925729,-0.4742155349794247
plasma,2013,boneseg_ftclicks,points_bg,0,2,0.9007338196891446,0.13450983703453517,-2.5506687242798365
plasma,2013,boneseg_ftclicks,boxes,0,2,0.7459221825786306,0.16361476789072552,-8.460069444444446
plasma,2013,boneseg_ftclicks,points_bg,1,2,0.9306950076509717,0.26304385508753686,0.11066100823045322
plasma,2013,boneseg_ftclicks,boxes,1,2,0.7283060109289617,0.12720100067353027,-9.2568158436214
plasma,2013,boneseg_ftclicks,points_bg,2,2,0.8814154988727289,0.09053320699457318,-3.8306327160493843
plasma,2013,boneseg_ftclicks,boxes,2,2,0.7562864426800896,0.27209302325581397,-7.052662037037038
plasma,2015,boneseg_learned,none,0,2,0.797418496340652,0.14233630585800858,0.830375514403292
plasma,2015,boneseg_ftlayer,none,0,2,0.39136906805379706,0.02638774952146568,-24.827546296296294
plasma,2015,boneseg_ftlearned,none,0,2,0.6339915788551072,0.09426780116435289,-15.897183641975307
plasma,2015,boneseg_ftclicks,points_bg,0,2,0.8180698867486207,0.25437330408175046,-5.223508230452673
plasma,2015,boneseg_ftclicks,boxes,0,2,0.4982298139967698,0.14833595200685618,-23.55915637860082
plasma,2015,boneseg_ftclicks,points_bg,1,2,0.8337967540934446,0.2648324802233597,-3.8951903292181065
plasma,2015,boneseg_ftclicks,boxes,1,2,0.38827424695146573,0.06529509889586146,-27.063271604938265
plasma,2015,boneseg_ftclicks,points_bg,2,2,0.8420418788993753,0.25323766188309416,-3.950810185185183
plasma,2015,boneseg_ftclicks,boxes,2,2,0.6483897340687458,0.18649960165133628,-17.06983024691358
plasma,2025,boneseg_learned,none,0,2,0.4322787647817071,0.05175292153589316,8.786779835390949
plasma,2025,boneseg_ftlayer,none,0,2,0.7136694844052174,0.16641840450182058,1.6956661522633754
plasma,2025,boneseg_ftlearned,none,0,2,0.7111002877606916,0.10851115421920465,4.612590020576132
plasma,2025,boneseg_ftclicks,points_bg,0,2,0.7304796613128491,0.11636759108210984,10.038323045267491
plasma,2025,boneseg_ftclicks,boxes,0,2,0.4993915060485339,0.0020470829068577278,-12.378600823045266
plasma,2025,boneseg_ftclicks,points_bg,1,2,0.7500956672347789,0.1710248497644957,4.73411779835391
plasma,2025,boneseg_ftclicks,boxes,1,2,0.5574280852807504,0.01155849104534485,-11.370691872427981
plasma,2025,boneseg_ftclicks,points_bg,2,2,0.7282672722756467,0.15518504946866984,-0.8647119341563786
plasma,2025,boneseg_ftclicks,boxes,2,2,0.6865654814116628,0.10470844312063238,-8.589956275720164
plasma,2026,boneseg_learned,none,0,2,0.6416860527815865,0.09394313967861558,1.7381044238683128
plasma,2026,boneseg_ftlayer,none,0,2,0.6424339690290417,0.15229249594574673,3.466563786008231
plasma,2026,boneseg_ftlearned,none,0,2,0.6519491523077221,0.15477084898572502,4.09227109053498
plasma,2026,boneseg_ftclicks,points_bg,0,2,0.686791476737342,0.16795596548646236,5.231159979423869
plasma,2026,boneseg_ftclicks,boxes,0,2,0.899651548621445,0.12823200559049616,1.7402906378600826
plasma,2026,boneseg_ftclicks,points_bg,1,2,0.5873000341385242,0.05096388211832484,10.4409079218107
plasma,2026,boneseg_ftclicks,boxes,1,2,0.8797999524556077,0.09822670375521558,2.238104423868313
plasma,2026,boneseg_ftclicks,points_bg,2,2,0.600939107293648,0.04935120187194214,11.023791152263376
plasma,2026,boneseg_ftclicks,boxes,2,2,0.8778660874430239,0.11353965183752418,0.4077289094650216
plasma,2033,boneseg_learned,none,0,2,0.6313430733574913,0.08247227225329415,0.5581275720164619
plasma,2033,boneseg_ftlayer,none,0,2,0.7338810998804478,0.27857829010566765,0.009516460905351076
plasma,2033,boneseg_ftlearned,none,0,2,0.7729392710836359,0.2953281423804227,0.800090020576133
plasma,2033,boneseg_ftclicks,points_bg,0,2,0.8039684718246344,0.2757634679171909,1.5828832304526752
plasma,2033,boneseg_ftclicks,boxes,0,2,0.7625433538454087,0.020523816817276764,-5.674575617283948
plasma,2033,boneseg_ftclicks,points_bg,1,2,0.8158498916787866,0.33160919540229883,2.215856481481482
plasma,2033,boneseg_ftclicks,boxes,1,2,0.9350151155516904,0.4115355616989193,-0.07092335390946336
plasma,2033,boneseg_ftclicks,points_bg,2,2,0.808395060717641,0.31488636363636363,1.8435570987654333
plasma,2033,boneseg_ftclicks,boxes,2,2,0.9596368675950453,0.40316463972799793,0.26112397119341657
plasma,203,boneseg_learned,none,0,2,0.5178856754381027,0.11339345357381429,4.032857510288066
plasma,203,boneseg_ftlayer,none,0,2,0.5653782689134457,0.2563244825423375,4.614711934156379
plasma,203,boneseg_ftlearned,none,0,2,0.5541011968338931,0.2679425837320574,5.016268004115226
plasma,203,boneseg_ftclicks,points_bg,0,2,0.42827230667547916,0.014492753623188406,13.505015432098766
plasma,203,boneseg_ftclicks,boxes,0,2,0.8827419460236555,0.418997668997669,-0.976723251028807
plasma,203,boneseg_ftclicks,points_bg,1,2,0.4288094106892632,0.01130690161527166,10.567001028806583
plasma,203,boneseg_ftclicks,boxes,1,2,0.8028757582565715,0.020520915548539857,0.6314300411522631
plasma,203,boneseg_ftclicks,points_bg,2,2,0.41360787824529993,0.009180504927771027,11.664158950617285
plasma,203,boneseg_ftclicks,boxes,2,2,0.8840316597878899,0.43570795152231745,-0.9704218106995885
plasma,2046,boneseg_learned,none,0,2,0.3463550080530163,0.02695939028551928,-2.145769032921811
plasma,2046,boneseg_ftlayer,none,0,2,0.7746887459085764,0.24147638411010322,-3.3908179012345676
plasma,2046,boneseg_ftlearned,none,0,2,0.7112598067216115,0.1719517049223829,-1.035429526748971
plasma,2046,boneseg_ftclicks,points_bg,0,2,0.6230276047201503,0.015354083977438896,9.686278292181068
plasma,2046,boneseg_ftclicks,boxes,0,2,0.833057836490951,0.053840063341250986,0.20981224279835453
plasma,2046,boneseg_ftclicks,points_bg,1,2,0.6940732975939047,0.24459368703828072,0.3993698559670772
plasma,2046,boneseg_ftclicks,boxes,1,2,0.8001376576594681,0.20874138556401886,-3.0175540123456788
plasma,2046,boneseg_ftclicks,points_bg,2,2,0.6312398973091186,0.16948944526264115,3.8450360082304513
plasma,2046,boneseg_ftclicks,boxes,2,2,0.7997808213669005,0.25575539568345323,-3.032986111111112
plasma,2047,boneseg_learned,none,0,2,0.5444879977579413,0.05634594837766406,4.1035879629629655
plasma,2047,boneseg_ftlayer,none,0,2,0.8660212926903669,0.2652222046496916,0.4055426954732516
plasma,2047,boneseg_ftlearned,none,0,2,0.8725670017827435,0.30169916216427844,0.9006558641975304
plasma,2047,boneseg_ftclicks,points_bg,0,2,0.8646997851936453,0.23946064495166924,-0.3230452674897105
plasma,2047,boneseg_ftclicks,boxes,0,2,0.715154618511101,0.20971819118060106,-8.426890432098766
plasma,2047,boneseg_ftclicks,points_bg,1,2,0.8465116145370714,0.18664717348927876,-1.8631687242798345
plasma,2047,boneseg_ftclicks,boxes,1,2,0.7255235787978781,0.26039575566389445,-8.115805041152264
plasma,2047,boneseg_ftclicks,points_bg,2,2,0.8558937198748287,0.2083299504749533,-0.9641846707818924
plasma,2047,boneseg_ftclicks,boxes,2,2,0.7292520666165266,0.258782312281034,-7.872235082304527
plasma,2052,boneseg_learned,none,0,2,0.7339159745540365,0.18540384373822383,2.2140560699588474
plasma,2052,boneseg_ftlayer,none,0,2,0.7842522623379047,0.3536106218669557,4.908307613168724
plasma,2052,boneseg_ftlearned,none,0,2,0.7755412981633357,0.3138888888888889,4.348572530864198
plasma,2052,boneseg_ftclicks,points_bg,0,2,0.7494625605428786,0.16141848145968216,2.164609053497943
plasma,2052,boneseg_ftclicks,boxes,0,2,0.930569070385233,0.23175542406311636,1.3259387860082321
plasma,2052,boneseg_ftclicks,points_bg,1,2,0.7684405378659992,0.3601308080119907,4.954282407407409
plasma,2052,boneseg_ftclicks,boxes,1,2,0.8998845314972416,0.25071609098567815,-1.611625514403292
plasma,2052,boneseg_ftclicks,points_bg,2,2,0.6565470121529609,0.0028589580686149934,-0.71437757201646
plasma,2052,boneseg_ftclicks,boxes,2,2,0.9508982103349077,0.43539373412362403,0.18235596707819046
plasma,2060,boneseg_learned,none,0,2,0.48753568384924534,0.0728476821192053,10.35493827160494
plasma,2060,boneseg_ftlayer,none,0,2,0.8084296960337489,0.3322,3.225437242798354
plasma,2060,boneseg_ftlearned,none,0,2,0.8009787316487816,0.2638837122623928,3.3166152263374493
plasma,2060,boneseg_ftclicks,points_bg,0,2,0.7570692882269395,0.041731669266770674,1.2567515432098761
plasma,2060,boneseg_ftclicks,boxes,0,2,0.945953808113053,0.19689997578106078,-0.46090534979423836
plasma,2060,boneseg_ftclicks,points_bg,1,2,0.7646560911835563,0.05531581012161632,1.5034079218106997
plasma,2060,boneseg_ftclicks,boxes,1,2,0.96246902455508,0.39218595450049454,-0.13413065843621425
plasma,2060,boneseg_ftclicks,points_bg,2,2,0.8069600609229313,0.23945083787603472,2.8356481481481484
plasma,2060,boneseg_ftclicks,boxes,2,2,0.949023873634055,0.2119301648884578,-0.47215792181069943
plasma,2063,boneseg_learned,none,0,2,0.45456583634586556,0.028413575374901343,-2.773469650205762
plasma,2063,boneseg_ftlayer,none,0,2,0.6831991697524743,0.12931538911644236,0.6819701646090526
plasma,2063,boneseg_ftlearned,none,0,2,0.6938641072780645,0.12610984103354778,2.3467721193415643
plasma,2063,boneseg_ftclicks,points_bg,0,2,0.6706866059957749,0.17003740130211942,1.1936728395061742
plasma,2063,boneseg_ftclicks,boxes,0,2,0.6736480282022144,0.11117287381878821,-10.101208847736626
plasma,2063,boneseg_ftclicks,points_bg,1,2,0.6544607277780127,0.09417756156886592,-2.5539480452674903
plasma,2063,boneseg_ftclicks,boxes,1,2,0.7076114259010456,0.182328190743338,-8.127250514403292
plasma,2063,boneseg_ftclicks,points_bg,2,2,0.6569630421268066,0.12701687173064172,-0.6266075102880658
plasma,2063,boneseg_ftclicks,boxes,2,2,0.3753256095544902,0.0,-17.87152777777778
plasma,206,boneseg_learned,none,0,2,0.5739873954225482,0.032464982327529784,-1.4630915637860085
plasma,206,boneseg_ftlayer,none,0,2,0.7659485324191226,0.30884410859221945,3.9168595679012346
plasma,206,boneseg_ftlearned,none,0,2,0.7798098175276279,0.29411764705882354,3.3440715020576133
plasma,206,boneseg_ftclicks,points_bg,0,2,0.8083087831427572,0.045797767564018384,0.03253600823045211
plasma,206,boneseg_ftclicks,boxes,0,2,0.9432669908864277,0.5109661047670836,0.3132716049382714
plasma,206,boneseg_ftclicks,points_bg,1,2,0.7897974516511638,0.09849184364419822,1.4397505144032916
plasma,206,boneseg_ftclicks,boxes,1,2,0.9280807204264026,0.23960066555740434,-0.30446244855967114
plasma,206,boneseg_ftclicks,points_bg,2,2,0.8039410779721892,0.05979314802844215,0.4773662551440322
plasma,206,boneseg_ftclicks,boxes,2,2,0.9353134572781193,0.3838200616724107,0.04970421810699538
plasma,2071,boneseg_learned,none,0,2,0.5868016048865201,0.08226894089646966,7.672067901234568
plasma,2071,boneseg_ftlayer,none,0,2,0.8014777112637096,0.1941759019099269,3.934735082304526
plasma,2071,boneseg_ftlearned,none,0,2,0.804867694920051,0.21858513189448442,4.541795267489711
plasma,2071,boneseg_ftclicks,points_bg,0,2,0.813697604268175,0.18783971684995576,3.1069315843621395
plasma,2071,boneseg_ftclicks,boxes,0,2,0.798049718963371,0.04074626865671642,-4.086033950617285
plasma,2071,boneseg_ftclicks,points_bg,1,2,0.8071995177356541,0.16144457027809236,2.33886316872428
plasma,2071,boneseg_ftclicks,boxes,1,2,0.9444346801207559,0.277,0.3370627572016463
plasma,2071,boneseg_ftclicks,points_bg,2,2,0.7414592639863858,0.04732483239121862,-1.8697916666666674
plasma,2071,boneseg_ftclicks,boxes,2,2,0.9391664635632464,0.20662684869169512,-0.7962962962962963
plasma,2073,boneseg_learned,none,0,2,0.4245715650912227,0.013067331670822942,0.17554012345678965
plasma,2073,boneseg_ftlayer,none,0,2,0.7252225370947232,0.1066079295154185,-1.314107510288065
plasma,2073,boneseg_ftlearned,none,0,2,0.7879352411291435,0.20657211065861536,0.9550540123456797
plasma,2073,boneseg_ftclicks,points_bg,0,2,0.7261675707083535,0.041423001949317736,-3.4132587448559666
plasma,2073,boneseg_ftclicks,boxes,0,2,0.8580413896841186,0.28544933400775585,-0.6913580246913575
plasma,2073,boneseg_ftclicks,points_bg,1,2,0.6646317233689646,0.019805028219599796,10.630979938271604
plasma,2073,boneseg_ftclicks,boxes,1,2,0.8508647302594968,0.2438313913639479,-1.2110982510288069
plasma,2073,boneseg_ftclicks,points_bg,2,2,0.7580857639620322,0.10541267942583732,-1.4427083333333326
plasma,2073,boneseg_ftclicks,boxes,2,2,0.8614118415072007,0.28066914498141265,-0.8155221193415635
plasma,2078,boneseg_learned,none,0,2,0.5595472455213084,0.1335967104732726,16.17206790123457
plasma,2078,boneseg_ftlayer,none,0,2,0.666579951952165,0.25147326690238936,4.4429655349794235
plasma,2078,boneseg_ftlearned,none,0,2,0.6743701082041847,0.25365965233302834,4.809027777777778
plasma,2078,boneseg_ftclicks,points_bg,0,2,0.6490488735550285,0.009344660194174757,-0.7498713991769546
plasma,2078,boneseg_ftclicks,boxes,0,2,0.8264311768866915,0.20519111570247933,-2.6408822016460913
plasma,2078,boneseg_ftclicks,points_bg,1,2,0.6138528439038661,0.004721669980119284,-2.247942386831277
plasma,2078,boneseg_ftclicks,boxes,1,2,0.827547009404269,0.35182538651422635,-1.2582304526748995
plasma,2078,boneseg_ftclicks,points_bg,2,2,0.6602944882456708,0.028598552272457577,0.39338991769547194
plasma,2078,boneseg_ftclicks,boxes,2,2,0.8311486561461233,0.35357096226661444,-1.527777777777778
plasma,207,boneseg_learned,none,0,2,0.5222110147266492,0.04700795089970707,-2.500514403292181
plasma,207,boneseg_ftlayer,none,0,2,0.8280403673919375,0.24455958549222798,2.188850308641975
plasma,207,boneseg_ftlearned,none,0,2,0.8172453828206431,0.23721294363256784,2.0848122427983533
plasma,207,boneseg_ftclicks,points_bg,0,2,0.8511158667074289,0.2980769230769231,0.3141718106995886
plasma,207,boneseg_ftclicks,boxes,0,2,0.8686977529771449,0.37576929839985934,-0.2123842592592587
plasma,207,boneseg_ftclicks,points_bg,1,2,0.8528134000547072,0.3239247311827957,0.7348251028806583
plasma,207,boneseg_ftclicks,boxes,1,2,0.8736930300755817,0.41744493392070486,-0.5151748971193415
plasma,207,boneseg_ftclicks,points_bg,2,2,0.8549236653593076,0.31475607914212356,0.6198559670781895
plasma,207,boneseg_ftclicks,boxes,2,2,0.8634713113889885,0.3262125722290317,-0.00340792181069971
plasma,2082,boneseg_learned,none,0,2,0.41095422714202257,0.0569148240219809,9.20679012345679
plasma,2082,boneseg_ftlayer,none,0,2,0.7650492122881593,0.19874984054088532,1.8241383744855981
plasma,2082,boneseg_ftlearned,none,0,2,0.7361922242616386,0.18054128126070573,3.437564300411522
plasma,2082,boneseg_ftclicks,points_bg,0,2,0.5397850527462731,0.021817032040472174,14.255529835390945
plasma,2082,boneseg_ftclicks,boxes,0,2,0.8119948989611481,0.04400330851943755,1.1730324074074066
plasma,2082,boneseg_ftclicks,points_bg,1,2,0.5646771292919467,0.02874929258630447,12.455697016460906
plasma,2082,boneseg_ftclicks,boxes,1,2,0.818275511867297,0.04209427726561141,0.9488811728395052
plasma,2082,boneseg_ftclicks,points_bg,2,2,0.5930146256275922,0.04054362722704431,10.65406378600823
plasma,2082,boneseg_ftclicks,boxes,2,2,0.8275746547077008,0.06443343018287473,0.6421039094650222
plasma,2086,boneseg_learned,none,0,2,0.6492766545410855,0.12766304791445596,12.7588091563786
plasma,2086,boneseg_ftlayer,none,0,2,0.9675021196278696,0.35497431106959365,-0.08121141975308832
plasma,2086,boneseg_ftlearned,none,0,2,0.9544870540003555,0.38196447548201,0.6623585390946485
plasma,2086,boneseg_ftclicks,points_bg,0,2,0.9522989553255374,0.2112035148281814,-1.1027520576131682
plasma,2086,boneseg_ftclicks,boxes,0,2,0.9674698001966023,0.4685921717171717,0.4090149176954716
plasma,2086,boneseg_ftclicks,points_bg,1,2,0.9646390357081694,0.2861894203357618,-0.505465534979424
plasma,2086,boneseg_ftclicks,boxes,1,2,0.9653871042188003,0.46630897901215085,0.5048868312757193
plasma,2086,boneseg_ftclicks,points_bg,2,2,0.9594400616881191,0.2509011126782636,-0.8132073045267502
plasma,2086,boneseg_ftclicks,boxes,2,2,0.9706623399200325,0.3821907013396375,-0.1734182098765441
plasma,2087,boneseg_learned,none,0,2,0.7395957683651894,0.15847824086852516,13.62545010288066
plasma,2087,boneseg_ftlayer,none,0,2,0.7422803995103063,0.1547700541415147,-0.1368955761316848
plasma,2087,boneseg_ftlearned,none,0,2,0.7164285920287634,0.1421130109840335,2.0226980452674903
plasma,2087,boneseg_ftclicks,points_bg,0,2,0.7291210068723152,0.1524942961090214,9.303883744855968
plasma,2087,boneseg_ftclicks,boxes,0,2,0.3914187540039285,0.019197367218210075,-21.740162037037038
plasma,2087,boneseg_ftclicks,points_bg,1,2,0.746319450360036,0.208184938159684,2.967013888888892
plasma,2087,boneseg_ftclicks,boxes,1,2,0.49282988044606785,0.046566621191450656,-18.97190072016461
plasma,2087,boneseg_ftclicks,points_bg,2,2,0.7351125845557446,0.11975497702909647,12.385480967078188
plasma,2087,boneseg_ftclicks,boxes,2,2,0.4201655963040925,0.015428267423302004,-20.999292695473248
plasma,208,boneseg_learned,none,0,2,0.6121885668627878,0.09907201672983924,-1.7065972222222225
plasma,208,boneseg_ftlayer,none,0,2,0.9109909087226921,0.3535031847133758,-1.063207304526749
plasma,208,boneseg_ftlearned,none,0,2,0.952219921213133,0.3496876428462593,-0.4240612139917693
plasma,208,boneseg_ftclicks,points_bg,0,2,0.9669423217837328,0.5869971936389149,-0.09799382716049326
plasma,208,boneseg_ftclicks,boxes,0,2,0.9131328495223473,0.4943033854166667,-0.6015303497942381
plasma,208,boneseg_ftclicks,points_bg,1,2,0.9644272401028967,0.5471816611712985,-0.30369084362139864
plasma,208,boneseg_ftclicks,boxes,1,2,0.8980349964779231,0.32415220506288805,-0.17817644032921826
plasma,208,boneseg_ftclicks,points_bg,2,2,0.9637939615129396,0.6007570022710068,0.07908950617284
plasma,208,boneseg_ftclicks,boxes,2,2,0.916726170525917,0.5503026337313921,-0.8759002057613166
plasma,2105,boneseg_learned,none,0,2,0.7890973077826281,0.1811702925731433,7.546553497942387
plasma,2105,boneseg_ftlayer,none,0,2,0.8573054179678106,0.2895653150623385,-3.6947659465020544
plasma,2105,boneseg_ftlearned,none,0,2,0.8735829490299171,0.22280105286246984,-3.3329475308641943
plasma,2105,boneseg_ftclicks,points_bg,0,2,0.8742446397735777,0.24594685881558206,-1.4335133744855955
plasma,2105,boneseg_ftclicks,boxes,0,2,0.31593996994010454,0.0012844183992935698,-29.411458333333336
plasma,2105,boneseg_ftclicks,points_bg,1,2,0.8767523528585476,0.17251639208771832,0.8338477366255148
plasma,2105,boneseg_ftclicks,boxes,1,2,0.2617785530154516,0.0,-30.75115740740741
plasma,2105,boneseg_ftclicks,points_bg,2,2,0.8816374052888449,0.22605153049988988,-0.7224151234567877
plasma,2105,boneseg_ftclicks,boxes,2,2,0.47814000505433407,0.1217160212604404,-24.318351337448558
plasma,2110,boneseg_learned,none,0,2,0.26343218549609565,0.05313708369714357,9.141911008230451
plasma,2110,boneseg_ftlayer,none,0,2,0.7509295711376129,0.14108187134502925,3.9839891975308643
plasma,2110,boneseg_ftlearned,none,0,2,0.7134521985723133,0.0738877534978777,4.499421296296295
plasma,2110,boneseg_ftclicks,points_bg,0,2,0.7811113573546199,0.04006009013520281,-1.8225951646090546
plasma,2110,boneseg_ftclicks,boxes,0,2,0.9057413948334372,0.0770111651875179,-1.4166023662551444
plasma,2110,boneseg_ftclicks,points_bg,1,2,0.8096835362682099,0.04721030042918455,-1.4999356995884783
plasma,2110,boneseg_ftclicks,boxes,1,2,0.9519642503817249,0.21897407611693326,0.02372685185185186
plasma,2110,boneseg_ftclicks,points_bg,2,2,0.6595763866623918,0.016571256402530883,-4.364583333333334
plasma,2110,boneseg_ftclicks,boxes,2,2,0.9532744721689059,0.16192431798181284,-0.44971707818930035
plasma,2122,boneseg_learned,none,0,2,0.5381591949953025,0.05762902319608315,6.730388374485598
plasma,2122,boneseg_ftlayer,none,0,2,0.8352528366823812,0.18727967097532314,3.739068930041152
plasma,2122,boneseg_ftlearned,none,0,2,0.829002444274519,0.19879839786381842,4.137088477366256
plasma,2122,boneseg_ftclicks,points_bg,0,2,0.8217968941552228,0.24216200879557384,4.676376028806585
plasma,2122,boneseg_ftclicks,boxes,0,2,0.9127964304208727,0.24379537396589565,2.235146604938272
plasma,2122,boneseg_ftclicks,points_bg,1,2,0.7145600889784238,0.028155904595695173,9.960583847736624
plasma,2122,boneseg_ftclicks,boxes,1,2,0.9327524635831482,0.30434782608695654,1.2402906378600822
plasma,2122,boneseg_ftclicks,points_bg,2,2,0.8144331221649683,0.26264647042012,5.065586419753086
plasma,2122,boneseg_ftclicks,boxes,2,2,0.9122754081666329,0.18489984591679506,2.3191872427983555
plasma,2139,boneseg_learned,none,0,2,0.7373577643542469,0.1503225338841777,-4.337127057613169
plasma,2139,boneseg_ftlayer,none,0,2,0.793875616406209,0.25093450349423047,-6.726594650205763
plasma,2139,boneseg_ftlearned,none,0,2,0.8483502038686017,0.21268635238588615,-1.8053626543209882
plasma,2139,boneseg_ftclicks,points_bg,0,2,0.893501958264117,0.3082182025352514,-0.6480838477366274
plasma,2139,boneseg_ftclicks,boxes,0,2,0.6104887168817564,0.184360625574977,-13.018904320987657
plasma,2139,boneseg_ftclicks,points_bg,1,2,0.8783215200260317,0.27910022340343577,-2.9248971193415656
plasma,2139,boneseg_ftclicks,boxes,1,2,0.5869648254250802,0.18387395736793327,-13.69650205761317
plasma,2139,boneseg_ftclicks,points_bg,2,2,0.8974808560795864,0.3258101851851852,-0.1505272633744864
plasma,2139,boneseg_ftclicks,boxes,2,2,0.6148420135460954,0.18530020703933747,-12.877893518518519
plasma,2142,boneseg_learned,none,0,2,0.7244772774581578,0.06602483164983165,-2.2065329218107
plasma,2142,boneseg_ftlayer,none,0,2,0.7694115703009294,0.11999740124740124,-8.137281378600822
plasma,2142,boneseg_ftlearned,none,0,2,0.7845905295865666,0.12867940760769372,-5.275848765432098
plasma,2142,boneseg_ftclicks,points_bg,0,2,0.8139339276463867,0.17304903593103818,10.96875
plasma,2142,boneseg_ftclicks,boxes,0,2,0.5902281231785074,0.11803635754377147,-16.9258616255144
plasma,2142,boneseg_ftclicks,points_bg,1,2,0.8155211181223312,0.17031616884180636,9.12480709876543
plasma,2142,boneseg_ftclicks,boxes,1,2,0.5953704954837905,0.16117910705050853,-16.975887345679013
plasma,2142,boneseg_ftclicks,points_bg,2,2,0.8341497965949588,0.21083685179170727,9.076903292181072
plasma,2142,boneseg_ftclicks,boxes,2,2,0.491241170762167,0.011603471904979443,-20.325295781893004
plasma,2145,boneseg_learned,none,0,2,0.5691206175758416,0.034426503806575755,-17.51948302469136
plasma,2145,boneseg_ftlayer,none,0,2,0.634273705780402,0.1123741150663077,-14.088605967078188
plasma,2145,boneseg_ftlearned,none,0,2,0.7227384678447488,0.13715446436456769,-8.831532921810698
plasma,2145,boneseg_ftclicks,points_bg,0,2,0.7869561872523753,0.1516566709271458,4.0522119341563805
plasma,2145,boneseg_ftclicks,boxes,0,2,0.3926660549251196,0.043423360224482635,-31.087512860082306
plasma,2145,boneseg_ftclicks,points_bg,1,2,0.8102163892742509,0.09852069532300642,11.40239197530864
plasma,2145,boneseg_ftclicks,boxes,1,2,0.38136227359448943,0.0827976523197317,-30.969907407407405
plasma,2145,boneseg_ftclicks,points_bg,2,2,0.8345407005910964,0.11347874158206855,11.463477366255143
plasma,2145,boneseg_ftclicks,boxes,2,2,0.37682364302874505,0.03944927949778856,-31.67097479423868
plasma,2159,boneseg_learned,none,0,2,0.7199995372753617,0.17338408210426154,6.69611625514403
plasma,2159,boneseg_ftlayer,none,0,2,0.668313197736657,0.1427133839538926,-4.134387860082306
plasma,2159,boneseg_ftlearned,none,0,2,0.7089785688635833,0.14483509645301804,-3.033436213991769
plasma,2159,boneseg_ftclicks,points_bg,0,2,0.815640545414189,0.0985481742190937,6.551761831275721
plasma,2159,boneseg_ftclicks,boxes,0,2,0.685708092172292,0.2035623409669211,-8.108796296296296
plasma,2159,boneseg_ftclicks,points_bg,1,2,0.8190048629834186,0.16212438853948288,3.5356224279835398
plasma,2159,boneseg_ftclicks,boxes,1,2,0.7997401326219722,0.08416204333717157,-0.45794753086419726
plasma,2159,boneseg_ftclicks,points_bg,2,2,0.7482780825228835,0.20069841885730916,-2.921489197530863
plasma,2159,boneseg_ftclicks,boxes,2,2,0.7427054991377658,0.10332300459450797,-4.212834362139917
plasma,2160,boneseg_learned,none,0,2,0.7431864260120542,0.17305458768873402,2.6826131687242794
plasma,2160,boneseg_ftlayer,none,0,2,0.6659999696034774,0.20929723418229584,-10.891460905349792
plasma,2160,boneseg_ftlearned,none,0,2,0.7990582006820115,0.21227578475336323,-6.172067901234568
plasma,2160,boneseg_ftclicks,points_bg,0,2,0.8588021288910358,0.21420927467300832,5.903420781893004
plasma,2160,boneseg_ftclicks,boxes,0,2,0.634105511851989,0.13771915451417335,-11.177662037037036
plasma,2160,boneseg_ftclicks,points_bg,1,2,0.7933774637169987,0.292141652613828,-5.708912037037036
plasma,2160,boneseg_ftclicks,boxes,1,2,0.5848452328487854,0.17174111212397447,-14.97222222222222
plasma,2160,boneseg_ftclicks,points_bg,2,2,0.8270757922264125,0.3450365465109015,-2.2524434156378588
plasma,2160,boneseg_ftclicks,boxes,2,2,0.5897034170752414,0.18338629142078983,-14.497492283950617
plasma,2174,boneseg_learned,none,0,2,0.5411975574735719,0.10872313527180784,7.241576646090536
plasma,2174,boneseg_ftlayer,none,0,2,0.6941759686544428,0.3128491620111732,4.487847222222221
plasma,2174,boneseg_ftlearned,none,0,2,0.6659819227608874,0.28770099956540635,5.691615226337449
plasma,2174,boneseg_ftclicks,points_bg,0,2,0.41183520032293874,0.0,-2.5817901234567904
plasma,2174,boneseg_ftclicks,boxes,0,2,0.967670978235613,0.4582312925170068,-0.3234953703703705
plasma,2174,boneseg_ftclicks,points_bg,1,2,0.6826246818885234,0.06446901731692051,3.4701003086419755
plasma,2174,boneseg_ftclicks,boxes,1,2,0.9782570320420031,0.6471221086605702,-0.027327674897119347
plasma,2174,boneseg_ftclicks,points_bg,2,2,0.6711205266560674,0.018166455428812844,3.0371013374485596
plasma,2174,boneseg_ftclicks,boxes,2,2,0.9569369973190348,0.32968236582694416,-0.49639917695473224
plasma,2178,boneseg_learned,none,0,2,0.3729637219243789,0.05664760543245175,10.233989197530866
plasma,2178,boneseg_ftlayer,none,0,2,0.6592074009251156,0.16078963230861965,5.296939300411524
plasma,2178,boneseg_ftlearned,none,0,2,0.6280863341286135,0.1697535162233672,5.583333333333335
plasma,2178,boneseg_ftclicks,points_bg,0,2,0.769227178302173,0.05082848186296462,-1.5025077160493825
plasma,2178,boneseg_ftclicks,boxes,0,2,0.8744683950582475,0.21536066424494033,-1.5935570987654315
plasma,2178,boneseg_ftclicks,points_bg,1,2,0.7709439960763534,0.09321522045500302,-0.5930426954732504
plasma,2178,boneseg_ftclicks,boxes,1,2,0.8935599169021535,0.2823422605537903,-0.3269675925925919
plasma,2178,boneseg_ftclicks,points_bg,2,2,0.7119470287731402,0.16772889787035597,2.3197016460905355
plasma,2178,boneseg_ftclicks,boxes,2,2,0.8942387844392328,0.31430601610611086,-0.3890817901234564
plasma,2184,boneseg_learned,none,0,2,0.8402417226998042,0.17725880551301684,0.09555041152263383
plasma,2184,boneseg_ftlayer,none,0,2,0.9666280851724205,0.39287325214253493,0.34169238683127573
plasma,2184,boneseg_ftlearned,none,0,2,0.9610590239062495,0.32571816331146797,0.3490869341563785
plasma,2184,boneseg_ftclicks,points_bg,0,2,0.9689055010830961,0.3749144811858609,0.13368055555555564
plasma,2184,boneseg_ftclicks,boxes,0,2,0.9627977183532739,0.35636610783869505,0.687821502057613
plasma,2184,boneseg_ftclicks,points_bg,1,2,0.9635127723578587,0.3203107151016678,-0.2020961934156379
plasma,2184,boneseg_ftclicks,boxes,1,2,0.9650347420415374,0.39451620213007027,0.6178626543209873
plasma,2184,boneseg_ftclicks,points_bg,2,2,0.9654228798033441,0.33751711547238705,-0.13766718106995868
plasma,2184,boneseg_ftclicks,boxes,2,2,0.9604410986929822,0.31009506564056133,0.756751543209877
plasma,2186,boneseg_learned,none,0,2,0.652234944806197,0.11767027069686686,6.534593621399177
plasma,2186,boneseg_ftlayer,none,0,2,0.8575023197296788,0.3269861286254729,-0.8121784979423868
plasma,2186,boneseg_ftlearned,none,0,2,0.8604109200347938,0.3394990366088632,-0.8150720164609077
plasma,2186,boneseg_ftclicks,points_bg,0,2,0.811627359408806,0.09862763037511436,6.220743312757201
plasma,2186,boneseg_ftclicks,boxes,0,2,0.8797674482430541,0.13005929363237947,-0.3473508230452699
plasma,2186,boneseg_ftclicks,points_bg,1,2,0.7714606808342553,0.055130957492486046,8.327739197530862
plasma,2186,boneseg_ftclicks,boxes,1,2,0.8268146563807586,0.3522743787240227,-3.6899434156378614
plasma,2186,boneseg_ftclicks,points_bg,2,2,0.8031634607118884,0.1049810553553276,6.693994341563786
plasma,2186,boneseg_ftclicks,boxes,2,2,0.869897155645426,0.08070175438596491,0.7297453703703688
plasma,2188,boneseg_learned,none,0,2,0.4854801969491421,0.04011844493265832,6.4650848765432105
plasma,2188,boneseg_ftlayer,none,0,2,0.6582441748731145,0.20896495517522412,3.5131172839506175
plasma,2188,boneseg_ftlearned,none,0,2,0.6454174163881987,0.17176435136356788,3.8342978395061733
plasma,2188,boneseg_ftclicks,points_bg,0,2,0.5390695822354765,0.0561487250345434,13.93042695473251
plasma,2188,boneseg_ftclicks,boxes,0,2,0.8342057994315187,0.19020678891923526,0.28967335390946564
plasma,2188,boneseg_ftclicks,points_bg,1,2,0.5505408908926134,0.051246710938478886,11.597800925925926
plasma,2188,boneseg_ftclicks,boxes,1,2,0.8539079981082932,0.08451190065539842,1.791152263374486
plasma,2188,boneseg_ftclicks,points_bg,2,2,0.6088957918312681,0.17619926199261993,6.424768518518518
plasma,2188,boneseg_ftclicks,boxes,2,2,0.8377068411953569,0.17370983446932814,0.23469650205761305
plasma,2189,boneseg_learned,none,0,2,0.20588176606910233,0.0,-17.414930555555554
plasma,2189,boneseg_ftlayer,none,0,2,0.4627554028826792,0.09834638816362054,-13.69167952674897
plasma,2189,boneseg_ftlearned,none,0,2,0.5423902511738838,0.0675598086124402,-12.365354938271604
plasma,2189,boneseg_ftclicks,points_bg,0,2,0.7331967134253112,0.09422309256609174,13.493698559670781
plasma,2189,boneseg_ftclicks,boxes,0,2,0.7173348177842436,0.09435626102292768,-3.8179655349794226
plasma,2189,boneseg_ftclicks,points_bg,1,2,0.7827168160206267,0.12234173577469415,4.967142489711934
plasma,2189,boneseg_ftclicks,boxes,1,2,0.7730230943327012,0.05510752688172043,-0.7088477366255147
plasma,2189,boneseg_ftclicks,points_bg,2,2,0.7845474428116535,0.1424313583815029,4.392168209876543
plasma,2189,boneseg_ftclicks,boxes,2,2,0.7672644506954263,0.08220996732026144,-0.44952417695473257
plasma,2192,boneseg_learned,none,0,2,0.5060093227903454,0.07002531035313969,11.942193930041153
plasma,2192,boneseg_ftlayer,none,0,2,0.7724901778420604,0.19638480392156862,-1.6135545267489726
plasma,2192,boneseg_ftlearned,none,0,2,0.7881611742366753,0.16744379683597002,0.15084876543209613
plasma,2192,boneseg_ftclicks,points_bg,0,2,0.8344231167862028,0.2457,0.7955889917695469
plasma,2192,boneseg_ftclicks,boxes,0,2,0.8301489220306993,0.3321053806653271,-2.275913065843624
plasma,2192,boneseg_ftclicks,points_bg,1,2,0.8409877572715568,0.28952849839045636,2.425475823045267
plasma,2192,boneseg_ftclicks,boxes,1,2,0.6897070383038388,0.09221335184542405,-7.712319958847738
plasma,2192,boneseg_ftclicks,points_bg,2,2,0.84979068016184,0.3041378657324117,2.3238168724279835
plasma,2192,boneseg_ftclicks,boxes,2,2,0.8205896221966539,0.22791958436864693,-3.889017489711935
plasma,2200,boneseg_learned,none,0,2,0.7396357887340438,0.13647798742138365,2.2921810699588487
plasma,2200,boneseg_ftlayer,none,0,2,0.837575212305145,0.3157228725086998,1.9905478395061738
plasma,2200,boneseg_ftlearned,none,0,2,0.8672897425018766,0.3674265762990347,3.0684156378600838
plasma,2200,boneseg_ftclicks,points_bg,0,2,0.8320114314017274,0.18593019462868327,0.8841949588477366
plasma,2200,boneseg_ftclicks,boxes,0,2,0.7986164705882353,0.18690521507422916,-1.1275720164609038
plasma,2200,boneseg_ftclicks,points_bg,1,2,0.8666499764668182,0.4493650276782807,3.6496270576131695
plasma,2200,boneseg_ftclicks,boxes,1,2,0.8252330112713563,0.3625791445923246,-2.0878343621399176
plasma,2200,boneseg_ftclicks,points_bg,2,2,0.8335598654747591,0.20824223874070835,1.0648148148148158
plasma,2200,boneseg_ftclicks,boxes,2,2,0.8185480402205197,0.35493545442691354,-2.2941743827160495
plasma,2216,boneseg_learned,none,0,2,0.6127991175625601,0.07310469314079422,4.278356481481479
plasma,2216,boneseg_ftlayer,none,0,2,0.818119103553716,0.27395922353802954,1.2055041152263357
plasma,2216,boneseg_ftlearned,none,0,2,0.7990173526194024,0.21681909435645774,2.8265817901234556
plasma,2216,boneseg_ftclicks,points_bg,0,2,0.8166657310729389,0.24330748061045784,1.10673868312757
plasma,2216,boneseg_ftclicks,boxes,0,2,0.951676101332597,0.2625394095729435,0.62744341563786
plasma,2216,boneseg_ftclicks,points_bg,1,2,0.8221117794972359,0.2169436864301662,0.798546810699588
plasma,2216,boneseg_ftclicks,boxes,1,2,0.9514063182343879,0.27597495018502705,0.4139660493827163
plasma,2216,boneseg_ftclicks,points_bg,2,2,0.8079135329570835,0.1637006019366658,-0.21379886831275896
plasma,2216,boneseg_ftclicks,boxes,2,2,0.9529532257155207,0.24360301730513237,0.9889403292181048
plasma,2221,boneseg_learned,none,0,2,0.5435220249101153,0.06288844411671758,4.520254629629629
plasma,2221,boneseg_ftlayer,none,0,2,0.6167938133166045,0.1572531491263714,-6.463284465020577
plasma,2221,boneseg_ftlearned,none,0,2,0.449271662851667,0.16474133601205423,-8.317193930041153
plasma,2221,boneseg_ftclicks,points_bg,0,2,0.6556825082974366,0.12215734480639213,-0.9190457818930048
plasma,2221,boneseg_ftclicks,boxes,0,2,0.7043005523676011,0.17363344051446947,-4.510480967078189
plasma,2221,boneseg_ftclicks,points_bg,1,2,0.6651209995446333,0.1200328407224959,-2.078510802469137
plasma,2221,boneseg_ftclicks,boxes,1,2,0.6835125473006405,0.12624867162592987,-5.229166666666667
plasma,2221,boneseg_ftclicks,points_bg,2,2,0.6596935493469432,0.13493390062300561,-0.9927340534979429
plasma,2221,boneseg_ftclicks,boxes,2,2,0.7097697769682876,0.18599137931034482,-4.5484182098765435
plasma,2227,boneseg_learned,none,0,2,0.6362695200793472,0.1314194577352472,7.952739197530863
plasma,2227,boneseg_ftlayer,none,0,2,0.7613065023692112,0.15354938271604937,2.6399176954732497
plasma,2227,boneseg_ftlearned,none,0,2,0.7393821460170068,0.1548480463096961,3.9099151234567904
plasma,2227,boneseg_ftclicks,points_bg,0,2,0.7264040397501053,0.07901639344262296,1.1721965020576124
plasma,2227,boneseg_ftclicks,boxes,0,2,0.9206026015302702,0.22297669297118738,-0.565136316872429
plasma,2227,boneseg_ftclicks,points_bg,1,2,0.7412138153219311,0.10662122687439143,1.665702160493826
plasma,2227,boneseg_ftclicks,boxes,1,2,0.5504225685073186,0.0,-5.636316872427984
plasma,2227,boneseg_ftclicks,points_bg,2,2,0.7323171083780818,0.08917197452229299,1.3530092592592593
plasma,2227,boneseg_ftclicks,boxes,2,2,0.9141841905563408,0.19514490026345502,-0.8134645061728396
plasma,2258,boneseg_learned,none,0,2,0.6110650562085022,0.10423215343264544,15.60808899176955
plasma,2258,boneseg_ftlayer,none,0,2,0.7052372053497575,0.14570624120131392,5.78632973251029
plasma,2258,boneseg_ftlearned,none,0,2,0.7433248567656912,0.16939890710382513,9.777199074074074
plasma,2258,boneseg_ftclicks,points_bg,0,2,0.720967930459604,0.06579786103831717,-0.6791409465020576
plasma,2258,boneseg_ftclicks,boxes,0,2,0.5770769074331424,0.023094688221709007,-12.135159465020577
plasma,2258,boneseg_ftclicks,points_bg,1,2,0.697486016411163,0.045400769003253474,-3.64409722222222
plasma,2258,boneseg_ftclicks,boxes,1,2,0.6928545260384594,0.07642782969885774,-9.491383744855966
plasma,2258,boneseg_ftclicks,points_bg,2,2,0.7476753226790908,0.10343338371841934,0.5992155349794248
plasma,2258,boneseg_ftclicks,boxes,2,2,0.6383173185310659,0.03470780183921685,-10.829282407407407
plasma,2276,boneseg_learned,none,0,2,0.40524394811305303,0.025113515331576883,4.736046810699587
plasma,2276,boneseg_ftlayer,none,0,2,0.5958648782246405,0.06424446583253128,-5.815457818930042
plasma,2276,boneseg_ftlearned,none,0,2,0.6080725651833856,0.07915601860952755,-3.257201646090535
plasma,2276,boneseg_ftclicks,points_bg,0,2,0.6368848184236494,0.07197313487021238,-6.141332304526751
plasma,2276,boneseg_ftclicks,boxes,0,2,0.490594154188975,0.05573919981762225,-12.54224537037037
plasma,2276,boneseg_ftclicks,points_bg,1,2,0.6492521335971414,0.07013815090329437,-5.5784465020576155
plasma,2276,boneseg_ftclicks,boxes,1,2,0.5592593946247633,0.06343630540345077,-10.508680555555557
plasma,2276,boneseg_ftclicks,points_bg,2,2,0.6100625378252975,0.03351789598576231,-8.54320987654321
plasma,2276,boneseg_ftclicks,boxes,2,2,0.4273031363607759,0.008865860679332182,-13.850951646090536
plasma,2295,boneseg_learned,none,0,2,0.5591963507633966,0.048047795355099295,-5.946437757201645
plasma,2295,boneseg_ftlayer,none,0,2,0.534745720166675,0.0712166172106825,-15.14480452674897
plasma,2295,boneseg_ftlearned,none,0,2,0.6648668222151597,0.08967483827034389,-8.310892489711932
plasma,2295,boneseg_ftclicks,points_bg,0,2,0.7681152019608845,0.19640813889856226,-0.8986625514403268
plasma,2295,boneseg_ftclicks,boxes,0,2,0.25528772133222694,0.020100090245303143,-28.33018261316872
plasma,2295,boneseg_ftclicks,points_bg,1,2,0.7761057689181897,0.16611121691106456,12.742026748971197
plasma,2295,boneseg_ftclicks,boxes,1,2,0.4006945931745589,0.05125400991542724,-24.644997427983537
plasma,2295,boneseg_ftclicks,points_bg,2,2,0.766982959051015,0.2274055270846305,5.142103909465023
plasma,2295,boneseg_ftclicks,boxes,2,2,0.23026972170699178,0.021321961620469083,-28.867669753086417
plasma,2299,boneseg_learned,none,0,2,0.6199610287998166,0.03857421875,-1.028999485596708
plasma,2299,boneseg_ftlayer,none,0,2,0.6529030973010657,0.21885649375236652,-1.0187757201646088
plasma,2299,boneseg_ftlearned,none,0,2,0.6606700232378001,0.11585657370517928,-0.6496913580246912
plasma,2299,boneseg_ftclicks,points_bg,0,2,0.7016444635725796,0.186133804371826,-1.0829475308641978
plasma,2299,boneseg_ftclicks,boxes,0,2,0.9490727242204964,0.33754886180731203,0.6235853909465017
plasma,2299,boneseg_ftclicks,points_bg,1,2,0.6839814956026639,0.17332487846121328,-1.2830504115226335
plasma,2299,boneseg_ftclicks,boxes,1,2,0.9324725666788807,0.3829940119760479,-0.5949074074074079
plasma,2299,boneseg_ftclicks,points_bg,2,2,0.8365888795247248,0.31400866515370335,1.5565200617283947
plasma,2299,boneseg_ftclicks,boxes,2,2,0.9607232124086057,0.4720774385703649,-0.16840277777777773
plasma,2301,boneseg_learned,none,0,2,0.7142653657146927,0.13869221157850894,3.427469135802469
plasma,2301,boneseg_ftlayer,none,0,2,0.7505790049722693,0.19532437171244885,-1.3136574074074066
plasma,2301,boneseg_ftlearned,none,0,2,0.7382322725033322,0.1927476549988561,0.9864969135802482
plasma,2301,boneseg_ftclicks,points_bg,0,2,0.7144879131621286,0.06172839506172839,5.20190329218107
plasma,2301,boneseg_ftclicks,boxes,0,2,0.756857463978696,0.03381454025230849,-0.934349279835392
plasma,2301,boneseg_ftclicks,points_bg,1,2,0.6791287792006699,0.041497689333207584,8.009837962962962
plasma,2301,boneseg_ftclicks,boxes,1,2,0.7554065898169087,0.2023105100028177,-4.734760802469136
plasma,2301,boneseg_ftclicks,points_bg,2,2,0.7126402684151842,0.06421276165436343,5.029449588477367
plasma,2301,boneseg_ftclicks,boxes,2,2,0.7612031672538709,0.034505465560384564,-0.9669495884773671
plasma,2315,boneseg_learned,none,0,2,0.5599916207943952,0.0045321247667288725,-5.324266975308643
plasma,2315,boneseg_ftlayer,none,0,2,0.8132009554498356,0.35121590535655606,5.921682098765432
plasma,2315,boneseg_ftlearned,none,0,2,0.824157811628893,0.3559389410081094,5.572016460905349
plasma,2315,boneseg_ftclicks,points_bg,0,2,0.7778164347583011,0.024701195219123506,-0.9765303497942385
plasma,2315,boneseg_ftclicks,boxes,0,2,0.7267767030334954,0.0002585315408479835,-7.070794753086421
plasma,2315,boneseg_ftclicks,points_bg,1,2,0.8159499050377028,0.07780102720182613,1.2443415637860085
plasma,2315,boneseg_ftclicks,boxes,1,2,0.8259152801199815,0.27496528216134325,-4.696309156378602
plasma,2315,boneseg_ftclicks,points_bg,2,2,0.8206787399514686,0.10074310977330449,1.9484953703703707
plasma,2315,boneseg_ftclicks,boxes,2,2,0.8172582534978289,0.20697939056770767,-4.961934156378602
plasma,2318,boneseg_learned,none,0,2,0.45536082690518986,0.031962864721485414,-3.9715792181069967
plasma,2318,boneseg_ftlayer,none,0,2,0.6966890059762944,0.23433317951084448,-5.297389403292183
plasma,2318,boneseg_ftlearned,none,0,2,0.6682972111524892,0.19257884972170686,-5.283950617283953
plasma,2318,boneseg_ftclicks,points_bg,0,2,0.736183899038383,0.08400130868640603,2.5740097736625502
plasma,2318,boneseg_ftclicks,boxes,0,2,0.6369004218804658,0.1880755064456722,-10.235853909465021
plasma,2318,boneseg_ftclicks,points_bg,1,2,0.7200106590276968,0.17039030955585463,-2.1412037037037064
plasma,2318,boneseg_ftclicks,boxes,1,2,0.5194322185155075,0.03156167150612296,-13.225180041152266
plasma,2318,boneseg_ftclicks,points_bg,2,2,0.7379832938050759,0.2518511746960417,-3.7689043209876565
plasma,2318,boneseg_ftclicks,boxes,2,2,0.528656963826779,0.029271356783919598,-13.052790637860085
plasma,2335,boneseg_learned,none,0,2,0.7388427924286564,0.17806267806267806,6.313657407407408
plasma,2335,boneseg_ftlayer,none,0,2,0.8509813270436138,0.29602543720190777,3.0662937242798365
plasma,2335,boneseg_ftlearned,none,0,2,0.8210493717058905,0.29716210698244183,5.393325617283951
plasma,2335,boneseg_ftclicks,points_bg,0,2,0.8725742113892764,0.22152690863579474,1.4904192386831272
plasma,2335,boneseg_ftclicks,boxes,0,2,0.9107953790997212,0.386986301369863,-0.7786136831275714
plasma,2335,boneseg_ftclicks,points_bg,1,2,0.8931139508549697,0.158375,-0.3260673868312747
plasma,2335,boneseg_ftclicks,boxes,1,2,0.8778590313916401,0.14172475058083914,-2.8977623456790114
plasma,2335,boneseg_ftclicks,points_bg,2,2,0.8741900031560499,0.2213452299245024,1.314750514403293
plasma,2335,boneseg_ftclicks,boxes,2,2,0.8475767545636753,0.0558249064967447,-3.607767489711934
plasma,2339,boneseg_learned,none,0,2,0.7635464172528407,0.07343660355708548,-1.675861625514402
plasma,2339,boneseg_ftlayer,none,0,2,0.733455940978239,0.23919723449202995,-1.15432098765432
plasma,2339,boneseg_ftlearned,none,0,2,0.7895132829949324,0.22021660649819494,0.6709104938271621
plasma,2339,boneseg_ftclicks,points_bg,0,2,0.7695829010305656,0.27547454906034563,1.3505658436213985
plasma,2339,boneseg_ftclicks,boxes,0,2,0.6754366616108441,0.018846300776773208,-9.169045781893004
plasma,2339,boneseg_ftclicks,points_bg,1,2,0.7531054121160558,0.27745945420996404,-0.4130658436213991
plasma,2339,boneseg_ftclicks,boxes,1,2,0.6956566513612562,0.03109531666455134,-8.723701131687243
plasma,2339,boneseg_ftclicks,points_bg,2,2,0.7660036860956027,0.28105011933174223,0.7219650205761319
plasma,2339,boneseg_ftclicks,boxes,2,2,0.6665445603945254,0.016594332397242787,-9.36059670781893
plasma,2351,boneseg_learned,none,0,2,0.688472110539949,0.14474829086389063,14.928948045267488
plasma,2351,boneseg_ftlayer,none,0,2,0.6683895823057138,0.20622233965255302,7.949138374485598
plasma,2351,boneseg_ftlearned,none,0,2,0.7253269010164862,0.19298701298701298,11.335583847736624
plasma,2351,boneseg_ftclicks,points_bg,0,2,0.6762173217610195,0.08430913348946135,4.719778806584363
plasma,2351,boneseg_ftclicks,boxes,0,2,0.4242097554096899,0.0,-16.053497942386834
plasma,2351,boneseg_ftclicks,points_bg,1,2,0.696578447628542,0.09439781938167993,5.855709876543208
plasma,2351,boneseg_ftclicks,boxes,1,2,0.6040136759924786,0.009206097802415363,-12.146283436213992
plasma,2351,boneseg_ftclicks,points_bg,2,2,0.6514895028991458,0.033163985323172454,1.408564814814814
plasma,2351,boneseg_ftclicks,boxes,2,2,0.7251725346963442,0.17074331398115541,-7.829925411522634
plasma,2355,boneseg_learned,none,0,2,0.6342086973788721,0.11782127221220706,7.651620370370371
plasma,2355,boneseg_ftlayer,none,0,2,0.7486868722250926,0.2143584993052339,-2.2647247942386843
plasma,2355,boneseg_ftlearned,none,0,2,0.763406629009311,0.24173124173124172,-2.460005144032923
plasma,2355,boneseg_ftclicks,points_bg,0,2,0.7592767348861369,0.25255244106181546,0.8825231481481483
plasma,2355,boneseg_ftclicks,boxes,0,2,0.7784323270705514,0.32594476744186046,-6.352687757201647
plasma,2355,boneseg_ftclicks,points_bg,1,2,0.7644512199634418,0.14510934056619765,4.465599279835389
plasma,2355,boneseg_ftclicks,boxes,1,2,0.7779479024804968,0.3211199026171637,-6.30542695473251
plasma,2355,boneseg_ftclicks,points_bg,2,2,0.7711627253181025,0.13345941945563689,5.851015946502058
plasma,2355,boneseg_ftclicks,boxes,2,2,0.7784215736931578,0.32406287787182586,-6.373713991769547
plasma,2359,boneseg_learned,none,0,2,0.627264187141931,0.06276093040326651,6.149884259259259
plasma,2359,boneseg_ftlayer,none,0,2,0.7046789661193974,0.15129481514626097,5.275720164609049
plasma,2359,boneseg_ftlearned,none,0,2,0.7236120680774004,0.15975811453380195,11.004822530864194
plasma,2359,boneseg_ftclicks,points_bg,0,2,0.6821747032244411,0.11486813452697799,1.9162808641975282
plasma,2359,boneseg_ftclicks,boxes,0,2,0.5286055908828933,0.0047412407585985215,-16.640303497942387
plasma,2359,boneseg_ftclicks,points_bg,1,2,0.5547365351269737,0.013594139415452004,-12.268197016460908
plasma,2359,boneseg_ftclicks,boxes,1,2,0.5796811226439611,0.017181061960662367,-14.963605967078191
plasma,2359,boneseg_ftclicks,points_bg,2,2,0.5934194053425346,0.020356423831183357,-10.699717078189302
plasma,2359,boneseg_ftclicks,boxes,2,2,0.5713866189792439,0.01450417783383257,-15.42521862139918
plasma,2378,boneseg_learned,none,0,2,0.6162406003769216,0.10016350323452052,0.7498713991769546
plasma,2378,boneseg_ftlayer,none,0,2,0.5731262367801576,0.1269861286254729,-9.235661008230453
plasma,2378,boneseg_ftlearned,none,0,2,0.7058532010235865,0.10668392345382269,-5.807677469135802
plasma,2378,boneseg_ftclicks,points_bg,0,2,0.8287921130259277,0.26501698204754975,-0.44084362139917843
plasma,2378,boneseg_ftclicks,boxes,0,2,0.807257518237701,0.20824896088671,-3.1028163580246932
plasma,2378,boneseg_ftclicks,points_bg,1,2,0.8063891609112462,0.19735858460004985,6.348251028806584
plasma,2378,boneseg_ftclicks,boxes,1,2,0.8099938979717174,0.13082419241219684,-1.0125385802469133
plasma,2378,boneseg_ftclicks,points_bg,2,2,0.8359754552981697,0.23685503685503687,0.44097222222222177
plasma,2378,boneseg_ftclicks,boxes,2,2,0.8027294061117761,0.22540405683913656,-3.597865226337449
plasma,2380,boneseg_learned,none,0,2,0.5777375753614972,0.14430724152365007,9.34130658436214
plasma,2380,boneseg_ftlayer,none,0,2,0.9371075124556729,0.33009079118028534,0.04475308641975345
plasma,2380,boneseg_ftlearned,none,0,2,0.8398963992561421,0.22023488848184464,2.517489711934155
plasma,2380,boneseg_ftclicks,points_bg,0,2,0.8335098186704447,0.026482858697623797,-2.7626028806584366
plasma,2380,boneseg_ftclicks,boxes,0,2,0.9227958094431961,0.19360505973295855,-1.2289737654320996
plasma,2380,boneseg_ftclicks,points_bg,1,2,0.8837409558919987,0.11989482909728308,-1.2562371399176957
plasma,2380,boneseg_ftclicks,boxes,1,2,0.9519412675550298,0.402482570991328,-0.14911265432098753
plasma,2380,boneseg_ftclicks,points_bg,2,2,0.8686999650140973,0.06712594947889065,-1.625771604938271
plasma,2380,boneseg_ftclicks,boxes,2,2,0.9478342257906365,0.3866869918699187,-0.17463991769547382
plasma,2384,boneseg_learned,none,0,2,0.6443483699547577,0.10424753243872685,14.254179526748972
plasma,2384,boneseg_ftlayer,none,0,2,0.6866373930626282,0.20571701949527568,7.3939686213991775
plasma,2384,boneseg_ftlearned,none,0,2,0.6815770507685582,0.14439506172839506,10.096772119341566
plasma,2384,boneseg_ftclicks,points_bg,0,2,0.6617931494968629,0.20806277056277056,7.439171810699588
plasma,2384,boneseg_ftclicks,boxes,0,2,0.828929868931011,0.2323585042921577,-0.9731867283950618
plasma,2384,boneseg_ftclicks,points_bg,1,2,0.659351949743757,0.16252914552187628,8.674704218106996
plasma,2384,boneseg_ftclicks,boxes,1,2,0.8489061107889861,0.22878396842265067,-0.7190072016460908
plasma,2384,boneseg_ftclicks,points_bg,2,2,0.6597989294587175,0.2018047579983593,7.510030864197531
plasma,2384,boneseg_ftclicks,boxes,2,2,0.8361451972315617,0.21715244925988098,-0.2116126543209862
plasma,2386,boneseg_learned,none,0,2,0.7466142098001448,0.15498642401115434,8.440972222222221
plasma,2386,boneseg_ftlayer,none,0,2,0.8322315041566057,0.20651876198301836,2.620434670781893
plasma,2386,boneseg_ftlearned,none,0,2,0.8476743033441957,0.2506248798308018,2.8870884773662535
plasma,2386,boneseg_ftclicks,points_bg,0,2,0.8159331638507967,0.23131430790137839,-0.639017489711935
plasma,2386,boneseg_ftclicks,boxes,0,2,0.7877334400080783,0.26548478879404686,-5.516653806584363
plasma,2386,boneseg_ftclicks,points_bg,1,2,0.8254371433830296,0.265228184074852,-0.20100308641975428
plasma,2386,boneseg_ftclicks,boxes,1,2,0.6015141821283856,0.0,-10.890432098765434
plasma,2386,boneseg_ftclicks,points_bg,2,2,0.8334936931554687,0.35102080123266566,0.33262602880658465
plasma,2386,boneseg_ftclicks,boxes,2,2,0.785620271753352,0.27848101265822783,-5.7017746913580245
plasma,2392,boneseg_learned,none,0,2,0.5443027027822704,0.0775625324723521,6.727687757201648
plasma,2392,boneseg_ftlayer,none,0,2,0.6386919283219544,0.14483460559796438,1.09104938271605
plasma,2392,boneseg_ftlearned,none,0,2,0.6663029587708088,0.14636305117476667,2.0721450617283947
plasma,2392,boneseg_ftclicks,points_bg,0,2,0.7128496154714322,0.11076477791383725,-0.016653806584362996
plasma,2392,boneseg_ftclicks,boxes,0,2,0.8737019005016929,0.34818741940106035,-2.200231481481481
plasma,2392,boneseg_ftclicks,points_bg,1,2,0.6952018207087983,0.22949759881787957,4.583526234567903
plasma,2392,boneseg_ftclicks,boxes,1,2,0.8680400246780289,0.26048657718120805,-1.5370370370370368
plasma,2392,boneseg_ftclicks,points_bg,2,2,0.7282853719461424,0.05767790262172284,-2.888374485596708
plasma,2392,boneseg_ftclicks,boxes,2,2,0.8669779333844368,0.23210015473343648,-1.4595550411522633
plasma,2394,boneseg_learned,none,0,2,0.7512459278398225,0.15213508686475077,1.3002186213991767
plasma,2394,boneseg_ftlayer,none,0,2,0.835210785989937,0.3272344346452547,-1.9542824074074066
plasma,2394,boneseg_ftlearned,none,0,2,0.8496348434187088,0.3064738744659875,-1.3519161522633745
plasma,2394,boneseg_ftclicks,points_bg,0,2,0.7388186138820703,0.09197828709288298,13.53343621399177
plasma,2394,boneseg_ftclicks,boxes,0,2,0.5386061821346146,0.19349005424954793,-14.034079218106996
plasma,2394,boneseg_ftclicks,points_bg,1,2,0.7324008727814904,0.11252226883512442,16.83712705761317
plasma,2394,boneseg_ftclicks,boxes,1,2,0.5445327392363843,0.08063003937746109,-12.639853395061728
plasma,2394,boneseg_ftclicks,points_bg,2,2,0.7638680915170203,0.1318276977732665,8.571759259259263
plasma,2394,boneseg_ftclicks,boxes,2,2,0.5444248566008342,0.1172926668549374,-13.52006172839506
plasma,2404,boneseg_learned,none,0,2,0.4532261887467601,0.07804472650347537,12.002829218106996
plasma,2404,boneseg_ftlayer,none,0,2,0.5808714586970577,0.14081310440102623,14.86207561728395
plasma,2404,boneseg_ftlearned,none,0,2,0.5852776563799642,0.1317365269461078,14.85185185185185
plasma,2404,boneseg_ftclicks,points_bg,0,2,0.567284685516177,0.0,-5.055362654320987
plasma,2404,boneseg_ftclicks,boxes,0,2,0.9578349273488287,0.3032949583167924,0.19360853909465014
plasma,2404,boneseg_ftclicks,points_bg,1,2,0.6391888176726485,0.0,2.220036008230454
plasma,2404,boneseg_ftclicks,boxes,1,2,0.8172778494427124,0.0,-3.3426568930041145
plasma,2404,boneseg_ftclicks,points_bg,2,2,0.6511260553174195,0.0,3.5201260288065845
plasma,2404,boneseg_ftclicks,boxes,2,2,0.9418652732877227,0.1872136609745939,-1.110082304526748
plasma,2423,boneseg_learned,none,0,2,0.5877878780822304,0.08210036440268692,0.37840792181069727
plasma,2423,boneseg_ftlayer,none,0,2,0.7385273747630399,0.24332641522937093,-4.123971193415637
plasma,2423,boneseg_ftlearned,none,0,2,0.7730415893444694,0.1905608842025027,-1.7055041152263362
plasma,2423,boneseg_ftclicks,points_bg,0,2,0.7114179088379317,0.16169986315949522,-7.374421296296296
plasma,2423,boneseg_ftclicks,boxes,0,2,0.704818926218527,0.2232473844633001,-10.137345679012345
plasma,2423,boneseg_ftclicks,points_bg,1,2,0.7375004490029372,0.21744791666666666,-5.5437242798353905
plasma,2423,boneseg_ftclicks,boxes,1,2,0.36080296254325434,0.0,-20.310699588477366
plasma,2423,boneseg_ftclicks,points_bg,2,2,0.6195297991225296,0.06836248012718601,-12.441936728395062
plasma,2423,boneseg_ftclicks,boxes,2,2,0.631426794013247,0.10330409116995982,-13.429012345679011
plasma,2424,boneseg_learned,none,0,2,0.55236669848125,0.051191569584763376,16.616062242798357
plasma,2424,boneseg_ftlayer,none,0,2,0.8878133518184554,0.21290104122576822,2.346450617283952
plasma,2424,boneseg_ftlearned,none,0,2,0.8655038821911504,0.2228566484990051,3.8465792181069993
plasma,2424,boneseg_ftclicks,points_bg,0,2,0.8686972346907924,0.07280765066762901,0.01658950617283994
plasma,2424,boneseg_ftclicks,boxes,0,2,0.8496527089369345,0.0665942422596415,-5.62480709876543
plasma,2424,boneseg_ftclicks,points_bg,1,2,0.8075678006353099,0.013694638694638694,-6.042181069958846
plasma,2424,boneseg_ftclicks,boxes,1,2,0.8738029180402781,0.13992722461131327,-4.819573045267489
plasma,2424,boneseg_ftclicks,points_bg,2,2,0.8689719603191188,0.02487654896114786,-2.3728137860082295
plasma,2424,boneseg_ftclicks,boxes,2,2,0.7010892661855285,0.004966529907147485,-10.1758616255144
plasma,2435,boneseg_learned,none,0,2,0.7477591228268703,0.11996667592335462,0.3695987654320998
plasma,2435,boneseg_ftlayer,none,0,2,0.823322186131601,0.23093300889666185,5.4076646090535005
plasma,2435,boneseg_ftlearned,none,0,2,0.8063306589864911,0.26536312849162014,4.069315843621399
plasma,2435,boneseg_ftclicks,points_bg,0,2,0.8066791850415614,0.24125726805426814,9.748006687242796
plasma,2435,boneseg_ftclicks,boxes,0,2,0.7749786953586887,0.27484119782214156,-6.522183641975307
plasma,2435,boneseg_ftclicks,points_bg,1,2,0.8053780178614763,0.30590610802624935,5.143197016460907
plasma,2435,boneseg_ftclicks,boxes,1,2,0.5305860450342345,0.04799597939439628,-13.665123456790123
plasma,2435,boneseg_ftclicks,points_bg,2,2,0.8048364243666587,0.23363852153272296,10.008487654320989
plasma,2435,boneseg_ftclicks,boxes,2,2,0.4868953857760286,0.018405703175631886,-14.518389917695472
plasma,2439,boneseg_learned,none,0,2,0.6175894624802061,0.04114580061561656,-6.576067386831275
plasma,2439,boneseg_ftlayer,none,0,2,0.8417047482691666,0.34981855008861507,-5.820666152263374
plasma,2439,boneseg_ftlearned,none,0,2,0.8411700014084127,0.407846556233653,-5.525720164609055
plasma,2439,boneseg_ftclicks,points_bg,0,2,0.8774241218288452,0.23800883559482486,-1.1000514403292194
plasma,2439,boneseg_ftclicks,boxes,0,2,0.4605132480780784,0.017373103087388802,-16.97530864197531
plasma,2439,boneseg_ftclicks,points_bg,1,2,0.8785381026438569,0.22801224226804123,-1.3074845679012348
plasma,2439,boneseg_ftclicks,boxes,1,2,0.5993659182927774,0.2640230121224574,-13.597479423868315
plasma,2439,boneseg_ftclicks,points_bg,2,2,0.8813669303974271,0.20430107526881722,-0.6784336419753095
plasma,2439,boneseg_ftclicks,boxes,2,2,0.5896171704551811,0.20088962449570705,-13.958590534979425
plasma,304,boneseg_learned,none,0,2,0.8419060313228923,0.1058619836754885,-0.5019290123456797
plasma,304,boneseg_ftlayer,none,0,2,0.7462783724081998,0.14687699850778085,1.9008487654320985
plasma,304,boneseg_ftlearned,none,0,2,0.7752063100758911,0.19251559251559253,1.482831790123456
plasma,304,boneseg_ftclicks,points_bg,0,2,0.7613695154534695,0.03888419273034658,-1.077353395061729
plasma,304,boneseg_ftclicks,boxes,0,2,0.9265505656404445,0.20679199514857488,-0.561535493827161
plasma,304,boneseg_ftclicks,points_bg,1,2,0.779505995235487,0.04815369261477046,-0.4063143004115227
plasma,304,boneseg_ftclicks,boxes,1,2,0.9059852531271884,0.12212121212121212,-0.7843364197530865
plasma,304,boneseg_ftclicks,points_bg,2,2,0.7599378585737453,0.03435897435897436,-0.7133487654320994
plasma,304,boneseg_ftclicks,boxes,2,2,0.8367432457268884,0.0460546515198035,-1.4037422839506173
plasma,305,boneseg_learned,none,0,2,0.3306067959374839,0.009660005682356284,-3.4085648148148158
plasma,305,boneseg_ftlayer,none,0,2,0.6305105021488993,0.14499801508535132,4.096000514403291
plasma,305,boneseg_ftlearned,none,0,2,0.6521752643001808,0.15259318477066053,3.982896090534978
plasma,305,boneseg_ftclicks,points_bg,0,2,0.6193486346216396,0.04871343743127337,1.8899819958847734
plasma,305,boneseg_ftclicks,boxes,0,2,0.7673452757087509,0.19383825417201542,-2.8539094650205765
plasma,305,boneseg_ftclicks,points_bg,1,2,0.6374147626790087,0.08579785505362365,2.607060185185185
plasma,305,boneseg_ftclicks,boxes,1,2,0.6803331700146987,0.046875,-4.4397505144032925
plasma,305,boneseg_ftclicks,points_bg,2,2,0.6406541486726143,0.11008583690987124,2.9039994855967075
plasma,305,boneseg_ftclicks,boxes,2,2,0.34705481683300266,0.0,-7.817001028806585
plasma,403,boneseg_learned,none,0,2,0.08476086408338236,0.0,0.7688400205761315
plasma,403,boneseg_ftlayer,none,0,2,0.5040378526450603,0.07116605412629469,2.3661908436213994
plasma,403,boneseg_ftlearned,none,0,2,0.35438230945019494,0.04844027390311945,4.597222222222222
plasma,403,boneseg_ftclicks,points_bg,0,2,0.8047780711681126,0.0,-0.4991640946502058
plasma,403,boneseg_ftclicks,boxes,0,2,0.9230002266032178,0.11244979919678715,-0.21849279835390953
plasma,403,boneseg_ftclicks,points_bg,1,2,0.7629607302790217,0.0,-0.06944444444444454
plasma,403,boneseg_ftclicks,boxes,1,2,0.8832706766917293,0.012282497441146366,-0.3194444444444446
plasma,403,boneseg_ftclicks,points_bg,2,2,0.7302037344566407,0.0,0.1189557613168725
plasma,403,boneseg_ftclicks,boxes,2,2,0.9016707877891526,0.02834008097165992,-0.27359825102880664
plasma,407,boneseg_learned,none,0,2,0.16046348809562966,0.0,2.024498456790124
plasma,407,boneseg_ftlayer,none,0,2,0.5235988509844212,0.08876474239602732,3.6734182098765435
plasma,407,boneseg_ftlearned,none,0,2,0.46479141346843744,0.0696419167983149,5.9050925925925934
plasma,407,boneseg_ftclicks,points_bg,0,2,0.5185607139466439,0.23458485958485958,7.981031378600825
plasma,407,boneseg_ftclicks,boxes,0,2,0.9506577465423255,0.44401330376940135,-0.2417695473251026
plasma,407,boneseg_ftclicks,points_bg,1,2,0.5175300529922402,0.18673485200681852,7.050540123456791
plasma,407,boneseg_ftclicks,boxes,1,2,0.933869344394864,0.43544796883695047,-0.6075745884773658
plasma,407,boneseg_ftclicks,points_bg,2,2,0.5082079103272633,0.07612293144208038,4.8265817901234565
plasma,407,boneseg_ftclicks,boxes,2,2,0.806673273434885,0.1416960173394744,-1.8625900205761312
plasma,409,boneseg_learned,none,0,2,0.13774297205264707,0.026298194784934253,6.0810828189300405
plasma,409,boneseg_ftlayer,none,0,2,0.29893369363197525,0.11850746268656716,6.83301183127572
plasma,409,boneseg_ftlearned,none,0,2,0.2829063979604225,0.097429387496033,7.289094650205762
plasma,409,boneseg_ftclicks,points_bg,0,2,0.4511510287430695,0.0,2.1122042181069958
plasma,409,boneseg_ftclicks,boxes,0,2,0.9101476327846598,0.013157894736842105,-0.2723765432098764
plasma,409,boneseg_ftclicks,points_bg,1,2,0.48995161010670996,0.0,0.775655864197531
plasma,409,boneseg_ftclicks,boxes,1,2,0.960241061316939,0.4152153987167736,-0.12422839506172831
plasma,409,boneseg_ftclicks,points_bg,2,2,0.5172281004162617,0.0,0.20273919753086428
plasma,409,boneseg_ftclicks,boxes,2,2,0.8476461748940274,0.0,-0.43679269547325095
plasma,417,boneseg_learned,none,0,2,0.7921300256629598,0.13942307692307693,-0.28954475308641986
plasma,417,boneseg_ftlayer,none,0,2,0.5631267495836434,0.04283054003724395,0.5585133744855966
plasma,417,boneseg_ftlearned,none,0,2,0.4278486614057084,0.016199890170236132,1.2885159465020577
plasma,417,boneseg_ftclicks,points_bg,0,2,0.5737239793327957,0.0,-0.9177597736625515
plasma,417,boneseg_ftclicks,boxes,0,2,0.8670745168472058,0.27982954545454547,0.3661908436213992
plasma,417,boneseg_ftclicks,points_bg,1,2,0.6569926038415028,0.0,-0.7842721193415638
plasma,417,boneseg_ftclicks,boxes,1,2,0.8248251438689685,0.222537207654146,0.5606352880658435
plasma,417,boneseg_ftclicks,points_bg,2,2,0.6752108300044385,0.005333333333333333,-0.752829218106996
plasma,417,boneseg_ftclicks,boxes,2,2,0.8688664312675027,0.5053680981595092,0.09786522633744837
plasma,506,boneseg_learned,none,0,2,0.36531378876873655,0.0,-0.12647890946502205
plasma,506,boneseg_ftlayer,none,0,2,0.7227907590917548,0.10860510007111653,5.771669238683128
plasma,506,boneseg_ftlearned,none,0,2,0.6597639123102866,0.08127692910301607,7.950102880658435
plasma,506,boneseg_ftclicks,points_bg,0,2,0.6745715510886481,0.014390243902439025,0.3242026748971172
plasma,506,boneseg_ftclicks,boxes,0,2,0.9160199283533187,0.15023474178403756,-1.5610853909465026
plasma,506,boneseg_ftclicks,points_bg,1,2,0.7157165644638435,0.043949638610398696,2.3744212962962945
plasma,506,boneseg_ftclicks,boxes,1,2,0.854737438169312,0.0443472829481574,-3.202289094650207
plasma,506,boneseg_ftclicks,points_bg,2,2,0.6695296543694684,0.007003501750875438,-0.2993827160493845
plasma,506,boneseg_ftclicks,boxes,2,2,0.9347813959621265,0.2010977283122427,-1.009130658436215
plasma,507,boneseg_learned,none,0,2,0.6466380359131104,0.07275154346737861,6.585262345679012
plasma,507,boneseg_ftlayer,none,0,2,0.847466777728931,0.18827561753929795,1.6815200617283963
plasma,507,boneseg_ftlearned,none,0,2,0.8120577048009641,0.14041258674778972,2.6024948559670786
plasma,507,boneseg_ftclicks,points_bg,0,2,0.8306506434317938,0.009494554593688915,-1.5739454732510287
plasma,507,boneseg_ftclicks,boxes,0,2,0.8799120773274965,0.018370230805463968,-2.5012217078189307
plasma,507,boneseg_ftclicks,points_bg,1,2,0.8431254730444128,0.022667948894078856,-1.0711162551440334
plasma,507,boneseg_ftclicks,boxes,1,2,0.9590157083233496,0.4172424151396816,-0.25090020576131744
plasma,507,boneseg_ftclicks,points_bg,2,2,0.8391882782025502,0.020347259902333152,-1.009902263374486
plasma,507,boneseg_ftclicks,boxes,2,2,0.9168925130433745,0.09237074401008827,-1.7865226337448554
plasma,512,boneseg_learned,none,0,2,0.6253639993722645,0.06488671417934262,6.818029835390946
plasma,512,boneseg_ftlayer,none,0,2,0.8386413127520794,0.23508230452674897,2.6820344650205774
plasma,512,boneseg_ftlearned,none,0,2,0.8416413154242689,0.2469092808636601,3.125192901234569
plasma,512,boneseg_ftclicks,points_bg,0,2,0.7812093609129981,0.009307520476545048,-0.6301440329218102
plasma,512,boneseg_ftclicks,boxes,0,2,0.9435027917577234,0.2599198396793587,-0.7327674897119343
plasma,512,boneseg_ftclicks,points_bg,1,2,0.7961078191840236,0.03128371089536138,0.02977109053498017
plasma,512,boneseg_ftclicks,boxes,1,2,0.9554229919258157,0.3580697485806975,-0.4239326131687246
plasma,512,boneseg_ftclicks,points_bg,2,2,0.6160119158443493,0.0,-5.4146090534979425
plasma,512,boneseg_ftclicks,boxes,2,2,0.9558764356253521,0.3689418416801292,-0.3103137860082303
plasma,513,boneseg_learned,none,0,2,0.8126207261909614,0.1973594664488907,4.3247170781893
plasma,513,boneseg_ftlayer,none,0,2,0.9554740779123824,0.22243651558984248,-1.0494470164609053
plasma,513,boneseg_ftlearned,none,0,2,0.9544501291976958,0.18601583113456466,-1.0790252057613166
plasma,513,boneseg_ftclicks,points_bg,0,2,0.8947621135258137,0.01740139211136891,-2.5922067901234565
plasma,513,boneseg_ftclicks,boxes,0,2,0.9578734092759936,0.250327868852459,-1.0189043209876543
plasma,513,boneseg_ftclicks,points_bg,1,2,0.889152335215634,0.01179206111941538,-2.716756687242798
plasma,513,boneseg_ftclicks,boxes,1,2,0.9605875679693306,0.26717931937172773,-0.9332561728395056
plasma,513,boneseg_ftclicks,points_bg,2,2,0.8983360774919171,0.02019867549668874,-2.5121527777777777
plasma,513,boneseg_ftclicks,boxes,2,2,0.9587318859226691,0.25126945126945127,-0.9955632716049378
plasma,516,boneseg_learned,none,0,2,0.5554239454243461,0.1103996205383612,10.820473251028806
plasma,516,boneseg_ftlayer,none,0,2,0.6028769232695269,0.19258316091039313,7.62133487654321
plasma,516,boneseg_ftlearned,none,0,2,0.6267141258824345,0.15682996154489215,7.917824074074076
plasma,516,boneseg_ftclicks,points_bg,0,2,0.5869907732009608,0.08240914519706535,6.059992283950619
plasma,516,boneseg_ftclicks,boxes,0,2,0.8945934934814099,0.21711229946524063,-1.0140174897119338
plasma,516,boneseg_ftclicks,points_bg,1,2,0.5737931185876064,0.05283214966222068,5.373778292181069
plasma,516,boneseg_ftclicks,boxes,1,2,0.8767432204390573,0.16429468396818753,-1.1793338477366244
plasma,516,boneseg_ftclicks,points_bg,2,2,0.568361350809015,0.04975643702157272,5.204475308641976
plasma,516,boneseg_ftclicks,boxes,2,2,0.5021915828449963,0.0,-5.868634259259259
plasma,518,boneseg_learned,none,0,2,0.7209786857437864,0.10279713218216702,5.381558641975308
plasma,518,boneseg_ftlayer,none,0,2,0.771946902868103,0.16223776223776223,4.167888374485597
plasma,518,boneseg_ftlearned,none,0,2,0.774294535380065,0.19569772314569073,4.265689300411522
plasma,518,boneseg_ftclicks,points_bg,0,2,0.768800661209695,0.11767279090113736,3.3110853909465012
plasma,518,boneseg_ftclicks,boxes,0,2,0.9557525791506934,0.2994806693594922,-0.7966177983539089
plasma,518,boneseg_ftclicks,points_bg,1,2,0.7490521754829391,0.028956131460836834,1.7012602880658436
plasma,518,boneseg_ftclicks,boxes,1,2,0.9532952606986576,0.2706738131699847,-0.8435570987654323
plasma,518,boneseg_ftclicks,points_bg,2,2,0.7694963712886478,0.10622443015780246,3.255979938271604
plasma,518,boneseg_ftclicks,boxes,2,2,0.9665518966138957,0.42447817836812146,-0.40624999999999967
plasma,9276,boneseg_learned,none,0,2,0.5330069152675375,0.06272949816401469,5.697788065843621
plasma,9276,boneseg_ftlayer,none,0,2,0.836613681636825,0.2853252647503782,1.0367155349794246
plasma,9276,boneseg_ftlearned,none,0,2,0.7818506952785118,0.18074255405956752,2.01073816872428
plasma,9276,boneseg_ftclicks,points_bg,0,2,0.7770992699773642,0.0,-1.2005529835390945
plasma,9276,boneseg_ftclicks,boxes,0,2,0.902619534521375,0.021001050052502624,-0.7907664609053497
plasma,9276,boneseg_ftclicks,points_bg,1,2,0.7883572928444517,0.001309328968903437,-0.08288323045267457
plasma,9276,boneseg_ftclicks,boxes,1,2,0.9505840430270515,0.2243150684931507,-0.3631044238683122
plasma,9276,boneseg_ftclicks,points_bg,2,2,0.7845552677300183,0.0032175032175032173,0.21662808641975326
plasma,9276,boneseg_ftclicks,boxes,2,2,0.9496415215054118,0.2632113821138211,-0.28620113168724215
plasma,9281,boneseg_learned,none,0,2,0.7100697790018667,0.05769688884653866,-5.2804140946502045
plasma,9281,boneseg_ftlayer,none,0,2,0.7282067280857575,0.14765432098765433,-9.751286008230453
plasma,9281,boneseg_ftlearned,none,0,2,0.7373032094353401,0.1392848930788687,-7.301054526748974
plasma,9281,boneseg_ftclicks,points_bg,0,2,0.5870642410446664,0.004940643656076306,-17.4667566872428
plasma,9281,boneseg_ftclicks,boxes,0,2,0.3639320051615213,0.0,-27.24311985596708
plasma,9281,boneseg_ftclicks,points_bg,1,2,0.7491343477676436,0.14465014119861938,-8.638695987654321
plasma,9281,boneseg_ftclicks,boxes,1,2,0.28483231324938546,0.0,-29.33217592592593
plasma,9281,boneseg_ftclicks,points_bg,2,2,0.7851373463270537,0.24615580935366554,-3.738747427983541
plasma,9281,boneseg_ftclicks,boxes,2,2,0.4905411595830145,0.008589511754068717,-23.043274176954732
plasma,9286,boneseg_learned,none,0,2,0.30559425555348946,0.05254041570438799,5.14576903292181
plasma,9286,boneseg_ftlayer,none,0,2,0.6133944445727216,0.06799247514109111,4.94753086419753
plasma,9286,boneseg_ftlearned,none,0,2,0.49663297042680177,0.039413467824787524,3.322723765432098
plasma,9286,boneseg_ftclicks,points_bg,0,2,0.5640727668744044,0.12458025520483546,2.0353009259259256
plasma,9286,boneseg_ftclicks,boxes,0,2,0.9330283764354608,0.34256207426939134,0.15579989711934084
plasma,9286,boneseg_ftclicks,points_bg,1,2,0.5695753867119168,0.13232389730085584,2.2979681069958846
plasma,9286,boneseg_ftclicks,boxes,1,2,0.5597973893575982,0.06116121758737317,-5.296489197530865
plasma,9286,boneseg_ftclicks,points_bg,2,2,0.5369023336732858,0.044444444444444446,-0.18158436213991797
plasma,9286,boneseg_ftclicks,boxes,2,2,0.9051091983095473,0.20320067382606866,-1.1876929012345674
plasma,9292,boneseg_learned,none,0,2,0.5598630167199,0.051270685579196215,1.0733667695473263
plasma,9292,boneseg_ftlayer,none,0,2,0.7685427683621489,0.32207168581718404,7.451646090534981
plasma,9292,boneseg_ftlearned,none,0,2,0.7610211578456625,0.25895551257253385,7.897890946502059
plasma,9292,boneseg_ftclicks,points_bg,0,2,0.7668948173348222,0.10867332648678928,2.344585905349794
plasma,9292,boneseg_ftclicks,boxes,0,2,0.7340897697357197,0.06560167605080529,-6.498006687242796
plasma,9292,boneseg_ftclicks,points_bg,1,2,0.6351443746279172,0.02324051743038807,-6.262538580246913
plasma,9292,boneseg_ftclicks,boxes,1,2,0.761668454247343,0.08371128676947,-5.936728395061727
plasma,9292,boneseg_ftclicks,points_bg,2,2,0.7624886696517839,0.09571977147138709,2.0609567901234582
plasma,9292,boneseg_ftclicks,boxes,2,2,0.8074112606798809,0.2167727442905279,-4.791152263374484
plasma,9300,boneseg_learned,none,0,2,0.36913189236562627,0.04921124828532236,11.066936728395062
plasma,9300,boneseg_ftlayer,none,0,2,0.5577572209878653,0.16875653082549635,5.057484567901235
plasma,9300,boneseg_ftlearned,none,0,2,0.46551221147691596,0.09382479655337482,7.785686728395063
plasma,9300,boneseg_ftclicks,points_bg,0,2,0.793041351711872,0.0,-1.1971450617283947
plasma,9300,boneseg_ftclicks,boxes,0,2,0.9417738842320401,0.3506426735218509,0.1600437242798354
plasma,9300,boneseg_ftclicks,points_bg,1,2,0.6393708707678943,0.0,1.4564686213991769
plasma,9300,boneseg_ftclicks,boxes,1,2,0.9129138777331548,0.27014698428788647,0.2232510288065849
plasma,9300,boneseg_ftclicks,points_bg,2,2,0.6375214524433204,0.0,1.5608281893004117
plasma,9300,boneseg_ftclicks,boxes,2,2,0.9082241222906333,0.009659090909090909,-0.31867283950617264
plasma,9317,boneseg_learned,none,0,2,0.3740416864381886,0.02435174746335964,7.645126028806584
plasma,9317,boneseg_ftlayer,none,0,2,0.5126725886549626,0.1775303940237293,10.708140432098768
plasma,9317,boneseg_ftlearned,none,0,2,0.443281096963761,0.14906166219839143,13.985853909465021
plasma,9317,boneseg_ftclicks,points_bg,0,2,0.6036725796637064,0.028740317977986138,4.421424897119341
plasma,9317,boneseg_ftclicks,boxes,0,2,0.8796218171731065,0.020647149460708784,-1.1480195473251027
plasma,9317,boneseg_ftclicks,points_bg,1,2,0.5999514152274081,0.015048443619872192,4.1365740740740735
plasma,9317,boneseg_ftclicks,boxes,1,2,0.8913481209426698,0.10159977547010945,-0.29931841563786005
plasma,9317,boneseg_ftclicks,points_bg,2,2,0.5973326025395086,0.025485198980592042,4.619084362139917
plasma,9317,boneseg_ftclicks,boxes,2,2,0.9082977005327307,0.11107962595636157,-0.4096579218106994
plasma,9321,boneseg_learned,none,0,2,0.18602201030679574,0.0,10.698816872427983
plasma,9321,boneseg_ftlayer,none,0,2,0.0,0.0,4.491319444444445
plasma,9321,boneseg_ftlearned,none,0,2,0.0,0.0,4.588734567901235
plasma,9321,boneseg_ftclicks,points_bg,0,2,0.3995797752375812,0.12229922543823889,-3.990869341563786
plasma,9321,boneseg_ftclicks,boxes,0,2,0.758004185290236,0.1229198184568835,-1.8436856995884772
plasma,9321,boneseg_ftclicks,points_bg,1,2,0.4231543278636351,0.09627679578789018,-3.793016975308642
plasma,9321,boneseg_ftclicks,boxes,1,2,0.7647466259943609,0.11198501872659176,-1.4717721193415634
plasma,9321,boneseg_ftclicks,points_bg,2,2,0.41291718111426956,0.0,-3.944122942386831
plasma,9321,boneseg_ftclicks,boxes,2,2,0.8004739035690862,0.12679597701149425,-1.5444315843621395
plasma,9339,boneseg_learned,none,0,2,0.003643573923283645,0.0,4.081983024691358
plasma,9339,boneseg_ftlayer,none,0,2,0.0,0.0,2.196952160493827
plasma,9339,boneseg_ftlearned,none,0,2,0.0,0.0,3.7058899176954734
plasma,9339,boneseg_ftclicks,points_bg,0,2,0.8992271835132483,0.16515837104072398,-0.2097479423868313
plasma,9339,boneseg_ftclicks,boxes,0,2,0.9309465577353385,0.28374070138150903,0.16486625514403297
plasma,9339,boneseg_ftclicks,points_bg,1,2,0.9002176512062782,0.13439635535307518,-0.20891203703703698
plasma,9339,boneseg_ftclicks,boxes,1,2,0.9148892744157567,0.15441176470588236,0.21386316872427993
plasma,9339,boneseg_ftclicks,points_bg,2,2,0.9219063595243088,0.2508436445444319,-0.15991512345679015
plasma,9339,boneseg_ftclicks,boxes,2,2,0.913992756210784,0.20358649789029537,0.21450617283950615
plasma,9342,boneseg_learned,none,0,2,0.503582768243615,0.044129112739747386,7.958719135802468
plasma,9342,boneseg_ftlayer,none,0,2,0.868353889798367,0.23951781970649896,1.2053755144032925
plasma,9342,boneseg_ftlearned,none,0,2,0.7959167848786028,0.27730030333670375,2.6550282921810693
plasma,9342,boneseg_ftclicks,points_bg,0,2,0.85177984205852,0.07569360675512665,-0.7268518518518521
plasma,9342,boneseg_ftclicks,boxes,0,2,0.879145396988564,0.12515114873035066,-0.4329989711934157
plasma,9342,boneseg_ftclicks,points_bg,1,2,0.8389750389824058,0.059322033898305086,-0.9679783950617283
plasma,9342,boneseg_ftclicks,boxes,1,2,0.9060724198905463,0.40048250904704463,0.8124356995884776
plasma,9342,boneseg_ftclicks,points_bg,2,2,0.8425343751892906,0.06799037304452467,-0.8267746913580245
plasma,9342,boneseg_ftclicks,boxes,2,2,0.913579604578564,0.33708216182442985,0.9164094650205762
plasma,9343,boneseg_learned,none,0,2,0.47537149388903543,0.06425171866737175,5.005979938271605
plasma,9343,boneseg_ftlayer,none,0,2,0.47340139995429154,0.23592740695170716,6.134709362139918
plasma,9343,boneseg_ftlearned,none,0,2,0.494219874027094,0.26540426810940787,5.81738683127572
plasma,9343,boneseg_ftclicks,points_bg,0,2,0.6342371993866178,0.04080791426215993,2.632651748971194
plasma,9343,boneseg_ftclicks,boxes,0,2,0.9861041968788554,0.7906354515050167,-0.02186213991769541
plasma,9343,boneseg_ftclicks,points_bg,1,2,0.6453318273446753,0.006759611322348965,2.2343750000000004
plasma,9343,boneseg_ftclicks,boxes,1,2,0.9707488126414843,0.3556457065584855,-0.168852880658436
plasma,9343,boneseg_ftclicks,points_bg,2,2,0.6365970866496471,0.03760330578512397,2.6001800411522633
plasma,9343,boneseg_ftclicks,boxes,2,2,0.978367369406066,0.5706594885598923,-0.12262088477366234
plasma,9347,boneseg_learned,none,0,2,0.35875674333566576,0.0018191740949608877,2.3211805555555554
plasma,9347,boneseg_ftlayer,none,0,2,0.24965989699737634,0.0,-0.931198559670782
plasma,9347,boneseg_ftlearned,none,0,2,0.00979307292243001,0.0,-1.5762602880658436
plasma,9347,boneseg_ftclicks,points_bg,0,2,0.603513934568115,0.0,-1.7673611111111112
plasma,9347,boneseg_ftclicks,boxes,0,2,0.9757480051453132,0.5096649484536082,-0.07645318930041174
plasma,9347,boneseg_ftclicks,points_bg,1,2,0.6525158326953859,0.01303780964797914,-1.6052597736625516
plasma,9347,boneseg_ftclicks,boxes,1,2,0.9648640586380295,0.36340038935756,-0.189429012345679
plasma,9347,boneseg_ftclicks,points_bg,2,2,0.7029047644568305,0.007864488808227465,-1.4257973251028808
plasma,9347,boneseg_ftclicks,boxes,2,2,0.7913873806403295,0.043478260869565216,-1.0734953703703705
plasma,9353,boneseg_learned,none,0,2,0.8269090149378461,0.12168450442066077,0.9697788065843621
plasma,9353,boneseg_ftlayer,none,0,2,0.827502066900543,0.2540084388185654,1.8159079218107
plasma,9353,boneseg_ftlearned,none,0,2,0.8274869724218235,0.26956521739130435,1.951067386831276
plasma,9353,boneseg_ftclicks,points_bg,0,2,0.8632212837936025,0.034688156972669935,-1.5102237654320985
plasma,9353,boneseg_ftclicks,boxes,0,2,0.9258454991494413,0.07545839210155147,-0.8168081275720156
plasma,9353,boneseg_ftclicks,points_bg,1,2,0.8159130619211619,0.061004784688995214,0.16087962962963026
plasma,9353,boneseg_ftclicks,boxes,1,2,0.9637262128463607,0.41187115454216433,-0.18505658436213934
plasma,9353,boneseg_ftclicks,points_bg,2,2,0.8255755535413699,0.04878048780487805,-0.15747170781892916
plasma,9353,boneseg_ftclicks,boxes,2,2,0.9605440894669054,0.3624185372918175,-0.2910236625514401
plasma,9357,boneseg_learned,none,0,2,0.17295250247425548,0.008414585281154,8.998585390946502
plasma,9357,boneseg_ftlayer,none,0,2,0.26475209497206703,0.09759784982361834,9.481738683127574
plasma,9357,boneseg_ftlearned,none,0,2,0.2567245751427127,0.09354082998661312,9.935378086419753
plasma,9357,boneseg_ftclicks,points_bg,0,2,0.26106131132394106,0.12585571353343866,9.838927469135804
plasma,9357,boneseg_ftclicks,boxes,0,2,0.6995005920815528,0.048216976393771975,-0.47948816872427946
plasma,9357,boneseg_ftclicks,points_bg,1,2,0.23256212158571,0.038745098039215685,12.05221193415638
plasma,9357,boneseg_ftclicks,boxes,1,2,0.7104817286171481,0.02231237322515213,-0.5760030864197528
plasma,9357,boneseg_ftclicks,points_bg,2,2,0.2581850469879951,0.03611179816967598,18.332175925925924
plasma,9357,boneseg_ftclicks,boxes,2,2,0.7274073597115354,0.2645895153313551,-0.7323173868312753
plasma,9367,boneseg_learned,none,0,2,0.351870660865131,0.0,6.245306069958848
plasma,9367,boneseg_ftlayer,none,0,2,0.5358394247394952,0.11187277214148615,4.918595679012347
plasma,9367,boneseg_ftlearned,none,0,2,0.539638495870581,0.1580349215744303,5.599858539094651
plasma,9367,boneseg_ftclicks,points_bg,0,2,0.48578156131135664,0.0,-3.1033307613168724
plasma,9367,boneseg_ftclicks,boxes,0,2,0.9352441381322247,0.24852652259332023,-0.3218235596707822
plasma,9367,boneseg_ftclicks,points_bg,1,2,0.5456056730992792,0.008142812402129659,1.9238683127572023
plasma,9367,boneseg_ftclicks,boxes,1,2,0.9219575638214856,0.2381899552461462,-0.486432613168724
plasma,9367,boneseg_ftclicks,points_bg,2,2,0.5730223892722133,0.05469930492595951,2.7341820987654315
plasma,9367,boneseg_ftclicks,boxes,2,2,0.9200256013336509,0.23643603782976605,-0.49845679012345684
plasma,9373,boneseg_learned,none,0,2,0.25360713009189334,0.0181190681622088,10.775270061728397
plasma,9373,boneseg_ftlayer,none,0,2,0.5222709768712586,0.17920148560817084,13.063593106995885
plasma,9373,boneseg_ftlearned,none,0,2,0.5025419215312859,0.1425740705793546,14.764017489711934
plasma,9373,boneseg_ftclicks,points_bg,0,2,0.5243074105166756,0.0,1.4266975308641987
plasma,9373,boneseg_ftclicks,boxes,0,2,0.893940055664299,0.17608247422680412,-0.9137731481481476
plasma,9373,boneseg_ftclicks,points_bg,1,2,0.4624784224355649,0.0,-1.985596707818929
plasma,9373,boneseg_ftclicks,boxes,1,2,0.8834012803510323,0.11784872509106492,-1.3998199588477354
plasma,9373,boneseg_ftclicks,points_bg,2,2,0.5494563917169515,0.011175440958664332,4.66132973251029
plasma,9373,boneseg_ftclicks,boxes,2,2,0.9110629748226282,0.24534546959040132,-0.7231224279835385
plasma,9387,boneseg_learned,none,0,2,0.826451908778854,0.22293284604842395,1.526234567901235
plasma,9387,boneseg_ftlayer,none,0,2,0.9687839099603806,0.35603892386949054,-0.08339763374485554
plasma,9387,boneseg_ftlearned,none,0,2,0.9718748145196164,0.34077892325315007,-0.14409722222222185
plasma,9387,boneseg_ftclicks,points_bg,0,2,0.9355624230724956,0.08736717827626919,-0.4659850823045264
plasma,9387,boneseg_ftclicks,boxes,0,2,0.9815715809117569,0.6087205966724039,-0.009387860082304272
plasma,9387,boneseg_ftclicks,points_bg,1,2,0.9323242820724634,0.07974010632014177,-0.48849022633744854
plasma,9387,boneseg_ftclicks,boxes,1,2,0.9819112004385163,0.6142857142857143,0.014660493827160781
plasma,9387,boneseg_ftclicks,points_bg,2,2,0.9275108858590906,0.06394316163410302,-0.5212191358024691
plasma,9387,boneseg_ftclicks,boxes,2,2,0.9814588172607005,0.6112385321100917,-0.004308127572016235
plasma,9396,boneseg_learned,none,0,2,0.6795776530339481,0.08447830227179975,3.1806841563786006
plasma,9396,boneseg_ftlayer,none,0,2,0.6981132634234896,0.20980757293606456,5.649369855967079
plasma,9396,boneseg_ftlearned,none,0,2,0.7021948286229706,0.2588273936606996,6.178626543209875
plasma,9396,boneseg_ftclicks,points_bg,0,2,0.7753986140657582,0.006336633663366337,-0.7991898148148144
plasma,9396,boneseg_ftclicks,boxes,0,2,0.9671814434258291,0.5362215909090909,-0.3870241769547325
plasma,9396,boneseg_ftclicks,points_bg,1,2,0.7837516973236082,0.09971761383692199,1.2685185185185188
plasma,9396,boneseg_ftclicks,boxes,1,2,0.9703307392996109,0.5575599335390458,-0.19894547325102901
plasma,9396,boneseg_ftclicks,points_bg,2,2,0.7779110546736221,0.19786280592899,2.216628086419753
plasma,9396,boneseg_ftclicks,boxes,2,2,0.9522136772510005,0.39865022108447756,-0.6871784979423867
plasma,9397,boneseg_learned,none,0,2,0.6376015893082897,0.12785299806576403,0.47511574074074053
plasma,9397,boneseg_ftlayer,none,0,2,0.7045137518094486,0.23474903474903475,0.2294881687242803
plasma,9397,boneseg_ftlearned,none,0,2,0.693302248773617,0.24391267842149456,1.2528292181069962
plasma,9397,boneseg_ftclicks,points_bg,0,2,0.6582221484939688,0.018302094818081587,4.293724279835391
plasma,9397,boneseg_ftclicks,boxes,0,2,0.8434493683112467,0.05123927550047665,1.3283179012345685
plasma,9397,boneseg_ftclicks,points_bg,1,2,0.6536295536391712,0.022282503390815733,6.065522119341564
plasma,9397,boneseg_ftclicks,boxes,1,2,0.8365793873009035,0.03188334157192289,0.5529835390946508
plasma,9397,boneseg_ftclicks,points_bg,2,2,0.6550986011648663,0.02612966601178782,6.097479423868313
plasma,9397,boneseg_ftclicks,boxes,2,2,0.85151275644204,0.027522935779816515,1.1120756172839517
plasma,9398,boneseg_learned,none,0,2,0.414754005931372,0.05159925124114918,13.28170010288066
plasma,9398,boneseg_ftlayer,none,0,2,0.5156329766227762,0.12194587487673934,11.472993827160494
plasma,9398,boneseg_ftlearned,none,0,2,0.4730960735756101,0.08446362515413071,14.162808641975309
plasma,9398,boneseg_ftclicks,points_bg,0,2,0.7204527458195538,0.0,-1.424768518518519
plasma,9398,boneseg_ftclicks,boxes,0,2,0.8478642623301699,0.0,-2.0109953703703707
plasma,9398,boneseg_ftclicks,points_bg,1,2,0.7129196568896632,0.0,-1.6463477366255148
plasma,9398,boneseg_ftclicks,boxes,1,2,0.8423794837706929,0.0,-2.073623971193416
plasma,9398,boneseg_ftclicks,points_bg,2,2,0.6411700515621201,0.0,-2.796360596707819
plasma,9398,boneseg_ftclicks,boxes,2,2,0.8790860344819427,0.006891459512675363,-1.6428112139917697
plasma,9402,boneseg_learned,none,0,2,0.5170082726262502,0.04811045477190236,-0.6954732510288053
plasma,9402,boneseg_ftlayer,none,0,2,0.7708943213185843,0.21827583283885735,4.780028292181071
plasma,9402,boneseg_ftlearned,none,0,2,0.7526204343812644,0.17747301793394465,5.457883230452676
plasma,9402,boneseg_ftclicks,points_bg,0,2,0.7948621933999268,0.2595064724919094,0.8786651234567899
plasma,9402,boneseg_ftclicks,boxes,0,2,0.7758875332177325,0.2074652777777778,-5.3474151234567895
plasma,9402,boneseg_ftclicks,points_bg,1,2,0.7728722912363983,0.2667445482866044,3.516975308641976
plasma,9402,boneseg_ftclicks,boxes,1,2,0.7906346049538963,0.23184152604548788,-4.963348765432099
plasma,9402,boneseg_ftclicks,points_bg,2,2,0.7889420761078998,0.24891595165605684,4.314300411522634
plasma,9402,boneseg_ftclicks,boxes,2,2,0.6331337607365936,0.03332000533120085,-8.014017489711932
plasma,9407,boneseg_learned,none,0,2,0.4059648114785569,0.02791339418382509,9.017168209876543
plasma,9407,boneseg_ftlayer,none,0,2,0.5534933936558531,0.13342657342657344,10.08256172839506
plasma,9407,boneseg_ftlearned,none,0,2,0.5254593660051418,0.14519731943410275,12.255336934156379
plasma,9407,boneseg_ftclicks,points_bg,0,2,0.6575929610631424,0.0527340293753318,2.6806198559670773
plasma,9407,boneseg_ftclicks,boxes,0,2,0.6390045223448779,0.0,-3.4857896090534983
plasma,9407,boneseg_ftclicks,points_bg,1,2,0.6031395912140921,0.0,-2.4548611111111116
plasma,9407,boneseg_ftclicks,boxes,1,2,0.8923961221282382,0.18036478270659762,-0.3665123456790126
plasma,9407,boneseg_ftclicks,points_bg,2,2,0.6058699098849413,0.0033308660251665434,0.8447145061728389
plasma,9407,boneseg_ftclicks,boxes,2,2,0.7689421866458023,0.011175785797438883,-2.111175411522634
plasma,9421,boneseg_learned,none,0,2,0.5280177826532527,0.10572903860339317,5.092013888888889
plasma,9421,boneseg_ftlayer,none,0,2,0.8484217924248793,0.22526277636824937,1.4822530864197534
plasma,9421,boneseg_ftlearned,none,0,2,0.8447891308191325,0.14968152866242038,1.7298096707818926
plasma,9421,boneseg_ftclicks,points_bg,0,2,0.830897151150204,0.05645496056454961,-1.143261316872428
plasma,9421,boneseg_ftclicks,boxes,0,2,0.9284399688771846,0.26563164610803913,0.007330246913579697
plasma,9421,boneseg_ftclicks,points_bg,1,2,0.8475945477190981,0.10998761865456046,-0.6100180041152259
plasma,9421,boneseg_ftclicks,boxes,1,2,0.9153220963286224,0.2546771273385637,0.4843749999999994
plasma,9421,boneseg_ftclicks,points_bg,2,2,0.7501820630144139,0.0,-3.1431970164609053
plasma,9421,boneseg_ftclicks,boxes,2,2,0.9202616111092708,0.2651546391752577,0.2885159465020576
plasma,9442,boneseg_learned,none,0,2,0.15690197441483905,0.011675542810323639,11.505979938271604
plasma,9442,boneseg_ftlayer,none,0,2,0.004963439543842607,0.012620784855058175,8.0801183127572
plasma,9442,boneseg_ftlearned,none,0,2,0.07851035817640793,0.00955478755844684,9.215213477366255
plasma,9442,boneseg_ftclicks,points_bg,0,2,0.8320638665093993,0.05545286506469501,-1.5993441358024691
plasma,9442,boneseg_ftclicks,boxes,0,2,0.00992071815092915,0.06643757159221077,-5.117026748971194
plasma,9442,boneseg_ftclicks,points_bg,1,2,0.6308381317978247,0.07336683417085427,-3.0073302469135803
plasma,9442,boneseg_ftclicks,boxes,1,2,0.01929176273951086,0.022589531680440773,-4.8623328189300405
plasma,9442,boneseg_ftclicks,points_bg,2,2,0.8382979853650114,0.04096385542168675,-1.56494341563786
plasma,9442,boneseg_ftclicks,boxes,2,2,0.13040662919134,0.019801980198019802,-4.396669238683128
plasma,9453,boneseg_learned,none,0,2,0.36326630110754426,0.028334866605335785,6.726787551440331
plasma,9453,boneseg_ftlayer,none,0,2,0.588944389811854,0.13018134715025906,4.5803755144032925
plasma,9453,boneseg_ftlearned,none,0,2,0.5867862211163365,0.13002903359601825,5.041795267489713
plasma,9453,boneseg_ftclicks,points_bg,0,2,0.5951086311290514,0.05223759153783564,1.0816615226337452
plasma,9453,boneseg_ftclicks,boxes,0,2,0.7941215230155747,0.10881919595874552,-1.9923482510288062
plasma,9453,boneseg_ftclicks,points_bg,1,2,0.5771648343893501,0.0,-2.4100437242798347
plasma,9453,boneseg_ftclicks,boxes,1,2,0.696434389340166,0.009295499021526418,-3.522183641975308
plasma,9453,boneseg_ftclicks,points_bg,2,2,0.6236655391080665,0.008322299981085681,-1.518132716049382
plasma,9453,boneseg_ftclicks,boxes,2,2,0.8406257489391498,0.20644748078565328,-1.4832175925925921
plasma,9464,boneseg_learned,none,0,2,0.9598209795836267,0.35318924617817604,-0.15342078189300445
plasma,9464,boneseg_ftlayer,none,0,2,0.9806925376116694,0.5791990436341901,-0.10243055555555561
plasma,9464,boneseg_ftlearned,none,0,2,0.9770542817228947,0.47878787878787876,-0.13882458847736673
plasma,9464,boneseg_ftclicks,points_bg,0,2,0.9502294448469792,0.006157635467980296,-0.37101337448559657
plasma,9464,boneseg_ftclicks,boxes,0,2,0.982445971681709,0.6143633071816536,-0.0599279835390952
plasma,9464,boneseg_ftclicks,points_bg,1,2,0.9508900478427654,0.016,-0.3663194444444448
plasma,9464,boneseg_ftclicks,boxes,1,2,0.9817565892753862,0.5807228915662651,-0.043209876543209846
plasma,9464,boneseg_ftclicks,points_bg,2,2,0.9477788729228268,0.006169031462060457,-0.38837448559670834
plasma,9464,boneseg_ftclicks,boxes,2,2,0.982454684972417,0.6019300361881785,-0.07439557613168751
plasma,9504,boneseg_learned,none,0,2,0.37512826224288215,0.0,-4.349729938271605
plasma,9504,boneseg_ftlayer,none,0,2,0.699277373235059,0.1116253743533896,1.2121913580246904
plasma,9504,boneseg_ftlearned,none,0,2,0.648636929072613,0.08861952861952863,1.767168209876542
plasma,9504,boneseg_ftclicks,points_bg,0,2,0.6994017793454145,0.22863340563991325,7.428112139917696
plasma,9504,boneseg_ftclicks,boxes,0,2,0.8724587762535384,0.20500359971202303,-2.469007201646091
plasma,9504,boneseg_ftclicks,points_bg,1,2,0.682238836967809,0.22680948419301164,9.002057613168725
plasma,9504,boneseg_ftclicks,boxes,1,2,0.926720065214572,0.4144416456759026,-1.1346450617283954
plasma,9504,boneseg_ftclicks,points_bg,2,2,0.6928493660660977,0.24898851831601967,7.334619341563784
plasma,9504,boneseg_ftclicks,boxes,2,2,0.9463869743402177,0.39385610347615196,-0.5107381687242798
plasma,9511,boneseg_learned,none,0,2,0.38982543640897754,0.12101994979521734,11.187178497942387
plasma,9511,boneseg_ftlayer,none,0,2,0.5666965829739729,0.20860341779611077,5.891396604938272
plasma,9511,boneseg_ftlearned,none,0,2,0.5871108485206563,0.26314621699578433,5.352237654320987
plasma,9511,boneseg_ftclicks,points_bg,0,2,0.7252459762270375,0.049560117302052786,1.379565329218107
plasma,9511,boneseg_ftclicks,boxes,0,2,0.9584129081917929,0.46566450290399725,0.059092078189300346
plasma,9511,boneseg_ftclicks,points_bg,1,2,0.6984261133228061,0.0,-0.12236368312757151
plasma,9511,boneseg_ftclicks,boxes,1,2,0.9617222736640879,0.4190064794816415,-0.18492798353909462
plasma,9511,boneseg_ftclicks,points_bg,2,2,0.6479741750589675,0.0,-0.8083204732510285
plasma,9511,boneseg_ftclicks,boxes,2,2,0.9590543834833117,0.3851047904191617,-0.2497427983539094
plasma,9512,boneseg_learned,none,0,2,0.5679292705284011,0.12844175491679274,7.655992798353909
plasma,9512,boneseg_ftlayer,none,0,2,0.6284232140927267,0.18515457100347166,6.734246399176954
plasma,9512,boneseg_ftlearned,none,0,2,0.6369528544792684,0.1481089258698941,6.912487139917695
plasma,9512,boneseg_ftclicks,points_bg,0,2,0.6577916699811426,0.030728284539075734,-0.34818672839506265
plasma,9512,boneseg_ftclicks,boxes,0,2,0.8810843200007432,0.22234687009199014,-0.24672067901234662
plasma,9512,boneseg_ftclicks,points_bg,1,2,0.6749075753906054,0.038397328881469114,-0.019097222222222432
plasma,9512,boneseg_ftclicks,boxes,1,2,0.816800846936012,0.0896663577386469,-1.0313143004115233
plasma,9512,boneseg_ftclicks,points_bg,2,2,0.6270577290309944,0.014833127317676144,-0.9576903292181076
plasma,9512,boneseg_ftclicks,boxes,2,2,0.8476329297215126,0.13142201834862385,-0.7234439300411524
plasma,9528,boneseg_learned,none,0,2,0.725428676115143,0.08698620783831763,1.419945987654321
plasma,9528,boneseg_ftlayer,none,0,2,0.7871189885706051,0.14389711235137104,-2.50707304526749
plasma,9528,boneseg_ftlearned,none,0,2,0.8045275340200941,0.14245679588977114,-2.273276748971194
plasma,9528,boneseg_ftclicks,points_bg,0,2,0.9253700813898631,0.20827617741197987,0.02655606995884824
plasma,9528,boneseg_ftclicks,boxes,0,2,0.8531876911112289,0.1785243741765481,-1.2738554526748977
plasma,9528,boneseg_ftclicks,points_bg,1,2,0.9289157184134141,0.2015625,-0.01350308641975273
plasma,9528,boneseg_ftclicks,boxes,1,2,0.8085215434155255,0.17827508171988937,-2.150784465020576
plasma,9528,boneseg_ftclicks,points_bg,2,2,0.9471603174653789,0.3247723558253561,0.7017103909465014
plasma,9528,boneseg_ftclicks,boxes,2,2,0.8196489938436093,0.17067938021454113,-1.9689429012345674
plasma,9581,boneseg_learned,none,0,2,0.3553171220857358,0.06530714375078193,8.940136316872426
plasma,9581,boneseg_ftlayer,none,0,2,0.5321715676461601,0.10086407444333666,8.011895576131685
plasma,9581,boneseg_ftlearned,none,0,2,0.5202335195946197,0.11824531307437813,8.724472736625513
plasma,9581,boneseg_ftclicks,points_bg,0,2,0.599544238031626,0.024362986142154673,3.613876028806584
plasma,9581,boneseg_ftclicks,boxes,0,2,0.895357551847566,0.18184733803720335,0.4275334362139914
plasma,9581,boneseg_ftclicks,points_bg,1,2,0.6104542685248648,0.023994515539305303,3.212319958847737
plasma,9581,boneseg_ftclicks,boxes,1,2,0.880954839005701,0.27081398947694213,0.9140946502057614
plasma,9581,boneseg_ftclicks,points_bg,2,2,0.6063752918071664,0.026989935956084173,3.585262345679012
plasma,9581,boneseg_ftclicks,boxes,2,2,0.9005425596047235,0.23347307320219285,0.5825617283950618
plasma,9590,boneseg_learned,none,0,2,0.4933298930035085,0.11436672967863894,5.435635288065843
plasma,9590,boneseg_ftlayer,none,0,2,0.6783549846314446,0.1969500791253057,3.9867541152263373
plasma,9590,boneseg_ftlearned,none,0,2,0.6526725773251355,0.14962593516209477,5.364583333333332
plasma,9590,boneseg_ftclicks,points_bg,0,2,0.7558323420334476,0.09529001308329699,0.030799897119340724
plasma,9590,boneseg_ftclicks,boxes,0,2,0.8420159529625386,0.07262125629472568,-1.8545524691358026
plasma,9590,boneseg_ftclicks,points_bg,1,2,0.7474069253825525,0.05922605002359604,-0.7097479423868319
plasma,9590,boneseg_ftclicks,boxes,1,2,0.857494571448195,0.1064968152866242,-1.5823688271604943
plasma,9590,boneseg_ftclicks,points_bg,2,2,0.7531395749980959,0.11667356226727348,0.5988297325102878
plasma,9590,boneseg_ftclicks,boxes,2,2,0.8918979762902647,0.3211797491871807,-0.3286394032921816
plasma,9600,boneseg_learned,none,0,2,0.36380466131421,0.015734851021091397,1.9597479423868316
plasma,9600,boneseg_ftlayer,none,0,2,0.763637920291475,0.21212121212121213,2.2797710905349793
plasma,9600,boneseg_ftlearned,none,0,2,0.7487202188931954,0.18443926224295104,2.4148019547325097
plasma,9600,boneseg_ftclicks,points_bg,0,2,0.8887306481864132,0.00693721817551162,-1.1253215020576135
plasma,9600,boneseg_ftclicks,boxes,0,2,0.9359333171087856,0.17947826086956523,-0.6703960905349797
plasma,9600,boneseg_ftclicks,points_bg,1,2,0.9038836595323053,0.04196519959058342,-0.985275205761317
plasma,9600,boneseg_ftclicks,boxes,1,2,0.9304755263576419,0.13498430415068016,-0.7268518518518521
plasma,9600,boneseg_ftclicks,points_bg,2,2,0.8701396924310103,0.000693000693000693,-1.2917309670781898
plasma,9600,boneseg_ftclicks,boxes,2,2,0.9305011178301013,0.393587786259542,0.06436471193415616
plasma,9601,boneseg_learned,none,0,2,0.32418639184453324,0.0006946856547412296,1.4353780864197543
plasma,9601,boneseg_ftlayer,none,0,2,0.6334180734046719,0.08223578541599744,4.464699074074073
plasma,9601,boneseg_ftlearned,none,0,2,0.609943349886162,0.05698313948246326,4.75437242798354
plasma,9601,boneseg_ftclicks,points_bg,0,2,0.6407661593141446,0.03778790786948177,2.003536522633746
plasma,9601,boneseg_ftclicks,boxes,0,2,0.8266571263649045,0.07191577698695137,-2.551697530864197
plasma,9601,boneseg_ftclicks,points_bg,1,2,0.6445825468856673,0.038649109973177276,1.6787551440329216
plasma,9601,boneseg_ftclicks,boxes,1,2,0.7552206324200542,0.018173625713427455,-4.143711419753086
plasma,9601,boneseg_ftclicks,points_bg,2,2,0.651384620551833,0.05433135128832925,2.862718621399178
plasma,9601,boneseg_ftclicks,boxes,2,2,0.8883583240705034,0.2902504472271914,-1.2631172839506168
plasma,9605,boneseg_learned,none,0,2,0.12997304706397292,0.012187367528613819,17.735982510288064
plasma,9605,boneseg_ftlayer,none,0,2,0.27525833635772656,0.08986218614309986,11.528870884773664
plasma,9605,boneseg_ftlearned,none,0,2,0.2607277727211108,0.06599788806758183,12.007651748971195
plasma,9605,boneseg_ftclicks,points_bg,0,2,0.4300511440925913,0.020255531318167652,3.8674768518518516
plasma,9605,boneseg_ftclicks,boxes,0,2,0.9489750070204999,0.30710659898477155,-0.014274691358024533
plasma,9605,boneseg_ftclicks,points_bg,1,2,0.4234232519179882,0.0,-1.216113683127572
plasma,9605,boneseg_ftclicks,boxes,1,2,0.9466117663479656,0.3220125786163522,0.013052983539094815
plasma,9605,boneseg_ftclicks,points_bg,2,2,0.4105044726732285,0.031647533354017994,4.578317901234569
plasma,9605,boneseg_ftclicks,boxes,2,2,0.954097684962561,0.4306431273644388,0.08635545267489733
plasma,9625,boneseg_learned,none,0,2,0.4068624185855239,0.022833675564681726,0.006494341563785533
plasma,9625,boneseg_ftlayer,none,0,2,0.6898657042017043,0.19736445025651342,5.185892489711934
plasma,9625,boneseg_ftlearned,none,0,2,0.6386850375495594,0.1772832735709766,7.839248971193415
plasma,9625,boneseg_ftclicks,points_bg,0,2,0.6852124320186236,0.08577646908206375,0.39756944444444414
plasma,9625,boneseg_ftclicks,boxes,0,2,0.8737099410468369,0.32884837962962965,-0.2842721193415637
plasma,9625,boneseg_ftclicks,points_bg,1,2,0.6737684108841053,0.061383061383061384,-0.363876028806584
plasma,9625,boneseg_ftclicks,boxes,1,2,0.8730668934594868,0.3123671908202295,-1.6318158436213994
plasma,9625,boneseg_ftclicks,points_bg,2,2,0.6915304339029914,0.09155736661148606,0.687114197530865
plasma,9625,boneseg_ftclicks,boxes,2,2,0.8197885562101526,0.10747320510938188,-3.0745884773662553
plasma,9626,boneseg_learned,none,0,2,0.6576645209888379,0.11147337369973606,-2.0015432098765427
plasma,9626,boneseg_ftlayer,none,0,2,0.9142336492476147,0.2633276010318143,-0.864326131687243
plasma,9626,boneseg_ftlearned,none,0,2,0.9026319292722845,0.2735573411249087,-0.6027520576131693
plasma,9626,boneseg_ftclicks,points_bg,0,2,0.8972813170251,0.2508559689568592,-1.4957561728395061
plasma,9626,boneseg_ftclicks,boxes,0,2,0.9282747272059176,0.3726608854404382,-0.9261831275720167
plasma,9626,boneseg_ftclicks,points_bg,1,2,0.8456105472428587,0.11200737497119152,-2.276748971193415
plasma,9626,boneseg_ftclicks,boxes,1,2,0.9153972250582689,0.3394035966310039,-1.2173996913580245
plasma,9626,boneseg_ftclicks,points_bg,2,2,0.8950434295901656,0.24345251651104532,-1.516268004115226
plasma,9626,boneseg_ftclicks,boxes,2,2,0.9263880599406362,0.36982857142857145,-0.9728009259259263
plasma,9629,boneseg_learned,none,0,2,0.611292829399737,0.011650485436893204,-2.3256815843621395
plasma,9629,boneseg_ftlayer,none,0,2,0.9076027334643689,0.2547554347826087,-0.7937242798353907
plasma,9629,boneseg_ftlearned,none,0,2,0.9015551026130469,0.2706766917293233,0.5486111111111123
plasma,9629,boneseg_ftclicks,points_bg,0,2,0.9059141381153138,0.1446238905863524,-1.6432613168724268
plasma,9629,boneseg_ftclicks,boxes,0,2,0.9490514364279458,0.37276242302735213,-0.1041666666666663
plasma,9629,boneseg_ftclicks,points_bg,1,2,0.913559625365388,0.1467737049378976,-1.7435699588477362
plasma,9629,boneseg_ftclicks,boxes,1,2,0.9333189456554073,0.2648737980769231,-1.2532150205761317
plasma,9629,boneseg_ftclicks,points_bg,2,2,0.9093587257576347,0.14726233453670276,-1.7800282921810697
plasma,9629,boneseg_ftclicks,boxes,2,2,0.9475893935002406,0.36372876433860896,-0.45068158436213923
plasma,9630,boneseg_learned,none,0,2,0.44308250433838703,0.04112774306060166,1.9944058641975322
plasma,9630,boneseg_ftlayer,none,0,2,0.6907446293005977,0.1843680709534368,6.735275205761318
plasma,9630,boneseg_ftlearned,none,0,2,0.7183190298664064,0.1552520389112705,10.59792952674897
plasma,9630,boneseg_ftclicks,points_bg,0,2,0.5081407853742627,0.0026251025430680886,-10.498971193415636
plasma,9630,boneseg_ftclicks,boxes,0,2,0.5749499326137065,0.04328301165679343,-12.395190329218106
plasma,9630,boneseg_ftclicks,points_bg,1,2,0.24654282740221883,0.0,-17.01896862139918
plasma,9630,boneseg_ftclicks,boxes,1,2,0.5351898385004289,0.032746311280342694,-13.188143004115227
plasma,9630,boneseg_ftclicks,points_bg,2,2,0.721559992198343,0.12990130701520405,2.470036008230453
plasma,9630,boneseg_ftclicks,boxes,2,2,0.4796929273270351,0.00882825040128411,-14.480066872427983
plasma,9686,boneseg_learned,none,0,2,0.47097268016957133,0.07704112952731737,17.298996913580247
plasma,9686,boneseg_ftlayer,none,0,2,0.713996249679604,0.19454545454545455,6.184477880658437
plasma,9686,boneseg_ftlearned,none,0,2,0.7036935994384775,0.21095052807115064,6.628793724279836
plasma,9686,boneseg_ftclicks,points_bg,0,2,0.822065768759839,0.058376083495489124,-0.0024434156378594363
plasma,9686,boneseg_ftclicks,boxes,0,2,0.9343384946756487,0.27842895332099526,-0.09407150205761328
plasma,9686,boneseg_ftclicks,points_bg,1,2,0.8337999319725349,0.059576023391812866,-0.4446373456790123
plasma,9686,boneseg_ftclicks,boxes,1,2,0.9211318300742556,0.14276910435497125,-0.6405606995884772
plasma,9686,boneseg_ftclicks,points_bg,2,2,0.8448793215916504,0.023482498892334957,-2.3687628600823047
plasma,9686,boneseg_ftclicks,boxes,2,2,0.9311276064008356,0.2175627984222545,-0.40920781893004077
plasma,9692,boneseg_learned,none,0,2,0.3980454057129215,0.0867635189669088,13.07105195473251
plasma,9692,boneseg_ftlayer,none,0,2,0.47528784742333374,0.10256926952141059,12.50996656378601
plasma,9692,boneseg_ftlearned,none,0,2,0.4470120216884633,0.07901836219650162,14.29372427983539
plasma,9692,boneseg_ftclicks,points_bg,0,2,0.598313186341389,0.02009150586831112,1.2325102880658432
plasma,9692,boneseg_ftclicks,boxes,0,2,0.8896069936306433,0.15067130780706117,-0.5662937242798358
plasma,9692,boneseg_ftclicks,points_bg,1,2,0.6108589774597258,0.027738974256635403,1.3123070987654313
plasma,9692,boneseg_ftclicks,boxes,1,2,0.9034948974064525,0.23167375531648737,-0.3759002057613169
plasma,9692,boneseg_ftclicks,points_bg,2,2,0.6264461688120716,0.0272432844351305,1.964827674897119
plasma,9692,boneseg_ftclicks,boxes,2,2,0.8404777279557758,0.036114911080711354,-1.5918852880658438
plasma,9694,boneseg_learned,none,0,2,0.5936992873774077,0.11989596879063719,1.8000257201646082
plasma,9694,boneseg_ftlayer,none,0,2,0.7595115122845972,0.22784933645589384,5.940264917695473
plasma,9694,boneseg_ftlearned,none,0,2,0.7685916786471311,0.20449990890872655,5.8240740740740735
plasma,9694,boneseg_ftclicks,points_bg,0,2,0.6865617609861824,0.043520205809840284,-0.009259259259258856
plasma,9694,boneseg_ftclicks,boxes,0,2,0.9168497967256345,0.3332485372678708,0.7269804526748969
plasma,9694,boneseg_ftclicks,points_bg,1,2,0.7605282459070059,0.20849962247869702,3.672325102880658
plasma,9694,boneseg_ftclicks,boxes,1,2,0.9120898745841896,0.283153672599649,-0.3587319958847729
plasma,9694,boneseg_ftclicks,points_bg,2,2,0.7514715406202778,0.20024747370591875,3.91287294238683
plasma,9694,boneseg_ftclicks,boxes,2,2,0.9160013675592763,0.3388721047331319,0.4723508230452672
plasma,9706,boneseg_learned,none,0,2,0.4472062634163963,0.02784959739971929,4.976530349794239
plasma,9706,boneseg_ftlayer,none,0,2,0.590908259130352,0.11196630845193145,12.347479423868313
plasma,9706,boneseg_ftlearned,none,0,2,0.5693353252562586,0.12807167797615127,14.439236111111112
plasma,9706,boneseg_ftclicks,points_bg,0,2,0.6477038612347976,0.00046904315196998124,-1.505401234567902
plasma,9706,boneseg_ftclicks,boxes,0,2,0.6583206497988215,0.0,-5.72337962962963
plasma,9706,boneseg_ftclicks,points_bg,1,2,0.6852073797502436,0.10632271117855337,4.195151748971194
plasma,9706,boneseg_ftclicks,boxes,1,2,0.6237939375584831,0.0,-6.230259773662552
plasma,9706,boneseg_ftclicks,points_bg,2,2,0.6588400259212085,0.011705120990433315,0.22903806584362169
plasma,9706,boneseg_ftclicks,boxes,2,2,0.5098106813872434,0.0,-7.496977880658437
plasma,9710,boneseg_learned,none,0,2,0.6589699904752961,0.09934816812766914,-2.5097093621399185
plasma,9710,boneseg_ftlayer,none,0,2,0.8889974544239027,0.30864197530864196,1.0323431069958837
plasma,9710,boneseg_ftlearned,none,0,2,0.8607191371954406,0.2542289776906104,2.446180555555555
plasma,9710,boneseg_ftclicks,points_bg,0,2,0.8926029416761856,0.13555713271823988,-1.8759645061728405
plasma,9710,boneseg_ftclicks,boxes,0,2,0.9348356740170025,0.2889869095048378,-1.3717206790123462
plasma,9710,boneseg_ftclicks,points_bg,1,2,0.9061314134553954,0.19927333705980996,-1.4145447530864206
plasma,9710,boneseg_ftclicks,boxes,1,2,0.9393362679966885,0.3535424250910109,-1.0006430041152272
plasma,9710,boneseg_ftclicks,points_bg,2,2,0.882767138905897,0.10623391478410066,-2.1117541152263386
plasma,9710,boneseg_ftclicks,boxes,2,2,0.9349420176650844,0.31313131313131315,0.2783564814814815
plasma,9714,boneseg_learned,none,0,2,0.40609988003499414,0.009060315816722755,-6.950295781893004
plasma,9714,boneseg_ftlayer,none,0,2,0.5027694494999194,0.10088251963403773,-4.69753086419753
plasma,9714,boneseg_ftlearned,none,0,2,0.49862250113454565,0.07237844576811192,-1.691808127572017
plasma,9714,boneseg_ftclicks,points_bg,0,2,0.5585881523196854,0.05478961504028648,16.39898405349794
plasma,9714,boneseg_ftclicks,boxes,0,2,0.5014240286423707,0.09171058936272161,-12.774884259259261
plasma,9714,boneseg_ftclicks,points_bg,1,2,0.5776873630686867,0.07221020092735703,15.775784465020573
plasma,9714,boneseg_ftclicks,boxes,1,2,0.560589803457267,0.06727037516170763,-10.753022119341564
plasma,9714,boneseg_ftclicks,points_bg,2,2,0.6366926337347211,0.13965671744674985,5.8341049382716035
plasma,9714,boneseg_ftclicks,boxes,2,2,0.5083674335612176,0.09357798165137615,-12.565843621399178
plasma,9719,boneseg_learned,none,0,2,0.17358777988773189,0.023255813953488372,14.69405864197531
plasma,9719,boneseg_ftlayer,none,0,2,0.5446666087793942,0.12193362193362194,6.334876543209876
plasma,9719,boneseg_ftlearned,none,0,2,0.5242045454545454,0.08104698833175654,7.018647119341565
plasma,9719,boneseg_ftclicks,points_bg,0,2,0.6622700303069108,0.05779220779220779,2.0942644032921813
plasma,9719,boneseg_ftclicks,boxes,0,2,0.9154116431277989,0.15280665280665282,-0.6234567901234569
plasma,9719,boneseg_ftclicks,points_bg,1,2,0.6169004057805937,0.07309034509499807,3.591756687242799
plasma,9719,boneseg_ftclicks,boxes,1,2,0.9087331386455292,0.133402995471961,-0.7089763374485594
plasma,9719,boneseg_ftclicks,points_bg,2,2,0.6648508382869868,0.020896343139950507,0.5250128600823044
plasma,9719,boneseg_ftclicks,boxes,2,2,0.912245835018058,0.15442871254527493,-0.574009773662551
plasma,9726,boneseg_learned,none,0,2,0.5695263419288003,0.061484207298374734,8.84278549382716
plasma,9726,boneseg_ftlayer,none,0,2,0.8593517095759248,0.19915201396682877,1.9244470164609062
plasma,9726,boneseg_ftlearned,none,0,2,0.809460116025404,0.15421889813546824,4.385609567901233
plasma,9726,boneseg_ftclicks,points_bg,0,2,0.8338752840309063,0.019743589743589744,-1.1287937242798363
plasma,9726,boneseg_ftclicks,boxes,0,2,0.9258038249081185,0.25306333032374567,0.38477366255144085
plasma,9726,boneseg_ftclicks,points_bg,1,2,0.8240028756087763,0.02251382992409623,-1.4632844650205756
plasma,9726,boneseg_ftclicks,boxes,1,2,0.9128710251655383,0.09291338582677165,-1.127764917695473
plasma,9726,boneseg_ftclicks,points_bg,2,2,0.8131239860784552,0.014578764030447684,-1.840599279835392
plasma,9726,boneseg_ftclicks,boxes,2,2,0.931928722833496,0.2768911379265603,0.41036522633744743
plasma,9727,boneseg_learned,none,0,2,0.46579979157993834,0.06802085765429217,6.061149691358024
plasma,9727,boneseg_ftlayer,none,0,2,0.6106153522944407,0.21297718945751093,8.1386316872428
plasma,9727,boneseg_ftlearned,none,0,2,0.6168737080040958,0.24115633320654242,9.055041152263374
plasma,9727,boneseg_ftclicks,points_bg,0,2,0.5865336936234226,0.1317994247842941,5.510931069958848
plasma,9727,boneseg_ftclicks,boxes,0,2,0.9269882243646794,0.40738916256157637,0.5632073045267485
plasma,9727,boneseg_ftclicks,points_bg,1,2,0.6161191673079421,0.25700396571574774,8.164866255144034
plasma,9727,boneseg_ftclicks,boxes,1,2,0.9223022263295579,0.3603779732811991,0.10178755144032853
plasma,9727,boneseg_ftclicks,points_bg,2,2,0.5956654313711243,0.17384310814154913,6.3211805555555545
plasma,9727,boneseg_ftclicks,boxes,2,2,0.9301822130708262,0.4159262915432708,0.6661522633744852
plasma,9757,boneseg_learned,none,0,2,0.6097773354894888,0.1308016877637131,13.652006172839506
plasma,9757,boneseg_ftlayer,none,0,2,0.8582388439051089,0.25620807343768387,1.740033436213992
plasma,9757,boneseg_ftlearned,none,0,2,0.8236625679766402,0.1940861282000397,3.1700102880658414
plasma,9757,boneseg_ftclicks,points_bg,0,2,0.8836682933093618,0.0804205352266521,-1.5992798353909474
plasma,9757,boneseg_ftclicks,boxes,0,2,0.9374285864038996,0.2490184234370281,-1.0974794238683139
plasma,9757,boneseg_ftclicks,points_bg,1,2,0.8783517355609569,0.051240401653868874,-2.3795653292181083
plasma,9757,boneseg_ftclicks,boxes,1,2,0.9561582392099227,0.37269707037148897,-0.3452932098765446
plasma,9757,boneseg_ftclicks,points_bg,2,2,0.8561617007649008,0.14253759164906177,0.46855709876543195
plasma,9757,boneseg_ftclicks,boxes,2,2,0.9116005968987219,0.12303311853738948,-1.847736625514404
plasma,9773,boneseg_learned,none,0,2,0.579363042965604,0.040892193308550186,-1.582754629629629
plasma,9773,boneseg_ftlayer,none,0,2,0.6261251008711126,0.07720555306762203,-4.538001543209877
plasma,9773,boneseg_ftlearned,none,0,2,0.6812673537578239,0.10754464636928644,-1.2142489711934157
plasma,9773,boneseg_ftclicks,points_bg,0,2,0.6694993008796898,0.11092775944261092,-1.0652006172839512
plasma,9773,boneseg_ftclicks,boxes,0,2,0.5734305844832075,0.0017060687301974165,-13.323302469135804
plasma,9773,boneseg_ftclicks,points_bg,1,2,0.6446270217626157,0.05343017402560046,22.14242541152263
plasma,9773,boneseg_ftclicks,boxes,1,2,0.6381841181034055,0.01856703496981433,-11.28562242798354
plasma,9773,boneseg_ftclicks,points_bg,2,2,0.6524608973785591,0.052621861152141805,-3.2426697530864192
plasma,9773,boneseg_ftclicks,boxes,2,2,0.6982697993644762,0.050525601898948794,-10.010159465020577
plasma,9774,boneseg_learned,none,0,2,0.4951164071330681,0.08354074925011168,18.096000514403293
plasma,9774,boneseg_ftlayer,none,0,2,0.7175396826736006,0.19455852156057496,9.612847222222223
plasma,9774,boneseg_ftlearned,none,0,2,0.682194659568879,0.14520378118704477,12.139531893004119
plasma,9774,boneseg_ftclicks,points_bg,0,2,0.6838386152099327,0.0,-2.3874099794238672
plasma,9774,boneseg_ftclicks,boxes,0,2,0.8723997196877452,0.13751900934173364,-0.8757073045267488
plasma,9774,boneseg_ftclicks,points_bg,1,2,0.7337837285801267,0.12129481509362944,4.560635288065845
plasma,9774,boneseg_ftclicks,boxes,1,2,0.8161944787319501,0.03759398496240601,-2.239454732510286
plasma,9774,boneseg_ftclicks,points_bg,2,2,0.7145465780081343,0.008503767491926804,-0.6054526748971195
plasma,9774,boneseg_ftclicks,boxes,2,2,0.8590620990933847,0.10900631439016284,-1.5289351851851847
plasma,9775,boneseg_learned,none,0,2,0.5899762620110542,0.04171729445119481,-5.4653420781893
plasma,9775,boneseg_ftlayer,none,0,2,0.7927854277904095,0.1590637907296925,-2.8487011316872426
plasma,9775,boneseg_ftlearned,none,0,2,0.822104925335388,0.17315139221832934,-2.1590149176954734
plasma,9775,boneseg_ftclicks,points_bg,0,2,0.8089276814117907,0.16678193854362217,-3.8365483539094662
plasma,9775,boneseg_ftclicks,boxes,0,2,0.7156006633977502,0.11486784140969163,-9.967463991769549
plasma,9775,boneseg_ftclicks,points_bg,1,2,0.8020280300933498,0.01870177031320926,10.584619341563783
plasma,9775,boneseg_ftclicks,boxes,1,2,0.3972947034448497,0.0,-17.161715534979425
plasma,9775,boneseg_ftclicks,points_bg,2,2,0.8109675540637884,0.17503217503217502,-3.6820987654320985
plasma,9775,boneseg_ftclicks,boxes,2,2,0.7612631131758725,0.1894169194472531,-8.099922839506174
plasma,9782,boneseg_learned,none,0,2,0.47907591158438206,0.06309604904632153,11.299511316872426
plasma,9782,boneseg_ftlayer,none,0,2,0.578375304077188,0.11482708635328226,11.275655864197528
plasma,9782,boneseg_ftlearned,none,0,2,0.5724797049421951,0.1299414179620831,15.866705246913579
plasma,9782,boneseg_ftclicks,points_bg,0,2,0.570193678221567,0.059470588235294115,3.5495756172839483
plasma,9782,boneseg_ftclicks,boxes,0,2,0.6476953993046326,0.15642183817753338,-9.475244341563787
plasma,9782,boneseg_ftclicks,points_bg,1,2,0.5213054720105285,0.013108125733663753,-3.753086419753088
plasma,9782,boneseg_ftclicks,boxes,1,2,0.6475187129023514,0.1563231850117096,-9.586355452674898
plasma,9782,boneseg_ftclicks,points_bg,2,2,0.5310456203631594,0.015383701591827037,-0.4944058641975335
plasma,9782,boneseg_ftclicks,boxes,2,2,0.40870385478278604,0.0014693534844668346,-14.49164094650206
plasma,9786,boneseg_learned,none,0,2,0.3359790292822827,0.030360531309297913,6.707818930041151
plasma,9786,boneseg_ftlayer,none,0,2,0.5806636093876449,0.1385999437728423,4.545910493827161
plasma,9786,boneseg_ftlearned,none,0,2,0.5096894055754321,0.0782608695652174,6.610210905349795
plasma,9786,boneseg_ftclicks,points_bg,0,2,0.6914657672672869,0.18086263138818412,2.427083333333333
plasma,9786,boneseg_ftclicks,boxes,0,2,0.8534570691413829,0.048450704225352116,-0.942258230452675
plasma,9786,boneseg_ftclicks,points_bg,1,2,0.6756460797196671,0.00873743993010048,0.26131687242798296
plasma,9786,boneseg_ftclicks,boxes,1,2,0.9322551761697728,0.30074328187535737,-0.4063143004115227
plasma,9786,boneseg_ftclicks,points_bg,2,2,0.7192419532738393,0.2090578245046502,1.6055812757201644
plasma,9786,boneseg_ftclicks,boxes,2,2,0.9248730491497787,0.29914040114613183,-0.4711291152263375
plasma,9789,boneseg_learned,none,0,2,0.18627703859739628,0.04394216806616579,22.458076131687243
plasma,9789,boneseg_ftlayer,none,0,2,0.4179263430446561,0.1186547556489753,15.541602366255141
plasma,9789,boneseg_ftlearned,none,0,2,0.3793136207101294,0.09617097061442564,19.049125514403293
plasma,9789,boneseg_ftclicks,points_bg,0,2,0.43122381524382286,0.08496414245776103,10.702739197530866
plasma,9789,boneseg_ftclicks,boxes,0,2,0.4787683536110889,0.0,-4.597543724279836
plasma,9789,boneseg_ftclicks,points_bg,1,2,0.29565201485302456,0.0,0.6216563786008225
plasma,9789,boneseg_ftclicks,boxes,1,2,0.40095480001224104,0.0,-5.034722222222222
plasma,9789,boneseg_ftclicks,points_bg,2,2,0.39289823561446396,0.015491100856954515,2.2642103909465012
plasma,9789,boneseg_ftclicks,boxes,2,2,0.46445233004929726,0.0,-4.687178497942387
plasma,9798,boneseg_learned,none,0,2,0.4202828204381452,0.034640171858216974,6.560828189300411
plasma,9798,boneseg_ftlayer,none,0,2,0.780638670801398,0.2770938257787726,5.766525205761316
plasma,9798,boneseg_ftlearned,none,0,2,0.7244662689659142,0.1907839866555463,8.289351851851851
plasma,9798,boneseg_ftclicks,points_bg,0,2,0.7909649307444392,0.05514342235410485,-1.7100694444444453
plasma,9798,boneseg_ftclicks,boxes,0,2,0.899167089394708,0.40738245992186445,-1.6556069958847743
plasma,9798,boneseg_ftclicks,points_bg,1,2,0.8300860413851952,0.2071402461313513,0.08680555555555525
plasma,9798,boneseg_ftclicks,boxes,1,2,0.8580608086929266,0.2332349219738507,-3.0772890946502067
plasma,9798,boneseg_ftclicks,points_bg,2,2,0.8280143603365672,0.1969144800777454,0.03941615226337458
plasma,9798,boneseg_ftclicks,boxes,2,2,0.900127934066822,0.42150101419878294,-1.3586033950617291
plasma,9801,boneseg_learned,none,0,2,0.22714100250404948,0.0,-0.962770061728395
plasma,9801,boneseg_ftlayer,none,0,2,0.8240991890291757,0.20644915092539592,1.7197788065843613
plasma,9801,boneseg_ftlearned,none,0,2,0.8306539428961074,0.18785796105383734,1.5220550411522635
plasma,9801,boneseg_ftclicks,points_bg,0,2,0.62627129197858,0.0035164835164835165,-3.019740226337449
plasma,9801,boneseg_ftclicks,boxes,0,2,0.9351880465711752,0.2730310262529833,-0.9389789094650214
plasma,9801,boneseg_ftclicks,points_bg,1,2,0.7339113957942867,0.024153592072667217,-1.3506301440329216
plasma,9801,boneseg_ftclicks,boxes,1,2,0.9388907074594215,0.29590865842055186,-0.853137860082305
plasma,9801,boneseg_ftclicks,points_bg,2,2,0.7957535160603723,0.09398572884811417,0.2892875514403287
plasma,9801,boneseg_ftclicks,boxes,2,2,0.9317588053154432,0.25418460066953613,-1.01195987654321
plasma,9805,boneseg_learned,none,0,2,0.3536047324682718,0.0158296321603462,7.151877572016462
plasma,9805,boneseg_ftlayer,none,0,2,0.7324200108658943,0.16071428571428573,3.8852880658436213
plasma,9805,boneseg_ftlearned,none,0,2,0.6668831935750561,0.07695234471606582,5.968621399176953
plasma,9805,boneseg_ftclicks,points_bg,0,2,0.7910549041133783,0.17001034126163392,1.2460776748971183
plasma,9805,boneseg_ftclicks,boxes,0,2,0.9422403313457075,0.3212965595678135,-0.24864969135802578
plasma,9805,boneseg_ftclicks,points_bg,1,2,0.8247218969555035,0.1583710407239819,0.42669753086419654
plasma,9805,boneseg_ftclicks,boxes,1,2,0.899684646618711,0.2292466765140325,-1.1522633744855972
plasma,9805,boneseg_ftclicks,points_bg,2,2,0.6991808056944743,0.0026533996683250414,-3.1521990740740744
plasma,9805,boneseg_ftclicks,boxes,2,2,0.929732195088095,0.30101465614430667,-0.6606224279835399
plasma,9820,boneseg_learned,none,0,2,0.583336922409907,0.09366111336854938,9.227430555555555
plasma,9820,boneseg_ftlayer,none,0,2,0.7351624093345948,0.1785513756316676,4.164158950617283
plasma,9820,boneseg_ftlearned,none,0,2,0.7343306122598595,0.15487465181058496,4.374678497942385
plasma,9820,boneseg_ftclicks,points_bg,0,2,0.7157911417478805,0.005001471020888497,0.6290509259259253
plasma,9820,boneseg_ftclicks,boxes,0,2,0.9230323936778473,0.22945965951147299,0.38432355967078086
plasma,9820,boneseg_ftclicks,points_bg,1,2,0.5797662108229044,0.0121580547112462,-3.194251543209877
plasma,9820,boneseg_ftclicks,boxes,1,2,0.94154355277154,0.2122905027932961,0.4340920781892993
plasma,9820,boneseg_ftclicks,points_bg,2,2,0.7154155089776912,0.016389038151531435,1.8987268518518507
plasma,9820,boneseg_ftclicks,boxes,2,2,0.9170002668801708,0.10867178924259056,0.08429783950617276
plasma,9830,boneseg_learned,none,0,2,0.6556573284884207,0.17357613328167376,6.002636316872427
plasma,9830,boneseg_ftlayer,none,0,2,0.7081953553188279,0.24829600778967867,4.705761316872427
plasma,9830,boneseg_ftlearned,none,0,2,0.6694352942761487,0.22581406323737613,5.893518518518517
plasma,9830,boneseg_ftclicks,points_bg,0,2,0.7398687353152489,0.010089686098654708,0.04848251028806566
plasma,9830,boneseg_ftclicks,boxes,0,2,0.9349450196341573,0.4432562952742325,0.41017232510287965
plasma,9830,boneseg_ftclicks,points_bg,1,2,0.7390258487741054,0.01627296587926509,1.1038451646090532
plasma,9830,boneseg_ftclicks,boxes,1,2,0.9397659312673476,0.4578397212543554,0.28549382716049343
plasma,9830,boneseg_ftclicks,points_bg,2,2,0.7317062969236883,0.023834745762711863,2.176118827160493
plasma,9830,boneseg_ftclicks,boxes,2,2,0.9181559902968182,0.07031802120141342,-0.5003215020576136
plasma,9832,boneseg_learned,none,0,2,0.712699946560933,0.03790613718411552,3.801633230452675
plasma,9832,boneseg_ftlayer,none,0,2,0.7791932059447984,0.21190375685943436,4.807355967078189
plasma,9832,boneseg_ftlearned,none,0,2,0.752582513842888,0.186601902448897,5.720100308641976
plasma,9832,boneseg_ftclicks,points_bg,0,2,0.7799969146345495,0.12270669525851799,3.9202674897119345
plasma,9832,boneseg_ftclicks,boxes,0,2,0.8946163379334972,0.3089340384080156,2.0070087448559675
plasma,9832,boneseg_ftclicks,points_bg,1,2,0.7936352651730212,0.06432117418519318,2.6632587448559675
plasma,9832,boneseg_ftclicks,boxes,1,2,0.9129730444218337,0.3176405427859319,1.4967206790123464
plasma,9832,boneseg_ftclicks,points_bg,2,2,0.7014984427947427,0.004239284032030146,-3.0073945473251027
plasma,9832,boneseg_ftclicks,boxes,2,2,0.9110756123535676,0.32001125809175346,1.5905349794238688
plasma,9838,boneseg_learned,none,0,2,0.5913037130982632,0.09271523178807947,1.2334747942386828
plasma,9838,boneseg_ftlayer,none,0,2,0.730389185257032,0.19416027280477408,4.110210905349794
plasma,9838,boneseg_ftlearned,none,0,2,0.7274880354805985,0.15902366863905326,4.1888503086419755
plasma,9838,boneseg_ftclicks,points_bg,0,2,0.7477810456081823,0.07395195478097033,1.7872942386831279
plasma,9838,boneseg_ftclicks,boxes,0,2,0.9235612751042692,0.3147664635915289,0.6596579218106996
plasma,9838,boneseg_ftclicks,points_bg,1,2,0.7462513563096177,0.06491646778042959,1.8948688271604939
plasma,9838,boneseg_ftclicks,boxes,1,2,0.9044099264619173,0.3061049011177988,0.7706404320987653
plasma,9838,boneseg_ftclicks,points_bg,2,2,0.7530409753919665,0.026334689968877185,0.6768904320987659
plasma,9838,boneseg_ftclicks,boxes,2,2,0.9121229862698068,0.3107344632768362,0.7575874485596712
plasma,9841,boneseg_learned,none,0,2,0.5711189724957771,0.03516553144305402,6.349472736625515
plasma,9841,boneseg_ftlayer,none,0,2,0.7969061076912515,0.23378582202111614,2.2408050411522633
plasma,9841,boneseg_ftlearned,none,0,2,0.7230191562162206,0.14995067412035515,4.01466049382716
plasma,9841,boneseg_ftclicks,points_bg,0,2,0.7516196612795324,0.17872462110380327,2.801054526748971
plasma,9841,boneseg_ftclicks,boxes,0,2,0.8959000755912314,0.17714923706736138,-1.0905349794238683
plasma,9841,boneseg_ftclicks,points_bg,1,2,0.770422568970063,0.08494783904619971,1.6048739711934157
plasma,9841,boneseg_ftclicks,boxes,1,2,0.9696580652658724,0.3579033579033579,-0.18897890946502072
plasma,9841,boneseg_ftclicks,points_bg,2,2,0.7841976932138846,0.19189268008165647,2.2736625514403292
plasma,9841,boneseg_ftclicks,boxes,2,2,0.598663330078125,0.04523682810005322,-3.3805298353909463
plasma,9845,boneseg_learned,none,0,2,0.6150246797340866,0.08238466147393649,1.5769675925925923
plasma,9845,boneseg_ftlayer,none,0,2,0.8963041134231113,0.23500275178866262,0.42155349794238683
plasma,9845,boneseg_ftlearned,none,0,2,0.8100645321419707,0.3449101796407186,1.0335648148148149
plasma,9845,boneseg_ftclicks,points_bg,0,2,0.9424408014571949,0.09031791907514451,-0.24189814814814803
plasma,9845,boneseg_ftclicks,boxes,0,2,0.9492118232625258,0.44059742023082143,0.0738811728395062
plasma,9845,boneseg_ftclicks,points_bg,1,2,0.909349131634475,0.04056047197640118,-0.43016975308641964
plasma,9845,boneseg_ftclicks,boxes,1,2,0.9149997025049087,0.4254473161033797,0.21945730452674894
plasma,9845,boneseg_ftclicks,points_bg,2,2,0.9362603808846949,0.09243085880640466,-0.29841820987654316
plasma,9845,boneseg_ftclicks,boxes,2,2,0.9448815103068564,0.40589417280643003,0.1530992798353909
plasma,9859,boneseg_learned,none,0,2,0.26245693808894555,0.004266908760780753,-2.7695473251028795
plasma,9859,boneseg_ftlayer,none,0,2,0.6240104916377229,0.13148927640809782,11.618634259259261
plasma,9859,boneseg_ftlearned,none,0,2,0.5941344658651997,0.06106546963665622,13.400462962962962
plasma,9859,boneseg_ftclicks,points_bg,0,2,0.6813544143839365,0.08721771053509846,7.255594135802471
plasma,9859,boneseg_ftclicks,boxes,0,2,0.874075256067063,0.04678362573099415,-1.6838348765432096
plasma,9859,boneseg_ftclicks,points_bg,1,2,0.7189000252674135,0.029054218332117677,2.4281121399176957
plasma,9859,boneseg_ftclicks,boxes,1,2,0.7310462586290931,0.0,-4.871206275720164
plasma,9859,boneseg_ftclicks,points_bg,2,2,0.5559577971826623,0.0,-5.961869855967078
plasma,9859,boneseg_ftclicks,boxes,2,2,0.8893509823606854,0.09819525365922979,-0.7817001028806572
plasma,9871,boneseg_learned,none,0,2,0.30530219026838834,0.011904761904761904,3.0175540123456788
plasma,9871,boneseg_ftlayer,none,0,2,0.6821003388610669,0.10461169894190457,3.992541152263375
plasma,9871,boneseg_ftlearned,none,0,2,0.7049401936586293,0.10783685671578049,3.772247942386832
plasma,9871,boneseg_ftclicks,points_bg,0,2,0.6668477849383827,0.02344894968246214,1.2761702674897124
plasma,9871,boneseg_ftclicks,boxes,0,2,0.8722366206748463,0.1131827731092437,-0.2849151234567901
plasma,9871,boneseg_ftclicks,points_bg,1,2,0.6696209411599692,0.024058323207776428,1.5084876543209877
plasma,9871,boneseg_ftclicks,boxes,1,2,0.8967361478362387,0.16008595218909483,-0.27301954732510264
plasma,9871,boneseg_ftclicks,points_bg,2,2,0.540389574118457,0.0,-3.261381172839506
plasma,9871,boneseg_ftclicks,boxes,2,2,0.8984985939844394,0.16657638136511377,-0.21900720164609033
plasma,9875,boneseg_learned,none,0,2,0.6540717316684235,0.05787361150004667,0.08912037037037135
plasma,9875,boneseg_ftlayer,none,0,2,0.9208733373080323,0.17449238578680204,-1.9412294238683125
plasma,9875,boneseg_ftlearned,none,0,2,0.9442775720094235,0.2198166072338258,-1.256880144032921
plasma,9875,boneseg_ftclicks,points_bg,0,2,0.955989368600546,0.2812457127177939,-1.0897633744855972
plasma,9875,boneseg_ftclicks,boxes,0,2,0.9665939031862745,0.3574116965836711,0.36265432098765427
plasma,9875,boneseg_ftclicks,points_bg,1,2,0.9410968399592253,0.2320596458527493,-1.6782407407407414
plasma,9875,boneseg_ftclicks,boxes,1,2,0.9677610060961565,0.36619718309859156,0.28189300411522733
plasma,9875,boneseg_ftclicks,points_bg,2,2,0.9559081419624217,0.29856115107913667,-0.8777006172839497
plasma,9875,boneseg_ftclicks,boxes,2,2,0.9669501196958228,0.36275349900028564,0.2498713991769541
plasma,9886,boneseg_learned,none,0,2,0.604648863123675,0.03796519856797935,0.047646604938272885
plasma,9886,boneseg_ftlayer,none,0,2,0.8224764521437421,0.10642482517482517,-0.17856224279835242
plasma,9886,boneseg_ftlearned,none,0,2,0.8570013845271944,0.10057228633080026,2.599086934156378
plasma,9886,boneseg_ftclicks,points_bg,0,2,0.807811748525069,0.08832188420019627,-1.6174768518518512
plasma,9886,boneseg_ftclicks,boxes,0,2,0.8568215054057815,0.08368476541908276,-2.9797453703703707
plasma,9886,boneseg_ftclicks,points_bg,1,2,0.7435074926099646,0.05857950974230044,-3.582304526748971
plasma,9886,boneseg_ftclicks,boxes,1,2,0.8530295212471898,0.08553492021972273,-3.249742798353909
plasma,9886,boneseg_ftclicks,points_bg,2,2,0.8458443704484875,0.09756700012350253,-0.19032921810699654
plasma,9886,boneseg_ftclicks,boxes,2,2,0.9148321575612525,0.1404789345626841,-0.9128729423868304
plasma,9889,boneseg_learned,none,0,2,0.4474364377019244,0.04077294685990338,4.43505658436214
plasma,9889,boneseg_ftlayer,none,0,2,0.426881697122089,0.03407211379424413,4.179076646090535
plasma,9889,boneseg_ftlearned,none,0,2,0.3861948195782137,0.06118005660788156,6.369020061728395
plasma,9889,boneseg_ftclicks,points_bg,0,2,0.4813355873526866,0.0678391959798995,3.2294881687242802
plasma,9889,boneseg_ftclicks,boxes,0,2,0.9180031319185701,0.2775086505190311,0.04308127572016443
plasma,9889,boneseg_ftclicks,points_bg,1,2,0.45799042732688267,0.0,2.7493569958847734
plasma,9889,boneseg_ftclicks,boxes,1,2,0.853729020784706,0.1509916826615483,-0.09194958847736634
plasma,9889,boneseg_ftclicks,points_bg,2,2,0.4923703658568432,0.022968949383241174,2.6668595679012346
plasma,9889,boneseg_ftclicks,boxes,2,2,0.8769419343804339,0.16415958142576847,-0.20859053497942376
plasma,9902,boneseg_learned,none,0,2,0.4707888813360632,0.09798319327731092,6.375321502057613
plasma,9902,boneseg_ftlayer,none,0,2,0.5369313928068757,0.20462776659959758,7.7556584362139915
plasma,9902,boneseg_ftlearned,none,0,2,0.5484617375287331,0.21271651880016898,7.474022633744856
plasma,9902,boneseg_ftclicks,points_bg,0,2,0.5865516994974156,0.06811224489795918,4.075810185185185
plasma,9902,boneseg_ftclicks,boxes,0,2,0.8848129901136371,0.20219284101902613,0.327610596707819
plasma,9902,boneseg_ftclicks,points_bg,1,2,0.5869453646246442,0.07409286982999239,4.359696502057613
plasma,9902,boneseg_ftclicks,boxes,1,2,0.8114476805226115,0.06604747162022703,-1.153742283950617
plasma,9902,boneseg_ftclicks,points_bg,2,2,0.5841661758048106,0.0556988138215575,3.7868441358024687
plasma,9902,boneseg_ftclicks,boxes,2,2,0.8941976769197677,0.19458209448298647,0.1440329218106995
plasma,9910,boneseg_learned,none,0,2,0.4793457296406569,0.057709547288211566,6.0176183127572
plasma,9910,boneseg_ftlayer,none,0,2,0.6981407171335303,0.27644415214293544,8.44778806584362
plasma,9910,boneseg_ftlearned,none,0,2,0.631731962418011,0.2222222222222222,11.191615226337447
plasma,9910,boneseg_ftclicks,points_bg,0,2,0.7022405236725461,0.10630017027487229,4.49929269547325
plasma,9910,boneseg_ftclicks,boxes,0,2,0.7960141770198637,0.0036770850743774027,-2.7847865226337447
plasma,9910,boneseg_ftclicks,points_bg,1,2,0.7030927219238293,0.1052117661418284,4.381687242798354
plasma,9910,boneseg_ftclicks,boxes,1,2,0.9292416926679333,0.35833066837224176,0.6800411522633748
plasma,9910,boneseg_ftclicks,points_bg,2,2,0.6971705385924696,0.08762886597938144,3.8197659465020575
plasma,9910,boneseg_ftclicks,boxes,2,2,0.834407248513359,0.021234890558640966,-2.043659979423869
plasma,9912,boneseg_learned,none,0,2,0.633988782908775,0.049458065873934545,3.1802340534979434
plasma,9912,boneseg_ftlayer,none,0,2,0.7435820349262784,0.1594223219293326,3.0135030864197554
plasma,9912,boneseg_ftlearned,none,0,2,0.7307597017020819,0.16135515360321562,4.641846707818931
plasma,9912,boneseg_ftclicks,points_bg,0,2,0.727949749702692,0.12423907028223576,1.127250514403294
plasma,9912,boneseg_ftclicks,boxes,0,2,0.8198510045902626,0.13875676562243727,-2.576260288065842
plasma,9912,boneseg_ftclicks,points_bg,1,2,0.7283829852771615,0.19024171888988362,4.39300411522634
plasma,9912,boneseg_ftclicks,boxes,1,2,0.8617097988943193,0.19319502074688796,-0.820859053497941
plasma,9912,boneseg_ftclicks,points_bg,2,2,0.728477046073394,0.17424918227772823,3.7953317901234573
plasma,9912,boneseg_ftclicks,boxes,2,2,0.8359643634596193,0.1187793427230047,-1.6309156378600809
