dataset,image,method,prompt,seed,draw,dice,nsd,area_bias
bone,F_249,samft_b_dec_adapter,none,0,0,0.2525928065867398,0.10121348534520722,3.1721729787805533
bone,C_218,samft_b_dec_adapter,none,0,0,0.8233253050052737,0.329083800781914,0.8669893568840583
bone,E_377,samft_b_dec_adapter,none,0,0,0.6046943174302585,0.14810292588070365,0.3431348041949167
bone,D_392,samft_b_dec_adapter,none,0,0,0.8158691649464354,0.28267289334523726,-0.14377937880422353
bone,D_72,samft_b_dec_adapter,none,0,0,0.8554806201356828,0.38175174146397167,0.6026057357486597
bone,D_200,samft_b_dec_adapter,none,0,0,0.8624821138876274,0.2846859674102199,0.028091865878947242
bone,D_232,samft_b_dec_adapter,none,0,0,0.863898655295275,0.34414556962025317,0.3787986339729363
bone,A_216,samft_b_dec_adapter,none,0,0,0.6189497267594121,0.16169010466833622,3.333836383072375
bone,E_88,samft_b_dec_adapter,none,0,0,0.9030743428685251,0.18284074160266853,3.4610562668010103
bone,D_168,samft_b_dec_adapter,none,0,0,0.8493465656476031,0.35460636515912897,-0.6982723446591357
bone,F_100,samft_b_dec_adapter,none,0,0,0.2407320077423896,0.09574625321469744,2.447152833736234
bone,D_104,samft_b_dec_adapter,none,0,0,0.7358678117421973,0.2340010272213662,0.007634995780071707
bone,F_178,samft_b_dec_adapter,none,0,0,0.16797162212979957,0.09332563954606655,0.3601933924254633
bone,D_328,samft_b_dec_adapter,none,0,0,0.7417533385994349,0.25903346669206834,0.9457892942379822
bone,F_124,samft_b_dec_adapter,none,0,0,0.1412272642123761,0.0878462174452253,-2.5082930432446955
bone,C_541,samft_b_dec_adapter,none,0,0,0.8304338341317375,0.28742063919078875,-0.8308140851449264
bone,C_334,samft_b_dec_adapter,none,0,0,0.8607591287174386,0.3741391184573003,0.2897984601449278
bone,A_195,samft_b_dec_adapter,none,0,0,0.6203437728056146,0.1563473097255413,4.791926051688361
bone,F_77,samft_b_dec_adapter,none,0,0,0.15190188810260494,0.09536032357173414,-3.835582863282298
bone,E_297,samft_b_dec_adapter,none,0,0,0.7721386090919758,0.23206290269738997,0.5958950732418311
bone,A_25,samft_b_dec_adapter,none,0,0,0.7398099448755837,0.2094853474163819,1.6252279444130047
bone,E_128,samft_b_dec_adapter,none,0,0,0.8617461427937382,0.15664148417328105,0.5466697945229193
bone,C_438,samft_b_dec_adapter,none,0,0,0.7972047068847338,0.3001708984375,-0.8651211503623191
bone,E_48,samft_b_dec_adapter,none,0,0,0.881705225600331,0.18483770901112204,1.5429048298459036
bone,A_66,samft_b_dec_adapter,none,0,0,0.6917136594099831,0.13759590792838874,5.680437653272967
bone,F_53,samft_b_dec_adapter,none,0,0,0.17622965213268477,0.09448566455986077,-3.9830110126242277
bone,E_417,samft_b_dec_adapter,none,0,0,0.68216905115556,0.1926653883029722,-0.4103388468209304
bone,C_489,samft_b_dec_adapter,none,0,0,0.8035120512184732,0.2661791989523082,-1.8734997735507242
bone,E_337,samft_b_dec_adapter,none,0,0,0.813430037880257,0.27328295176705936,1.0968968845782592
bone,A_46,samft_b_dec_adapter,none,0,0,0.7462064974913014,0.21038393507439393,5.40627554549456
bone,E_208,samft_b_dec_adapter,none,0,0,0.8431279084316962,0.2488865134509175,-0.6095473966365283
bone,F_29,samft_b_dec_adapter,none,0,0,0.31399672144820884,0.08040544388132795,4.390746709642761
bone,F_154,samft_b_dec_adapter,none,0,0,0.2392810564069123,0.08427428195571146,5.682245500940102
bone,D_264,samft_b_dec_adapter,none,0,0,0.822553449303973,0.318647697720667,1.358537389681018
bone,A_87,samft_b_dec_adapter,none,0,0,0.685836023130109,0.16948519106792487,7.398729799408915
bone,C_386,samft_b_dec_adapter,none,0,0,0.8098191243527103,0.28842105263157897,-0.6711390398550725
bone,C_166,samft_b_dec_adapter,none,0,0,0.8007150218862391,0.1963671391220586,1.687415081521739
bone,D_360,samft_b_dec_adapter,none,0,0,0.8393020717104798,0.2989209885137487,-1.104548020546299
bone,E_168,samft_b_dec_adapter,none,0,0,0.8779710820895522,0.22138949261785207,2.2424421891404425
bone,A_154,samft_b_dec_adapter,none,0,0,0.538842920800023,0.11178428193531871,9.907438848016097
bone,F_225,samft_b_dec_adapter,none,0,0,0.19622146258088147,0.10045566905917741,0.9984555466022018
bone,C_63,samft_b_dec_adapter,none,0,0,0.8652740836488879,0.3478677527551509,-0.34185348731884047
bone,C_270,samft_b_dec_adapter,none,0,0,0.6901011579580207,0.1419854494250176,1.4417176177536228
bone,A_133,samft_b_dec_adapter,none,0,0,0.6203981018299195,0.11661631419939578,9.79538451864428
bone,E_257,samft_b_dec_adapter,none,0,0,0.8216776261905319,0.23228984380063517,4.064354360475178
bone,A_107,samft_b_dec_adapter,none,0,0,0.7006784852685047,0.2020023035350403,6.717851977614286
bone,C_115,samft_b_dec_adapter,none,0,0,0.871865796894835,0.3538605814316974,-0.29543138586956497
bone,F_202,samft_b_dec_adapter,none,0,0,0.17504620174259788,0.09276094276094277,1.8658004297609456
bone,D_48,samft_b_dec_adapter,none,0,0,0.8006842747288478,0.20226446743080795,0.805553537194055
bone,A_174,samft_b_dec_adapter,none,0,0,0.5988662866235295,0.1069774742955812,11.435955480098098
bone,F_249,samft_t_ende_adapter_box,boxes,2,0,0.7924497430443481,0.38553113553113555,-1.8796333601933932
bone,C_218,samft_t_ende_adapter_box,boxes,2,0,0.6885927309126982,0.21274365961014463,-1.4416610054347825
bone,E_377,samft_t_ende_adapter_box,boxes,2,0,0.6679670802704378,0.14276633613018053,-3.8937003180414496
bone,D_392,samft_t_ende_adapter_box,boxes,2,0,0.5439397651305389,0.1653371216260518,-5.5024285546606455
bone,D_72,samft_t_ende_adapter_box,boxes,2,0,0.5356185693756789,0.18965230410913325,-3.7812903478226847
bone,D_200,samft_t_ende_adapter_box,boxes,2,0,0.8032951291156892,0.23123174712248754,-1.0315181121550694
bone,D_232,samft_t_ende_adapter_box,boxes,2,0,0.767686359454219,0.20179454312396997,-1.1988396594993094
bone,A_216,samft_t_ende_adapter_box,boxes,2,0,0.6181249839486651,0.141262997717474,-3.9266805005344905
bone,E_88,samft_t_ende_adapter_box,boxes,2,0,0.9128767417438072,0.22597467097094612,-2.4585719285156626
bone,D_168,samft_t_ende_adapter_box,boxes,2,0,0.813547987616099,0.2782430671877908,-1.0595540849463139
bone,F_100,samft_t_ende_adapter_box,boxes,2,0,0.8665900399155713,0.40900846432889965,-0.5675530486167077
bone,D_104,samft_t_ende_adapter_box,boxes,2,0,0.6521652391339043,0.20194739504299444,-2.2714503697327757
bone,F_178,samft_t_ende_adapter_box,boxes,2,0,0.7523087735042876,0.2829298317603611,-1.4277128659683052
bone,D_328,samft_t_ende_adapter_box,boxes,2,0,0.7669080085317964,0.25701086075538987,-1.452795492781407
bone,F_124,samft_t_ende_adapter_box,boxes,2,0,0.8520694607651129,0.3890909090909091,-0.42801504163309245
bone,C_541,samft_t_ende_adapter_box,boxes,2,0,0.7029542803132042,0.17266694903289567,-2.984912817028985
bone,C_334,samft_t_ende_adapter_box,boxes,2,0,0.7984453844667282,0.30985915492957744,-0.973250679347826
bone,A_195,samft_t_ende_adapter_box,boxes,2,0,0.7506365620453128,0.15330307614725164,3.0172923347796035
bone,F_77,samft_t_ende_adapter_box,boxes,2,0,0.8599666880963381,0.3679118516527815,0.14460784313725522
bone,E_297,samft_t_ende_adapter_box,boxes,2,0,0.7521648929767544,0.27676364327818975,-3.3828919082102393
bone,A_25,samft_t_ende_adapter_box,boxes,2,0,0.79904108802039,0.1892245324964038,-1.1478337420612452
bone,E_128,samft_t_ende_adapter_box,boxes,2,0,0.8728938353814087,0.16613142292490118,-1.5435778317033884
bone,C_438,samft_t_ende_adapter_box,boxes,2,0,0.6703666362603421,0.2114983616324099,-2.3866338315217392
bone,E_48,samft_t_ende_adapter_box,boxes,2,0,0.8791309674863297,0.12472351929220939,-4.700533402043622
bone,A_66,samft_t_ende_adapter_box,boxes,2,0,0.7860927381653219,0.2196129336794902,1.0391749984279706
bone,F_53,samft_t_ende_adapter_box,boxes,2,0,0.8604934405122316,0.32209645669291337,-0.9469178082191776
bone,E_417,samft_t_ende_adapter_box,boxes,2,0,0.7056424077429458,0.2020979020979021,-4.276830661195481
bone,C_489,samft_t_ende_adapter_box,boxes,2,0,0.506287130215476,0.0672283356258597,-4.97172214673913
bone,E_337,samft_t_ende_adapter_box,boxes,2,0,0.6998141311266709,0.18029739776951673,-2.3327205811659466
bone,A_46,samft_t_ende_adapter_box,boxes,2,0,0.8045643387210667,0.24677214038916168,1.400364711060806
bone,E_208,samft_t_ende_adapter_box,boxes,2,0,0.8064769280855366,0.25737443529099124,-4.826096320025843
bone,F_29,samft_t_ende_adapter_box,boxes,2,0,0.8296388635185505,0.32659732540861813,-0.2195809830781631
bone,F_154,samft_t_ende_adapter_box,boxes,2,0,0.8273533232332133,0.3403870500994755,-0.6292304593070106
bone,D_264,samft_t_ende_adapter_box,boxes,2,0,0.712950610295519,0.2387509697439876,-1.6310497280801277
bone,A_87,samft_t_ende_adapter_box,boxes,2,0,0.7418736689082379,0.20490087427656692,2.8018612840344597
bone,C_386,samft_t_ende_adapter_box,boxes,2,0,0.7124163847929834,0.18617672790901138,-2.145635190217391
bone,C_166,samft_t_ende_adapter_box,boxes,2,0,0.7632424047795053,0.23968436626664474,-0.8615828804347824
bone,D_360,samft_t_ende_adapter_box,boxes,2,0,0.7198274986285227,0.2738503155996393,-3.8665273065679977
bone,E_168,samft_t_ende_adapter_box,boxes,2,0,0.8670210499403443,0.2622762735199633,-2.8831399574662826
bone,A_154,samft_t_ende_adapter_box,boxes,2,0,0.6271558816128221,0.1407702523240372,5.329811985160031
bone,F_225,samft_t_ende_adapter_box,boxes,2,0,0.797992695467047,0.391304347826087,-1.5965283373623427
bone,C_63,samft_t_ende_adapter_box,boxes,2,0,0.7432885466593332,0.2353906089809309,-1.94435009057971
bone,C_270,samft_t_ende_adapter_box,boxes,2,0,0.718575842851625,0.11106734935013785,0.13111413043478265
bone,A_133,samft_t_ende_adapter_box,boxes,2,0,0.7156943107974862,0.2157658151518474,-0.3571653147204923
bone,E_257,samft_t_ende_adapter_box,boxes,2,0,0.8026948065139264,0.2659462861938733,-2.773440654696206
bone,A_107,samft_t_ende_adapter_box,boxes,2,0,0.7480972806651112,0.26957885845299867,0.28321700308117925
bone,C_115,samft_t_ende_adapter_box,boxes,2,0,0.6050586974062527,0.11849990334428764,-2.7903928894927534
bone,F_202,samft_t_ende_adapter_box,boxes,2,0,0.7058964058266222,0.2781196581196581,-1.96904378189632
bone,D_48,samft_t_ende_adapter_box,boxes,2,0,0.35452888365247226,0.13552960800667221,-3.7465136686545977
bone,A_174,samft_t_ende_adapter_box,boxes,2,0,0.6738710573850215,0.1593516663631397,8.437904797836888
bone,F_249,samft_t_ende_adapter_box,boxes,0,0,0.7969690479531473,0.38404704463208683,-1.7845487510072526
bone,C_218,samft_t_ende_adapter_box,boxes,0,0,0.6857851649714711,0.20843776106934,-1.4720618206521734
bone,E_377,samft_t_ende_adapter_box,boxes,0,0,0.6682027927011954,0.13898824731732243,-3.8823554295867
bone,D_392,samft_t_ende_adapter_box,boxes,0,0,0.5459737754513136,0.16038359788359788,-5.461727208196162
bone,D_72,samft_t_ende_adapter_box,boxes,0,0,0.5626473980838996,0.21355411403209287,-3.476292946851263
bone,D_200,samft_t_ende_adapter_box,boxes,0,0,0.8044402519550863,0.21972142007813827,-0.8768507598665265
bone,D_232,samft_t_ende_adapter_box,boxes,0,0,0.7736940415895789,0.19320405621775485,-1.0328483676423736
bone,A_216,samft_t_ende_adapter_box,boxes,0,0,0.6165464448697189,0.13743203680468424,-4.03269823303779
bone,E_88,samft_t_ende_adapter_box,boxes,0,0,0.9125050986237493,0.22120272783632983,-2.4921258782674203
bone,D_168,samft_t_ende_adapter_box,boxes,0,0,0.807454150278086,0.269281045751634,-1.1863196078540958
bone,F_100,samft_t_ende_adapter_box,boxes,0,0,0.8667682051410095,0.4046610169491525,-0.4971796937953271
bone,D_104,samft_t_ende_adapter_box,boxes,0,0,0.6510447978372665,0.20203058732810691,-2.3611923113468563
bone,F_178,samft_t_ende_adapter_box,boxes,0,0,0.7525636773788923,0.2869798104655954,-1.378693258125168
bone,D_328,samft_t_ende_adapter_box,boxes,0,0,0.7667200588757332,0.25046820291507205,-1.3081218245739545
bone,F_124,samft_t_ende_adapter_box,boxes,0,0,0.8515349248496621,0.3900954261270155,-0.2828028471662636
bone,C_541,samft_t_ende_adapter_box,boxes,0,0,0.6996963216600534,0.17534942820838628,-3.051460597826086
bone,C_334,samft_t_ende_adapter_box,boxes,0,0,0.7900961788406551,0.2986348122866894,-1.0308537137681157
bone,A_195,samft_t_ende_adapter_box,boxes,0,0,0.7501745821449782,0.15745182193048893,2.8339307048984463
bone,F_77,samft_t_ende_adapter_box,boxes,0,0,0.860194090921168,0.37326879117923895,-0.056809024979855016
bone,E_297,samft_t_ende_adapter_box,boxes,0,0,0.7515641283741246,0.2714367926338001,-3.509320114294945
bone,A_25,samft_t_ende_adapter_box,boxes,0,0,0.8000083362423346,0.18833135782957988,-1.0892284474627423
bone,E_128,samft_t_ende_adapter_box,boxes,0,0,0.8721531367891575,0.16098041630742702,-1.7208657495894704
bone,C_438,samft_t_ende_adapter_box,boxes,0,0,0.7098833451321986,0.2400060799513604,-2.0340806159420293
bone,E_48,samft_t_ende_adapter_box,boxes,0,0,0.8795359785621817,0.1258418558243951,-4.606313141995699
bone,A_66,samft_t_ende_adapter_box,boxes,0,0,0.7869999264146779,0.21600192215281114,1.2537257121297871
bone,F_53,samft_t_ende_adapter_box,boxes,0,0,0.8699017639919132,0.32484937907291284,-0.6622683319903302
bone,E_417,samft_t_ende_adapter_box,boxes,0,0,0.7049889858298025,0.20295933822672726,-4.314807194582142
bone,C_489,samft_t_ende_adapter_box,boxes,0,0,0.49753526309504303,0.0671408743927828,-5.037618885869565
bone,E_337,samft_t_ende_adapter_box,boxes,0,0,0.6991932894730136,0.18025706940874037,-2.3467574770506374
bone,A_46,samft_t_ende_adapter_box,boxes,0,0,0.8097483803570737,0.2517162471395881,1.624221844934917
bone,E_208,samft_t_ende_adapter_box,boxes,0,0,0.8071017668812491,0.2580858960763521,-4.803502686238842
bone,F_29,samft_t_ende_adapter_box,boxes,0,0,0.8265265395679139,0.32371652611333035,-0.30590249798549546
bone,F_154,samft_t_ende_adapter_box,boxes,0,0,0.8291825687633457,0.33321364452423696,-0.538510609723341
bone,D_264,samft_t_ende_adapter_box,boxes,0,0,0.7180129216618921,0.2437638447462198,-1.6089831370554406
bone,A_87,samft_t_ende_adapter_box,boxes,0,0,0.7419951935368411,0.20651369356032567,2.655096522668679
bone,C_386,samft_t_ende_adapter_box,boxes,0,0,0.7252056166884806,0.19974986599964267,-1.981119791666667
bone,C_166,samft_t_ende_adapter_box,boxes,0,0,0.7614274904042814,0.23887703168609423,-0.8905400815217388
bone,D_360,samft_t_ende_adapter_box,boxes,0,0,0.7225634314287797,0.27954176438751577,-3.8336509923817723
bone,E_168,samft_t_ende_adapter_box,boxes,0,0,0.8657630176433069,0.25949583666020304,-2.958612308627115
bone,A_154,samft_t_ende_adapter_box,boxes,0,0,0.6291716604792111,0.13716395304808784,5.155002200842608
bone,F_225,samft_t_ende_adapter_box,boxes,0,0,0.7977058972889067,0.3940326053521993,-1.5758460918614028
bone,C_63,samft_t_ende_adapter_box,boxes,0,0,0.7420828108681489,0.23130792996910401,-1.9444916213768113
bone,C_270,samft_t_ende_adapter_box,boxes,0,0,0.7212018660985251,0.10700389105058365,0.15910892210144917
bone,A_133,samft_t_ende_adapter_box,boxes,0,0,0.7147794582096846,0.21548895208925836,-0.42507702949129006
bone,E_257,samft_t_ende_adapter_box,boxes,0,0,0.8018359210302461,0.2645910290237467,-2.8081483219179386
bone,A_107,samft_t_ende_adapter_box,boxes,0,0,0.7458083181176757,0.26640135069946935,0.46117084826762245
bone,C_115,samft_t_ende_adapter_box,boxes,0,0,0.6078882802369584,0.12164750957854406,-2.7751641757246372
bone,F_202,samft_t_ende_adapter_box,boxes,0,0,0.7060266666666667,0.27914951989026066,-1.9480929358044587
bone,D_48,samft_t_ende_adapter_box,boxes,0,0,0.40735721937534936,0.13465456566030745,-3.530263312336164
bone,A_174,samft_t_ende_adapter_box,boxes,0,0,0.6744989104478651,0.15901189387008235,8.36169276237188
bone,F_249,samft_b_ende_adapter,none,0,0,0.8594012833747052,0.33811944091486656,-0.23364893902766692
bone,C_218,samft_b_ende_adapter,none,0,0,0.8284669683257918,0.38507977576541613,0.07189764492753631
bone,E_377,samft_b_ende_adapter,none,0,0,0.8363995576594415,0.3389663118621749,2.132742886370366
bone,D_392,samft_b_ende_adapter,none,0,0,0.8407156699579325,0.33930051384054366,-0.21344452331580194
bone,D_72,samft_b_ende_adapter,none,0,0,0.8963249147025724,0.3788871844930972,-0.30272814161072736
bone,D_200,samft_b_ende_adapter,none,0,0,0.8804584213093128,0.32986168971838026,0.16938959158920852
bone,D_232,samft_b_ende_adapter,none,0,0,0.8868968497177196,0.3790757487762383,1.0404162917172042
bone,A_216,samft_b_ende_adapter,none,0,0,0.6419607917994923,0.12367919625844448,-5.263283657171602
bone,E_88,samft_b_ende_adapter,none,0,0,0.9257815656198389,0.2943576591280019,-0.2738156128739455
bone,D_168,samft_b_ende_adapter,none,0,0,0.8679639706868019,0.38512150188613037,-0.11448022223091575
bone,F_100,samft_b_ende_adapter,none,0,0,0.901226717641669,0.42028227914270777,0.3685871608917535
bone,D_104,samft_b_ende_adapter,none,0,0,0.7895888110989886,0.25807143623297224,0.5825289386461568
bone,F_178,samft_b_ende_adapter,none,0,0,0.8853990709459459,0.4015966112740306,-0.15491539081385966
bone,D_328,samft_b_ende_adapter,none,0,0,0.8151136549630739,0.2872300398826097,0.5724570042422855
bone,F_124,samft_b_ende_adapter,none,0,0,0.8924323180424523,0.44423048437268553,-0.15545259199570283
bone,C_541,samft_b_ende_adapter,none,0,0,0.8576566745756263,0.38124349635796045,-1.0193048007246366
bone,C_334,samft_b_ende_adapter,none,0,0,0.8903835517793046,0.34790171776473144,0.06128283514492752
bone,A_195,samft_b_ende_adapter,none,0,0,0.786375544731298,0.19748375786325667,3.5136766647802298
bone,F_77,samft_b_ende_adapter,none,0,0,0.9019865249008742,0.3883829682500615,-0.17291163040558666
bone,E_297,samft_b_ende_adapter,none,0,0,0.8122747590985724,0.3034421099687081,0.5400359190705639
bone,A_25,samft_b_ende_adapter,none,0,0,0.8375644261870255,0.2556825647089739,0.9789347921775771
bone,E_128,samft_b_ende_adapter,none,0,0,0.8990523215992509,0.22059712317176358,-0.8849012994704447
bone,C_438,samft_b_ende_adapter,none,0,0,0.8444823731126092,0.37051676182110965,-0.3179064764492756
bone,E_48,samft_b_ende_adapter,none,0,0,0.9004482381727373,0.2136731193334967,0.29237123551603683
bone,A_66,samft_b_ende_adapter,none,0,0,0.81608094237255,0.2053212199870214,1.347418726026535
bone,F_53,samft_b_ende_adapter,none,0,0,0.8782840856684966,0.35927853770729934,-0.2772293849046467
bone,E_417,samft_b_ende_adapter,none,0,0,0.8369869229258514,0.35801479105408535,2.9981271319737433
bone,C_489,samft_b_ende_adapter,none,0,0,0.7941404704829551,0.3296918767507003,-2.134765625
bone,E_337,samft_b_ende_adapter,none,0,0,0.8441897167538832,0.34657145651961263,1.9365147733522021
bone,A_46,samft_b_ende_adapter,none,0,0,0.8276929076450941,0.2299485377180871,2.0396151669496323
bone,E_208,samft_b_ende_adapter,none,0,0,0.8917886295288558,0.32002042900919303,0.6872310396148135
bone,F_29,samft_b_ende_adapter,none,0,0,0.8492048978596628,0.3469126313092493,1.0842062852538277
bone,F_154,samft_b_ende_adapter,none,0,0,0.8905015215969907,0.452001301659616,0.03683185603008399
bone,D_264,samft_b_ende_adapter,none,0,0,0.8420449053679946,0.3316835835919805,1.131130773057297
bone,A_87,samft_b_ende_adapter,none,0,0,0.7726648132170134,0.2278647389174334,1.6726403823178027
bone,C_386,samft_b_ende_adapter,none,0,0,0.8800806511101822,0.37178608159067533,-0.379387454710145
bone,C_166,samft_b_ende_adapter,none,0,0,0.8280015481873306,0.1830810051506165,0.7652853260869563
bone,D_360,samft_b_ende_adapter,none,0,0,0.8773693607269433,0.3258601899423945,-0.4972249081956037
bone,E_168,samft_b_ende_adapter,none,0,0,0.9030120274152144,0.23483763132760269,0.04134154267408652
bone,A_154,samft_b_ende_adapter,none,0,0,0.7198096305212418,0.17148931144443133,2.014336917562723
bone,F_225,samft_b_ende_adapter,none,0,0,0.8788904799297889,0.453232644409115,0.13503894708568331
bone,C_63,samft_b_ende_adapter,none,0,0,0.88690637206635,0.3800557880055788,-0.12630208333333295
bone,C_270,samft_b_ende_adapter,none,0,0,0.6988424341309506,0.104633323105247,1.526692708333333
bone,A_133,samft_b_ende_adapter,none,0,0,0.7621213676414182,0.2328110383536015,1.7497327548261346
bone,E_257,samft_b_ende_adapter,none,0,0,0.8272081435460437,0.28020611229566456,3.554507381868946
bone,A_107,samft_b_ende_adapter,none,0,0,0.763682294100501,0.2116491703352523,2.778217946299441
bone,C_115,samft_b_ende_adapter,none,0,0,0.866606149341142,0.36209579802870484,-0.5961277173913038
bone,F_202,samft_b_ende_adapter,none,0,0,0.8598906124005246,0.3815336013785181,0.3823865162503354
bone,D_48,samft_b_ende_adapter,none,0,0,0.8669172900535782,0.3340843257161249,0.5843734105403182
bone,A_174,samft_b_ende_adapter,none,0,0,0.7120505831525468,0.12621629135390602,6.145884424322457
bone,F_249,samft_b_ende_lora,none,0,0,0.8166752219933059,0.3440347071583514,-0.9679358044587707
bone,C_218,samft_b_ende_lora,none,0,0,0.8605917094403579,0.39268547544409615,0.45270040760869573
bone,E_377,samft_b_ende_lora,none,0,0,0.7455770432918903,0.18653648509763618,-0.4843690511442955
bone,D_392,samft_b_ende_lora,none,0,0,0.8546142759339076,0.33122067659889703,-0.3408919418935466
bone,D_72,samft_b_ende_lora,none,0,0,0.895456400785711,0.38270240397899974,0.016220174051075065
bone,D_200,samft_b_ende_lora,none,0,0,0.865974306245857,0.24519150359591904,0.873575424927199
bone,D_232,samft_b_ende_lora,none,0,0,0.8639005750554986,0.2512344129215834,1.5407935700591915
bone,A_216,samft_b_ende_lora,none,0,0,0.6193207642314723,0.1434649967886962,-0.29667358360057905
bone,E_88,samft_b_ende_lora,none,0,0,0.9131051351958385,0.2397984267453294,-1.1251629625926296
bone,D_168,samft_b_ende_lora,none,0,0,0.8704047955976719,0.36063281181714885,0.5272953893791954
bone,F_100,samft_b_ende_lora,none,0,0,0.9189341514867067,0.48705947136563876,0.2848845017459037
bone,D_104,samft_b_ende_lora,none,0,0,0.7706421458929127,0.239787049109083,0.6276570176566256
bone,F_178,samft_b_ende_lora,none,0,0,0.8952173235706496,0.3985265742852131,0.24976497448294388
bone,D_328,samft_b_ende_lora,none,0,0,0.7875056823872961,0.27920396537693276,1.247667860915641
bone,F_124,samft_b_ende_lora,none,0,0,0.907672789345905,0.4733718318896375,-0.011986301369863728
bone,C_541,samft_b_ende_lora,none,0,0,0.8430495120883648,0.3257726819541376,-0.3000169836956515
bone,C_334,samft_b_ende_lora,none,0,0,0.8799988171760819,0.44467905405405406,0.09343863224637664
bone,A_195,samft_b_ende_lora,none,0,0,0.7258476265240238,0.17415446744068652,5.626737093630132
bone,F_77,samft_b_ende_lora,none,0,0,0.9267182477350205,0.44348387096774194,0.43677813591189996
bone,E_297,samft_b_ende_lora,none,0,0,0.7813847129433317,0.2646041856232939,-0.5201342927135061
bone,A_25,samft_b_ende_lora,none,0,0,0.8133364314564969,0.2963587796991424,0.21115512796327784
bone,E_128,samft_b_ende_lora,none,0,0,0.8858255025966314,0.15224297877748125,0.4277407519930443
bone,C_438,samft_b_ende_lora,none,0,0,0.8653763503522024,0.42466152278352015,0.4270550271739129
bone,E_48,samft_b_ende_lora,none,0,0,0.8995933467711532,0.17459514170040485,-2.406173926754324
bone,A_66,samft_b_ende_lora,none,0,0,0.8519281058506694,0.3120607253303346,1.3949569263660935
bone,F_53,samft_b_ende_lora,none,0,0,0.899601233213582,0.41339433218960475,0.09478243352135374
bone,E_417,samft_b_ende_lora,none,0,0,0.7482568135506877,0.21640834401584896,-1.2381311315276367
bone,C_489,samft_b_ende_lora,none,0,0,0.8253468389270102,0.3281330582774626,-1.8192085597826084
bone,E_337,samft_b_ende_lora,none,0,0,0.8232240208780288,0.2955188166195345,-0.5087894042587554
bone,A_46,samft_b_ende_lora,none,0,0,0.8402224265958171,0.26148504273504275,1.9073130855813358
bone,E_208,samft_b_ende_lora,none,0,0,0.9145247437470831,0.3108108108108108,0.49186821469913156
bone,F_29,samft_b_ende_lora,none,0,0,0.8611245614165779,0.383843934606402,1.486838571044856
bone,F_154,samft_b_ende_lora,none,0,0,0.8950494625268469,0.46141975308641975,0.09609186140209502
bone,D_264,samft_b_ende_lora,none,0,0,0.8435486858439677,0.31828537676145474,1.298340534226132
bone,A_87,samft_b_ende_lora,none,0,0,0.7874100333011065,0.28610318900700027,1.4741872602653583
bone,C_386,samft_b_ende_lora,none,0,0,0.8205343872361434,0.3043616682585164,0.09643908514492747
bone,C_166,samft_b_ende_lora,none,0,0,0.8422807469188722,0.20834640727957326,1.1204427083333337
bone,D_360,samft_b_ende_lora,none,0,0,0.8699727882070216,0.33247481251420347,-0.38172743176851376
bone,E_168,samft_b_ende_lora,none,0,0,0.9086311627285056,0.27618594697420046,1.2817801091416725
bone,A_154,samft_b_ende_lora,none,0,0,0.6460481099656358,0.1205044955044955,4.703389297616802
bone,F_225,samft_b_ende_lora,none,0,0,0.8516379344044408,0.40459467369037166,-0.6601531023368259
bone,C_63,samft_b_ende_lora,none,0,0,0.8907793808299513,0.40405452638937434,0.06697237318840574
bone,C_270,samft_b_ende_lora,none,0,0,0.6693881967567886,0.10719530102790015,1.7822973278985503
bone,A_133,samft_b_ende_lora,none,0,0,0.7424159613700884,0.175,2.1707853864050817
bone,E_257,samft_b_ende_lora,none,0,0,0.849913966204801,0.33889769654014734,1.9837210464986599
bone,A_107,samft_b_ende_lora,none,0,0,0.7772758305129062,0.2364616515559912,1.5698924731182784
bone,C_115,samft_b_ende_lora,none,0,0,0.8951296532112083,0.46619278779472956,-0.34867527173913015
bone,F_202,samft_b_ende_lora,none,0,0,0.8508800681766037,0.32109197270068246,-0.35804458769809266
bone,D_48,samft_b_ende_lora,none,0,0,0.8406078089428447,0.2439824945295405,0.9652400887582229
bone,A_174,samft_b_ende_lora,none,0,0,0.6748838093263533,0.11430459200528577,8.628434886499402
bone,F_249,samft_t_ende_adapter_box,boxes,1,0,0.7975828586606853,0.3870870870870871,-1.7715551974214352
bone,C_218,samft_t_ende_adapter_box,boxes,1,0,0.6831679592629042,0.21039290240811154,-1.477355072463768
bone,E_377,samft_t_ende_adapter_box,boxes,1,0,0.660411456526898,0.13008026500191108,-4.062719927392714
bone,D_392,samft_t_ende_adapter_box,boxes,1,0,0.5392159977969135,0.15766618416657388,-5.52257242346839
bone,D_72,samft_t_ende_adapter_box,boxes,1,0,0.543070648187091,0.18235893949694085,-3.685143058357973
bone,D_200,samft_t_ende_adapter_box,boxes,1,0,0.8034982600597951,0.2296807883432999,-0.9988094772319502
bone,D_232,samft_t_ende_adapter_box,boxes,1,0,0.7623174988884921,0.2200392927308448,-1.499220291426559
bone,A_216,samft_t_ende_adapter_box,boxes,1,0,0.615757478570179,0.13538717735220648,-3.6976671068351896
bone,E_88,samft_t_ende_adapter_box,boxes,1,0,0.9144702189954335,0.22609549527433412,-2.2709966965223094
bone,D_168,samft_t_ende_adapter_box,boxes,1,0,0.8138172272397137,0.27408775981524247,-1.04910207754607
bone,F_100,samft_t_ende_adapter_box,boxes,1,0,0.8683894417142018,0.4040195064282548,-0.39407064195541297
bone,D_104,samft_t_ende_adapter_box,boxes,1,0,0.6452140661681067,0.2060543068728076,-2.491188454723805
bone,F_178,samft_t_ende_adapter_box,boxes,1,0,0.7517612848445906,0.27910295616717634,-1.3622414719312386
bone,D_328,samft_t_ende_adapter_box,boxes,1,0,0.7540446896870123,0.25006105006105006,-1.8205943670946203
bone,F_124,samft_t_ende_adapter_box,boxes,1,0,0.8507273012642333,0.3819061926222667,-0.5369997313994096
bone,C_541,samft_t_ende_adapter_box,boxes,1,0,0.6947070297066762,0.1720264007864064,-3.178272192028985
bone,C_334,samft_t_ende_adapter_box,boxes,1,0,0.8002571244911078,0.3132659643087508,-0.9592391304347824
bone,A_195,samft_t_ende_adapter_box,boxes,1,0,0.751854818932396,0.16025485926284377,2.755832232912031
bone,F_77,samft_t_ende_adapter_box,boxes,1,0,0.860212623833942,0.37360569815884964,-0.06950040290088638
bone,E_297,samft_t_ende_adapter_box,boxes,1,0,0.749278347576317,0.26549094375595805,-3.5613335435662945
bone,A_25,samft_t_ende_adapter_box,boxes,1,0,0.8011063798813554,0.19080068143100512,-1.038168898949883
bone,E_128,samft_t_ende_adapter_box,boxes,1,0,0.8718797022059185,0.15999007813468932,-1.6960608239850183
bone,C_438,samft_t_ende_adapter_box,boxes,1,0,0.6757047228148729,0.21864124678468755,-2.3547044836956523
bone,E_48,samft_t_ende_adapter_box,boxes,1,0,0.8791646467570423,0.12148729905509878,-4.652557983917177
bone,A_66,samft_t_ende_adapter_box,boxes,1,0,0.7876139147476727,0.23177772432042337,1.2857951329937736
bone,F_53,samft_t_ende_adapter_box,boxes,1,0,0.8750065088619278,0.3204071740184198,-0.5799422508729515
bone,E_417,samft_t_ende_adapter_box,boxes,1,0,0.7076769192298075,0.2028350812492797,-4.249237585038592
bone,C_489,samft_t_ende_adapter_box,boxes,1,0,0.5014964216005205,0.06529625151148731,-5.0060292119565215
bone,E_337,samft_t_ende_adapter_box,boxes,1,0,0.6949674874418318,0.17921918229326775,-2.4943371700848744
bone,A_46,samft_t_ende_adapter_box,boxes,1,0,0.803874749722888,0.24402549123738715,1.0751430547695395
bone,E_208,samft_t_ende_adapter_box,boxes,1,0,0.807046623607011,0.2562466772993089,-4.807540697383753
bone,F_29,samft_t_ende_adapter_box,boxes,1,0,0.8229474118340557,0.3241758241758242,-0.4224751544453398
bone,F_154,samft_t_ende_adapter_box,boxes,1,0,0.8287822544649163,0.3309442752194947,-0.5563389739457427
bone,D_264,samft_t_ende_adapter_box,boxes,1,0,0.7149576830931486,0.24420521772863932,-1.6868422082241084
bone,A_87,samft_t_ende_adapter_box,boxes,1,0,0.7426956561374721,0.20335016627663505,2.8916556624536236
bone,C_386,samft_t_ende_adapter_box,boxes,1,0,0.7160569878238987,0.18884195705737417,-2.1013360507246377
bone,C_166,samft_t_ende_adapter_box,boxes,1,0,0.7578082375496444,0.23571192599933927,-0.9179970561594204
bone,D_360,samft_t_ende_adapter_box,boxes,1,0,0.7127712161344952,0.2756288882878009,-4.059224315728874
bone,E_168,samft_t_ende_adapter_box,boxes,1,0,0.8652703168366025,0.2605022831050228,-2.99187782901138
bone,A_154,samft_t_ende_adapter_box,boxes,1,0,0.6248228659565238,0.13765219815968027,5.433691756272401
bone,F_225,samft_t_ende_adapter_box,boxes,1,0,0.7983476630409092,0.39839778154367583,-1.6171098576416874
bone,C_63,samft_t_ende_adapter_box,boxes,1,0,0.7396861104533375,0.23272127088920982,-1.9837522644927539
bone,C_270,samft_t_ende_adapter_box,boxes,1,0,0.7156455233186466,0.1094188376753507,0.113111413043478
bone,A_133,samft_t_ende_adapter_box,boxes,1,0,0.7167173216952679,0.19941775836972345,0.11129975476325271
bone,E_257,samft_t_ende_adapter_box,boxes,1,0,0.8026409720552606,0.2678533810827891,-2.8107441862253806
bone,A_107,samft_t_ende_adapter_box,boxes,1,0,0.7432593100112849,0.2597213809812235,0.5596428346852811
bone,C_115,samft_t_ende_adapter_box,boxes,1,0,0.6109437050502156,0.1226923076923077,-2.7571048460144927
bone,F_202,samft_t_ende_adapter_box,boxes,1,0,0.7078988029279103,0.27743026204564664,-1.8938691915122214
bone,D_48,samft_t_ende_adapter_box,boxes,1,0,0.334012708744307,0.12678494158373,-3.8411630233689
bone,A_174,samft_t_ende_adapter_box,boxes,1,0,0.6729619659004625,0.16504428659124792,8.671822926491856
plasma,9511,samft_t_ende_adapter_box,boxes,0,2,0.12283529090412455,0.0018359853121175031,-4.087705761316872
plasma,2139,samft_t_ende_adapter_box,boxes,0,2,0.32466888065775557,0.0643269366114578,-18.828189300411523
plasma,2026,samft_t_ende_adapter_box,boxes,0,2,0.582055663866625,0.06559485530546624,-3.10133744855967
plasma,9830,samft_t_ende_adapter_box,boxes,0,2,0.8827067188477539,0.13774709758393475,0.883423353909464
plasma,9397,samft_t_ende_adapter_box,boxes,0,2,0.6805382385802419,0.07913146779303062,-0.07298096707818863
plasma,1815,samft_t_ende_adapter_box,boxes,0,2,0.7245085684164226,0.0564276234497277,-0.7579089506172837
plasma,409,samft_t_ende_adapter_box,boxes,0,2,0.3429979745329386,0.009389083625438157,1.2359182098765433
plasma,1954,samft_t_ende_adapter_box,boxes,0,2,0.7335478585846688,0.10829048843187661,-1.5866126543209873
plasma,1948,samft_t_ende_adapter_box,boxes,0,2,0.004283158077651026,0.0007592053650512464,-27.263117283950617
plasma,1716,samft_t_ende_adapter_box,boxes,0,2,0.9568130810009772,0.3387919048354704,0.3098636831275717
plasma,2384,samft_t_ende_adapter_box,boxes,0,2,0.6384110620775745,0.08055367994598245,2.7008101851851847
plasma,1967,samft_t_ende_adapter_box,boxes,0,2,0.3725961371993657,0.012928109710367487,-7.657921810699587
plasma,2258,samft_t_ende_adapter_box,boxes,0,2,0.05165902831301503,0.0,-19.211998456790123
plasma,2186,samft_t_ende_adapter_box,boxes,0,2,0.5482268149043353,0.07281097331830139,-7.924447016460907
plasma,2424,samft_t_ende_adapter_box,boxes,0,2,0.464681511829122,0.016283781201024427,-14.90117026748971
plasma,9347,samft_t_ende_adapter_box,boxes,0,2,0.8277820048377755,0.05952166876461068,-0.5628215020576134
plasma,9387,samft_t_ende_adapter_box,boxes,0,2,0.8075024274168182,0.22048230504227997,1.6761831275720167
plasma,9798,samft_t_ende_adapter_box,boxes,0,2,0.27123834886817577,0.049668621924278206,-9.779706790123457
plasma,9912,samft_t_ende_adapter_box,boxes,0,2,0.2927682502663906,0.06453862245293251,-10.510738168724279
plasma,516,samft_t_ende_adapter_box,boxes,0,2,0.13587650043054705,0.0081795150199059,-5.66358024691358
plasma,2339,samft_t_ende_adapter_box,boxes,0,2,0.7919294289413412,0.16729869490273333,-2.829411008230451
plasma,1776,samft_t_ende_adapter_box,boxes,0,2,0.040509458465678834,0.007557234941098022,-15.410493827160495
plasma,2046,samft_t_ende_adapter_box,boxes,0,2,0.7608277653481069,0.06792279938147873,-3.2664609053497937
plasma,9398,samft_t_ende_adapter_box,boxes,0,2,0.36682472501485586,0.006772703950743971,-4.625128600823046
plasma,9871,samft_t_ende_adapter_box,boxes,0,2,0.0071839381678162366,0.0009448361072752381,-3.9600694444444446
plasma,9281,samft_t_ende_adapter_box,boxes,0,2,0.01450597854581012,0.00044193035177656,-34.9028420781893
plasma,9276,samft_t_ende_adapter_box,boxes,0,2,0.7308309175106359,0.038357843137254904,-1.4955632716049376
plasma,2394,samft_t_ende_adapter_box,boxes,0,2,0.5248094218247737,0.06496629622882127,-15.179012345679011
plasma,9300,samft_t_ende_adapter_box,boxes,0,2,0.6213723311468751,0.07894062366510038,3.781893004115226
plasma,1694,samft_t_ende_adapter_box,boxes,0,2,0.6237661848392917,0.011662063220658513,-8.134259259259258
plasma,1719,samft_t_ende_adapter_box,boxes,0,2,0.7329197765112795,0.18624694376528117,-1.2140560699588478
plasma,403,samft_t_ende_adapter_box,boxes,0,2,0.38088554871423397,0.036571428571428574,-0.21553497942386843
plasma,9630,samft_t_ende_adapter_box,boxes,0,2,0.16985580917427393,0.0309642077897962,-18.181905864197528
plasma,2078,samft_t_ende_adapter_box,boxes,0,2,0.3517891516310872,0.029288470614363845,-6.70479681069959
plasma,207,samft_t_ende_adapter_box,boxes,0,2,0.07148884870403857,0.016790442363577657,-4.582561728395061
plasma,1981,samft_t_ende_adapter_box,boxes,0,2,0.4006600134161606,0.029584569732937684,8.220100308641975
plasma,9396,samft_t_ende_adapter_box,boxes,0,2,0.6404721849961507,0.07160828333655893,-2.5326646090534983
plasma,9353,samft_t_ende_adapter_box,boxes,0,2,0.9145726581213679,0.13039760581445062,-0.036201131687241955
plasma,1839,samft_t_ende_adapter_box,boxes,0,2,0.00017246869029929952,0.0,-8.540895061728394
plasma,203,samft_t_ende_adapter_box,boxes,0,2,0.06882634300627723,0.00759144237405107,-4.189107510288066
plasma,9367,samft_t_ende_adapter_box,boxes,0,2,0.32888736499228527,0.037632179141613105,5.864197530864198
plasma,1844,samft_t_ende_adapter_box,boxes,0,2,0.6111811573712138,0.04950704523336013,-1.126736111111111
plasma,9694,samft_t_ende_adapter_box,boxes,0,2,0.07694729048533187,0.01333195535345184,-12.859117798353909
plasma,1957,samft_t_ende_adapter_box,boxes,0,2,0.7101645631624475,0.11673100830988681,4.933899176954731
plasma,9875,samft_t_ende_adapter_box,boxes,0,2,0.49886154781895836,0.07194785660566558,-8.902713477366255
plasma,1853,samft_t_ende_adapter_box,boxes,0,2,0.32638159020360274,0.025791788131824697,-13.760802469135802
plasma,9339,samft_t_ende_adapter_box,boxes,0,2,0.0,0.0,2.619341563786008
plasma,1766,samft_t_ende_adapter_box,boxes,0,2,0.6204337899543378,0.103291339621397,0.4520318930041144
plasma,1863,samft_t_ende_adapter_box,boxes,0,2,0.8890972887498702,0.20926504768774545,0.4203960905349788
plasma,9292,samft_t_ende_adapter_box,boxes,0,2,0.08729584309908867,0.025049982359167354,-10.118634259259258
plasma,1854,samft_t_ende_adapter_box,boxes,0,2,0.6573805176361476,0.09445942419761677,-2.908436213991769
plasma,2063,samft_t_ende_adapter_box,boxes,0,2,0.05489153545992121,0.008383635144198525,-22.61181841563786
plasma,2184,samft_t_ende_adapter_box,boxes,0,2,0.8976364654258396,0.22781417510422872,1.0124099794238686
plasma,9886,samft_t_ende_adapter_box,boxes,0,2,0.017900307573701243,0.006220839813374806,-15.150591563786008
plasma,9626,samft_t_ende_adapter_box,boxes,0,2,0.5676987610542931,0.038094142018644264,-5.12988683127572
plasma,9421,samft_t_ende_adapter_box,boxes,0,2,0.0003884162328107143,0.0,-8.573623971193415
plasma,407,samft_t_ende_adapter_box,boxes,0,2,0.15516015311757675,0.027717259743403534,-3.1603652263374484
plasma,1944,samft_t_ende_adapter_box,boxes,0,2,0.07744269314532501,0.0,-5.740997942386832
plasma,1972,samft_t_ende_adapter_box,boxes,0,2,0.899108867701128,0.14953919334060053,-0.44502314814814786
plasma,9357,samft_t_ende_adapter_box,boxes,0,2,0.0,0.0,-3.11548353909465
plasma,1837,samft_t_ende_adapter_box,boxes,0,2,0.5292324788978682,0.06684405451080508,-2.2136702674897117
plasma,2174,samft_t_ende_adapter_box,boxes,0,2,0.6648099492030128,0.09409791062986121,1.9074074074074077
plasma,2404,samft_t_ende_adapter_box,boxes,0,2,0.8424133285312204,0.10365058670143416,2.4657278806584375
plasma,2192,samft_t_ende_adapter_box,boxes,0,2,0.0005937260696346223,0.0,-18.91840277777778
plasma,9590,samft_t_ende_adapter_box,boxes,0,2,0.4801952318378074,0.04808519793459552,-4.162165637860083
plasma,1870,samft_t_ende_adapter_box,boxes,0,2,0.6743306623871252,0.04629983662970558,-6.910558127572017
plasma,102,samft_t_ende_adapter_box,boxes,0,2,0.34980441199994183,0.05754209338656483,-11.282664609053498
plasma,1705,samft_t_ende_adapter_box,boxes,0,2,0.5925658116109078,0.02496705227705374,0.8117283950617282
plasma,9321,samft_t_ende_adapter_box,boxes,0,2,0.6538700823421775,0.038838098943136876,3.3937757201646095
plasma,1704,samft_t_ende_adapter_box,boxes,0,2,0.7610622232980144,0.10248354278874926,0.8288966049382722
plasma,9838,samft_t_ende_adapter_box,boxes,0,2,0.4952036494415022,0.06129856163462831,-3.4029706790123457
plasma,9775,samft_t_ende_adapter_box,boxes,0,2,0.07090242653612443,0.030604353110153575,-21.90117026748971
plasma,2221,samft_t_ende_adapter_box,boxes,0,2,0.07711870360396225,0.005469284109776346,-9.953896604938272
plasma,9714,samft_t_ende_adapter_box,boxes,0,2,0.021805803105480352,0.0023505905858847037,-19.746399176954732
plasma,104,samft_t_ende_adapter_box,boxes,0,2,0.4107694754236644,0.004824605487988742,-5.144225823045267
plasma,1745,samft_t_ende_adapter_box,boxes,0,2,0.5616632419243476,0.0627495226523173,0.41390174897119325
plasma,9528,samft_t_ende_adapter_box,boxes,0,2,0.6032041546225074,0.03313337053571429,-5.0266846707818935
plasma,1898,samft_t_ende_adapter_box,boxes,0,2,0.47748367407006337,0.06000814422685374,-14.385866769547325
plasma,2216,samft_t_ende_adapter_box,boxes,0,2,0.7346804116046681,0.1270846800258565,1.291730967078189
plasma,9625,samft_t_ende_adapter_box,boxes,0,2,0.1816277148253069,0.02310420860895408,-9.122427983539094
plasma,2178,samft_t_ende_adapter_box,boxes,0,2,0.009114258339304836,0.003740893876747391,-7.290444958847736
plasma,2087,samft_t_ende_adapter_box,boxes,0,2,0.6721623679815949,0.07316722223554521,-6.077996399176955
plasma,1992,samft_t_ende_adapter_box,boxes,0,2,0.5679342823666491,0.08615604186489058,-1.760995370370369
plasma,2189,samft_t_ende_adapter_box,boxes,0,2,0.005701174109511118,0.0040756914119359534,-19.85159465020576
plasma,507,samft_t_ende_adapter_box,boxes,0,2,0.46010565447074936,0.06450960566228514,-5.254308127572016
plasma,1970,samft_t_ende_adapter_box,boxes,0,2,0.7150239619903785,0.10299499229583975,-7.654578189300411
plasma,9692,samft_t_ende_adapter_box,boxes,0,2,0.5730574623168919,0.07698961937716263,2.2915380658436213
plasma,1984,samft_t_ende_adapter_box,boxes,0,2,0.42960750479560644,0.03996338157107144,3.134902263374485
plasma,9726,samft_t_ende_adapter_box,boxes,0,2,0.14414942003693337,0.031200467172770502,-12.362975823045268
plasma,9782,samft_t_ende_adapter_box,boxes,0,2,0.3810692352937456,0.08275977140950236,-9.21264146090535
plasma,2301,samft_t_ende_adapter_box,boxes,0,2,0.5198797264575185,0.10091357134270947,-8.52147633744856
plasma,2033,samft_t_ende_adapter_box,boxes,0,2,0.6064528842132355,0.1813077713111948,2.406507201646091
plasma,9373,samft_t_ende_adapter_box,boxes,0,2,0.12294098184106553,0.022280887011615628,-7.197723765432099
plasma,1762,samft_t_ende_adapter_box,boxes,0,2,0.8172680195045926,0.07846366340841479,-0.09522890946502133
plasma,9600,samft_t_ende_adapter_box,boxes,0,2,0.03450020803580465,0.0008830022075055188,-5.520769032921811
plasma,518,samft_t_ende_adapter_box,boxes,0,2,0.3814689223775513,0.016838513463392924,-8.599279835390947
plasma,9504,samft_t_ende_adapter_box,boxes,0,2,0.03107460091761604,0.0,-10.788901748971194
plasma,2015,samft_t_ende_adapter_box,boxes,0,2,0.8473456657546526,0.1774663210777255,-2.793595679012345
plasma,113,samft_t_ende_adapter_box,boxes,0,2,0.001812250815512867,0.0,-6.020833333333334
plasma,9442,samft_t_ende_adapter_box,boxes,0,2,0.13725033676473034,0.017134697762970014,4.217335390946503
plasma,9773,samft_t_ende_adapter_box,boxes,0,2,0.02400119808193863,0.0017921146953405018,-22.18061985596708
plasma,9629,samft_t_ende_adapter_box,boxes,0,2,0.46112313722868103,0.025583769299476842,-7.914223251028806
plasma,2227,samft_t_ende_adapter_box,boxes,0,2,0.7098309263199066,0.08382947055071231,3.0083590534979416
plasma,2142,samft_t_ende_adapter_box,boxes,0,2,0.36997181913774974,0.006811211753797875,-22.06127829218107
plasma,208,samft_t_ende_adapter_box,boxes,0,2,0.012722471322861938,0.00527831094049904,-9.17579732510288
plasma,9605,samft_t_ende_adapter_box,boxes,0,2,0.8639575282039271,0.10865241173545499,0.34780092592592604
plasma,9686,samft_t_ende_adapter_box,boxes,0,2,0.522592811331116,0.07990121883215168,-5.23585390946502
plasma,1959,samft_t_ende_adapter_box,boxes,0,2,0.8285799817147665,0.13439773645917544,1.9063786008230457
plasma,1816,samft_t_ende_adapter_box,boxes,0,2,0.08916150329451525,0.036869014185929284,-15.573431069958849
plasma,9774,samft_t_ende_adapter_box,boxes,0,2,0.03678783259302091,0.027199814018365687,-13.81545781893004
plasma,2188,samft_t_ende_adapter_box,boxes,0,2,0.417172233528487,0.05288796102992345,3.571952160493827
plasma,110,samft_t_ende_adapter_box,boxes,0,2,0.18016084986345768,0.03140126597989326,-5.15843621399177
plasma,9845,samft_t_ende_adapter_box,boxes,0,2,0.7942002240822513,0.1340847260007773,-0.30587705761316863
plasma,9789,samft_t_ende_adapter_box,boxes,0,2,0.07940426673822622,0.01500352431779277,-3.854681069958848
plasma,2105,samft_t_ende_adapter_box,boxes,0,2,0.5476852933112644,0.09441947442669203,-21.74897119341564
plasma,9453,samft_t_ende_adapter_box,boxes,0,2,0.5394879863305123,0.05762117967685419,0.036715534979424314
plasma,2386,samft_t_ende_adapter_box,boxes,0,2,0.32823601944593245,0.11720663025051799,-13.181069958847738
plasma,2073,samft_t_ende_adapter_box,boxes,0,2,0.0029425729341907045,0.005792064871126557,-10.924447016460906
plasma,1847,samft_t_ende_adapter_box,boxes,0,2,0.5663913812405692,0.09575817750565392,7.087255658436215
plasma,9902,samft_t_ende_adapter_box,boxes,0,2,0.06681082589285714,0.012016823552974164,-0.20370370370370386
plasma,9581,samft_t_ende_adapter_box,boxes,0,2,0.4462736587149803,0.021456436931079324,0.4283050411522632
plasma,417,samft_t_ende_adapter_box,boxes,0,2,0.004596164291981782,0.0,-1.5318287037037037
plasma,2392,samft_t_ende_adapter_box,boxes,0,2,0.04694451457874437,0.021207177814029365,-13.447145061728394
plasma,506,samft_t_ende_adapter_box,boxes,0,2,0.05834307927594354,0.003478548948153056,-12.78684413580247
plasma,1871,samft_t_ende_adapter_box,boxes,0,2,0.6021820438132336,0.04960961790921025,1.4124228395061722
plasma,2145,samft_t_ende_adapter_box,boxes,0,2,0.5090250156803193,0.05246426154193244,-23.71920010288066
plasma,1774,samft_t_ende_adapter_box,boxes,0,2,0.5634781797401628,0.08476293394569769,-3.370177469135803
plasma,9464,samft_t_ende_adapter_box,boxes,0,2,0.9529667498591096,0.4079581993569132,0.16126543209876512
plasma,9832,samft_t_ende_adapter_box,boxes,0,2,0.7839689765449473,0.07280313881796101,3.5603780864197523
plasma,2052,samft_t_ende_adapter_box,boxes,0,2,0.7362474234912063,0.11192234298514893,-3.0391589506172836
plasma,2200,samft_t_ende_adapter_box,boxes,0,2,0.6074214370847641,0.13219969931048783,-6.659722222222221
plasma,9841,samft_t_ende_adapter_box,boxes,0,2,0.4830056058306929,0.0542719414893617,4.54809670781893
plasma,9805,samft_t_ende_adapter_box,boxes,0,2,0.2958656044029205,0.036740528949249465,-4.938593106995885
plasma,1838,samft_t_ende_adapter_box,boxes,0,2,0.18249561111963322,0.01293103448275862,-15.224472736625517
plasma,1888,samft_t_ende_adapter_box,boxes,0,2,0.5840627379993156,0.09267004182258419,-0.8189300411522632
plasma,9286,samft_t_ende_adapter_box,boxes,0,2,0.5777552056881666,0.027875273411668955,-0.23874742798353915
plasma,9859,samft_t_ende_adapter_box,boxes,0,2,0.35248868016630475,0.040683848576386655,-2.135545267489711
plasma,2060,samft_t_ende_adapter_box,boxes,0,2,0.7368221246165052,0.042925034493331286,-2.6936085390946505
plasma,2380,samft_t_ende_adapter_box,boxes,0,2,0.573341812593215,0.08012887133652047,-3.3858024691358026
plasma,1770,samft_t_ende_adapter_box,boxes,0,2,0.5051473343553058,0.037818281111338656,0.7395833333333324
plasma,1855,samft_t_ende_adapter_box,boxes,0,2,0.6528027338367415,0.08919395659176317,-1.9989711934156378
plasma,2359,samft_t_ende_adapter_box,boxes,0,2,0.4044066670751094,0.04584589940655706,-17.14519032921811
plasma,1994,samft_t_ende_adapter_box,boxes,0,2,0.19653636813458683,0.00923211551082914,-24.07034465020576
plasma,1709,samft_t_ende_adapter_box,boxes,0,2,0.4481479746733035,0.08408357397655852,-6.842399691358025
plasma,2071,samft_t_ende_adapter_box,boxes,0,2,0.5177755434594182,0.060476219624166,-5.9943415637860085
plasma,9820,samft_t_ende_adapter_box,boxes,0,2,0.6857634871152616,0.09941296579887698,5.726723251028806
plasma,1747,samft_t_ende_adapter_box,boxes,0,2,0.794557267243007,0.13060570762958648,-2.5911779835390947
plasma,9512,samft_t_ende_adapter_box,boxes,0,2,0.38902945152517765,0.02720031086069555,-1.8656764403292183
plasma,1963,samft_t_ende_adapter_box,boxes,0,2,0.5564164881507027,0.09523436582214043,-3.572852366255144
plasma,2295,samft_t_ende_adapter_box,boxes,0,2,0.22519189819056995,0.023189245987173448,-26.728973765432094
plasma,2013,samft_t_ende_adapter_box,boxes,0,2,0.5042355939827078,0.051113963509672684,-13.67965534979424
plasma,1993,samft_t_ende_adapter_box,boxes,0,2,0.3110210894398204,0.01987664875427455,-25.56963734567901
plasma,9910,samft_t_ende_adapter_box,boxes,0,2,0.46411998168218593,0.06070287539936102,-4.603780864197531
plasma,9342,samft_t_ende_adapter_box,boxes,0,2,0.7528736897736281,0.11091662828189774,0.237911522633745
plasma,2318,samft_t_ende_adapter_box,boxes,0,2,0.13822357788950024,0.012582885187699054,-16.35911779835391
plasma,1742,samft_t_ende_adapter_box,boxes,0,2,0.7355017027787375,0.1384930060702032,-0.28993055555555647
plasma,305,samft_t_ende_adapter_box,boxes,0,2,0.10229989364089653,0.031930038641448034,-7.6649948559670795
plasma,1715,samft_t_ende_adapter_box,boxes,0,2,0.2658506390704189,0.04749723451327434,-13.35551697530864
plasma,9710,samft_t_ende_adapter_box,boxes,0,2,0.47024572518252916,0.11250522793810121,-8.165959362139919
plasma,1738,samft_t_ende_adapter_box,boxes,0,2,0.6139224180342037,0.10770545202114594,4.120563271604938
plasma,2315,samft_t_ende_adapter_box,boxes,0,2,0.3177323665128543,0.039632424662457005,-12.563335905349795
plasma,2439,samft_t_ende_adapter_box,boxes,0,2,0.6004569051994934,0.09331124456409194,-13.31468621399177
plasma,9889,samft_t_ende_adapter_box,boxes,0,2,0.4289643694297457,0.05397236614853195,5.4021990740740735
plasma,9706,samft_t_ende_adapter_box,boxes,0,2,0.21961697671915215,0.026887620719929763,-3.079025205761317
plasma,9786,samft_t_ende_adapter_box,boxes,0,2,0.0557358509121306,0.011863758132414848,-2.141460905349794
plasma,1739,samft_t_ende_adapter_box,boxes,0,2,0.5691400982021115,0.1025893472482032,-1.1461548353909465
plasma,9343,samft_t_ende_adapter_box,boxes,0,2,0.6020805502657534,0.04611097035723334,3.085776748971193
plasma,2025,samft_t_ende_adapter_box,boxes,0,2,0.21415498458839885,0.02980450806537763,-14.304591049382715
plasma,2047,samft_t_ende_adapter_box,boxes,0,2,0.14835989835989835,0.011175756561048094,-19.878986625514404
plasma,304,samft_t_ende_adapter_box,boxes,0,2,2.527869764149751e-05,0.0,-5.062885802469136
plasma,2110,samft_t_ende_adapter_box,boxes,0,2,0.5409141310680524,0.04165040423752439,-3.514531893004116
plasma,206,samft_t_ende_adapter_box,boxes,0,2,0.2906682499964658,0.05974416854778029,-6.3235596707818935
plasma,1693,samft_t_ende_adapter_box,boxes,0,2,0.6910966199890883,0.19118147769833163,2.872299382716049
plasma,2299,samft_t_ende_adapter_box,boxes,0,2,0.4153197386183087,0.03651465287572481,-3.1665380658436213
plasma,1812,samft_t_ende_adapter_box,boxes,0,2,0.23532377422535036,0.026813263221937333,-2.4913194444444424
plasma,9317,samft_t_ende_adapter_box,boxes,0,2,0.69559593805384,0.07125423195024014,0.7504501028806586
plasma,2378,samft_t_ende_adapter_box,boxes,0,2,0.6036393696392749,0.06086344675076645,-9.149305555555557
plasma,2423,samft_t_ende_adapter_box,boxes,0,2,0.0809847427239163,0.02209184412574243,-24.865162037037038
plasma,9402,samft_t_ende_adapter_box,boxes,0,2,0.16081453854923808,0.022752652149637075,-11.98000257201646
plasma,2160,samft_t_ende_adapter_box,boxes,0,2,0.49744736539346524,0.11479390175042349,-17.42965534979424
plasma,115,samft_t_ende_adapter_box,boxes,0,2,0.30582771103538825,0.024209012464046022,-4.720228909465021
plasma,2355,samft_t_ende_adapter_box,boxes,0,2,0.28578986350650726,0.024720489915163773,-15.885288065843623
plasma,2435,samft_t_ende_adapter_box,boxes,0,2,0.6836935570918249,0.09848914739679387,-5.285429526748972
plasma,2276,samft_t_ende_adapter_box,boxes,0,2,0.0011695134258254973,0.001356300013563,-19.964184670781897
plasma,513,samft_t_ende_adapter_box,boxes,0,2,0.4432760393498093,0.02088061733999092,-9.597736625514402
plasma,1808,samft_t_ende_adapter_box,boxes,0,2,0.6572394193582677,0.055079861682858555,-3.059349279835391
plasma,9719,samft_t_ende_adapter_box,boxes,0,2,0.4170533615253989,0.02209118489082596,3.636895576131688
plasma,9601,samft_t_ende_adapter_box,boxes,0,2,0.4375779798847001,0.027070063694267517,-7.911844135802469
plasma,2351,samft_t_ende_adapter_box,boxes,0,2,0.4145497116489016,0.04033566433566434,-12.35860339506173
plasma,2335,samft_t_ende_adapter_box,boxes,0,2,0.8496177264576642,0.14779808890735355,-1.3067129629629624
plasma,2159,samft_t_ende_adapter_box,boxes,0,2,0.6100006712441185,0.15300546448087432,-8.075424382716049
plasma,2086,samft_t_ende_adapter_box,boxes,0,2,0.3756484927794284,0.03768911500870264,-9.930234053497944
plasma,9407,samft_t_ende_adapter_box,boxes,0,2,0.8512628546893823,0.10945058118547397,0.49363425925925825
plasma,9727,samft_t_ende_adapter_box,boxes,0,2,0.08428924259055982,0.014696685428392746,-8.198559670781894
plasma,2082,samft_t_ende_adapter_box,boxes,0,2,0.4141877184882264,0.048691803019524145,-9.09542181069959
plasma,512,samft_t_ende_adapter_box,boxes,0,2,0.4190583286478832,0.018228746572027745,-7.24363425925926
plasma,9757,samft_t_ende_adapter_box,boxes,0,2,0.49246782230602,0.04242550748838908,-5.580375514403293
plasma,2122,samft_t_ende_adapter_box,boxes,0,2,0.22212325627087562,0.041123120884581935,-10.230902777777777
plasma,9801,samft_t_ende_adapter_box,boxes,0,2,0.18110941429079927,0.013659237958303379,-5.760545267489713
plasma,9511,samft_b_dec_adapter,none,0,0,0.40976593720266413,0.07472903593839134,8.099151234567902
plasma,2139,samft_b_dec_adapter,none,0,0,0.6307090544006871,0.06246428414435799,-9.594843106995887
plasma,2026,samft_b_dec_adapter,none,0,0,0.5580157233436551,0.10095337599582081,5.725630144032923
plasma,9830,samft_b_dec_adapter,none,0,0,0.6566846713603391,0.10366296565321158,3.671360596707818
plasma,9397,samft_b_dec_adapter,none,0,0,0.7011845749261095,0.10986143602663308,1.8286394032921816
plasma,1815,samft_b_dec_adapter,none,0,0,0.5315548562717344,0.08804727370400214,13.680105452674896
plasma,409,samft_b_dec_adapter,none,0,0,0.1557004130673392,0.023783920551584542,12.044881687242798
plasma,1954,samft_b_dec_adapter,none,0,0,0.6457725047986204,0.18476367436999186,6.202224794238682
plasma,1948,samft_b_dec_adapter,none,0,0,0.18135777944895537,0.006479193106672901,-15.05806327160494
plasma,1716,samft_b_dec_adapter,none,0,0,0.9024540938635296,0.29,0.5589634773662546
plasma,2384,samft_b_dec_adapter,none,0,0,0.5818560591872808,0.07335615524829947,8.05124742798354
plasma,1967,samft_b_dec_adapter,none,0,0,0.6134936105696339,0.09257028112449799,5.834233539094652
plasma,2258,samft_b_dec_adapter,none,0,0,0.4695638859525401,0.037927764847857946,1.1864711934156391
plasma,2186,samft_b_dec_adapter,none,0,0,0.6792752844747422,0.11545282572712225,-1.2871013374485623
plasma,2424,samft_b_dec_adapter,none,0,0,0.5080110990410889,0.021203421257252227,-1.719135802469135
plasma,9347,samft_b_dec_adapter,none,0,0,0.49774738099115234,0.07065150959540399,5.6211419753086425
plasma,9387,samft_b_dec_adapter,none,0,0,0.7358207793218887,0.10893321769297484,-1.1202417695473248
plasma,9798,samft_b_dec_adapter,none,0,0,0.2911887942216706,0.04330409005327885,2.3290895061728376
plasma,9912,samft_b_dec_adapter,none,0,0,0.5035464881201215,0.03686551703125952,-7.736625514403291
plasma,516,samft_b_dec_adapter,none,0,0,0.5392120344482491,0.08638372383890602,10.596450617283951
plasma,2339,samft_b_dec_adapter,none,0,0,0.7604897627611418,0.09279809010124232,-1.3516589506172823
plasma,1776,samft_b_dec_adapter,none,0,0,0.33436159290088374,0.0444932710793738,-3.7919238683127574
plasma,2046,samft_b_dec_adapter,none,0,0,0.5488486071570147,0.040106951871657755,8.854873971193417
plasma,9398,samft_b_dec_adapter,none,0,0,0.4442799976684601,0.02230892356942777,10.14281121399177
plasma,9871,samft_b_dec_adapter,none,0,0,0.4537958359810115,0.013872529773589845,4.04102366255144
plasma,9281,samft_b_dec_adapter,none,0,0,0.7241824277310392,0.029858229117343954,-9.355066872427987
plasma,9276,samft_b_dec_adapter,none,0,0,0.4300925001663672,0.04735359347839117,5.424897119341564
plasma,2394,samft_b_dec_adapter,none,0,0,0.6066317826268898,0.10993411233664592,-12.06867283950617
plasma,9300,samft_b_dec_adapter,none,0,0,0.32244580749235996,0.04473269487210571,13.78542952674897
plasma,1694,samft_b_dec_adapter,none,0,0,0.7005425392217846,0.03632040283476315,-3.3483796296296275
plasma,1719,samft_b_dec_adapter,none,0,0,0.5489373642375776,0.12476739436300095,2.4086934156378597
plasma,403,samft_b_dec_adapter,none,0,0,0.15268197950847118,0.029417801190394745,9.42650462962963
plasma,9630,samft_b_dec_adapter,none,0,0,0.38268936148113525,0.02768549280177187,-3.404835390946501
plasma,2078,samft_b_dec_adapter,none,0,0,0.5693067906796336,0.0472045200709546,3.6450617283950604
plasma,207,samft_b_dec_adapter,none,0,0,0.5455428871159208,0.1112121212121212,-3.604230967078189
plasma,1981,samft_b_dec_adapter,none,0,0,0.27453153160922017,0.013472026582872828,13.027777777777777
plasma,9396,samft_b_dec_adapter,none,0,0,0.61931551679313,0.1149251583189407,7.927276234567901
plasma,9353,samft_b_dec_adapter,none,0,0,0.6725655651170033,0.09914061526964753,4.359696502057614
plasma,1839,samft_b_dec_adapter,none,0,0,0.5145237225214347,0.038464713165497315,6.049254115226336
plasma,203,samft_b_dec_adapter,none,0,0,0.4757674670482266,0.10716121295185883,2.1257073045267494
plasma,9367,samft_b_dec_adapter,none,0,0,0.31048364757806873,0.0,4.789351851851852
plasma,1844,samft_b_dec_adapter,none,0,0,0.4028634617623094,0.028229255774165955,6.06031378600823
plasma,9694,samft_b_dec_adapter,none,0,0,0.46693683801044905,0.03776047147968849,-1.246141975308643
plasma,1957,samft_b_dec_adapter,none,0,0,0.6011159101077194,0.11834733893557423,10.14917695473251
plasma,9875,samft_b_dec_adapter,none,0,0,0.7781887002746587,0.06334589951177307,2.3203446502057608
plasma,1853,samft_b_dec_adapter,none,0,0,0.5345591024159617,0.07241535733432307,-5.647376543209877
plasma,9339,samft_b_dec_adapter,none,0,0,0.18824922302797098,0.07189339944220638,8.98996913580247
plasma,1766,samft_b_dec_adapter,none,0,0,0.6054746236802535,0.08946463508626312,3.51710390946502
plasma,1863,samft_b_dec_adapter,none,0,0,0.7416020231295997,0.12545892611289583,0.7659465020576128
plasma,9292,samft_b_dec_adapter,none,0,0,0.49585402333233625,0.03981185956660507,1.247170781893006
plasma,1854,samft_b_dec_adapter,none,0,0,0.6053293555875265,0.06737530662305806,-3.2388760288065837
plasma,2063,samft_b_dec_adapter,none,0,0,0.16502934077712575,0.015826814626159723,-13.299125514403293
plasma,2184,samft_b_dec_adapter,none,0,0,0.8760077682610184,0.34795439302481557,1.6765046296296298
plasma,9886,samft_b_dec_adapter,none,0,0,0.5445695750419127,0.033424464238469,4.1211419753086425
plasma,9626,samft_b_dec_adapter,none,0,0,0.7478382425079914,0.22530591648795256,3.0300282921810693
plasma,9421,samft_b_dec_adapter,none,0,0,0.5417369431776227,0.04537031120199374,7.026427469135803
plasma,407,samft_b_dec_adapter,none,0,0,0.3902180523595961,0.04559915164369035,6.4194315843621395
plasma,1944,samft_b_dec_adapter,none,0,0,0.14712623691947774,0.0,3.5622427983539096
plasma,1972,samft_b_dec_adapter,none,0,0,0.6803161936025507,0.06087569377147388,-2.289351851851852
plasma,9357,samft_b_dec_adapter,none,0,0,0.16959165748236335,0.01327129890931279,4.769483024691358
plasma,1837,samft_b_dec_adapter,none,0,0,0.49063051895122944,0.05875495453485661,4.471064814814815
plasma,2174,samft_b_dec_adapter,none,0,0,0.4047943412218381,0.03449044822716123,1.7137988683127574
plasma,2404,samft_b_dec_adapter,none,0,0,0.6510396063485937,0.06291870360311425,5.021347736625516
plasma,2192,samft_b_dec_adapter,none,0,0,0.3308829195370413,0.02924481737413623,-4.601080246913581
plasma,9590,samft_b_dec_adapter,none,0,0,0.5408470385897023,0.048809922896413005,0.6035236625514404
plasma,1870,samft_b_dec_adapter,none,0,0,0.7830383126674798,0.15956646093632396,-1.8841949588477376
plasma,102,samft_b_dec_adapter,none,0,0,0.7627275868968152,0.20274693537000193,-4.223443930041151
plasma,1705,samft_b_dec_adapter,none,0,0,0.7588941882511381,0.17672464106455002,3.5704089506172836
plasma,9321,samft_b_dec_adapter,none,0,0,0.15839213170836006,0.001094006407751817,7.381687242798354
plasma,1704,samft_b_dec_adapter,none,0,0,0.7764052504969717,0.12851215174866626,0.9068287037037042
plasma,9838,samft_b_dec_adapter,none,0,0,0.5815169384295844,0.04255100994565775,3.299125514403292
plasma,9775,samft_b_dec_adapter,none,0,0,0.4406561884218907,0.030213330611411657,-8.403613683127572
plasma,2221,samft_b_dec_adapter,none,0,0,0.6591025238293942,0.041205925307740456,3.7458847736625516
plasma,9714,samft_b_dec_adapter,none,0,0,0.15166670035779983,0.0044086293499078525,-11.964248971193415
plasma,104,samft_b_dec_adapter,none,0,0,0.7551856245796716,0.19607037158829332,2.574588477366256
plasma,1745,samft_b_dec_adapter,none,0,0,0.6473680015378916,0.06680208937899014,4.466563786008229
plasma,9528,samft_b_dec_adapter,none,0,0,0.7834414916710463,0.13915956151035322,3.0483539094650207
plasma,1898,samft_b_dec_adapter,none,0,0,0.6973908901873773,0.04179037767774479,-10.95704732510288
plasma,2216,samft_b_dec_adapter,none,0,0,0.6065574102461814,0.0984249029561063,5.369020061728394
plasma,9625,samft_b_dec_adapter,none,0,0,0.2662756821600625,0.012459188651630577,1.441550925925926
plasma,2178,samft_b_dec_adapter,none,0,0,0.2316268112964637,0.009990379634426108,1.1552854938271615
plasma,2087,samft_b_dec_adapter,none,0,0,0.5875813814160435,0.048499905484593986,-11.3804012345679
plasma,1992,samft_b_dec_adapter,none,0,0,0.6038412727378296,0.07457864412255667,-0.4426440329218101
plasma,2189,samft_b_dec_adapter,none,0,0,0.7488297513796167,0.0954887767785333,-2.197016460905349
plasma,507,samft_b_dec_adapter,none,0,0,0.6636577736272126,0.09964915478197475,3.4544110082304527
plasma,1970,samft_b_dec_adapter,none,0,0,0.7309293420581292,0.13152388701615716,-6.850501543209877
plasma,9692,samft_b_dec_adapter,none,0,0,0.42620105620011073,0.05265450585352573,6.796424897119341
plasma,1984,samft_b_dec_adapter,none,0,0,0.25432709960875677,0.017393506986954868,8.766460905349795
plasma,9726,samft_b_dec_adapter,none,0,0,0.5930804328390419,0.03566181381060505,4.538708847736625
plasma,9782,samft_b_dec_adapter,none,0,0,0.2525771151295058,0.01265368392712914,-10.53317901234568
plasma,2301,samft_b_dec_adapter,none,0,0,0.7104841295286951,0.09622592172927744,-0.5977366255144029
plasma,2033,samft_b_dec_adapter,none,0,0,0.7118835283135043,0.07230688885723781,2.801440329218108
plasma,9373,samft_b_dec_adapter,none,0,0,0.27819432387969045,0.033379627412480246,9.038901748971194
plasma,1762,samft_b_dec_adapter,none,0,0,0.5979472543154313,0.029711689997218873,1.221064814814815
plasma,9600,samft_b_dec_adapter,none,0,0,0.558171809582881,0.0433946130825139,5.348122427983538
plasma,518,samft_b_dec_adapter,none,0,0,0.6193050193050194,0.06840274224905352,6.37673611111111
plasma,9504,samft_b_dec_adapter,none,0,0,0.5763226313069871,0.04000654503804303,-6.1548996913580245
plasma,2015,samft_b_dec_adapter,none,0,0,0.6932483390591937,0.07233221907945488,-13.369470164609051
plasma,113,samft_b_dec_adapter,none,0,0,0.6459756963205459,0.1575310377137503,0.08590534979423872
plasma,9442,samft_b_dec_adapter,none,0,0,0.37997358395124675,0.008409530801575119,4.768197016460905
plasma,9773,samft_b_dec_adapter,none,0,0,0.49657575063030024,0.028660480779565078,-2.855066872427983
plasma,9629,samft_b_dec_adapter,none,0,0,0.7939910789727064,0.156068524970964,2.8775720164609053
plasma,2227,samft_b_dec_adapter,none,0,0,0.666062902420604,0.0842372343799556,1.4007201646090526
plasma,2142,samft_b_dec_adapter,none,0,0,0.5284178766189256,0.0015043626516899008,-15.90991512345679
plasma,208,samft_b_dec_adapter,none,0,0,0.6493742889647327,0.19769274863857839,-0.15682870370370416
plasma,9605,samft_b_dec_adapter,none,0,0,0.1348508077433527,0.0209375,17.88670267489712
plasma,9686,samft_b_dec_adapter,none,0,0,0.5176906994634034,0.06050506947052197,9.601851851851853
plasma,1959,samft_b_dec_adapter,none,0,0,0.6291635442776299,0.0752054068380599,5.918595679012347
plasma,1816,samft_b_dec_adapter,none,0,0,0.6249515564795469,0.08504282015534755,2.1231352880658445
plasma,9774,samft_b_dec_adapter,none,0,0,0.39696783057753354,0.014536418698555676,-1.3503086419753063
plasma,2188,samft_b_dec_adapter,none,0,0,0.49934050406134806,0.07828734354612671,11.603202160493826
plasma,110,samft_b_dec_adapter,none,0,0,0.7836478558493117,0.11490187129164765,-0.9824459876543213
plasma,9845,samft_b_dec_adapter,none,0,0,0.49138521815576525,0.04398864809081527,4.104873971193415
plasma,9789,samft_b_dec_adapter,none,0,0,0.09344226136673255,0.007124882515235121,16.29616769547325
plasma,2105,samft_b_dec_adapter,none,0,0,0.529930399014377,0.07216922438822065,-20.32060185185185
plasma,9453,samft_b_dec_adapter,none,0,0,0.19438911900355454,0.02564102564102564,-4.222157921810699
plasma,2386,samft_b_dec_adapter,none,0,0,0.5138017395461534,0.056011785356068204,-3.121334876543211
plasma,2073,samft_b_dec_adapter,none,0,0,0.6425605936513856,0.0838680109990834,5.348958333333333
plasma,1847,samft_b_dec_adapter,none,0,0,0.4477501424750305,0.018778118276064418,2.72948816872428
plasma,9902,samft_b_dec_adapter,none,0,0,0.49536536089650945,0.10511080055899381,7.573688271604939
plasma,9581,samft_b_dec_adapter,none,0,0,0.4121069999035869,0.03942598187311178,10.377764917695472
plasma,417,samft_b_dec_adapter,none,0,0,0.48920496401654673,0.10817784835252084,1.4681069958847737
plasma,2392,samft_b_dec_adapter,none,0,0,0.6897577013170447,0.08634015292415788,1.2360468106995897
plasma,506,samft_b_dec_adapter,none,0,0,0.5192478098129774,0.043413345584012865,3.747363683127572
plasma,1871,samft_b_dec_adapter,none,0,0,0.4882762057262311,0.07926426921807984,7.652199074074073
plasma,2145,samft_b_dec_adapter,none,0,0,0.43548002296722377,0.01892252894033838,-26.54275977366255
plasma,1774,samft_b_dec_adapter,none,0,0,0.7111924686192469,0.13601769001337036,3.1504629629629632
plasma,9464,samft_b_dec_adapter,none,0,0,0.9268791414910137,0.24858199753390875,0.5390946502057612
plasma,9832,samft_b_dec_adapter,none,0,0,0.7180037386780704,0.09638024951678088,5.929848251028807
plasma,2052,samft_b_dec_adapter,none,0,0,0.7540678521490516,0.11809427268119614,3.0449459876543212
plasma,2200,samft_b_dec_adapter,none,0,0,0.6704898566303764,0.1041740674955595,-2.734117798353909
plasma,9841,samft_b_dec_adapter,none,0,0,0.35630124889617765,0.03318301137510938,8.579861111111112
plasma,9805,samft_b_dec_adapter,none,0,0,0.4078995682396586,0.043729065872720504,6.682613168724279
plasma,1838,samft_b_dec_adapter,none,0,0,0.5764558641949384,0.02513589308589828,4.188464506172837
plasma,1888,samft_b_dec_adapter,none,0,0,0.6877021126744355,0.0900706436420722,3.8156507201646095
plasma,9286,samft_b_dec_adapter,none,0,0,0.5110518354667144,0.022066066854928745,6.389531893004116
plasma,9859,samft_b_dec_adapter,none,0,0,0.2481122995162023,0.0032861476238624874,-4.813850308641975
plasma,2060,samft_b_dec_adapter,none,0,0,0.4842697794302813,0.046090720026979934,4.443737139917696
plasma,2380,samft_b_dec_adapter,none,0,0,0.6005866107523548,0.1719225449515906,11.152520576131687
plasma,1770,samft_b_dec_adapter,none,0,0,0.36795479267685616,0.006947830326669917,-4.1854423868312765
plasma,1855,samft_b_dec_adapter,none,0,0,0.4904331388643537,0.030861801242236024,-2.235661008230452
plasma,2359,samft_b_dec_adapter,none,0,0,0.6234327650662779,0.05766216624962191,-3.4496527777777786
plasma,1994,samft_b_dec_adapter,none,0,0,0.2861211361562931,0.0016832343506844095,-15.295974794238681
plasma,1709,samft_b_dec_adapter,none,0,0,0.7046852898257093,0.15622702543743566,3.9220036008230443
plasma,2071,samft_b_dec_adapter,none,0,0,0.5347893808945107,0.03993818515477858,1.7558513374485594
plasma,9820,samft_b_dec_adapter,none,0,0,0.5800415865618326,0.040043470991473,7.335326646090534
plasma,1747,samft_b_dec_adapter,none,0,0,0.6086002151151305,0.05670405088717777,-8.98662551440329
plasma,9512,samft_b_dec_adapter,none,0,0,0.6076777991068587,0.09955820404808384,5.103716563786008
plasma,1963,samft_b_dec_adapter,none,0,0,0.71492480604003,0.1116372506815899,-5.563657407407407
plasma,2295,samft_b_dec_adapter,none,0,0,0.35060372136092455,0.012449501195481903,-15.407986111111107
plasma,2013,samft_b_dec_adapter,none,0,0,0.7345773861219391,0.10687582978128712,-3.1708461934156382
plasma,1993,samft_b_dec_adapter,none,0,0,0.4689631983559589,0.025026590752674716,-19.955311213991767
plasma,9910,samft_b_dec_adapter,none,0,0,0.4548583889307131,0.034844079013336006,3.3161008230452675
plasma,9342,samft_b_dec_adapter,none,0,0,0.43434673448183503,0.10435619314205738,10.403742283950617
plasma,2318,samft_b_dec_adapter,none,0,0,0.48229840786438855,0.039239448391140824,-0.5486111111111136
plasma,1742,samft_b_dec_adapter,none,0,0,0.6564753538890702,0.08575727181544635,0.10763888888888906
plasma,305,samft_b_dec_adapter,none,0,0,0.49364267925022937,0.08435475602367526,2.2113554526748973
plasma,1715,samft_b_dec_adapter,none,0,0,0.26981971185853904,0.04541864139020537,-13.412680041152262
plasma,9710,samft_b_dec_adapter,none,0,0,0.6670010079406052,0.0790633608815427,-0.3199588477366261
plasma,1738,samft_b_dec_adapter,none,0,0,0.5505579953991521,0.1387392010948593,-3.1483410493827164
plasma,2315,samft_b_dec_adapter,none,0,0,0.5656735225288964,0.05300071022727273,-2.2309670781893
plasma,2439,samft_b_dec_adapter,none,0,0,0.6786136113713191,0.07301903221793755,-2.6567001028806576
plasma,9889,samft_b_dec_adapter,none,0,0,0.20893500611153148,0.016197076992617146,7.431905864197532
plasma,9706,samft_b_dec_adapter,none,0,0,0.32819157682776606,0.012775976532345221,-0.5019933127572013
plasma,9786,samft_b_dec_adapter,none,0,0,0.29977838184952177,0.02522247380338055,5.945280349794238
plasma,1739,samft_b_dec_adapter,none,0,0,0.5802473273233018,0.11683983532640659,3.6545138888888893
plasma,9343,samft_b_dec_adapter,none,0,0,0.43999782125367043,0.14130268199233717,7.022183641975308
plasma,2025,samft_b_dec_adapter,none,0,0,0.31997331230666587,0.0169679873488054,-5.302083333333332
plasma,2047,samft_b_dec_adapter,none,0,0,0.3779679305412662,0.02152578911805399,-8.164673353909466
plasma,304,samft_b_dec_adapter,none,0,0,0.5649589502742624,0.08730369976044716,-1.1825488683127579
plasma,2110,samft_b_dec_adapter,none,0,0,0.47933289021764747,0.023096713834639224,7.081725823045266
plasma,206,samft_b_dec_adapter,none,0,0,0.6067529680958508,0.12755960729312762,-0.07696759259259306
plasma,1693,samft_b_dec_adapter,none,0,0,0.6792533999444907,0.14773820981713187,2.239326131687243
plasma,2299,samft_b_dec_adapter,none,0,0,0.7420369282964703,0.0809258043335522,0.8514017489711936
plasma,1812,samft_b_dec_adapter,none,0,0,0.31331836887392445,0.02468552315858358,5.433256172839506
plasma,9317,samft_b_dec_adapter,none,0,0,0.40314757143361885,0.06623789948282721,13.204089506172838
plasma,2378,samft_b_dec_adapter,none,0,0,0.6205403958142752,0.03560649140457548,-4.754758230452675
plasma,2423,samft_b_dec_adapter,none,0,0,0.3642615837594917,0.02518720217835262,-10.592978395061728
plasma,9402,samft_b_dec_adapter,none,0,0,0.3801599707899271,0.05007659201984098,-1.6817772633744843
plasma,2160,samft_b_dec_adapter,none,0,0,0.7208726453633801,0.09965918081674884,-2.044495884773662
plasma,115,samft_b_dec_adapter,none,0,0,0.5857763281128521,0.10848901999344478,4.588670267489711
plasma,2355,samft_b_dec_adapter,none,0,0,0.6884069595724106,0.08281099324975892,3.910043724279835
plasma,2435,samft_b_dec_adapter,none,0,0,0.7320299749442567,0.11532469371857518,1.940843621399177
plasma,2276,samft_b_dec_adapter,none,0,0,0.42533814229889133,0.009824964478974576,-6.668659979423869
plasma,513,samft_b_dec_adapter,none,0,0,0.8367124078409749,0.22877629063097515,2.6206918724279826
plasma,1808,samft_b_dec_adapter,none,0,0,0.5622391141965816,0.06413214665055122,5.642232510288066
plasma,9719,samft_b_dec_adapter,none,0,0,0.18615553988693856,0.01015593762495002,10.835776748971195
plasma,9601,samft_b_dec_adapter,none,0,0,0.40991162367892936,0.01479478987466208,-1.7994470164609047
plasma,2351,samft_b_dec_adapter,none,0,0,0.6224483586227779,0.057989066500588195,-1.0034079218107006
plasma,2335,samft_b_dec_adapter,none,0,0,0.7296254326730858,0.14204353219803767,1.6972093621399176
plasma,2159,samft_b_dec_adapter,none,0,0,0.724689004966232,0.10050515680909282,0.7217721193415627
plasma,2086,samft_b_dec_adapter,none,0,0,0.7411913952592973,0.11617039122880594,-1.8614969135802475
plasma,9407,samft_b_dec_adapter,none,0,0,0.3593041912752485,0.027626517460158866,3.7835005144032916
plasma,9727,samft_b_dec_adapter,none,0,0,0.2329891530432947,0.029295589203423306,3.141332304526749
plasma,2082,samft_b_dec_adapter,none,0,0,0.49387108617726405,0.05977152967421824,11.559606481481483
plasma,512,samft_b_dec_adapter,none,0,0,0.7219094967298397,0.09222980409421087,-0.3849022633744856
plasma,9757,samft_b_dec_adapter,none,0,0,0.7420733503148628,0.09335754274474202,2.9673996913580245
plasma,2122,samft_b_dec_adapter,none,0,0,0.6644629050916838,0.03037733960564508,-0.3904320987654322
plasma,9801,samft_b_dec_adapter,none,0,0,0.28450437152579106,0.01499332281170329,6.3016332304526745
plasma,9511,samft_t_ende_adapter_box,boxes,1,2,0.1164437665132242,0.0017271157167530224,-4.07445987654321
plasma,2139,samft_t_ende_adapter_box,boxes,1,2,0.3310316083782499,0.06213031978841067,-18.75315072016461
plasma,2026,samft_t_ende_adapter_box,boxes,1,2,0.5807232872213784,0.06584087171052631,-3.4660493827160486
plasma,9830,samft_t_ende_adapter_box,boxes,1,2,0.8903256230694867,0.13374311148791862,0.4380787037037037
plasma,9397,samft_t_ende_adapter_box,boxes,1,2,0.6780779256730259,0.07814533251147182,-0.8365483539094644
plasma,1815,samft_t_ende_adapter_box,boxes,1,2,0.7217843968697211,0.05824393388277545,-0.5257201646090531
plasma,409,samft_t_ende_adapter_box,boxes,1,2,0.32058996888407604,0.008642284569138277,1.3871527777777777
plasma,1954,samft_t_ende_adapter_box,boxes,1,2,0.7183171132117987,0.10897751518135565,-1.6107253086419748
plasma,1948,samft_t_ende_adapter_box,boxes,1,2,0.002284843869002285,0.000785751702462022,-27.291538065843625
plasma,1716,samft_t_ende_adapter_box,boxes,1,2,0.9590129171848156,0.349512987012987,0.23701131687242777
plasma,2384,samft_t_ende_adapter_box,boxes,1,2,0.6048686833878948,0.07859002321818054,0.7361754115226354
plasma,1967,samft_t_ende_adapter_box,boxes,1,2,0.3532854539607675,0.011425360554410938,-8.232510288065843
plasma,2258,samft_t_ende_adapter_box,boxes,1,2,0.0406286836935167,0.0,-19.577803497942387
plasma,2186,samft_t_ende_adapter_box,boxes,1,2,0.5337109226680167,0.0722364440307191,-8.140303497942389
plasma,2424,samft_t_ende_adapter_box,boxes,1,2,0.3914606439095937,0.011355428938287457,-16.512024176954732
plasma,9347,samft_t_ende_adapter_box,boxes,1,2,0.7638686702198053,0.053577722946774764,-0.8803369341563786
plasma,9387,samft_t_ende_adapter_box,boxes,1,2,0.8031776692557779,0.20937129300118623,1.7263374485596708
plasma,9798,samft_t_ende_adapter_box,boxes,1,2,0.2742468878476297,0.049978238792978386,-9.560956790123457
plasma,9912,samft_t_ende_adapter_box,boxes,1,2,0.2787574700687348,0.06620801295022258,-10.739004629629628
plasma,516,samft_t_ende_adapter_box,boxes,1,2,0.15063976403110127,0.012033694344163659,-5.480902777777778
plasma,2339,samft_t_ende_adapter_box,boxes,1,2,0.768600482279417,0.16340254258086684,-4.140753600823044
plasma,1776,samft_t_ende_adapter_box,boxes,1,2,0.026126688748527655,0.006919109321927287,-15.580632716049383
plasma,2046,samft_t_ende_adapter_box,boxes,1,2,0.7667017615691321,0.06400163582455781,-2.2313528806584366
plasma,9398,samft_t_ende_adapter_box,boxes,1,2,0.3817674018905758,0.010055514821409867,-4.454732510288066
plasma,9871,samft_t_ende_adapter_box,boxes,1,2,0.008999376280851823,0.0010370754472387865,-3.058256172839506
plasma,9281,samft_t_ende_adapter_box,boxes,1,2,0.015298121184761345,0.0006039168320248468,-34.88033693415638
plasma,9276,samft_t_ende_adapter_box,boxes,1,2,0.7295119065579367,0.03600258314497901,-1.9370498971193413
plasma,2394,samft_t_ende_adapter_box,boxes,1,2,0.5521886297616785,0.06994198694706309,-14.533629115226338
plasma,9300,samft_t_ende_adapter_box,boxes,1,2,0.5909389438095728,0.0707070707070707,4.277456275720165
plasma,1694,samft_t_ende_adapter_box,boxes,1,2,0.6260191393428839,0.012887304633945709,-8.062178497942387
plasma,1719,samft_t_ende_adapter_box,boxes,1,2,0.7273679974756028,0.15548449723062868,-1.962255658436214
plasma,403,samft_t_ende_adapter_box,boxes,1,2,0.4250592847118037,0.037393767705382434,-0.3987911522633746
plasma,9630,samft_t_ende_adapter_box,boxes,1,2,0.21979740710419238,0.037515158627704104,-16.713798868312757
plasma,2078,samft_t_ende_adapter_box,boxes,1,2,0.36818050832805027,0.03131244084551477,-5.8702417695473255
plasma,207,samft_t_ende_adapter_box,boxes,1,2,0.0421946483230754,0.011666360462979974,-5.481802983539094
plasma,1981,samft_t_ende_adapter_box,boxes,1,2,0.3809484979940637,0.02939068100358423,6.858539094650205
plasma,9396,samft_t_ende_adapter_box,boxes,1,2,0.6890368574375305,0.08532423208191127,-1.8483796296296298
plasma,9353,samft_t_ende_adapter_box,boxes,1,2,0.9088323140378325,0.12034723135604367,0.08641975308641969
plasma,1839,samft_t_ende_adapter_box,boxes,1,2,0.00014492753623188405,0.0,-8.473508230452675
plasma,203,samft_t_ende_adapter_box,boxes,1,2,0.09743732004323745,0.00966726618705036,-4.094714506172839
plasma,9367,samft_t_ende_adapter_box,boxes,1,2,0.3275762142111974,0.03833736884584342,5.839056069958847
plasma,1844,samft_t_ende_adapter_box,boxes,1,2,0.6352268029893446,0.0613562528272402,1.1666023662551441
plasma,9694,samft_t_ende_adapter_box,boxes,1,2,0.06338289879601149,0.011527377521613832,-13.001607510288066
plasma,1957,samft_t_ende_adapter_box,boxes,1,2,0.7148167710455494,0.13951149425287357,5.820344650205761
plasma,9875,samft_t_ende_adapter_box,boxes,1,2,0.5092217180064588,0.07196222580837966,-8.746849279835391
plasma,1853,samft_t_ende_adapter_box,boxes,1,2,0.3580718164467581,0.02693757469890595,-13.042566872427985
plasma,9339,samft_t_ende_adapter_box,boxes,1,2,0.0,0.0,2.797582304526749
plasma,1766,samft_t_ende_adapter_box,boxes,1,2,0.6433829017626457,0.10222316026452793,-1.191358024691358
plasma,1863,samft_t_ende_adapter_box,boxes,1,2,0.8896761569824071,0.20931732086725235,0.5157536008230448
plasma,9292,samft_t_ende_adapter_box,boxes,1,2,0.07892851134359792,0.023291829275847116,-10.357510288065843
plasma,1854,samft_t_ende_adapter_box,boxes,1,2,0.6338419663226837,0.08595706618962433,-3.9274048353909463
plasma,2063,samft_t_ende_adapter_box,boxes,1,2,0.03423663492904303,0.00618823312090145,-22.86181841563786
plasma,2184,samft_t_ende_adapter_box,boxes,1,2,0.8846079392535329,0.23034385682686506,1.0477109053497942
plasma,9886,samft_t_ende_adapter_box,boxes,1,2,0.014876505672322208,0.005645464809936018,-15.197852366255143
plasma,9626,samft_t_ende_adapter_box,boxes,1,2,0.6492801450404616,0.05182731352853174,-4.399241255144033
plasma,9421,samft_t_ende_adapter_box,boxes,1,2,0.002097402790586975,0.0,-8.5366512345679
plasma,407,samft_t_ende_adapter_box,boxes,1,2,0.13063070417476202,0.01640503464856456,-3.7833076131687235
plasma,1944,samft_t_ende_adapter_box,boxes,1,2,0.06932021053215795,0.0,-5.757523148148149
plasma,1972,samft_t_ende_adapter_box,boxes,1,2,0.8922637986167322,0.15263403263403263,0.12397119341563817
plasma,9357,samft_t_ende_adapter_box,boxes,1,2,0.0,0.0,-3.2332175925925926
plasma,1837,samft_t_ende_adapter_box,boxes,1,2,0.5183068975292638,0.06415779542136932,-2.458654835390947
plasma,2174,samft_t_ende_adapter_box,boxes,1,2,0.675410372705854,0.10029451564116851,2.1521990740740735
plasma,2404,samft_t_ende_adapter_box,boxes,1,2,0.8613284130787491,0.12183923799081751,1.4688143004115237
plasma,2192,samft_t_ende_adapter_box,boxes,1,2,0.0006215649248210467,0.0,-18.944508744855966
plasma,9590,samft_t_ende_adapter_box,boxes,1,2,0.4742155119372004,0.05249119812226608,-4.242991255144034
plasma,1870,samft_t_ende_adapter_box,boxes,1,2,0.6720402701669428,0.048433452790689425,-7.102366255144034
plasma,102,samft_t_ende_adapter_box,boxes,1,2,0.3543111884310101,0.058424263252856774,-11.22852366255144
plasma,1705,samft_t_ende_adapter_box,boxes,1,2,0.6206830880777563,0.040513437625350986,1.7562371399176948
plasma,9321,samft_t_ende_adapter_box,boxes,1,2,0.5874243565018179,0.03937848416557941,5.3079346707818935
plasma,1704,samft_t_ende_adapter_box,boxes,1,2,0.7407041923142254,0.09859375,0.5434027777777781
plasma,9838,samft_t_ende_adapter_box,boxes,1,2,0.41462375529833123,0.05977566377963936,-3.956211419753086
plasma,9775,samft_t_ende_adapter_box,boxes,1,2,0.08264413956912627,0.03027027027027027,-21.705246913580247
plasma,2221,samft_t_ende_adapter_box,boxes,1,2,0.12502441362901937,0.016912699188581484,-9.197145061728396
plasma,9714,samft_t_ende_adapter_box,boxes,1,2,0.030076178233887196,0.002719955592561754,-19.36226851851852
plasma,104,samft_t_ende_adapter_box,boxes,1,2,0.3511089660935148,0.002608128667680939,-5.5176826131687235
plasma,1745,samft_t_ende_adapter_box,boxes,1,2,0.5929216452392146,0.06191023221465496,0.835390946502057
plasma,9528,samft_t_ende_adapter_box,boxes,1,2,0.5985806353644212,0.031861779004073054,-5.066422325102881
plasma,1898,samft_t_ende_adapter_box,boxes,1,2,0.4185208017461137,0.04805598200578386,-16.64596193415638
plasma,2216,samft_t_ende_adapter_box,boxes,1,2,0.7516715177331601,0.11821151490404247,-0.36021090534979483
plasma,9625,samft_t_ende_adapter_box,boxes,1,2,0.20656918797805765,0.026723184666420936,-8.880658436213992
plasma,2178,samft_t_ende_adapter_box,boxes,1,2,0.0078076618561226645,0.0034170510849137197,-7.074009773662551
plasma,2087,samft_t_ende_adapter_box,boxes,1,2,0.6515520886210153,0.06455236365374505,-8.139724794238681
plasma,1992,samft_t_ende_adapter_box,boxes,1,2,0.5731330196248694,0.08916524015708388,-1.238233024691357
plasma,2189,samft_t_ende_adapter_box,boxes,1,2,0.006077625819342732,0.002892373268381793,-19.89178240740741
plasma,507,samft_t_ende_adapter_box,boxes,1,2,0.47159426753170447,0.06594566077552097,-5.1626157407407405
plasma,1970,samft_t_ende_adapter_box,boxes,1,2,0.756699926515507,0.11284446040950377,-6.69945987654321
plasma,9692,samft_t_ende_adapter_box,boxes,1,2,0.5641625099270972,0.07516930022573363,2.1653806584362134
plasma,1984,samft_t_ende_adapter_box,boxes,1,2,0.43422352170384204,0.0424382413968602,1.6040380658436215
plasma,9726,samft_t_ende_adapter_box,boxes,1,2,0.11779554738315005,0.027643902882604345,-12.886895576131687
plasma,9782,samft_t_ende_adapter_box,boxes,1,2,0.40748617265582043,0.0833565210478197,-7.905221193415639
plasma,2301,samft_t_ende_adapter_box,boxes,1,2,0.5389494705310456,0.10078305447580418,-8.215406378600823
plasma,2033,samft_t_ende_adapter_box,boxes,1,2,0.6120476443057088,0.16291021671826625,2.067965534979424
plasma,9373,samft_t_ende_adapter_box,boxes,1,2,0.15828789895637693,0.02628032345013477,-6.53002829218107
plasma,1762,samft_t_ende_adapter_box,boxes,1,2,0.8170780951355425,0.0660372743726459,-0.7122556584362144
plasma,9600,samft_t_ende_adapter_box,boxes,1,2,0.031533307055577456,0.0009004952723998199,-5.529256687242799
plasma,518,samft_t_ende_adapter_box,boxes,1,2,0.44736982028286837,0.02157646204140937,-8.005787037037038
plasma,9504,samft_t_ende_adapter_box,boxes,1,2,0.03790512246888086,0.0,-10.749099794238685
plasma,2015,samft_t_ende_adapter_box,boxes,1,2,0.8567268169502147,0.19518112329677634,-1.8824588477366233
plasma,113,samft_t_ende_adapter_box,boxes,1,2,0.001386001386001386,0.0,-6.021540637860082
plasma,9442,samft_t_ende_adapter_box,boxes,1,2,0.12184651327728989,0.018168279970215934,4.164030349794238
plasma,9773,samft_t_ende_adapter_box,boxes,1,2,0.023375316570188133,0.0018031942297784646,-22.1875
plasma,9629,samft_t_ende_adapter_box,boxes,1,2,0.45371086241059244,0.022554532534140765,-8.081211419753085
plasma,2227,samft_t_ende_adapter_box,boxes,1,2,0.6932271610531268,0.08505784585302265,3.449459876543208
plasma,2142,samft_t_ende_adapter_box,boxes,1,2,0.3753755677775492,0.0071512395481883526,-22.143132716049383
plasma,208,samft_t_ende_adapter_box,boxes,1,2,0.012213488477646427,0.004540023894862605,-9.17573302469136
plasma,9605,samft_t_ende_adapter_box,boxes,1,2,0.8232858420414314,0.08476328302666943,0.6550282921810702
plasma,9686,samft_t_ende_adapter_box,boxes,1,2,0.5881754807927336,0.09382680352754084,-4.494341563786008
plasma,1959,samft_t_ende_adapter_box,boxes,1,2,0.842504790956991,0.1253395421032208,1.5467463991769557
plasma,1816,samft_t_ende_adapter_box,boxes,1,2,0.08203144114490395,0.03379776520899434,-15.497235082304528
plasma,9774,samft_t_ende_adapter_box,boxes,1,2,0.05921219494370671,0.03192101226993865,-13.536458333333332
plasma,2188,samft_t_ende_adapter_box,boxes,1,2,0.41295150993496327,0.051467199262559535,2.9205889917695473
plasma,110,samft_t_ende_adapter_box,boxes,1,2,0.15729229836264402,0.029646238166417538,-5.246656378600824
plasma,9845,samft_t_ende_adapter_box,boxes,1,2,0.7799703342692165,0.14154154154154155,-0.32883230452674905
plasma,9789,samft_t_ende_adapter_box,boxes,1,2,0.10838940763475677,0.016681859617137647,-3.5298996913580245
plasma,2105,samft_t_ende_adapter_box,boxes,1,2,0.5482763478704542,0.0939639079029247,-21.7451774691358
plasma,9453,samft_t_ende_adapter_box,boxes,1,2,0.5205986703105414,0.056956303365143145,-0.6494984567901235
plasma,2386,samft_t_ende_adapter_box,boxes,1,2,0.23322091889270868,0.0922364096762028,-15.024562757201648
plasma,2073,samft_t_ende_adapter_box,boxes,1,2,0.0038531132335115448,0.005067567567567568,-10.913387345679013
plasma,1847,samft_t_ende_adapter_box,boxes,1,2,0.5666776968894772,0.09908108108108109,7.480967078189302
plasma,9902,samft_t_ende_adapter_box,boxes,1,2,0.1376975911137402,0.030413524488273804,0.3611754115226337
plasma,9581,samft_t_ende_adapter_box,boxes,1,2,0.3983770557809645,0.020945835378825068,0.08339763374485554
plasma,417,samft_t_ende_adapter_box,boxes,1,2,0.002927278049596454,0.0,-1.5331147119341564
plasma,2392,samft_t_ende_adapter_box,boxes,1,2,0.04234200386198219,0.021028321380819254,-13.499871399176955
plasma,506,samft_t_ende_adapter_box,boxes,1,2,0.055111574853565416,0.003161397670549085,-12.809606481481485
plasma,1871,samft_t_ende_adapter_box,boxes,1,2,0.5986334183497621,0.04795101842870999,1.4147376543209869
plasma,2145,samft_t_ende_adapter_box,boxes,1,2,0.5705321625501901,0.05981736136358776,-20.752764917695472
plasma,1774,samft_t_ende_adapter_box,boxes,1,2,0.5517070134322926,0.08874548986955315,-3.7635673868312765
plasma,9464,samft_t_ende_adapter_box,boxes,1,2,0.9551661337974018,0.3957597173144876,0.11850565843621388
plasma,9832,samft_t_ende_adapter_box,boxes,1,2,0.7807994370239237,0.08500097777198358,3.9702289094650207
plasma,2052,samft_t_ende_adapter_box,boxes,1,2,0.7474551843635127,0.13267115998581058,-2.8074202674897117
plasma,2200,samft_t_ende_adapter_box,boxes,1,2,0.6182971868501803,0.12473717666617769,-6.222157921810699
plasma,9841,samft_t_ende_adapter_box,boxes,1,2,0.49578302263932716,0.054079696394686905,4.758423353909465
plasma,9805,samft_t_ende_adapter_box,boxes,1,2,0.28873654450105557,0.03569821508924554,-5.011252572016462
plasma,1838,samft_t_ende_adapter_box,boxes,1,2,0.19849984795756326,0.012421317666806547,-15.05632716049383
plasma,1888,samft_t_ende_adapter_box,boxes,1,2,0.5868193263235246,0.0868386040323406,-0.32047325102880636
plasma,9286,samft_t_ende_adapter_box,boxes,1,2,0.563749866119926,0.02504964105697266,-0.5208333333333328
plasma,9859,samft_t_ende_adapter_box,boxes,1,2,0.3487983542203613,0.041270712545884936,-2.926504629629628
plasma,2060,samft_t_ende_adapter_box,boxes,1,2,0.7392875671587982,0.03981111514711224,-2.635030864197531
plasma,2380,samft_t_ende_adapter_box,boxes,1,2,0.5751999765595242,0.0837960368804442,-2.816229423868313
plasma,1770,samft_t_ende_adapter_box,boxes,1,2,0.5040675749392659,0.03865859338612017,0.8417566872427978
plasma,1855,samft_t_ende_adapter_box,boxes,1,2,0.6693744482894943,0.09186864738076622,-1.7917309670781887
plasma,2359,samft_t_ende_adapter_box,boxes,1,2,0.4031913846809019,0.042575019235701464,-17.165959362139922
plasma,1994,samft_t_ende_adapter_box,boxes,1,2,0.3023052310496757,0.008116627265563435,-21.677919238683128
plasma,1709,samft_t_ende_adapter_box,boxes,1,2,0.46689258557513336,0.09513969251115886,-6.536136831275721
plasma,2071,samft_t_ende_adapter_box,boxes,1,2,0.5061756373937677,0.059269424295889696,-6.38207304526749
plasma,9820,samft_t_ende_adapter_box,boxes,1,2,0.6878074106459723,0.10602937387271322,5.658050411522633
plasma,1747,samft_t_ende_adapter_box,boxes,1,2,0.7946712454667395,0.132388377037562,-2.7209362139917674
plasma,9512,samft_t_ende_adapter_box,boxes,1,2,0.39163571387640067,0.02497306825971991,-1.746720679012346
plasma,1963,samft_t_ende_adapter_box,boxes,1,2,0.5807931092342972,0.10367051795960072,-2.5520833333333326
plasma,2295,samft_t_ende_adapter_box,boxes,1,2,0.22327997239336858,0.02404581510333298,-26.687821502057613
plasma,2013,samft_t_ende_adapter_box,boxes,1,2,0.5072367928530432,0.05031248594937278,-13.637217078189302
plasma,1993,samft_t_ende_adapter_box,boxes,1,2,0.28385778812673157,0.01732886548587841,-26.930812757201643
plasma,9910,samft_t_ende_adapter_box,boxes,1,2,0.43548367132217936,0.049700707418828226,-5.86889146090535
plasma,9342,samft_t_ende_adapter_box,boxes,1,2,0.7631854207105426,0.12684157416750758,0.9140303497942384
plasma,2318,samft_t_ende_adapter_box,boxes,1,2,0.1500824084119169,0.013213003589948145,-16.09272119341564
plasma,1742,samft_t_ende_adapter_box,boxes,1,2,0.7469093903348207,0.1358636912709009,0.10963220164608989
plasma,305,samft_t_ende_adapter_box,boxes,1,2,0.0631822642743904,0.0233655358346439,-8.068222736625515
plasma,1715,samft_t_ende_adapter_box,boxes,1,2,0.2794026668070711,0.047793383478666046,-13.189171810699587
plasma,9710,samft_t_ende_adapter_box,boxes,1,2,0.4597930246909202,0.10642186591343358,-8.344907407407408
plasma,1738,samft_t_ende_adapter_box,boxes,1,2,0.6242544627825211,0.11717709720372836,4.575295781893004
plasma,2315,samft_t_ende_adapter_box,boxes,1,2,0.3357868536810632,0.0391835899534503,-12.412101337448561
plasma,2439,samft_t_ende_adapter_box,boxes,1,2,0.5464701034703782,0.07721703011422637,-14.73418209876543
plasma,9889,samft_t_ende_adapter_box,boxes,1,2,0.48308018167215144,0.057850467289719626,4.326581790123457
plasma,9706,samft_t_ende_adapter_box,boxes,1,2,0.24688342809102876,0.03640280021540118,-1.8342978395061729
plasma,9786,samft_t_ende_adapter_box,boxes,1,2,0.056822303358560824,0.010516252390057362,-2.0536265432098766
plasma,1739,samft_t_ende_adapter_box,boxes,1,2,0.5800333224242064,0.10764166001596169,-1.1313014403292188
plasma,9343,samft_t_ende_adapter_box,boxes,1,2,0.6136101327654377,0.03766527487821851,2.672003600823045
plasma,2025,samft_t_ende_adapter_box,boxes,1,2,0.15374188827713603,0.026895296259322334,-15.66358024691358
plasma,2047,samft_t_ende_adapter_box,boxes,1,2,0.14634856543852157,0.010744200324518704,-20.102237654320987
plasma,304,samft_t_ende_adapter_box,boxes,1,2,0.00012645102551781694,0.0,-5.065200617283951
plasma,2110,samft_t_ende_adapter_box,boxes,1,2,0.6473451290556477,0.0463159884682641,-1.7695473251028813
plasma,206,samft_t_ende_adapter_box,boxes,1,2,0.3013979483650815,0.0653545673076923,-6.262538580246914
plasma,1693,samft_t_ende_adapter_box,boxes,1,2,0.6966262345065288,0.16700452206455638,2.6733539094650203
plasma,2299,samft_t_ende_adapter_box,boxes,1,2,0.4216708110681974,0.03774583963691377,-2.993505658436214
plasma,1812,samft_t_ende_adapter_box,boxes,1,2,0.21047501238322028,0.021781824674165326,-3.9791023662551424
plasma,9317,samft_t_ende_adapter_box,boxes,1,2,0.6556387973229447,0.06709116322410312,0.5997942386831274
plasma,2378,samft_t_ende_adapter_box,boxes,1,2,0.6133157726942515,0.05494821634062141,-8.967463991769547
plasma,2423,samft_t_ende_adapter_box,boxes,1,2,0.07935956434492196,0.022742327224552883,-24.88136574074074
plasma,9402,samft_t_ende_adapter_box,boxes,1,2,0.1514021344025965,0.017809749965078923,-12.186792695473251
plasma,2160,samft_t_ende_adapter_box,boxes,1,2,0.44753675065484677,0.09332428918659205,-18.709426440329217
plasma,115,samft_t_ende_adapter_box,boxes,1,2,0.2953477742895035,0.02515950403274347,-4.611175411522635
plasma,2355,samft_t_ende_adapter_box,boxes,1,2,0.42561062151783424,0.02980172728378543,-13.426183127572017
plasma,2435,samft_t_ende_adapter_box,boxes,1,2,0.6700484945748875,0.09408438607164585,-5.954475308641974
plasma,2276,samft_t_ende_adapter_box,boxes,1,2,0.001084865495600618,0.001119507416736636,-20.027906378600825
plasma,513,samft_t_ende_adapter_box,boxes,1,2,0.5178193384486693,0.024043233704643212,-8.553433641975309
plasma,1808,samft_t_ende_adapter_box,boxes,1,2,0.6482665573548256,0.05421607666389533,-3.7046682098765435
plasma,9719,samft_t_ende_adapter_box,boxes,1,2,0.39640179605436926,0.016835782863903172,2.702546296296296
plasma,9601,samft_t_ende_adapter_box,boxes,1,2,0.444994173490775,0.03478057889822596,-7.772055041152264
plasma,2351,samft_t_ende_adapter_box,boxes,1,2,0.35366859385037414,0.03832424058732404,-14.696630658436217
plasma,2335,samft_t_ende_adapter_box,boxes,1,2,0.8254146925493486,0.13786833520509117,-2.2776491769547325
plasma,2159,samft_t_ende_adapter_box,boxes,1,2,0.6028617817495413,0.13612565445026178,-8.543981481481481
plasma,2086,samft_t_ende_adapter_box,boxes,1,2,0.40617518769119904,0.04334749918273946,-9.354616769547325
plasma,9407,samft_t_ende_adapter_box,boxes,1,2,0.8584978611385324,0.11545252168572964,0.7011316872427981
plasma,9727,samft_t_ende_adapter_box,boxes,1,2,0.08403556453925894,0.00964630225080386,-8.154963991769549
plasma,2082,samft_t_ende_adapter_box,boxes,1,2,0.4314730130498456,0.043203674465336586,-8.930748456790123
plasma,512,samft_t_ende_adapter_box,boxes,1,2,0.3774717727653619,0.016020524515393385,-7.796039094650206
plasma,9757,samft_t_ende_adapter_box,boxes,1,2,0.5119724375538329,0.04199378260182307,-5.476980452674899
plasma,2122,samft_t_ende_adapter_box,boxes,1,2,0.4388562797194593,0.04269999605724875,-7.41943158436214
plasma,9801,samft_t_ende_adapter_box,boxes,1,2,0.26177941363117146,0.016992760126847365,-4.294945987654321
plasma,9511,samft_t_ende_adapter_box,boxes,1,1,0.9025755358926124,0.20406794814483684,-0.48964763374485587
plasma,2139,samft_t_ende_adapter_box,boxes,1,1,0.5015079078984432,0.08460887123037843,-15.731802983539096
plasma,2026,samft_t_ende_adapter_box,boxes,1,1,0.7352565810695202,0.10661000944287063,3.793788580246915
plasma,9830,samft_t_ende_adapter_box,boxes,1,1,0.8404430747317685,0.16395332084714018,1.9711291152263375
plasma,9397,samft_t_ende_adapter_box,boxes,1,1,0.8838285783232968,0.1599300087489064,-0.26183127572016396
plasma,1815,samft_t_ende_adapter_box,boxes,1,1,0.9359903024569081,0.2120713653043148,0.39615483539094665
plasma,409,samft_t_ende_adapter_box,boxes,1,1,0.11074555528168636,0.003506878877798759,2.696309156378601
plasma,1954,samft_t_ende_adapter_box,boxes,1,1,0.7958770541799634,0.19533834586466164,0.9517746913580247
plasma,1948,samft_t_ende_adapter_box,boxes,1,1,0.48455629193496197,0.03193040679841102,-17.088541666666668
plasma,1716,samft_t_ende_adapter_box,boxes,1,1,0.9674024212442788,0.38099352051835855,0.07574588477366195
plasma,2384,samft_t_ende_adapter_box,boxes,1,1,0.727576195050743,0.13806706114398423,7.943994341563787
plasma,1967,samft_t_ende_adapter_box,boxes,1,1,0.768337497492386,0.10310493908030918,1.9780092592592613
plasma,2258,samft_t_ende_adapter_box,boxes,1,1,0.6592458594629361,0.08505581562837594,-10.497299382716047
plasma,2186,samft_t_ende_adapter_box,boxes,1,1,0.7489202288235624,0.15170974474233423,-4.329153806584364
plasma,2424,samft_t_ende_adapter_box,boxes,1,1,0.7801994206023041,0.092396841569027,-6.042566872427982
plasma,9347,samft_t_ende_adapter_box,boxes,1,1,0.6560675382019898,0.24626647144948755,3.036715534979424
plasma,9387,samft_t_ende_adapter_box,boxes,1,1,0.8270590271767353,0.24770642201834864,1.5590920781893003
plasma,9798,samft_t_ende_adapter_box,boxes,1,1,0.4746467191834582,0.0404427723918391,-4.997492283950618
plasma,9912,samft_t_ende_adapter_box,boxes,1,1,0.4677982638003481,0.10700612557427258,-9.10281635802469
plasma,516,samft_t_ende_adapter_box,boxes,1,1,0.2422205532607335,0.008672644421578715,-7.785365226337449
plasma,2339,samft_t_ende_adapter_box,boxes,1,1,0.5934880561905709,0.10603098927294398,-6.393132716049382
plasma,1776,samft_t_ende_adapter_box,boxes,1,1,0.3353589549768536,0.022098638957997952,-5.818801440329219
plasma,2046,samft_t_ende_adapter_box,boxes,1,1,0.7746699173606054,0.09577677224736049,1.8471579218106993
plasma,9398,samft_t_ende_adapter_box,boxes,1,1,0.9280151111341113,0.19548872180451127,-0.3193158436213997
plasma,9871,samft_t_ende_adapter_box,boxes,1,1,0.3911017809981716,0.0003059507419305492,-3.6660236625514404
plasma,9281,samft_t_ende_adapter_box,boxes,1,1,0.4127071590874487,0.014233404205055516,-26.003279320987655
plasma,9276,samft_t_ende_adapter_box,boxes,1,1,0.8870965848389861,0.2644999102172742,0.9191100823045272
plasma,2394,samft_t_ende_adapter_box,boxes,1,1,0.5220122192690899,0.05695662768031189,-15.388310185185183
plasma,9300,samft_t_ende_adapter_box,boxes,1,1,0.5450745005341743,0.1290171240910157,5.47704475308642
plasma,1694,samft_t_ende_adapter_box,boxes,1,1,0.6104122860131007,0.0380590470622625,-11.359246399176953
plasma,1719,samft_t_ende_adapter_box,boxes,1,1,0.6621709696753338,0.23092264091529338,-4.540702160493828
plasma,403,samft_t_ende_adapter_box,boxes,1,1,0.18096548110303268,0.0015322315858596913,1.85230195473251
plasma,9630,samft_t_ende_adapter_box,boxes,1,1,0.24519919562809933,0.03352553542009885,-18.116319444444443
plasma,2078,samft_t_ende_adapter_box,boxes,1,1,0.5136741158442504,0.05204024939811099,-3.8044624485596716
plasma,207,samft_t_ende_adapter_box,boxes,1,1,0.21995391670481923,0.013262032085561497,-6.682806069958848
plasma,1981,samft_t_ende_adapter_box,boxes,1,1,0.5426402204489351,0.0454684348835788,1.122685185185185
plasma,9396,samft_t_ende_adapter_box,boxes,1,1,0.8063706297701586,0.25102993683054103,3.069637345679012
plasma,9353,samft_t_ende_adapter_box,boxes,1,1,0.9108971149787476,0.2883435582822086,0.5284207818930048
plasma,1839,samft_t_ende_adapter_box,boxes,1,1,0.5025461739353434,0.03718161413096516,-5.948366769547325
plasma,203,samft_t_ende_adapter_box,boxes,1,1,0.44166544984250816,0.16391485975731052,1.5133744855967073
plasma,9367,samft_t_ende_adapter_box,boxes,1,1,0.48347072423769233,0.07596095179987797,6.797389403292181
plasma,1844,samft_t_ende_adapter_box,boxes,1,1,0.6950461623634262,0.15120387870819296,3.2384259259259265
plasma,9694,samft_t_ende_adapter_box,boxes,1,1,0.351096506654072,0.03227638428774254,-8.166345164609053
plasma,1957,samft_t_ende_adapter_box,boxes,1,1,0.7368582550831216,0.24753319527348033,4.982317386831276
plasma,9875,samft_t_ende_adapter_box,boxes,1,1,0.40948567492096294,0.050862506341958394,-12.309413580246915
plasma,1853,samft_t_ende_adapter_box,boxes,1,1,0.6333488383479815,0.09968193814712052,-8.541795267489713
plasma,9339,samft_t_ende_adapter_box,boxes,1,1,0.4464385086254869,0.01625746516257465,-0.45769032921810693
plasma,1766,samft_t_ende_adapter_box,boxes,1,1,0.7397593111995303,0.20933263816475495,3.38207304526749
plasma,1863,samft_t_ende_adapter_box,boxes,1,1,0.9266689401333505,0.2602261790182868,0.008873456790123302
plasma,9292,samft_t_ende_adapter_box,boxes,1,1,0.5519553821908775,0.04780761456915398,-2.2311599794238663
plasma,1854,samft_t_ende_adapter_box,boxes,1,1,0.7341643424287008,0.14031000806379357,-3.72267232510288
plasma,2063,samft_t_ende_adapter_box,boxes,1,1,0.47141481103745253,0.05675653793215124,-16.01318158436214
plasma,2184,samft_t_ende_adapter_box,boxes,1,1,0.9361587185824454,0.2415145829779976,-0.502572016460906
plasma,9886,samft_t_ende_adapter_box,boxes,1,1,0.4857408899460127,0.04986501508654915,-4.509130658436214
plasma,9626,samft_t_ende_adapter_box,boxes,1,1,0.9114600242009268,0.2536732929991357,0.4043209876543205
plasma,9421,samft_t_ende_adapter_box,boxes,1,1,0.7168067263844364,0.022730191344548605,-2.5598636831275723
plasma,407,samft_t_ende_adapter_box,boxes,1,1,0.5275094141203839,0.03548607941579188,0.44656635802469213
plasma,1944,samft_t_ende_adapter_box,boxes,1,1,0.7701928565603849,0.015879017013232515,-0.09259259259259273
plasma,1972,samft_t_ende_adapter_box,boxes,1,1,0.9249258788648878,0.3584379358437936,1.0806327160493832
plasma,9357,samft_t_ende_adapter_box,boxes,1,1,0.4519400563165179,0.06533274375414548,4.054269547325102
plasma,1837,samft_t_ende_adapter_box,boxes,1,1,0.8796982789487504,0.2114639175257732,1.116255144032921
plasma,2174,samft_t_ende_adapter_box,boxes,1,1,0.6893412502718222,0.2537720706260032,4.669560185185186
plasma,2404,samft_t_ende_adapter_box,boxes,1,1,0.9537761678619887,0.3080194410692588,-0.4058641975308641
plasma,2192,samft_t_ende_adapter_box,boxes,1,1,0.5970743268284278,0.07178934608391137,-10.739647633744857
plasma,9590,samft_t_ende_adapter_box,boxes,1,1,0.8073741308536483,0.1857469353833368,-1.4720936213991773
plasma,1870,samft_t_ende_adapter_box,boxes,1,1,0.8770474849446712,0.2064650677789364,-3.0270061728395055
plasma,102,samft_t_ende_adapter_box,boxes,1,1,0.8224524685282081,0.2068336692580862,-4.145833333333333
plasma,1705,samft_t_ende_adapter_box,boxes,1,1,0.877124125682461,0.17592592592592593,0.4441872427983537
plasma,9321,samft_t_ende_adapter_box,boxes,1,1,0.609571958206943,0.08294194064155092,6.50784465020576
plasma,1704,samft_t_ende_adapter_box,boxes,1,1,0.7879878242696834,0.17082405345211582,-0.32953960905349744
plasma,9838,samft_t_ende_adapter_box,boxes,1,1,0.21452787095853257,0.0,-5.653677983539095
plasma,9775,samft_t_ende_adapter_box,boxes,1,1,0.287951018882034,0.012370223105809586,-18.120756172839506
plasma,2221,samft_t_ende_adapter_box,boxes,1,1,0.53632685800616,0.06154190444220656,-7.169302983539096
plasma,9714,samft_t_ende_adapter_box,boxes,1,1,0.00035575047311896935,0.0,-21.722029320987655
plasma,104,samft_t_ende_adapter_box,boxes,1,1,0.7986625932018715,0.11030161736849774,-2.4052211934156373
plasma,1745,samft_t_ende_adapter_box,boxes,1,1,0.7835351606152345,0.15209070556799306,2.356095679012346
plasma,9528,samft_t_ende_adapter_box,boxes,1,1,0.827801950487622,0.06834440470107307,-2.320987654320987
plasma,1898,samft_t_ende_adapter_box,boxes,1,1,0.6361682568665572,0.1235982153623538,-14.459297839506174
plasma,2216,samft_t_ende_adapter_box,boxes,1,1,0.8443102989106311,0.33607775871926815,-1.032600308641976
plasma,9625,samft_t_ende_adapter_box,boxes,1,1,0.19544791076155318,0.020767537563403198,-7.791345164609053
plasma,2178,samft_t_ende_adapter_box,boxes,1,1,0.6160338225909381,0.08171440016022431,0.844778806584362
plasma,2087,samft_t_ende_adapter_box,boxes,1,1,0.564517760495097,0.06498852212459431,-13.04083076131687
plasma,1992,samft_t_ende_adapter_box,boxes,1,1,0.49562797487796345,0.1258806464981351,-6.080632716049382
plasma,2189,samft_t_ende_adapter_box,boxes,1,1,0.8706533996571434,0.15138971023063277,-1.826067386831276
plasma,507,samft_t_ende_adapter_box,boxes,1,1,0.8170349742298413,0.11960375391032325,-2.594778806584362
plasma,1970,samft_t_ende_adapter_box,boxes,1,1,0.7552586640324435,0.15653710247349822,-6.718942901234567
plasma,9692,samft_t_ende_adapter_box,boxes,1,1,0.6346023701978313,0.06666666666666667,0.010223765432098436
plasma,1984,samft_t_ende_adapter_box,boxes,1,1,0.5480604666943114,0.13589886596021566,-3.018582818930041
plasma,9726,samft_t_ende_adapter_box,boxes,1,1,0.5685890429464429,0.03175309741078715,-7.889531893004116
plasma,9782,samft_t_ende_adapter_box,boxes,1,1,0.38258560546017195,0.08137369836562995,-14.238425925925927
plasma,2301,samft_t_ende_adapter_box,boxes,1,1,0.8904032649102958,0.2692632711070139,-0.8600823045267492
plasma,2033,samft_t_ende_adapter_box,boxes,1,1,0.7507291834069444,0.18417888915604713,5.237718621399178
plasma,9373,samft_t_ende_adapter_box,boxes,1,1,0.5540107488445306,0.09080373576930943,3.397633744855967
plasma,1762,samft_t_ende_adapter_box,boxes,1,1,0.8127553009705689,0.12541609555512043,2.362847222222221
plasma,9600,samft_t_ende_adapter_box,boxes,1,1,0.9444033660786592,0.20811703633789524,-0.2816358024691358
plasma,518,samft_t_ende_adapter_box,boxes,1,1,0.29813061189155915,0.015663430420711975,-9.14769804526749
plasma,9504,samft_t_ende_adapter_box,boxes,1,1,0.8011801568968278,0.0330779630464173,-2.2787422839506175
plasma,2015,samft_t_ende_adapter_box,boxes,1,1,0.8138085360640941,0.11603316236914213,-8.321051954732505
plasma,113,samft_t_ende_adapter_box,boxes,1,1,0.6040211608761554,0.1996900025833118,-3.3985339506172845
plasma,9442,samft_t_ende_adapter_box,boxes,1,1,0.6329138276553106,0.09279321714554875,4.794495884773663
plasma,9773,samft_t_ende_adapter_box,boxes,1,1,0.1709350287814901,0.0018934271030565323,-19.71360596707819
plasma,9629,samft_t_ende_adapter_box,boxes,1,1,0.937197224283158,0.19521811013608037,-1.2011959876543201
plasma,2227,samft_t_ende_adapter_box,boxes,1,1,0.8505871588099151,0.1978319783197832,1.61670524691358
plasma,2142,samft_t_ende_adapter_box,boxes,1,1,0.6152461771155651,0.053326324396939434,-16.61966306584362
plasma,208,samft_t_ende_adapter_box,boxes,1,1,0.5018062738779011,0.13578525361687294,-6.155414094650205
plasma,9605,samft_t_ende_adapter_box,boxes,1,1,0.3535457658482132,0.07976015386355922,8.193737139917696
plasma,9686,samft_t_ende_adapter_box,boxes,1,1,0.7552795250080444,0.2487955290036616,-3.0598636831275714
plasma,1959,samft_t_ende_adapter_box,boxes,1,1,0.7333252152735497,0.12926181625066382,4.493248456790123
plasma,1816,samft_t_ende_adapter_box,boxes,1,1,0.4319588029034637,0.11389395260363003,-10.360018004115226
plasma,9774,samft_t_ende_adapter_box,boxes,1,1,0.367870288130823,0.018900343642611683,-10.902070473251028
plasma,2188,samft_t_ende_adapter_box,boxes,1,1,0.599897379965453,0.10266340535398831,7.507780349794239
plasma,110,samft_t_ende_adapter_box,boxes,1,1,0.6418123733733034,0.08451869004300364,-3.6050025720164616
plasma,9845,samft_t_ende_adapter_box,boxes,1,1,0.018827658161813525,0.00436442989634479,-2.4723508230452675
plasma,9789,samft_t_ende_adapter_box,boxes,1,1,0.4657710631357569,0.05747738158594997,-1.4542181069958846
plasma,2105,samft_t_ende_adapter_box,boxes,1,1,0.6250955954220515,0.09159343279514953,-19.184992283950617
plasma,9453,samft_t_ende_adapter_box,boxes,1,1,0.6757016599644179,0.16495691423881823,4.964699074074074
plasma,2386,samft_t_ende_adapter_box,boxes,1,1,0.5978281321398812,0.10371163454675232,-9.92283950617284
plasma,2073,samft_t_ende_adapter_box,boxes,1,1,0.8948427843482822,0.1719082525419721,-0.07619598765432056
plasma,1847,samft_t_ende_adapter_box,boxes,1,1,0.6164955528396671,0.06802356722013926,3.9502957818930042
plasma,9902,samft_t_ende_adapter_box,boxes,1,1,0.7126161558526247,0.11321520357094549,3.1995884773662544
plasma,9581,samft_t_ende_adapter_box,boxes,1,1,0.7904686945383274,0.11311184377377631,2.202481995884774
plasma,417,samft_t_ende_adapter_box,boxes,1,1,0.9073137388926863,0.26360424028268553,-0.24858539094650203
plasma,2392,samft_t_ende_adapter_box,boxes,1,1,0.8791747659650587,0.1571074252053945,-1.2585519547325092
plasma,506,samft_t_ende_adapter_box,boxes,1,1,0.4845281670097497,0.03377022080528988,-6.937885802469138
plasma,1871,samft_t_ende_adapter_box,boxes,1,1,0.702846239908638,0.1497824735860783,0.34059927983539073
plasma,2145,samft_t_ende_adapter_box,boxes,1,1,0.2976665631207858,0.034926391227388505,-33.60712448559671
plasma,1774,samft_t_ende_adapter_box,boxes,1,1,0.7129295651276386,0.1396336607379878,0.3825231481481478
plasma,9464,samft_t_ende_adapter_box,boxes,1,1,0.9804311066603189,0.5633587786259542,0.007973251028806083
plasma,9832,samft_t_ende_adapter_box,boxes,1,1,0.8476105790605737,0.11549539170506913,1.9835390946502065
plasma,2052,samft_t_ende_adapter_box,boxes,1,1,0.6654845588216695,0.1314095763491053,2.7593235596707815
plasma,2200,samft_t_ende_adapter_box,boxes,1,1,0.5623796099569283,0.16423852278502457,-5.121720679012346
plasma,9841,samft_t_ende_adapter_box,boxes,1,1,0.21741247213372397,0.0002472493509704537,-4.280414094650205
plasma,9805,samft_t_ende_adapter_box,boxes,1,1,0.4605902963128318,0.057946822463336115,-0.3807870370370378
plasma,1838,samft_t_ende_adapter_box,boxes,1,1,0.4312368010776492,0.01752585458277414,-10.124935699588478
plasma,1888,samft_t_ende_adapter_box,boxes,1,1,0.797440545504748,0.23005768848219615,2.6596579218107013
plasma,9286,samft_t_ende_adapter_box,boxes,1,1,0.5056265647647912,0.0481685900652283,-0.2516075102880655
plasma,9859,samft_t_ende_adapter_box,boxes,1,1,0.3490707841435659,0.031665328695031664,-5.420588991769547
plasma,2060,samft_t_ende_adapter_box,boxes,1,1,0.8356335485996252,0.17902498975829578,1.4786522633744859
plasma,2380,samft_t_ende_adapter_box,boxes,1,1,0.8314340236973468,0.16065781151170144,-2.480131172839506
plasma,1770,samft_t_ende_adapter_box,boxes,1,1,0.5666088376364935,0.11643026004728133,0.7665895061728392
plasma,1855,samft_t_ende_adapter_box,boxes,1,1,0.9022375732091906,0.34115426105717367,-0.8197016460905343
plasma,2359,samft_t_ende_adapter_box,boxes,1,1,0.6194536950594749,0.10637013650292507,-1.6512345679012386
plasma,1994,samft_t_ende_adapter_box,boxes,1,1,0.31959028430549374,0.010388414103679444,-16.814814814814817
plasma,1709,samft_t_ende_adapter_box,boxes,1,1,0.504671850220727,0.06252493019545273,-3.576195987654322
plasma,2071,samft_t_ende_adapter_box,boxes,1,1,0.7703042724262967,0.11234302522909831,-4.147633744855968
plasma,9820,samft_t_ende_adapter_box,boxes,1,1,0.6854102671388285,0.15371580731057854,5.735146604938271
plasma,1747,samft_t_ende_adapter_box,boxes,1,1,0.8433368768902404,0.2424792908007557,-5.125321502057611
plasma,9512,samft_t_ende_adapter_box,boxes,1,1,0.21896900565932617,0.0047580206634040235,-5.318415637860083
plasma,1963,samft_t_ende_adapter_box,boxes,1,1,0.7729039188230103,0.13447933473997767,-3.5191615226337456
plasma,2295,samft_t_ende_adapter_box,boxes,1,1,0.2470103974372896,0.012077652637818613,-28.479681069958847
plasma,2013,samft_t_ende_adapter_box,boxes,1,1,0.876570131668774,0.15392735175411362,-1.8906250000000013
plasma,1993,samft_t_ende_adapter_box,boxes,1,1,0.6542052879761332,0.07210535465924896,-18.222350823045264
plasma,9910,samft_t_ende_adapter_box,boxes,1,1,0.3338787727612871,0.003911160776644783,-8.564043209876543
plasma,9342,samft_t_ende_adapter_box,boxes,1,1,0.8783280876759516,0.2577840679336838,1.1017232510288064
plasma,2318,samft_t_ende_adapter_box,boxes,1,1,0.5482827882160558,0.046785355178328505,-7.679848251028809
plasma,1742,samft_t_ende_adapter_box,boxes,1,1,0.4620717493314496,0.1030354335469827,-4.4825102880658445
plasma,305,samft_t_ende_adapter_box,boxes,1,1,0.25952388580949026,0.05495066349098333,-8.803112139917696
plasma,1715,samft_t_ende_adapter_box,boxes,1,1,0.5605579573088354,0.09621778886118038,-9.88335905349794
plasma,9710,samft_t_ende_adapter_box,boxes,1,1,0.9268786265765118,0.34897119341563787,0.34169238683127434
plasma,1738,samft_t_ende_adapter_box,boxes,1,1,0.7396848081184199,0.14644493466825045,-0.4420010288065837
plasma,2315,samft_t_ende_adapter_box,boxes,1,1,0.5665613665613666,0.14050765995794534,-5.4711934156378605
plasma,2439,samft_t_ende_adapter_box,boxes,1,1,0.5487865906406094,0.058559556786703604,-13.877250514403293
plasma,9889,samft_t_ende_adapter_box,boxes,1,1,0.6936301719223499,0.08607075173720784,1.7091692386831276
plasma,9706,samft_t_ende_adapter_box,boxes,1,1,0.5949106554918516,0.058798717732411,-4.140239197530865
plasma,9786,samft_t_ende_adapter_box,boxes,1,1,0.535333203881656,0.057091882247992866,6.204668209876543
plasma,1739,samft_t_ende_adapter_box,boxes,1,1,0.8053453278273284,0.32002314814814814,-1.3989197530864201
plasma,9343,samft_t_ende_adapter_box,boxes,1,1,0.904709726262103,0.2525801195002716,0.4916409465020574
plasma,2025,samft_t_ende_adapter_box,boxes,1,1,0.10380998312032795,0.002550056667925954,-15.773405349794237
plasma,2047,samft_t_ende_adapter_box,boxes,1,1,0.5732812817636297,0.041481641936532004,-12.44045781893004
plasma,304,samft_t_ende_adapter_box,boxes,1,1,0.0003836562440053712,0.0,-4.451838991769548
plasma,2110,samft_t_ende_adapter_box,boxes,1,1,0.867211181061323,0.1614654002713704,1.552340534979424
plasma,206,samft_t_ende_adapter_box,boxes,1,1,0.5931684860728021,0.12847265870521685,-2.1791409465020575
plasma,1693,samft_t_ende_adapter_box,boxes,1,1,0.9606700458081479,0.44175824175824174,0.0890560699588476
plasma,2299,samft_t_ende_adapter_box,boxes,1,1,0.6083499005964215,0.0883938706015891,-1.899948559670782
plasma,1812,samft_t_ende_adapter_box,boxes,1,1,0.38365488955120325,0.06720366421858959,2.1439686213991784
plasma,9317,samft_t_ende_adapter_box,boxes,1,1,0.7409027357525928,0.19857369255150556,3.1322659465020575
plasma,2378,samft_t_ende_adapter_box,boxes,1,1,0.6117557670141779,0.14384645825089037,-8.693029835390947
plasma,2423,samft_t_ende_adapter_box,boxes,1,1,0.6234136353879431,0.08316665891436811,-13.143775720164609
plasma,9402,samft_t_ende_adapter_box,boxes,1,1,0.474749549710475,0.04357635531489718,-8.260352366255145
plasma,2160,samft_t_ende_adapter_box,boxes,1,1,0.6619051242637771,0.1242097433990331,-10.949331275720164
plasma,115,samft_t_ende_adapter_box,boxes,1,1,0.6689699124542985,0.06540300546448087,-1.6909722222222228
plasma,2355,samft_t_ende_adapter_box,boxes,1,1,0.6995762293128405,0.06700145368045461,-5.793788580246914
plasma,2435,samft_t_ende_adapter_box,boxes,1,1,0.7503115843881891,0.1818245762115777,-3.5542052469135803
plasma,2276,samft_t_ende_adapter_box,boxes,1,1,0.2920748479059117,0.014832347140039448,-16.689107510288068
plasma,513,samft_t_ende_adapter_box,boxes,1,1,0.9353745574479642,0.14080693203357703,-0.9524819958847741
plasma,1808,samft_t_ende_adapter_box,boxes,1,1,0.7212448374742051,0.12543198240653472,-0.9108153292181065
plasma,9719,samft_t_ende_adapter_box,boxes,1,1,0.31318871575516855,0.024496336996336996,2.67065329218107
plasma,9601,samft_t_ende_adapter_box,boxes,1,1,0.5615702538845927,0.06844151254564732,-6.079218106995884
plasma,2351,samft_t_ende_adapter_box,boxes,1,1,0.5180057745002483,0.040961346972028606,-9.360082304526749
plasma,2335,samft_t_ende_adapter_box,boxes,1,1,0.8745139093208529,0.2158452326116997,0.7801568930041164
plasma,2159,samft_t_ende_adapter_box,boxes,1,1,0.701409664824299,0.13031721954758294,-7.337577160493828
plasma,2086,samft_t_ende_adapter_box,boxes,1,1,0.7875329692460274,0.21392524838353572,1.7793209876543203
plasma,9407,samft_t_ende_adapter_box,boxes,1,1,0.802951112610868,0.1348664977587215,1.836869855967077
plasma,9727,samft_t_ende_adapter_box,boxes,1,1,0.1351471479560913,0.007642922653622745,-8.023019547325102
plasma,2082,samft_t_ende_adapter_box,boxes,1,1,0.8291773973640357,0.21181424994309128,-3.4708076131687235
plasma,512,samft_t_ende_adapter_box,boxes,1,1,0.9012989426130986,0.15685845548020128,-0.5352366255144028
plasma,9757,samft_t_ende_adapter_box,boxes,1,1,0.7945078014836173,0.12158022604837858,-3.243634259259261
plasma,2122,samft_t_ende_adapter_box,boxes,1,1,0.7486715101193565,0.11716621253405994,-0.1765689300411516
plasma,9801,samft_t_ende_adapter_box,boxes,1,1,0.3060480034793009,0.0009276437847866419,-5.132780349794238
plasma,9511,samft_t_ende_adapter_box,boxes,0,1,0.9044002750171886,0.20107962213225372,-0.5658436213991764
plasma,2139,samft_t_ende_adapter_box,boxes,0,1,0.511248274340344,0.09249436414268665,-15.444637345679013
plasma,2026,samft_t_ende_adapter_box,boxes,0,1,0.7121544548977704,0.09818875119161107,4.579153806584363
plasma,9830,samft_t_ende_adapter_box,boxes,0,1,0.829824112272691,0.15132139812446718,2.124164094650205
plasma,9397,samft_t_ende_adapter_box,boxes,0,1,0.8833237916087348,0.14903357070193285,-0.19296553497942376
plasma,1815,samft_t_ende_adapter_box,boxes,0,1,0.9288787648696533,0.2030754210397852,0.6386316872427994
plasma,409,samft_t_ende_adapter_box,boxes,0,1,0.16050021982316448,0.00411373260738052,3.277713477366255
plasma,1954,samft_t_ende_adapter_box,boxes,0,1,0.8085379159847245,0.21787164906580017,0.5475823045267489
plasma,1948,samft_t_ende_adapter_box,boxes,0,1,0.46520064508681036,0.03287585451129781,-17.884773662551442
plasma,1716,samft_t_ende_adapter_box,boxes,0,1,0.9673715793659401,0.3773339122883196,0.1338734567901234
plasma,2384,samft_t_ende_adapter_box,boxes,0,1,0.7338882021700316,0.14190545720021902,7.113361625514402
plasma,1967,samft_t_ende_adapter_box,boxes,0,1,0.7653214669326377,0.12286438868126001,3.10493827160494
plasma,2258,samft_t_ende_adapter_box,boxes,0,1,0.6687476232729116,0.09675025968244547,-10.023019547325102
plasma,2186,samft_t_ende_adapter_box,boxes,0,1,0.7789069950549465,0.19131405029611193,-3.717142489711936
plasma,2424,samft_t_ende_adapter_box,boxes,0,1,0.7818973724453409,0.09826054774241302,-5.451131687242797
plasma,9347,samft_t_ende_adapter_box,boxes,0,1,0.6696131344467582,0.26141913243320886,2.853395061728395
plasma,9387,samft_t_ende_adapter_box,boxes,0,1,0.8313204340618775,0.23959595959595958,1.5043724279835393
plasma,9798,samft_t_ende_adapter_box,boxes,0,1,0.46796330180489804,0.03568684964033801,-5.3070344650205765
plasma,9912,samft_t_ende_adapter_box,boxes,0,1,0.4661885207963832,0.11137208847132511,-9.13625257201646
plasma,516,samft_t_ende_adapter_box,boxes,0,1,0.2637685997415973,0.007631389488840893,-7.657857510288066
plasma,2339,samft_t_ende_adapter_box,boxes,0,1,0.6252598701291009,0.11027568922305764,-4.877250514403292
plasma,1776,samft_t_ende_adapter_box,boxes,0,1,0.32305634367674935,0.023834120425029515,-6.0353009259259265
plasma,2046,samft_t_ende_adapter_box,boxes,0,1,0.7594402600976385,0.10279929338225302,2.929976851851851
plasma,9398,samft_t_ende_adapter_box,boxes,0,1,0.9261392280677769,0.20794351279788173,-0.17914094650205853
plasma,9871,samft_t_ende_adapter_box,boxes,0,1,0.38799686300408637,0.0003165057762304162,-3.8144290123456783
plasma,9281,samft_t_ende_adapter_box,boxes,0,1,0.420938902750327,0.017487699330132195,-25.711033950617285
plasma,9276,samft_t_ende_adapter_box,boxes,0,1,0.8948451407460997,0.26332970620239393,0.8084490740740746
plasma,2394,samft_t_ende_adapter_box,boxes,0,1,0.509200978628767,0.053402187120291614,-15.67161779835391
plasma,9300,samft_t_ende_adapter_box,boxes,0,1,0.5524642954227046,0.13160906385900664,5.318544238683128
plasma,1694,samft_t_ende_adapter_box,boxes,0,1,0.6288143952479344,0.029758149316508938,-10.96778549382716
plasma,1719,samft_t_ende_adapter_box,boxes,0,1,0.668166850340181,0.22599218589348138,-4.685699588477367
plasma,403,samft_t_ende_adapter_box,boxes,0,1,0.2244607279529113,0.002102496714848883,0.6909079218106996
plasma,9630,samft_t_ende_adapter_box,boxes,0,1,0.24730849982718686,0.03870647589115871,-18.095807613168724
plasma,2078,samft_t_ende_adapter_box,boxes,0,1,0.5438250116901335,0.06329281183932346,-3.431970164609055
plasma,207,samft_t_ende_adapter_box,boxes,0,1,0.212467685164947,0.01324229257190151,-6.718685699588477
plasma,1981,samft_t_ende_adapter_box,boxes,0,1,0.5416013763026113,0.04507271815446339,0.8058770576131691
plasma,9396,samft_t_ende_adapter_box,boxes,0,1,0.8050638170967493,0.25413533834586466,3.126093106995885
plasma,9353,samft_t_ende_adapter_box,boxes,0,1,0.9046852437263396,0.29090397071247537,0.6082818930041158
plasma,1839,samft_t_ende_adapter_box,boxes,0,1,0.5011077860030451,0.03948819766159276,-5.987011316872428
plasma,203,samft_t_ende_adapter_box,boxes,0,1,0.4430609034074442,0.1716928025733816,1.6077674897119345
plasma,9367,samft_t_ende_adapter_box,boxes,0,1,0.484337897538841,0.07686522262334537,6.973572530864197
plasma,1844,samft_t_ende_adapter_box,boxes,0,1,0.6938380138380138,0.1451282471523396,3.2427983539094667
plasma,9694,samft_t_ende_adapter_box,boxes,0,1,0.3727322740575082,0.03693776698215931,-7.6100180041152266
plasma,1957,samft_t_ende_adapter_box,boxes,0,1,0.7375839676690341,0.22686915887850467,4.9801311728395055
plasma,9875,samft_t_ende_adapter_box,boxes,0,1,0.3946868716955842,0.0450693374422188,-12.493827160493828
plasma,1853,samft_t_ende_adapter_box,boxes,0,1,0.652030332385547,0.10745349926401712,-8.189621913580247
plasma,9339,samft_t_ende_adapter_box,boxes,0,1,0.4033524668098743,0.007769504694075753,-0.48051697530864196
plasma,1766,samft_t_ende_adapter_box,boxes,0,1,0.7475961335171294,0.18290496114763896,2.816100823045268
plasma,1863,samft_t_ende_adapter_box,boxes,0,1,0.9272828272926302,0.25458829365079366,-0.2176568930041159
plasma,9292,samft_t_ende_adapter_box,boxes,0,1,0.5921766188851746,0.050821754989958605,-0.9508744855967061
plasma,1854,samft_t_ende_adapter_box,boxes,0,1,0.7504029020500349,0.1730430754979157,-2.830761316872428
plasma,2063,samft_t_ende_adapter_box,boxes,0,1,0.4822832431351473,0.05450377163141547,-15.786136831275721
plasma,2184,samft_t_ende_adapter_box,boxes,0,1,0.9273532948000504,0.21261291401806623,-0.6680169753086427
plasma,9886,samft_t_ende_adapter_box,boxes,0,1,0.5005691232620129,0.04558375109824797,-4.387731481481481
plasma,9626,samft_t_ende_adapter_box,boxes,0,1,0.9126726148606124,0.2405474040632054,0.3429783950617285
plasma,9421,samft_t_ende_adapter_box,boxes,0,1,0.7103897442947484,0.027642883825177437,-2.2148919753086416
plasma,407,samft_t_ende_adapter_box,boxes,0,1,0.5237311944187698,0.03484434735117422,0.6534850823045273
plasma,1944,samft_t_ende_adapter_box,boxes,0,1,0.7916816997394267,0.024422820072505246,0.12294238683127623
plasma,1972,samft_t_ende_adapter_box,boxes,0,1,0.9270922588130028,0.3842946490618485,1.0372942386831272
plasma,9357,samft_t_ende_adapter_box,boxes,0,1,0.43095919654553394,0.06968186134852801,3.8783436213991775
plasma,1837,samft_t_ende_adapter_box,boxes,0,1,0.8777850534763848,0.19058732010890703,0.9865612139917684
plasma,2174,samft_t_ende_adapter_box,boxes,0,1,0.6864971024303876,0.24107430041814087,4.510673868312757
plasma,2404,samft_t_ende_adapter_box,boxes,0,1,0.9634343901874566,0.34995938261575954,0.035365226337448485
plasma,2192,samft_t_ende_adapter_box,boxes,0,1,0.614173852248893,0.06969424460431654,-10.38786008230453
plasma,9590,samft_t_ende_adapter_box,boxes,0,1,0.795807546208968,0.1475980931426476,-1.3789223251028813
plasma,1870,samft_t_ende_adapter_box,boxes,0,1,0.873235750694399,0.20497105890364317,-2.9253472222222214
plasma,102,samft_t_ende_adapter_box,boxes,0,1,0.8308235239726819,0.21019108280254778,-3.934992283950617
plasma,1705,samft_t_ende_adapter_box,boxes,0,1,0.8770253442586051,0.1872239211688753,0.5602494855967075
plasma,9321,samft_t_ende_adapter_box,boxes,0,1,0.6341186444019479,0.11724700761697497,5.645254629629629
plasma,1704,samft_t_ende_adapter_box,boxes,0,1,0.7988880964137451,0.15301902398676592,-0.3740997942386831
plasma,9838,samft_t_ende_adapter_box,boxes,0,1,0.2704446020025248,0.002840909090909091,-5.424382716049383
plasma,9775,samft_t_ende_adapter_box,boxes,0,1,0.3106204039549394,0.014155607598230549,-17.821566358024693
plasma,2221,samft_t_ende_adapter_box,boxes,0,1,0.5524178374310086,0.05558428128231644,-7.279706790123458
plasma,9714,samft_t_ende_adapter_box,boxes,0,1,0.0003323847732785968,0.0,-21.719521604938272
plasma,104,samft_t_ende_adapter_box,boxes,0,1,0.7961387522151848,0.12421600122380297,-2.4340920781892996
plasma,1745,samft_t_ende_adapter_box,boxes,0,1,0.7820351678721577,0.14098471986417657,2.259452160493827
plasma,9528,samft_t_ende_adapter_box,boxes,0,1,0.8585184454599585,0.08136792452830188,-1.861046810699589
plasma,1898,samft_t_ende_adapter_box,boxes,0,1,0.6597468041364599,0.14671743536203402,-13.640560699588477
plasma,2216,samft_t_ende_adapter_box,boxes,0,1,0.8457890033681863,0.3371158392434988,-1.1272505144032927
plasma,9625,samft_t_ende_adapter_box,boxes,0,1,0.20671662166671723,0.016979129819596747,-7.359760802469135
plasma,2178,samft_t_ende_adapter_box,boxes,0,1,0.6335968715463742,0.0999681630054123,1.3634259259259263
plasma,2087,samft_t_ende_adapter_box,boxes,0,1,0.6138673229789711,0.0715414395196334,-10.991319444444445
plasma,1992,samft_t_ende_adapter_box,boxes,0,1,0.5104097112289836,0.12097964001180289,-5.73900462962963
plasma,2189,samft_t_ende_adapter_box,boxes,0,1,0.8841353477337994,0.16982794361525705,-1.348701131687241
plasma,507,samft_t_ende_adapter_box,boxes,0,1,0.8228399856964944,0.13324644074593944,-2.470679012345679
plasma,1970,samft_t_ende_adapter_box,boxes,0,1,0.763671389646975,0.1701611123372324,-6.51099537037037
plasma,9692,samft_t_ende_adapter_box,boxes,0,1,0.6448292443209139,0.06879353340785967,-0.07786779835390958
plasma,1984,samft_t_ende_adapter_box,boxes,0,1,0.5429438496965261,0.138252427184466,-3.1141975308641974
plasma,9726,samft_t_ende_adapter_box,boxes,0,1,0.6096679814742428,0.04284259528658714,-7.118955761316872
plasma,9782,samft_t_ende_adapter_box,boxes,0,1,0.3513645665441243,0.07615033368458025,-14.858603395061731
plasma,2301,samft_t_ende_adapter_box,boxes,0,1,0.8817602353022091,0.25849056603773585,-0.8997556584362132
plasma,2033,samft_t_ende_adapter_box,boxes,0,1,0.7536269467901704,0.19412465263993647,5.63695987654321
plasma,9373,samft_t_ende_adapter_box,boxes,0,1,0.526208045703404,0.08507481940144479,4.501157407407409
plasma,1762,samft_t_ende_adapter_box,boxes,0,1,0.8078905635564265,0.13647294589178358,2.726658950617285
plasma,9600,samft_t_ende_adapter_box,boxes,0,1,0.945634518961418,0.21644915045555282,-0.31262860082304567
plasma,518,samft_t_ende_adapter_box,boxes,0,1,0.28665547649338025,0.012902367650971002,-9.22485853909465
plasma,9504,samft_t_ende_adapter_box,boxes,0,1,0.799769532150265,0.03361030716086266,-2.4286265432098775
plasma,2015,samft_t_ende_adapter_box,boxes,0,1,0.8317598639642788,0.12438788881991862,-6.158693415637856
plasma,113,samft_t_ende_adapter_box,boxes,0,1,0.6086698909042431,0.20052424639580602,-3.3708204732510287
plasma,9442,samft_t_ende_adapter_box,boxes,0,1,0.6586289125685794,0.10683424980361352,4.175154320987655
plasma,9773,samft_t_ende_adapter_box,boxes,0,1,0.15361823302060446,0.0017967658215212617,-20.41396604938272
plasma,9629,samft_t_ende_adapter_box,boxes,0,1,0.9447841809471162,0.2269025554619489,-0.9675925925925921
plasma,2227,samft_t_ende_adapter_box,boxes,0,1,0.8517928769955868,0.19673436877737954,1.4582690329218106
plasma,2142,samft_t_ende_adapter_box,boxes,0,1,0.5875187741583389,0.050272284322155344,-17.510866769547327
plasma,208,samft_t_ende_adapter_box,boxes,0,1,0.5250102333196889,0.1398786370001556,-5.95897633744856
plasma,9605,samft_t_ende_adapter_box,boxes,0,1,0.3707096481079396,0.06949486567783425,7.577739197530866
plasma,9686,samft_t_ende_adapter_box,boxes,0,1,0.7557363565632989,0.2663207955036749,-3.1847350823045266
plasma,1959,samft_t_ende_adapter_box,boxes,0,1,0.7316903828729531,0.12693466292718397,4.534014917695474
plasma,1816,samft_t_ende_adapter_box,boxes,0,1,0.4544559480308567,0.12259615384615384,-9.868441358024691
plasma,9774,samft_t_ende_adapter_box,boxes,0,1,0.3826879271070615,0.03278477757778349,-10.682291666666666
plasma,2188,samft_t_ende_adapter_box,boxes,0,1,0.6137314609941508,0.09302796919335225,7.053112139917696
plasma,110,samft_t_ende_adapter_box,boxes,0,1,0.6942482710631207,0.12424399516156903,-3.1948945473251036
plasma,9845,samft_t_ende_adapter_box,boxes,0,1,0.03853026068630595,0.0,-2.3770576131687244
plasma,9789,samft_t_ende_adapter_box,boxes,0,1,0.46501384662896605,0.056317871874736934,-0.7386188271604942
plasma,2105,samft_t_ende_adapter_box,boxes,0,1,0.5984033971531109,0.08579773640014604,-20.196630658436213
plasma,9453,samft_t_ende_adapter_box,boxes,0,1,0.6804896933663775,0.18955980640700623,5.511895576131687
plasma,2386,samft_t_ende_adapter_box,boxes,0,1,0.6125453870321494,0.10686487623588808,-9.71019804526749
plasma,2073,samft_t_ende_adapter_box,boxes,0,1,0.9002466230608501,0.17777270652670013,0.29353137860082257
plasma,1847,samft_t_ende_adapter_box,boxes,0,1,0.5982130920230869,0.0707654068279845,4.105516975308642
plasma,9902,samft_t_ende_adapter_box,boxes,0,1,0.7124177342312261,0.12296589783500778,3.1915509259259256
plasma,9581,samft_t_ende_adapter_box,boxes,0,1,0.7871717130331463,0.12022828154724159,2.258101851851851
plasma,417,samft_t_ende_adapter_box,boxes,0,1,0.8958318932743485,0.22857142857142856,-0.28002829218107
plasma,2392,samft_t_ende_adapter_box,boxes,0,1,0.8750917420190439,0.1307085359049972,-1.4093364197530849
plasma,506,samft_t_ende_adapter_box,boxes,0,1,0.4974670487106017,0.041226090055839375,-6.731288580246915
plasma,1871,samft_t_ende_adapter_box,boxes,0,1,0.7228647921186607,0.16372170071783546,-0.08442644032921887
plasma,2145,samft_t_ende_adapter_box,boxes,0,1,0.3128208756504345,0.04368525457350672,-32.88702417695473
plasma,1774,samft_t_ende_adapter_box,boxes,0,1,0.70612208187884,0.14316318926974664,0.21026234567901175
plasma,9464,samft_t_ende_adapter_box,boxes,0,1,0.9819621138559274,0.5909330521876648,-0.011574074074074264
plasma,9832,samft_t_ende_adapter_box,boxes,0,1,0.8363686786585671,0.10957834461218116,2.373649691358025
plasma,2052,samft_t_ende_adapter_box,boxes,0,1,0.6825081988718352,0.13911782661782662,1.8469650205761328
plasma,2200,samft_t_ende_adapter_box,boxes,0,1,0.5750488606461616,0.16943178887647212,-4.898919753086418
plasma,9841,samft_t_ende_adapter_box,boxes,0,1,0.19943150317249392,0.0,-4.5018647119341555
plasma,9805,samft_t_ende_adapter_box,boxes,0,1,0.4631792838071305,0.05631622812239552,-0.5300925925925931
plasma,1838,samft_t_ende_adapter_box,boxes,0,1,0.4110119968139878,0.015494241445024443,-10.595357510288068
plasma,1888,samft_t_ende_adapter_box,boxes,0,1,0.794620380868195,0.21350364963503649,2.6478909465020575
plasma,9286,samft_t_ende_adapter_box,boxes,0,1,0.513321404658236,0.050934803451581974,-0.3330118312757202
plasma,9859,samft_t_ende_adapter_box,boxes,0,1,0.3619977299984245,0.03456640388114009,-5.057420267489711
plasma,2060,samft_t_ende_adapter_box,boxes,0,1,0.8350706722835501,0.19635483411647445,1.5601208847736623
plasma,2380,samft_t_ende_adapter_box,boxes,0,1,0.8078089814452943,0.14340956800353552,-3.0970293209876543
plasma,1770,samft_t_ende_adapter_box,boxes,0,1,0.5652972844454257,0.11380532997826832,0.7952031893004113
plasma,1855,samft_t_ende_adapter_box,boxes,0,1,0.9005054986689532,0.32293252156265856,-0.7667181069958846
plasma,2359,samft_t_ende_adapter_box,boxes,0,1,0.6129570793814554,0.09589330181910269,-2.1806841563786037
plasma,1994,samft_t_ende_adapter_box,boxes,0,1,0.31172591336310873,0.014295573301784482,-17.193544238683128
plasma,1709,samft_t_ende_adapter_box,boxes,0,1,0.5155259999441761,0.07047527604416706,-3.51388888888889
plasma,2071,samft_t_ende_adapter_box,boxes,0,1,0.7579901105942889,0.10289424452514581,-4.371463477366255
plasma,9820,samft_t_ende_adapter_box,boxes,0,1,0.6855501910468277,0.145164811176599,5.731288580246913
plasma,1747,samft_t_ende_adapter_box,boxes,0,1,0.8404160573146885,0.2551668735850435,-5.00733024691358
plasma,9512,samft_t_ende_adapter_box,boxes,0,1,0.23132234058891696,0.009203681472589036,-4.878986625514404
plasma,1963,samft_t_ende_adapter_box,boxes,0,1,0.784589925050691,0.15304414982623246,-2.8871527777777795
plasma,2295,samft_t_ende_adapter_box,boxes,0,1,0.251054070293921,0.01475035032082012,-28.387795781893
plasma,2013,samft_t_ende_adapter_box,boxes,0,1,0.8693868110147522,0.14369732613836173,-1.746656378600825
plasma,1993,samft_t_ende_adapter_box,boxes,0,1,0.6518352119115215,0.07567103285376853,-17.686921296296294
plasma,9910,samft_t_ende_adapter_box,boxes,0,1,0.35417579765885465,0.0019849709343541756,-8.396026234567902
plasma,9342,samft_t_ende_adapter_box,boxes,0,1,0.8719283937734597,0.23846013501185914,1.2516075102880664
plasma,2318,samft_t_ende_adapter_box,boxes,0,1,0.5483623301929518,0.04275480850583789,-7.667759773662553
plasma,1742,samft_t_ende_adapter_box,boxes,0,1,0.4331285262602297,0.09944612286002014,-4.6784336419753085
plasma,305,samft_t_ende_adapter_box,boxes,0,1,0.2517360924771115,0.052070374977785674,-8.8627829218107
plasma,1715,samft_t_ende_adapter_box,boxes,0,1,0.5851633229421088,0.10658391797085807,-9.4829603909465
plasma,9710,samft_t_ende_adapter_box,boxes,0,1,0.9219344578860681,0.33413963716327655,0.6958590534979409
plasma,1738,samft_t_ende_adapter_box,boxes,0,1,0.7378994311511832,0.15591857680465276,-0.17599022633744826
plasma,2315,samft_t_ende_adapter_box,boxes,0,1,0.5697481317464711,0.13039124526142623,-5.071887860082305
plasma,2439,samft_t_ende_adapter_box,boxes,0,1,0.6028749438349331,0.07654588623928978,-12.092078189300413
plasma,9889,samft_t_ende_adapter_box,boxes,0,1,0.7461686861899292,0.0872583044124938,1.2127057613168724
plasma,9706,samft_t_ende_adapter_box,boxes,0,1,0.5862870819253024,0.05545058736548098,-3.8773148148148153
plasma,9786,samft_t_ende_adapter_box,boxes,0,1,0.5722239406124343,0.07746074301034087,5.308706275720165
plasma,1739,samft_t_ende_adapter_box,boxes,0,1,0.8020638611529051,0.32836240855374227,-1.3143004115226342
plasma,9343,samft_t_ende_adapter_box,boxes,0,1,0.9173568744697184,0.2640834575260805,0.4026491769547329
plasma,2025,samft_t_ende_adapter_box,boxes,0,1,0.12801193672823516,0.004734400151500805,-15.38625257201646
plasma,2047,samft_t_ende_adapter_box,boxes,0,1,0.6233474249215757,0.044485404005180834,-10.279449588477366
plasma,304,samft_t_ende_adapter_box,boxes,0,1,0.0007538979953166943,0.0,-4.521026234567901
plasma,2110,samft_t_ende_adapter_box,boxes,0,1,0.8640981262698473,0.1505266237565828,1.5987654320987643
plasma,206,samft_t_ende_adapter_box,boxes,0,1,0.6275261126248864,0.12186003037738054,-1.8278034979423867
plasma,1693,samft_t_ende_adapter_box,boxes,0,1,0.9669690477275835,0.45614849187935036,0.02514146090535005
plasma,2299,samft_t_ende_adapter_box,boxes,0,1,0.6261839259088141,0.07785753727222529,-1.6844135802469136
plasma,1812,samft_t_ende_adapter_box,boxes,0,1,0.3934902948572576,0.07222353776935828,2.4809670781893027
plasma,9317,samft_t_ende_adapter_box,boxes,0,1,0.7341150444304116,0.18146286990508095,3.304848251028806
plasma,2378,samft_t_ende_adapter_box,boxes,0,1,0.6193361113358686,0.11888941623160892,-8.143518518518519
plasma,2423,samft_t_ende_adapter_box,boxes,0,1,0.6080607204048027,0.08149626398106465,-13.506044238683126
plasma,9402,samft_t_ende_adapter_box,boxes,0,1,0.5072334614138234,0.0480370942812983,-7.63528806584362
plasma,2160,samft_t_ende_adapter_box,boxes,0,1,0.675931589047395,0.14773639676363412,-10.410558127572015
plasma,115,samft_t_ende_adapter_box,boxes,0,1,0.6356143970655662,0.06546938775510204,-1.973765432098766
plasma,2355,samft_t_ende_adapter_box,boxes,0,1,0.6707295334899326,0.056610687022900764,-6.5128600823045275
plasma,2435,samft_t_ende_adapter_box,boxes,0,1,0.7656377498056598,0.20138057336056914,-2.863361625514402
plasma,2276,samft_t_ende_adapter_box,boxes,0,1,0.24636808933915108,0.013658794501233697,-17.339377572016463
plasma,513,samft_t_ende_adapter_box,boxes,0,1,0.9358937917785662,0.13846568693541864,-0.991383744855967
plasma,1808,samft_t_ende_adapter_box,boxes,0,1,0.7200664228996733,0.14549266247379455,0.14917695473251058
plasma,9719,samft_t_ende_adapter_box,boxes,0,1,0.29183922046285016,0.024010821778829895,2.185185185185186
plasma,9601,samft_t_ende_adapter_box,boxes,0,1,0.5415538049311148,0.0723055934515689,-6.325488683127572
plasma,2351,samft_t_ende_adapter_box,boxes,0,1,0.5545253094881283,0.05065210797694874,-8.111496913580249
plasma,2335,samft_t_ende_adapter_box,boxes,0,1,0.8794273357691448,0.24373705029195705,1.044817386831276
plasma,2159,samft_t_ende_adapter_box,boxes,0,1,0.6824174231658545,0.11520950181458264,-8.043402777777779
plasma,2086,samft_t_ende_adapter_box,boxes,0,1,0.7997610606491905,0.21646892433409287,1.9029063786008216
plasma,9407,samft_t_ende_adapter_box,boxes,0,1,0.7916243654822335,0.13840967677969462,2.2957818930041145
plasma,9727,samft_t_ende_adapter_box,boxes,0,1,0.15096832748288241,0.006766696087084437,-7.935828189300412
plasma,2082,samft_t_ende_adapter_box,boxes,0,1,0.8320211402172073,0.2235294117647059,-3.426183127572016
plasma,512,samft_t_ende_adapter_box,boxes,0,1,0.9251621315581786,0.17613316837251153,-0.19560185185185236
plasma,9757,samft_t_ende_adapter_box,boxes,0,1,0.7916307375719435,0.10372874194570614,-3.6354809670781902
plasma,2122,samft_t_ende_adapter_box,boxes,0,1,0.7489517967549936,0.11482254697286012,0.11619084362139848
plasma,9801,samft_t_ende_adapter_box,boxes,0,1,0.22424354713572728,0.000583487309151026,-5.854938271604938
plasma,9511,samft_b_ende_lora,none,0,2,0.3726978700584854,0.11600048893778267,14.226208847736627
plasma,2139,samft_b_ende_lora,none,0,2,0.7678518154421998,0.1805312636641889,0.5511188271604933
plasma,2026,samft_b_ende_lora,none,0,2,0.5637409479847385,0.08043466957832891,9.620884773662553
plasma,9830,samft_b_ende_lora,none,0,2,0.4427051854114618,0.13356164383561644,16.27205504115226
plasma,9397,samft_b_ende_lora,none,0,2,0.6488796429987235,0.16585280781304498,5.693865740740741
plasma,1815,samft_b_ende_lora,none,0,2,0.4870295062484913,0.1155356141334829,18.91313014403292
plasma,409,samft_b_ende_lora,none,0,2,0.1292414957516717,0.05645541751847775,17.870756172839506
plasma,1954,samft_b_ende_lora,none,0,2,0.6075184390719653,0.30519969856819895,8.55639146090535
plasma,1948,samft_b_ende_lora,none,0,2,0.692521094638476,0.1912476577139288,7.887860082304527
plasma,1716,samft_b_ende_lora,none,0,2,0.8604448210660781,0.29366602687140114,2.6822273662551437
plasma,2384,samft_b_ende_lora,none,0,2,0.6217632292210492,0.10825022665457842,13.1372170781893
plasma,1967,samft_b_ende_lora,none,0,2,0.5861496735674587,0.21428083361803896,16.161651234567902
plasma,2258,samft_b_ende_lora,none,0,2,0.555679335209312,0.10138722383969857,0.859246399176955
plasma,2186,samft_b_ende_lora,none,0,2,0.6469922233632955,0.17256600316482051,6.976594650205762
plasma,2424,samft_b_ende_lora,none,0,2,0.5139236421957692,0.04516504854368932,16.760352366255145
plasma,9347,samft_b_ende_lora,none,0,2,0.4590700971282975,0.1250350434538828,7.200745884773663
plasma,9387,samft_b_ende_lora,none,0,2,0.6301480668322942,0.03609857688302673,4.514467592592593
plasma,9798,samft_b_ende_lora,none,0,2,0.4775201966982789,0.08461939311340042,15.041538065843618
plasma,9912,samft_b_ende_lora,none,0,2,0.5560333549480677,0.11889333818711321,18.715663580246915
plasma,516,samft_b_ende_lora,none,0,2,0.5524122292595199,0.1277479485361159,10.722543724279838
plasma,2339,samft_b_ende_lora,none,0,2,0.8406972555033116,0.3423051397389573,4.318672839506174
plasma,1776,samft_b_ende_lora,none,0,2,0.3809664958492703,0.06198910081743869,1.9923482510288055
plasma,2046,samft_b_ende_lora,none,0,2,0.6184643541948509,0.12626575738789006,11.928047839506172
plasma,9398,samft_b_ende_lora,none,0,2,0.4891267982602877,0.0699965433805738,12.63869598765432
plasma,9871,samft_b_ende_lora,none,0,2,0.1968212000523425,0.021186791359761648,6.002636316872427
plasma,9281,samft_b_ende_lora,none,0,2,0.7681590415425288,0.10759657765102411,0.5513760288065828
plasma,9276,samft_b_ende_lora,none,0,2,0.39919805555937,0.09469219305284879,13.377764917695472
plasma,2394,samft_b_ende_lora,none,0,2,0.8054985389134369,0.23663860424364785,2.8494084362139933
plasma,9300,samft_b_ende_lora,none,0,2,0.2928673094709326,0.041132125380240706,16.238940329218103
plasma,1694,samft_b_ende_lora,none,0,2,0.8157527884296109,0.22032802779348792,5.331725823045266
plasma,1719,samft_b_ende_lora,none,0,2,0.7488587040496693,0.24974024747331633,7.869791666666666
plasma,403,samft_b_ende_lora,none,0,2,0.18642309958750736,0.01803302433371958,2.3998199588477367
plasma,9630,samft_b_ende_lora,none,0,2,0.5760264199027388,0.1605341565854184,24.34201388888889
plasma,2078,samft_b_ende_lora,none,0,2,0.5705379266245704,0.19015627282021325,17.670588991769545
plasma,207,samft_b_ende_lora,none,0,2,0.4639793109738758,0.061509365994236315,-3.265753600823045
plasma,1981,samft_b_ende_lora,none,0,2,0.2818315377081293,0.05639192387090278,26.268775720164605
plasma,9396,samft_b_ende_lora,none,0,2,0.5183046521939146,0.0663605648444945,14.826581790123456
plasma,9353,samft_b_ende_lora,none,0,2,0.6049193918635491,0.18600394255139396,6.8953832304526745
plasma,1839,samft_b_ende_lora,none,0,2,0.4140991871656409,0.10632322259669395,22.679526748971195
plasma,203,samft_b_ende_lora,none,0,2,0.4765116956226342,0.1825697071598711,2.4331275720164602
plasma,9367,samft_b_ende_lora,none,0,2,0.3622708948090271,0.026850507982583455,6.332947530864197
plasma,1844,samft_b_ende_lora,none,0,2,0.4729718079144754,0.07588443396226414,19.073366769547324
plasma,9694,samft_b_ende_lora,none,0,2,0.6733426614356133,0.1852544410311206,7.792759773662549
plasma,1957,samft_b_ende_lora,none,0,2,0.52398051133755,0.10004880429477794,17.78883744855967
plasma,9875,samft_b_ende_lora,none,0,2,0.7936326857229775,0.16974043715846995,5.673804012345679
plasma,1853,samft_b_ende_lora,none,0,2,0.6072383016201133,0.1089488141757264,7.684284979423869
plasma,9339,samft_b_ende_lora,none,0,2,0.013465935070873342,0.0005065214638470306,3.3185442386831276
plasma,1766,samft_b_ende_lora,none,0,2,0.3800940723155735,0.09771986970684039,19.516203703703702
plasma,1863,samft_b_ende_lora,none,0,2,0.6246046503789177,0.1981194874355134,12.474472736625513
plasma,9292,samft_b_ende_lora,none,0,2,0.5155688512178457,0.05838609185006532,3.8243312757201666
plasma,1854,samft_b_ende_lora,none,0,2,0.666518377060683,0.2019309320460453,10.462319958847738
plasma,2063,samft_b_ende_lora,none,0,2,0.5841795928715459,0.08723949071768973,13.200938786008228
plasma,2184,samft_b_ende_lora,none,0,2,0.8578088709974002,0.2334293948126801,3.182934670781892
plasma,9886,samft_b_ende_lora,none,0,2,0.595386381706901,0.0762595324415552,7.08738425925926
plasma,9626,samft_b_ende_lora,none,0,2,0.7314801861257261,0.2709508738131278,4.117412551440329
plasma,9421,samft_b_ende_lora,none,0,2,0.5694812066730877,0.12374612438446106,9.856031378600823
plasma,407,samft_b_ende_lora,none,0,2,0.3815681006320032,0.02382388419782871,5.188271604938272
plasma,1944,samft_b_ende_lora,none,0,2,0.30394691044140587,0.03964194373401535,23.684349279835388
plasma,1972,samft_b_ende_lora,none,0,2,0.6161168939549154,0.14137261619276006,9.81224279835391
plasma,9357,samft_b_ende_lora,none,0,2,0.25199412634498003,0.07331097268806899,18.41087962962963
plasma,1837,samft_b_ende_lora,none,0,2,0.5862828278341323,0.17977681933319642,14.709619341563787
plasma,2174,samft_b_ende_lora,none,0,2,0.5265366589748814,0.19899272523782877,10.574974279835391
plasma,2404,samft_b_ende_lora,none,0,2,0.5486905962876228,0.07631564415484013,17.43537808641975
plasma,2192,samft_b_ende_lora,none,0,2,0.5908596107199905,0.07915655195392451,5.49562757201646
plasma,9590,samft_b_ende_lora,none,0,2,0.5373399958929427,0.15979593516004278,10.670524691358024
plasma,1870,samft_b_ende_lora,none,0,2,0.8628851234580164,0.3679282398300417,3.485339506172838
plasma,102,samft_b_ende_lora,none,0,2,0.8555003803613765,0.3371328364752302,0.022569444444445197
plasma,1705,samft_b_ende_lora,none,0,2,0.7338536176226436,0.2854980737479362,5.234632201646091
plasma,9321,samft_b_ende_lora,none,0,2,0.40468905061197485,0.12657332767642485,14.218364197530864
plasma,1704,samft_b_ende_lora,none,0,2,0.8344887921717971,0.31867145421903054,1.34008487654321
plasma,9838,samft_b_ende_lora,none,0,2,0.6500701615514698,0.07798824297844546,5.01003086419753
plasma,9775,samft_b_ende_lora,none,0,2,0.7785349684354697,0.16357395688083234,10.231545781893004
plasma,2221,samft_b_ende_lora,none,0,2,0.5834680545777001,0.18450043107577355,12.391782407407408
plasma,9714,samft_b_ende_lora,none,0,2,0.3731754735578677,0.02191275167785235,1.17406121399177
plasma,104,samft_b_ende_lora,none,0,2,0.7804422638974067,0.2373805056731886,2.0169110082304527
plasma,1745,samft_b_ende_lora,none,0,2,0.6319710908395602,0.11821192052980133,6.967849794238684
plasma,9528,samft_b_ende_lora,none,0,2,0.7675237860657474,0.10615603413246648,2.987268518518518
plasma,1898,samft_b_ende_lora,none,0,2,0.7701091183198762,0.17595965256374335,1.231545781893001
plasma,2216,samft_b_ende_lora,none,0,2,0.5718182322177665,0.1645606602877803,8.410879629629628
plasma,9625,samft_b_ende_lora,none,0,2,0.43806220423948666,0.13986714466469843,18.105324074074076
plasma,2178,samft_b_ende_lora,none,0,2,0.37380425119942456,0.04160860043798527,13.149755658436217
plasma,2087,samft_b_ende_lora,none,0,2,0.7408984561731092,0.15775546453039474,10.560249485596707
plasma,1992,samft_b_ende_lora,none,0,2,0.6552673368324718,0.1807824077762728,4.100951646090537
plasma,2189,samft_b_ende_lora,none,0,2,0.7568104489507235,0.27577937649880097,9.484246399176953
plasma,507,samft_b_ende_lora,none,0,2,0.5186313821578536,0.036316695352839934,-3.6214634773662544
plasma,1970,samft_b_ende_lora,none,0,2,0.9216305879975268,0.45159400886955064,1.7925025720164607
plasma,9692,samft_b_ende_lora,none,0,2,0.34008989686107016,0.07437678790355537,22.229423868312757
plasma,1984,samft_b_ende_lora,none,0,2,0.31947740865970947,0.14573740756243897,23.67232510288066
plasma,9726,samft_b_ende_lora,none,0,2,0.6508282658137525,0.11544920235096558,9.645897633744854
plasma,9782,samft_b_ende_lora,none,0,2,0.3566704943358486,0.031039184728003443,-10.20286779835391
plasma,2301,samft_b_ende_lora,none,0,2,0.7207162978108134,0.25030873726458785,10.273019547325104
plasma,2033,samft_b_ende_lora,none,0,2,0.6918672145864047,0.29234442620504403,11.470614711934157
plasma,9373,samft_b_ende_lora,none,0,2,0.3973912338977558,0.11418445846659175,20.98675411522634
plasma,1762,samft_b_ende_lora,none,0,2,0.6404895953277824,0.19412582551268684,11.1284079218107
plasma,9600,samft_b_ende_lora,none,0,2,0.5523521653110574,0.050785004806151876,0.4612911522633739
plasma,518,samft_b_ende_lora,none,0,2,0.6675503549367925,0.13931224630466416,9.013310185185185
plasma,9504,samft_b_ende_lora,none,0,2,0.6667213135750605,0.04321449347627358,3.14332561728395
plasma,2015,samft_b_ende_lora,none,0,2,0.8228440111670662,0.22192560175054704,-0.022247942386827146
plasma,113,samft_b_ende_lora,none,0,2,0.8469543838961414,0.2728942905596382,-0.4924768518518516
plasma,9442,samft_b_ende_lora,none,0,2,0.3686237290245288,0.02492506704527528,13.54764660493827
plasma,9773,samft_b_ende_lora,none,0,2,0.6059120661545153,0.03845492824611154,3.25784465020576
plasma,9629,samft_b_ende_lora,none,0,2,0.8346760550949058,0.2972172351885099,2.92579732510288
plasma,2227,samft_b_ende_lora,none,0,2,0.5916923717271122,0.20066488133715024,12.513695987654321
plasma,2142,samft_b_ende_lora,none,0,2,0.8136666721682153,0.12282936957342393,2.054526748971192
plasma,208,samft_b_ende_lora,none,0,2,0.5784707575249847,0.1650467632495874,-2.2157278806584357
plasma,9605,samft_b_ende_lora,none,0,2,0.14818593624317344,0.05011587485515643,25.783050411522634
plasma,9686,samft_b_ende_lora,none,0,2,0.5216544463537334,0.15222945685321027,15.431455761316872
plasma,1959,samft_b_ende_lora,none,0,2,0.5261628354752749,0.12310089598753408,11.058127572016462
plasma,1816,samft_b_ende_lora,none,0,2,0.5885492705199933,0.19386244335771008,17.29153806584362
plasma,9774,samft_b_ende_lora,none,0,2,0.5570631623247381,0.10375023795926137,12.147247942386835
plasma,2188,samft_b_ende_lora,none,0,2,0.4698258482724397,0.11375095492742551,16.74292695473251
plasma,110,samft_b_ende_lora,none,0,2,0.5599315244021199,0.06338375534363697,-1.1837705761316875
plasma,9845,samft_b_ende_lora,none,0,2,0.6403380634390651,0.022308892355694228,-0.25398662551440326
plasma,9789,samft_b_ende_lora,none,0,2,0.1994808759802755,0.024628450106157114,21.415830761316872
plasma,2105,samft_b_ende_lora,none,0,2,0.8436652119139387,0.26934019252503993,8.288001543209877
plasma,9453,samft_b_ende_lora,none,0,2,0.48054188100574297,0.08576730676133613,14.47048611111111
plasma,2386,samft_b_ende_lora,none,0,2,0.7304229756526549,0.19009216589861752,10.432291666666666
plasma,2073,samft_b_ende_lora,none,0,2,0.5943869870537785,0.08501733045582369,9.714248971193417
plasma,1847,samft_b_ende_lora,none,0,2,0.37549957028284253,0.1724625388747526,20.640560699588477
plasma,9902,samft_b_ende_lora,none,0,2,0.4084037704491468,0.09089016137428423,13.55986368312757
plasma,9581,samft_b_ende_lora,none,0,2,0.4188204214144758,0.17170564746149458,13.94534465020576
plasma,417,samft_b_ende_lora,none,0,2,0.2709253262682759,0.0374476617326178,7.413837448559671
plasma,2392,samft_b_ende_lora,none,0,2,0.48035496278404244,0.10526828792826161,10.967592592592595
plasma,506,samft_b_ende_lora,none,0,2,0.48976230360110623,0.06049175747415479,12.670974794238685
plasma,1871,samft_b_ende_lora,none,0,2,0.5029374850439768,0.31226525061520527,12.82304526748971
plasma,2145,samft_b_ende_lora,none,0,2,0.8033318558804621,0.11566998070930405,-2.3578317901234547
plasma,1774,samft_b_ende_lora,none,0,2,0.5042375149170072,0.12097334878331402,21.785043724279838
plasma,9464,samft_b_ende_lora,none,0,2,0.9877421257906984,0.7878090856814262,0.021990740740740478
plasma,9832,samft_b_ende_lora,none,0,2,0.7541057923089903,0.2797742238946378,6.110146604938271
plasma,2052,samft_b_ende_lora,none,0,2,0.6869524306543948,0.20028612303290416,9.86664094650206
plasma,2200,samft_b_ende_lora,none,0,2,0.7152152785053887,0.2658507564167942,7.139017489711935
plasma,9841,samft_b_ende_lora,none,0,2,0.1433042873427749,0.01871563925605334,1.5034722222222228
plasma,9805,samft_b_ende_lora,none,0,2,0.4253830098549727,0.061191626409017714,10.275462962962962
plasma,1838,samft_b_ende_lora,none,0,2,0.4983895290489026,0.05454905063291139,14.86252572016461
plasma,1888,samft_b_ende_lora,none,0,2,0.526929756911135,0.10774563846110133,16.89969135802469
plasma,9286,samft_b_ende_lora,none,0,2,0.3371570942877164,0.06417520850576176,2.4897119341563787
plasma,9859,samft_b_ende_lora,none,0,2,0.4576656886698903,0.03727714748784441,6.393325617283951
plasma,2060,samft_b_ende_lora,none,0,2,0.49767642905856474,0.14905894886363635,16.210712448559672
plasma,2380,samft_b_ende_lora,none,0,2,0.5065579456480548,0.06881533101045297,19.67116769547325
plasma,1770,samft_b_ende_lora,none,0,2,0.5179769221602603,0.12247278382581649,13.699781378600823
plasma,1855,samft_b_ende_lora,none,0,2,0.5140530797439244,0.0695625759416768,7.025591563786008
plasma,2359,samft_b_ende_lora,none,0,2,0.6476370560215047,0.09443526584559928,1.530478395061724
plasma,1994,samft_b_ende_lora,none,0,2,0.6611740344884751,0.07064197732278327,6.412101337448561
plasma,1709,samft_b_ende_lora,none,0,2,0.6955236014884103,0.26216847881312877,6.845550411522634
plasma,2071,samft_b_ende_lora,none,0,2,0.5151863839561085,0.026790663299870666,4.1263503086419755
plasma,9820,samft_b_ende_lora,none,0,2,0.5329478082100935,0.10603646663126216,11.072595164609053
plasma,1747,samft_b_ende_lora,none,0,2,0.850476056975879,0.3056981519507187,3.56764403292181
plasma,9512,samft_b_ende_lora,none,0,2,0.5491564128670386,0.2101707876625032,10.351015946502057
plasma,1963,samft_b_ende_lora,none,0,2,0.7966043236239743,0.2484004516371848,5.837705761316872
plasma,2295,samft_b_ende_lora,none,0,2,0.33552066452361345,0.02987228294240452,-15.54983281893004
plasma,2013,samft_b_ende_lora,none,0,2,0.785927118700093,0.278734906279998,9.909593621399173
plasma,1993,samft_b_ende_lora,none,0,2,0.6541021764089566,0.08058214144890131,-2.90605709876543
plasma,9910,samft_b_ende_lora,none,0,2,0.5615378730390443,0.13201820940819423,9.644483024691358
plasma,9342,samft_b_ende_lora,none,0,2,0.5031016240548498,0.11855053802998253,10.812821502057615
plasma,2318,samft_b_ende_lora,none,0,2,0.45677979618963227,0.08039413845376453,-4.467592592592595
plasma,1742,samft_b_ende_lora,none,0,2,0.6895646734718323,0.21403605592347313,6.9311342592592595
plasma,305,samft_b_ende_lora,none,0,2,0.3360902058781604,0.05606348111091944,1.2586805555555554
plasma,1715,samft_b_ende_lora,none,0,2,0.7607852854168619,0.27950580492953375,9.82973251028807
plasma,9710,samft_b_ende_lora,none,0,2,0.8365226947632837,0.2334409634348547,3.013245884773663
plasma,1738,samft_b_ende_lora,none,0,2,0.5240916914573456,0.0584547181760608,17.074588477366255
plasma,2315,samft_b_ende_lora,none,0,2,0.7723640516391639,0.2634016367442746,7.364197530864197
plasma,2439,samft_b_ende_lora,none,0,2,0.8225379519537566,0.2799399793679077,5.487268518518517
plasma,9889,samft_b_ende_lora,none,0,2,0.14193353225074595,0.018940645303380684,18.66184413580247
plasma,9706,samft_b_ende_lora,none,0,2,0.3767494136043784,0.08151382823871907,16.684284979423865
plasma,9786,samft_b_ende_lora,none,0,2,0.3475537244861489,0.04316722714766127,12.417824074074074
plasma,1739,samft_b_ende_lora,none,0,2,0.5715264325647066,0.18463378971155125,7.11966306584362
plasma,9343,samft_b_ende_lora,none,0,2,0.3906024210043352,0.2855427473583093,9.032085905349794
plasma,2025,samft_b_ende_lora,none,0,2,0.4523356148624519,0.04687435184801095,8.447466563786007
plasma,2047,samft_b_ende_lora,none,0,2,0.6343748436483715,0.13012072536242866,15.087062757201645
plasma,304,samft_b_ende_lora,none,0,2,0.45713151989491546,0.027760051052967454,-0.7515432098765435
plasma,2110,samft_b_ende_lora,none,0,2,0.49998250504437886,0.10497346176528406,15.878343621399177
plasma,206,samft_b_ende_lora,none,0,2,0.568186698504591,0.13655646576945582,-0.44830246913580285
plasma,1693,samft_b_ende_lora,none,0,2,0.5337928674439637,0.08556577369052379,6.125321502057613
plasma,2299,samft_b_ende_lora,none,0,2,0.6571006358036956,0.2972636815920398,6.780349794238684
plasma,1812,samft_b_ende_lora,none,0,2,0.46817741737537555,0.08588957055214724,28.330375514403293
plasma,9317,samft_b_ende_lora,none,0,2,0.4216987146909622,0.10514342235410484,15.560699588477366
plasma,2378,samft_b_ende_lora,none,0,2,0.6604613278095707,0.1774498445027136,12.213155864197528
plasma,2423,samft_b_ende_lora,none,0,2,0.4803586388547644,0.15062855097749742,3.866833847736628
plasma,9402,samft_b_ende_lora,none,0,2,0.5823356093600549,0.19327261552215455,18.611046810699587
plasma,2160,samft_b_ende_lora,none,0,2,0.7758035299996431,0.18793142683759387,4.448945473251031
plasma,115,samft_b_ende_lora,none,0,2,0.6939458856145025,0.2505387931034483,1.0943930041152252
plasma,2355,samft_b_ende_lora,none,0,2,0.6330753848628671,0.16055999125013673,10.187564300411523
plasma,2435,samft_b_ende_lora,none,0,2,0.8209937347673696,0.28919126101954773,5.359439300411525
plasma,2276,samft_b_ende_lora,none,0,2,0.3054085564667523,0.01874444911887066,-7.877700617283952
plasma,513,samft_b_ende_lora,none,0,2,0.8236526915998753,0.3639328421306921,4.737204218106997
plasma,1808,samft_b_ende_lora,none,0,2,0.6847963359657256,0.18339100346020762,8.551954732510287
plasma,9719,samft_b_ende_lora,none,0,2,0.2580694311175765,0.06543067866567427,25.49273405349794
plasma,9601,samft_b_ende_lora,none,0,2,0.47594569059033487,0.06273118064580625,12.810699588477364
plasma,2351,samft_b_ende_lora,none,0,2,0.6138468698785554,0.09634742594190394,4.44412294238683
plasma,2335,samft_b_ende_lora,none,0,2,0.7227393980848154,0.2326561636263129,10.190715020576132
plasma,2159,samft_b_ende_lora,none,0,2,0.7481507459497809,0.2176905171541342,10.082368827160494
plasma,2086,samft_b_ende_lora,none,0,2,0.6332285598449825,0.1439534595865825,13.797518004115226
plasma,9407,samft_b_ende_lora,none,0,2,0.4323490975207864,0.15588622330195365,19.018389917695472
plasma,9727,samft_b_ende_lora,none,0,2,0.32472989778865957,0.07789678675754626,8.901234567901236
plasma,2082,samft_b_ende_lora,none,0,2,0.477464500552441,0.1123993108907203,22.446116255144034
plasma,512,samft_b_ende_lora,none,0,2,0.6507368216677992,0.10858342812144545,10.435442386831276
plasma,9757,samft_b_ende_lora,none,0,2,0.697811045256787,0.27372967012772215,10.26588220164609
plasma,2122,samft_b_ende_lora,none,0,2,0.582610892156831,0.13617054751415986,14.752829218106994
plasma,9801,samft_b_ende_lora,none,0,2,0.4698408009537173,0.04451211610729558,13.51369598765432
plasma,9511,samft_t_ende_adapter_box,boxes,0,0,0.13842336026351518,0.022852526185186253,2.7605452674897126
plasma,2139,samft_t_ende_adapter_box,boxes,0,0,0.5286529240659326,0.06801693557615288,-9.645447530864198
plasma,2026,samft_t_ende_adapter_box,boxes,0,0,0.46341673065682554,0.06288199341795957,3.311342592592592
plasma,9830,samft_t_ende_adapter_box,boxes,0,0,0.18532248504768575,0.04852887315346112,-1.2636316872427993
plasma,9397,samft_t_ende_adapter_box,boxes,0,0,0.23548000237117023,0.02463146109348759,16.21630658436214
plasma,1815,samft_t_ende_adapter_box,boxes,0,0,0.3438319050063399,0.030865029517211633,-0.26228137860082323
plasma,409,samft_t_ende_adapter_box,boxes,0,0,0.16425193406413166,0.020697900321303146,6.104938271604938
plasma,1954,samft_t_ende_adapter_box,boxes,0,0,0.48691804011879497,0.060247093023255816,2.7937885802469142
plasma,1948,samft_t_ende_adapter_box,boxes,0,0,0.24626473995765485,0.02812440735824009,-15.074009773662553
plasma,1716,samft_t_ende_adapter_box,boxes,0,0,0.37466477019793487,0.02867927802846234,6.0349794238683145
plasma,2384,samft_t_ende_adapter_box,boxes,0,0,0.2575964988065035,0.01976832595375464,3.706340020576132
plasma,1967,samft_t_ende_adapter_box,boxes,0,0,0.34831727962007414,0.03187807395713158,3.5046296296296298
plasma,2258,samft_t_ende_adapter_box,boxes,0,0,0.29212992959965356,0.028960997780361483,-2.693222736625514
plasma,2186,samft_t_ende_adapter_box,boxes,0,0,0.31061394697592304,0.04026505004934442,-7.337191358024693
plasma,2424,samft_t_ende_adapter_box,boxes,0,0,0.19927630858404172,0.021313985891095323,-13.68994341563786
plasma,9347,samft_t_ende_adapter_box,boxes,0,0,0.1210887573964497,0.010752378206976073,3.2835005144032925
plasma,9387,samft_t_ende_adapter_box,boxes,0,0,0.08463137693906925,0.04148626308745965,-1.6964377572016458
plasma,9798,samft_t_ende_adapter_box,boxes,0,0,0.2135593293982442,0.017976100542545156,4.365290637860081
plasma,9912,samft_t_ende_adapter_box,boxes,0,0,0.18788250408782994,0.0165164788272798,-4.480324074074073
plasma,516,samft_t_ende_adapter_box,boxes,0,0,0.09502871971309444,0.00867971432784882,3.9938271604938262
plasma,2339,samft_t_ende_adapter_box,boxes,0,0,0.30043275632490013,0.03959004876436069,-14.266589506172838
plasma,1776,samft_t_ende_adapter_box,boxes,0,0,0.2016865776528461,0.01706012959354751,-6.04565329218107
plasma,2046,samft_t_ende_adapter_box,boxes,0,0,0.2276803937904479,0.020224116226757745,-1.6792052469135816
plasma,9398,samft_t_ende_adapter_box,boxes,0,0,0.20416419391226742,0.006433884242928673,13.157793209876543
plasma,9871,samft_t_ende_adapter_box,boxes,0,0,0.14275997769854332,0.016330791745120338,20.399627057613166
plasma,9281,samft_t_ende_adapter_box,boxes,0,0,0.4342857501000189,0.044311490678327306,-8.790573559670783
plasma,9276,samft_t_ende_adapter_box,boxes,0,0,0.21973309282065226,0.011260428767557291,19.052404835390945
plasma,2394,samft_t_ende_adapter_box,boxes,0,0,0.3926209627180953,0.03867256913052966,-8.285558127572015
plasma,9300,samft_t_ende_adapter_box,boxes,0,0,0.227716145780518,0.01480189104007204,5.700231481481481
plasma,1694,samft_t_ende_adapter_box,boxes,0,0,0.5434271768612803,0.05164170931530507,-0.8311471193415632
plasma,1719,samft_t_ende_adapter_box,boxes,0,0,0.43678263165941594,0.04977017364657814,-1.0423739711934152
plasma,403,samft_t_ende_adapter_box,boxes,0,0,0.1170333870444409,0.012233115660148206,20.32831790123457
plasma,9630,samft_t_ende_adapter_box,boxes,0,0,0.33288520291527,0.041993832851193694,-0.5533693415637836
plasma,2078,samft_t_ende_adapter_box,boxes,0,0,0.26417952114232085,0.030185139199293658,-6.532664609053499
plasma,207,samft_t_ende_adapter_box,boxes,0,0,0.3497425661011042,0.036812154545702074,5.044174382716051
plasma,1981,samft_t_ende_adapter_box,boxes,0,0,0.27672873625568556,0.029824654341261855,3.827481995884774
plasma,9396,samft_t_ende_adapter_box,boxes,0,0,0.3167758934384831,0.02430470095988186,5.070730452674896
plasma,9353,samft_t_ende_adapter_box,boxes,0,0,0.3230191549027996,0.01979889042995839,0.9558899176954738
plasma,1839,samft_t_ende_adapter_box,boxes,0,0,0.29130318722972615,0.025733224371197676,11.87596450617284
plasma,203,samft_t_ende_adapter_box,boxes,0,0,0.1577278522095255,0.004777977468986981,2.952739197530865
plasma,9367,samft_t_ende_adapter_box,boxes,0,0,0.08144690255508197,0.008515906362545018,19.374356995884774
plasma,1844,samft_t_ende_adapter_box,boxes,0,0,0.21802060347357038,0.032053316407489686,-4.457626028806584
plasma,9694,samft_t_ende_adapter_box,boxes,0,0,0.2696675788795879,0.018988486346374102,4.592206790123457
plasma,1957,samft_t_ende_adapter_box,boxes,0,0,0.40139371145842523,0.05496051556685123,12.328960905349795
plasma,9875,samft_t_ende_adapter_box,boxes,0,0,0.32121524323346556,0.04128717735535316,-0.5140174897119348
plasma,1853,samft_t_ende_adapter_box,boxes,0,0,0.33532861889117804,0.03733060598312452,-7.0920781893004134
plasma,9339,samft_t_ende_adapter_box,boxes,0,0,0.3394721174836277,0.028014821468672804,4.173739711934156
plasma,1766,samft_t_ende_adapter_box,boxes,0,0,0.42607820637302496,0.05761856710393542,5.820923353909465
plasma,1863,samft_t_ende_adapter_box,boxes,0,0,0.42388682306096004,0.05204409738171796,2.5531121399176957
plasma,9292,samft_t_ende_adapter_box,boxes,0,0,0.36662776500633276,0.037874526568417895,0.02308384773662686
plasma,1854,samft_t_ende_adapter_box,boxes,0,0,0.42252943410558297,0.05780234909435099,0.30144032921810837
plasma,2063,samft_t_ende_adapter_box,boxes,0,0,0.17261961841521997,0.011307407198359392,-11.115290637860083
plasma,2184,samft_t_ende_adapter_box,boxes,0,0,0.4519287121639196,0.04395991630877657,3.493698559670783
plasma,9886,samft_t_ende_adapter_box,boxes,0,0,0.0986969780981425,0.013556815380823269,-12.145961934156379
plasma,9626,samft_t_ende_adapter_box,boxes,0,0,0.35655908395129843,0.02709641281770019,6.7506430041152266
plasma,9421,samft_t_ende_adapter_box,boxes,0,0,0.25999523681938613,0.025097004501008848,8.737011316872428
plasma,407,samft_t_ende_adapter_box,boxes,0,0,0.20753454431783214,0.02428917506056356,1.504693930041153
plasma,1944,samft_t_ende_adapter_box,boxes,0,0,0.23583129588702761,0.015203218905979423,5.358860596707819
plasma,1972,samft_t_ende_adapter_box,boxes,0,0,0.4249264753492208,0.03639505921821786,2.9457947530864197
plasma,9357,samft_t_ende_adapter_box,boxes,0,0,0.24518054255425306,0.02830574044260759,6.807934670781893
plasma,1837,samft_t_ende_adapter_box,boxes,0,0,0.35146781105842595,0.03323316594836108,7.1721322016460896
plasma,2174,samft_t_ende_adapter_box,boxes,0,0,0.33547555209889685,0.028721053923574175,6.073688271604938
plasma,2404,samft_t_ende_adapter_box,boxes,0,0,0.21056869952950125,0.024953751284686538,-4.389274691358024
plasma,2192,samft_t_ende_adapter_box,boxes,0,0,0.4002670601832203,0.04695186412009303,1.4110082304526732
plasma,9590,samft_t_ende_adapter_box,boxes,0,0,0.29813155904673944,0.0281360140980455,7.759194958847735
plasma,1870,samft_t_ende_adapter_box,boxes,0,0,0.5077593416691619,0.04293300413457959,2.00733024691358
plasma,102,samft_t_ende_adapter_box,boxes,0,0,0.3306809986200653,0.03359483631744288,9.099858539094651
plasma,1705,samft_t_ende_adapter_box,boxes,0,0,0.37689506123429123,0.02403539996407753,14.981095679012347
plasma,9321,samft_t_ende_adapter_box,boxes,0,0,0.18238119968839261,0.023217106747912435,9.147376543209877
plasma,1704,samft_t_ende_adapter_box,boxes,0,0,0.4536702962447619,0.032680463851744994,0.5423096707818931
plasma,9838,samft_t_ende_adapter_box,boxes,0,0,0.3771949094210858,0.0373873208216344,0.3108924897119336
plasma,9775,samft_t_ende_adapter_box,boxes,0,0,0.28522768146696115,0.02527864543328725,-1.123521090534979
plasma,2221,samft_t_ende_adapter_box,boxes,0,0,0.24675867837724802,0.014911997705846506,-4.311471193415639
plasma,9714,samft_t_ende_adapter_box,boxes,0,0,0.27655234504684467,0.030729301842719957,1.93557098765432
plasma,104,samft_t_ende_adapter_box,boxes,0,0,0.30573417099375827,0.02361400118906064,10.805491255144032
plasma,1745,samft_t_ende_adapter_box,boxes,0,0,0.2659081429299717,0.021550485604275617,4.786908436213991
plasma,9528,samft_t_ende_adapter_box,boxes,0,0,0.3303450276215465,0.018767321364019762,-0.17676183127572076
plasma,1898,samft_t_ende_adapter_box,boxes,0,0,0.16405368552808963,0.019415283892087142,-21.898598251028805
plasma,2216,samft_t_ende_adapter_box,boxes,0,0,0.44216810983515464,0.0418854575943402,18.05221193415638
plasma,9625,samft_t_ende_adapter_box,boxes,0,0,0.2227272401750269,0.013302166016413292,4.739390432098765
plasma,2178,samft_t_ende_adapter_box,boxes,0,0,0.25646042757197873,0.017998779743746186,6.478073559670783
plasma,2087,samft_t_ende_adapter_box,boxes,0,0,0.35655073303455287,0.046540731373168935,-1.5746527777777741
plasma,1992,samft_t_ende_adapter_box,boxes,0,0,0.32333439454145985,0.044834211952505296,1.2689043209876543
plasma,2189,samft_t_ende_adapter_box,boxes,0,0,0.3766945672187071,0.04358564171648284,-0.1253215020576126
plasma,507,samft_t_ende_adapter_box,boxes,0,0,0.23259983542281815,0.01526756623053172,9.880079732510287
plasma,1970,samft_t_ende_adapter_box,boxes,0,0,0.514657967064028,0.06596929764977584,-4.470614711934156
plasma,9692,samft_t_ende_adapter_box,boxes,0,0,0.24454435273645653,0.017319570704479696,6.746656378600823
plasma,1984,samft_t_ende_adapter_box,boxes,0,0,0.2935978224393154,0.043327743819981605,-1.2002314814814814
plasma,9726,samft_t_ende_adapter_box,boxes,0,0,0.23939698594011286,0.016681126271787996,-3.3775720164609058
plasma,9782,samft_t_ende_adapter_box,boxes,0,0,0.22573971630957831,0.025322128851540615,-2.912808641975309
plasma,2301,samft_t_ende_adapter_box,boxes,0,0,0.3209738022456782,0.04222674360428271,-9.190007716049383
plasma,2033,samft_t_ende_adapter_box,boxes,0,0,0.06128250638896458,0.008741982205669357,-12.110339506172837
plasma,9373,samft_t_ende_adapter_box,boxes,0,0,0.159950468466195,0.007298539179581892,26.717335390946506
plasma,1762,samft_t_ende_adapter_box,boxes,0,0,0.35614823496543524,0.036796474033693856,-3.336741255144034
plasma,9600,samft_t_ende_adapter_box,boxes,0,0,0.41783438525816013,0.03843046156953843,5.74414866255144
plasma,518,samft_t_ende_adapter_box,boxes,0,0,0.14661018957747146,0.034701813756048326,-3.5270704732510287
plasma,9504,samft_t_ende_adapter_box,boxes,0,0,0.3910448682515944,0.01353637901861252,0.9580118312757193
plasma,2015,samft_t_ende_adapter_box,boxes,0,0,0.1572489420031407,0.026548956661316212,-30.583140432098766
plasma,113,samft_t_ende_adapter_box,boxes,0,0,0.41847520475938227,0.034707956461750726,3.727366255144032
plasma,9442,samft_t_ende_adapter_box,boxes,0,0,0.17995012566760918,0.03473551329559799,1.850308641975308
plasma,9773,samft_t_ende_adapter_box,boxes,0,0,0.36690168211847,0.023611997447351627,-3.239711934156378
plasma,9629,samft_t_ende_adapter_box,boxes,0,0,0.2829883841442252,0.02742566510172144,3.56320730452675
plasma,2227,samft_t_ende_adapter_box,boxes,0,0,0.24491383718632062,0.010849098897157716,1.8040766460905342
plasma,2142,samft_t_ende_adapter_box,boxes,0,0,0.3646297870923802,0.011775478436040656,-13.924189814814813
plasma,208,samft_t_ende_adapter_box,boxes,0,0,0.22088155378886987,0.03163436663187038,-5.746784979423868
plasma,9605,samft_t_ende_adapter_box,boxes,0,0,0.12124086247617145,0.0077578142640559985,16.015753600823043
plasma,9686,samft_t_ende_adapter_box,boxes,0,0,0.12072214629935984,0.008676715778012182,4.701710390946504
plasma,1959,samft_t_ende_adapter_box,boxes,0,0,0.0665595616934944,0.006497699572201146,-1.5010288065843618
plasma,1816,samft_t_ende_adapter_box,boxes,0,0,0.2729876890550977,0.030995761435085676,-3.7600951646090537
plasma,9774,samft_t_ende_adapter_box,boxes,0,0,0.2211149570905313,0.022093210772456056,-4.233153292181068
plasma,2188,samft_t_ende_adapter_box,boxes,0,0,0.2538239275827928,0.01477126766129829,2.6658950617283947
plasma,110,samft_t_ende_adapter_box,boxes,0,0,0.4943698856392833,0.04749097763372641,6.748328189300411
plasma,9845,samft_t_ende_adapter_box,boxes,0,0,0.2709666389879353,0.03768638374569884,0.08166152263374485
plasma,9789,samft_t_ende_adapter_box,boxes,0,0,0.17572816632167135,0.01568825910931174,14.983731995884774
plasma,2105,samft_t_ende_adapter_box,boxes,0,0,0.5349983933631292,0.09144396034169268,-6.371013374485596
plasma,9453,samft_t_ende_adapter_box,boxes,0,0,0.17090241399794784,0.016709354799365778,-3.259902263374485
plasma,2386,samft_t_ende_adapter_box,boxes,0,0,0.37657604601270395,0.04103224798938081,-5.0006430041152266
plasma,2073,samft_t_ende_adapter_box,boxes,0,0,0.26972388420231147,0.021252199882672924,-1.1309156378600818
plasma,1847,samft_t_ende_adapter_box,boxes,0,0,0.37476320499588467,0.042979129582333665,6.959104938271604
plasma,9902,samft_t_ende_adapter_box,boxes,0,0,0.32195651736690734,0.02349784331427425,6.563593106995885
plasma,9581,samft_t_ende_adapter_box,boxes,0,0,0.3393650343239438,0.04378130217028381,1.4863683127572012
plasma,417,samft_t_ende_adapter_box,boxes,0,0,0.06884914542272731,0.01085022861931576,40.06571502057613
plasma,2392,samft_t_ende_adapter_box,boxes,0,0,0.2436572877603867,0.01410875498635314,-3.0639789094650203
plasma,506,samft_t_ende_adapter_box,boxes,0,0,0.203109470396138,0.015252863078950036,6.239454732510288
plasma,1871,samft_t_ende_adapter_box,boxes,0,0,0.36311508720752217,0.030665564137300094,9.590277777777779
plasma,2145,samft_t_ende_adapter_box,boxes,0,0,0.33528136952154974,0.03289017913106588,-22.819701646090536
plasma,1774,samft_t_ende_adapter_box,boxes,0,0,0.2603416397604658,0.04094788118521774,-6.357060185185186
plasma,9464,samft_t_ende_adapter_box,boxes,0,0,0.19005018546803404,0.004411764705882353,-0.7529578189300411
plasma,9832,samft_t_ende_adapter_box,boxes,0,0,0.29574963932970816,0.03889188703004137,-0.8798868312757196
plasma,2052,samft_t_ende_adapter_box,boxes,0,0,0.43868322067931786,0.030410632307809368,0.07484567901234612
plasma,2200,samft_t_ende_adapter_box,boxes,0,0,0.4468959177224281,0.06298396771730833,9.594714506172842
plasma,9841,samft_t_ende_adapter_box,boxes,0,0,0.43442531097082665,0.02243211334120425,12.290895061728396
plasma,9805,samft_t_ende_adapter_box,boxes,0,0,0.10830574652445292,0.014411637464849665,19.272762345679013
plasma,1838,samft_t_ende_adapter_box,boxes,0,0,0.2663470200095234,0.017282415249694448,-2.893968621399179
plasma,1888,samft_t_ende_adapter_box,boxes,0,0,0.18758345776625907,0.017230219153592453,-4.570859053497942
plasma,9286,samft_t_ende_adapter_box,boxes,0,0,0.22982184465316874,0.02500649760516838,4.8840663580246915
plasma,9859,samft_t_ende_adapter_box,boxes,0,0,0.16450351055944076,0.013745341122359969,-1.8947402263374478
plasma,2060,samft_t_ende_adapter_box,boxes,0,0,0.3250650111425534,0.030350413985798876,3.4857896090534983
plasma,2380,samft_t_ende_adapter_box,boxes,0,0,0.4188786820255658,0.04433728075530053,10.055362654320989
plasma,1770,samft_t_ende_adapter_box,boxes,0,0,0.1725647894672052,0.009118973150818473,3.802340534979423
plasma,1855,samft_t_ende_adapter_box,boxes,0,0,0.14329666002116714,0.021467798302546182,2.009773662551441
plasma,2359,samft_t_ende_adapter_box,boxes,0,0,0.2947341392175414,0.026377403071635698,-14.957111625514404
plasma,1994,samft_t_ende_adapter_box,boxes,0,0,0.22450915817171016,0.022955086669989477,-17.57638888888889
plasma,1709,samft_t_ende_adapter_box,boxes,0,0,0.4680936435211086,0.05707940353609645,17.478587962962962
plasma,2071,samft_t_ende_adapter_box,boxes,0,0,0.16998194815510145,0.007936507936507936,-2.278099279835391
plasma,9820,samft_t_ende_adapter_box,boxes,0,0,0.23012261111632418,0.035170026207655226,3.2789351851851847
plasma,1747,samft_t_ende_adapter_box,boxes,0,0,0.4113664949568589,0.058785217164762364,-4.0077803497942375
plasma,9512,samft_t_ende_adapter_box,boxes,0,0,0.3501891295029491,0.03136041626382126,11.56179269547325
plasma,1963,samft_t_ende_adapter_box,boxes,0,0,0.28945702778858734,0.03162518301610542,-9.611754115226338
plasma,2295,samft_t_ende_adapter_box,boxes,0,0,0.3226025076245341,0.01792422854793189,-11.3491512345679
plasma,2013,samft_t_ende_adapter_box,boxes,0,0,0.45237303163088816,0.04067911204597528,-1.8417566872427988
plasma,1993,samft_t_ende_adapter_box,boxes,0,0,0.2533480852278811,0.01829759030440752,-29.607574588477366
plasma,9910,samft_t_ende_adapter_box,boxes,0,0,0.23846514431125695,0.02308985688589974,5.432484567901236
plasma,9342,samft_t_ende_adapter_box,boxes,0,0,0.2814139618911872,0.034505373614284504,10.482445987654323
plasma,2318,samft_t_ende_adapter_box,boxes,0,0,0.23929801770496897,0.014212920481833624,-8.477173353909466
plasma,1742,samft_t_ende_adapter_box,boxes,0,0,0.5101865731444033,0.07198555364031847,3.2350180041152257
plasma,305,samft_t_ende_adapter_box,boxes,0,0,0.2564490174086897,0.03262517301228113,0.2533436213991769
plasma,1715,samft_t_ende_adapter_box,boxes,0,0,0.653869072954797,0.10843670106997444,0.5057870370370393
plasma,9710,samft_t_ende_adapter_box,boxes,0,0,0.33205223926267735,0.04334453901723768,15.551826131687244
plasma,1738,samft_t_ende_adapter_box,boxes,0,0,0.3975972474213754,0.06787116303268222,13.467335390946502
plasma,2315,samft_t_ende_adapter_box,boxes,0,0,0.4164038075889065,0.036464931942955525,3.7633101851851842
plasma,2439,samft_t_ende_adapter_box,boxes,0,0,0.4753082289846307,0.051659784705818716,-0.3870884773662542
plasma,9889,samft_t_ende_adapter_box,boxes,0,0,0.09282435869249539,0.011944250465549349,42.65997942386831
plasma,9706,samft_t_ende_adapter_box,boxes,0,0,0.39261505910256245,0.02376211770081927,7.355967078189302
plasma,9786,samft_t_ende_adapter_box,boxes,0,0,0.16715224619961386,0.013784053836060049,31.36066100823045
plasma,1739,samft_t_ende_adapter_box,boxes,0,0,0.38289800995024875,0.0395237307755912,10.902906378600822
plasma,9343,samft_t_ende_adapter_box,boxes,0,0,0.5095516700669376,0.03148817802503477,1.6638374485596705
plasma,2025,samft_t_ende_adapter_box,boxes,0,0,0.3176123594625176,0.030832586523279137,3.9234825102880677
plasma,2047,samft_t_ende_adapter_box,boxes,0,0,0.3399379919427302,0.023245626843442457,1.0578703703703702
plasma,304,samft_t_ende_adapter_box,boxes,0,0,0.2340697546612057,0.024187226193221122,12.080118312757202
plasma,2110,samft_t_ende_adapter_box,boxes,0,0,0.32045218218978483,0.02454019694680352,2.526041666666666
plasma,206,samft_t_ende_adapter_box,boxes,0,0,0.2284490774960539,0.00962949704671559,-1.9365354938271608
plasma,1693,samft_t_ende_adapter_box,boxes,0,0,0.27190984857377626,0.023392024295889224,3.9278549382716057
plasma,2299,samft_t_ende_adapter_box,boxes,0,0,0.3005374004200806,0.026622775746727143,13.253086419753085
plasma,1812,samft_t_ende_adapter_box,boxes,0,0,0.28203607315712076,0.015144758790401162,8.386831275720166
plasma,9317,samft_t_ende_adapter_box,boxes,0,0,0.08006479111614119,0.01825063708589417,0.11104681069958808
plasma,2378,samft_t_ende_adapter_box,boxes,0,0,0.29368466518811276,0.011168592563941402,-4.842013888888889
plasma,2423,samft_t_ende_adapter_box,boxes,0,0,0.3261461229432945,0.03186459909228442,-12.58423353909465
plasma,9402,samft_t_ende_adapter_box,boxes,0,0,0.3430919341838352,0.04817266402895235,1.173932613168724
plasma,2160,samft_t_ende_adapter_box,boxes,0,0,0.31888470922252976,0.04479327879725846,-16.32863940329218
plasma,115,samft_t_ende_adapter_box,boxes,0,0,0.31769806858494287,0.0322563488897753,2.956983024691358
plasma,2355,samft_t_ende_adapter_box,boxes,0,0,0.33533119174410164,0.03397783034544779,-3.1886574074074083
plasma,2435,samft_t_ende_adapter_box,boxes,0,0,0.44358610410588445,0.05119778425414936,-9.337770061728396
plasma,2276,samft_t_ende_adapter_box,boxes,0,0,0.3215467976862499,0.017365749398877906,3.870113168724279
plasma,513,samft_t_ende_adapter_box,boxes,0,0,0.19379666372030918,0.030936454849498328,0.11972736625514568
plasma,1808,samft_t_ende_adapter_box,boxes,0,0,0.37308504195649084,0.02639501686997145,2.174447016460905
plasma,9719,samft_t_ende_adapter_box,boxes,0,0,0.12612750762625075,0.00913004536130132,1.784143518518519
plasma,9601,samft_t_ende_adapter_box,boxes,0,0,0.15376873319995582,0.0038181409824493855,2.2541795267489713
plasma,2351,samft_t_ende_adapter_box,boxes,0,0,0.3949023872193823,0.03192308926909126,-0.035043724279837374
plasma,2335,samft_t_ende_adapter_box,boxes,0,0,0.4374996178624346,0.0485667399881289,4.137538580246913
plasma,2159,samft_t_ende_adapter_box,boxes,0,0,0.41259877156924374,0.06220354497794791,5.495949074074074
plasma,2086,samft_t_ende_adapter_box,boxes,0,0,0.4096425110660789,0.03862523454304151,7.719200102880658
plasma,9407,samft_t_ende_adapter_box,boxes,0,0,0.21258024301199938,0.014029631700328464,18.23308899176955
plasma,9727,samft_t_ende_adapter_box,boxes,0,0,0.28925360353931784,0.036069135802469135,20.72601594650206
plasma,2082,samft_t_ende_adapter_box,boxes,0,0,0.30636148963691606,0.0328426862925483,9.507458847736624
plasma,512,samft_t_ende_adapter_box,boxes,0,0,0.2678560613887276,0.03682351508261946,-4.633166152263374
plasma,9757,samft_t_ende_adapter_box,boxes,0,0,0.21246560724641259,0.008732248554002656,-2.193222736625515
plasma,2122,samft_t_ende_adapter_box,boxes,0,0,0.17843355415049153,0.014714231642694928,-1.089827674897119
plasma,9801,samft_t_ende_adapter_box,boxes,0,0,0.2821653825032035,0.014052369424270251,2.3588605967078182
plasma,9511,samft_t_ende_adapter_box,boxes,2,0,0.15850828344329687,0.02363470711184951,3.2011959876543203
plasma,2139,samft_t_ende_adapter_box,boxes,2,0,0.5436253564163106,0.0699589395697581,-9.022826646090538
plasma,2026,samft_t_ende_adapter_box,boxes,2,0,0.46100333165011187,0.06219720518636758,3.6628729423868327
plasma,9830,samft_t_ende_adapter_box,boxes,2,0,0.20963094122140055,0.03575511901049787,-0.23283179012345695
plasma,9397,samft_t_ende_adapter_box,boxes,2,0,0.23560537082076566,0.02304322263735847,14.2139274691358
plasma,1815,samft_t_ende_adapter_box,boxes,2,0,0.32077478383123176,0.030216702410294165,-1.523405349794238
plasma,409,samft_t_ende_adapter_box,boxes,2,0,0.1675672069908612,0.02065302911093627,5.371592078189301
plasma,1954,samft_t_ende_adapter_box,boxes,2,0,0.4658040520085082,0.058649918541779804,2.758423353909466
plasma,1948,samft_t_ende_adapter_box,boxes,2,0,0.2832934603235898,0.029160153952167263,-12.01851851851852
plasma,1716,samft_t_ende_adapter_box,boxes,2,0,0.35732071234636703,0.029593943565037854,5.7685828189300405
plasma,2384,samft_t_ende_adapter_box,boxes,2,0,0.24376506245987728,0.018729266494655363,2.5499614197530858
plasma,1967,samft_t_ende_adapter_box,boxes,2,0,0.35328087034423195,0.03337923663494543,3.7017103909465026
plasma,2258,samft_t_ende_adapter_box,boxes,2,0,0.29169277073944727,0.029277709260550164,-3.1789480452674876
plasma,2186,samft_t_ende_adapter_box,boxes,2,0,0.31820837040432093,0.041145246018867404,-6.997106481481483
plasma,2424,samft_t_ende_adapter_box,boxes,2,0,0.18712796961935882,0.02280999083155058,-15.096064814814813
plasma,9347,samft_t_ende_adapter_box,boxes,2,0,0.08313439123718579,0.01056338028169014,4.30639146090535
plasma,9387,samft_t_ende_adapter_box,boxes,2,0,0.050209927577684,0.04581526630123538,-1.7699974279835389
plasma,9798,samft_t_ende_adapter_box,boxes,2,0,0.21366560639035706,0.01801111324008431,4.342142489711934
plasma,9912,samft_t_ende_adapter_box,boxes,2,0,0.1938994455601902,0.015222134073780246,-4.026234567901234
plasma,516,samft_t_ende_adapter_box,boxes,2,0,0.09671281652829865,0.008353851565247978,2.9609053497942392
plasma,2339,samft_t_ende_adapter_box,boxes,2,0,0.32042018403409245,0.04041471843870705,-13.756687242798355
plasma,1776,samft_t_ende_adapter_box,boxes,2,0,0.19850895958183679,0.016794731064763996,-5.818544238683128
plasma,2046,samft_t_ende_adapter_box,boxes,2,0,0.23431621231694783,0.01989167705735661,-1.3388631687242802
plasma,9398,samft_t_ende_adapter_box,boxes,2,0,0.19511322687769378,0.006509751529202195,13.891975308641975
plasma,9871,samft_t_ende_adapter_box,boxes,2,0,0.12641467997364633,0.011820585011498205,13.18968621399177
plasma,9281,samft_t_ende_adapter_box,boxes,2,0,0.4594619852343202,0.0502401348970958,-5.670267489711933
plasma,9276,samft_t_ende_adapter_box,boxes,2,0,0.2089955603967586,0.010918383150069691,21.133230452674898
plasma,2394,samft_t_ende_adapter_box,boxes,2,0,0.44741468632949905,0.04565503809360142,-4.0257844650205765
plasma,9300,samft_t_ende_adapter_box,boxes,2,0,0.1884319632268999,0.01616981079654377,5.80394804526749
plasma,1694,samft_t_ende_adapter_box,boxes,2,0,0.5237992385958375,0.04881214024071167,-1.5639789094650192
plasma,1719,samft_t_ende_adapter_box,boxes,2,0,0.447477613514466,0.05222274216190922,0.8225951646090537
plasma,403,samft_t_ende_adapter_box,boxes,2,0,0.11757824092040085,0.011602610587382161,19.478395061728396
plasma,9630,samft_t_ende_adapter_box,boxes,2,0,0.3325116354923287,0.040555280118988596,-2.020576131687241
plasma,2078,samft_t_ende_adapter_box,boxes,2,0,0.2803628475873055,0.029043990761143706,-5.862332818930042
plasma,207,samft_t_ende_adapter_box,boxes,2,0,0.3505406545793474,0.03638955380436244,5.170396090534981
plasma,1981,samft_t_ende_adapter_box,boxes,2,0,0.2640931285624711,0.02872919460440167,5.865162037037037
plasma,9396,samft_t_ende_adapter_box,boxes,2,0,0.33445637785892635,0.028689536031589337,4.8732638888888875
plasma,9353,samft_t_ende_adapter_box,boxes,2,0,0.30194497848129676,0.018894282820521774,0.6053240740740748
plasma,1839,samft_t_ende_adapter_box,boxes,2,0,0.3170541996765121,0.02582088909928132,6.731481481481481
plasma,203,samft_t_ende_adapter_box,boxes,2,0,0.14818381112196582,0.0040961163559897484,2.939621913580246
plasma,9367,samft_t_ende_adapter_box,boxes,2,0,0.07812068092996355,0.007388642600802195,21.101980452674898
plasma,1844,samft_t_ende_adapter_box,boxes,2,0,0.1824961709830131,0.031247339293316304,-5.6773405349794235
plasma,9694,samft_t_ende_adapter_box,boxes,2,0,0.267905742313056,0.019085969193000315,5.005401234567899
plasma,1957,samft_t_ende_adapter_box,boxes,2,0,0.40537230450218614,0.054051596772360495,11.388567386831275
plasma,9875,samft_t_ende_adapter_box,boxes,2,0,0.32817925335975673,0.04338670669668918,-2.1990097736625525
plasma,1853,samft_t_ende_adapter_box,boxes,2,0,0.335212224420382,0.033969619892076926,-6.789737654320989
plasma,9339,samft_t_ende_adapter_box,boxes,2,0,0.33201248446779574,0.026482534524776603,4.265496399176954
plasma,1766,samft_t_ende_adapter_box,boxes,2,0,0.42975662962710476,0.05817551256332665,6.473894032921812
plasma,1863,samft_t_ende_adapter_box,boxes,2,0,0.41687987503308405,0.05025684360337121,2.916923868312757
plasma,9292,samft_t_ende_adapter_box,boxes,2,0,0.3617032683074323,0.036047187681689456,-1.0112525720164607
plasma,1854,samft_t_ende_adapter_box,boxes,2,0,0.4346818609779061,0.05919917864476386,1.2677469135802477
plasma,2063,samft_t_ende_adapter_box,boxes,2,0,0.18777925074876026,0.011156350330923897,-9.98482510288066
plasma,2184,samft_t_ende_adapter_box,boxes,2,0,0.4535898569169245,0.04508749806420212,4.603780864197532
plasma,9886,samft_t_ende_adapter_box,boxes,2,0,0.08731984317172148,0.015041898714412116,-12.43531378600823
plasma,9626,samft_t_ende_adapter_box,boxes,2,0,0.35486249085015165,0.027994234493941714,7.570987654320989
plasma,9421,samft_t_ende_adapter_box,boxes,2,0,0.2653442809527681,0.02299555150793373,6.546810699588478
plasma,407,samft_t_ende_adapter_box,boxes,2,0,0.21553101137603242,0.023497082162596102,1.5437242798353907
plasma,1944,samft_t_ende_adapter_box,boxes,2,0,0.2161546469911816,0.016599060631938514,5.017039609053498
plasma,1972,samft_t_ende_adapter_box,boxes,2,0,0.43473848474421933,0.041933919042742414,2.578510802469136
plasma,9357,samft_t_ende_adapter_box,boxes,2,0,0.25985786992030524,0.032086813958935125,5.644740226337448
plasma,1837,samft_t_ende_adapter_box,boxes,2,0,0.35611594579217276,0.034295443489541104,7.856995884773663
plasma,2174,samft_t_ende_adapter_box,boxes,2,0,0.32875870220323783,0.02617042470343204,7.515753600823044
plasma,2404,samft_t_ende_adapter_box,boxes,2,0,0.2441483492004743,0.03499260719566289,-2.873585390946501
plasma,2192,samft_t_ende_adapter_box,boxes,2,0,0.40601789587679255,0.04714584473732227,2.2771347736625507
plasma,9590,samft_t_ende_adapter_box,boxes,2,0,0.31407534885986343,0.02899061468264273,10.009966563786008
plasma,1870,samft_t_ende_adapter_box,boxes,2,0,0.5048895517083377,0.04271578328598021,1.5490612139917703
plasma,102,samft_t_ende_adapter_box,boxes,2,0,0.3431642193875912,0.03734898757869661,11.054783950617283
plasma,1705,samft_t_ende_adapter_box,boxes,2,0,0.37363542910890346,0.023265895953757224,13.748713991769549
plasma,9321,samft_t_ende_adapter_box,boxes,2,0,0.1814379155520623,0.024034511092851273,8.399112654320987
plasma,1704,samft_t_ende_adapter_box,boxes,2,0,0.4550020523153849,0.03477539872213822,1.209812242798354
plasma,9838,samft_t_ende_adapter_box,boxes,2,0,0.3441942745265627,0.040584931652008056,0.07889660493827222
plasma,9775,samft_t_ende_adapter_box,boxes,2,0,0.2845805693446646,0.025834267482969735,-2.191358024691359
plasma,2221,samft_t_ende_adapter_box,boxes,2,0,0.26753783795296593,0.01710466696873584,-4.059606481481483
plasma,9714,samft_t_ende_adapter_box,boxes,2,0,0.2787354367831724,0.029127416955875063,1.615869341563786
plasma,104,samft_t_ende_adapter_box,boxes,2,0,0.30854663378557506,0.023634213337402718,10.925861625514404
plasma,1745,samft_t_ende_adapter_box,boxes,2,0,0.2675012001538017,0.02087903629296078,5.300475823045267
plasma,9528,samft_t_ende_adapter_box,boxes,2,0,0.36380703169954703,0.027034661996101585,0.5389017489711934
plasma,1898,samft_t_ende_adapter_box,boxes,2,0,0.17362623543063582,0.01960642975564045,-21.49247685185185
plasma,2216,samft_t_ende_adapter_box,boxes,2,0,0.4522539704964739,0.04316165951359084,11.847286522633746
plasma,9625,samft_t_ende_adapter_box,boxes,2,0,0.24050066077611157,0.014222151597012553,7.239904835390947
plasma,2178,samft_t_ende_adapter_box,boxes,2,0,0.2583430083634699,0.017575757575757574,5.935249485596708
plasma,2087,samft_t_ende_adapter_box,boxes,2,0,0.36056160586165886,0.04787339007801297,-1.6239711934156353
plasma,1992,samft_t_ende_adapter_box,boxes,2,0,0.33408348513443814,0.0459672377141428,1.8359696502057625
plasma,2189,samft_t_ende_adapter_box,boxes,2,0,0.32015871407467456,0.042643115749928046,-3.8020190329218106
plasma,507,samft_t_ende_adapter_box,boxes,2,0,0.23123640489932556,0.0158982783995619,10.783307613168724
plasma,1970,samft_t_ende_adapter_box,boxes,2,0,0.5147603986689044,0.06672301903255712,-4.56352880658436
plasma,9692,samft_t_ende_adapter_box,boxes,2,0,0.2549799715769373,0.017930307086933592,6.711226851851851
plasma,1984,samft_t_ende_adapter_box,boxes,2,0,0.31533058852022283,0.04460093896713615,-1.4582047325102876
plasma,9726,samft_t_ende_adapter_box,boxes,2,0,0.2506449955234397,0.018332843898141545,-4.55787037037037
plasma,9782,samft_t_ende_adapter_box,boxes,2,0,0.22077553360205573,0.02567920208763588,-4.155542695473252
plasma,2301,samft_t_ende_adapter_box,boxes,2,0,0.33850328183771794,0.04510811463254819,-9.55690586419753
plasma,2033,samft_t_ende_adapter_box,boxes,2,0,0.08692760043308118,0.008160171229822528,-11.39891975308642
plasma,9373,samft_t_ende_adapter_box,boxes,2,0,0.16151215892661808,0.006048243637484879,24.92007458847737
plasma,1762,samft_t_ende_adapter_box,boxes,2,0,0.38266512193980246,0.04148787368720514,-0.23096707818930085
plasma,9600,samft_t_ende_adapter_box,boxes,2,0,0.4140520530351679,0.04119484046164291,5.783436213991769
plasma,518,samft_t_ende_adapter_box,boxes,2,0,0.1612281975505585,0.03653373597418361,-3.6536136831275714
plasma,9504,samft_t_ende_adapter_box,boxes,2,0,0.4092428590254227,0.015084146108242494,1.9504243827160497
plasma,2015,samft_t_ende_adapter_box,boxes,2,0,0.15400700784866547,0.029165216841172934,-30.509387860082306
plasma,113,samft_t_ende_adapter_box,boxes,2,0,0.40941449315797046,0.03485690153656239,2.6973379629629632
plasma,9442,samft_t_ende_adapter_box,boxes,2,0,0.15347041839575293,0.03261623872310895,1.1783693415637855
plasma,9773,samft_t_ende_adapter_box,boxes,2,0,0.357874577225277,0.024106066693451184,-4.042888374485598
plasma,9629,samft_t_ende_adapter_box,boxes,2,0,0.2844043171945536,0.027898074394865052,3.1210776748971187
plasma,2227,samft_t_ende_adapter_box,boxes,2,0,0.27973788957786144,0.014309812171869373,5.054655349794239
plasma,2142,samft_t_ende_adapter_box,boxes,2,0,0.367636560483495,0.011691433566433566,-14.07349537037037
plasma,208,samft_t_ende_adapter_box,boxes,2,0,0.23531087879264267,0.03374311148791861,-5.437371399176954
plasma,9605,samft_t_ende_adapter_box,boxes,2,0,0.12055298714659526,0.008089910223770602,15.531700102880658
plasma,9686,samft_t_ende_adapter_box,boxes,2,0,0.12935609007549215,0.00902167730518865,6.320730452674897
plasma,1959,samft_t_ende_adapter_box,boxes,2,0,0.08517560816408505,0.005992010652463382,-1.1819058641975306
plasma,1816,samft_t_ende_adapter_box,boxes,2,0,0.2903656843595924,0.034356644131663526,-0.6087319958847731
plasma,9774,samft_t_ende_adapter_box,boxes,2,0,0.22024696397591592,0.0204478579621964,-3.290895061728394
plasma,2188,samft_t_ende_adapter_box,boxes,2,0,0.26378287327192435,0.015484610973045307,0.5209619341563789
plasma,110,samft_t_ende_adapter_box,boxes,2,0,0.5145749133830909,0.0477734434368509,5.887538580246914
plasma,9845,samft_t_ende_adapter_box,boxes,2,0,0.2665255999855316,0.02957107304933392,1.9266975308641978
plasma,9789,samft_t_ende_adapter_box,boxes,2,0,0.15810713831913853,0.015816007117203202,22.49003343621399
plasma,2105,samft_t_ende_adapter_box,boxes,2,0,0.5326653396255955,0.09040587348149622,-6.283371913580243
plasma,9453,samft_t_ende_adapter_box,boxes,2,0,0.1695947827701448,0.01695068480766623,-4.084104938271604
plasma,2386,samft_t_ende_adapter_box,boxes,2,0,0.3788514524814071,0.04120873719599709,-5.420203189300413
plasma,2073,samft_t_ende_adapter_box,boxes,2,0,0.279762883423662,0.02094555724073009,-0.38432355967078224
plasma,1847,samft_t_ende_adapter_box,boxes,2,0,0.37909042141026406,0.043740500373953536,7.768711419753085
plasma,9902,samft_t_ende_adapter_box,boxes,2,0,0.3136744606348131,0.022207813259847626,4.809477880658437
plasma,9581,samft_t_ende_adapter_box,boxes,2,0,0.3512741450349114,0.04322663047816716,1.6104038065843622
plasma,417,samft_t_ende_adapter_box,boxes,2,0,0.0708552432480594,0.010413421743580615,38.78632973251029
plasma,2392,samft_t_ende_adapter_box,boxes,2,0,0.268906252750652,0.014180212804915264,-2.650141460905349
plasma,506,samft_t_ende_adapter_box,boxes,2,0,0.20033970891293149,0.015032369589533268,5.583590534979424
plasma,1871,samft_t_ende_adapter_box,boxes,2,0,0.39198068277648684,0.0320337673594754,7.686728395061729
plasma,2145,samft_t_ende_adapter_box,boxes,2,0,0.320994162811697,0.028237881735893748,-23.839056069958847
plasma,1774,samft_t_ende_adapter_box,boxes,2,0,0.2586824987428423,0.040774522686867126,-6.811728395061728
plasma,9464,samft_t_ende_adapter_box,boxes,2,0,0.10694267214896734,0.010113941876840353,-1.022826646090535
plasma,9832,samft_t_ende_adapter_box,boxes,2,0,0.3793032231415627,0.039063006943092594,0.5046296296296299
plasma,2052,samft_t_ende_adapter_box,boxes,2,0,0.4385113216482026,0.028702498295207983,-2.7008101851851847
plasma,2200,samft_t_ende_adapter_box,boxes,2,0,0.4390140943343567,0.06042632405007847,8.406893004115226
plasma,9841,samft_t_ende_adapter_box,boxes,2,0,0.3883599240155232,0.021284748832996588,15.77861368312757
plasma,9805,samft_t_ende_adapter_box,boxes,2,0,0.11351981006816421,0.011598508763159023,12.423482510288066
plasma,1838,samft_t_ende_adapter_box,boxes,2,0,0.28394395362509606,0.01813717398481347,-2.04173096707819
plasma,1888,samft_t_ende_adapter_box,boxes,2,0,0.1764551571416404,0.014955944988132783,-5.247363683127572
plasma,9286,samft_t_ende_adapter_box,boxes,2,0,0.2536691420249739,0.023230979019830122,7.571759259259259
plasma,9859,samft_t_ende_adapter_box,boxes,2,0,0.17498840784691622,0.01401122834188365,-0.23334619341563723
plasma,2060,samft_t_ende_adapter_box,boxes,2,0,0.3288123167155425,0.030154084055889988,2.7370113168724286
plasma,2380,samft_t_ende_adapter_box,boxes,2,0,0.42854076557969256,0.04588313014233379,11.382330246913579
plasma,1770,samft_t_ende_adapter_box,boxes,2,0,0.16706682914469795,0.009041553560242221,3.181841563786007
plasma,1855,samft_t_ende_adapter_box,boxes,2,0,0.15039232412983436,0.021975812243256444,1.5609567901234578
plasma,2359,samft_t_ende_adapter_box,boxes,2,0,0.2950659516717946,0.02791035256339763,-15.166988168724282
plasma,1994,samft_t_ende_adapter_box,boxes,2,0,0.23876517539741096,0.022698277695088243,-16.912422839506174
plasma,1709,samft_t_ende_adapter_box,boxes,2,0,0.4743173065265878,0.05665657661773945,16.77424125514403
plasma,2071,samft_t_ende_adapter_box,boxes,2,0,0.17091752047872114,0.00777588180659654,-1.878536522633746
plasma,9820,samft_t_ende_adapter_box,boxes,2,0,0.22165691774175464,0.03567348803812135,3.4649562757201644
plasma,1747,samft_t_ende_adapter_box,boxes,2,0,0.4118556880742668,0.05970815961882073,-3.5636574074074057
plasma,9512,samft_t_ende_adapter_box,boxes,2,0,0.3583056438051485,0.031700072852259356,9.732060185185185
plasma,1963,samft_t_ende_adapter_box,boxes,2,0,0.27792563412759413,0.032957431122518636,-10.271347736625515
plasma,2295,samft_t_ende_adapter_box,boxes,2,0,0.3278706936086179,0.019793339384207218,-11.414351851851851
plasma,2013,samft_t_ende_adapter_box,boxes,2,0,0.45871788926595863,0.03916836123833596,-1.8503086419753094
plasma,1993,samft_t_ende_adapter_box,boxes,2,0,0.270931598801419,0.021689733526130964,-28.898148148148145
plasma,9910,samft_t_ende_adapter_box,boxes,2,0,0.244412585443281,0.02413594942943929,3.6633230452674885
plasma,9342,samft_t_ende_adapter_box,boxes,2,0,0.2829502605012272,0.03418523372651813,10.538387345679011
plasma,2318,samft_t_ende_adapter_box,boxes,2,0,0.18749132763895682,0.012157986655322198,-12.48167438271605
plasma,1742,samft_t_ende_adapter_box,boxes,2,0,0.5165339595529376,0.07409035945916236,3.9396219135802477
plasma,305,samft_t_ende_adapter_box,boxes,2,0,0.2792085268484595,0.034154379507372296,0.7950745884773652
plasma,1715,samft_t_ende_adapter_box,boxes,2,0,0.645852926022475,0.10630554067286198,0.8416280864197545
plasma,9710,samft_t_ende_adapter_box,boxes,2,0,0.3292526192613539,0.04304005638435334,16.000578703703702
plasma,1738,samft_t_ende_adapter_box,boxes,2,0,0.39841623168622464,0.06635518429373731,13.102752057613168
plasma,2315,samft_t_ende_adapter_box,boxes,2,0,0.4356793676108588,0.03785293697525672,4.142361111111109
plasma,2439,samft_t_ende_adapter_box,boxes,2,0,0.4889934976534,0.059702032910338335,1.3886959876543203
plasma,9889,samft_t_ende_adapter_box,boxes,2,0,0.10313576024356015,0.0123183969659415,37.20351080246914
plasma,9706,samft_t_ende_adapter_box,boxes,2,0,0.38957072913404,0.024214096759011313,8.413194444444445
plasma,9786,samft_t_ende_adapter_box,boxes,2,0,0.25642087708159045,0.01732894652782214,16.223958333333332
plasma,1739,samft_t_ende_adapter_box,boxes,2,0,0.37136249313405223,0.04260663286664496,12.466049382716049
plasma,9343,samft_t_ende_adapter_box,boxes,2,0,0.4997686256362795,0.031088548452311425,2.9296553497942384
plasma,2025,samft_t_ende_adapter_box,boxes,2,0,0.31913678904462267,0.03153857690741971,4.453639403292181
plasma,2047,samft_t_ende_adapter_box,boxes,2,0,0.3488194794684432,0.02404129581434138,2.7384902263374507
plasma,304,samft_t_ende_adapter_box,boxes,2,0,0.23024469538672238,0.02541168398353264,9.944380144032921
plasma,2110,samft_t_ende_adapter_box,boxes,2,0,0.3007849178403756,0.01836821870995301,0.33088991769547327
plasma,206,samft_t_ende_adapter_box,boxes,2,0,0.22179986601493684,0.009084055785902751,-2.4628986625514404
plasma,1693,samft_t_ende_adapter_box,boxes,2,0,0.24770126157978717,0.02283391834472566,4.175154320987654
plasma,2299,samft_t_ende_adapter_box,boxes,2,0,0.3135953881958036,0.02706578535282773,10.7411908436214
plasma,1812,samft_t_ende_adapter_box,boxes,2,0,0.2812198785053014,0.014242644765568146,6.167824074074074
plasma,9317,samft_t_ende_adapter_box,boxes,2,0,0.07000389847116711,0.01677613060611747,-0.06905864197530864
plasma,2378,samft_t_ende_adapter_box,boxes,2,0,0.28125677539591376,0.009962883375659308,-5.6958590534979425
plasma,2423,samft_t_ende_adapter_box,boxes,2,0,0.3016006796256686,0.029728834044875918,-13.78729423868313
plasma,9402,samft_t_ende_adapter_box,boxes,2,0,0.3313869870387116,0.04767194472163124,0.006430041152263866
plasma,2160,samft_t_ende_adapter_box,boxes,2,0,0.28811143960235147,0.045437352245862886,-17.508423353909464
plasma,115,samft_t_ende_adapter_box,boxes,2,0,0.3216964906502726,0.031982942430703626,4.378472222222221
plasma,2355,samft_t_ende_adapter_box,boxes,2,0,0.3439360423349669,0.03566994017383452,-2.8172582304526768
plasma,2435,samft_t_ende_adapter_box,boxes,2,0,0.436919915786852,0.052535268208609064,-9.769161522633745
plasma,2276,samft_t_ende_adapter_box,boxes,2,0,0.3275588760264559,0.018425056592570602,5.946823559670783
plasma,513,samft_t_ende_adapter_box,boxes,2,0,0.18929473160678972,0.030166533679956756,-0.21212705761316786
plasma,1808,samft_t_ende_adapter_box,boxes,2,0,0.3903384787055979,0.030279657643312103,4.033436213991768
plasma,9719,samft_t_ende_adapter_box,boxes,2,0,0.15875658512801608,0.012566023405944695,0.8575102880658436
plasma,9601,samft_t_ende_adapter_box,boxes,2,0,0.15625924140709227,0.003653895719938748,3.674447016460906
plasma,2351,samft_t_ende_adapter_box,boxes,2,0,0.4042838763517508,0.034079620997936884,1.9056712962962963
plasma,2335,samft_t_ende_adapter_box,boxes,2,0,0.4607213277831398,0.05062220611332609,5.165573559670783
plasma,2159,samft_t_ende_adapter_box,boxes,2,0,0.382226146411357,0.053854921436131235,3.1565072016460913
plasma,2086,samft_t_ende_adapter_box,boxes,2,0,0.40181114275542895,0.03290270488494146,6.764789094650206
plasma,9407,samft_t_ende_adapter_box,boxes,2,0,0.22374007135656954,0.014339859920004193,15.814429012345677
plasma,9727,samft_t_ende_adapter_box,boxes,2,0,0.28957856327489395,0.03792577136343438,21.40869341563786
plasma,2082,samft_t_ende_adapter_box,boxes,2,0,0.311635704702803,0.0318424477938541,7.562307098765434
plasma,512,samft_t_ende_adapter_box,boxes,2,0,0.268696494386989,0.03739584039021746,-2.898662551440329
plasma,9757,samft_t_ende_adapter_box,boxes,2,0,0.19569529084277765,0.008462356695426073,-3.2961033950617296
plasma,2122,samft_t_ende_adapter_box,boxes,2,0,0.22096561141042195,0.01576738217959592,1.0362654320987665
plasma,9801,samft_t_ende_adapter_box,boxes,2,0,0.3047805264553561,0.015688768749668732,3.1654449588477367
plasma,9511,samft_b_ende_adapter,none,0,1,0.6808108594493149,0.13059380378657487,1.2085905349794244
plasma,2139,samft_b_ende_adapter,none,0,1,0.6790640478811227,0.16134939080216917,-3.5101594650205765
plasma,2026,samft_b_ende_adapter,none,0,1,0.7429708501403701,0.2117330600742923,3.5216692386831285
plasma,9830,samft_b_ende_adapter,none,0,1,0.8432815044165661,0.19078415521422798,2.0460390946502054
plasma,9397,samft_b_ende_adapter,none,0,1,0.7693260886038146,0.22247787610619468,2.4396219135802477
plasma,1815,samft_b_ende_adapter,none,0,1,0.7847380657497338,0.28112344872632267,4.497042181069959
plasma,409,samft_b_ende_adapter,none,0,1,0.3392326715574529,0.11724608043626449,6.004501028806584
plasma,1954,samft_b_ende_adapter,none,0,1,0.6640543864008512,0.30102367242482403,6.588091563786009
plasma,1948,samft_b_ende_adapter,none,0,1,0.7094149043459372,0.18082825547280523,-4.91499485596708
plasma,1716,samft_b_ende_adapter,none,0,1,0.6479799332732631,0.23418013856812933,-4.451710390946502
plasma,2384,samft_b_ende_adapter,none,0,1,0.665295417990508,0.16033434650455927,12.577610596707817
plasma,1967,samft_b_ende_adapter,none,0,1,0.8284081733233885,0.27753880680755566,2.996463477366257
plasma,2258,samft_b_ende_adapter,none,0,1,0.7431204101427186,0.19806663924310983,-5.36355452674897
plasma,2186,samft_b_ende_adapter,none,0,1,0.8609565951158485,0.22926757669161896,2.1707818930041145
plasma,2424,samft_b_ende_adapter,none,0,1,0.7521370650782228,0.20808148645623462,11.978202160493828
plasma,9347,samft_b_ende_adapter,none,0,1,0.787489640276929,0.3282860824742268,1.4559542181069955
plasma,9387,samft_b_ende_adapter,none,0,1,0.7767296416938111,0.12424607961399277,2.1426183127572016
plasma,9798,samft_b_ende_adapter,none,0,1,0.6685715077016816,0.13306999935245742,2.6278292181069944
plasma,9912,samft_b_ende_adapter,none,0,1,0.7134399929771428,0.1431064572425829,-3.0628858024691343
plasma,516,samft_b_ende_adapter,none,0,1,0.5093004458582119,0.11406025824964132,6.601851851851853
plasma,2339,samft_b_ende_adapter,none,0,1,0.6983376466557901,0.16350257542310523,0.46887860082304444
plasma,1776,samft_b_ende_adapter,none,0,1,0.4025970220683391,0.12060420108567382,-5.514531893004117
plasma,2046,samft_b_ende_adapter,none,0,1,0.6980201805397257,0.1664695213311253,6.70164609053498
plasma,9398,samft_b_ende_adapter,none,0,1,0.7523992857939962,0.1586959127412202,3.208847736625514
plasma,9871,samft_b_ende_adapter,none,0,1,0.42609102434592777,0.08350047503430803,5.807227366255144
plasma,9281,samft_b_ende_adapter,none,0,1,0.6055456073338427,0.07577097380347077,-17.740805041152264
plasma,9276,samft_b_ende_adapter,none,0,1,0.9332276857330276,0.2286515421871017,-0.13458076131687216
plasma,2394,samft_b_ende_adapter,none,0,1,0.8488462844580545,0.23517808219178082,-4.85352366255144
plasma,9300,samft_b_ende_adapter,none,0,1,0.5115798279733258,0.11448176236908632,6.392296810699588
plasma,1694,samft_b_ende_adapter,none,0,1,0.8137086391142011,0.1767018565708045,-0.6091820987654317
plasma,1719,samft_b_ende_adapter,none,0,1,0.833656884115255,0.3055325416551597,0.6350951646090521
plasma,403,samft_b_ende_adapter,none,0,1,0.07134631934932545,0.004670818505338078,7.553369341563785
plasma,9630,samft_b_ende_adapter,none,0,1,0.7052416778998519,0.14891746854182086,3.5788966049382727
plasma,2078,samft_b_ende_adapter,none,0,1,0.6086023055021276,0.1264687302590019,6.617348251028806
plasma,207,samft_b_ende_adapter,none,0,1,0.7834779111851554,0.2358429441492808,-0.6993955761316867
plasma,1981,samft_b_ende_adapter,none,0,1,0.3721468694341691,0.05998396150761828,11.361625514403292
plasma,9396,samft_b_ende_adapter,none,0,1,0.6792269731678288,0.20348078317621465,6.465342078189301
plasma,9353,samft_b_ende_adapter,none,0,1,0.8796760856872974,0.2662409772348695,0.974086934156379
plasma,1839,samft_b_ende_adapter,none,0,1,0.8072157578523081,0.13766767844903555,2.902842078189301
plasma,203,samft_b_ende_adapter,none,0,1,0.6538726060734313,0.23101005107925524,3.768261316872428
plasma,9367,samft_b_ende_adapter,none,0,1,0.09909695942914747,0.0,3.044688786008231
plasma,1844,samft_b_ende_adapter,none,0,1,0.6048024869783258,0.17956177834348577,8.419560185185187
plasma,9694,samft_b_ende_adapter,none,0,1,0.6028887890340902,0.07997141041931385,0.3984053497942369
plasma,1957,samft_b_ende_adapter,none,0,1,0.7263927395713505,0.1543446951512242,4.514274691358025
plasma,9875,samft_b_ende_adapter,none,0,1,0.6689863574160825,0.10912621359223301,-5.682998971193416
plasma,1853,samft_b_ende_adapter,none,0,1,0.7817993975107314,0.2078576633470974,2.1628086419753085
plasma,9339,samft_b_ende_adapter,none,0,1,0.00043517521241990056,0.011316484345529988,3.6038451646090532
plasma,1766,samft_b_ende_adapter,none,0,1,0.6179982764988304,0.20124678140669466,3.2788065843621395
plasma,1863,samft_b_ende_adapter,none,0,1,0.9266868976401711,0.2981501632208923,0.3001543209876542
plasma,9292,samft_b_ende_adapter,none,0,1,0.5027539357240447,0.09595646483433216,-3.981995884773662
plasma,1854,samft_b_ende_adapter,none,0,1,0.7628801946182364,0.21453982985305492,4.720614711934157
plasma,2063,samft_b_ende_adapter,none,0,1,0.6596929587773426,0.17276609999162548,-11.16139403292181
plasma,2184,samft_b_ende_adapter,none,0,1,0.9693367176150564,0.4395268203140934,0.23849022633744832
plasma,9886,samft_b_ende_adapter,none,0,1,0.5855745839754214,0.045059193041797535,-4.6265432098765435
plasma,9626,samft_b_ende_adapter,none,0,1,0.8122905064470874,0.2572988068037573,2.6376671810699595
plasma,9421,samft_b_ende_adapter,none,0,1,0.7987136418520688,0.1840555639438321,-1.0463605967078182
plasma,407,samft_b_ende_adapter,none,0,1,0.445477240381699,0.11809247623650716,2.1199202674897117
plasma,1944,samft_b_ende_adapter,none,0,1,0.4327342634471646,0.006846846846846847,3.4126800411522633
plasma,1972,samft_b_ende_adapter,none,0,1,0.8101226204469422,0.213348271446863,2.5673868312757198
plasma,9357,samft_b_ende_adapter,none,0,1,0.37685509620789037,0.03965026433509557,4.0297067901234565
plasma,1837,samft_b_ende_adapter,none,0,1,0.783808886196746,0.26517059766430046,4.432548868312757
plasma,2174,samft_b_ende_adapter,none,0,1,0.5495816391679827,0.08064014916096955,2.5318930041152266
plasma,2404,samft_b_ende_adapter,none,0,1,0.6423655681167938,0.15,11.625514403292183
plasma,2192,samft_b_ende_adapter,none,0,1,0.5070685550099524,0.137751175716118,-7.678112139917697
plasma,9590,samft_b_ende_adapter,none,0,1,0.7394303662166385,0.1777201432629369,1.8877314814814805
plasma,1870,samft_b_ende_adapter,none,0,1,0.9304070143054914,0.32858689316346074,-0.5232767489711937
plasma,102,samft_b_ende_adapter,none,0,1,0.7734316564699565,0.22766443897291594,-2.1481481481481475
plasma,1705,samft_b_ende_adapter,none,0,1,0.9317835628391877,0.1953831948291782,-0.3503086419753082
plasma,9321,samft_b_ende_adapter,none,0,1,0.0029342325949085367,0.0,7.394740226337449
plasma,1704,samft_b_ende_adapter,none,0,1,0.8382228908796645,0.25884421006372227,1.0562628600823047
plasma,9838,samft_b_ende_adapter,none,0,1,0.6676975574579125,0.12395970214629873,4.437307098765432
plasma,9775,samft_b_ende_adapter,none,0,1,0.8020364482540046,0.1335883703136955,-7.392811213991771
plasma,2221,samft_b_ende_adapter,none,0,1,0.6223479170021341,0.11699029126213592,4.668788580246912
plasma,9714,samft_b_ende_adapter,none,0,1,0.23319517815912771,0.009027012127894156,-14.280799897119342
plasma,104,samft_b_ende_adapter,none,0,1,0.8732919482809286,0.2319595526275471,-0.4399434156378598
plasma,1745,samft_b_ende_adapter,none,0,1,0.753535707835228,0.1064606138656364,1.6034593621399167
plasma,9528,samft_b_ende_adapter,none,0,1,0.7929828593316097,0.19008264462809918,-2.6762474279835384
plasma,1898,samft_b_ende_adapter,none,0,1,0.7634562335781728,0.12900510338296417,-6.171746399176955
plasma,2216,samft_b_ende_adapter,none,0,1,0.580710693525148,0.14971012845288167,-3.0883487654321002
plasma,9625,samft_b_ende_adapter,none,0,1,0.5820703091424806,0.13772816412731936,6.9791023662551455
plasma,2178,samft_b_ende_adapter,none,0,1,0.6358769496640724,0.1563221183043848,5.261831275720167
plasma,2087,samft_b_ende_adapter,none,0,1,0.8018960351305506,0.18637390092730505,2.665316358024694
plasma,1992,samft_b_ende_adapter,none,0,1,0.785646572917691,0.1495665348034677,1.2429269547325124
plasma,2189,samft_b_ende_adapter,none,0,1,0.8072065267456451,0.1906652231444725,-3.536329732510288
plasma,507,samft_b_ende_adapter,none,0,1,0.7923481841882399,0.13058933582787652,-0.09606481481481549
plasma,1970,samft_b_ende_adapter,none,0,1,0.9162792716785481,0.35024920706841867,-1.6824202674897122
plasma,9692,samft_b_ende_adapter,none,0,1,0.612033660203993,0.16613632557360575,1.8054912551440323
plasma,1984,samft_b_ende_adapter,none,0,1,0.522756761523248,0.09700056593095642,3.7660108024691357
plasma,9726,samft_b_ende_adapter,none,0,1,0.7965977215665511,0.12636326363263634,1.2851080246913589
plasma,9782,samft_b_ende_adapter,none,0,1,0.43648572572499333,0.06031555821849411,-8.074524176954734
plasma,2301,samft_b_ende_adapter,none,0,1,0.7476268156812383,0.18515555555555555,-3.044753086419752
plasma,2033,samft_b_ende_adapter,none,0,1,0.6786535708789483,0.12680491551459294,0.9290766460905375
plasma,9373,samft_b_ende_adapter,none,0,1,0.6109806107417287,0.13800354138999557,5.501543209876543
plasma,1762,samft_b_ende_adapter,none,0,1,0.7970687052636705,0.3100360651660241,4.201388888888889
plasma,9600,samft_b_ende_adapter,none,0,1,0.8557803261613243,0.28937160589604344,1.3546810699588476
plasma,518,samft_b_ende_adapter,none,0,1,0.6762480892275401,0.08735821441639224,2.1741898148148158
plasma,9504,samft_b_ende_adapter,none,0,1,0.866905517586048,0.18745555397525246,-2.144933127572017
plasma,2015,samft_b_ende_adapter,none,0,1,0.8433318655210904,0.1843061388194215,-8.862268518518517
plasma,113,samft_b_ende_adapter,none,0,1,0.5498445875940358,0.2767616191904048,-3.488168724279835
plasma,9442,samft_b_ende_adapter,none,0,1,0.4098607945695125,0.06631869818851704,12.28125
plasma,9773,samft_b_ende_adapter,none,0,1,0.3717210309675378,0.021809784468012315,-11.209812242798355
plasma,9629,samft_b_ende_adapter,none,0,1,0.849621945981689,0.25516759776536313,-2.4913194444444438
plasma,2227,samft_b_ende_adapter,none,0,1,0.7477682151066446,0.3139213881950835,5.3652263374485605
plasma,2142,samft_b_ende_adapter,none,0,1,0.7491831591629144,0.1035618381719613,-9.683577674897121
plasma,208,samft_b_ende_adapter,none,0,1,0.7730064465881337,0.19716846343680997,-3.3349408436213994
plasma,9605,samft_b_ende_adapter,none,0,1,0.18917986226694558,0.03547839214946216,16.461098251028805
plasma,9686,samft_b_ende_adapter,none,0,1,0.6449922333086106,0.10520767446763651,0.7318672839506171
plasma,1959,samft_b_ende_adapter,none,0,1,0.8349741420824522,0.18903493600830162,1.3669624485596708
plasma,1816,samft_b_ende_adapter,none,0,1,0.7077422032309135,0.23242212333121423,6.6252572016460896
plasma,9774,samft_b_ende_adapter,none,0,1,0.6850319163905696,0.1254024342363565,1.6652520576131702
plasma,2188,samft_b_ende_adapter,none,0,1,0.6552104724154582,0.18170486144405024,7.807870370370369
plasma,110,samft_b_ende_adapter,none,0,1,0.6000235982012927,0.0585972850678733,-3.919881687242799
plasma,9845,samft_b_ende_adapter,none,0,1,0.7944560289647589,0.1935483870967742,1.014081790123457
plasma,9789,samft_b_ende_adapter,none,0,1,0.415173563585094,0.07079160378652764,11.552726337448558
plasma,2105,samft_b_ende_adapter,none,0,1,0.9390092676618922,0.31481747973329494,0.29102366255144285
plasma,9453,samft_b_ende_adapter,none,0,1,0.6770773982122962,0.2071256038647343,2.5515046296296306
plasma,2386,samft_b_ende_adapter,none,0,1,0.7369866086449385,0.18907712356355882,4.369791666666667
plasma,2073,samft_b_ende_adapter,none,0,1,0.7372875436291818,0.18886756238003838,6.64229681069959
plasma,1847,samft_b_ende_adapter,none,0,1,0.3778662352754945,0.09381063251843229,3.9263760288065845
plasma,9902,samft_b_ende_adapter,none,0,1,0.5443793994264452,0.1565131948343627,6.856352880658437
plasma,9581,samft_b_ende_adapter,none,0,1,0.47399008939403814,0.0976965845909452,10.425861625514404
plasma,417,samft_b_ende_adapter,none,0,1,0.7088218099018432,0.30827366746221163,1.108667695473251
plasma,2392,samft_b_ende_adapter,none,0,1,0.7040762484749262,0.1302915263949574,2.612975823045269
plasma,506,samft_b_ende_adapter,none,0,1,0.47590057757954324,0.07199119166596087,0.4183384773662535
plasma,1871,samft_b_ende_adapter,none,0,1,0.608842517785203,0.1307236921589948,4.078703703703704
plasma,2145,samft_b_ende_adapter,none,0,1,0.7974942503273893,0.15036729242413,-3.9176954732510314
plasma,1774,samft_b_ende_adapter,none,0,1,0.7016455984672216,0.2551469544228312,0.18704989711934156
plasma,9464,samft_b_ende_adapter,none,0,1,0.980701754385965,0.5069949636261891,-0.12872942386831301
plasma,9832,samft_b_ende_adapter,none,0,1,0.7877947598850358,0.15263464903752674,4.09227109053498
plasma,2052,samft_b_ende_adapter,none,0,1,0.6664228137172743,0.10935804324234076,0.8947402263374495
plasma,2200,samft_b_ende_adapter,none,0,1,0.6663393346977732,0.1925925925925926,-2.787358539094649
plasma,9841,samft_b_ende_adapter,none,0,1,0.6373683254131264,0.031092300179065602,-0.13136574074074023
plasma,9805,samft_b_ende_adapter,none,0,1,0.44047053049706303,0.07310182460270748,3.13940329218107
plasma,1838,samft_b_ende_adapter,none,0,1,0.6881030078312497,0.12799808600992882,5.833333333333332
plasma,1888,samft_b_ende_adapter,none,0,1,0.7739197236584742,0.20765736534717716,-0.5176183127572009
plasma,9286,samft_b_ende_adapter,none,0,1,0.503981082622967,0.026896828582898435,-1.776877572016461
plasma,9859,samft_b_ende_adapter,none,0,1,0.43130804994999433,0.03289776085100794,4.9692001028806585
plasma,2060,samft_b_ende_adapter,none,0,1,0.8192269130058113,0.21925659079744556,2.557034465020576
plasma,2380,samft_b_ende_adapter,none,0,1,0.8626937976318078,0.3282942238267148,2.483989197530863
plasma,1770,samft_b_ende_adapter,none,0,1,0.6245989304812835,0.08619024625784645,3.748199588477366
plasma,1855,samft_b_ende_adapter,none,0,1,0.8794348948432154,0.2680089485458613,-0.8118569958847737
plasma,2359,samft_b_ende_adapter,none,0,1,0.7089730929511638,0.1353114382785957,6.589827674897114
plasma,1994,samft_b_ende_adapter,none,0,1,0.8068528508630962,0.1353295947518781,-3.2429269547325115
plasma,1709,samft_b_ende_adapter,none,0,1,0.7367313019390582,0.16176971072036303,2.4296553497942366
plasma,2071,samft_b_ende_adapter,none,0,1,0.513252822840272,0.14491108588724932,-4.068222736625515
plasma,9820,samft_b_ende_adapter,none,0,1,0.700696023658593,0.0927662424648359,5.466499485596707
plasma,1747,samft_b_ende_adapter,none,0,1,0.8715443983094731,0.3126115997619205,2.6757330246913598
plasma,9512,samft_b_ende_adapter,none,0,1,0.4227758991965822,0.0739842328684051,0.7804783950617276
plasma,1963,samft_b_ende_adapter,none,0,1,0.8564308189727599,0.28555167086755023,-0.6867926954732512
plasma,2295,samft_b_ende_adapter,none,0,1,0.7108654831414055,0.16259135958366816,-0.047646604938267334
plasma,2013,samft_b_ende_adapter,none,0,1,0.8715702825252878,0.25334733525859804,1.5295781893004095
plasma,1993,samft_b_ende_adapter,none,0,1,0.8485493410168744,0.303879107428679,-0.022890946502057696
plasma,9910,samft_b_ende_adapter,none,0,1,0.5593242645035473,0.100868003591739,5.419045781893003
plasma,9342,samft_b_ende_adapter,none,0,1,0.7082277059333184,0.19809860711916868,4.588220164609054
plasma,2318,samft_b_ende_adapter,none,0,1,0.7859123889769735,0.19804695338104475,-1.127121913580248
plasma,1742,samft_b_ende_adapter,none,0,1,0.7066754950942034,0.1864964209711743,3.0700231481481475
plasma,305,samft_b_ende_adapter,none,0,1,0.6268702915918968,0.06907717215326498,-5.472286522633745
plasma,1715,samft_b_ende_adapter,none,0,1,0.8460544347494232,0.2571136827773996,-3.07523148148148
plasma,9710,samft_b_ende_adapter,none,0,1,0.8450063223939447,0.22631525389233745,-1.1006301440329227
plasma,1738,samft_b_ende_adapter,none,0,1,0.6854817876517696,0.15516653404569739,-1.1421039094650198
plasma,2315,samft_b_ende_adapter,none,0,1,0.7108268709900001,0.1877044557247603,4.511831275720163
plasma,2439,samft_b_ende_adapter,none,0,1,0.8199067065869869,0.2540283824277718,-0.4845036008230469
plasma,9889,samft_b_ende_adapter,none,0,1,0.45181751646743107,0.09585640633950736,5.031957304526749
plasma,9706,samft_b_ende_adapter,none,0,1,0.6473599360353196,0.11674536371723808,6.803497942386833
plasma,9786,samft_b_ende_adapter,none,0,1,0.43420594197390094,0.1324007807417046,8.868569958847736
plasma,1739,samft_b_ende_adapter,none,0,1,0.7645949874918453,0.2944034201321415,2.7414480452674894
plasma,9343,samft_b_ende_adapter,none,0,1,0.4582704632523311,0.17245042492917848,6.607960390946502
plasma,2025,samft_b_ende_adapter,none,0,1,0.43896626509911657,0.09425907201438041,-9.206854423868311
plasma,2047,samft_b_ende_adapter,none,0,1,0.6918205240966699,0.15215183106121358,5.158436213991771
plasma,304,samft_b_ende_adapter,none,0,1,0.7022294991843295,0.17270253297048357,0.6102752057613168
plasma,2110,samft_b_ende_adapter,none,0,1,0.5676248521386577,0.1266138656829771,12.045010288065843
plasma,206,samft_b_ende_adapter,none,0,1,0.6781963937504514,0.1455790413813635,-2.065522119341564
plasma,1693,samft_b_ende_adapter,none,0,1,0.7117199112118018,0.26670273194482014,2.7925025720164607
plasma,2299,samft_b_ende_adapter,none,0,1,0.8917355594937164,0.2457613690381873,0.36406893004115176
plasma,1812,samft_b_ende_adapter,none,0,1,0.574823090613371,0.10386451671020629,9.50070730452675
plasma,9317,samft_b_ende_adapter,none,0,1,0.464782115722213,0.07522316568691487,5.929591049382716
plasma,2378,samft_b_ende_adapter,none,0,1,0.8371793341245374,0.24634845202320219,3.0516975308641974
plasma,2423,samft_b_ende_adapter,none,0,1,0.5990068271987189,0.1042085083074676,-5.588027263374484
plasma,9402,samft_b_ende_adapter,none,0,1,0.6680337419024095,0.15875603077324293,-0.8849665637860077
plasma,2160,samft_b_ende_adapter,none,0,1,0.7669563339849872,0.23326371968905907,-3.7642103909465012
plasma,115,samft_b_ende_adapter,none,0,1,0.6063823337218154,0.11545253863134658,-3.648083847736626
plasma,2355,samft_b_ende_adapter,none,0,1,0.7260456189234052,0.1381276847874389,-4.270190329218107
plasma,2435,samft_b_ende_adapter,none,0,1,0.8272887313646705,0.30729956122856006,1.1607510288065837
plasma,2276,samft_b_ende_adapter,none,0,1,0.6947705811888981,0.14435885817852287,-8.800475823045268
plasma,513,samft_b_ende_adapter,none,0,1,0.9578941257854942,0.2479656753957686,-0.6486625514403294
plasma,1808,samft_b_ende_adapter,none,0,1,0.7724605878757029,0.28613290481141884,2.7755272633744847
plasma,9719,samft_b_ende_adapter,none,0,1,0.3002220121776977,0.02837326607818411,4.6694315843621395
plasma,9601,samft_b_ende_adapter,none,0,1,0.3693185179189096,0.1029598065184844,-3.2864583333333335
plasma,2351,samft_b_ende_adapter,none,0,1,0.7875736513336125,0.22111532214401733,6.824395576131686
plasma,2335,samft_b_ende_adapter,none,0,1,0.8194283018827834,0.30432060112711334,2.8497299382716057
plasma,2159,samft_b_ende_adapter,none,0,1,0.8457363917442117,0.23969514131470307,1.0561342592592586
plasma,2086,samft_b_ende_adapter,none,0,1,0.765922030038497,0.2115747536171105,-4.196373456790124
plasma,9407,samft_b_ende_adapter,none,0,1,0.4593752821160964,0.10267725801706384,10.709619341563785
plasma,9727,samft_b_ende_adapter,none,0,1,0.43336166897825873,0.0972159421226019,6.861175411522634
plasma,2082,samft_b_ende_adapter,none,0,1,0.8811569487227993,0.33997853090016866,-1.9196887860082308
plasma,512,samft_b_ende_adapter,none,0,1,0.674442474041044,0.06305708325431443,-0.1293724279835387
plasma,9757,samft_b_ende_adapter,none,0,1,0.8177321773568209,0.24410858108779954,3.721579218106996
plasma,2122,samft_b_ende_adapter,none,0,1,0.7384802670870985,0.12434737208492865,3.142039609053497
plasma,9801,samft_b_ende_adapter,none,0,1,0.6642740736761045,0.07854600915099136,0.9918338477366256
plasma,9511,samft_t_ende_adapter_box,boxes,2,2,0.17793941310563835,0.013,-3.9159593621399176
plasma,2139,samft_t_ende_adapter_box,boxes,2,2,0.3424675207389919,0.06326905417814509,-18.470421810699587
plasma,2026,samft_t_ende_adapter_box,boxes,2,2,0.5887598923392118,0.06591194968553458,-3.1239711934156364
plasma,9830,samft_t_ende_adapter_box,boxes,2,2,0.8896078421875984,0.14048634320617726,0.07915380658436166
plasma,9397,samft_t_ende_adapter_box,boxes,2,2,0.6796635968081671,0.08468793899257475,0.5605066872427983
plasma,1815,samft_t_ende_adapter_box,boxes,2,2,0.7303303832011755,0.06466056812710641,-0.18595679012345656
plasma,409,samft_t_ende_adapter_box,boxes,2,2,0.24999347275528055,0.012275963663147557,1.6217849794238681
plasma,1954,samft_t_ende_adapter_box,boxes,2,2,0.6953156779207433,0.11208829108466976,-1.5823045267489713
plasma,1948,samft_t_ende_adapter_box,boxes,2,2,0.004709683023776151,0.0007545271629778672,-27.258166152263374
plasma,1716,samft_t_ende_adapter_box,boxes,2,2,0.9622664664606855,0.36953217361932106,0.16075102880658415
plasma,2384,samft_t_ende_adapter_box,boxes,2,2,0.6355852088481959,0.0815270251493678,2.6762474279835384
plasma,1967,samft_t_ende_adapter_box,boxes,2,2,0.3320698657520181,0.012276785714285714,-8.568737139917694
plasma,2258,samft_t_ende_adapter_box,boxes,2,2,0.05966333652661831,0.0001361285053090117,-18.99588477366255
plasma,2186,samft_t_ende_adapter_box,boxes,2,2,0.5408103161081519,0.07458150417289787,-8.157150205761319
plasma,2424,samft_t_ende_adapter_box,boxes,2,2,0.5053201005239171,0.0164536561598141,-14.027391975308639
plasma,9347,samft_t_ende_adapter_box,boxes,2,2,0.7856839221613452,0.05383532723434201,-0.7794495884773662
plasma,9387,samft_t_ende_adapter_box,boxes,2,2,0.8059259461451325,0.22301228183581126,1.695216049382716
plasma,9798,samft_t_ende_adapter_box,boxes,2,2,0.26365887989040315,0.049571235143673835,-9.83738425925926
plasma,9912,samft_t_ende_adapter_box,boxes,2,2,0.33885149005724735,0.07277174743922947,-9.900977366255143
plasma,516,samft_t_ende_adapter_box,boxes,2,2,0.15180787940060236,0.009062340130088432,-5.911458333333333
plasma,2339,samft_t_ende_adapter_box,boxes,2,2,0.7820492045487041,0.16293170353123787,-3.717142489711933
plasma,1776,samft_t_ende_adapter_box,boxes,2,2,0.024041942823226827,0.006352087114337568,-15.598186728395063
plasma,2046,samft_t_ende_adapter_box,boxes,2,2,0.7578184086390394,0.06381197296812392,-3.874292695473251
plasma,9398,samft_t_ende_adapter_box,boxes,2,2,0.3745575831743632,0.007462686567164179,-4.510673868312757
plasma,9871,samft_t_ende_adapter_box,boxes,2,2,0.005433948157197311,0.0009518928022259647,-3.5291280864197527
plasma,9281,samft_t_ende_adapter_box,boxes,2,2,0.015425656352066214,0.0008738967054094206,-34.89011059670782
plasma,9276,samft_t_ende_adapter_box,boxes,2,2,0.7335529894471815,0.03707641196013289,-1.7604166666666663
plasma,2394,samft_t_ende_adapter_box,boxes,2,2,0.547171265905245,0.06862460017446932,-14.662037037037035
plasma,9300,samft_t_ende_adapter_box,boxes,2,2,0.582869632124179,0.08143294758339006,4.5509259259259265
plasma,1694,samft_t_ende_adapter_box,boxes,2,2,0.614859878328513,0.012747090338075005,-8.325874485596707
plasma,1719,samft_t_ende_adapter_box,boxes,2,2,0.7313148842893885,0.17356017794877962,-1.4981352880658438
plasma,403,samft_t_ende_adapter_box,boxes,2,2,0.39853163074567033,0.040011350737797956,-0.20093878600823054
plasma,9630,samft_t_ende_adapter_box,boxes,2,2,0.21181251612647123,0.038798037612428456,-17.108024691358022
plasma,2078,samft_t_ende_adapter_box,boxes,2,2,0.3834238118348137,0.031453053405472574,-5.394933127572017
plasma,207,samft_t_ende_adapter_box,boxes,2,2,0.0623883120019319,0.014508373404078926,-4.599279835390946
plasma,1981,samft_t_ende_adapter_box,boxes,2,2,0.39404527718160365,0.029979440915646385,9.057163065843623
plasma,9396,samft_t_ende_adapter_box,boxes,2,2,0.6663710969791854,0.08469418805152652,-2.140110596707819
plasma,9353,samft_t_ende_adapter_box,boxes,2,2,0.9128327683557871,0.12808796230187064,-0.03414351851851738
plasma,1839,samft_t_ende_adapter_box,boxes,2,2,0.0001722128020347605,0.0,-8.526491769547324
plasma,203,samft_t_ende_adapter_box,boxes,2,2,0.08510390818858561,0.008669517974800601,-4.182870370370371
plasma,9367,samft_t_ende_adapter_box,boxes,2,2,0.3280310610530997,0.03583735354927636,5.899048353909465
plasma,1844,samft_t_ende_adapter_box,boxes,2,2,0.6191543892005589,0.05817208727871552,0.3935828189300411
plasma,9694,samft_t_ende_adapter_box,boxes,2,2,0.08116304903637614,0.012152949313308962,-12.7758487654321
plasma,1957,samft_t_ende_adapter_box,boxes,2,2,0.7103098097840095,0.12246547659144492,5.202417695473252
plasma,9875,samft_t_ende_adapter_box,boxes,2,2,0.5065448946668698,0.07356163525950041,-8.744727366255143
plasma,1853,samft_t_ende_adapter_box,boxes,2,2,0.2912810612194059,0.021763392857142856,-14.157150205761319
plasma,9339,samft_t_ende_adapter_box,boxes,2,2,0.0,0.0,3.274755658436214
plasma,1766,samft_t_ende_adapter_box,boxes,2,2,0.6343568619140898,0.10644687666844635,0.050347222222221766
plasma,1863,samft_t_ende_adapter_box,boxes,2,2,0.8935247609275137,0.23059026281775097,0.8838091563785997
plasma,9292,samft_t_ende_adapter_box,boxes,2,2,0.08499375318125028,0.02507180469123983,-10.15232767489712
plasma,1854,samft_t_ende_adapter_box,boxes,2,2,0.6478953552667956,0.0939661547831383,-2.7668467078189303
plasma,2063,samft_t_ende_adapter_box,boxes,2,2,0.043945877182837975,0.007420340462680052,-22.745563271604937
plasma,2184,samft_t_ende_adapter_box,boxes,2,2,0.8957737517893956,0.23593670239918327,1.070666152263375
plasma,9886,samft_t_ende_adapter_box,boxes,2,2,0.020092165898617512,0.006010171058714748,-15.1181841563786
plasma,9626,samft_t_ende_adapter_box,boxes,2,2,0.5859742754976784,0.03910614525139665,-4.977237654320987
plasma,9421,samft_t_ende_adapter_box,boxes,2,2,0.0015945398187887459,0.0,-8.552340534979423
plasma,407,samft_t_ende_adapter_box,boxes,2,2,0.14923530622042383,0.026426799007444168,-3.221900720164608
plasma,1944,samft_t_ende_adapter_box,boxes,2,2,0.10195776506819182,0.00041076196344218524,-5.693415637860082
plasma,1972,samft_t_ende_adapter_box,boxes,2,2,0.9007942003013888,0.15123251165889406,-0.13477366255144063
plasma,9357,samft_t_ende_adapter_box,boxes,2,2,0.0,0.0,-3.1131044238683128
plasma,1837,samft_t_ende_adapter_box,boxes,2,2,0.5414683951940328,0.06824547098238026,-1.7009387860082312
plasma,2174,samft_t_ende_adapter_box,boxes,2,2,0.673621186154662,0.09324324324324325,1.8938400205761319
plasma,2404,samft_t_ende_adapter_box,boxes,2,2,0.8406174486009692,0.11380724538619276,2.7113554526748977
plasma,2192,samft_t_ende_adapter_box,boxes,2,2,0.0007489171063462291,0.0,-18.91872427983539
plasma,9590,samft_t_ende_adapter_box,boxes,2,2,0.475299250023563,0.04948990666377252,-4.201903292181071
plasma,1870,samft_t_ende_adapter_box,boxes,2,2,0.6796313447333349,0.051951315836714175,-6.892875514403292
plasma,102,samft_t_ende_adapter_box,boxes,2,2,0.35930566997644137,0.06279254614501457,-11.174125514403292
plasma,1705,samft_t_ende_adapter_box,boxes,2,2,0.5882403602892362,0.024141062509459663,0.7671682098765426
plasma,9321,samft_t_ende_adapter_box,boxes,2,2,0.6321644795476198,0.038478355924792304,3.983603395061728
plasma,1704,samft_t_ende_adapter_box,boxes,2,2,0.7769872706995347,0.11460399816877766,0.9538966049382716
plasma,9838,samft_t_ende_adapter_box,boxes,2,2,0.518651976668827,0.0631314756419332,-2.9394290123456788
plasma,9775,samft_t_ende_adapter_box,boxes,2,2,0.0979939669782662,0.03213379686178709,-21.506301440329217
plasma,2221,samft_t_ende_adapter_box,boxes,2,2,0.05748093895049788,0.005656477754813445,-10.619534465020578
plasma,9714,samft_t_ende_adapter_box,boxes,2,2,0.025319147804911766,0.00200653557300923,-19.58590534979424
plasma,104,samft_t_ende_adapter_box,boxes,2,2,0.41531070819773747,0.006462489463332397,-4.90065586419753
plasma,1745,samft_t_ende_adapter_box,boxes,2,2,0.5683883851615494,0.06238392706398784,0.5758101851851855
plasma,9528,samft_t_ende_adapter_box,boxes,2,2,0.5635712059831723,0.030688777265533613,-5.432355967078189
plasma,1898,samft_t_ende_adapter_box,boxes,2,2,0.43053181472944285,0.05079735795350874,-16.379951131687243
plasma,2216,samft_t_ende_adapter_box,boxes,2,2,0.7472569833598652,0.1224896265560166,0.638181584362138
plasma,9625,samft_t_ende_adapter_box,boxes,2,2,0.21854879479573053,0.028122624778312642,-8.71437757201646
plasma,2178,samft_t_ende_adapter_box,boxes,2,2,0.009272002897500905,0.0041184545989409686,-7.287615740740741
plasma,2087,samft_t_ende_adapter_box,boxes,2,2,0.6649668599425111,0.073695336889457,-6.0981224279835375
plasma,1992,samft_t_ende_adapter_box,boxes,2,2,0.5701099061285475,0.08803677981023184,-1.4551826131687235
plasma,2189,samft_t_ende_adapter_box,boxes,2,2,0.007881735642498779,0.00510204081632653,-19.838027263374485
plasma,507,samft_t_ende_adapter_box,boxes,2,2,0.46855544686966993,0.0652203026650596,-5.120820473251028
plasma,1970,samft_t_ende_adapter_box,boxes,2,2,0.7115464125910749,0.10046882325363338,-7.7565586419753085
plasma,9692,samft_t_ende_adapter_box,boxes,2,2,0.5863800781985071,0.07529748358150724,3.1299511316872426
plasma,1984,samft_t_ende_adapter_box,boxes,2,2,0.44566198505253274,0.040454795525398865,2.7003600823045275
plasma,9726,samft_t_ende_adapter_box,boxes,2,2,0.15303747848687457,0.032597596418191814,-12.28170010288066
plasma,9782,samft_t_ende_adapter_box,boxes,2,2,0.38994783161606383,0.08250501083977584,-8.566165123456791
plasma,2301,samft_t_ende_adapter_box,boxes,2,2,0.5422843196244983,0.10273621935263667,-8.00045010288066
plasma,2033,samft_t_ende_adapter_box,boxes,2,2,0.6108583967149158,0.16595282234865436,2.1057741769547333
plasma,9373,samft_t_ende_adapter_box,boxes,2,2,0.16434174521131042,0.02401472680110451,-6.534722222222222
plasma,1762,samft_t_ende_adapter_box,boxes,2,2,0.8300317094263476,0.08243614101752164,0.09645061728394966
plasma,9600,samft_t_ende_adapter_box,boxes,2,2,0.017849852574279883,0.0,-5.568801440329219
plasma,518,samft_t_ende_adapter_box,boxes,2,2,0.3984695346891757,0.017132486388384754,-8.451453189300413
plasma,9504,samft_t_ende_adapter_box,boxes,2,2,0.018918229661743908,0.0,-10.864711934156379
plasma,2015,samft_t_ende_adapter_box,boxes,2,2,0.8422334895402847,0.17367801837896277,-3.3481224279835353
plasma,113,samft_t_ende_adapter_box,boxes,2,2,0.0018335323213371994,0.0,-6.020704732510288
plasma,9442,samft_t_ende_adapter_box,boxes,2,2,0.12174863126497833,0.017471583858639003,4.876736111111112
plasma,9773,samft_t_ende_adapter_box,boxes,2,2,0.031890891290770884,0.003310866737613811,-22.0801183127572
plasma,9629,samft_t_ende_adapter_box,boxes,2,2,0.48194748584460195,0.02818397700287464,-7.708912037037035
plasma,2227,samft_t_ende_adapter_box,boxes,2,2,0.7088071329179555,0.07913410119292472,3.0727237654320976
plasma,2142,samft_t_ende_adapter_box,boxes,2,2,0.3845793736248303,0.007194244604316547,-21.821244855967077
plasma,208,samft_t_ende_adapter_box,boxes,2,2,0.016234278617547566,0.005967408767500574,-9.154642489711934
plasma,9605,samft_t_ende_adapter_box,boxes,2,2,0.8574827625906642,0.10411792232101076,0.4328060699588479
plasma,9686,samft_t_ende_adapter_box,boxes,2,2,0.5351746931067044,0.08096176586519511,-5.1181841563786
plasma,1959,samft_t_ende_adapter_box,boxes,2,2,0.8393718609569125,0.1267728774043132,1.5796039094650203
plasma,1816,samft_t_ende_adapter_box,boxes,2,2,0.10297337975672935,0.034750830564784056,-15.299639917695472
plasma,9774,samft_t_ende_adapter_box,boxes,2,2,0.037440211839699776,0.024988100904331272,-13.827353395061728
plasma,2188,samft_t_ende_adapter_box,boxes,2,2,0.417570537763957,0.0553290623179965,3.319122942386832
plasma,110,samft_t_ende_adapter_box,boxes,2,2,0.11759429025582109,0.030336008706298462,-5.557806069958849
plasma,9845,samft_t_ende_adapter_box,boxes,2,2,0.8012276348439337,0.13720571208027788,-0.26054526748971185
plasma,9789,samft_t_ende_adapter_box,boxes,2,2,0.08164219895357928,0.01537042729787888,-3.816550925925926
plasma,2105,samft_t_ende_adapter_box,boxes,2,2,0.5565009198820535,0.09453640799923452,-21.37937242798354
plasma,9453,samft_t_ende_adapter_box,boxes,2,2,0.5264031329025007,0.0603520099979171,-0.5203189300411513
plasma,2386,samft_t_ende_adapter_box,boxes,2,2,0.257472,0.0991879946551547,-14.516203703703704
plasma,2073,samft_t_ende_adapter_box,boxes,2,2,0.0006339441894319156,0.0024330900243309003,-10.93968621399177
plasma,1847,samft_t_ende_adapter_box,boxes,2,2,0.5682120692143625,0.09860159034823142,7.320023148148147
plasma,9902,samft_t_ende_adapter_box,boxes,2,2,0.11573938839230655,0.020128964796096202,0.4838605967078191
plasma,9581,samft_t_ende_adapter_box,boxes,2,2,0.47689778332104993,0.02139324876370673,-0.08918467078189302
plasma,417,samft_t_ende_adapter_box,boxes,2,2,0.002843760455001673,0.0,-1.5331790123456792
plasma,2392,samft_t_ende_adapter_box,boxes,2,2,0.04142328874210577,0.022739153162571878,-13.577031893004115
plasma,506,samft_t_ende_adapter_box,boxes,2,2,0.04553556959974072,0.0026278906797477224,-12.875900205761317
plasma,1871,samft_t_ende_adapter_box,boxes,2,2,0.61512340826914,0.044310038787719414,0.8053626543209874
plasma,2145,samft_t_ende_adapter_box,boxes,2,2,0.49205389141732137,0.05280988850789479,-24.507908950617285
plasma,1774,samft_t_ende_adapter_box,boxes,2,2,0.5649444137378659,0.09304407713498622,-3.2395190329218115
plasma,9464,samft_t_ende_adapter_box,boxes,2,2,0.9506199590706633,0.4166666666666667,0.1866640946502053
plasma,9832,samft_t_ende_adapter_box,boxes,2,2,0.8046171958782115,0.07238914465713593,2.6437757201646095
plasma,2052,samft_t_ende_adapter_box,boxes,2,2,0.7387383778189527,0.10419790104947527,-3.400913065843621
plasma,2200,samft_t_ende_adapter_box,boxes,2,2,0.6173747459342185,0.129565782241543,-6.405156893004114
plasma,9841,samft_t_ende_adapter_box,boxes,2,2,0.45733923080717565,0.05149005208778072,3.83371913580247
plasma,9805,samft_t_ende_adapter_box,boxes,2,2,0.3167296260505432,0.03666983566481054,-4.847736625514404
plasma,1838,samft_t_ende_adapter_box,boxes,2,2,0.16559380764390505,0.011048258794414,-15.43795010288066
plasma,1888,samft_t_ende_adapter_box,boxes,2,2,0.5953687087038094,0.09290688676811969,1.1031378600823039
plasma,9286,samft_t_ende_adapter_box,boxes,2,2,0.579494930875576,0.02856576076175362,0.11072530864197488
plasma,9859,samft_t_ende_adapter_box,boxes,2,2,0.3624866210259882,0.04188212622450618,-2.1667309670781885
plasma,2060,samft_t_ende_adapter_box,boxes,2,2,0.7326818811690263,0.03776379118844872,-2.9216177983539096
plasma,2380,samft_t_ende_adapter_box,boxes,2,2,0.5823131270050254,0.082624731072636,-3.0346579218107004
plasma,1770,samft_t_ende_adapter_box,boxes,2,2,0.514009151455881,0.0337791601866252,-0.1204989711934154
plasma,1855,samft_t_ende_adapter_box,boxes,2,2,0.6724444419831983,0.10484972677595629,-2.053819444444444
plasma,2359,samft_t_ende_adapter_box,boxes,2,2,0.42684593915536456,0.04675118858954041,-16.38683127572017
plasma,1994,samft_t_ende_adapter_box,boxes,2,2,0.20448533923225143,0.007571956392829448,-23.923675411522634
plasma,1709,samft_t_ende_adapter_box,boxes,2,2,0.4700684743450009,0.09353881654854129,-6.486754115226338
plasma,2071,samft_t_ende_adapter_box,boxes,2,2,0.5273266007910511,0.060789380946787264,-5.617412551440331
plasma,9820,samft_t_ende_adapter_box,boxes,2,2,0.6985158477276538,0.09275639493186708,5.237268518518517
plasma,1747,samft_t_ende_adapter_box,boxes,2,2,0.7864333223265249,0.1279377981975614,-3.245498971193414
plasma,9512,samft_t_ende_adapter_box,boxes,2,2,0.3959937559585546,0.028382037158061806,-1.81468621399177
plasma,1963,samft_t_ende_adapter_box,boxes,2,2,0.5593981744216486,0.09866319649828463,-3.3898533950617287
plasma,2295,samft_t_ende_adapter_box,boxes,2,2,0.2584086290448648,0.026560468140442134,-25.243827160493826
plasma,2013,samft_t_ende_adapter_box,boxes,2,2,0.514474423257473,0.04868929770149127,-13.190329218106998
plasma,1993,samft_t_ende_adapter_box,boxes,2,2,0.2943932138677998,0.01737619461337967,-26.347286522633738
plasma,9910,samft_t_ende_adapter_box,boxes,2,2,0.4519557806216013,0.055717761557177614,-5.289030349794239
plasma,9342,samft_t_ende_adapter_box,boxes,2,2,0.7567496378243118,0.11173752310536045,0.2754629629629628
plasma,2318,samft_t_ende_adapter_box,boxes,2,2,0.14526259451461074,0.013813417297242395,-16.24048353909465
plasma,1742,samft_t_ende_adapter_box,boxes,2,2,0.7373478197973214,0.1334293570773864,-0.3356481481481488
plasma,305,samft_t_ende_adapter_box,boxes,2,2,0.09106842193361625,0.03248401177545427,-7.783564814814816
plasma,1715,samft_t_ende_adapter_box,boxes,2,2,0.27414505018632146,0.04516613222351095,-13.247878086419751
plasma,9710,samft_t_ende_adapter_box,boxes,2,2,0.4628343180846969,0.10961441320087557,-8.268711419753087
plasma,1738,samft_t_ende_adapter_box,boxes,2,2,0.618260183746627,0.11052631578947368,4.31783693415638
plasma,2315,samft_t_ende_adapter_box,boxes,2,2,0.3194732141160373,0.04117983071091032,-12.64866255144033
plasma,2439,samft_t_ende_adapter_box,boxes,2,2,0.6159452232981645,0.10148702007897169,-12.849408436213993
plasma,9889,samft_t_ende_adapter_box,boxes,2,2,0.45908867872530634,0.060390595373530524,4.846129115226337
plasma,9706,samft_t_ende_adapter_box,boxes,2,2,0.24046350441266845,0.033392402259386424,-2.492541152263375
plasma,9786,samft_t_ende_adapter_box,boxes,2,2,0.11400995653547424,0.009540599398527428,-1.4694573045267494
plasma,1739,samft_t_ende_adapter_box,boxes,2,2,0.5753502109076842,0.10543916592898593,-1.132908950617284
plasma,9343,samft_t_ende_adapter_box,boxes,2,2,0.5943410776629604,0.04558944765045342,3.208590534979424
plasma,2025,samft_t_ende_adapter_box,boxes,2,2,0.18003768025777522,0.029164775306400364,-15.19457304526749
plasma,2047,samft_t_ende_adapter_box,boxes,2,2,0.18558826685077462,0.013382574855055198,-19.03343621399177
plasma,304,samft_t_ende_adapter_box,boxes,2,2,2.5258265767472406e-05,0.0,-5.058770576131687
plasma,2110,samft_t_ende_adapter_box,boxes,2,2,0.5290067470412565,0.04103403790810757,-3.247813786008231
plasma,206,samft_t_ende_adapter_box,boxes,2,2,0.28086846266721754,0.05484979823643701,-6.393518518518519
plasma,1693,samft_t_ende_adapter_box,boxes,2,2,0.6932857227250947,0.17705242334322452,2.76832561728395
plasma,2299,samft_t_ende_adapter_box,boxes,2,2,0.4197694085137807,0.03736713000817662,-3.1345164609053495
plasma,1812,samft_t_ende_adapter_box,boxes,2,2,0.21424345800116232,0.022337237809861073,-3.5813400205761305
plasma,9317,samft_t_ende_adapter_box,boxes,2,2,0.6644164009874889,0.07279309813588045,0.7746270576131691
plasma,2378,samft_t_ende_adapter_box,boxes,2,2,0.6335605889479845,0.06109294279349732,-8.52366255144033
plasma,2423,samft_t_ende_adapter_box,boxes,2,2,0.0715069521307675,0.021368166717003926,-25.01414609053498
plasma,9402,samft_t_ende_adapter_box,boxes,2,2,0.1895281578689374,0.02344007923407065,-11.494084362139917
plasma,2160,samft_t_ende_adapter_box,boxes,2,2,0.4825695545310432,0.10868315123634273,-17.829346707818928
plasma,115,samft_t_ende_adapter_box,boxes,2,2,0.32706750144996505,0.023781630740393626,-4.54539609053498
plasma,2355,samft_t_ende_adapter_box,boxes,2,2,0.3135459399399564,0.02427685950413223,-15.482574588477366
plasma,2435,samft_t_ende_adapter_box,boxes,2,2,0.6586573704822246,0.08507834757834758,-6.939879115226338
plasma,2276,samft_t_ende_adapter_box,boxes,2,2,0.000504110072434316,0.0,-20.00855195473251
plasma,513,samft_t_ende_adapter_box,boxes,2,2,0.4141195895917859,0.020478575403450196,-9.942065329218106
plasma,1808,samft_t_ende_adapter_box,boxes,2,2,0.6676606143091343,0.055362882760954156,-2.8383487654320985
plasma,9719,samft_t_ende_adapter_box,boxes,2,2,0.40828954613754936,0.023588245707204816,3.8225308641975304
plasma,9601,samft_t_ende_adapter_box,boxes,2,2,0.45311294415234216,0.032111136415395126,-7.772247942386831
plasma,2351,samft_t_ende_adapter_box,boxes,2,2,0.3909856528850656,0.038344887348353555,-13.700810185185187
plasma,2335,samft_t_ende_adapter_box,boxes,2,2,0.8376498341616848,0.13994062809228686,-1.899562757201645
plasma,2159,samft_t_ende_adapter_box,boxes,2,2,0.6040280857354028,0.1409173393404668,-8.539737654320987
plasma,2086,samft_t_ende_adapter_box,boxes,2,2,0.3818938982437081,0.03807531380753138,-10.1576646090535
plasma,9407,samft_t_ende_adapter_box,boxes,2,2,0.8230499645709252,0.107229376514089,1.8562885802469133
plasma,9727,samft_t_ende_adapter_box,boxes,2,2,0.10299749817225722,0.015155652648825778,-7.984375000000001
plasma,2082,samft_t_ende_adapter_box,boxes,2,2,0.3752197133585722,0.04580402421069851,-9.475051440329219
plasma,512,samft_t_ende_adapter_box,boxes,2,2,0.3721528224195146,0.015510681884694176,-7.878729423868314
plasma,9757,samft_t_ende_adapter_box,boxes,2,2,0.5098652787254637,0.04311565696302124,-5.372492283950618
plasma,2122,samft_t_ende_adapter_box,boxes,2,2,0.43071012188659247,0.043026277793820386,-7.485725308641975
plasma,9801,samft_t_ende_adapter_box,boxes,2,2,0.12931792488380855,0.008878202164061778,-6.722608024691358
plasma,9511,samft_b_dec_adapter,none,0,1,0.400522661091615,0.08329976637396277,8.427726337448558
plasma,2139,samft_b_dec_adapter,none,0,1,0.7325093472983826,0.08962161692514879,-5.621141975308644
plasma,2026,samft_b_dec_adapter,none,0,1,0.5812899287894201,0.13788371253159987,12.47337962962963
plasma,9830,samft_b_dec_adapter,none,0,1,0.7780219150338661,0.06581371545547594,0.2644032921810688
plasma,9397,samft_b_dec_adapter,none,0,1,0.6823481386756418,0.12846685225280957,3.4506815843621403
plasma,1815,samft_b_dec_adapter,none,0,1,0.5299419231130538,0.1054739652870494,15.731417181069956
plasma,409,samft_b_dec_adapter,none,0,1,0.21091085092652345,0.035278745644599305,7.85570987654321
plasma,1954,samft_b_dec_adapter,none,0,1,0.628819267020864,0.22355259169445285,7.293081275720166
plasma,1948,samft_b_dec_adapter,none,0,1,0.6465228194356417,0.08263891176179967,2.675218621399172
plasma,1716,samft_b_dec_adapter,none,0,1,0.9038731576410871,0.2586903799514956,0.8920396090534979
plasma,2384,samft_b_dec_adapter,none,0,1,0.6480346235578154,0.12915292924169414,12.456211419753089
plasma,1967,samft_b_dec_adapter,none,0,1,0.5753307461814832,0.08683545609240448,5.037744341563788
plasma,2258,samft_b_dec_adapter,none,0,1,0.5750166447534059,0.11884533998673531,14.975630144032923
plasma,2186,samft_b_dec_adapter,none,0,1,0.7342523742913937,0.1704361873990307,6.473894032921809
plasma,2424,samft_b_dec_adapter,none,0,1,0.6751412324227207,0.05380077658303465,7.603330761316873
plasma,9347,samft_b_dec_adapter,none,0,1,0.45812081184013886,0.09556602633804519,7.112911522633746
plasma,9387,samft_b_dec_adapter,none,0,1,0.8518134100412206,0.25007874015748033,0.9456018518518523
plasma,9798,samft_b_dec_adapter,none,0,1,0.3246055723397113,0.037202861758596814,-0.33076131687242855
plasma,9912,samft_b_dec_adapter,none,0,1,0.5663898586957719,0.03122350241907327,-3.1487911522633736
plasma,516,samft_b_dec_adapter,none,0,1,0.5589780612040268,0.10764587525150905,10.798353909465023
plasma,2339,samft_b_dec_adapter,none,0,1,0.7853657055820523,0.13423528168269738,-1.4356352880658423
plasma,1776,samft_b_dec_adapter,none,0,1,0.4086898615457868,0.08120221460585289,6.098958333333332
plasma,2046,samft_b_dec_adapter,none,0,1,0.6270806143638736,0.11617088994981026,11.39107510288066
plasma,9398,samft_b_dec_adapter,none,0,1,0.5630676154612914,0.027008564972938888,3.3487654320987645
plasma,9871,samft_b_dec_adapter,none,0,1,0.425793440909105,0.047289799402475456,7.627507716049382
plasma,9281,samft_b_dec_adapter,none,0,1,0.7076204873435845,0.04452344675808363,-12.414094650205762
plasma,9276,samft_b_dec_adapter,none,0,1,0.6099584697918221,0.10198061525495154,4.611754115226338
plasma,2394,samft_b_dec_adapter,none,0,1,0.8301509634249712,0.1755070489932639,0.6766975308641981
plasma,9300,samft_b_dec_adapter,none,0,1,0.3729108660148353,0.0749007257291524,10.893004115226338
plasma,1694,samft_b_dec_adapter,none,0,1,0.820524555425641,0.07485398094067015,0.46244855967078335
plasma,1719,samft_b_dec_adapter,none,0,1,0.6589236203703366,0.14441063781834573,11.031121399176953
plasma,403,samft_b_dec_adapter,none,0,1,0.19756376351867758,0.027695780517450946,6.450810185185185
plasma,9630,samft_b_dec_adapter,none,0,1,0.4391342714397329,0.031852769421341354,-3.6039737654320976
plasma,2078,samft_b_dec_adapter,none,0,1,0.5953330319249784,0.16865033510515368,15.905092592592593
plasma,207,samft_b_dec_adapter,none,0,1,0.37557405471221167,0.03855287051264143,-5.533050411522633
plasma,1981,samft_b_dec_adapter,none,0,1,0.30124385154701144,0.05894671181607557,27.700617283950617
plasma,9396,samft_b_dec_adapter,none,0,1,0.6574857060143302,0.11851683348498634,6.147826646090534
plasma,9353,samft_b_dec_adapter,none,0,1,0.7958757101774567,0.06968503937007874,1.1786908436213994
plasma,1839,samft_b_dec_adapter,none,0,1,0.42582002393877477,0.0718954248366013,24.312500000000004
plasma,203,samft_b_dec_adapter,none,0,1,0.46129135514552894,0.08764323319913286,0.43261316872427946
plasma,9367,samft_b_dec_adapter,none,0,1,0.2860981865226174,0.0,5.026684670781893
plasma,1844,samft_b_dec_adapter,none,0,1,0.4983589759459743,0.1294510792155144,16.945151748971192
plasma,9694,samft_b_dec_adapter,none,0,1,0.41955933053830574,0.028737043768728203,-2.501478909465021
plasma,1957,samft_b_dec_adapter,none,0,1,0.5504422449001978,0.1549860405182905,15.42631172839506
plasma,9875,samft_b_dec_adapter,none,0,1,0.7508577801430936,0.06644560642775156,2.1829346707818944
plasma,1853,samft_b_dec_adapter,none,0,1,0.6382266608911358,0.14314426980745268,12.99215534979424
plasma,9339,samft_b_dec_adapter,none,0,1,0.026022395129099905,0.0,5.635223765432099
plasma,1766,samft_b_dec_adapter,none,0,1,0.46577299115863446,0.08681672025723473,13.449266975308644
plasma,1863,samft_b_dec_adapter,none,0,1,0.7909305340768858,0.13208581808211667,2.834619341563785
plasma,9292,samft_b_dec_adapter,none,0,1,0.5262455893586837,0.05793268205281345,-4.481674382716048
plasma,1854,samft_b_dec_adapter,none,0,1,0.6844975952672319,0.1262650836901518,1.2306455761316863
plasma,2063,samft_b_dec_adapter,none,0,1,0.4104884716866532,0.047289712858022234,-0.8142361111111107
plasma,2184,samft_b_dec_adapter,none,0,1,0.8765676059217212,0.4038965291421087,2.1572145061728385
plasma,9886,samft_b_dec_adapter,none,0,1,0.42465443788726787,0.011483422648842825,-4.99292695473251
plasma,9626,samft_b_dec_adapter,none,0,1,0.7804154398366878,0.2475434618291761,2.9131301440329214
plasma,9421,samft_b_dec_adapter,none,0,1,0.545140410092496,0.035614133482894,3.659207818930041
plasma,407,samft_b_dec_adapter,none,0,1,0.3671654089534159,0.055034550839091805,6.600115740740742
plasma,1944,samft_b_dec_adapter,none,0,1,0.2776962378077102,0.022615009224543237,14.978909465020578
plasma,1972,samft_b_dec_adapter,none,0,1,0.680099382958401,0.09473536036036036,6.023662551440329
plasma,9357,samft_b_dec_adapter,none,0,1,0.0023324831463870216,0.0,0.057548868312757434
plasma,1837,samft_b_dec_adapter,none,0,1,0.613871990027477,0.1763136671009368,10.802147633744855
plasma,2174,samft_b_dec_adapter,none,0,1,0.5063167742391962,0.108207343412527,11.76099537037037
plasma,2404,samft_b_dec_adapter,none,0,1,0.5377596043508477,0.0761669523137413,18.148276748971192
plasma,2192,samft_b_dec_adapter,none,0,1,0.5400460374098336,0.08196958725561188,5.486111111111111
plasma,9590,samft_b_dec_adapter,none,0,1,0.5585317671049557,0.07255111382361916,4.409465020576131
plasma,1870,samft_b_dec_adapter,none,0,1,0.8615251649979796,0.2166979865771812,-0.9861111111111126
plasma,102,samft_b_dec_adapter,none,0,1,0.7641620794594478,0.2045581265681628,-2.1147762345679015
plasma,1705,samft_b_dec_adapter,none,0,1,0.7790962987006788,0.17707654192202374,3.0547196502057616
plasma,9321,samft_b_dec_adapter,none,0,1,0.13382455441601115,0.0015980823012385138,9.356545781893002
plasma,1704,samft_b_dec_adapter,none,0,1,0.7938155277260596,0.18502564102564104,1.6767618312757206
plasma,9838,samft_b_dec_adapter,none,0,1,0.6124241001039954,0.04970932681776055,2.472865226337448
plasma,9775,samft_b_dec_adapter,none,0,1,0.48753279655848164,0.04230905025303048,-10.002572016460906
plasma,2221,samft_b_dec_adapter,none,0,1,0.636742980852281,0.15220265850093953,10.710905349794238
plasma,9714,samft_b_dec_adapter,none,0,1,0.27614666538350496,0.007003610108303249,-10.36574074074074
plasma,104,samft_b_dec_adapter,none,0,1,0.743241796796023,0.14459986987638257,1.7756558641975313
plasma,1745,samft_b_dec_adapter,none,0,1,0.7465196615351284,0.15128368342881393,3.749421296296296
plasma,9528,samft_b_dec_adapter,none,0,1,0.8688931770473421,0.11854291006379913,0.2631172839506174
plasma,1898,samft_b_dec_adapter,none,0,1,0.7004342994158398,0.051059295988198174,-11.902584876543209
plasma,2216,samft_b_dec_adapter,none,0,1,0.6021911318380339,0.1483341585909316,17.047710905349792
plasma,9625,samft_b_dec_adapter,none,0,1,0.21337224054808424,0.004649335341496955,-6.992026748971194
plasma,2178,samft_b_dec_adapter,none,0,1,0.3452213353665309,0.05634769348074724,6.144225823045268
plasma,2087,samft_b_dec_adapter,none,0,1,0.7062481477159724,0.1466841214598167,4.0936856995884785
plasma,1992,samft_b_dec_adapter,none,0,1,0.6650342880193626,0.11699593666806782,0.4295267489711929
plasma,2189,samft_b_dec_adapter,none,0,1,0.7238907726279971,0.11402439024390244,-7.99974279835391
plasma,507,samft_b_dec_adapter,none,0,1,0.6988679052413688,0.10298864938040196,1.8319187242798365
plasma,1970,samft_b_dec_adapter,none,0,1,0.8723032701287724,0.2672631199711781,1.0707304526748977
plasma,9692,samft_b_dec_adapter,none,0,1,0.4918063341409913,0.0541187490243014,5.693029835390947
plasma,1984,samft_b_dec_adapter,none,0,1,0.29547647205278227,0.07325334404960102,21.51054526748971
plasma,9726,samft_b_dec_adapter,none,0,1,0.6843952916595369,0.10041912097870412,6.8659336419753085
plasma,9782,samft_b_dec_adapter,none,0,1,0.27872062348385107,0.016614834064670046,-13.047325102880658
plasma,2301,samft_b_dec_adapter,none,0,1,0.7331977455661076,0.1378561736770692,4.6202417695473255
plasma,2033,samft_b_dec_adapter,none,0,1,0.7342018533073812,0.21172871648008332,8.55092592592593
plasma,9373,samft_b_dec_adapter,none,0,1,0.29082108553709635,0.04094661529994496,5.846514917695473
plasma,1762,samft_b_dec_adapter,none,0,1,0.6906014503057017,0.13864448721473743,5.828575102880658
plasma,9600,samft_b_dec_adapter,none,0,1,0.5735120404712066,0.12661195779601406,6.670074588477366
plasma,518,samft_b_dec_adapter,none,0,1,0.6704945134919652,0.10927784276303638,7.08056841563786
plasma,9504,samft_b_dec_adapter,none,0,1,0.5751175455011686,0.06758998175485155,-5.534143518518519
plasma,2015,samft_b_dec_adapter,none,0,1,0.8396201061418902,0.17005855356860264,-2.506622942386827
plasma,113,samft_b_dec_adapter,none,0,1,0.6705163009514096,0.1508137432188065,0.8087062757201641
plasma,9442,samft_b_dec_adapter,none,0,1,0.31003458590390726,0.014243453489646105,10.76388888888889
plasma,9773,samft_b_dec_adapter,none,0,1,0.558131468912904,0.04382150546713387,-1.5549768518518525
plasma,9629,samft_b_dec_adapter,none,0,1,0.8878533379453476,0.17173855517332628,-0.06436471193415616
plasma,2227,samft_b_dec_adapter,none,0,1,0.645314783280799,0.10121928803382145,7.92920524691358
plasma,2142,samft_b_dec_adapter,none,0,1,0.6623619801899097,0.03087665482725218,-10.040702160493828
plasma,208,samft_b_dec_adapter,none,0,1,0.5927855211150406,0.14389148565667675,-3.0712448559670777
plasma,9605,samft_b_dec_adapter,none,0,1,0.13301964101615163,0.026494565217391304,19.730452674897116
plasma,9686,samft_b_dec_adapter,none,0,1,0.5336381770151785,0.05910597919286613,8.592078189300413
plasma,1959,samft_b_dec_adapter,none,0,1,0.619158050310309,0.09409437694263917,7.4169238683127565
plasma,1816,samft_b_dec_adapter,none,0,1,0.6510684321135171,0.11897971480216911,4.506172839506172
plasma,9774,samft_b_dec_adapter,none,0,1,0.512182073718094,0.08282945415389713,14.05414094650206
plasma,2188,samft_b_dec_adapter,none,0,1,0.5572381836719831,0.12094247399423487,11.825231481481481
plasma,110,samft_b_dec_adapter,none,0,1,0.7898664530477586,0.12440005188740433,-1.5284207818930042
plasma,9845,samft_b_dec_adapter,none,0,1,0.5188883365983451,0.025399426464563703,3.612525720164609
plasma,9789,samft_b_dec_adapter,none,0,1,0.14059109650663215,0.015074083606014928,13.29050925925926
plasma,2105,samft_b_dec_adapter,none,0,1,0.7491370625220414,0.15718442394601623,-1.1161908436214008
plasma,9453,samft_b_dec_adapter,none,0,1,0.1824050583937168,0.03308957952468007,-3.5327289094650203
plasma,2386,samft_b_dec_adapter,none,0,1,0.7156109855032079,0.20912434741338395,7.983731995884774
plasma,2073,samft_b_dec_adapter,none,0,1,0.7107180261658016,0.08743077697600268,0.33088991769547327
plasma,1847,samft_b_dec_adapter,none,0,1,0.4842358219940322,0.040992448759439054,1.7746270576131693
plasma,9902,samft_b_dec_adapter,none,0,1,0.5315870220757726,0.16824171436177293,7.594264403292181
plasma,9581,samft_b_dec_adapter,none,0,1,0.4079759943583316,0.08010448410970832,12.22434413580247
plasma,417,samft_b_dec_adapter,none,0,1,0.5957567096439845,0.11338332197227903,1.0237268518518519
plasma,2392,samft_b_dec_adapter,none,0,1,0.5832207383254796,0.1270523371305793,17.848765432098766
plasma,506,samft_b_dec_adapter,none,0,1,0.5273457142253491,0.047770044887369766,4.067001028806583
plasma,1871,samft_b_dec_adapter,none,0,1,0.45933164624239753,0.09771050866941278,7.782407407407407
plasma,2145,samft_b_dec_adapter,none,0,1,0.8063939088902946,0.13001074235314072,-3.7915380658436195
plasma,1774,samft_b_dec_adapter,none,0,1,0.6383516562134834,0.1035038063634589,6.991962448559671
plasma,9464,samft_b_dec_adapter,none,0,1,0.9138529314142603,0.2326406487582362,0.6984310699588478
plasma,9832,samft_b_dec_adapter,none,0,1,0.6585688947763815,0.10849789216773907,9.508873456790123
plasma,2052,samft_b_dec_adapter,none,0,1,0.7267521361745074,0.19455653816433416,5.881880144032922
plasma,2200,samft_b_dec_adapter,none,0,1,0.7784868417022163,0.13861908319782007,3.0320859053497964
plasma,9841,samft_b_dec_adapter,none,0,1,0.36943379182458574,0.033710734655656764,11.111947016460904
plasma,9805,samft_b_dec_adapter,none,0,1,0.42352642700485044,0.05543768393675998,5.630979938271604
plasma,1838,samft_b_dec_adapter,none,0,1,0.580950578644734,0.0768837803320562,10.083847736625511
plasma,1888,samft_b_dec_adapter,none,0,1,0.6725434222815616,0.09472158586189162,7.61644804526749
plasma,9286,samft_b_dec_adapter,none,0,1,0.32079704251967267,0.003305582761998041,-0.9636702674897122
plasma,9859,samft_b_dec_adapter,none,0,1,0.3154115440218885,0.018190456797665105,-3.5286779835390942
plasma,2060,samft_b_dec_adapter,none,0,1,0.5264330126519627,0.1343886830582688,13.919688786008233
plasma,2380,samft_b_dec_adapter,none,0,1,0.5888023954359686,0.1706878220332052,13.643004115226336
plasma,1770,samft_b_dec_adapter,none,0,1,0.5433679632761537,0.029595304294099473,4.219907407407408
plasma,1855,samft_b_dec_adapter,none,0,1,0.6245501403491406,0.10117996841029453,4.523405349794239
plasma,2359,samft_b_dec_adapter,none,0,1,0.5910640396474143,0.06271289537712896,-6.569380144032924
plasma,1994,samft_b_dec_adapter,none,0,1,0.6832745499297428,0.04740193949920394,-0.7118055555555558
plasma,1709,samft_b_dec_adapter,none,0,1,0.6979539025913539,0.20630574935971033,8.222286522633745
plasma,2071,samft_b_dec_adapter,none,0,1,0.5495944418504372,0.05103886848308755,0.6606867283950615
plasma,9820,samft_b_dec_adapter,none,0,1,0.5722149433272073,0.06958250497017893,8.770254629629628
plasma,1747,samft_b_dec_adapter,none,0,1,0.8382347593298665,0.19171705537959496,1.8337191358024696
plasma,9512,samft_b_dec_adapter,none,0,1,0.5810735751809823,0.13505428761356084,6.632265946502058
plasma,1963,samft_b_dec_adapter,none,0,1,0.8283326353594131,0.1688516236623894,2.4190457818930033
plasma,2295,samft_b_dec_adapter,none,0,1,0.5911545469604108,0.08156039009752439,1.5549768518518525
plasma,2013,samft_b_dec_adapter,none,0,1,0.8145816594672202,0.21209982145081593,6.901427469135804
plasma,1993,samft_b_dec_adapter,none,0,1,0.693219862974698,0.06635452701896696,-8.022955246913577
plasma,9910,samft_b_dec_adapter,none,0,1,0.46522371420018904,0.043584305408271476,5.827610596707819
plasma,9342,samft_b_dec_adapter,none,0,1,0.4786936435133611,0.1063504208110176,11.70363940329218
plasma,2318,samft_b_dec_adapter,none,0,1,0.4535991260314635,0.029002514668901927,-2.667759773662554
plasma,1742,samft_b_dec_adapter,none,0,1,0.584129336356657,0.10161834789515488,11.585005144032921
plasma,305,samft_b_dec_adapter,none,0,1,0.5246293566349173,0.06908570361610755,-4.0078446502057625
plasma,1715,samft_b_dec_adapter,none,0,1,0.5655401714474969,0.12257057155771048,-2.8305041152263373
plasma,9710,samft_b_dec_adapter,none,0,1,0.7332058073141052,0.09618191595605746,0.3151363168724275
plasma,1738,samft_b_dec_adapter,none,0,1,0.6299072224221441,0.12683121472952175,11.031635802469136
plasma,2315,samft_b_dec_adapter,none,0,1,0.7260492798520747,0.1083963544696529,1.5463605967078187
plasma,2439,samft_b_dec_adapter,none,0,1,0.766525122688382,0.2045444982116558,6.405606995884772
plasma,9889,samft_b_dec_adapter,none,0,1,0.2604457216916012,0.019363514119229045,6.691036522633745
plasma,9706,samft_b_dec_adapter,none,0,1,0.5566849576238982,0.04557340306313037,6.820537551440328
plasma,9786,samft_b_dec_adapter,none,0,1,0.28501810301540736,0.011846001974333662,4.793145576131687
plasma,1739,samft_b_dec_adapter,none,0,1,0.6861461143684836,0.3155744983129107,4.1186342592592595
plasma,9343,samft_b_dec_adapter,none,0,1,0.5118126463700234,0.05421994884910486,4.33275462962963
plasma,2025,samft_b_dec_adapter,none,0,1,0.5063980516113854,0.06944444444444445,7.169560185185183
plasma,2047,samft_b_dec_adapter,none,0,1,0.6422082614169551,0.13713349116736478,14.532857510288064
plasma,304,samft_b_dec_adapter,none,0,1,0.44303006823267105,0.05371702637889688,-2.017554012345679
plasma,2110,samft_b_dec_adapter,none,0,1,0.5035112539180635,0.10965323336457357,15.478973765432096
plasma,206,samft_b_dec_adapter,none,0,1,0.6291786881099969,0.14461784004256073,-2.962127057613169
plasma,1693,samft_b_dec_adapter,none,0,1,0.6917901804885032,0.28620689655172415,2.854938271604938
plasma,2299,samft_b_dec_adapter,none,0,1,0.665360504329012,0.08753455311307094,4.315779320987654
plasma,1812,samft_b_dec_adapter,none,0,1,0.48434889454283303,0.10897280233122875,20.622942386831276
plasma,9317,samft_b_dec_adapter,none,0,1,0.4697736017702009,0.06801077124905061,11.32150205761317
plasma,2378,samft_b_dec_adapter,none,0,1,0.704017964643507,0.19170124481327802,11.553948045267488
plasma,2423,samft_b_dec_adapter,none,0,1,0.5606208329405195,0.08410215677888434,1.79584619341564
plasma,9402,samft_b_dec_adapter,none,0,1,0.3702680822407367,0.036347392674096014,-3.40991512345679
plasma,2160,samft_b_dec_adapter,none,0,1,0.7506958509581186,0.19608215329714135,6.009580761316874
plasma,115,samft_b_dec_adapter,none,0,1,0.6261383607605049,0.11746280344557557,2.1004372427983533
plasma,2355,samft_b_dec_adapter,none,0,1,0.6631765952893989,0.09110647181628392,-0.21431327160493785
plasma,2435,samft_b_dec_adapter,none,0,1,0.8036367905986614,0.23601398601398602,7.567129629629629
plasma,2276,samft_b_dec_adapter,none,0,1,0.5470950459955676,0.0801998966052042,11.720357510288066
plasma,513,samft_b_dec_adapter,none,0,1,0.8272844632078434,0.16910296349548687,0.41107253086419826
plasma,1808,samft_b_dec_adapter,none,0,1,0.6333696760806106,0.13721565059144678,12.939043209876544
plasma,9719,samft_b_dec_adapter,none,0,1,0.30017802472634086,0.02452431289640592,10.920010288065845
plasma,9601,samft_b_dec_adapter,none,0,1,0.47542996521474007,0.023312493377132565,-0.7409336419753082
plasma,2351,samft_b_dec_adapter,none,0,1,0.7472033865727609,0.19652104634178727,10.873906893004115
plasma,2335,samft_b_dec_adapter,none,0,1,0.7814653157610378,0.20030737704918034,4.36426183127572
plasma,2159,samft_b_dec_adapter,none,0,1,0.7549179335512548,0.09451998351874742,-0.5933641975308657
plasma,2086,samft_b_dec_adapter,none,0,1,0.7299843715114981,0.1932619305856833,9.525977366255143
plasma,9407,samft_b_dec_adapter,none,0,1,0.605136687597516,0.04646808510638298,3.572337962962963
plasma,9727,samft_b_dec_adapter,none,0,1,0.2702679759613104,0.04231044715031208,8.182677469135804
plasma,2082,samft_b_dec_adapter,none,0,1,0.49112586683457,0.10225062517365935,19.83243312757202
plasma,512,samft_b_dec_adapter,none,0,1,0.7307961657502259,0.11118236472945892,6.423546810699587
plasma,9757,samft_b_dec_adapter,none,0,1,0.7279616923557058,0.07390102658594366,1.9751800411522635
plasma,2122,samft_b_dec_adapter,none,0,1,0.7695057265286493,0.04204993429697766,1.917502572016462
plasma,9801,samft_b_dec_adapter,none,0,1,0.2242747026220593,0.009016530305560193,-0.9274691358024695
plasma,9511,samft_b_ende_lora,none,0,1,0.6064166433337383,0.2053475935828877,3.3755787037037037
plasma,2139,samft_b_ende_lora,none,0,1,0.7734843437708194,0.25502232142857145,3.164609053497944
plasma,2026,samft_b_ende_lora,none,0,1,0.7646034799155206,0.2289805570152391,2.6991383744855977
plasma,9830,samft_b_ende_lora,none,0,1,0.562607183510183,0.10127438818089546,8.212127057613168
plasma,9397,samft_b_ende_lora,none,0,1,0.7179576407949855,0.2284857571214393,2.796103395061729
plasma,1815,samft_b_ende_lora,none,0,1,0.7430254967799068,0.20225694444444445,3.476916152263375
plasma,409,samft_b_ende_lora,none,0,1,0.29593237482840834,0.07030789194290434,7.376028806584363
plasma,1954,samft_b_ende_lora,none,0,1,0.7233915917429908,0.3742766473772634,4.769804526748972
plasma,1948,samft_b_ende_lora,none,0,1,0.7504020062720255,0.24156236030397854,-1.6226851851851853
plasma,1716,samft_b_ende_lora,none,0,1,0.9085532731447985,0.32852126414358174,-1.301183127572017
plasma,2384,samft_b_ende_lora,none,0,1,0.6403497537116332,0.16372376814273829,9.151877572016462
plasma,1967,samft_b_ende_lora,none,0,1,0.824714130172384,0.1676253081347576,-0.12525720164608956
plasma,2258,samft_b_ende_lora,none,0,1,0.7783927697896534,0.23886053248723962,-2.397055041152263
plasma,2186,samft_b_ende_lora,none,0,1,0.8368017437828198,0.28668778193684613,3.9873971193415625
plasma,2424,samft_b_ende_lora,none,0,1,0.841015390097775,0.10826276035706112,1.973379629629632
plasma,9347,samft_b_ende_lora,none,0,1,0.75902811439651,0.09966434288665117,0.14236111111111083
plasma,9387,samft_b_ende_lora,none,0,1,0.7881952476949007,0.2231966053748232,2.0008359053497946
plasma,9798,samft_b_ende_lora,none,0,1,0.3769878301637402,0.11940617323507423,-5.043788580246915
plasma,9912,samft_b_ende_lora,none,0,1,0.5913191431439606,0.10780141843971631,-7.606288580246911
plasma,516,samft_b_ende_lora,none,0,1,0.5792018742455519,0.13060722100656455,8.947466563786008
plasma,2339,samft_b_ende_lora,none,0,1,0.8875395060283273,0.339575181665735,2.105324074074075
plasma,1776,samft_b_ende_lora,none,0,1,0.40200963193473593,0.13176320814767664,-5.586098251028808
plasma,2046,samft_b_ende_lora,none,0,1,0.7158849895713401,0.2033330140791112,4.279385288065843
plasma,9398,samft_b_ende_lora,none,0,1,0.7110320925417473,0.1327939076630176,-0.9438014403292185
plasma,9871,samft_b_ende_lora,none,0,1,0.3723776620274122,0.06696248487293263,3.849665637860082
plasma,9281,samft_b_ende_lora,none,0,1,0.5108158288859742,0.0270923209663503,-21.273341049382715
plasma,9276,samft_b_ende_lora,none,0,1,0.8907858398192318,0.12004981320049814,-0.8150720164609049
plasma,2394,samft_b_ende_lora,none,0,1,0.7217407598257366,0.20561420345489442,-9.591177983539092
plasma,9300,samft_b_ende_lora,none,0,1,0.5045908068792582,0.1173921607248375,6.429462448559671
plasma,1694,samft_b_ende_lora,none,0,1,0.8582145384400546,0.2304817613128605,3.871077674897119
plasma,1719,samft_b_ende_lora,none,0,1,0.837003695941509,0.35244535012967765,1.3835519547325106
plasma,403,samft_b_ende_lora,none,0,1,0.27429301805400225,0.07533975458503761,7.005336934156378
plasma,9630,samft_b_ende_lora,none,0,1,0.49690811649732036,0.07094317516110135,-11.206532921810698
plasma,2078,samft_b_ende_lora,none,0,1,0.5807210689973947,0.07850597918931511,3.1857638888888875
plasma,207,samft_b_ende_lora,none,0,1,0.821976491535807,0.3127739984882842,-0.6604295267489707
plasma,1981,samft_b_ende_lora,none,0,1,0.336700378176622,0.10309993067247697,14.520961934156379
plasma,9396,samft_b_ende_lora,none,0,1,0.7329099361752422,0.2814428747771225,4.337770061728395
plasma,9353,samft_b_ende_lora,none,0,1,0.8185445440594459,0.18363939899833054,-0.6307227366255136
plasma,1839,samft_b_ende_lora,none,0,1,0.7276167415145074,0.13482472785379007,4.602944958847736
plasma,203,samft_b_ende_lora,none,0,1,0.5941312347945229,0.2648305084745763,3.8254886831275723
plasma,9367,samft_b_ende_lora,none,0,1,0.1544563718491592,0.0009609840476648087,4.0575488683127565
plasma,1844,samft_b_ende_lora,none,0,1,0.5798069260907098,0.17112208411374086,10.530478395061728
plasma,9694,samft_b_ende_lora,none,0,1,0.3773456420945422,0.05289792800534708,-5.644804526748971
plasma,1957,samft_b_ende_lora,none,0,1,0.749256603113521,0.2813871196036801,5.252314814814815
plasma,9875,samft_b_ende_lora,none,0,1,0.9074485143717831,0.23835023356499943,-1.4986496913580254
plasma,1853,samft_b_ende_lora,none,0,1,0.7699913067171829,0.2694158584437699,-0.11670524691358153
plasma,9339,samft_b_ende_lora,none,0,1,0.0,0.0,3.6724537037037033
plasma,1766,samft_b_ende_lora,none,0,1,0.6351301501706943,0.2143010521795147,6.78343621399177
plasma,1863,samft_b_ende_lora,none,0,1,0.939404230824579,0.3412294724603982,0.47788065843621386
plasma,9292,samft_b_ende_lora,none,0,1,0.20385096338709,0.018156028368794326,-11.09651491769547
plasma,1854,samft_b_ende_lora,none,0,1,0.7380201802393034,0.3124394753059248,7.82690329218107
plasma,2063,samft_b_ende_lora,none,0,1,0.6907014334180003,0.16127384196185285,-10.453317901234568
plasma,2184,samft_b_ende_lora,none,0,1,0.9513349434313981,0.3229430953243929,0.8739068930041144
plasma,9886,samft_b_ende_lora,none,0,1,0.5952254181794527,0.08111276913238115,-4.474987139917695
plasma,9626,samft_b_ende_lora,none,0,1,0.8276256462725295,0.20040142041068396,-0.49672067901234546
plasma,9421,samft_b_ende_lora,none,0,1,0.7835406731783093,0.17390442197104897,-2.363361625514403
plasma,407,samft_b_ende_lora,none,0,1,0.4803365284266975,0.09886264216972879,8.364133230452675
plasma,1944,samft_b_ende_lora,none,0,1,0.6041477150771181,0.015130674002751032,6.1640303497942375
plasma,1972,samft_b_ende_lora,none,0,1,0.8924418711178702,0.4358876361551691,1.6241640946502058
plasma,9357,samft_b_ende_lora,none,0,1,0.23396518836433,0.021183345507669833,1.905606995884774
plasma,1837,samft_b_ende_lora,none,0,1,0.8072697630472239,0.3406142693628386,5.41557355967078
plasma,2174,samft_b_ende_lora,none,0,1,0.673586870686794,0.24496533509409046,4.078896604938271
plasma,2404,samft_b_ende_lora,none,0,1,0.6635961013206113,0.14767932489451477,10.333461934156379
plasma,2192,samft_b_ende_lora,none,0,1,0.6224437175439899,0.14098173515981735,-4.188078703703704
plasma,9590,samft_b_ende_lora,none,0,1,0.80097068679943,0.2069888475836431,-0.3985339506172844
plasma,1870,samft_b_ende_lora,none,0,1,0.8674394956274151,0.28484848484848485,-3.7415123456790127
plasma,102,samft_b_ende_lora,none,0,1,0.8728238505974519,0.2922509225092251,-2.9675925925925926
plasma,1705,samft_b_ende_lora,none,0,1,0.7595767075865236,0.2589245368278355,4.413387345679013
plasma,9321,samft_b_ende_lora,none,0,1,0.21902826387271526,0.00175412951322906,9.49196244855967
plasma,1704,samft_b_ende_lora,none,0,1,0.7960189855062212,0.35595358224016144,1.6840920781893005
plasma,9838,samft_b_ende_lora,none,0,1,0.696769792369714,0.19770825754819935,4.859310699588478
plasma,9775,samft_b_ende_lora,none,0,1,0.7516757458027886,0.14606481481481481,-8.761445473251028
plasma,2221,samft_b_ende_lora,none,0,1,0.6058045924654414,0.1739015701279852,3.137860082304526
plasma,9714,samft_b_ende_lora,none,0,1,0.16546362292824288,0.001831196936906942,-18.233731995884774
plasma,104,samft_b_ende_lora,none,0,1,0.8720878900371225,0.23264389931056598,-1.6264146090534974
plasma,1745,samft_b_ende_lora,none,0,1,0.7399747023714938,0.2769186984157101,7.387281378600824
plasma,9528,samft_b_ende_lora,none,0,1,0.8204343903351451,0.3370732871807114,-1.931455761316872
plasma,1898,samft_b_ende_lora,none,0,1,0.7036987203546466,0.10833145941083877,-9.838798868312756
plasma,2216,samft_b_ende_lora,none,0,1,0.6611530681858985,0.15984675578741442,0.4778163580246908
plasma,9625,samft_b_ende_lora,none,0,1,0.2768731408732132,0.025283347863993024,-7.972865226337449
plasma,2178,samft_b_ende_lora,none,0,1,0.5458334354850573,0.15754892158263106,3.082626028806584
plasma,2087,samft_b_ende_lora,none,0,1,0.7427295320919655,0.05288001912045889,-9.715985082304526
plasma,1992,samft_b_ende_lora,none,0,1,0.7941979997832103,0.11537077033837292,-2.38355195473251
plasma,2189,samft_b_ende_lora,none,0,1,0.6758573885479193,0.12679988245665588,-9.46412037037037
plasma,507,samft_b_ende_lora,none,0,1,0.8586387697878815,0.30124103160752375,2.2399048353909476
plasma,1970,samft_b_ende_lora,none,0,1,0.8842289970989546,0.26107674301956196,-1.0847479423868323
plasma,9692,samft_b_ende_lora,none,0,1,0.5646769894276558,0.2164341085271318,-3.6588220164609053
plasma,1984,samft_b_ende_lora,none,0,1,0.41296312947512387,0.031253513209668356,2.0400591563786015
plasma,9726,samft_b_ende_lora,none,0,1,0.8282326314708506,0.1849256900212314,3.1008873456790127
plasma,9782,samft_b_ende_lora,none,0,1,0.11981121202665969,0.009565563969709047,-16.83841306584362
plasma,2301,samft_b_ende_lora,none,0,1,0.795774647887324,0.2525055206386954,-2.3541666666666656
plasma,2033,samft_b_ende_lora,none,0,1,0.6650432438887088,0.10053241465706232,0.5829475308641974
plasma,9373,samft_b_ende_lora,none,0,1,0.5680708576366386,0.11719802424786709,0.7498713991769559
plasma,1762,samft_b_ende_lora,none,0,1,0.7591811952065668,0.28075916230366493,5.5367155349794235
plasma,9600,samft_b_ende_lora,none,0,1,0.8142471387524864,0.4085794655414909,2.143775720164609
plasma,518,samft_b_ende_lora,none,0,1,0.7620409072584923,0.19421993632133236,1.7267232510288069
plasma,9504,samft_b_ende_lora,none,0,1,0.8436136017594316,0.10207823960880195,-2.9546039094650216
plasma,2015,samft_b_ende_lora,none,0,1,0.837346760917982,0.1790075968843158,-5.249228395061728
plasma,113,samft_b_ende_lora,none,0,1,0.8903424086281947,0.39505019845902406,-0.7965534979423865
plasma,9442,samft_b_ende_lora,none,0,1,0.2711445249970445,0.01103431550866982,8.876093106995885
plasma,9773,samft_b_ende_lora,none,0,1,0.6208376741135162,0.04922850844966936,-4.941100823045269
plasma,9629,samft_b_ende_lora,none,0,1,0.8693402487965185,0.34199428649163377,-2.4236754115226327
plasma,2227,samft_b_ende_lora,none,0,1,0.532971852324376,0.07731130993347098,-4.177083333333334
plasma,2142,samft_b_ende_lora,none,0,1,0.810971402668077,0.09456351280710926,-2.4063143004115215
plasma,208,samft_b_ende_lora,none,0,1,0.9375843820167934,0.5312964715425172,-0.713734567901235
plasma,9605,samft_b_ende_lora,none,0,1,0.18473938653950864,0.02770461418398205,10.994470164609053
plasma,9686,samft_b_ende_lora,none,0,1,0.553243241080787,0.1282845668387837,-1.5745884773662553
plasma,1959,samft_b_ende_lora,none,0,1,0.7125253441715349,0.12147730643725897,-0.09773662551440243
plasma,1816,samft_b_ende_lora,none,0,1,0.5495341134736601,0.1559863724853991,-2.145897633744856
plasma,9774,samft_b_ende_lora,none,0,1,0.750288775286952,0.1004539028201503,-1.1618441358024674
plasma,2188,samft_b_ende_lora,none,0,1,0.6457829139238953,0.17784133036754582,7.670203189300411
plasma,110,samft_b_ende_lora,none,0,1,0.8103836214578507,0.20697211155378487,-2.183899176954733
plasma,9845,samft_b_ende_lora,none,0,1,0.8514091945077548,0.2920395666509656,0.5994727366255143
plasma,9789,samft_b_ende_lora,none,0,1,0.20244980246813016,0.03168435211478105,-0.8091563786008233
plasma,2105,samft_b_ende_lora,none,0,1,0.8221227865112998,0.1976439142701579,-9.968942901234568
plasma,9453,samft_b_ende_lora,none,0,1,0.6049849113456727,0.1385917292032572,-0.9542824074074072
plasma,2386,samft_b_ende_lora,none,0,1,0.7903557574958889,0.26689063083240017,6.260288065843622
plasma,2073,samft_b_ende_lora,none,0,1,0.8419640640234486,0.20807692307692308,-0.6585648148148147
plasma,1847,samft_b_ende_lora,none,0,1,0.5869022653515242,0.2405598483743986,3.400077160493828
plasma,9902,samft_b_ende_lora,none,0,1,0.559574875221253,0.19186602870813396,6.707561728395062
plasma,9581,samft_b_ende_lora,none,0,1,0.49084002912215163,0.08161616161616161,9.22138631687243
plasma,417,samft_b_ende_lora,none,0,1,0.7861823628533983,0.28317272053372866,0.3635545267489713
plasma,2392,samft_b_ende_lora,none,0,1,0.8184920376990575,0.19373395875741217,1.0640432098765444
plasma,506,samft_b_ende_lora,none,0,1,0.5356628404529912,0.06316422699017446,-2.1282793209876556
plasma,1871,samft_b_ende_lora,none,0,1,0.6485508408780294,0.3100581878636742,6.532150205761317
plasma,2145,samft_b_ende_lora,none,0,1,0.7838642297216087,0.15279947381402614,-5.512667181069958
plasma,1774,samft_b_ende_lora,none,0,1,0.6898202922872526,0.2495971876373224,0.32156635802469136
plasma,9464,samft_b_ende_lora,none,0,1,0.9850555435630906,0.6454066705675834,-0.08076131687242832
plasma,9832,samft_b_ende_lora,none,0,1,0.7509686920752608,0.26269270298047276,5.902391975308643
plasma,2052,samft_b_ende_lora,none,0,1,0.7862139838400966,0.23400201725876948,2.366833847736627
plasma,2200,samft_b_ende_lora,none,0,1,0.7913395442967305,0.2987839101964453,1.0293209876543226
plasma,9841,samft_b_ende_lora,none,0,1,0.6404496329615281,0.0582213691618682,3.0298353909465017
plasma,9805,samft_b_ende_lora,none,0,1,0.5768435109725344,0.21273077982915403,-2.8453575102880664
plasma,1838,samft_b_ende_lora,none,0,1,0.645574623404384,0.06181159420289855,-2.2013888888888915
plasma,1888,samft_b_ende_lora,none,0,1,0.7464018061017124,0.18003709714815674,-4.155671296296296
plasma,9286,samft_b_ende_lora,none,0,1,0.4655098040053131,0.024067217317003703,-2.2755272633744856
plasma,9859,samft_b_ende_lora,none,0,1,0.6347956463793869,0.0635439360929557,-1.8972479423868303
plasma,2060,samft_b_ende_lora,none,0,1,0.7575202879980475,0.1655328798185941,-0.39879115226337386
plasma,2380,samft_b_ende_lora,none,0,1,0.8325660708351267,0.32796999758045003,3.2327674897119336
plasma,1770,samft_b_ende_lora,none,0,1,0.5221211913472145,0.09705390722941915,2.499099794238682
plasma,1855,samft_b_ende_lora,none,0,1,0.8530647230755307,0.18371651550305843,-1.5873842592592593
plasma,2359,samft_b_ende_lora,none,0,1,0.7617875949298776,0.19210251046025104,7.312435699588477
plasma,1994,samft_b_ende_lora,none,0,1,0.7233745815111109,0.06176003905773221,-0.5787680041152266
plasma,1709,samft_b_ende_lora,none,0,1,0.7030843864446449,0.20623501199040767,5.639338991769548
plasma,2071,samft_b_ende_lora,none,0,1,0.5183473828873186,0.12845793050636548,-0.772247942386832
plasma,9820,samft_b_ende_lora,none,0,1,0.5268335020974975,0.08147641831852358,11.725437242798353
plasma,1747,samft_b_ende_lora,none,0,1,0.8703553175438037,0.3338231178281556,4.2734053497942375
plasma,9512,samft_b_ende_lora,none,0,1,0.4633898067595023,0.12827781715095676,1.5127957818930033
plasma,1963,samft_b_ende_lora,none,0,1,0.7836256429179249,0.22853555171872547,-2.8863168724279853
plasma,2295,samft_b_ende_lora,none,0,1,0.6128530870313257,0.10245862884160757,-6.018968621399173
plasma,2013,samft_b_ende_lora,none,0,1,0.8863065948464114,0.2620371725450022,-0.38978909465020584
plasma,1993,samft_b_ende_lora,none,0,1,0.8546291220886281,0.328007122440373,6.409786522633748
plasma,9910,samft_b_ende_lora,none,0,1,0.5800581474172605,0.08462421113023523,4.157664609053499
plasma,9342,samft_b_ende_lora,none,0,1,0.6906048021981454,0.16677492692432608,5.032664609053499
plasma,2318,samft_b_ende_lora,none,0,1,0.7817989469394585,0.31045601105481346,6.902520576131687
plasma,1742,samft_b_ende_lora,none,0,1,0.7346386329729148,0.20814631956912027,3.6768904320987645
plasma,305,samft_b_ende_lora,none,0,1,0.6231201703780467,0.15948275862068967,-5.084233539094651
plasma,1715,samft_b_ende_lora,none,0,1,0.9321756483195979,0.439144863780196,0.7814429012345692
plasma,9710,samft_b_ende_lora,none,0,1,0.6767066828857958,0.12559991830899622,-5.913001543209877
plasma,1738,samft_b_ende_lora,none,0,1,0.7864129831753651,0.3332135585100012,1.962191358024691
plasma,2315,samft_b_ende_lora,none,0,1,0.7993582429879451,0.3198961563423956,5.204025205761317
plasma,2439,samft_b_ende_lora,none,0,1,0.8398018406543376,0.2486082995951417,0.28420781893004066
plasma,9889,samft_b_ende_lora,none,0,1,0.37414161937229545,0.007750952986022872,1.8625900205761314
plasma,9706,samft_b_ende_lora,none,0,1,0.755237651333166,0.09695319861794577,-1.2701903292181072
plasma,9786,samft_b_ende_lora,none,0,1,0.31421256258534364,0.036925647451963244,3.929269547325103
plasma,1739,samft_b_ende_lora,none,0,1,0.6800581292697171,0.30471414242728184,4.427019032921811
plasma,9343,samft_b_ende_lora,none,0,1,0.5962864227734159,0.19882147533828023,3.7087834362139924
plasma,2025,samft_b_ende_lora,none,0,1,0.5733320447421277,0.11712607320379576,-6.500514403292181
plasma,2047,samft_b_ende_lora,none,0,1,0.7235206292269873,0.15803957541606606,1.7630529835390956
plasma,304,samft_b_ende_lora,none,0,1,0.5177838057965612,0.1148989898989899,-0.8344264403292181
plasma,2110,samft_b_ende_lora,none,0,1,0.5616443642194715,0.16127911018421967,12.793981481481481
plasma,206,samft_b_ende_lora,none,0,1,0.7120270444891851,0.2787006822901216,0.00533693415637887
plasma,1693,samft_b_ende_lora,none,0,1,0.5725894933565717,0.06452882156206964,5.220871913580248
plasma,2299,samft_b_ende_lora,none,0,1,0.7428161987155671,0.18534402386723847,-1.816743827160494
plasma,1812,samft_b_ende_lora,none,0,1,0.595123251634298,0.2097538742023701,15.644225823045268
plasma,9317,samft_b_ende_lora,none,0,1,0.43840148473906115,0.11699507389162561,13.225051440329219
plasma,2378,samft_b_ende_lora,none,0,1,0.7821470058694715,0.11432131453936609,-4.181134259259259
plasma,2423,samft_b_ende_lora,none,0,1,0.622889789072503,0.146813109773909,-9.148469650205762
plasma,9402,samft_b_ende_lora,none,0,1,0.7186696775133459,0.12897113623444703,-5.142232510288065
plasma,2160,samft_b_ende_lora,none,0,1,0.7985378487092502,0.23317513865858538,-6.249807098765431
plasma,115,samft_b_ende_lora,none,0,1,0.769164257886138,0.26705276705276704,-0.4019418724279841
plasma,2355,samft_b_ende_lora,none,0,1,0.7702417174504584,0.18331759064157524,-2.1855066872427997
plasma,2435,samft_b_ende_lora,none,0,1,0.8741483358770075,0.3503247554057387,3.1073816872427997
plasma,2276,samft_b_ende_lora,none,0,1,0.6221723549782058,0.0833480331628153,-10.559413580246915
plasma,513,samft_b_ende_lora,none,0,1,0.9558063382494292,0.4513898890969322,0.3957690329218111
plasma,1808,samft_b_ende_lora,none,0,1,0.726839289182937,0.15573186857898486,-1.7781635802469138
plasma,9719,samft_b_ende_lora,none,0,1,0.45474432595023245,0.053452115812917596,4.622427983539095
plasma,9601,samft_b_ende_lora,none,0,1,0.3122718337545633,0.008052490307187594,-7.224472736625515
plasma,2351,samft_b_ende_lora,none,0,1,0.7861027351975632,0.15588416512630932,6.150398662551437
plasma,2335,samft_b_ende_lora,none,0,1,0.8232456149102032,0.4230135858377933,4.814364711934157
plasma,2159,samft_b_ende_lora,none,0,1,0.7486982745680572,0.26700533838470814,-4.78684413580247
plasma,2086,samft_b_ende_lora,none,0,1,0.8382997822879371,0.23830444075041557,-2.9870113168724286
plasma,9407,samft_b_ende_lora,none,0,1,0.3803610023949997,0.04500978473581213,7.083590534979424
plasma,9727,samft_b_ende_lora,none,0,1,0.25535193832740555,0.09990815389325441,0.45363940329218033
plasma,2082,samft_b_ende_lora,none,0,1,0.8441292988345962,0.2533589251439539,-1.2881944444444446
plasma,512,samft_b_ende_lora,none,0,1,0.7583266706600934,0.15951282960860824,2.9726723251028817
plasma,9757,samft_b_ende_lora,none,0,1,0.6541527298230471,0.0932908233989465,-6.563271604938273
plasma,2122,samft_b_ende_lora,none,0,1,0.7674485108203912,0.24975459262375543,6.296746399176954
plasma,9801,samft_b_ende_lora,none,0,1,0.5534705435779923,0.025397929894755155,-3.1547710905349793
plasma,9511,samft_b_ende_lora,none,0,0,0.5160342873561383,0.12109479305740987,3.288901748971193
plasma,2139,samft_b_ende_lora,none,0,0,0.32663391456585533,0.02827748029601107,-17.30272633744856
plasma,2026,samft_b_ende_lora,none,0,0,0.5709847512571589,0.11238864719287342,10.880465534979425
plasma,9830,samft_b_ende_lora,none,0,0,0.4845695671524483,0.028339590650357273,13.96412037037037
plasma,9397,samft_b_ende_lora,none,0,0,0.7668004308865135,0.17430543266678464,-1.122170781893004
plasma,1815,samft_b_ende_lora,none,0,0,0.717083196317001,0.19086130206227253,4.287165637860084
plasma,409,samft_b_ende_lora,none,0,0,0.16162971110723595,0.04520278720743255,11.076838991769547
plasma,1954,samft_b_ende_lora,none,0,0,0.7073103149984118,0.1893370856785491,5.432998971193416
plasma,1948,samft_b_ende_lora,none,0,0,0.7293052889891991,0.2149304249717939,2.475887345679012
plasma,1716,samft_b_ende_lora,none,0,0,0.9593543963289203,0.29596791218070506,0.632523148148148
plasma,2384,samft_b_ende_lora,none,0,0,0.6134367464258266,0.09453313981615868,15.757394547325104
plasma,1967,samft_b_ende_lora,none,0,0,0.7746284414846097,0.15825326258425354,2.2740483539094662
plasma,2258,samft_b_ende_lora,none,0,0,0.5926135239763768,0.1259656314046981,-6.07960390946502
plasma,2186,samft_b_ende_lora,none,0,0,0.0002619610039429648,0.0,-14.225244341563787
plasma,2424,samft_b_ende_lora,none,0,0,0.7658397564141585,0.20981030848821614,9.230516975308644
plasma,9347,samft_b_ende_lora,none,0,0,0.018507219849501728,0.0,-3.0632716049382718
plasma,9387,samft_b_ende_lora,none,0,0,0.7893364124159479,0.2578555231616456,1.7394547325102885
plasma,9798,samft_b_ende_lora,none,0,0,0.6013728655789713,0.1439879591950499,13.52025462962963
plasma,9912,samft_b_ende_lora,none,0,0,0.8366651656763792,0.18148893360160967,2.7711548353909485
plasma,516,samft_b_ende_lora,none,0,0,0.6568185849440767,0.18828310193024042,7.678948045267489
plasma,2339,samft_b_ende_lora,none,0,0,0.8548838534231193,0.2440961051406667,1.3793724279835384
plasma,1776,samft_b_ende_lora,none,0,0,0.4280606281092787,0.07562114954979351,-1.9785879629629632
plasma,2046,samft_b_ende_lora,none,0,0,0.6427650427387834,0.1500632644453817,9.584362139917696
plasma,9398,samft_b_ende_lora,none,0,0,0.5282069243465244,0.09649013240069948,11.574074074074073
plasma,9871,samft_b_ende_lora,none,0,0,0.44265677298244993,0.05880932254558628,1.3621399176954734
plasma,9281,samft_b_ende_lora,none,0,0,0.770056133211299,0.1893562989952523,-4.869984567901237
plasma,9276,samft_b_ende_lora,none,0,0,0.5999663232660309,0.09301988100420838,2.5666795267489717
plasma,2394,samft_b_ende_lora,none,0,0,0.8744250888743845,0.24662926431997104,2.710712448559674
plasma,9300,samft_b_ende_lora,none,0,0,0.3307518810779753,0.0396756082345602,14.057870370370374
plasma,1694,samft_b_ende_lora,none,0,0,0.8246552687299321,0.13622804110043088,-2.6939943415637853
plasma,1719,samft_b_ende_lora,none,0,0,0.41614974244233127,0.0630611818751305,-8.769804526748972
plasma,403,samft_b_ende_lora,none,0,0,0.00084028038829799,0.0007163323782234957,-0.14821244855967083
plasma,9630,samft_b_ende_lora,none,0,0,0.6996617169903991,0.15461439641954333,8.163001543209877
plasma,2078,samft_b_ende_lora,none,0,0,0.6027624731196478,0.17736280487804879,12.24266975308642
plasma,207,samft_b_ende_lora,none,0,0,0.15975298489515047,0.03181137724550898,-6.961741255144033
plasma,1981,samft_b_ende_lora,none,0,0,0.35378231346543304,0.09268635724331926,15.58744855967078
plasma,9396,samft_b_ende_lora,none,0,0,0.6290525206678554,0.08742145298203065,9.323688271604938
plasma,9353,samft_b_ende_lora,none,0,0,0.8706766987700216,0.1779837336864006,1.1610725308641976
plasma,1839,samft_b_ende_lora,none,0,0,0.5197882360875381,0.14116541353383458,16.08937757201646
plasma,203,samft_b_ende_lora,none,0,0,0.058128856178292866,0.052995021679781595,-0.8743569958847737
plasma,9367,samft_b_ende_lora,none,0,0,0.2555031856185311,0.00322104415514696,4.435763888888889
plasma,1844,samft_b_ende_lora,none,0,0,0.5628409084753841,0.08446455505279035,3.2867798353909476
plasma,9694,samft_b_ende_lora,none,0,0,0.45330266051178925,0.09450855551134103,-2.0388374485596716
plasma,1957,samft_b_ende_lora,none,0,0,0.6960250632783467,0.2715543977174048,8.250128600823045
plasma,9875,samft_b_ende_lora,none,0,0,0.888030184021544,0.18527157614128623,3.457304526748972
plasma,1853,samft_b_ende_lora,none,0,0,0.78059598663665,0.28564665035903103,3.5522762345678998
plasma,9339,samft_b_ende_lora,none,0,0,0.0002583264138758188,0.002936138977244923,1.1783050411522635
plasma,1766,samft_b_ende_lora,none,0,0,0.7396784793687649,0.2380596084299788,3.9484953703703702
plasma,1863,samft_b_ende_lora,none,0,0,0.9186028301359136,0.32280892759934676,1.1292438271604934
plasma,9292,samft_b_ende_lora,none,0,0,0.6560012465581883,0.1446068279983433,2.8417566872427997
plasma,1854,samft_b_ende_lora,none,0,0,0.7119156762098213,0.14092245782386628,-1.66872427983539
plasma,2063,samft_b_ende_lora,none,0,0,0.7055030304274944,0.14322456196752933,3.4425154320987668
plasma,2184,samft_b_ende_lora,none,0,0,0.9655148118494796,0.41188482744537475,0.5312499999999998
plasma,9886,samft_b_ende_lora,none,0,0,0.7080967845898307,0.15909711477200328,10.334619341563785
plasma,9626,samft_b_ende_lora,none,0,0,0.2838977336219021,0.04997043169722058,-7.012924382716049
plasma,9421,samft_b_ende_lora,none,0,0,0.756466638776364,0.13698347107438016,1.7229295267489717
plasma,407,samft_b_ende_lora,none,0,0,0.4367883085624238,0.06378749548247199,0.2547582304526751
plasma,1944,samft_b_ende_lora,none,0,0,0.6958358990147783,0.09598303062442,3.9989711934156373
plasma,1972,samft_b_ende_lora,none,0,0,0.9103173573027874,0.2536433032616239,-0.07008744855967058
plasma,9357,samft_b_ende_lora,none,0,0,0.3532785221274868,0.04626175197731682,3.4117798353909463
plasma,1837,samft_b_ende_lora,none,0,0,0.722644469136033,0.19240239183960606,1.7249228395061738
plasma,2174,samft_b_ende_lora,none,0,0,0.6602116947067811,0.21085225597168977,2.3318544238683128
plasma,2404,samft_b_ende_lora,none,0,0,0.7245017906094007,0.10878563061304178,6.53491512345679
plasma,2192,samft_b_ende_lora,none,0,0,0.5670758600411644,0.09328235216560089,-2.9894547325102883
plasma,9590,samft_b_ende_lora,none,0,0,0.023782465282590017,0.005255255255255256,-6.793659979423869
plasma,1870,samft_b_ende_lora,none,0,0,0.9013101945359838,0.2659155373463599,3.353909465020577
plasma,102,samft_b_ende_lora,none,0,0,0.13683676059913683,0.05779094950416049,-13.266332304526749
plasma,1705,samft_b_ende_lora,none,0,0,0.8060929691243924,0.16664707956281585,1.6336162551440325
plasma,9321,samft_b_ende_lora,none,0,0,0.2212348371268911,0.029996250468691414,8.208590534979423
plasma,1704,samft_b_ende_lora,none,0,0,0.8787540263270588,0.32091230324445874,-0.49909979423868256
plasma,9838,samft_b_ende_lora,none,0,0,0.6731563058345142,0.18625482625482626,5.924897119341564
plasma,9775,samft_b_ende_lora,none,0,0,0.8479085856637084,0.1450666298418836,1.857060185185186
plasma,2221,samft_b_ende_lora,none,0,0,0.6350355270449962,0.22350005424758598,12.632651748971192
plasma,9714,samft_b_ende_lora,none,0,0,0.5487729882467701,0.0767314990512334,4.7426697530864175
plasma,104,samft_b_ende_lora,none,0,0,0.3424920409678771,0.1839080459770115,-5.698623971193415
plasma,1745,samft_b_ende_lora,none,0,0,0.47478914251288573,0.05857888682417485,-7.591949588477366
plasma,9528,samft_b_ende_lora,none,0,0,0.8678791806753892,0.1953603735045229,-0.4148662551440335
plasma,1898,samft_b_ende_lora,none,0,0,0.800522659202759,0.3206467806899772,0.17226080246913744
plasma,2216,samft_b_ende_lora,none,0,0,0.7699328995699125,0.13703125,3.935699588477365
plasma,9625,samft_b_ende_lora,none,0,0,0.38621654892706275,0.060023190778255235,2.9798096707818926
plasma,2178,samft_b_ende_lora,none,0,0,0.5771117586297273,0.0876336159233321,5.5769675925925934
plasma,2087,samft_b_ende_lora,none,0,0,0.7875432457836898,0.22810129950769503,7.154128086419753
plasma,1992,samft_b_ende_lora,none,0,0,0.748342106587664,0.19769673704414586,5.5981867283950635
plasma,2189,samft_b_ende_lora,none,0,0,0.712486655292486,0.12063851588200399,-7.749164094650205
plasma,507,samft_b_ende_lora,none,0,0,0.6532876955195583,0.1691948658109685,12.213091563786008
plasma,1970,samft_b_ende_lora,none,0,0,0.7948077476062334,0.18513189448441247,-5.7860082304526745
plasma,9692,samft_b_ende_lora,none,0,0,0.4657369137098902,0.07940928270042194,12.613683127572017
plasma,1984,samft_b_ende_lora,none,0,0,0.4555032240636121,0.1254190351260749,10.35133744855967
plasma,9726,samft_b_ende_lora,none,0,0,0.7420350591764325,0.12217420212765957,6.579218106995885
plasma,9782,samft_b_ende_lora,none,0,0,0.5870356882738529,0.12515529194886385,6.459940843621395
plasma,2301,samft_b_ende_lora,none,0,0,0.7251135288481353,0.0669378698224852,10.061278292181072
plasma,2033,samft_b_ende_lora,none,0,0,0.7345035474180499,0.1286608453751642,1.550411522633746
plasma,9373,samft_b_ende_lora,none,0,0,0.49800169803897204,0.07741559953434225,7.7321244855967075
plasma,1762,samft_b_ende_lora,none,0,0,0.7323180389944061,0.16195611751580513,0.23964763374485637
plasma,9600,samft_b_ende_lora,none,0,0,0.8879709308748972,0.17711720080507817,-0.7628600823045271
plasma,518,samft_b_ende_lora,none,0,0,0.7843631173644914,0.20483938256153525,1.6302726337448572
plasma,9504,samft_b_ende_lora,none,0,0,0.8224675493553216,0.20578628091460568,-2.673804012345679
plasma,2015,samft_b_ende_lora,none,0,0,0.8814216063638697,0.27293687736546746,-1.490226337448558
plasma,113,samft_b_ende_lora,none,0,0,0.504889170863238,0.20425029515938606,-3.9446373456790127
plasma,9442,samft_b_ende_lora,none,0,0,0.49281467055031797,0.030528717122920022,7.405414094650206
plasma,9773,samft_b_ende_lora,none,0,0,0.6429611740583928,0.1164259927797834,13.95846193415638
plasma,9629,samft_b_ende_lora,none,0,0,0.8780996753042336,0.20264505119453924,-1.8539737654320987
plasma,2227,samft_b_ende_lora,none,0,0,0.7289160475612377,0.1855569372890389,3.4474022633744843
plasma,2142,samft_b_ende_lora,none,0,0,0.6563465229867433,0.051138072796550686,-11.004308127572015
plasma,208,samft_b_ende_lora,none,0,0,0.46577967905378576,0.13325688073394495,-6.38085133744856
plasma,9605,samft_b_ende_lora,none,0,0,0.015540944411237299,0.0006911447084233262,4.87281378600823
plasma,9686,samft_b_ende_lora,none,0,0,0.5108609035596764,0.07501519756838906,16.646154835390945
plasma,1959,samft_b_ende_lora,none,0,0,0.6631260640866008,0.13973799126637554,6.255015432098767
plasma,1816,samft_b_ende_lora,none,0,0,0.7016697233293375,0.1891105317407385,2.4467592592592595
plasma,9774,samft_b_ende_lora,none,0,0,0.5745335198508211,0.10566037735849057,20.367348251028805
plasma,2188,samft_b_ende_lora,none,0,0,0.5093676573406536,0.12586431506162943,11.622235082304526
plasma,110,samft_b_ende_lora,none,0,0,0.22877194146729934,0.011603125739995264,-5.977880658436215
plasma,9845,samft_b_ende_lora,none,0,0,0.6029528356736377,0.06465085198797194,2.11522633744856
plasma,9789,samft_b_ende_lora,none,0,0,0.2832289574291598,0.04387921420605645,24.62210648148148
plasma,2105,samft_b_ende_lora,none,0,0,0.8933026724775252,0.2538314622443751,6.30613425925926
plasma,9453,samft_b_ende_lora,none,0,0,0.6298156472844948,0.08782617524621789,-1.9926054526748962
plasma,2386,samft_b_ende_lora,none,0,0,0.764831829229436,0.1787469989710758,3.1449974279835398
plasma,2073,samft_b_ende_lora,none,0,0,0.7968766034016577,0.18775024348014285,5.0498328189300405
plasma,1847,samft_b_ende_lora,none,0,0,0.3513281311379021,0.12073445349038628,12.64358281893004
plasma,9902,samft_b_ende_lora,none,0,0,0.564586453211763,0.12774745537689924,5.133937757201646
plasma,9581,samft_b_ende_lora,none,0,0,0.5761043717097734,0.11929657794676807,-1.307227366255144
plasma,417,samft_b_ende_lora,none,0,0,0.3359559905328472,0.04286300246103363,-0.05510545267489713
plasma,2392,samft_b_ende_lora,none,0,0,0.7039252615899051,0.21662468513853905,7.0489326131687235
plasma,506,samft_b_ende_lora,none,0,0,0.6251586319826995,0.13552776756160353,9.759194958847736
plasma,1871,samft_b_ende_lora,none,0,0,0.508456147154967,0.1261317907444668,5.058770576131686
plasma,2145,samft_b_ende_lora,none,0,0,0.7966322759586975,0.13971720064435297,-6.507008744855969
plasma,1774,samft_b_ende_lora,none,0,0,0.6620473544381404,0.14938871210852453,3.761831275720165
plasma,9464,samft_b_ende_lora,none,0,0,0.9688597518145633,0.5386631716906947,0.13869598765432062
plasma,9832,samft_b_ende_lora,none,0,0,0.6605531167690957,0.1123475283543762,9.87422839506173
plasma,2052,samft_b_ende_lora,none,0,0,0.7778040152399289,0.28180039138943247,5.65817901234568
plasma,2200,samft_b_ende_lora,none,0,0,0.6738685830311393,0.09033070448671217,-2.2657536008230448
plasma,9841,samft_b_ende_lora,none,0,0,0.45569973489605137,0.06785188302124974,9.39017489711934
plasma,9805,samft_b_ende_lora,none,0,0,0.5507329239080074,0.11301593217180658,5.937564300411522
plasma,1838,samft_b_ende_lora,none,0,0,0.6633852300633364,0.1794954305573433,14.064621913580243
plasma,1888,samft_b_ende_lora,none,0,0,0.8028161990379951,0.16394723986321447,4.245756172839507
plasma,9286,samft_b_ende_lora,none,0,0,0.5211415965518954,0.08757344668083511,7.269740226337448
plasma,9859,samft_b_ende_lora,none,0,0,0.5716075522758309,0.08460029426189308,10.870177469135802
plasma,2060,samft_b_ende_lora,none,0,0,0.7003556680113623,0.24499570182979247,6.983731995884774
plasma,2380,samft_b_ende_lora,none,0,0,0.6773358538392963,0.13797814207650272,9.5605066872428
plasma,1770,samft_b_ende_lora,none,0,0,0.5331790414905416,0.050577792664545304,0.5899562757201646
plasma,1855,samft_b_ende_lora,none,0,0,0.6230458632735194,0.09924837717799795,5.699459876543211
plasma,2359,samft_b_ende_lora,none,0,0,0.7199980920126882,0.1470143948818198,10.374292695473248
plasma,1994,samft_b_ende_lora,none,0,0,0.666925650498676,0.046117042484383995,1.514660493827158
plasma,1709,samft_b_ende_lora,none,0,0,0.7899817042745467,0.17845496457888227,1.2523148148148144
plasma,2071,samft_b_ende_lora,none,0,0,0.6734172158977432,0.16835016835016836,7.654706790123457
plasma,9820,samft_b_ende_lora,none,0,0,0.5862521259067343,0.05104977086219759,8.64795524691358
plasma,1747,samft_b_ende_lora,none,0,0,0.48637181992644585,0.05232558139534884,-14.88818158436214
plasma,9512,samft_b_ende_lora,none,0,0,0.21759679558071846,0.021167992793874792,-2.4032278806584366
plasma,1963,samft_b_ende_lora,none,0,0,0.8942101916379118,0.35203605843953995,2.800025720164609
plasma,2295,samft_b_ende_lora,none,0,0,0.50887678709725,0.07287891575237056,-14.07034465020576
plasma,2013,samft_b_ende_lora,none,0,0,0.8910062629368581,0.2349434611602753,3.747620884773664
plasma,1993,samft_b_ende_lora,none,0,0,0.40953767264030627,0.03255635573358333,-26.14570473251029
plasma,9910,samft_b_ende_lora,none,0,0,0.6407682579829276,0.1548935529978184,4.579861111111111
plasma,9342,samft_b_ende_lora,none,0,0,0.6587320213229624,0.0989557434112382,-1.8526877572016458
plasma,2318,samft_b_ende_lora,none,0,0,0.6327309167024557,0.09860612000435587,-7.511059670781894
plasma,1742,samft_b_ende_lora,none,0,0,0.007230152413398097,0.0022766078542970974,-8.581854423868315
plasma,305,samft_b_ende_lora,none,0,0,0.6625484800156728,0.19091757802080556,0.16132973251028748
plasma,1715,samft_b_ende_lora,none,0,0,0.5678412990708964,0.2093212669683258,-9.68312757201646
plasma,9710,samft_b_ende_lora,none,0,0,0.872499906036737,0.22809385382059802,-2.524434156378602
plasma,1738,samft_b_ende_lora,none,0,0,0.4146556866154038,0.09379777243939724,-6.152713477366254
plasma,2315,samft_b_ende_lora,none,0,0,0.6046881158594845,0.13774693005872932,-1.7908307613168724
plasma,2439,samft_b_ende_lora,none,0,0,0.8804383567083044,0.3200569800569801,3.379951131687242
plasma,9889,samft_b_ende_lora,none,0,0,0.25774573788906424,0.05675459632294165,13.368698559670781
plasma,9706,samft_b_ende_lora,none,0,0,0.548117939163469,0.13702230430458873,10.823816872427983
plasma,9786,samft_b_ende_lora,none,0,0,0.37905714946396196,0.11681914144968332,11.814621913580245
plasma,1739,samft_b_ende_lora,none,0,0,0.7124726519390501,0.32357071213640926,3.5081018518518516
plasma,9343,samft_b_ende_lora,none,0,0,0.3869034088517331,0.12926912568306012,9.311728395061728
plasma,2025,samft_b_ende_lora,none,0,0,0.6860688799255352,0.11435115356683984,1.2337319958847737
plasma,2047,samft_b_ende_lora,none,0,0,0.3147864619521663,0.019800937384801726,-15.229102366255143
plasma,304,samft_b_ende_lora,none,0,0,0.4723270644888397,0.07195932733672272,-2.2453703703703707
plasma,2110,samft_b_ende_lora,none,0,0,0.5585075139581288,0.08648995689259836,13.123392489711932
plasma,206,samft_b_ende_lora,none,0,0,0.46427046217978546,0.11299749512941831,-5.332497427983538
plasma,1693,samft_b_ende_lora,none,0,0,0.6629982451742291,0.2364217252396166,3.232124485596708
plasma,2299,samft_b_ende_lora,none,0,0,0.7412435836228617,0.20969653864390705,4.520126028806584
plasma,1812,samft_b_ende_lora,none,0,0,0.5411486809819074,0.11578037181150022,15.953510802469136
plasma,9317,samft_b_ende_lora,none,0,0,0.30860703018136976,0.020201169984428266,8.738361625514404
plasma,2378,samft_b_ende_lora,none,0,0,0.7413308757580496,0.20685232685965554,5.4982638888888875
plasma,2423,samft_b_ende_lora,none,0,0,0.7167824490081319,0.19342339511990783,0.33031121399176855
plasma,9402,samft_b_ende_lora,none,0,0,0.6619935154977296,0.16144697023013582,14.704025205761317
plasma,2160,samft_b_ende_lora,none,0,0,0.6903242731727427,0.1799937087134319,-12.022119341563787
plasma,115,samft_b_ende_lora,none,0,0,0.009834729981378026,0.0062009094667217855,-6.563271604938273
plasma,2355,samft_b_ende_lora,none,0,0,0.7802485555112234,0.2593506974447599,4.5347222222222205
plasma,2435,samft_b_ende_lora,none,0,0,0.849741544823512,0.25555825046487185,7.253150720164611
plasma,2276,samft_b_ende_lora,none,0,0,0.6156346841281064,0.12299122863179461,-1.491255144032924
plasma,513,samft_b_ende_lora,none,0,0,0.7389031241780228,0.10629175946547884,-5.475887345679012
plasma,1808,samft_b_ende_lora,none,0,0,0.7773346777089923,0.16882367488253236,0.5436599794238689
plasma,9719,samft_b_ende_lora,none,0,0,0.346277908826595,0.03681092843326886,13.485982510288064
plasma,9601,samft_b_ende_lora,none,0,0,0.3210448753142428,0.0321869128339188,-1.6871141975308646
plasma,2351,samft_b_ende_lora,none,0,0,0.630971929880939,0.0659657362437957,-4.306069958847739
plasma,2335,samft_b_ende_lora,none,0,0,0.2766567820858695,0.07881257275902212,-10.108539094650205
plasma,2159,samft_b_ende_lora,none,0,0,0.7992862984164746,0.23231937086996887,5.4740226337448545
plasma,2086,samft_b_ende_lora,none,0,0,0.7795791544979759,0.1874037573144441,5.155349794238681
plasma,9407,samft_b_ende_lora,none,0,0,0.38930164246633564,0.11044691147167662,8.972608024691358
plasma,9727,samft_b_ende_lora,none,0,0,0.1976369572150928,0.0471104608632041,0.37184927983539007
plasma,2082,samft_b_ende_lora,none,0,0,0.7414640318872978,0.19214346712211786,2.7472350823045275
plasma,512,samft_b_ende_lora,none,0,0,0.8361917603577561,0.26896352055587724,3.8316615226337447
plasma,9757,samft_b_ende_lora,none,0,0,0.7920184190330007,0.26712841632347434,5.03150720164609
plasma,2122,samft_b_ende_lora,none,0,0,0.7003616192629122,0.17932552786950864,10.142232510288068
plasma,9801,samft_b_ende_lora,none,0,0,0.6151235702715863,0.12232669616519173,8.921939300411522
plasma,9511,samft_t_ende_adapter_box,boxes,1,0,0.12722221480185392,0.02230127763751817,0.8324331275720166
plasma,2139,samft_t_ende_adapter_box,boxes,1,0,0.5510103224132807,0.06765207504263786,-9.2113554526749
plasma,2026,samft_t_ende_adapter_box,boxes,1,0,0.4491170100893723,0.06090085287846482,4.532986111111112
plasma,9830,samft_t_ende_adapter_box,boxes,1,0,0.1760034741609281,0.046158660616491945,-0.7596450617283957
plasma,9397,samft_t_ende_adapter_box,boxes,1,0,0.22657262612150084,0.02337118497000792,14.753279320987655
plasma,1815,samft_t_ende_adapter_box,boxes,1,0,0.3047745074042345,0.027506834520233555,-2.3645833333333326
plasma,409,samft_t_ende_adapter_box,boxes,1,0,0.16245320875632618,0.021173848439821695,7.432163065843622
plasma,1954,samft_t_ende_adapter_box,boxes,1,0,0.45888277315844944,0.05562248065607191,2.875900205761317
plasma,1948,samft_t_ende_adapter_box,boxes,1,0,0.28343285184907313,0.030410676936356695,-10.93602109053498
plasma,1716,samft_t_ende_adapter_box,boxes,1,0,0.35782537067545306,0.02717391304347826,4.203446502057615
plasma,2384,samft_t_ende_adapter_box,boxes,1,0,0.24510127492530331,0.01624167614097775,1.4190457818930051
plasma,1967,samft_t_ende_adapter_box,boxes,1,0,0.35245609986996546,0.03280805472044551,3.589313271604941
plasma,2258,samft_t_ende_adapter_box,boxes,1,0,0.28305202065917684,0.02828796931474515,-3.844007201646091
plasma,2186,samft_t_ende_adapter_box,boxes,1,0,0.33218003106381994,0.042185265610931624,-6.271990740740742
plasma,2424,samft_t_ende_adapter_box,boxes,1,0,0.15237673285219602,0.024610651797731205,-16.64409722222222
plasma,9347,samft_t_ende_adapter_box,boxes,1,0,0.12566212520633668,0.008249429969512976,4.214634773662551
plasma,9387,samft_t_ende_adapter_box,boxes,1,0,0.05136602080111586,0.03673816096835846,-1.3658050411522633
plasma,9798,samft_t_ende_adapter_box,boxes,1,0,0.20395768153584803,0.017326074234336485,4.1779192386831285
plasma,9912,samft_t_ende_adapter_box,boxes,1,0,0.18341166159836716,0.016359494719403605,-4.638374485596707
plasma,516,samft_t_ende_adapter_box,boxes,1,0,0.09617838793851549,0.007796268928441389,3.3544881687242802
plasma,2339,samft_t_ende_adapter_box,boxes,1,0,0.33096338523422,0.04142097983548082,-13.307548868312757
plasma,1776,samft_t_ende_adapter_box,boxes,1,0,0.17483559431776519,0.01471902303415409,-7.120691872427984
plasma,2046,samft_t_ende_adapter_box,boxes,1,0,0.20789633956274248,0.019401846988053886,-1.7980967078189303
plasma,9398,samft_t_ende_adapter_box,boxes,1,0,0.19070152391564013,0.006914060389996219,12.817065329218105
plasma,9871,samft_t_ende_adapter_box,boxes,1,0,0.12929828196776275,0.012734515283482281,14.455954218106998
plasma,9281,samft_t_ende_adapter_box,boxes,1,0,0.43357400953445285,0.042724356337912314,-10.1630658436214
plasma,9276,samft_t_ende_adapter_box,boxes,1,0,0.20013250935650143,0.011037723866378763,22.57394547325103
plasma,2394,samft_t_ende_adapter_box,boxes,1,0,0.4279898133309705,0.042743977854997346,-5.934735082304527
plasma,9300,samft_t_ende_adapter_box,boxes,1,0,0.19086224738741348,0.015680023723912962,5.0104809670781885
plasma,1694,samft_t_ende_adapter_box,boxes,1,0,0.5465582289580165,0.053318302331892865,-0.5966435185185165
plasma,1719,samft_t_ende_adapter_box,boxes,1,0,0.4545249904912714,0.05189308014312107,0.6777906378600831
plasma,403,samft_t_ende_adapter_box,boxes,1,0,0.10678588906676399,0.010266628391955556,20.199909979423868
plasma,9630,samft_t_ende_adapter_box,boxes,1,0,0.33573701993916244,0.041359168420060925,-1.0443672839506175
plasma,2078,samft_t_ende_adapter_box,boxes,1,0,0.2622266821590789,0.02982533230803032,-6.269418724279836
plasma,207,samft_t_ende_adapter_box,boxes,1,0,0.34864072314109573,0.03571330231021285,4.681905864197532
plasma,1981,samft_t_ende_adapter_box,boxes,1,0,0.23754185807797804,0.030199397171342453,2.3078060699588483
plasma,9396,samft_t_ende_adapter_box,boxes,1,0,0.29798668615034907,0.023319861225365713,7.698431069958847
plasma,9353,samft_t_ende_adapter_box,boxes,1,0,0.3246925691409772,0.021322428712256744,0.4057355967078194
plasma,1839,samft_t_ende_adapter_box,boxes,1,0,0.30854743605097606,0.02834516095855189,9.147826646090536
plasma,203,samft_t_ende_adapter_box,boxes,1,0,0.1596331865951278,0.004961935834692768,2.533822016460905
plasma,9367,samft_t_ende_adapter_box,boxes,1,0,0.07392039593863513,0.008930453613384182,18.352687757201647
plasma,1844,samft_t_ende_adapter_box,boxes,1,0,0.19582530101444237,0.031041365544772524,-4.177854938271604
plasma,9694,samft_t_ende_adapter_box,boxes,1,0,0.268269301057864,0.018912493289362682,3.4241898148148153
plasma,1957,samft_t_ende_adapter_box,boxes,1,0,0.40226121523441144,0.054021717046301106,12.638310185185183
plasma,9875,samft_t_ende_adapter_box,boxes,1,0,0.32510149537651,0.04089516755817675,-4.756237139917696
plasma,1853,samft_t_ende_adapter_box,boxes,1,0,0.3080034538645882,0.034119190913616,-6.955632716049384
plasma,9339,samft_t_ende_adapter_box,boxes,1,0,0.3042109511637293,0.02648458514380302,4.8627186213991775
plasma,1766,samft_t_ende_adapter_box,boxes,1,0,0.41973188979031495,0.053383033247911604,5.735661008230452
plasma,1863,samft_t_ende_adapter_box,boxes,1,0,0.402315986741815,0.051615530166942106,1.1250643004115226
plasma,9292,samft_t_ende_adapter_box,boxes,1,0,0.35971052848857576,0.03425303114690887,-2.1815200617283925
plasma,1854,samft_t_ende_adapter_box,boxes,1,0,0.4002267573696145,0.054804099381596486,-0.7074331275720158
plasma,2063,samft_t_ende_adapter_box,boxes,1,0,0.20313324334879515,0.012338714080329032,-9.11496913580247
plasma,2184,samft_t_ende_adapter_box,boxes,1,0,0.44878031779408734,0.043730083040636414,2.5927854938271597
plasma,9886,samft_t_ende_adapter_box,boxes,1,0,0.0828248350886109,0.015657045670551747,-12.438978909465021
plasma,9626,samft_t_ende_adapter_box,boxes,1,0,0.3270265496020663,0.025568245815593253,9.91113683127572
plasma,9421,samft_t_ende_adapter_box,boxes,1,0,0.27620733103136513,0.027261799823703824,9.559027777777777
plasma,407,samft_t_ende_adapter_box,boxes,1,0,0.18371587943938375,0.022646089821397607,0.6858924897119346
plasma,1944,samft_t_ende_adapter_box,boxes,1,0,0.24036688139359944,0.015107460807529751,4.130336934156379
plasma,1972,samft_t_ende_adapter_box,boxes,1,0,0.3643729568199595,0.03591063653986716,0.10796039094650156
plasma,9357,samft_t_ende_adapter_box,boxes,1,0,0.2454045805264382,0.027586510328442265,9.034786522633745
plasma,1837,samft_t_ende_adapter_box,boxes,1,0,0.35165782219362607,0.03134134773602803,6.858088991769548
plasma,2174,samft_t_ende_adapter_box,boxes,1,0,0.3284229278077174,0.028222280962160184,5.848829732510288
plasma,2404,samft_t_ende_adapter_box,boxes,1,0,0.26512223941950835,0.033812253920011054,-2.318222736625514
plasma,2192,samft_t_ende_adapter_box,boxes,1,0,0.4034442244746174,0.04449352576207176,-2.1868569958847757
plasma,9590,samft_t_ende_adapter_box,boxes,1,0,0.3100113874377719,0.028806357265051596,9.793402777777779
plasma,1870,samft_t_ende_adapter_box,boxes,1,0,0.5226718443668908,0.05348416113393431,5.507844650205762
plasma,102,samft_t_ende_adapter_box,boxes,1,0,0.3380056727143114,0.035399261059148555,9.274755658436215
plasma,1705,samft_t_ende_adapter_box,boxes,1,0,0.36881343570835273,0.0237055622535762,14.588220164609053
plasma,9321,samft_t_ende_adapter_box,boxes,1,0,0.1971192643023949,0.025033474995633697,8.859503600823047
plasma,1704,samft_t_ende_adapter_box,boxes,1,0,0.4372930075610823,0.030510966793285136,1.854873971193416
plasma,9838,samft_t_ende_adapter_box,boxes,1,0,0.33814181667993026,0.03784939999274916,-0.09490740740740744
plasma,9775,samft_t_ende_adapter_box,boxes,1,0,0.29310288869540924,0.027793236651717027,-0.0691229423868317
plasma,2221,samft_t_ende_adapter_box,boxes,1,0,0.26164642407244554,0.018023678814736425,-2.04050925925926
plasma,9714,samft_t_ende_adapter_box,boxes,1,0,0.3247832442786571,0.0332821962050868,7.250643004115223
plasma,104,samft_t_ende_adapter_box,boxes,1,0,0.3063100955139331,0.023543587193512603,9.710519547325104
plasma,1745,samft_t_ende_adapter_box,boxes,1,0,0.27036182887883425,0.02000337451491348,4.864454732510287
plasma,9528,samft_t_ende_adapter_box,boxes,1,0,0.35364726684348363,0.023866871031311583,-0.18975051440329183
plasma,1898,samft_t_ende_adapter_box,boxes,1,0,0.16262971770955587,0.019719611770143277,-21.92772633744856
plasma,2216,samft_t_ende_adapter_box,boxes,1,0,0.4599024417554885,0.04330366004489167,10.367283950617285
plasma,9625,samft_t_ende_adapter_box,boxes,1,0,0.2345539760451176,0.014286383437163333,6.820023148148148
plasma,2178,samft_t_ende_adapter_box,boxes,1,0,0.255920834962553,0.017871389819690442,6.101337448559671
plasma,2087,samft_t_ende_adapter_box,boxes,1,0,0.3503020780338452,0.04638570526125801,-2.437307098765429
plasma,1992,samft_t_ende_adapter_box,boxes,1,0,0.3117546084311559,0.04009086597269028,0.08963477366255301
plasma,2189,samft_t_ende_adapter_box,boxes,1,0,0.31354297280673415,0.04359934853420196,-4.742605452674898
plasma,507,samft_t_ende_adapter_box,boxes,1,0,0.2387256731341243,0.016456987419245155,11.474665637860083
plasma,1970,samft_t_ende_adapter_box,boxes,1,0,0.5086170025410722,0.06544838700865907,-5.081147119341564
plasma,9692,samft_t_ende_adapter_box,boxes,1,0,0.2523418339739851,0.017650704104963992,6.053755144032922
plasma,1984,samft_t_ende_adapter_box,boxes,1,0,0.3141462028341493,0.04753619586155471,-1.5916923868312756
plasma,9726,samft_t_ende_adapter_box,boxes,1,0,0.22126586827019712,0.01716847286087298,-5.92798353909465
plasma,9782,samft_t_ende_adapter_box,boxes,1,0,0.23567559901073476,0.02732951587714732,-3.4438657407407423
plasma,2301,samft_t_ende_adapter_box,boxes,1,0,0.3171032531824611,0.04511652730830813,-9.956018518518519
plasma,2033,samft_t_ende_adapter_box,boxes,1,0,0.11094542201014017,0.008328049038258296,-10.81475051440329
plasma,9373,samft_t_ende_adapter_box,boxes,1,0,0.14944994492379948,0.010122775653244615,32.917631172839506
plasma,1762,samft_t_ende_adapter_box,boxes,1,0,0.376970774924439,0.0386290807129982,-1.1690457818930051
plasma,9600,samft_t_ende_adapter_box,boxes,1,0,0.44480252683477994,0.04029586074945168,8.793081275720164
plasma,518,samft_t_ende_adapter_box,boxes,1,0,0.14108511390650108,0.034818047622103845,-4.151556069958848
plasma,9504,samft_t_ende_adapter_box,boxes,1,0,0.40448033431240743,0.010966302041716034,0.567836934156378
plasma,2015,samft_t_ende_adapter_box,boxes,1,0,0.15247697699357676,0.028231895476331165,-30.939107510288068
plasma,113,samft_t_ende_adapter_box,boxes,1,0,0.3978240654640134,0.0330547755184897,1.7771347736625518
plasma,9442,samft_t_ende_adapter_box,boxes,1,0,0.15050963318617377,0.03366885280398415,1.3937757201646097
plasma,9773,samft_t_ende_adapter_box,boxes,1,0,0.3551805009431252,0.024387028737147376,-2.632008744855968
plasma,9629,samft_t_ende_adapter_box,boxes,1,0,0.2881624377560707,0.02795621460447059,2.641268004115227
plasma,2227,samft_t_ende_adapter_box,boxes,1,0,0.239323482587667,0.010818458859381803,2.5525977366255144
plasma,2142,samft_t_ende_adapter_box,boxes,1,0,0.36316424597254016,0.012638516694430361,-14.295203189300413
plasma,208,samft_t_ende_adapter_box,boxes,1,0,0.23142884285578572,0.031963673596581046,-5.665702160493827
plasma,9605,samft_t_ende_adapter_box,boxes,1,0,0.13077980062783243,0.006978557504873294,12.673675411522634
plasma,9686,samft_t_ende_adapter_box,boxes,1,0,0.12318155856256596,0.008641475847560483,6.781957304526751
plasma,1959,samft_t_ende_adapter_box,boxes,1,0,0.06804699017042354,0.00653568724345435,-1.3827803497942381
plasma,1816,samft_t_ende_adapter_box,boxes,1,0,0.2579092991822528,0.031161473087818695,-3.8577031893004126
plasma,9774,samft_t_ende_adapter_box,boxes,1,0,0.21503851629275758,0.020459141191863924,-5.639531893004114
plasma,2188,samft_t_ende_adapter_box,boxes,1,0,0.26897712453511574,0.018297849804046182,0.878793724279836
plasma,110,samft_t_ende_adapter_box,boxes,1,0,0.518640343576256,0.0468927135937339,5.584747942386831
plasma,9845,samft_t_ende_adapter_box,boxes,1,0,0.22654939940453783,0.02769649883967309,0.45273919753086417
plasma,9789,samft_t_ende_adapter_box,boxes,1,0,0.16804349869315943,0.015434416245348817,18.714827674897116
plasma,2105,samft_t_ende_adapter_box,boxes,1,0,0.5298104033492043,0.08746205775514605,-6.179012345679014
plasma,9453,samft_t_ende_adapter_box,boxes,1,0,0.17843673587798914,0.017207147584381206,-2.7543724279835384
plasma,2386,samft_t_ende_adapter_box,boxes,1,0,0.34899240251089214,0.0380745391612332,-6.484953703703705
plasma,2073,samft_t_ende_adapter_box,boxes,1,0,0.263938283417279,0.02035096578714809,-0.5232767489711937
plasma,1847,samft_t_ende_adapter_box,boxes,1,0,0.3590365621209496,0.04030524765147673,7.681391460905351
plasma,9902,samft_t_ende_adapter_box,boxes,1,0,0.32251069264328996,0.02318956469588685,5.581918724279835
plasma,9581,samft_t_ende_adapter_box,boxes,1,0,0.34507031205058075,0.04390201828531999,1.9985210905349797
plasma,417,samft_t_ende_adapter_box,boxes,1,0,0.07313897808125314,0.01103002533719713,37.2806712962963
plasma,2392,samft_t_ende_adapter_box,boxes,1,0,0.27795363287317915,0.0163831915957979,-1.891718106995885
plasma,506,samft_t_ende_adapter_box,boxes,1,0,0.18676586809240914,0.015307710935067631,4.469071502057612
plasma,1871,samft_t_ende_adapter_box,boxes,1,0,0.39396704721386583,0.0327186315520729,6.923739711934157
plasma,2145,samft_t_ende_adapter_box,boxes,1,0,0.3444662929900464,0.0317019271391895,-21.624678497942387
plasma,1774,samft_t_ende_adapter_box,boxes,1,0,0.22231307465940983,0.03967522492868115,-7.5688657407407405
plasma,9464,samft_t_ende_adapter_box,boxes,1,0,0.16288062307460258,0.00347846947343169,-0.7914737654320991
plasma,9832,samft_t_ende_adapter_box,boxes,1,0,0.31739306499600073,0.0369889033290013,-0.20788323045267537
plasma,2052,samft_t_ende_adapter_box,boxes,1,0,0.4330875662977625,0.030673266760136198,-1.5300282921810695
plasma,2200,samft_t_ende_adapter_box,boxes,1,0,0.4469517171668881,0.06236933153249829,9.203832304526749
plasma,9841,samft_t_ende_adapter_box,boxes,1,0,0.44645357619325887,0.023727087576374744,11.518904320987655
plasma,9805,samft_t_ende_adapter_box,boxes,1,0,0.10584992024412233,0.014541302820435613,23.454989711934154
plasma,1838,samft_t_ende_adapter_box,boxes,1,0,0.26158007810083833,0.017100202638435136,-2.900720164609055
plasma,1888,samft_t_ende_adapter_box,boxes,1,0,0.16052122703700447,0.01387956122677412,-6.564043209876543
plasma,9286,samft_t_ende_adapter_box,boxes,1,0,0.2497018335841275,0.02326323695080736,5.744084362139917
plasma,9859,samft_t_ende_adapter_box,boxes,1,0,0.14967298313930025,0.014756234281731964,-4.183706275720164
plasma,2060,samft_t_ende_adapter_box,boxes,1,0,0.3304271850719256,0.031666095393782796,3.346450617283951
plasma,2380,samft_t_ende_adapter_box,boxes,1,0,0.4040177242159637,0.04278844089484306,8.780928497942387
plasma,1770,samft_t_ende_adapter_box,boxes,1,0,0.15751635112864418,0.008826180842365668,4.259645061728396
plasma,1855,samft_t_ende_adapter_box,boxes,1,0,0.15118433054058883,0.02197660554893178,0.011316872427984126
plasma,2359,samft_t_ende_adapter_box,boxes,1,0,0.3028773545011901,0.028342945350856505,-14.451388888888891
plasma,1994,samft_t_ende_adapter_box,boxes,1,0,0.26863125517949943,0.02226179875333927,-15.454925411522636
plasma,1709,samft_t_ende_adapter_box,boxes,1,0,0.47373237842946714,0.057168900346089756,16.699074074074073
plasma,2071,samft_t_ende_adapter_box,boxes,1,0,0.19045910207902642,0.008857326804143825,0.1865354938271599
plasma,9820,samft_t_ende_adapter_box,boxes,1,0,0.21854829086254218,0.03273359116641444,4.614776234567901
plasma,1747,samft_t_ende_adapter_box,boxes,1,0,0.3903985249130453,0.05527931593023694,-5.7786136831275705
plasma,9512,samft_t_ende_adapter_box,boxes,1,0,0.32946398520081893,0.02967089919668308,11.318994341563785
plasma,1963,samft_t_ende_adapter_box,boxes,1,0,0.2379793428740961,0.028339350180505415,-11.466563786008232
plasma,2295,samft_t_ende_adapter_box,boxes,1,0,0.30395707080095674,0.01693368319833108,-14.492155349794237
plasma,2013,samft_t_ende_adapter_box,boxes,1,0,0.46826886523474626,0.04306815137948188,-1.257330246913582
plasma,1993,samft_t_ende_adapter_box,boxes,1,0,0.24516956788121239,0.01961929798938708,-30.044817386831273
plasma,9910,samft_t_ende_adapter_box,boxes,1,0,0.22413870086263865,0.02009617723555938,7.34889403292181
plasma,9342,samft_t_ende_adapter_box,boxes,1,0,0.28353183715894925,0.03592165363474491,7.178176440329219
plasma,2318,samft_t_ende_adapter_box,boxes,1,0,0.21715018536518058,0.013604290149590742,-9.061149691358025
plasma,1742,samft_t_ende_adapter_box,boxes,1,0,0.520014728643467,0.07395561540835507,3.3797582304526745
plasma,305,samft_t_ende_adapter_box,boxes,1,0,0.285623365276448,0.03332016878338773,2.1906507201646095
plasma,1715,samft_t_ende_adapter_box,boxes,1,0,0.6424309625640213,0.10529375431457326,1.3689557613168728
plasma,9710,samft_t_ende_adapter_box,boxes,1,0,0.32895693307302315,0.04141578711246488,15.187692901234565
plasma,1738,samft_t_ende_adapter_box,boxes,1,0,0.39415846371111835,0.06593457297097771,13.588541666666668
plasma,2315,samft_t_ende_adapter_box,boxes,1,0,0.43855486009155625,0.0367487011645827,4.145769032921809
plasma,2439,samft_t_ende_adapter_box,boxes,1,0,0.47436825988550124,0.05601804002630837,-0.1449331275720167
plasma,9889,samft_t_ende_adapter_box,boxes,1,0,0.09529626680932743,0.01201106873083539,41.07336676954733
plasma,9706,samft_t_ende_adapter_box,boxes,1,0,0.3827229872324598,0.023733945402158518,9.017875514403292
plasma,9786,samft_t_ende_adapter_box,boxes,1,0,0.2275267461316485,0.015924583836616824,21.79558899176955
plasma,1739,samft_t_ende_adapter_box,boxes,1,0,0.3910524197007794,0.04026893984872133,9.710390946502056
plasma,9343,samft_t_ende_adapter_box,boxes,1,0,0.4888785425709265,0.028145368358680624,2.5992798353909468
plasma,2025,samft_t_ende_adapter_box,boxes,1,0,0.30876244758909854,0.02872225813402284,2.1535493827160495
plasma,2047,samft_t_ende_adapter_box,boxes,1,0,0.34453328141035783,0.02170365770891395,0.9526105967078202
plasma,304,samft_t_ende_adapter_box,boxes,1,0,0.21204393879952924,0.023274180061321193,10.829218106995885
plasma,2110,samft_t_ende_adapter_box,boxes,1,0,0.28074056152720656,0.019731731317002434,5.124871399176954
plasma,206,samft_t_ende_adapter_box,boxes,1,0,0.2162543523941975,0.009103142563128315,-2.7520576131687244
plasma,1693,samft_t_ende_adapter_box,boxes,1,0,0.25040117212028185,0.023673920435226113,2.1885288065843618
plasma,2299,samft_t_ende_adapter_box,boxes,1,0,0.30109501673174116,0.027035835674266293,13.027199074074074
plasma,1812,samft_t_ende_adapter_box,boxes,1,0,0.285854505937937,0.015866957470010906,4.762602880658437
plasma,9317,samft_t_ende_adapter_box,boxes,1,0,0.06936781643474475,0.01951094828320695,-1.4940200617283954
plasma,2378,samft_t_ende_adapter_box,boxes,1,0,0.27543968473215374,0.011160924964605946,-5.6888503086419755
plasma,2423,samft_t_ende_adapter_box,boxes,1,0,0.2773796056181144,0.027789112870317472,-15.140946502057611
plasma,9402,samft_t_ende_adapter_box,boxes,1,0,0.3349711298226684,0.04862059021436124,0.1756044238683141
plasma,2160,samft_t_ende_adapter_box,boxes,1,0,0.30708533240446906,0.04496141625056741,-16.463927469135804
plasma,115,samft_t_ende_adapter_box,boxes,1,0,0.32511856614972795,0.029890722091279194,2.276684670781892
plasma,2355,samft_t_ende_adapter_box,boxes,1,0,0.3250740174327063,0.029957233325108974,-4.837319958847738
plasma,2435,samft_t_ende_adapter_box,boxes,1,0,0.4340387566888794,0.05450900890640304,-10.09497170781893
plasma,2276,samft_t_ende_adapter_box,boxes,1,0,0.3267934972048884,0.019168314035583167,8.651877572016458
plasma,513,samft_t_ende_adapter_box,boxes,1,0,0.19145840545673998,0.029708276970980833,0.256301440329218
plasma,1808,samft_t_ende_adapter_box,boxes,1,0,0.33865757263330426,0.02149983732783863,0.6968878600823056
plasma,9719,samft_t_ende_adapter_box,boxes,1,0,0.11566249755199043,0.008254218666366171,2.1915509259259265
plasma,9601,samft_t_ende_adapter_box,boxes,1,0,0.16298816412540199,0.004412253095693704,2.97389403292181
plasma,2351,samft_t_ende_adapter_box,boxes,1,0,0.3933206414484432,0.033324776176876424,-0.045588991769549
plasma,2335,samft_t_ende_adapter_box,boxes,1,0,0.4558553827509594,0.051678321678321676,4.422968106995887
plasma,2159,samft_t_ende_adapter_box,boxes,1,0,0.4027372057107871,0.058993942586252304,4.44727366255144
plasma,2086,samft_t_ende_adapter_box,boxes,1,0,0.41385441824183233,0.04171694150243554,9.838734567901234
plasma,9407,samft_t_ende_adapter_box,boxes,1,0,0.2232716099296515,0.011281777005231402,12.900527263374483
plasma,9727,samft_t_ende_adapter_box,boxes,1,0,0.28004763998046944,0.03904530372219849,24.702096193415635
plasma,2082,samft_t_ende_adapter_box,boxes,1,0,0.29852856297443614,0.03257496465230724,10.510802469135802
plasma,512,samft_t_ende_adapter_box,boxes,1,0,0.2682481304401128,0.037041629211741735,-1.7025462962962965
plasma,9757,samft_t_ende_adapter_box,boxes,1,0,0.21243993109076073,0.010222447849363115,-2.9398148148148158
plasma,2122,samft_t_ende_adapter_box,boxes,1,0,0.23903222724171877,0.018985942887454692,3.97871656378601
plasma,9801,samft_t_ende_adapter_box,boxes,1,0,0.28753098312157566,0.014771328472682511,-0.07246656378600835
plasma,9511,samft_b_ende_adapter,none,0,2,0.42282615338593516,0.14072110286320255,11.194508744855968
plasma,2139,samft_b_ende_adapter,none,0,2,0.688455900227626,0.14247441461715693,-4.730774176954733
plasma,2026,samft_b_ende_adapter,none,0,2,0.6244933629688758,0.12109046169785663,8.902327674897121
plasma,9830,samft_b_ende_adapter,none,0,2,0.5234297314146457,0.08419580419580419,11.763117283950617
plasma,9397,samft_b_ende_adapter,none,0,2,0.6670387097545711,0.1698698078115313,4.1448688271604945
plasma,1815,samft_b_ende_adapter,none,0,2,0.5681275377396855,0.10882070949185044,11.972157921810702
plasma,409,samft_b_ende_adapter,none,0,2,0.1892563086919756,0.040745446844557394,11.143904320987655
plasma,1954,samft_b_ende_adapter,none,0,2,0.6387379271886147,0.1573997233748271,5.8907536008230466
plasma,1948,samft_b_ende_adapter,none,0,2,0.6283255977656743,0.10140875753394815,-3.8575102880658463
plasma,1716,samft_b_ende_adapter,none,0,2,0.902710332763756,0.43926359256710257,1.3874742798353905
plasma,2384,samft_b_ende_adapter,none,0,2,0.6297602189676965,0.11344470962609388,12.595036008230453
plasma,1967,samft_b_ende_adapter,none,0,2,0.5489772414993885,0.054502369668246446,4.4238040123456805
plasma,2258,samft_b_ende_adapter,none,0,2,0.6231792152195963,0.1130083031722376,-2.2337319958847717
plasma,2186,samft_b_ende_adapter,none,0,2,0.6738632054497612,0.13742285592679293,4.942836934156378
plasma,2424,samft_b_ende_adapter,none,0,2,0.6650133043276273,0.045654000560171784,2.0090663580246915
plasma,9347,samft_b_ende_adapter,none,0,2,0.5288997711304785,0.16364094805849722,5.041087962962963
plasma,9387,samft_b_ende_adapter,none,0,2,0.8170109424241786,0.27311982727599854,1.4335776748971192
plasma,9798,samft_b_ende_adapter,none,0,2,0.5519566253656563,0.08997685920413812,12.267489711934157
plasma,9912,samft_b_ende_adapter,none,0,2,0.6630493779873038,0.10392979357544983,8.919431584362142
plasma,516,samft_b_ende_adapter,none,0,2,0.4144848223600777,0.0695766581533937,2.5259773662551446
plasma,2339,samft_b_ende_adapter,none,0,2,0.8022428108364235,0.13312883435582823,-1.6201131687242798
plasma,1776,samft_b_ende_adapter,none,0,2,0.3771319718247464,0.043591463174089705,2.986368312757201
plasma,2046,samft_b_ende_adapter,none,0,2,0.5776995195838542,0.07492732159508529,7.281893004115226
plasma,9398,samft_b_ende_adapter,none,0,2,0.5334873934374531,0.05389662560257097,9.645961934156377
plasma,9871,samft_b_ende_adapter,none,0,2,0.343258122261784,0.03725301866081229,9.719585905349794
plasma,9281,samft_b_ende_adapter,none,0,2,0.6818480032168631,0.02022039531222669,-12.619663065843623
plasma,9276,samft_b_ende_adapter,none,0,2,0.4067318641759372,0.092896899019348,12.720871913580249
plasma,2394,samft_b_ende_adapter,none,0,2,0.728270054838033,0.16932880907059505,-5.10918209876543
plasma,9300,samft_b_ende_adapter,none,0,2,0.38276050841082515,0.03715588583009627,10.284529320987655
plasma,1694,samft_b_ende_adapter,none,0,2,0.8630607511528181,0.061425359985418315,1.6322016460905364
plasma,1719,samft_b_ende_adapter,none,0,2,0.7848002743918526,0.32821810464451884,5.071887860082304
plasma,403,samft_b_ende_adapter,none,0,2,0.25706015533201504,0.051552607778112755,8.16210133744856
plasma,9630,samft_b_ende_adapter,none,0,2,0.5793332322372181,0.088348126974575,1.073045267489714
plasma,2078,samft_b_ende_adapter,none,0,2,0.4934527150122173,0.04133481197701381,9.052276234567898
plasma,207,samft_b_ende_adapter,none,0,2,0.7213356709280848,0.19893816364772018,-0.17611882716049299
plasma,1981,samft_b_ende_adapter,none,0,2,0.30358228694779726,0.03919685726756875,17.04038065843621
plasma,9396,samft_b_ende_adapter,none,0,2,0.588526846278547,0.22759208005109643,10.194701646090534
plasma,9353,samft_b_ende_adapter,none,0,2,0.6161311259233313,0.1361428795237349,6.15207047325103
plasma,1839,samft_b_ende_adapter,none,0,2,0.48314074510225763,0.08561560833737276,15.837641460905349
plasma,203,samft_b_ende_adapter,none,0,2,0.5139194530498878,0.16464127132507594,4.231288580246914
plasma,9367,samft_b_ende_adapter,none,0,2,0.23521501101746894,0.006619269428781564,5.014467592592593
plasma,1844,samft_b_ende_adapter,none,0,2,0.519467171491481,0.08189322406318665,11.201003086419755
plasma,9694,samft_b_ende_adapter,none,0,2,0.6595112662147329,0.11337037474878828,5.3235596707818935
plasma,1957,samft_b_ende_adapter,none,0,2,0.6729866850868208,0.1658206429780034,7.250385802469136
plasma,9875,samft_b_ende_adapter,none,0,2,0.7938582895785276,0.08624876928126025,0.5945859053497954
plasma,1853,samft_b_ende_adapter,none,0,2,0.7395577539574164,0.09056566746798803,-1.8920396090535
plasma,9339,samft_b_ende_adapter,none,0,2,0.17163935459112076,0.036550542547115934,8.919560185185185
plasma,1766,samft_b_ende_adapter,none,0,2,0.6318110062903897,0.2159675504550851,6.305491255144033
plasma,1863,samft_b_ende_adapter,none,0,2,0.7348306897718231,0.12543092018032354,5.127572016460904
plasma,9292,samft_b_ende_adapter,none,0,2,0.5997842892891082,0.08748874887488749,8.112654320987655
plasma,1854,samft_b_ende_adapter,none,0,2,0.7616166855238667,0.2047327838340867,2.923675411522633
plasma,2063,samft_b_ende_adapter,none,0,2,0.4339456601964409,0.04659795442878016,-5.8819444444444455
plasma,2184,samft_b_ende_adapter,none,0,2,0.8727315671377396,0.2961847389558233,1.6879501028806587
plasma,9886,samft_b_ende_adapter,none,0,2,0.6502088613225171,0.055438028870084616,2.808191872427984
plasma,9626,samft_b_ende_adapter,none,0,2,0.7002243065566035,0.2238966630785791,2.8692129629629637
plasma,9421,samft_b_ende_adapter,none,0,2,0.5489198429717312,0.07728281547241599,7.436149691358025
plasma,407,samft_b_ende_adapter,none,0,2,0.3935336299360473,0.053653202105119265,6.246849279835391
plasma,1944,samft_b_ende_adapter,none,0,2,0.3855606898559162,0.01994605783102302,15.566872427983542
plasma,1972,samft_b_ende_adapter,none,0,2,0.7552273854686,0.10948491954394761,2.0949717078189294
plasma,9357,samft_b_ende_adapter,none,0,2,0.27732894259892976,0.03255498498207538,14.207947530864196
plasma,1837,samft_b_ende_adapter,none,0,2,0.6641121775319293,0.08405607698705002,3.7973894032921813
plasma,2174,samft_b_ende_adapter,none,0,2,0.5666287782714751,0.14595911450058258,7.758680555555555
plasma,2404,samft_b_ende_adapter,none,0,2,0.7779694937649282,0.13294717007467374,4.934349279835391
plasma,2192,samft_b_ende_adapter,none,0,2,0.4099041014249336,0.062138892035799254,-2.375385802469138
plasma,9590,samft_b_ende_adapter,none,0,2,0.6018749107751852,0.1228427380259841,6.515496399176955
plasma,1870,samft_b_ende_adapter,none,0,2,0.822424870028319,0.19204122530775838,1.1527777777777777
plasma,102,samft_b_ende_adapter,none,0,2,0.8165445841504211,0.2768756998880179,-2.213477366255144
plasma,1705,samft_b_ende_adapter,none,0,2,0.7752289784699045,0.1236382062325817,2.288258744855967
plasma,9321,samft_b_ende_adapter,none,0,2,0.21150567858955807,0.0020898641588296763,6.311342592592592
plasma,1704,samft_b_ende_adapter,none,0,2,0.8819713821242898,0.4198782961460446,0.5837191358024691
plasma,9838,samft_b_ende_adapter,none,0,2,0.650900747094254,0.1459993072393488,5.970550411522633
plasma,9775,samft_b_ende_adapter,none,0,2,0.7306977160277187,0.12007443591532915,1.0835262345679024
plasma,2221,samft_b_ende_adapter,none,0,2,0.680627971889101,0.10396449704142012,5.45826903292181
plasma,9714,samft_b_ende_adapter,none,0,2,0.42181122021260054,0.02959930196657494,-1.5877057613168737
plasma,104,samft_b_ende_adapter,none,0,2,0.8458964401570406,0.2198248040571692,0.64011059670782
plasma,1745,samft_b_ende_adapter,none,0,2,0.6672429698537523,0.14688192465970243,6.940522119341564
plasma,9528,samft_b_ende_adapter,none,0,2,0.8109887715227205,0.21063576945929888,2.3718492798353905
plasma,1898,samft_b_ende_adapter,none,0,2,0.7265489500553634,0.11625712937947597,-2.7420267489711936
plasma,2216,samft_b_ende_adapter,none,0,2,0.6282457511269095,0.1584401897066573,8.093942901234566
plasma,9625,samft_b_ende_adapter,none,0,2,0.3403912719205982,0.045408944506045726,11.426826131687244
plasma,2178,samft_b_ende_adapter,none,0,2,0.4224325332217604,0.043134063332346845,13.000900205761317
plasma,2087,samft_b_ende_adapter,none,0,2,0.6990854201600668,0.10577339901477832,-5.831983024691356
plasma,1992,samft_b_ende_adapter,none,0,2,0.6627619414483821,0.09769018859927951,1.9341563786008238
plasma,2189,samft_b_ende_adapter,none,0,2,0.7969012184081696,0.17188667031817956,4.63233024691358
plasma,507,samft_b_ende_adapter,none,0,2,0.6690161527165932,0.1909290936191355,2.0679012345679024
plasma,1970,samft_b_ende_adapter,none,0,2,0.8796146148617087,0.19497122084216903,-1.8868312757201633
plasma,9692,samft_b_ende_adapter,none,0,2,0.4526594066515084,0.049764024135253,11.395190329218108
plasma,1984,samft_b_ende_adapter,none,0,2,0.35694832940196125,0.07981067406561122,18.08404063786008
plasma,9726,samft_b_ende_adapter,none,0,2,0.6807372241977081,0.06021029330381848,5.92258230452675
plasma,9782,samft_b_ende_adapter,none,0,2,0.5140153359598255,0.03930455959951292,-0.4935056584362163
plasma,2301,samft_b_ende_adapter,none,0,2,0.7691025854169647,0.1808893789048144,0.575488683127573
plasma,2033,samft_b_ende_adapter,none,0,2,0.6931421662493762,0.05133103278284447,1.2204861111111132
plasma,9373,samft_b_ende_adapter,none,0,2,0.36646114019884335,0.049344336423242145,14.833783436213993
plasma,1762,samft_b_ende_adapter,none,0,2,0.6817343926574914,0.12454713791160132,7.719521604938271
plasma,9600,samft_b_ende_adapter,none,0,2,0.5203203815230351,0.14723551573159557,9.794495884773662
plasma,518,samft_b_ende_adapter,none,0,2,0.7362856965096746,0.1054721339878718,3.3198945473251045
plasma,9504,samft_b_ende_adapter,none,0,2,0.7057285476586641,0.10136199388492541,4.551568930041151
plasma,2015,samft_b_ende_adapter,none,0,2,0.7997775975997922,0.13075085324232083,-6.543016975308641
plasma,113,samft_b_ende_adapter,none,0,2,0.8622634608350819,0.292044457443697,1.308256172839506
plasma,9442,samft_b_ende_adapter,none,0,2,0.1748190431354087,0.01386392811296534,10.604681069958849
plasma,9773,samft_b_ende_adapter,none,0,2,0.5864761207663491,0.03474640726952484,-1.715406378600823
plasma,9629,samft_b_ende_adapter,none,0,2,0.816660241500022,0.15055596136677218,1.5512474279835402
plasma,2227,samft_b_ende_adapter,none,0,2,0.6745584664942319,0.11634781180720913,5.620756172839507
plasma,2142,samft_b_ende_adapter,none,0,2,0.6816618749647669,0.07077682906412189,-10.092335390946502
plasma,208,samft_b_ende_adapter,none,0,2,0.7501185962421683,0.2259654152853687,-0.2273019547325103
plasma,9605,samft_b_ende_adapter,none,0,2,0.15772015193903374,0.021084797555385792,22.38940329218107
plasma,9686,samft_b_ende_adapter,none,0,2,0.5780264852518163,0.09252394192153228,11.010030864197532
plasma,1959,samft_b_ende_adapter,none,0,2,0.5677679211960045,0.09549151521237072,8.329668209876544
plasma,1816,samft_b_ende_adapter,none,0,2,0.6500834104496361,0.13310230763172404,5.996206275720165
plasma,9774,samft_b_ende_adapter,none,0,2,0.5495928998583329,0.06703425519906221,9.042116769547325
plasma,2188,samft_b_ende_adapter,none,0,2,0.4832938646977987,0.06428340691288899,8.93261316872428
plasma,110,samft_b_ende_adapter,none,0,2,0.7999809390135073,0.20909327774882752,1.1138117283950617
plasma,9845,samft_b_ende_adapter,none,0,2,0.4981164416416698,0.12085149178679182,4.8695344650205765
plasma,9789,samft_b_ende_adapter,none,0,2,0.18730555152219158,0.02360313315926893,19.77346965020576
plasma,2105,samft_b_ende_adapter,none,0,2,0.6930413305010654,0.11776149406653265,-14.378536522633745
plasma,9453,samft_b_ende_adapter,none,0,2,0.4858467717520738,0.11795709301462401,10.320730452674898
plasma,2386,samft_b_ende_adapter,none,0,2,0.7512822298722142,0.16133402813965608,4.761123971193415
plasma,2073,samft_b_ende_adapter,none,0,2,0.6459452485397265,0.0835678109172763,2.7755272633744847
plasma,1847,samft_b_ende_adapter,none,0,2,0.46538294557805754,0.10726985381272225,12.450231481481483
plasma,9902,samft_b_ende_adapter,none,0,2,0.5394631434208167,0.10687977762334955,6.711484053497943
plasma,9581,samft_b_ende_adapter,none,0,2,0.46173550479752856,0.08312641692756126,10.537744341563787
plasma,417,samft_b_ende_adapter,none,0,2,0.4351090960612071,0.04377856780091417,3.2829218106995883
plasma,2392,samft_b_ende_adapter,none,0,2,0.6548281362710343,0.10461454196905381,9.309606481481481
plasma,506,samft_b_ende_adapter,none,0,2,0.6036948630947684,0.05292895181192363,-0.29089506172839674
plasma,1871,samft_b_ende_adapter,none,0,2,0.532362534757633,0.1639114317202685,10.007523148148149
plasma,2145,samft_b_ende_adapter,none,0,2,0.6097954910322764,0.09043005735927766,-16.665830761316872
plasma,1774,samft_b_ende_adapter,none,0,2,0.6269410200356088,0.09861212563915267,8.71637088477366
plasma,9464,samft_b_ende_adapter,none,0,2,0.9837897151977655,0.6039106145251396,-0.09053497942386884
plasma,9832,samft_b_ende_adapter,none,0,2,0.7257859248295317,0.171602640040616,5.992734053497942
plasma,2052,samft_b_ende_adapter,none,0,2,0.7530910761345229,0.17598710717163576,3.9341563786008225
plasma,2200,samft_b_ende_adapter,none,0,2,0.7421092162491049,0.3155647180091297,4.675733024691358
plasma,9841,samft_b_ende_adapter,none,0,2,0.26214893466934946,0.05855733550547561,7.3337834362139915
plasma,9805,samft_b_ende_adapter,none,0,2,0.41618164152131737,0.053921996335398306,6.685635288065843
plasma,1838,samft_b_ende_adapter,none,0,2,0.5995019123305811,0.02912621359223301,4.563593106995883
plasma,1888,samft_b_ende_adapter,none,0,2,0.5949798834748118,0.09072593747969065,1.913515946502059
plasma,9286,samft_b_ende_adapter,none,0,2,0.5639884346091438,0.05349239946122763,7.198752572016462
plasma,9859,samft_b_ende_adapter,none,0,2,0.4807116249655547,0.050802644003777146,7.378922325102883
plasma,2060,samft_b_ende_adapter,none,0,2,0.5769248366611153,0.10550559333187103,10.84760802469136
plasma,2380,samft_b_ende_adapter,none,0,2,0.6237422800591965,0.17027069072806472,10.73701131687243
plasma,1770,samft_b_ende_adapter,none,0,2,0.4649049049049049,0.029953029953029953,7.558641975308642
plasma,1855,samft_b_ende_adapter,none,0,2,0.5245408309917816,0.06966455731645853,8.257716049382715
plasma,2359,samft_b_ende_adapter,none,0,2,0.6760164127664092,0.09177785241046622,1.7229295267489675
plasma,1994,samft_b_ende_adapter,none,0,2,0.6218033796699075,0.04215390797669279,-4.631365740740742
plasma,1709,samft_b_ende_adapter,none,0,2,0.7024895891459079,0.17010968921389397,4.444765946502057
plasma,2071,samft_b_ende_adapter,none,0,2,0.5919347464760448,0.06941090582355254,5.5573559670781885
plasma,9820,samft_b_ende_adapter,none,0,2,0.5423140921980829,0.07565833444726641,8.78202160493827
plasma,1747,samft_b_ende_adapter,none,0,2,0.8281411761921946,0.18541897556979714,-0.662037037037036
plasma,9512,samft_b_ende_adapter,none,0,2,0.5056278763160975,0.14527845036319612,6.784336419753087
plasma,1963,samft_b_ende_adapter,none,0,2,0.6622687927856766,0.08552003816793893,-5.781635802469137
plasma,2295,samft_b_ende_adapter,none,0,2,0.3233424838974994,0.024114105896839513,-18.218878600823043
plasma,2013,samft_b_ende_adapter,none,0,2,0.75571961338708,0.11531256806795905,-0.6433256172839519
plasma,1993,samft_b_ende_adapter,none,0,2,0.6647824786573555,0.08686454683678191,-10.581918724279832
plasma,9910,samft_b_ende_adapter,none,0,2,0.6061215147288967,0.08475128756763804,8.745949074074074
plasma,9342,samft_b_ende_adapter,none,0,2,0.5117358181886988,0.14066788655077767,10.646412037037038
plasma,2318,samft_b_ende_adapter,none,0,2,0.6555020006989066,0.09662760105237982,0.09953703703703687
plasma,1742,samft_b_ende_adapter,none,0,2,0.7070205890238912,0.18053855569155447,5.556391460905348
plasma,305,samft_b_ende_adapter,none,0,2,0.48267595113606243,0.06178320384757677,0.5048868312757193
plasma,1715,samft_b_ende_adapter,none,0,2,0.8241541234104119,0.3045235223160434,5.269611625514406
plasma,9710,samft_b_ende_adapter,none,0,2,0.810490049412938,0.19372709451973066,1.892618312757202
plasma,1738,samft_b_ende_adapter,none,0,2,0.8117506301882181,0.18912448700410397,2.5669367283950613
plasma,2315,samft_b_ende_adapter,none,0,2,0.7268181689436067,0.11041162227602906,1.1025591563785992
plasma,2439,samft_b_ende_adapter,none,0,2,0.7197651928330815,0.11261049664773455,-3.793531378600823
plasma,9889,samft_b_ende_adapter,none,0,2,0.2743604117826929,0.022754021184778345,10.420396090534979
plasma,9706,samft_b_ende_adapter,none,0,2,0.4003503376866035,0.03993104090951449,10.24588477366255
plasma,9786,samft_b_ende_adapter,none,0,2,0.3042005648763911,0.04961354435038646,15.485082304526749
plasma,1739,samft_b_ende_adapter,none,0,2,0.643000863576786,0.28412856196156394,4.892168209876543
plasma,9343,samft_b_ende_adapter,none,0,2,0.3988387775161725,0.07701362031276274,8.101401748971194
plasma,2025,samft_b_ende_adapter,none,0,2,0.4523447726467172,0.04237438861716318,-0.4605195473251028
plasma,2047,samft_b_ende_adapter,none,0,2,0.5692404448978379,0.07317162807791253,5.336548353909468
plasma,304,samft_b_ende_adapter,none,0,2,0.7687845535265538,0.19599627560521415,2.1316872427983533
plasma,2110,samft_b_ende_adapter,none,0,2,0.5615987895984941,0.05455105024236362,8.044174382716047
plasma,206,samft_b_ende_adapter,none,0,2,0.6464528779978481,0.17940584867708495,4.779063786008231
plasma,1693,samft_b_ende_adapter,none,0,2,0.6542206211663908,0.3947826086956522,3.5392232510288064
plasma,2299,samft_b_ende_adapter,none,0,2,0.685050879073458,0.18082090472081844,4.5450102880658445
plasma,1812,samft_b_ende_adapter,none,0,2,0.4298538005693867,0.0456438637530667,12.46804269547325
plasma,9317,samft_b_ende_adapter,none,0,2,0.47361302552193374,0.10059752073486132,12.589699074074073
plasma,2378,samft_b_ende_adapter,none,0,2,0.6980878520018173,0.16459391603900275,6.762409979423866
plasma,2423,samft_b_ende_adapter,none,0,2,0.472989538336073,0.08418342719227676,-1.6249999999999987
plasma,9402,samft_b_ende_adapter,none,0,2,0.6133654122378627,0.10430626093636636,5.954218106995884
plasma,2160,samft_b_ende_adapter,none,0,2,0.6967509077474127,0.07691110073174529,-8.73244598765432
plasma,115,samft_b_ende_adapter,none,0,2,0.7549187977550594,0.21572064176890926,1.8958976337448559
plasma,2355,samft_b_ende_adapter,none,0,2,0.590393921305838,0.11528716216216216,-4.722222222222222
plasma,2435,samft_b_ende_adapter,none,0,2,0.7991979392054063,0.16502284053156147,1.7907021604938262
plasma,2276,samft_b_ende_adapter,none,0,2,0.5167349173248623,0.04404718024327313,-4.710519547325104
plasma,513,samft_b_ende_adapter,none,0,2,0.8517563546652528,0.16462746530314099,-0.6738040123456773
plasma,1808,samft_b_ende_adapter,none,0,2,0.689353092614768,0.16466960969798894,6.8201517489711945
plasma,9719,samft_b_ende_adapter,none,0,2,0.2383340012894457,0.03361699559418191,19.56442901234568
plasma,9601,samft_b_ende_adapter,none,0,2,0.5214657887682617,0.05228537696070164,6.76414609053498
plasma,2351,samft_b_ende_adapter,none,0,2,0.6175046093926541,0.07459834659179536,0.3497299382716035
plasma,2335,samft_b_ende_adapter,none,0,2,0.8232770642689228,0.15078721926371846,1.6360596707818948
plasma,2159,samft_b_ende_adapter,none,0,2,0.8084010296470239,0.11622368295703535,0.3726208847736612
plasma,2086,samft_b_ende_adapter,none,0,2,0.767658487998541,0.12397962315104646,-0.4130658436213991
plasma,9407,samft_b_ende_adapter,none,0,2,0.434336164043082,0.04699193595173174,9.903806584362139
plasma,9727,samft_b_ende_adapter,none,0,2,0.4001350944291804,0.07559014267185474,10.60622427983539
plasma,2082,samft_b_ende_adapter,none,0,2,0.6589415781642599,0.10553614904202392,6.681198559670781
plasma,512,samft_b_ende_adapter,none,0,2,0.8032314961744701,0.06001256807708421,-0.8822016460905344
plasma,9757,samft_b_ende_adapter,none,0,2,0.6963378661628359,0.084245838344199,2.988361625514402
plasma,2122,samft_b_ende_adapter,none,0,2,0.6405027316616799,0.11626788505470723,11.468557098765432
plasma,9801,samft_b_ende_adapter,none,0,2,0.5458159250395489,0.028971547125074097,5.232253086419752
plasma,9511,samft_b_ende_adapter,none,0,0,0.4543387039943624,0.06221354608725174,7.2633744855967075
plasma,2139,samft_b_ende_adapter,none,0,0,0.8008357520441424,0.18188682597494893,4.92772633744856
plasma,2026,samft_b_ende_adapter,none,0,0,0.5447484855014005,0.09081667231446967,6.534722222222222
plasma,9830,samft_b_ende_adapter,none,0,0,0.6112733644859814,0.038820992092020126,8.378986625514402
plasma,9397,samft_b_ende_adapter,none,0,0,0.6286450036008118,0.08546747967479675,2.7462062757201644
plasma,1815,samft_b_ende_adapter,none,0,0,0.7371287882487797,0.10004667807686324,3.2045396090534988
plasma,409,samft_b_ende_adapter,none,0,0,0.1540361120251655,0.03196690485144791,17.99556327160494
plasma,1954,samft_b_ende_adapter,none,0,0,0.5645825877084308,0.08012789458385815,7.4243184156378605
plasma,1948,samft_b_ende_adapter,none,0,0,0.6725856099881655,0.10751239645733612,8.000450102880658
plasma,1716,samft_b_ende_adapter,none,0,0,0.9016047892661021,0.23616289073702323,1.0461033950617287
plasma,2384,samft_b_ende_adapter,none,0,0,0.6323454053603137,0.10959990241522323,9.76999742798354
plasma,1967,samft_b_ende_adapter,none,0,0,0.6122906827160788,0.11388016036406978,8.910558127572019
plasma,2258,samft_b_ende_adapter,none,0,0,0.5822814502506394,0.10073063086451804,-0.27346965020575986
plasma,2186,samft_b_ende_adapter,none,0,0,0.6318012624789873,0.06325301204819277,1.5268775720164607
plasma,2424,samft_b_ende_adapter,none,0,0,0.36819112710703944,0.009156930849384275,-1.7699331275720154
plasma,9347,samft_b_ende_adapter,none,0,0,0.5140136844102644,0.09043358568479008,5.296553497942387
plasma,9387,samft_b_ende_adapter,none,0,0,0.7359736379397263,0.11641391614629795,2.7314814814814814
plasma,9798,samft_b_ende_adapter,none,0,0,0.36356573605333065,0.061435880231485364,10.687628600823047
plasma,9912,samft_b_ende_adapter,none,0,0,0.6724648715474612,0.07431781701444623,7.617412551440331
plasma,516,samft_b_ende_adapter,none,0,0,0.5626319202877189,0.0967228762328985,9.205697016460906
plasma,2339,samft_b_ende_adapter,none,0,0,0.81655221406583,0.1600158487575706,0.5700874485596724
plasma,1776,samft_b_ende_adapter,none,0,0,0.3311249979919356,0.0699663623258049,8.177854938271603
plasma,2046,samft_b_ende_adapter,none,0,0,0.5365547176244557,0.032140941535668606,4.9533822016460896
plasma,9398,samft_b_ende_adapter,none,0,0,0.5888734304281211,0.040521978021978024,6.677597736625515
plasma,9871,samft_b_ende_adapter,none,0,0,0.49376591593081326,0.0407536784164285,10.169753086419755
plasma,9281,samft_b_ende_adapter,none,0,0,0.7205723079909071,0.09033559625976688,-0.11259002057613099
plasma,9276,samft_b_ende_adapter,none,0,0,0.39917025440313114,0.07508591065292096,14.60815329218107
plasma,2394,samft_b_ende_adapter,none,0,0,0.8249339903250053,0.21325254938772026,2.0201260288065876
plasma,9300,samft_b_ende_adapter,none,0,0,0.27485677099947686,0.0328328509406657,18.214827674897123
plasma,1694,samft_b_ende_adapter,none,0,0,0.7730920131700874,0.14367462466158012,5.096450617283951
plasma,1719,samft_b_ende_adapter,none,0,0,0.698303507562795,0.15237934525818428,5.401427469135801
plasma,403,samft_b_ende_adapter,none,0,0,0.1685887708649469,0.023509554524082224,13.893518518518519
plasma,9630,samft_b_ende_adapter,none,0,0,0.5221442576858097,0.10170714868511893,9.116640946502061
plasma,2078,samft_b_ende_adapter,none,0,0,0.5268106192608277,0.0968919426700306,15.545974794238685
plasma,207,samft_b_ende_adapter,none,0,0,0.6383920721987946,0.14321752092649925,7.057806069958848
plasma,1981,samft_b_ende_adapter,none,0,0,0.2682007652726978,0.02105222496909765,12.156185699588477
plasma,9396,samft_b_ende_adapter,none,0,0,0.6491825016906899,0.09918094844793172,8.182291666666666
plasma,9353,samft_b_ende_adapter,none,0,0,0.7635515580979096,0.09441021126760564,3.1984953703703702
plasma,1839,samft_b_ende_adapter,none,0,0,0.37036566025314943,0.04629349470499244,16.14737654320988
plasma,203,samft_b_ende_adapter,none,0,0,0.5272265815203105,0.12828438948995363,4.105645576131687
plasma,9367,samft_b_ende_adapter,none,0,0,0.2511585421071489,0.007822321553289565,7.19283693415638
plasma,1844,samft_b_ende_adapter,none,0,0,0.4135571863193436,0.04712295045936085,9.95826903292181
plasma,9694,samft_b_ende_adapter,none,0,0,0.5902609435911278,0.10567098676541178,-2.587962962962963
plasma,1957,samft_b_ende_adapter,none,0,0,0.5592081738852582,0.10223734286702803,14.0625
plasma,9875,samft_b_ende_adapter,none,0,0,0.79459033962121,0.1619427627958173,0.6819058641975295
plasma,1853,samft_b_ende_adapter,none,0,0,0.5913842906840518,0.10085012227786189,8.33346193415638
plasma,9339,samft_b_ende_adapter,none,0,0,0.012418030461461145,0.009428908175291975,5.626221707818931
plasma,1766,samft_b_ende_adapter,none,0,0,0.5912563305618226,0.09685230024213075,7.987204218106997
plasma,1863,samft_b_ende_adapter,none,0,0,0.8009252787309861,0.1133791430881164,2.514853395061728
plasma,9292,samft_b_ende_adapter,none,0,0,0.5278310998521761,0.0933538225124856,11.544753086419753
plasma,1854,samft_b_ende_adapter,none,0,0,0.7156488549618321,0.19537308569566633,4.825745884773664
plasma,2063,samft_b_ende_adapter,none,0,0,0.569699548245504,0.08225666028208253,2.0104809670781902
plasma,2184,samft_b_ende_adapter,none,0,0,0.8515226370202762,0.2368811147346576,3.073752572016461
plasma,9886,samft_b_ende_adapter,none,0,0,0.5957622687900069,0.06653719887178064,5.239454732510287
plasma,9626,samft_b_ende_adapter,none,0,0,0.6526290549104238,0.13847654133708961,1.7460133744855972
plasma,9421,samft_b_ende_adapter,none,0,0,0.5716667773375536,0.11843850672730719,8.963284465020575
plasma,407,samft_b_ende_adapter,none,0,0,0.2695526071644103,0.05202285714285714,16.89480452674897
plasma,1944,samft_b_ende_adapter,none,0,0,0.3502668772777485,0.03234927633470718,18.43216306584362
plasma,1972,samft_b_ende_adapter,none,0,0,0.8104622787420519,0.13389494549058473,2.7857510288065837
plasma,9357,samft_b_ende_adapter,none,0,0,0.26279694887635763,0.038206267674727304,13.321887860082304
plasma,1837,samft_b_ende_adapter,none,0,0,0.5560747559423933,0.08103105504901625,3.034786522633745
plasma,2174,samft_b_ende_adapter,none,0,0,0.5570105545162706,0.17927198204352493,9.496913580246913
plasma,2404,samft_b_ende_adapter,none,0,0,0.7541098182088554,0.09938495946323735,4.307934670781894
plasma,2192,samft_b_ende_adapter,none,0,0,0.4104986642258091,0.05616059817945383,5.223958333333331
plasma,9590,samft_b_ende_adapter,none,0,0,0.5331795982264218,0.07584326398707332,-0.03420781893004182
plasma,1870,samft_b_ende_adapter,none,0,0,0.7958590648134569,0.13708195516354282,0.15760030864197527
plasma,102,samft_b_ende_adapter,none,0,0,0.729618077249263,0.1862751197660673,-1.902456275720163
plasma,1705,samft_b_ende_adapter,none,0,0,0.7860391942268887,0.11411637931034482,1.6496913580246908
plasma,9321,samft_b_ende_adapter,none,0,0,0.31321038301856574,0.0684011352885525,15.434349279835391
plasma,1704,samft_b_ende_adapter,none,0,0,0.7643495817709836,0.1269985465116279,0.8422710905349795
plasma,9838,samft_b_ende_adapter,none,0,0,0.5755592074401601,0.07236770618276649,8.385352366255145
plasma,9775,samft_b_ende_adapter,none,0,0,0.7231295205997185,0.09586609180826781,0.7247299382716038
plasma,2221,samft_b_ende_adapter,none,0,0,0.6382240106120688,0.09217703514465235,8.212512860082304
plasma,9714,samft_b_ende_adapter,none,0,0,0.4466720066629089,0.07045673900183692,14.747620884773664
plasma,104,samft_b_ende_adapter,none,0,0,0.8204157007583199,0.18846439475204224,1.9210390946502065
plasma,1745,samft_b_ende_adapter,none,0,0,0.6515099087441417,0.11687748464040477,8.443479938271606
plasma,9528,samft_b_ende_adapter,none,0,0,0.880759109625089,0.13765541740674955,1.306198559670782
plasma,1898,samft_b_ende_adapter,none,0,0,0.6820624714385938,0.09321873461815153,-5.287615740740742
plasma,2216,samft_b_ende_adapter,none,0,0,0.5220463608731498,0.10889273175077294,9.959747942386828
plasma,9625,samft_b_ende_adapter,none,0,0,0.46319335868545547,0.05048951048951049,9.67624742798354
plasma,2178,samft_b_ende_adapter,none,0,0,0.37714233054565943,0.03937494062885912,15.424189814814815
plasma,2087,samft_b_ende_adapter,none,0,0,0.7104216988185711,0.08250843181880502,1.5087448559670813
plasma,1992,samft_b_ende_adapter,none,0,0,0.7089432811959974,0.09455288440638178,7.804976851851853
plasma,2189,samft_b_ende_adapter,none,0,0,0.682143119831599,0.10659833440102498,-3.25565843621399
plasma,507,samft_b_ende_adapter,none,0,0,0.6173604287903247,0.10790496760259179,8.017682613168724
plasma,1970,samft_b_ende_adapter,none,0,0,0.7741242942734093,0.14608987170395205,-5.979166666666666
plasma,9692,samft_b_ende_adapter,none,0,0,0.3770075973174293,0.03487537674018083,8.539994855967079
plasma,1984,samft_b_ende_adapter,none,0,0,0.2677410044902041,0.04192898514228154,26.77366255144033
plasma,9726,samft_b_ende_adapter,none,0,0,0.6637433020763563,0.08587068080738967,8.03150720164609
plasma,9782,samft_b_ende_adapter,none,0,0,0.43915300137793206,0.05259349236295971,0.6985596707818925
plasma,2301,samft_b_ende_adapter,none,0,0,0.7138880630360437,0.10637891520244462,4.2970036008230466
plasma,2033,samft_b_ende_adapter,none,0,0,0.6143746571129325,0.07788628891897119,1.3699845679012363
plasma,9373,samft_b_ende_adapter,none,0,0,0.3195597372042984,0.06349849502199584,14.239261831275723
plasma,1762,samft_b_ende_adapter,none,0,0,0.6448714224795902,0.07379285799027169,9.003793724279836
plasma,9600,samft_b_ende_adapter,none,0,0,0.6032621712679834,0.08552247518972562,4.8689557613168715
plasma,518,samft_b_ende_adapter,none,0,0,0.705083702609552,0.13768406577665732,8.824974279835391
plasma,9504,samft_b_ende_adapter,none,0,0,0.6317457669530403,0.08202147412609995,0.3974408436213994
plasma,2015,samft_b_ende_adapter,none,0,0,0.7505387015290723,0.12009106431417188,-5.8242026748971165
plasma,113,samft_b_ende_adapter,none,0,0,0.6108146722649872,0.0763596907635969,-3.231610082304527
plasma,9442,samft_b_ende_adapter,none,0,0,0.3655549499216461,0.01998572448251249,11.401234567901234
plasma,9773,samft_b_ende_adapter,none,0,0,0.6298125560827925,0.07411597117479471,6.800540123456789
plasma,9629,samft_b_ende_adapter,none,0,0,0.842137875310435,0.24953720844131802,2.642103909465021
plasma,2227,samft_b_ende_adapter,none,0,0,0.6959233405185821,0.12926792902937229,5.082240226337449
plasma,2142,samft_b_ende_adapter,none,0,0,0.6829880760687788,0.0671980627585511,-10.603652263374485
plasma,208,samft_b_ende_adapter,none,0,0,0.5874454054979875,0.13345061573259612,3.9992283950617282
plasma,9605,samft_b_ende_adapter,none,0,0,0.14644242831595575,0.017649591046061126,21.90579989711934
plasma,9686,samft_b_ende_adapter,none,0,0,0.5216465967899332,0.06026795330202903,9.30201903292181
plasma,1959,samft_b_ende_adapter,none,0,0,0.524710185338073,0.06663995726495726,6.65091306584362
plasma,1816,samft_b_ende_adapter,none,0,0,0.5740995303486547,0.07678732836913012,-3.5404449588477354
plasma,9774,samft_b_ende_adapter,none,0,0,0.46582101643464024,0.08197219478842209,20.478587962962962
plasma,2188,samft_b_ende_adapter,none,0,0,0.5077910922132027,0.10869413651258454,13.514274691358025
plasma,110,samft_b_ende_adapter,none,0,0,0.6344982271209777,0.09890542562406489,3.643647119341563
plasma,9845,samft_b_ende_adapter,none,0,0,0.5843133369408644,0.04957893488316926,3.252636316872428
plasma,9789,samft_b_ende_adapter,none,0,0,0.1534720139381076,0.023721275018532245,20.21920010288066
plasma,2105,samft_b_ende_adapter,none,0,0,0.8262755438139612,0.17535194605465515,2.7521862139917697
plasma,9453,samft_b_ende_adapter,none,0,0,0.3313902058423035,0.07634672522929854,10.710905349794238
plasma,2386,samft_b_ende_adapter,none,0,0,0.6638609332113449,0.11925189359945436,-1.3802726337448556
plasma,2073,samft_b_ende_adapter,none,0,0,0.5573300034056079,0.059696811291165705,6.427083333333335
plasma,1847,samft_b_ende_adapter,none,0,0,0.41610566680869193,0.06987385604748948,9.909079218106994
plasma,9902,samft_b_ende_adapter,none,0,0,0.46833385090331187,0.03853971867631515,4.658179012345679
plasma,9581,samft_b_ende_adapter,none,0,0,0.4255804955669266,0.08099186860961276,13.302211934156377
plasma,417,samft_b_ende_adapter,none,0,0,0.4029449947537835,0.03359108672154319,4.160622427983539
plasma,2392,samft_b_ende_adapter,none,0,0,0.44249848318967416,0.06307970596159027,9.72260802469136
plasma,506,samft_b_ende_adapter,none,0,0,0.4712280823475449,0.0243120292340965,6.996784979423867
plasma,1871,samft_b_ende_adapter,none,0,0,0.4453547008794428,0.08899825694658053,8.70216049382716
plasma,2145,samft_b_ende_adapter,none,0,0,0.71891243701137,0.12681072107532065,-5.174318415637863
plasma,1774,samft_b_ende_adapter,none,0,0,0.6125152356249112,0.08946535260174641,4.923418209876543
plasma,9464,samft_b_ende_adapter,none,0,0,0.6270177193262841,0.04719937328632981,4.6467978395061715
plasma,9832,samft_b_ende_adapter,none,0,0,0.6974600892771989,0.11188204683434519,8.221514917695474
plasma,2052,samft_b_ende_adapter,none,0,0,0.7653021956877879,0.11571233810497614,0.7316100823045277
plasma,2200,samft_b_ende_adapter,none,0,0,0.795348421146793,0.1597755823880961,3.8913966049382713
plasma,9841,samft_b_ende_adapter,none,0,0,0.38928011814923547,0.04048843187660668,9.612397119341566
plasma,9805,samft_b_ende_adapter,none,0,0,0.5352819052602608,0.08647537744051853,5.29275977366255
plasma,1838,samft_b_ende_adapter,none,0,0,0.5908072192639366,0.06586642043705755,0.025655864197529632
plasma,1888,samft_b_ende_adapter,none,0,0,0.49816728889838285,0.07179387583349518,2.3679269547325106
plasma,9286,samft_b_ende_adapter,none,0,0,0.5276400786325496,0.050954763606657814,10.57028034979424
plasma,9859,samft_b_ende_adapter,none,0,0,0.2651319500673469,0.03013020149337736,8.4565329218107
plasma,2060,samft_b_ende_adapter,none,0,0,0.5305662751677852,0.07505580357142858,13.398533950617287
plasma,2380,samft_b_ende_adapter,none,0,0,0.5571624649737111,0.08825128360012081,8.954218106995885
plasma,1770,samft_b_ende_adapter,none,0,0,0.4053715428877844,0.02738616107600065,6.806069958847735
plasma,1855,samft_b_ende_adapter,none,0,0,0.47938375071497846,0.024573692369524027,7.019675925925925
plasma,2359,samft_b_ende_adapter,none,0,0,0.41931026119732917,0.06433984972188792,-6.122813786008233
plasma,1994,samft_b_ende_adapter,none,0,0,0.5993579389675194,0.054314483862363296,-0.9189171810699615
plasma,1709,samft_b_ende_adapter,none,0,0,0.689002993701804,0.1418772832326847,2.2629243827160486
plasma,2071,samft_b_ende_adapter,none,0,0,0.5787602481310119,0.07114941376891472,6.78420781893004
plasma,9820,samft_b_ende_adapter,none,0,0,0.4812596986387173,0.040879654614139234,14.139596193415638
plasma,1747,samft_b_ende_adapter,none,0,0,0.5816609195986885,0.09620389482186126,-6.2100051440329205
plasma,9512,samft_b_ende_adapter,none,0,0,0.6593522490748409,0.14186980480059774,6.639210390946501
plasma,1963,samft_b_ende_adapter,none,0,0,0.6713233841834426,0.14656173396981034,-6.764338991769547
plasma,2295,samft_b_ende_adapter,none,0,0,0.38242197470389216,0.03499629668818115,-7.175733024691356
plasma,2013,samft_b_ende_adapter,none,0,0,0.6895024275219256,0.11740464306973762,1.6904578189300412
plasma,1993,samft_b_ende_adapter,none,0,0,0.6611125560992951,0.09138032209688987,-10.619405864197528
plasma,9910,samft_b_ende_adapter,none,0,0,0.4147296726449682,0.058816136734950356,3.206018518518519
plasma,9342,samft_b_ende_adapter,none,0,0,0.5065003316935324,0.0789714571024382,10.948109567901234
plasma,2318,samft_b_ende_adapter,none,0,0,0.6754172268165831,0.1551656064926519,6.602366255144032
plasma,1742,samft_b_ende_adapter,none,0,0,0.7902649726870504,0.18947031525044006,3.5850051440329214
plasma,305,samft_b_ende_adapter,none,0,0,0.45958207831325304,0.07852503666457154,6.48070987654321
plasma,1715,samft_b_ende_adapter,none,0,0,0.8007689804700211,0.1536643989082169,6.002700617283951
plasma,9710,samft_b_ende_adapter,none,0,0,0.7168985014783014,0.13323673497550542,-0.3994984567901233
plasma,1738,samft_b_ende_adapter,none,0,0,0.6531786140331851,0.1248379642675985,9.586676954732512
plasma,2315,samft_b_ende_adapter,none,0,0,0.6935818710584915,0.13000717572073783,9.700038580246911
plasma,2439,samft_b_ende_adapter,none,0,0,0.7488253661314729,0.20294699011680145,9.81693672839506
plasma,9889,samft_b_ende_adapter,none,0,0,0.22699327854639914,0.027214181843362648,14.785943930041151
plasma,9706,samft_b_ende_adapter,none,0,0,0.45433766398679376,0.04995447888215968,9.61664094650206
plasma,9786,samft_b_ende_adapter,none,0,0,0.4065494081837126,0.07134911806769427,9.506494341563783
plasma,1739,samft_b_ende_adapter,none,0,0,0.6455168318042279,0.12029976334472785,4.948752572016461
plasma,9343,samft_b_ende_adapter,none,0,0,0.3493022652536489,0.11687041564792176,10.891975308641976
plasma,2025,samft_b_ende_adapter,none,0,0,0.3519207187567624,0.03235963764956644,-5.014403292181068
plasma,2047,samft_b_ende_adapter,none,0,0,0.5488821259974599,0.0933599419448476,7.065200617283948
plasma,304,samft_b_ende_adapter,none,0,0,0.8022344839205611,0.1913618010522452,2.0624999999999996
plasma,2110,samft_b_ende_adapter,none,0,0,0.2620867618984925,0.0375934057468608,7.219714506172838
plasma,206,samft_b_ende_adapter,none,0,0,0.59968648733198,0.1115317775571003,3.48951903292181
plasma,1693,samft_b_ende_adapter,none,0,0,0.5165592459349401,0.052643573381950776,6.520318930041152
plasma,2299,samft_b_ende_adapter,none,0,0,0.6584015535642906,0.1730118810163906,6.498006687242798
plasma,1812,samft_b_ende_adapter,none,0,0,0.4303373312482257,0.06870006415116348,10.930491255144034
plasma,9317,samft_b_ende_adapter,none,0,0,0.3614147683193455,0.042169631512071155,13.253600823045266
plasma,2378,samft_b_ende_adapter,none,0,0,0.6779662291752848,0.10697967543721443,0.6226851851851845
plasma,2423,samft_b_ende_adapter,none,0,0,0.3798708955824598,0.06277182732878936,-6.554333847736626
plasma,9402,samft_b_ende_adapter,none,0,0,0.6096509904784616,0.14331793217679364,15.441615226337447
plasma,2160,samft_b_ende_adapter,none,0,0,0.6294303496769289,0.10314519943244521,-9.890560699588477
plasma,115,samft_b_ende_adapter,none,0,0,0.6664708172583442,0.16198330278965586,4.973894032921811
plasma,2355,samft_b_ende_adapter,none,0,0,0.6292891994378298,0.0949112552951901,-0.18068415637860213
plasma,2435,samft_b_ende_adapter,none,0,0,0.746252791677268,0.19054200216320155,2.6746399176954734
plasma,2276,samft_b_ende_adapter,none,0,0,0.46336300921633855,0.02951412583594923,-2.6864711934156404
plasma,513,samft_b_ende_adapter,none,0,0,0.7583090400309785,0.14201131911188505,7.970293209876544
plasma,1808,samft_b_ende_adapter,none,0,0,0.639334386072002,0.08569742858547617,0.6020447530864198
plasma,9719,samft_b_ende_adapter,none,0,0,0.2185182009175492,0.0296164139161463,14.038194444444446
plasma,9601,samft_b_ende_adapter,none,0,0,0.39221809758294146,0.018466424682395646,4.762152777777777
plasma,2351,samft_b_ende_adapter,none,0,0,0.4862142725814625,0.06889352818371608,-1.308449074074075
plasma,2335,samft_b_ende_adapter,none,0,0,0.812571982660745,0.1687805569333239,4.01999742798354
plasma,2159,samft_b_ende_adapter,none,0,0,0.5377790677424973,0.04477167930983192,-10.078639403292183
plasma,2086,samft_b_ende_adapter,none,0,0,0.7012514094530398,0.09658433037437283,6.871656378600822
plasma,9407,samft_b_ende_adapter,none,0,0,0.42758796468668553,0.0566942346877622,10.800733024691358
plasma,9727,samft_b_ende_adapter,none,0,0,0.44394532278158944,0.05152476213710661,4.415509259259258
plasma,2082,samft_b_ende_adapter,none,0,0,0.5561017513585517,0.08501178249077408,9.289866255144034
plasma,512,samft_b_ende_adapter,none,0,0,0.673984025504345,0.04603580562659847,7.329346707818929
plasma,9757,samft_b_ende_adapter,none,0,0,0.642516553192485,0.0873015873015873,1.8494084362139895
plasma,2122,samft_b_ende_adapter,none,0,0,0.6718519079919664,0.06387107206381717,8.978523662551439
plasma,9801,samft_b_ende_adapter,none,0,0,0.48355527736483844,0.027722490759169747,3.585069444444444
plasma,9511,samft_t_ende_adapter_box,boxes,2,1,0.9056024679504836,0.20364159080019167,-0.6251929012345676
plasma,2139,samft_t_ende_adapter_box,boxes,2,1,0.506105642915964,0.08962389970658842,-15.579861111111112
plasma,2026,samft_t_ende_adapter_box,boxes,2,1,0.7314417297634845,0.10937207122774133,3.9347993827160503
plasma,9830,samft_t_ende_adapter_box,boxes,2,1,0.8328947313018691,0.15420827389443653,2.074009773662551
plasma,9397,samft_t_ende_adapter_box,boxes,2,1,0.8833429810286263,0.1511096052854481,-0.2114197530864191
plasma,1815,samft_t_ende_adapter_box,boxes,2,1,0.9342670127156685,0.2088293650793651,0.5188400205761321
plasma,409,samft_t_ende_adapter_box,boxes,2,1,0.12994624386267928,0.003111674541892359,3.322916666666667
plasma,1954,samft_t_ende_adapter_box,boxes,2,1,0.7979722980916266,0.20425011466136678,0.9530606995884774
plasma,1948,samft_t_ende_adapter_box,boxes,2,1,0.4880039646678133,0.03550295857988166,-17.148855452674898
plasma,1716,samft_t_ende_adapter_box,boxes,2,1,0.9670790370555091,0.3775310254735467,0.1379243827160495
plasma,2384,samft_t_ende_adapter_box,boxes,2,1,0.7318071773783356,0.13451892384860922,7.776427469135802
plasma,1967,samft_t_ende_adapter_box,boxes,2,1,0.7570823777655584,0.10688913511047383,2.5383230452674903
plasma,2258,samft_t_ende_adapter_box,boxes,2,1,0.6548070787125294,0.09046981861433244,-10.54636059670782
plasma,2186,samft_t_ende_adapter_box,boxes,2,1,0.7531192994288476,0.1576514892160219,-4.2458204732510305
plasma,2424,samft_t_ende_adapter_box,boxes,2,1,0.7779681377551874,0.0942710292089758,-5.786779835390946
plasma,9347,samft_t_ende_adapter_box,boxes,2,1,0.6578437298097164,0.26664702416028285,3.0306712962962963
plasma,9387,samft_t_ende_adapter_box,boxes,2,1,0.830822566273112,0.22058823529411764,1.509130658436214
plasma,9798,samft_t_ende_adapter_box,boxes,2,1,0.4688744376066608,0.04006605873483162,-5.3383487654321
plasma,9912,samft_t_ende_adapter_box,boxes,2,1,0.4777864608058662,0.10456750878367074,-8.893775720164607
plasma,516,samft_t_ende_adapter_box,boxes,2,1,0.30431501349385076,0.008846990572878898,-7.409143518518518
plasma,2339,samft_t_ende_adapter_box,boxes,2,1,0.5971328545818007,0.10567496229260935,-6.277070473251029
plasma,1776,samft_t_ende_adapter_box,boxes,2,1,0.3140755114403276,0.022132949291290838,-6.266782407407407
plasma,2046,samft_t_ende_adapter_box,boxes,2,1,0.7608261321058353,0.10195769281303377,3.1503986625514404
plasma,9398,samft_t_ende_adapter_box,boxes,2,1,0.9302712870603665,0.20597397837639728,-0.32561728395061745
plasma,9871,samft_t_ende_adapter_box,boxes,2,1,0.410273851469928,0.00030921459492888067,-3.7082047325102883
plasma,9281,samft_t_ende_adapter_box,boxes,2,1,0.43081643440034034,0.015076754385964912,-25.457111625514408
plasma,9276,samft_t_ende_adapter_box,boxes,2,1,0.9098522613976253,0.28549705379205476,0.6064171810699591
plasma,2394,samft_t_ende_adapter_box,boxes,2,1,0.5050228019262046,0.05010032224721834,-15.764274691358024
plasma,9300,samft_t_ende_adapter_box,boxes,2,1,0.5411880085609354,0.1307495741056218,5.60667438271605
plasma,1694,samft_t_ende_adapter_box,boxes,2,1,0.5801809099500472,0.026831955922865015,-11.986496913580245
plasma,1719,samft_t_ende_adapter_box,boxes,2,1,0.6655851150644687,0.23725928290243642,-4.475051440329218
plasma,403,samft_t_ende_adapter_box,boxes,2,1,0.19403884795713328,0.0007452490373866601,0.7839506172839507
plasma,9630,samft_t_ende_adapter_box,boxes,2,1,0.23665946484093,0.02977938092441909,-18.353202160493826
plasma,2078,samft_t_ende_adapter_box,boxes,2,1,0.5300761345554318,0.05906821963394343,-3.4127443415637866
plasma,207,samft_t_ende_adapter_box,boxes,2,1,0.22884197477391363,0.015962036238136326,-6.639596193415638
plasma,1981,samft_t_ende_adapter_box,boxes,2,1,0.541641649290962,0.04469860896445131,0.8722350823045275
plasma,9396,samft_t_ende_adapter_box,boxes,2,1,0.8109430786147727,0.24387254901960784,2.883101851851852
plasma,9353,samft_t_ende_adapter_box,boxes,2,1,0.9071174935750299,0.27197655833777307,0.5380658436213992
plasma,1839,samft_t_ende_adapter_box,boxes,2,1,0.547736635915582,0.04961748633879781,-5.5140817901234565
plasma,203,samft_t_ende_adapter_box,boxes,2,1,0.44629165476908106,0.15115844544095666,1.343492798353909
plasma,9367,samft_t_ende_adapter_box,boxes,2,1,0.4813243216769517,0.08348651960784313,7.272698045267489
plasma,1844,samft_t_ende_adapter_box,boxes,2,1,0.6913217062408069,0.14091202062520142,3.41332304526749
plasma,9694,samft_t_ende_adapter_box,boxes,2,1,0.37147294167193096,0.035571750824223494,-7.8193158436214
plasma,1957,samft_t_ende_adapter_box,boxes,2,1,0.7307817452820287,0.22791293213828426,4.7597736625514395
plasma,9875,samft_t_ende_adapter_box,boxes,2,1,0.4035199229862572,0.045413260672116255,-12.37795781893004
plasma,1853,samft_t_ende_adapter_box,boxes,2,1,0.6750576634349883,0.11471703132273725,-7.653935185185186
plasma,9339,samft_t_ende_adapter_box,boxes,2,1,0.42464864864864865,0.012186865267433988,-0.522119341563786
plasma,1766,samft_t_ende_adapter_box,boxes,2,1,0.7454755265719132,0.20561224489795918,3.2671682098765427
plasma,1863,samft_t_ende_adapter_box,boxes,2,1,0.9269665243553178,0.24797463895737937,-0.08513374485596692
plasma,9292,samft_t_ende_adapter_box,boxes,2,1,0.5715191657271702,0.04490716500865923,-1.7946244855967075
plasma,1854,samft_t_ende_adapter_box,boxes,2,1,0.7271033391120826,0.12501103557870574,-3.7671682098765427
plasma,2063,samft_t_ende_adapter_box,boxes,2,1,0.487853171251087,0.061742094000158516,-15.673032407407405
plasma,2184,samft_t_ende_adapter_box,boxes,2,1,0.9332105644435117,0.2216117216117216,-0.5518261316872428
plasma,9886,samft_t_ende_adapter_box,boxes,2,1,0.4935253814709947,0.04700898853187313,-4.548868312757201
plasma,9626,samft_t_ende_adapter_box,boxes,2,1,0.9049628172598112,0.24607762180016515,0.5618569958847741
plasma,9421,samft_t_ende_adapter_box,boxes,2,1,0.7005331464134752,0.02337267734018932,-2.0459747942386834
plasma,407,samft_t_ende_adapter_box,boxes,2,1,0.5384489485605073,0.03687268885367142,0.5189686213991774
plasma,1944,samft_t_ende_adapter_box,boxes,2,1,0.7451456816901996,0.01627384960718294,-0.3768004115226334
plasma,1972,samft_t_ende_adapter_box,boxes,2,1,0.9263964295050788,0.3921662288034392,1.0490612139917699
plasma,9357,samft_t_ende_adapter_box,boxes,2,1,0.46279424448925266,0.06643132220795891,4.532857510288066
plasma,1837,samft_t_ende_adapter_box,boxes,2,1,0.886469200827678,0.19756077861238996,0.8413065843621392
plasma,2174,samft_t_ende_adapter_box,boxes,2,1,0.6904098834194973,0.24931062449310626,4.586676954732511
plasma,2404,samft_t_ende_adapter_box,boxes,2,1,0.9632701563302402,0.33737214791502756,-0.10005144032921715
plasma,2192,samft_t_ende_adapter_box,boxes,2,1,0.6060257670640516,0.07069160620382081,-10.574138374485598
plasma,9590,samft_t_ende_adapter_box,boxes,2,1,0.8057598327453286,0.17066456940621313,-1.4506815843621401
plasma,1870,samft_t_ende_adapter_box,boxes,2,1,0.8720933017218669,0.20624435018427092,-3.138117283950617
plasma,102,samft_t_ende_adapter_box,boxes,2,1,0.8299916672667607,0.20461439470539572,-3.967849794238683
plasma,1705,samft_t_ende_adapter_box,boxes,2,1,0.8788350849478173,0.17616309461578672,0.43261316872428013
plasma,9321,samft_t_ende_adapter_box,boxes,2,1,0.6456169841359636,0.1271420674405749,5.2506430041152266
plasma,1704,samft_t_ende_adapter_box,boxes,2,1,0.8130989560096369,0.15037747398490103,-0.19997427983539096
plasma,9838,samft_t_ende_adapter_box,boxes,2,1,0.2879696225914871,0.002518045996306866,-5.3423996913580245
plasma,9775,samft_t_ende_adapter_box,boxes,2,1,0.2984628094159049,0.012588089730485771,-18.082883230452673
plasma,2221,samft_t_ende_adapter_box,boxes,2,1,0.5595906392219373,0.0578419212989063,-6.982767489711936
plasma,9714,samft_t_ende_adapter_box,boxes,2,1,0.00037278875109943556,0.0,-21.694958847736626
plasma,104,samft_t_ende_adapter_box,boxes,2,1,0.7919063038680264,0.1201318154583583,-2.4701003086419746
plasma,1745,samft_t_ende_adapter_box,boxes,2,1,0.791103661681279,0.1385237613751264,1.9744084362139924
plasma,9528,samft_t_ende_adapter_box,boxes,2,1,0.8305129224055844,0.06203053065180519,-2.3115997942386834
plasma,1898,samft_t_ende_adapter_box,boxes,2,1,0.6626487605794309,0.14995888938081084,-13.597415123456791
plasma,2216,samft_t_ende_adapter_box,boxes,2,1,0.8392873784989409,0.312145660706498,-0.8559027777777783
plasma,9625,samft_t_ende_adapter_box,boxes,2,1,0.17711422900305682,0.014919806042521447,-8.039930555555555
plasma,2178,samft_t_ende_adapter_box,boxes,2,1,0.6282194187223551,0.09035818634346932,1.0485468106995883
plasma,2087,samft_t_ende_adapter_box,boxes,2,1,0.594511693841994,0.06641154428765048,-11.636895576131687
plasma,1992,samft_t_ende_adapter_box,boxes,2,1,0.49777885592128207,0.12432712215320911,-6.004243827160494
plasma,2189,samft_t_ende_adapter_box,boxes,2,1,0.8768775884105949,0.16216484115577143,-1.4367283950617287
plasma,507,samft_t_ende_adapter_box,boxes,2,1,0.8208620994043914,0.1289330736906836,-2.5692515432098775
plasma,1970,samft_t_ende_adapter_box,boxes,2,1,0.7678415699266836,0.1693110033788747,-6.404835390946502
plasma,9692,samft_t_ende_adapter_box,boxes,2,1,0.6404181540030597,0.07667367683140554,0.3627829218106997
plasma,1984,samft_t_ende_adapter_box,boxes,2,1,0.5329361649586368,0.13779923556628446,-3.2147633744855963
plasma,9726,samft_t_ende_adapter_box,boxes,2,1,0.5906825542538076,0.0351839660595421,-7.60911779835391
plasma,9782,samft_t_ende_adapter_box,boxes,2,1,0.35346665051533904,0.08043952947805874,-14.764467592592595
plasma,2301,samft_t_ende_adapter_box,boxes,2,1,0.8839251051439664,0.26323495414964937,-0.8858024691358019
plasma,2033,samft_t_ende_adapter_box,boxes,2,1,0.7567282860480671,0.19801736850729149,5.7091692386831285
plasma,9373,samft_t_ende_adapter_box,boxes,2,1,0.5266498334105273,0.09134349030470915,4.409529320987655
plasma,1762,samft_t_ende_adapter_box,boxes,2,1,0.8113075464920859,0.11836812871097491,2.3153935185185173
plasma,9600,samft_t_ende_adapter_box,boxes,2,1,0.9273060334832816,0.16244725738396623,-0.14673353909465045
plasma,518,samft_t_ende_adapter_box,boxes,2,1,0.30333816432052885,0.013543394140409067,-9.074524176954732
plasma,9504,samft_t_ende_adapter_box,boxes,2,1,0.7742792173345993,0.03261827799000882,-2.9280478395061733
plasma,2015,samft_t_ende_adapter_box,boxes,2,1,0.8276778864951275,0.12084416472841703,-6.691808127572013
plasma,113,samft_t_ende_adapter_box,boxes,2,1,0.6311311201929031,0.20862024993624076,-3.2260159465020575
plasma,9442,samft_t_ende_adapter_box,boxes,2,1,0.6433449103202966,0.08010396975425331,4.081018518518518
plasma,9773,samft_t_ende_adapter_box,boxes,2,1,0.1633510524753867,0.0043219362274298885,-20.235982510288068
plasma,9629,samft_t_ende_adapter_box,boxes,2,1,0.9417949333341045,0.20918718195571448,-1.06397890946502
plasma,2227,samft_t_ende_adapter_box,boxes,2,1,0.8529849376040723,0.20140606691837,1.6194701646090535
plasma,2142,samft_t_ende_adapter_box,boxes,2,1,0.6159795331967309,0.0507032667876588,-16.597736625514404
plasma,208,samft_t_ende_adapter_box,boxes,2,1,0.5242641901612152,0.13890192397935242,-5.966113683127572
plasma,9605,samft_t_ende_adapter_box,boxes,2,1,0.35737513634172946,0.07386663848673782,8.080825617283951
plasma,9686,samft_t_ende_adapter_box,boxes,2,1,0.7537942813653218,0.23842094977525893,-3.1157407407407405
plasma,1959,samft_t_ende_adapter_box,boxes,2,1,0.7481152851353899,0.1549733018750776,4.085069444444445
plasma,1816,samft_t_ende_adapter_box,boxes,2,1,0.44589392533664124,0.11930338541666667,-10.119341563786008
plasma,9774,samft_t_ende_adapter_box,boxes,2,1,0.37112799959117226,0.018304309139443243,-10.878729423868311
plasma,2188,samft_t_ende_adapter_box,boxes,2,1,0.599550376117353,0.10098522167487685,7.540509259259258
plasma,110,samft_t_ende_adapter_box,boxes,2,1,0.6746163995762896,0.11181506849315069,-3.349086934156379
plasma,9845,samft_t_ende_adapter_box,boxes,2,1,0.011600378787878788,0.0,-2.4679783950617282
plasma,9789,samft_t_ende_adapter_box,boxes,2,1,0.4702606115070325,0.04894983509807325,-1.1324588477366255
plasma,2105,samft_t_ende_adapter_box,boxes,2,1,0.6107309351920496,0.08525576730190572,-19.759452160493826
plasma,9453,samft_t_ende_adapter_box,boxes,2,1,0.6869406241440156,0.16976210350584306,5.02173353909465
plasma,2386,samft_t_ende_adapter_box,boxes,2,1,0.5985168828614595,0.10727056019070322,-9.858539094650206
plasma,2073,samft_t_ende_adapter_box,boxes,2,1,0.9021766427023775,0.1852334676463617,0.12590020576131733
plasma,1847,samft_t_ende_adapter_box,boxes,2,1,0.5927627404967016,0.055931833078435654,4.096064814814815
plasma,9902,samft_t_ende_adapter_box,boxes,2,1,0.7213721999855948,0.12229144095341278,3.0765174897119336
plasma,9581,samft_t_ende_adapter_box,boxes,2,1,0.7661023013581542,0.12057522123893805,2.6421682098765427
plasma,417,samft_t_ende_adapter_box,boxes,2,1,0.8842727209286096,0.21108343711083438,-0.306520061728395
plasma,2392,samft_t_ende_adapter_box,boxes,2,1,0.8830396862700414,0.15044600191143676,-1.1313014403292188
plasma,506,samft_t_ende_adapter_box,boxes,2,1,0.48748473445396506,0.0367561260210035,-6.938593106995886
plasma,1871,samft_t_ende_adapter_box,boxes,2,1,0.7045174328596193,0.16955107351984386,0.3621399176954726
plasma,2145,samft_t_ende_adapter_box,boxes,2,1,0.2789597175451271,0.039795259614497834,-34.00945216049382
plasma,1774,samft_t_ende_adapter_box,boxes,2,1,0.7091646608575078,0.14688590850633843,0.3335262345679005
plasma,9464,samft_t_ende_adapter_box,boxes,2,1,0.9802133149271146,0.5707317073170731,-0.0002572016460908322
plasma,9832,samft_t_ende_adapter_box,boxes,2,1,0.8414536814207817,0.1178318931657502,1.6868569958847737
plasma,2052,samft_t_ende_adapter_box,boxes,2,1,0.6810213384317167,0.14005663254192988,1.5873842592592586
plasma,2200,samft_t_ende_adapter_box,boxes,2,1,0.5624674210728086,0.1686237264721119,-5.14113940329218
plasma,9841,samft_t_ende_adapter_box,boxes,2,1,0.1630414448733865,0.0,-4.246656378600823
plasma,9805,samft_t_ende_adapter_box,boxes,2,1,0.46908200758803265,0.06123239891486888,-0.7336033950617284
plasma,1838,samft_t_ende_adapter_box,boxes,2,1,0.43350127020045687,0.02139078432875872,-9.991126543209877
plasma,1888,samft_t_ende_adapter_box,boxes,2,1,0.7952488687782805,0.21263752312335701,2.7080761316872426
plasma,9286,samft_t_ende_adapter_box,boxes,2,1,0.5030539740028545,0.05701284796573876,-0.5712448559670791
plasma,9859,samft_t_ende_adapter_box,boxes,2,1,0.3525462425508862,0.03227771010962241,-5.115869341563785
plasma,2060,samft_t_ende_adapter_box,boxes,2,1,0.8364152642149734,0.1737214581386033,1.3087705761316877
plasma,2380,samft_t_ende_adapter_box,boxes,2,1,0.8585258277819073,0.16435256608042786,-2.1199202674897126
plasma,1770,samft_t_ende_adapter_box,boxes,2,1,0.5578776769423652,0.12552248258391388,0.7890303497942384
plasma,1855,samft_t_ende_adapter_box,boxes,2,1,0.9012400686868889,0.33923778851315084,-0.8211805555555556
plasma,2359,samft_t_ende_adapter_box,boxes,2,1,0.6118679777759217,0.09214069685545014,-2.367219650205765
plasma,1994,samft_t_ende_adapter_box,boxes,2,1,0.3180406943170624,0.014559789750328515,-17.399819958847736
plasma,1709,samft_t_ende_adapter_box,boxes,2,1,0.5073957174003869,0.05846734167162994,-3.6289223251028817
plasma,2071,samft_t_ende_adapter_box,boxes,2,1,0.7779741774417084,0.12149532710280374,-3.9873328189300423
plasma,9820,samft_t_ende_adapter_box,boxes,2,1,0.6868036389655525,0.14275651561399388,5.704475308641975
plasma,1747,samft_t_ende_adapter_box,boxes,2,1,0.8418660255652334,0.2472670851258904,-4.982767489711934
plasma,9512,samft_t_ende_adapter_box,boxes,2,1,0.2184717848809551,0.004261754193016222,-5.574524176954733
plasma,1963,samft_t_ende_adapter_box,boxes,2,1,0.7687484203072755,0.12996591261233342,-3.714184670781895
plasma,2295,samft_t_ende_adapter_box,boxes,2,1,0.25154401935734955,0.012388360702967444,-28.37590020576132
plasma,2013,samft_t_ende_adapter_box,boxes,2,1,0.8763455139587282,0.15489382777193092,-1.464248971193416
plasma,1993,samft_t_ende_adapter_box,boxes,2,1,0.6570425780027873,0.07548655149792259,-18.129951131687243
plasma,9910,samft_t_ende_adapter_box,boxes,2,1,0.32876328342818817,0.0,-8.607188786008232
plasma,9342,samft_t_ende_adapter_box,boxes,2,1,0.8765008225785026,0.2508623993867382,1.1431327160493832
plasma,2318,samft_t_ende_adapter_box,boxes,2,1,0.5477117581566935,0.04690909090909091,-7.771926440329219
plasma,1742,samft_t_ende_adapter_box,boxes,2,1,0.444661265439982,0.10122331494363157,-4.638888888888889
plasma,305,samft_t_ende_adapter_box,boxes,2,1,0.2578895200741791,0.05769899200556135,-8.778163580246915
plasma,1715,samft_t_ende_adapter_box,boxes,2,1,0.5942602699111643,0.11200772467066694,-9.306455761316872
plasma,9710,samft_t_ende_adapter_box,boxes,2,1,0.9269419881079433,0.3561468742737625,0.5163323045267482
plasma,1738,samft_t_ende_adapter_box,boxes,2,1,0.7421227573426982,0.15450163539335515,-0.21116255144032897
plasma,2315,samft_t_ende_adapter_box,boxes,2,1,0.5732584810032925,0.13104325699745548,-5.140303497942387
plasma,2439,samft_t_ende_adapter_box,boxes,2,1,0.5661486923861804,0.07087450855381999,-13.276748971193413
plasma,9889,samft_t_ende_adapter_box,boxes,2,1,0.7273949438615286,0.08485219788635319,1.4020704732510287
plasma,9706,samft_t_ende_adapter_box,boxes,2,1,0.6234668590089301,0.05683792504343509,-3.35693158436214
plasma,9786,samft_t_ende_adapter_box,boxes,2,1,0.5611457877787938,0.0724455986388466,5.566615226337448
plasma,1739,samft_t_ende_adapter_box,boxes,2,1,0.8042823737983524,0.3157591472198214,-1.3616255144032925
plasma,9343,samft_t_ende_adapter_box,boxes,2,1,0.8894925058136126,0.21375254467315086,0.6175411522633747
plasma,2025,samft_t_ende_adapter_box,boxes,2,1,0.12284468040251438,0.0038281979458450045,-15.450424382716049
plasma,2047,samft_t_ende_adapter_box,boxes,2,1,0.6088232201072667,0.04232960125712041,-9.91525205761317
plasma,304,samft_t_ende_adapter_box,boxes,2,1,0.00045742515380920796,0.0,-4.5273919753086425
plasma,2110,samft_t_ende_adapter_box,boxes,2,1,0.8785252250402759,0.14432409621606415,1.2795138888888877
plasma,206,samft_t_ende_adapter_box,boxes,2,1,0.6079967716985574,0.1261852662290299,-2.035686728395062
plasma,1693,samft_t_ende_adapter_box,boxes,2,1,0.955356181589808,0.44043624161073824,0.13927469135802464
plasma,2299,samft_t_ende_adapter_box,boxes,2,1,0.6101328850634635,0.08336761277937749,-1.8442644032921813
plasma,1812,samft_t_ende_adapter_box,boxes,2,1,0.38287963724033885,0.06348958739567896,2.1766332304526763
plasma,9317,samft_t_ende_adapter_box,boxes,2,1,0.730795530387713,0.18670930070902267,3.4294624485596703
plasma,2378,samft_t_ende_adapter_box,boxes,2,1,0.6159386831655739,0.12630255120373698,-8.506430041152264
plasma,2423,samft_t_ende_adapter_box,boxes,2,1,0.628754775441199,0.08145810464690816,-12.987590020576132
plasma,9402,samft_t_ende_adapter_box,boxes,2,1,0.47306887737642866,0.04421677001887301,-8.249678497942387
plasma,2160,samft_t_ende_adapter_box,boxes,2,1,0.6717655114580725,0.14119755298770315,-10.566358024691358
plasma,115,samft_t_ende_adapter_box,boxes,2,1,0.6514451913718566,0.0667455221358567,-1.8294753086419757
plasma,2355,samft_t_ende_adapter_box,boxes,2,1,0.6655686443004285,0.059560189346275993,-6.6527777777777795
plasma,2435,samft_t_ende_adapter_box,boxes,2,1,0.7539245607664956,0.18754847352464218,-3.5016718106995888
plasma,2276,samft_t_ende_adapter_box,boxes,2,1,0.26428614771868464,0.010488657614440199,-17.104552469135804
plasma,513,samft_t_ende_adapter_box,boxes,2,1,0.9369371132255461,0.14428610578240614,-0.9447016460905344
plasma,1808,samft_t_ende_adapter_box,boxes,2,1,0.7371361503656269,0.12981220657276996,-0.5615354938271602
plasma,9719,samft_t_ende_adapter_box,boxes,2,1,0.2752301443559709,0.0197498921949116,2.04320987654321
plasma,9601,samft_t_ende_adapter_box,boxes,2,1,0.5472714082078316,0.07003400932107318,-6.30201903292181
plasma,2351,samft_t_ende_adapter_box,boxes,2,1,0.5473317911161841,0.045953454479209364,-8.440522119341566
plasma,2335,samft_t_ende_adapter_box,boxes,2,1,0.8721150467114841,0.22691268288137173,0.7656893004115234
plasma,2159,samft_t_ende_adapter_box,boxes,2,1,0.6790176815590545,0.11478485926884503,-8.016718106995885
plasma,2086,samft_t_ende_adapter_box,boxes,2,1,0.7866162442260635,0.2158894645941278,1.5691872427983533
plasma,9407,samft_t_ende_adapter_box,boxes,2,1,0.810877108782515,0.14277180406212664,1.9493955761316863
plasma,9727,samft_t_ende_adapter_box,boxes,2,1,0.16487877144482216,0.007324975348640654,-7.848636831275721
plasma,2082,samft_t_ende_adapter_box,boxes,2,1,0.8300112266728802,0.21525577184246264,-3.4442515432098766
plasma,512,samft_t_ende_adapter_box,boxes,2,1,0.9365630342189899,0.1923501287237955,-0.49048353909465076
plasma,9757,samft_t_ende_adapter_box,boxes,2,1,0.7885183621781342,0.11109938805655202,-3.545717592592594
plasma,2122,samft_t_ende_adapter_box,boxes,2,1,0.7647142661078324,0.10935688163410935,-0.5955504115226329
plasma,9801,samft_t_ende_adapter_box,boxes,2,1,0.30304752122556466,0.000595643294758339,-5.191358024691358
plasma,9511,samft_b_dec_adapter,none,0,2,0.30738497637695406,0.04308112434672066,13.510480967078193
plasma,2139,samft_b_dec_adapter,none,0,2,0.5944051094010083,0.09359891703732354,-5.727237654320988
plasma,2026,samft_b_dec_adapter,none,0,2,0.44762688029281905,0.06859604550977577,3.777456275720165
plasma,9830,samft_b_dec_adapter,none,0,2,0.5750625907952894,0.05444521019986216,3.4453446502057603
plasma,9397,samft_b_dec_adapter,none,0,2,0.3469419431466189,0.03559888125560051,16.598572530864196
plasma,1815,samft_b_dec_adapter,none,0,2,0.5330158165059545,0.06225400990308519,10.443158436213992
plasma,409,samft_b_dec_adapter,none,0,2,0.20121333395512106,0.021907379995770776,11.863361625514404
plasma,1954,samft_b_dec_adapter,none,0,2,0.40711547862062597,0.0718954248366013,17.052919238683128
plasma,1948,samft_b_dec_adapter,none,0,2,0.4270818088687253,0.02210648148148148,-1.9219393004115237
plasma,1716,samft_b_dec_adapter,none,0,2,0.7705938667350782,0.10635342432660949,2.8990483539094654
plasma,2384,samft_b_dec_adapter,none,0,2,0.5803094911393487,0.09688804931397892,5.0844907407407405
plasma,1967,samft_b_dec_adapter,none,0,2,0.4425429225212897,0.03677464120074499,5.1597865226337465
plasma,2258,samft_b_dec_adapter,none,0,2,0.4122457103052187,0.06193796099828231,2.742798353909465
plasma,2186,samft_b_dec_adapter,none,0,2,0.5194314471336722,0.07304390888081876,2.1009516460905346
plasma,2424,samft_b_dec_adapter,none,0,2,0.25896671869334215,0.009223178492332708,0.6446116255144047
plasma,9347,samft_b_dec_adapter,none,0,2,0.23482695369978432,0.019832855182736683,19.29513888888889
plasma,9387,samft_b_dec_adapter,none,0,2,0.4752990495464566,0.04853723404255319,8.285815329218108
plasma,9798,samft_b_dec_adapter,none,0,2,0.38204738070485855,0.03834381068360596,2.786329732510287
plasma,9912,samft_b_dec_adapter,none,0,2,0.30088044192897034,0.014548736462093863,0.9800025720164612
plasma,516,samft_b_dec_adapter,none,0,2,0.40450211049780405,0.0403968091634281,12.042052469135802
plasma,2339,samft_b_dec_adapter,none,0,2,0.5838808693186721,0.0731641831118271,-6.148919753086418
plasma,1776,samft_b_dec_adapter,none,0,2,0.32136455554301174,0.047104404567699834,0.6165766460905331
plasma,2046,samft_b_dec_adapter,none,0,2,0.42497651792348345,0.0386752611691487,3.4914480452674894
plasma,9398,samft_b_dec_adapter,none,0,2,0.2895655104731505,0.018031829464155352,10.71630658436214
plasma,9871,samft_b_dec_adapter,none,0,2,0.2255958947880468,0.008863167266987737,7.062950102880659
plasma,9281,samft_b_dec_adapter,none,0,2,0.48574569401173273,0.009417833029064881,-20.97878086419753
plasma,9276,samft_b_dec_adapter,none,0,2,0.36455462749257755,0.017138183575597606,14.091435185185187
plasma,2394,samft_b_dec_adapter,none,0,2,0.5984625050173644,0.05688918975213497,-3.810828189300411
plasma,9300,samft_b_dec_adapter,none,0,2,0.23756590163934427,0.0157357662841339,17.532921810699587
plasma,1694,samft_b_dec_adapter,none,0,2,0.7467435430864922,0.09518960333624285,1.3469650205761323
plasma,1719,samft_b_dec_adapter,none,0,2,0.5984541404295295,0.1100029526590335,10.392168209876544
plasma,403,samft_b_dec_adapter,none,0,2,0.1622540066897868,0.012425077656735355,12.61104681069959
plasma,9630,samft_b_dec_adapter,none,0,2,0.18419901562347385,0.005593493703030095,-12.74241255144033
plasma,2078,samft_b_dec_adapter,none,0,2,0.4551737087668739,0.025883081208650908,3.320730452674897
plasma,207,samft_b_dec_adapter,none,0,2,0.38727615978261726,0.03355016262196647,9.170717592592593
plasma,1981,samft_b_dec_adapter,none,0,2,0.24824777179067004,0.014078593128658582,18.59555041152263
plasma,9396,samft_b_dec_adapter,none,0,2,0.3857825916075721,0.026883568182686064,10.604230967078191
plasma,9353,samft_b_dec_adapter,none,0,2,0.4493772585817632,0.0184375,6.395447530864197
plasma,1839,samft_b_dec_adapter,none,0,2,0.27143432603918677,0.041499907641155104,11.934735082304528
plasma,203,samft_b_dec_adapter,none,0,2,0.24938714750180832,0.01786013550719433,15.22974537037037
plasma,9367,samft_b_dec_adapter,none,0,2,0.2266969644602754,0.0160369760845968,15.791345164609055
plasma,1844,samft_b_dec_adapter,none,0,2,0.3487143105960518,0.03965565904600621,9.817386831275723
plasma,9694,samft_b_dec_adapter,none,0,2,0.4072019966943162,0.025122704962734048,-2.192322530864198
plasma,1957,samft_b_dec_adapter,none,0,2,0.385144510962217,0.05427829501551713,6.204732510288066
plasma,9875,samft_b_dec_adapter,none,0,2,0.5810252959051994,0.05078436586014358,3.8539094650205747
plasma,1853,samft_b_dec_adapter,none,0,2,0.4591498977406792,0.03399676876009763,-0.0340792181069971
plasma,9339,samft_b_dec_adapter,none,0,2,0.15135217690117492,0.022980631500280253,9.481995884773662
plasma,1766,samft_b_dec_adapter,none,0,2,0.35917817921077577,0.05860503508047875,16.843557098765434
plasma,1863,samft_b_dec_adapter,none,0,2,0.5304725200149251,0.05100304495790794,3.8135931069958855
plasma,9292,samft_b_dec_adapter,none,0,2,0.19832876499506175,0.016521678125438474,-2.024755658436211
plasma,1854,samft_b_dec_adapter,none,0,2,0.48952561631735325,0.057099608964386324,0.5294495884773653
plasma,2063,samft_b_dec_adapter,none,0,2,0.3457925745153493,0.03198156018151696,0.614519032921812
plasma,2184,samft_b_dec_adapter,none,0,2,0.6037469025308473,0.11622345513678975,10.735661008230451
plasma,9886,samft_b_dec_adapter,none,0,2,0.2091540066084581,0.008512556684080724,-3.2975823045267485
plasma,9626,samft_b_dec_adapter,none,0,2,0.3031573666762108,0.032043411098348316,10.148083847736626
plasma,9421,samft_b_dec_adapter,none,0,2,0.2215262318526306,0.014866637516397026,6.2432484567901225
plasma,407,samft_b_dec_adapter,none,0,2,0.26562322463356436,0.02102975982617468,10.976337448559672
plasma,1944,samft_b_dec_adapter,none,0,2,0.15521983986105967,0.0,12.467013888888888
plasma,1972,samft_b_dec_adapter,none,0,2,0.5643598902398638,0.06990207217443056,5.823431069958848
plasma,9357,samft_b_dec_adapter,none,0,2,0.24337262096556614,0.03762941806497679,9.95897633744856
plasma,1837,samft_b_dec_adapter,none,0,2,0.49840877196189176,0.06326813224857192,5.83957047325103
plasma,2174,samft_b_dec_adapter,none,0,2,0.4385363385981676,0.049595430747263206,11.247106481481481
plasma,2404,samft_b_dec_adapter,none,0,2,0.42014973101087244,0.044495741463026345,2.292052469135804
plasma,2192,samft_b_dec_adapter,none,0,2,0.32487426599271874,0.0327319587628866,2.76665380658436
plasma,9590,samft_b_dec_adapter,none,0,2,0.22570904923986113,0.02988523858294598,24.067386831275716
plasma,1870,samft_b_dec_adapter,none,0,2,0.6983169690071983,0.09483043837882547,-0.21694958847736645
plasma,102,samft_b_dec_adapter,none,0,2,0.7743622712192644,0.14630428316478286,3.4362139917695487
plasma,1705,samft_b_dec_adapter,none,0,2,0.5753608399259383,0.04562797261276329,7.297453703703704
plasma,9321,samft_b_dec_adapter,none,0,2,0.3742175127892612,0.059166523752358084,12.603330761316872
plasma,1704,samft_b_dec_adapter,none,0,2,0.2835077725628913,0.05977641847711453,17.78851594650206
plasma,9838,samft_b_dec_adapter,none,0,2,0.3156827940579448,0.027912351660073782,8.837770061728396
plasma,9775,samft_b_dec_adapter,none,0,2,0.4391606603487127,0.04128274616079494,-5.4014917695473255
plasma,2221,samft_b_dec_adapter,none,0,2,0.44865132796083024,0.01173160632763563,3.948109567901233
plasma,9714,samft_b_dec_adapter,none,0,2,0.16572001763386726,0.008967372559839967,-13.580697016460908
plasma,104,samft_b_dec_adapter,none,0,2,0.5635645552406728,0.10044751983753902,9.765496399176955
plasma,1745,samft_b_dec_adapter,none,0,2,0.5407847547059332,0.08691046939458133,6.029642489711934
plasma,9528,samft_b_dec_adapter,none,0,2,0.5356890459363958,0.05201061441110431,10.106674382716049
plasma,1898,samft_b_dec_adapter,none,0,2,0.45464608442328036,0.03188063108973052,-15.795974794238681
plasma,2216,samft_b_dec_adapter,none,0,2,0.5559467957039083,0.09055492208285823,6.358217592592591
plasma,9625,samft_b_dec_adapter,none,0,2,0.3049097210526782,0.019701108789972683,6.820216049382717
plasma,2178,samft_b_dec_adapter,none,0,2,0.2859001216380592,0.028351536415596176,7.559799382716051
plasma,2087,samft_b_dec_adapter,none,0,2,0.3805022852291626,0.03071265533857469,-13.942772633744854
plasma,1992,samft_b_dec_adapter,none,0,2,0.3623449866798314,0.019129133342687434,-3.1867926954732506
plasma,2189,samft_b_dec_adapter,none,0,2,0.6172567926570428,0.07858562102104538,-3.376157407407407
plasma,507,samft_b_dec_adapter,none,0,2,0.5105611343928731,0.037499140716298895,1.0667438271604948
plasma,1970,samft_b_dec_adapter,none,0,2,0.8731591059685222,0.21767668194420867,0.3488940329218121
plasma,9692,samft_b_dec_adapter,none,0,2,0.21575827033698455,0.0043663191177024125,2.340985082304526
plasma,1984,samft_b_dec_adapter,none,0,2,0.17502545142795906,0.007132207760809123,7.65354938271605
plasma,9726,samft_b_dec_adapter,none,0,2,0.39888257824975193,0.026452410383189122,7.327674897119341
plasma,9782,samft_b_dec_adapter,none,0,2,0.16063510194756983,0.008514570476221906,-11.566936728395063
plasma,2301,samft_b_dec_adapter,none,0,2,0.47884730261396174,0.07947510450288375,-1.4702932098765442
plasma,2033,samft_b_dec_adapter,none,0,2,0.5737388019754982,0.0748867497168743,2.260995370370372
plasma,9373,samft_b_dec_adapter,none,0,2,0.25406177576532724,0.019975320067869812,14.714570473251031
plasma,1762,samft_b_dec_adapter,none,0,2,0.5467674085469273,0.08319519270617488,7.550990226337449
plasma,9600,samft_b_dec_adapter,none,0,2,0.14069241202084373,0.0010396762953804653,11.28079989711934
plasma,518,samft_b_dec_adapter,none,0,2,0.5330354783884286,0.053559714451090104,10.094393004115227
plasma,9504,samft_b_dec_adapter,none,0,2,0.21599315609246816,0.010826583762851455,5.325295781893004
plasma,2015,samft_b_dec_adapter,none,0,2,0.5317749213872146,0.05243260534504318,-16.380079732510286
plasma,113,samft_b_dec_adapter,none,0,2,0.3967749135141167,0.05247317919484474,15.604809670781894
plasma,9442,samft_b_dec_adapter,none,0,2,0.13290307028116852,0.011640524810101608,12.224279835390947
plasma,9773,samft_b_dec_adapter,none,0,2,0.4064361862833959,0.01642423000751212,-7.6920653292181065
plasma,9629,samft_b_dec_adapter,none,0,2,0.3564898920492761,0.009409442342490542,5.474729938271605
plasma,2227,samft_b_dec_adapter,none,0,2,0.4682644170158479,0.04664185716817296,11.246977880658436
plasma,2142,samft_b_dec_adapter,none,0,2,0.5616936484307158,0.016699908725195226,-10.520576131687243
plasma,208,samft_b_dec_adapter,none,0,2,0.5172249031247733,0.06311928776361324,7.177662037037037
plasma,9605,samft_b_dec_adapter,none,0,2,0.166593438781488,0.02273936170212766,14.7241512345679
plasma,9686,samft_b_dec_adapter,none,0,2,0.35415352527426547,0.021728102806898884,2.6379243827160503
plasma,1959,samft_b_dec_adapter,none,0,2,0.5449101258507577,0.07715626127751714,7.485918209876543
plasma,1816,samft_b_dec_adapter,none,0,2,0.46356128992572315,0.08362707718869146,2.4234182098765435
plasma,9774,samft_b_dec_adapter,none,0,2,0.23215772329261888,0.016249823371485093,1.628472222222224
plasma,2188,samft_b_dec_adapter,none,0,2,0.5017740803365326,0.08815141301529686,10.229873971193417
plasma,110,samft_b_dec_adapter,none,0,2,0.3889750115965227,0.03998816261606185,13.024498456790123
plasma,9845,samft_b_dec_adapter,none,0,2,0.15171427598651732,0.006130222592548506,17.47878086419753
plasma,9789,samft_b_dec_adapter,none,0,2,0.08544871099656139,0.009932600212841433,6.71875
plasma,2105,samft_b_dec_adapter,none,0,2,0.3685988473808789,0.02772215118102637,-22.42232510288066
plasma,9453,samft_b_dec_adapter,none,0,2,0.2907537073947542,0.019033352425430673,3.447852366255144
plasma,2386,samft_b_dec_adapter,none,0,2,0.579017887836707,0.12208941322570631,-0.2847865226337454
plasma,2073,samft_b_dec_adapter,none,0,2,0.3111456930928748,0.018286427902412916,3.228009259259258
plasma,1847,samft_b_dec_adapter,none,0,2,0.3906567454743815,0.041125920729568576,6.957433127572016
plasma,9902,samft_b_dec_adapter,none,0,2,0.34050476127056,0.04769976741435723,14.718171296296296
plasma,9581,samft_b_dec_adapter,none,0,2,0.19068921314127366,0.012787235666844797,11.723572530864198
plasma,417,samft_b_dec_adapter,none,0,2,0.1883280252461353,0.010467408953839016,10.193737139917696
plasma,2392,samft_b_dec_adapter,none,0,2,0.32549812363573805,0.018468309167354317,-4.298611111111112
plasma,506,samft_b_dec_adapter,none,0,2,0.6349501759860325,0.04940504521656354,8.2519933127572
plasma,1871,samft_b_dec_adapter,none,0,2,0.4333863372270809,0.08806046195652174,7.517361111111109
plasma,2145,samft_b_dec_adapter,none,0,2,0.42572729310731344,0.032973050871883555,-23.212448559670783
plasma,1774,samft_b_dec_adapter,none,0,2,0.4708578614518216,0.08206410547851785,5.557355967078189
plasma,9464,samft_b_dec_adapter,none,0,2,0.5685745534086767,0.0962635942715624,5.402713477366254
plasma,9832,samft_b_dec_adapter,none,0,2,0.627868069880394,0.07863575125859747,9.942772633744855
plasma,2052,samft_b_dec_adapter,none,0,2,0.7303092763219386,0.11409485637942551,3.480967078189301
plasma,2200,samft_b_dec_adapter,none,0,2,0.6014636072248533,0.10485780015336912,5.909014917695473
plasma,9841,samft_b_dec_adapter,none,0,2,0.23626196703029162,0.015140370234154713,4.566100823045267
plasma,9805,samft_b_dec_adapter,none,0,2,0.3408804756355502,0.012809485777477422,6.9501671810699595
plasma,1838,samft_b_dec_adapter,none,0,2,0.24108374343182642,0.0023096974296367176,-3.2253086419753108
plasma,1888,samft_b_dec_adapter,none,0,2,0.4131361910551853,0.06814730447987852,3.907085905349794
plasma,9286,samft_b_dec_adapter,none,0,2,0.39906798262075843,0.021312277269233456,4.083912037037038
plasma,9859,samft_b_dec_adapter,none,0,2,0.29810410203378146,0.011966287667965333,-2.6714248971193415
plasma,2060,samft_b_dec_adapter,none,0,2,0.43444461615551405,0.05375412764575326,10.2011316872428
plasma,2380,samft_b_dec_adapter,none,0,2,0.3903310073938402,0.046651532349602724,3.429976851851853
plasma,1770,samft_b_dec_adapter,none,0,2,0.3539882291018709,0.019391634980988594,8.740483539094651
plasma,1855,samft_b_dec_adapter,none,0,2,0.29594547124113324,0.029147684550400284,7.2021604938271615
plasma,2359,samft_b_dec_adapter,none,0,2,0.37747713139447225,0.023360100114714778,-12.503215020576134
plasma,1994,samft_b_dec_adapter,none,0,2,0.4334418333364692,0.014284930905900417,-7.413580246913582
plasma,1709,samft_b_dec_adapter,none,0,2,0.4632011622550583,0.0630080299522144,5.2759130658436195
plasma,2071,samft_b_dec_adapter,none,0,2,0.37045550243974934,0.01585894405043341,1.4194958847736625
plasma,9820,samft_b_dec_adapter,none,0,2,0.5032159264931088,0.05172842576473514,11.6059670781893
plasma,1747,samft_b_dec_adapter,none,0,2,0.6505027568118942,0.10505009614411497,-1.2104552469135803
plasma,9512,samft_b_dec_adapter,none,0,2,0.43117498888724254,0.06042962534355562,14.985789609053498
plasma,1963,samft_b_dec_adapter,none,0,2,0.6701097385744262,0.09870877411325452,-2.6285365226337456
plasma,2295,samft_b_dec_adapter,none,0,2,0.3758434532374101,0.014882788402220851,-10.515817901234566
plasma,2013,samft_b_dec_adapter,none,0,2,0.4588915758388441,0.017918458031566494,-10.895318930041153
plasma,1993,samft_b_dec_adapter,none,0,2,0.5403102541225541,0.06347723338188013,-10.57889660493827
plasma,9910,samft_b_dec_adapter,none,0,2,0.295762832322095,0.015546679197994987,1.617991255144033
plasma,9342,samft_b_dec_adapter,none,0,2,0.3671928639531231,0.047389973363018326,11.690007716049381
plasma,2318,samft_b_dec_adapter,none,0,2,0.46751706173010926,0.07464221441426,1.8559670781892996
plasma,1742,samft_b_dec_adapter,none,0,2,0.614503689786599,0.17128193559302915,7.894225823045266
plasma,305,samft_b_dec_adapter,none,0,2,0.3974224839771349,0.032361368616214393,6.996077674897118
plasma,1715,samft_b_dec_adapter,none,0,2,0.5577071584781015,0.09692299038082916,6.90496399176955
plasma,9710,samft_b_dec_adapter,none,0,2,0.481671228145458,0.049582898852971846,-1.9007201646090544
plasma,1738,samft_b_dec_adapter,none,0,2,0.6286656174627269,0.12152616217588089,7.56005658436214
plasma,2315,samft_b_dec_adapter,none,0,2,0.5527074182198021,0.03661817876061549,-2.0480324074074074
plasma,2439,samft_b_dec_adapter,none,0,2,0.5083067398519275,0.038466369402750736,-8.142618312757202
plasma,9889,samft_b_dec_adapter,none,0,2,0.22326752871759462,0.017973557545847802,11.669881687242798
plasma,9706,samft_b_dec_adapter,none,0,2,0.10592380387895552,0.0047329552409319025,-3.263631687242799
plasma,9786,samft_b_dec_adapter,none,0,2,0.03917413060846894,0.0025797603108774453,7.919110082304526
plasma,1739,samft_b_dec_adapter,none,0,2,0.3027576302921234,0.06503716965710504,18.521733539094647
plasma,9343,samft_b_dec_adapter,none,0,2,0.24946484919537817,0.023492273244503176,16.084876543209877
plasma,2025,samft_b_dec_adapter,none,0,2,0.2047076638485561,0.0013637913399249914,-6.447466563786007
plasma,2047,samft_b_dec_adapter,none,0,2,0.4235246994713766,0.06766189092609291,7.01658950617284
plasma,304,samft_b_dec_adapter,none,0,2,0.2775958736466677,0.02017872585759585,11.628407921810698
plasma,2110,samft_b_dec_adapter,none,0,2,0.3153833030598011,0.025390480420460434,8.429398148148147
plasma,206,samft_b_dec_adapter,none,0,2,0.5154781843931271,0.062122276879831344,4.466049382716049
plasma,1693,samft_b_dec_adapter,none,0,2,0.4755390077062949,0.07365743910789396,5.596643518518519
plasma,2299,samft_b_dec_adapter,none,0,2,0.429543378050331,0.03763918300430357,7.814879115226338
plasma,1812,samft_b_dec_adapter,none,0,2,0.22919936625882195,0.018178231215827744,6.56738683127572
plasma,9317,samft_b_dec_adapter,none,0,2,0.329589519650655,0.05310873880156644,9.812757201646091
plasma,2378,samft_b_dec_adapter,none,0,2,0.45607013655770295,0.04033901444979622,-3.9796167695473255
plasma,2423,samft_b_dec_adapter,none,0,2,0.3473975664157812,0.028949338657349638,-7.892425411522633
plasma,9402,samft_b_dec_adapter,none,0,2,0.19772012880223638,0.020971867007672635,-4.717914094650205
plasma,2160,samft_b_dec_adapter,none,0,2,0.4561183672884199,0.03129601202969832,-8.350308641975307
plasma,115,samft_b_dec_adapter,none,0,2,0.5012322815015314,0.05458660111592337,9.374935699588475
plasma,2355,samft_b_dec_adapter,none,0,2,0.40183258710941566,0.009259985874597818,-5.013567386831277
plasma,2435,samft_b_dec_adapter,none,0,2,0.5820247910230263,0.057208098645151466,-3.5000643004115233
plasma,2276,samft_b_dec_adapter,none,0,2,0.36677448878716157,0.007150207118545685,1.6659593621399154
plasma,513,samft_b_dec_adapter,none,0,2,0.7635710473702237,0.1285256200510438,5.057227366255143
plasma,1808,samft_b_dec_adapter,none,0,2,0.4818463136253325,0.03390660183402408,0.643775720164609
plasma,9719,samft_b_dec_adapter,none,0,2,0.1792566744211809,0.02370245456248829,13.260931069958847
plasma,9601,samft_b_dec_adapter,none,0,2,0.36286596867226156,0.012326327039543996,-0.4178240740740746
plasma,2351,samft_b_dec_adapter,none,0,2,0.6504607358396403,0.07837528604118993,5.665766460905347
plasma,2335,samft_b_dec_adapter,none,0,2,0.4914701341164361,0.04402007342292277,6.570344650205762
plasma,2159,samft_b_dec_adapter,none,0,2,0.5460435819841423,0.061027215399933624,-6.451646090534979
plasma,2086,samft_b_dec_adapter,none,0,2,0.52574401635455,0.031103623962527735,-0.6757330246913579
plasma,9407,samft_b_dec_adapter,none,0,2,0.4298390666723786,0.07564717729992299,7.582883230452674
plasma,9727,samft_b_dec_adapter,none,0,2,0.26071477056747216,0.03144915078400569,20.319958847736626
plasma,2082,samft_b_dec_adapter,none,0,2,0.2805845182002621,0.02828153710953104,6.271283436213992
plasma,512,samft_b_dec_adapter,none,0,2,0.621622162616598,0.08711093572732205,9.440715020576132
plasma,9757,samft_b_dec_adapter,none,0,2,0.6480197409006786,0.0730507959038832,5.636059670781893
plasma,2122,samft_b_dec_adapter,none,0,2,0.3702537707075817,0.03554266025931635,1.226337448559671
plasma,9801,samft_b_dec_adapter,none,0,2,0.21658823491308812,0.007665264249899141,2.892939814814814
plasma,2227,samft_b_ende_adapter,none,0,full,0.7889136980276734,0.3619673009916912,4.1157407407407405
plasma,516,samft_b_ende_adapter,none,0,full,0.583713699808163,0.24126838235294118,8.1855066872428
plasma,2078,samft_b_ende_adapter,none,0,full,0.6906644258307733,0.34963820549927643,5.1787551440329205
plasma,2160,samft_b_ende_adapter,none,0,full,0.9230732463847231,0.4964988329443148,-2.0785108024691357
plasma,9774,samft_b_ende_adapter,none,0,full,0.753434298581701,0.2525261889311208,8.142168209876544
plasma,9786,samft_b_ende_adapter,none,0,full,0.7420669481102283,0.36338028169014086,2.2995756172839505
plasma,2087,samft_b_ende_adapter,none,0,full,0.8193495099298851,0.43438441919777415,11.889531893004119
plasma,2394,samft_b_ende_adapter,none,0,full,0.935593229303018,0.5098217179902755,0.6069958847736645
plasma,2071,samft_b_ende_adapter,none,0,full,0.8386349662763445,0.4096299810246679,3.2780349794238677
plasma,2082,samft_b_ende_adapter,none,0,full,0.8948689111059619,0.4906731549067315,-1.938400205761316
plasma,9339,samft_b_ende_adapter,none,0,full,0.0,0.0,0.7813786008230454
plasma,9625,samft_b_ende_adapter,none,0,full,0.6979092295352178,0.26052840683353196,6.983281893004116
plasma,2142,samft_b_ende_adapter,none,0,full,0.881599168618138,0.2725514039354411,3.944637345679014
plasma,9357,samft_b_ende_adapter,none,0,full,0.5063468281070557,0.1546368204659662,1.7303883744855968
plasma,9871,samft_b_ende_adapter,none,0,full,0.6179756998980578,0.16624895572263992,6.2028677983539104
plasma,9387,samft_b_ende_adapter,none,0,full,0.9789177258543268,0.4769585253456221,-0.12390689300411512
plasma,9886,samft_b_ende_adapter,none,0,full,0.8746763266090444,0.2960552011456842,2.6323945473251036
plasma,2186,samft_b_ende_adapter,none,0,full,0.9237372615903583,0.4370835952231301,-1.2417695473251056
plasma,1993,samft_b_ende_adapter,none,0,full,0.8643038289116143,0.4829376453409767,1.9731224279835424
plasma,9512,samft_b_ende_adapter,none,0,full,0.6320610223981317,0.247,2.8708847736625507
plasma,2439,samft_b_ende_adapter,none,0,full,0.9413962627693381,0.5814831261101243,2.0842978395061715
plasma,2184,samft_b_ende_adapter,none,0,full,0.9732011890390332,0.5027771606309709,0.267489711934156
plasma,9902,samft_b_ende_adapter,none,0,full,0.6566712806245746,0.26576048746191705,4.653613683127571
plasma,2015,samft_b_ende_adapter,none,0,full,0.9729465701494628,0.5491930996104619,-0.03948045267489486
plasma,2424,samft_b_ende_adapter,none,0,full,0.8892431559839508,0.36684782608695654,3.778356481481482
plasma,2174,samft_b_ende_adapter,none,0,full,0.7174379889211522,0.5424098295679747,4.739904835390947
plasma,1844,samft_b_ende_adapter,none,0,full,0.6880368569726552,0.27932211655693734,6.313914609053499
plasma,208,samft_b_ende_adapter,none,0,full,0.9797660394311682,0.7205767121140887,0.08043981481481444
plasma,1745,samft_b_ende_adapter,none,0,full,0.8015764109207074,0.453125,0.4679783950617286
plasma,9353,samft_b_ende_adapter,none,0,full,0.9645054227100484,0.46405001736714135,-0.2699974279835385
plasma,9601,samft_b_ende_adapter,none,0,full,0.7191918657693274,0.195380063723259,0.3759645061728392
plasma,9407,samft_b_ende_adapter,none,0,full,0.5780185073736298,0.30189485681721046,10.06957304526749
plasma,2047,samft_b_ende_adapter,none,0,full,0.8335612227592639,0.3155469143803557,1.9296553497942375
plasma,110,samft_b_ende_adapter,none,0,full,0.9787376669971203,0.67003367003367,-0.10841049382716017
plasma,206,samft_b_ende_adapter,none,0,full,0.8252032662115922,0.49859943977591037,3.0140817901234573
plasma,9398,samft_b_ende_adapter,none,0,full,0.8071468920336583,0.26244343891402716,2.3002829218106995
plasma,1762,samft_b_ende_adapter,none,0,full,0.9589690340383767,0.5200903663062773,0.39319701646090555
plasma,9782,samft_b_ende_adapter,none,0,full,0.6303462676663977,0.15098206660973526,6.415830761316873
plasma,2221,samft_b_ende_adapter,none,0,full,0.9319960764249108,0.4094362961654002,-0.936149691358025
plasma,9912,samft_b_ende_adapter,none,0,full,0.8532016456731348,0.30662600499029663,3.9276620370370385
plasma,506,samft_b_ende_adapter,none,0,full,0.6881370052252224,0.3571850975753992,10.218042695473251
plasma,1694,samft_b_ende_adapter,none,0,full,0.9764228746628374,0.5227668065077253,-0.7997685185185177
plasma,304,samft_b_ende_adapter,none,0,full,0.8077427510468516,0.4274246040355826,2.0575488683127565
plasma,2200,samft_b_ende_adapter,none,0,full,0.8714270114657269,0.5963954685890834,3.9312628600823047
plasma,305,samft_b_ende_adapter,none,0,full,0.8668622384551123,0.2975471465549119,-0.9859825102880665
plasma,1957,samft_b_ende_adapter,none,0,full,0.7185599795257752,0.3837822826992502,7.389531893004114
plasma,2378,samft_b_ende_adapter,none,0,full,0.9410614878072346,0.5747524276511874,1.0321502057613174
plasma,2192,samft_b_ende_adapter,none,0,full,0.9111797570695803,0.4239199636198272,2.4861111111111085
plasma,1738,samft_b_ende_adapter,none,0,full,0.8695716239721442,0.3876272513703994,0.014210390946502172
plasma,9910,samft_b_ende_adapter,none,0,full,0.8190993982984299,0.41175679311272534,4.258487654320989
plasma,1992,samft_b_ende_adapter,none,0,full,0.8305829818472458,0.29441776710684275,-1.8450360082304522
plasma,9367,samft_b_ende_adapter,none,0,full,0.7302028373783562,0.1285140562248996,1.8299897119341566
plasma,1837,samft_b_ende_adapter,none,0,full,0.920572400179078,0.47424732520527496,1.8985982510288073
plasma,1970,samft_b_ende_adapter,none,0,full,0.9629025385923576,0.5541347769273848,-0.4362139917695462
plasma,9830,samft_b_ende_adapter,none,0,full,0.5783794593560616,0.23452359590884622,8.988618827160492
plasma,9590,samft_b_ende_adapter,none,0,full,0.7294811320754717,0.3417877370105885,0.42399691358024627
plasma,2060,samft_b_ende_adapter,none,0,full,0.8408200640993031,0.5156315131304711,2.9633487654320985
plasma,1944,samft_b_ende_adapter,none,0,full,0.7027146739538446,0.23380726698262244,4.421039094650206
plasma,1693,samft_b_ende_adapter,none,0,full,0.7247573762332954,0.38035714285714284,2.5329861111111107
plasma,2139,samft_b_ende_adapter,none,0,full,0.8929609166185623,0.4621990803354071,4.647505144032918
plasma,2315,samft_b_ende_adapter,none,0,full,0.8173635284265497,0.48159913225381573,6.746720679012344
plasma,2355,samft_b_ende_adapter,none,0,full,0.8736102460808608,0.39708664396519106,-0.15959362139917888
plasma,1959,samft_b_ende_adapter,none,0,full,0.8273544111643539,0.28774306314179593,2.2348894032921813
plasma,9281,samft_b_ende_adapter,none,0,full,0.7674377068994879,0.24984535444760608,-8.423482510288066
plasma,9801,samft_b_ende_adapter,none,0,full,0.8854591673253156,0.33655868742111905,1.100051440329218
plasma,9719,samft_b_ende_adapter,none,0,full,0.6304825325988425,0.2556141378636985,4.797453703703704
plasma,9706,samft_b_ende_adapter,none,0,full,0.7069244155706821,0.2412640824899752,5.179462448559671
plasma,1871,samft_b_ende_adapter,none,0,full,0.9454572299969086,0.5675335570469798,0.42560442386831293
plasma,9686,samft_b_ende_adapter,none,0,full,0.8841776992457409,0.30533371363377065,1.8576388888888893
plasma,9605,samft_b_ende_adapter,none,0,full,0.308754165991495,0.15360217489805164,10.088413065843623
plasma,9286,samft_b_ende_adapter,none,0,full,0.5781741235801215,0.15287846481876333,-1.3165509259259258
plasma,407,samft_b_ende_adapter,none,0,full,0.8148924396824853,0.3897907647907648,1.4708719135802468
plasma,9692,samft_b_ende_adapter,none,0,full,0.5238455458959016,0.23075030750307504,10.533822016460906
plasma,2073,samft_b_ende_adapter,none,0,full,0.8393750290342061,0.2909090909090909,3.020704732510289
plasma,1709,samft_b_ende_adapter,none,0,full,0.6719217101119689,0.2798200514138817,0.6196630658436203
plasma,2216,samft_b_ende_adapter,none,0,full,0.853119811697455,0.47942572914311554,4.212062757201646
plasma,2145,samft_b_ende_adapter,none,0,full,0.8748227178727576,0.33898084191320216,6.987268518518519
plasma,9343,samft_b_ende_adapter,none,0,full,0.5209094787330942,0.2946213540272946,5.190329218106996
plasma,2318,samft_b_ende_adapter,none,0,full,0.8282014073007694,0.44830756372753866,3.826646090534977
plasma,207,samft_b_ende_adapter,none,0,full,0.8715208975396601,0.5114187838995147,0.877764917695474
plasma,1838,samft_b_ende_adapter,none,0,full,0.7139802267139838,0.24789002001218133,2.4768518518518494
plasma,9511,samft_b_ende_adapter,none,0,full,0.6970012417765331,0.30444763271162123,3.3727494855967084
plasma,1766,samft_b_ende_adapter,none,0,full,0.8479323436469867,0.3582684640212645,1.7513503086419753
plasma,9820,samft_b_ende_adapter,none,0,full,0.7798435127875745,0.2305413412335039,3.351080246913579
plasma,409,samft_b_ende_adapter,none,0,full,0.9818337918788659,0.7794642857142857,-0.00842335390946504
plasma,2052,samft_b_ende_adapter,none,0,full,0.7908587919603617,0.47739379866138504,5.590727880658436
plasma,1839,samft_b_ende_adapter,none,0,full,0.6055619287034865,0.20479041916167665,11.641139403292183
plasma,1704,samft_b_ende_adapter,none,0,full,0.8170270077237805,0.5688073394495413,-1.1041023662551437
plasma,9442,samft_b_ende_adapter,none,0,full,0.6056174788989086,0.14538075913105752,3.675475823045267
plasma,1847,samft_b_ende_adapter,none,0,full,0.4981465537241639,0.3508519003931848,12.215920781893006
plasma,2105,samft_b_ende_adapter,none,0,full,0.9446957341130812,0.4032888746049601,2.3816229423868296
plasma,1948,samft_b_ende_adapter,none,0,full,0.8893955183599741,0.4020592978538643,5.513438786008229
plasma,9581,samft_b_ende_adapter,none,0,full,0.8862067219230575,0.44400317712470216,1.1303369341563785
plasma,1812,samft_b_ende_adapter,none,0,full,0.904310321970534,0.3031491650790093,0.8473508230452675
plasma,9528,samft_b_ende_adapter,none,0,full,0.8238670805185321,0.18554551772063932,-1.8548096707818928
plasma,9342,samft_b_ende_adapter,none,0,full,0.8906631904839498,0.3645693886657742,1.1854423868312758
plasma,2299,samft_b_ende_adapter,none,0,full,0.8591530880742642,0.5747831605669558,1.8058127572016456
plasma,9321,samft_b_ende_adapter,none,0,full,0.30546496747675017,0.0222870788007429,0.24119084362139928
plasma,518,samft_b_ende_adapter,none,0,full,0.8002866352799479,0.39366391184573,5.029899691358024
plasma,9276,samft_b_ende_adapter,none,0,full,0.9694393714443379,0.4058964689749743,-0.24704218106995843
plasma,1770,samft_b_ende_adapter,none,0,full,0.8307799670697532,0.20606160434854226,-0.44502314814814925
plasma,2178,samft_b_ende_adapter,none,0,full,0.7773551607703885,0.2702925422332097,2.7952031893004117
plasma,1705,samft_b_ende_adapter,none,0,full,0.7986036004326151,0.2460551413213109,2.9439300411522638
plasma,1888,samft_b_ende_adapter,none,0,full,0.8685107533436882,0.379155672823219,0.13798868312757256
plasma,2380,samft_b_ende_adapter,none,0,full,0.977070880816449,0.6355782792665726,-0.22331532921810726
plasma,1815,samft_b_ende_adapter,none,0,full,0.8085136852657394,0.4544153720359771,2.37474279835391
plasma,2063,samft_b_ende_adapter,none,0,full,0.817901455756377,0.31837907218385186,7.180298353909468
plasma,417,samft_b_ende_adapter,none,0,full,0.8471886579668116,0.45553292600135775,0.1221707818930039
plasma,9710,samft_b_ende_adapter,none,0,full,0.9646315933635937,0.4524617996604414,-0.18325617283950768
plasma,2013,samft_b_ende_adapter,none,0,full,0.9289523298001776,0.6260143006346911,2.371784979423869
plasma,9832,samft_b_ende_adapter,none,0,full,0.8357337342918043,0.379779498006099,3.415187757201646
plasma,1853,samft_b_ende_adapter,none,0,full,0.7784798438159561,0.38911193190942667,4.189300411522634
plasma,2351,samft_b_ende_adapter,none,0,full,0.8370413090777612,0.3843185889486013,6.181262860082304
plasma,9798,samft_b_ende_adapter,none,0,full,0.8582821797721143,0.39626068376068374,0.7771990740740725
plasma,2086,samft_b_ende_adapter,none,0,full,0.9490481448469449,0.5143212951432129,1.0861625514403284
plasma,1739,samft_b_ende_adapter,none,0,full,0.7850061432868704,0.45741831815747186,2.3653549382716044
plasma,9727,samft_b_ende_adapter,none,0,full,0.584220462946804,0.31708696143842585,10.799447016460904
plasma,9789,samft_b_ende_adapter,none,0,full,0.5190491174871985,0.2351818875604172,9.038194444444443
plasma,9757,samft_b_ende_adapter,none,0,full,0.8383822552268096,0.3787634741667699,3.494920267489712
plasma,1981,samft_b_ende_adapter,none,0,full,0.4317062741218854,0.2225135975135975,18.238490226337444
plasma,403,samft_b_ende_adapter,none,0,full,0.9821484892449379,0.7815206929740135,0.001993312757201521
plasma,1898,samft_b_ende_adapter,none,0,full,0.7773738667684205,0.3649369391980925,1.3817515432098748
plasma,507,samft_b_ende_adapter,none,0,full,0.8138662197610026,0.5075399504839073,4.9092078189300405
plasma,9629,samft_b_ende_adapter,none,0,full,0.9621902934010751,0.5161059413027917,-0.41891718106995823
plasma,9397,samft_b_ende_adapter,none,0,full,0.6405276534490902,0.18633852335509793,-0.5505401234567899
plasma,2025,samft_b_ende_adapter,none,0,full,0.8421507038299336,0.2718560992852093,5.494470164609055
plasma,9889,samft_b_ende_adapter,none,0,full,0.5852114875639065,0.409626216077829,3.102880658436214
plasma,1963,samft_b_ende_adapter,none,0,full,0.9702428307881344,0.5611013815917494,0.2184284979423856
plasma,1742,samft_b_ende_adapter,none,0,full,0.8463376973241126,0.28489702517162474,-1.5685442386831283
plasma,1716,samft_b_ende_adapter,none,0,full,0.9835948826207493,0.6293639406982305,0.04314557613168679
plasma,1994,samft_b_ende_adapter,none,0,full,0.8350285402724233,0.23995543029429114,-1.9533179012345692
plasma,2046,samft_b_ende_adapter,none,0,full,0.8167259030599964,0.41975308641975306,3.171874999999999
plasma,2122,samft_b_ende_adapter,none,0,full,0.8044328746115833,0.3589452792741707,5.398855452674899
plasma,9875,samft_b_ende_adapter,none,0,full,0.9588856908758587,0.47009988325334023,0.44939557613168646
plasma,9694,samft_b_ende_adapter,none,0,full,0.7556571409946138,0.33678651228925455,4.201517489711934
plasma,9402,samft_b_ende_adapter,none,0,full,0.8720362729400173,0.3862411226148712,3.552983539094651
plasma,2359,samft_b_ende_adapter,none,0,full,0.7921464044403819,0.2955843274721547,11.206661522633743
plasma,9726,samft_b_ende_adapter,none,0,full,0.876026302927248,0.33157894736842103,2.477880658436213
plasma,513,samft_b_ende_adapter,none,0,full,0.9795161370448261,0.5804838709677419,-0.051376028806585095
plasma,1984,samft_b_ende_adapter,none,0,full,0.6963366109498232,0.3691890057685782,4.709747942386831
plasma,9292,samft_b_ende_adapter,none,0,full,0.7093776661538514,0.29802764404410625,6.536265432098768
plasma,9396,samft_b_ende_adapter,none,0,full,0.7784176946519422,0.4565748737167997,4.234310699588477
plasma,2301,samft_b_ende_adapter,none,0,full,0.8561918935481047,0.41952317609741124,4.038966049382717
plasma,512,samft_b_ende_adapter,none,0,full,0.8475047721562602,0.3590575379887314,2.884580761316874
plasma,1816,samft_b_ende_adapter,none,0,full,0.7077102077972912,0.2393440025352559,0.6033307613168726
plasma,9775,samft_b_ende_adapter,none,0,full,0.9054461125875686,0.3243970315398887,2.22093621399177
plasma,2423,samft_b_ende_adapter,none,0,full,0.8183830860906266,0.3531611148878314,-0.30176183127572087
plasma,9421,samft_b_ende_adapter,none,0,full,0.9139435482282495,0.35973322217590664,-0.8596322016460906
plasma,9504,samft_b_ende_adapter,none,0,full,0.8052070841557317,0.30195865070729055,2.1163194444444438
plasma,2188,samft_b_ende_adapter,none,0,full,0.6544472682805391,0.29827814569536426,7.076453189300412
plasma,2435,samft_b_ende_adapter,none,0,full,0.89038098200735,0.5073666542334949,4.9329346707818935
plasma,9300,samft_b_ende_adapter,none,0,full,0.6779434560678683,0.23862275449101797,2.932291666666667
plasma,102,samft_b_ende_adapter,none,0,full,0.9417167745559352,0.7027633443552197,-1.0378086419753074
plasma,9714,samft_b_ende_adapter,none,0,full,0.6922175651741852,0.1929232124504478,-3.6556712962962976
plasma,1774,samft_b_ende_adapter,none,0,full,0.7082819055502588,0.3457467659741278,3.432677469135803
plasma,9841,samft_b_ende_adapter,none,0,full,0.9765990297959943,0.44524959742351045,-0.06455761316872394
plasma,203,samft_b_ende_adapter,none,0,full,0.5307743056672996,0.23536564182734063,5.167438271604938
plasma,9838,samft_b_ende_adapter,none,0,full,0.7607138495521183,0.24710894704808278,-0.7512217078189304
plasma,104,samft_b_ende_adapter,none,0,full,0.8833533757086411,0.6866715758468336,1.6505272633744863
plasma,9859,samft_b_ende_adapter,none,0,full,0.8561711904740197,0.31294807734086466,3.153935185185186
plasma,1967,samft_b_ende_adapter,none,0,full,0.913219491496267,0.6320568495854718,1.8057484567901239
plasma,9805,samft_b_ende_adapter,none,0,full,0.5543859649122806,0.21753986332574032,-2.2690329218107
plasma,2295,samft_b_ende_adapter,none,0,full,0.8143185688515691,0.34360562038580617,6.232445987654323
plasma,2033,samft_b_ende_adapter,none,0,full,0.8615953462182258,0.5581395348837209,3.886895576131688
plasma,2404,samft_b_ende_adapter,none,0,full,0.6621831741613858,0.22018539735444226,10.660943930041151
plasma,2258,samft_b_ende_adapter,none,0,full,0.7444830257638074,0.35871508724335655,10.714184670781894
plasma,1719,samft_b_ende_adapter,none,0,full,0.8569045615467732,0.41265516197396307,1.6535493827160506
plasma,115,samft_b_ende_adapter,none,0,full,0.7634484729887205,0.4161982094524256,1.4293338477366246
plasma,1747,samft_b_ende_adapter,none,0,full,0.9586946094257672,0.5327495621716287,-0.3033050411522631
plasma,1808,samft_b_ende_adapter,none,0,full,0.8681640075283107,0.4353453640323584,2.646540637860083
plasma,1863,samft_b_ende_adapter,none,0,full,0.9776740215507104,0.6048659207955958,0.28157150205761206
plasma,2384,samft_b_ende_adapter,none,0,full,0.6895167219696824,0.24341142020497805,12.229681069958847
plasma,2276,samft_b_ende_adapter,none,0,full,0.8174978321864115,0.30179678804261406,3.630272633744855
plasma,9626,samft_b_ende_adapter,none,0,full,0.9285538815929895,0.40151178301467316,-1.0585776748971196
plasma,1855,samft_b_ende_adapter,none,0,full,0.8890112483284827,0.3652861796184272,-0.585776748971193
plasma,9317,samft_b_ende_adapter,none,0,full,0.8326983335707164,0.29820732657833204,2.172067901234568
plasma,2189,samft_b_ende_adapter,none,0,full,0.912368613849174,0.5017009557751498,3.2967463991769557
plasma,2335,samft_b_ende_adapter,none,0,full,0.8488623332729797,0.5194201016985827,4.549639917695475
plasma,1972,samft_b_ende_adapter,none,0,full,0.9766979912886705,0.5649929610511497,0.19817386831275652
plasma,9630,samft_b_ende_adapter,none,0,full,0.8267388885068975,0.4332342253055831,7.473636831275724
plasma,9373,samft_b_ende_adapter,none,0,full,0.646953053068116,0.31069058042649345,8.10204475308642
plasma,2110,samft_b_ende_adapter,none,0,full,0.9754638032244102,0.41952983725135623,-0.2654320987654321
plasma,2159,samft_b_ende_adapter,none,0,full,0.8959457410732097,0.4874548963665352,2.5210262345678998
plasma,9453,samft_b_ende_adapter,none,0,full,0.8243812617596449,0.4289688058811842,0.8271604938271615
plasma,9845,samft_b_ende_adapter,none,0,full,0.9778532795383289,0.6542515811665496,-0.036329732510288065
plasma,1776,samft_b_ende_adapter,none,0,full,0.6000648121693477,0.1946455044911485,1.6846064814814792
plasma,2339,samft_b_ende_adapter,none,0,full,0.8647606648521756,0.4655035685963521,3.4488811728395072
plasma,2386,samft_b_ende_adapter,none,0,full,0.8408310518171247,0.22386105777622622,3.5050154320987654
plasma,1854,samft_b_ende_adapter,none,0,full,0.8875902308526095,0.5064086453882886,2.787294238683127
plasma,9464,samft_b_ende_adapter,none,0,full,0.982545806817992,0.5039085989176187,-0.12602880658436205
plasma,1715,samft_b_ende_adapter,none,0,full,0.9586513583123932,0.5296606272417916,0.050475823045267876
plasma,2392,samft_b_ende_adapter,none,0,full,0.7850421226531339,0.4077065923862581,7.005979938271606
plasma,9773,samft_b_ende_adapter,none,0,full,0.6820477986434327,0.11899705418921697,7.50617283950617
plasma,2026,samft_b_ende_adapter,none,0,full,0.677676385944429,0.2397816858702244,5.98315329218107
plasma,9600,samft_b_ende_adapter,none,0,full,0.9756720966408179,0.6404155495978552,-0.1194058641975311
plasma,113,samft_b_ende_adapter,none,0,full,0.9842165923206625,0.7797652319731694,-0.0019290123456791597
plasma,1954,samft_b_ende_adapter,none,0,full,0.834149838217181,0.5147058823529411,2.6398533950617282
plasma,1870,samft_b_ende_adapter,none,0,full,0.9605508612110815,0.6210632911392405,0.6966306584362147
plasma,9347,samft_b_ende_adapter,none,0,full,0.9824994810047748,0.6429942418426103,-0.030221193415638087
plasma,2227,samh,boxes,2,0,0.8399996833714607,0.274115401556306,-2.4458590534979425
plasma,516,samh,boxes,2,0,0.7007113984705163,0.33629825889477666,-4.0765817901234565
plasma,2078,samh,boxes,2,0,0.7583942265340005,0.2659443486825905,-5.410365226337449
plasma,2160,samh,boxes,2,0,0.593399679320213,0.22969876962240135,-15.181970164609055
plasma,9774,samh,boxes,2,0,0.8321268848338456,0.3076643661460225,-3.5776105967078182
plasma,9786,samh,boxes,2,0,0.7256143127170425,0.27632898696088265,-1.5210905349794241
plasma,2087,samh,boxes,2,0,0.6359474827210222,0.32442544094067344,-15.361111111111109
plasma,2394,samh,boxes,2,0,0.40702814234966284,0.19862560026494452,-17.796296296296298
plasma,2071,samh,boxes,2,0,0.7866789974212731,0.26508001641362333,-4.168659979423869
plasma,2082,samh,boxes,2,0,0.6921754666161363,0.35345354523227385,-5.690329218106996
plasma,9339,samh,boxes,2,0,0.9628226107426865,0.488962472406181,-0.06667952674897122
plasma,9625,samh,boxes,2,0,0.7435128891912192,0.3404969778374748,-4.047582304526749
plasma,2142,samh,boxes,2,0,0.4655900645503234,0.08623809898497128,-20.972608024691358
plasma,9357,samh,boxes,2,0,0.7292584650910718,0.45148247978436656,-1.266332304526749
plasma,9871,samh,boxes,2,0,0.7648475935988713,0.17768707482993198,-2.404899691358024
plasma,9387,samh,boxes,2,0,0.9810647987765206,0.5669745958429562,-0.11747685185185194
plasma,9886,samh,boxes,2,0,0.8952973325355646,0.1497155404731011,-2.363168724279835
plasma,2186,samh,boxes,2,0,0.8895658946828754,0.3958791526797083,-2.3746141975308652
plasma,1993,samh,boxes,2,0,0.5659072943399158,0.27475495870957783,-22.50790895061728
plasma,9512,samh,boxes,2,0,0.9438747797830184,0.2645705521472393,-0.47588734567901303
plasma,2439,samh,boxes,2,0,0.46453187269194773,0.22668736870947118,-16.768582818930042
plasma,2184,samh,boxes,2,0,0.8087874014540911,0.426224010731053,-2.7693544238683128
plasma,9902,samh,boxes,2,0,0.9512553363807328,0.38880706921944036,-0.05336934156378592
plasma,2015,samh,boxes,2,0,0.503178818767821,0.21883271572260454,-23.64165380658436
plasma,2424,samh,boxes,2,0,0.6911392740824667,0.2593267581475129,-10.281185699588475
plasma,2174,samh,boxes,2,0,0.9700743637907522,0.5790747713824637,-0.28170010288065817
plasma,1844,samh,boxes,2,0,0.8779308627629996,0.31015452538631344,-1.861754115226337
plasma,208,samh,boxes,2,0,0.8582787115455361,0.5806203931203932,-2.2707690329218098
plasma,1745,samh,boxes,2,0,0.834637939826619,0.42717667513708707,-2.78639403292181
plasma,9353,samh,boxes,2,0,0.6505587932807679,0.30924769550996134,-3.194058641975308
plasma,9601,samh,boxes,2,0,0.7689648041154498,0.20349468200564358,-4.040637860082305
plasma,9407,samh,boxes,2,0,0.8114431023521933,0.3744084455769931,-2.288515946502058
plasma,2047,samh,boxes,2,0,0.5857412403124951,0.2459341906202723,-13.613040123456791
plasma,110,samh,boxes,2,0,0.9050875610056187,0.3924553275976175,-1.1864711934156384
plasma,206,samh,boxes,2,0,0.9308233397864345,0.5597531325977183,-0.7397119341563785
plasma,9398,samh,boxes,2,0,0.6248056799461704,0.14496208017334777,-4.14429012345679
plasma,1762,samh,boxes,2,0,0.7800122260064624,0.4058545509986278,-3.8017618312757198
plasma,9782,samh,boxes,2,0,0.46684758138119864,0.14250207125103562,-13.29340277777778
plasma,2221,samh,boxes,2,0,0.885318679860422,0.2341642827952595,-2.3628472222222223
plasma,9912,samh,boxes,2,0,0.9402442430243482,0.25704592901878914,-1.1759259259259247
plasma,506,samh,boxes,2,0,0.9251186208897084,0.29409276751727054,-1.5403806584362147
plasma,1694,samh,boxes,2,0,0.8001429940520559,0.24284583191946613,-6.747556584362139
plasma,304,samh,boxes,2,0,0.7819929495071537,0.31870189307260244,-1.7415766460905355
plasma,2200,samh,boxes,2,0,0.8458781176482767,0.49715394566623544,-3.6102752057613166
plasma,305,samh,boxes,2,0,0.7688701288912339,0.3265774895284421,-3.7829218106995897
plasma,1957,samh,boxes,2,0,0.8271901829460152,0.32642578816861495,-2.5789609053497946
plasma,2378,samh,boxes,2,0,0.7198553591146813,0.27904527904527904,-7.078253600823045
plasma,2192,samh,boxes,2,0,0.7436155644106714,0.24031948235769893,-6.755208333333335
plasma,1738,samh,boxes,2,0,0.9263235159188916,0.6479634950143653,-1.137152777777778
plasma,9910,samh,boxes,2,0,0.7637562044972982,0.4170798016951863,-3.9128086419753085
plasma,1992,samh,boxes,2,0,0.7749230998881675,0.2569626394953906,-5.174447016460905
plasma,9367,samh,boxes,2,0,0.8336794411931282,0.11127167630057803,-0.9639917695473254
plasma,1837,samh,boxes,2,0,0.8608908901974368,0.3749299248794708,-2.6167052469135808
plasma,1970,samh,boxes,2,0,0.6803252309556262,0.38674832962138084,-8.577289094650205
plasma,9830,samh,boxes,2,0,0.9620256959956823,0.4497405966277562,-0.3300540123456791
plasma,9590,samh,boxes,2,0,0.8657334436138725,0.38517796196977083,-1.3920396090534983
plasma,2060,samh,boxes,2,0,0.741615708561426,0.31674842326559216,-3.4113297325102874
plasma,1944,samh,boxes,2,0,0.84057852015202,0.07477535301668806,-1.74537037037037
plasma,1693,samh,boxes,2,0,0.726646389234527,0.549974632166413,-1.446630658436214
plasma,2139,samh,boxes,2,0,0.5909289733438312,0.27019655788582714,-13.829025205761319
plasma,2315,samh,boxes,2,0,0.7860429502055626,0.4090513489991297,-5.657986111111112
plasma,2355,samh,boxes,2,0,0.6478189179660898,0.24180618975139523,-9.613490226337449
plasma,1959,samh,boxes,2,0,0.9680137904615974,0.4219826295297993,-0.22408693415637837
plasma,9281,samh,boxes,2,0,0.456089162816314,0.11051110435047155,-24.46367026748971
plasma,9801,samh,boxes,2,0,0.6645962422795971,0.15529882248389246,-4.0823688271604945
plasma,9719,samh,boxes,2,0,0.8219117189467914,0.2821484992101106,-1.2775205761316868
plasma,9706,samh,boxes,2,0,0.8605875556494381,0.23981098641464854,-2.700552983539095
plasma,1871,samh,boxes,2,0,0.9621674084821866,0.4439442658092176,-0.3926183127572022
plasma,9686,samh,boxes,2,0,0.6892195993813841,0.3517113783533765,-3.760802469135802
plasma,9605,samh,boxes,2,0,0.9373584081666075,0.2372549019607843,0.11779835390946514
plasma,9286,samh,boxes,2,0,0.8226868641904188,0.28844501718213056,-2.5971579218107
plasma,407,samh,boxes,2,0,0.914801577593871,0.436046511627907,-0.8834233539094648
plasma,9692,samh,boxes,2,0,0.7878967485968648,0.3056203605514316,-1.614840534979424
plasma,2073,samh,boxes,2,0,0.689135582063009,0.24187828060717834,-3.2373328189300414
plasma,1709,samh,boxes,2,0,0.8895702969473315,0.3667382787817515,-0.30259773662551503
plasma,2216,samh,boxes,2,0,0.9290517613671417,0.5602706894120965,-1.370113168724281
plasma,2145,samh,boxes,2,0,0.5000946210512915,0.18979297693920336,-26.808449074074076
plasma,9343,samh,boxes,2,0,0.9751742882080631,0.4488559892328398,-0.14345421810699582
plasma,2318,samh,boxes,2,0,0.6261482731562598,0.39154430907008225,-10.839441872427985
plasma,207,samh,boxes,2,0,0.9013454568928153,0.5259312065585457,-1.3046553497942384
plasma,1838,samh,boxes,2,0,0.6486881654694584,0.10216091066949642,-8.844264403292183
plasma,9511,samh,boxes,2,0,0.7960068706314518,0.4715322888803974,-1.2339248971193415
plasma,1766,samh,boxes,2,0,0.9677867446211897,0.5610870061657913,0.015110596707818696
plasma,9820,samh,boxes,2,0,0.8670393498950124,0.4060897435897436,-1.377250514403293
plasma,409,samh,boxes,2,0,0.9775638475614608,0.7007233273056058,-0.07098765432098746
plasma,2052,samh,boxes,2,0,0.8057671189202593,0.43705236352061116,-2.6946373456790114
plasma,1839,samh,boxes,2,0,0.7557926263502462,0.33854421104054716,-3.3348122427983538
plasma,1704,samh,boxes,2,0,0.9679868810381091,0.4379028792436614,-0.1913580246913578
plasma,9442,samh,boxes,2,0,0.7608451797241526,0.3603385731559855,-2.1341949588477362
plasma,1847,samh,boxes,2,0,0.8357184613585876,0.3804266467065868,-1.7286522633744854
plasma,2105,samh,boxes,2,0,0.5155850705018632,0.1881057268722467,-23.31642232510288
plasma,1948,samh,boxes,2,0,0.4319015244210972,0.25174369943271646,-19.69939557613169
plasma,9581,samh,boxes,2,0,0.8099875229791287,0.4088495575221239,-1.5875128600823047
plasma,1812,samh,boxes,2,0,0.833810850490125,0.18285655484667626,-3.8591177983539087
plasma,9528,samh,boxes,2,0,0.8466925565410359,0.27182385035074047,-1.614583333333333
plasma,9342,samh,boxes,2,0,0.9721955128205129,0.47467948717948716,-0.20756172839506218
plasma,2299,samh,boxes,2,0,0.8811467189211708,0.5231545162769372,-1.4294624485596708
plasma,9321,samh,boxes,2,0,0.7483301929479776,0.2670434475450371,-1.1412680041152263
plasma,518,samh,boxes,2,0,0.925899111351424,0.45955492758742494,-1.4688143004115224
plasma,9276,samh,boxes,2,0,0.9554666149950222,0.17431850789096126,-0.41158693415637854
plasma,1770,samh,boxes,2,0,0.6242596875176265,0.25757575757575757,-4.456018518518519
plasma,2178,samh,boxes,2,0,0.8663771054418289,0.2815854665565648,-1.4495884773662544
plasma,1705,samh,boxes,2,0,0.9545586288471631,0.17594411700502074,-0.7340534979423872
plasma,1888,samh,boxes,2,0,0.7302462353777548,0.25567251461988305,-4.222736625514403
plasma,2380,samh,boxes,2,0,0.6917353710034184,0.4467710997442455,-4.7037680041152266
plasma,1815,samh,boxes,2,0,0.8329306661487668,0.6072341262040495,-2.623199588477365
plasma,2063,samh,boxes,2,0,0.5770740420717366,0.2669058791057135,-13.46412037037037
plasma,417,samh,boxes,2,0,0.9784880664493744,0.8054094665664914,-0.012924382716049398
plasma,9710,samh,boxes,2,0,0.8414918870066583,0.34700026198585276,-3.4238040123456797
plasma,2013,samh,boxes,2,0,0.6648247273622199,0.3194539249146758,-11.114840534979423
plasma,9832,samh,boxes,2,0,0.8891535710097338,0.35997596153846156,-1.8757716049382713
plasma,1853,samh,boxes,2,0,0.6026823242697131,0.3433236412435697,-9.794302983539096
plasma,2351,samh,boxes,2,0,0.7630857884360684,0.25499203149901567,-8.349858539094651
plasma,9798,samh,boxes,2,0,0.7917599394887782,0.39674817564972475,-4.2350180041152266
plasma,2086,samh,boxes,2,0,0.9148239817849825,0.4132326593294088,-1.9610982510288075
plasma,1739,samh,boxes,2,0,0.9750447998938077,0.6561639645151423,-0.0879629629629633
plasma,9727,samh,boxes,2,0,0.9289656677788518,0.3705426356589147,-1.0745884773662548
plasma,9789,samh,boxes,2,0,0.7029898203150033,0.2623071271124173,-3.0043724279835393
plasma,9757,samh,boxes,2,0,0.9169105647556114,0.30954748881153654,-1.5983796296296302
plasma,1981,samh,boxes,2,0,0.7958226496701372,0.4774582199766809,-2.7046039094650207
plasma,403,samh,boxes,2,0,0.7616324408630102,0.5844504021447721,-0.5824331275720166
plasma,1898,samh,boxes,2,0,0.6384151647969113,0.16637923954997125,-14.601208847736627
plasma,507,samh,boxes,2,0,0.8402838323734368,0.47174862618007607,-3.121784979423868
plasma,9629,samh,boxes,2,0,0.85244837851034,0.38942242661977544,-2.8884387860082295
plasma,9397,samh,boxes,2,0,0.7031284333113601,0.3945611866501854,-2.621784979423868
plasma,2025,samh,boxes,2,0,0.7135329516468296,0.22370617696160267,-7.208976337448558
plasma,9889,samh,boxes,2,0,0.9606512507230632,0.29163582531458176,-0.16248713991769553
plasma,1963,samh,boxes,2,0,0.8057495931212283,0.41447496590687705,-5.78980195473251
plasma,1742,samh,boxes,2,0,0.7979967486496408,0.3754737001667425,-2.5124742798353914
plasma,1716,samh,boxes,2,0,0.9771192270988837,0.47296037296037297,-0.26941872427983515
plasma,1994,samh,boxes,2,0,0.6199027544348825,0.11810674007636977,-15.202096193415638
plasma,2046,samh,boxes,2,0,0.9249339708122072,0.4078195929125787,-1.9322273662551446
plasma,2122,samh,boxes,2,0,0.8526666840514706,0.3398462524023062,-2.7660108024691348
plasma,9875,samh,boxes,2,0,0.771554820415879,0.2391548943617952,-6.005658436213992
plasma,9694,samh,boxes,2,0,0.7703309086008711,0.29190923131757157,-4.936664094650206
plasma,9402,samh,boxes,2,0,0.6012172843791643,0.25939764492753625,-8.000450102880658
plasma,2359,samh,boxes,2,0,0.64132551281172,0.2562751555067691,-13.89981995884774
plasma,9726,samh,boxes,2,0,0.651644605252945,0.19002695417789758,-7.293724279835391
plasma,513,samh,boxes,2,0,0.8596337341149287,0.38441137468690145,-3.188400205761316
plasma,1984,samh,boxes,2,0,0.9093042789317861,0.3722466960352423,-0.7530221193415634
plasma,9292,samh,boxes,2,0,0.5929447915242055,0.27437244600116756,-8.89872685185185
plasma,9396,samh,boxes,2,0,0.8730269276910841,0.4724607329842932,-1.7525077160493827
plasma,2301,samh,boxes,2,0,0.809848682434442,0.3974766992498295,-4.5808899176954725
plasma,512,samh,boxes,2,0,0.8622365876813366,0.25925925925925924,-2.430877057613169
plasma,1816,samh,boxes,2,0,0.6402269437739068,0.2539887028044792,-8.597415123456791
plasma,9775,samh,boxes,2,0,0.6423824208543477,0.19929529047782743,-11.774048353909466
plasma,2423,samh,boxes,2,0,0.5248002177326794,0.252856433184302,-16.17534722222222
plasma,9421,samh,boxes,2,0,0.7967464629240415,0.2418738049713193,-2.588798868312757
plasma,9504,samh,boxes,2,0,0.7387270988914443,0.13218550402665927,-4.540059156378601
plasma,2188,samh,boxes,2,0,0.7759590189089021,0.41926705370101597,-2.8087062757201644
plasma,2435,samh,boxes,2,0,0.6601210662946879,0.3088047639302425,-10.640239197530864
plasma,9300,samh,boxes,2,0,0.9679759914906549,0.3230417381360778,-0.21103395061728356
plasma,102,samh,boxes,2,0,0.8139442722508142,0.48961960025789814,-4.469200102880658
plasma,9714,samh,boxes,2,0,0.5095033695325578,0.07878589544301726,-13.812885802469138
plasma,1774,samh,boxes,2,0,0.8713901299916839,0.44402332361516034,-2.332368827160494
plasma,9841,samh,boxes,2,0,0.9613795358328683,0.30851063829787234,-0.40207047325102885
plasma,203,samh,boxes,2,0,0.9064285066642488,0.6185836501901141,-0.8882458847736627
plasma,9838,samh,boxes,2,0,0.9617237714981378,0.28414274215186475,-0.3960905349794236
plasma,104,samh,boxes,2,0,0.9805506418106772,0.6837684449489216,-0.2677469135802468
plasma,9859,samh,boxes,2,0,0.8973035125223963,0.2723611111111111,-2.0156893004115215
plasma,1967,samh,boxes,2,0,0.9270436826866187,0.46350416490187774,-1.666666666666665
plasma,9805,samh,boxes,2,0,0.7858678115918419,0.13772969259831702,-1.3952546296296302
plasma,2295,samh,boxes,2,0,0.5357952149343529,0.18642140468227425,-20.63477366255144
plasma,2033,samh,boxes,2,0,0.8725859862656417,0.385981184576653,-3.2418981481481466
plasma,2404,samh,boxes,2,0,0.9707467973457311,0.3989939637826962,-0.14364711934156393
plasma,2258,samh,boxes,2,0,0.5089805438386578,0.27511497189575884,-13.844585905349794
plasma,1719,samh,boxes,2,0,0.78937589918347,0.37144678138942,-3.9272762345679015
plasma,115,samh,boxes,2,0,0.9654710192398787,0.41175054177702863,-0.43299897119341635
plasma,1747,samh,boxes,2,0,0.7199722768554139,0.306560297420804,-9.255208333333332
plasma,1808,samh,boxes,2,0,0.9675534041940363,0.431769395890831,-0.6320087448559677
plasma,1863,samh,boxes,2,0,0.8090170365582626,0.4406215316315205,-3.2599665637860085
plasma,2384,samh,boxes,2,0,0.7957170074398902,0.30148849797023003,-3.8346193415637857
plasma,2276,samh,boxes,2,0,0.6073796045524649,0.12164124909222948,-11.190907921810702
plasma,9626,samh,boxes,2,0,0.7294443514955478,0.2811849479583667,-3.189557613168724
plasma,1855,samh,boxes,2,0,0.865367637785345,0.46075172590130403,-1.4288837448559668
plasma,9317,samh,boxes,2,0,0.8431417366407622,0.5416152897657214,-1.5843621399176957
plasma,2189,samh,boxes,2,0,0.5984819759590759,0.3535953978906999,-10.974086934156379
plasma,2335,samh,boxes,2,0,0.7760448380455007,0.4066374452097683,-4.708140432098765
plasma,1972,samh,boxes,2,0,0.9748760726270127,0.5655241935483871,-0.34381430041152267
plasma,9630,samh,boxes,2,0,0.6793389593774575,0.23593466424682397,-10.155221193415636
plasma,9373,samh,boxes,2,0,0.7123239065182159,0.37107340836553,-3.698816872427983
plasma,2110,samh,boxes,2,0,0.7802926403938202,0.3549646255184191,-3.0408950617283956
plasma,2159,samh,boxes,2,0,0.8355066691258128,0.3955256777606348,-4.99974279835391
plasma,9453,samh,boxes,2,0,0.7891060058681464,0.38169464428457234,-2.2803497942386826
plasma,9845,samh,boxes,2,0,0.965638023163654,0.5642857142857143,-0.1540637860082305
plasma,1776,samh,boxes,2,0,0.7249167825759071,0.2593840790238234,-6.098958333333335
plasma,2339,samh,boxes,2,0,0.7346050813761499,0.3477340110122829,-6.913708847736625
plasma,2386,samh,boxes,2,0,0.7158667917798174,0.2705231816248405,-7.586998456790124
plasma,1854,samh,boxes,2,0,0.819288250742517,0.5061001865939428,-3.4012345679012346
plasma,9464,samh,boxes,2,0,0.9686271186440678,0.09107468123861566,-0.2380401234567904
plasma,1715,samh,boxes,2,0,0.676659506741544,0.41815406294034757,-7.882716049382715
plasma,2392,samh,boxes,2,0,0.8527394167984541,0.3373466861708113,-3.2940457818930042
plasma,9773,samh,boxes,2,0,0.6616572708612705,0.10548770286096704,-11.323366769547325
plasma,2026,samh,boxes,2,0,0.8260898142241296,0.4069208586991349,-2.49929269547325
plasma,9600,samh,boxes,2,0,0.8205218071160417,0.29927007299270075,-1.6986239711934157
plasma,113,samh,boxes,2,0,0.9767776777677768,0.5978077571669477,-0.2653677983539098
plasma,1954,samh,boxes,2,0,0.8893623197420666,0.569477719214183,-1.1912294238683125
plasma,1870,samh,boxes,2,0,0.7505027998607979,0.3712526144550314,-6.903677983539095
plasma,9347,samh,boxes,2,0,0.9712077090061947,0.35100193923723333,-0.15271347736625535
plasma,2227,samh,boxes,1,0,0.8140946176968636,0.25387205387205386,-2.8198302469135808
plasma,516,samh,boxes,1,0,0.6992730771532615,0.3279833836858006,-4.092142489711933
plasma,2078,samh,boxes,1,0,0.7728081973892029,0.2691549642769155,-5.141203703703705
plasma,2160,samh,boxes,1,0,0.5922506914189576,0.22670755968169762,-15.209619341563785
plasma,9774,samh,boxes,1,0,0.8327823670132464,0.31135043562439496,-3.5776105967078182
plasma,9786,samh,boxes,1,0,0.9209865053513262,0.21587301587301588,-0.46309156378600835
plasma,2087,samh,boxes,1,0,0.6358927066796235,0.32472390452440325,-15.363490226337447
plasma,2394,samh,boxes,1,0,0.39361802534599777,0.20074696545284781,-18.048482510288068
plasma,2071,samh,boxes,1,0,0.789386182010542,0.26557684577247753,-4.119598765432099
plasma,2082,samh,boxes,1,0,0.6919604180203596,0.3493098741089034,-5.693158436213991
plasma,9339,samh,boxes,1,0,0.9629416999167552,0.4867549668874172,-0.06642232510288057
plasma,9625,samh,boxes,1,0,0.7377929307576412,0.35152838427947597,-4.015817901234568
plasma,2142,samh,boxes,1,0,0.4655673341185709,0.08452474469756481,-20.974279835390945
plasma,9357,samh,boxes,1,0,0.7283445535682705,0.4585410058903489,-1.2702546296296295
plasma,9871,samh,boxes,1,0,0.7636196084063382,0.17381738173817382,-2.4158950617283943
plasma,9387,samh,boxes,1,0,0.9810412125513256,0.5637622619734565,-0.1167695473251025
plasma,9886,samh,boxes,1,0,0.9174912873702944,0.13760166445999622,-1.754501028806585
plasma,2186,samh,boxes,1,0,0.8971959413975007,0.4541541672101213,-2.1941229423868323
plasma,1993,samh,boxes,1,0,0.5655223967128709,0.27598760650658405,-22.52154063786008
plasma,9512,samh,boxes,1,0,0.9438775510204082,0.2661558109833972,-0.47865226337448635
plasma,2439,samh,boxes,1,0,0.47592231287690673,0.21587301587301588,-16.53870884773663
plasma,2184,samh,boxes,1,0,0.8110287164684218,0.42766560987819124,-2.750707304526749
plasma,9902,samh,boxes,1,0,0.9504570296160677,0.38852097130242824,-0.0446887860082304
plasma,2015,samh,boxes,1,0,0.5024744481236942,0.21709696688126368,-23.669560185185183
plasma,2424,samh,boxes,1,0,0.6911156457171657,0.25999785568778816,-10.281700102880658
plasma,2174,samh,boxes,1,0,0.9700372026489521,0.5745024206562668,-0.28002829218106984
plasma,1844,samh,boxes,1,0,0.8997167332172963,0.27750300761930224,-1.614454732510287
plasma,208,samh,boxes,1,0,0.8603052380106221,0.5901485535574668,-2.242091049382716
plasma,1745,samh,boxes,1,0,0.8377643717584609,0.4272739782578781,-2.901748971193416
plasma,9353,samh,boxes,1,0,0.650129957412373,0.3102719033232628,-3.196180555555555
plasma,9601,samh,boxes,1,0,0.7702005730659026,0.2219545767377839,-3.742798353909466
plasma,9407,samh,boxes,1,0,0.9278813275380146,0.41127145085803435,-0.9220036008230459
plasma,2047,samh,boxes,1,0,0.5857650718412087,0.2527181620497305,-13.610210905349795
plasma,110,samh,boxes,1,0,0.9210009144231304,0.3340926347760061,-1.0016075102880662
plasma,206,samh,boxes,1,0,0.9299301751745621,0.5563037785260008,-0.7231224279835385
plasma,9398,samh,boxes,1,0,0.6255152621967127,0.14667817083692838,-4.138567386831276
plasma,1762,samh,boxes,1,0,0.7819013868348355,0.40213414634146344,-3.7746913580246915
plasma,9782,samh,boxes,1,0,0.4630928568470139,0.13073222875467663,-13.320794753086421
plasma,2221,samh,boxes,1,0,0.9040042712226375,0.29342017368069473,-2.004758230452676
plasma,9912,samh,boxes,1,0,0.9625061520335267,0.31155619138451757,-0.6334876543209855
plasma,506,samh,boxes,1,0,0.9246734657362676,0.29674968341072183,-1.5701517489711936
plasma,1694,samh,boxes,1,0,0.8002783550433789,0.24311512415349887,-6.744277263374484
plasma,304,samh,boxes,1,0,0.7406400202377941,0.31369751324908274,-2.0164609053497946
plasma,2200,samh,boxes,1,0,0.8460654379788776,0.5018775087401269,-3.6147119341563783
plasma,305,samh,boxes,1,0,0.7635732287874545,0.3171477983237994,-3.6231352880658445
plasma,1957,samh,boxes,1,0,0.8285708934958893,0.33879412261442327,-2.577610596707819
plasma,2378,samh,boxes,1,0,0.7199714828205819,0.28235431780950154,-7.057163065843622
plasma,2192,samh,boxes,1,0,0.7485507799682606,0.25614218504966024,-6.8210519547325115
plasma,1738,samh,boxes,1,0,0.9257967348659473,0.6430252100840336,-1.1458333333333335
plasma,9910,samh,boxes,1,0,0.7641385276941745,0.4153380102040816,-3.9130015432098766
plasma,1992,samh,boxes,1,0,0.7695505991600675,0.2763031659737768,-5.345614711934156
plasma,9367,samh,boxes,1,0,0.783932152131751,0.12595226003047233,-1.3140432098765433
plasma,1837,samh,boxes,1,0,0.8742900644624206,0.41197575157738464,-2.3402777777777772
plasma,1970,samh,boxes,1,0,0.6802413915512957,0.38276553106212424,-8.579989711934157
plasma,9830,samh,boxes,1,0,0.962320983460795,0.45197923426346526,-0.3247813786008233
plasma,9590,samh,boxes,1,0,0.8652277079343935,0.38343483556638247,-1.3959619341563791
plasma,2060,samh,boxes,1,0,0.741498430622365,0.31999052581714826,-3.4113940329218106
plasma,1944,samh,boxes,1,0,0.8362805811297652,0.07555943039814007,-1.785751028806584
plasma,1693,samh,boxes,1,0,0.7270215509301897,0.5491886409736308,-1.4422582304526748
plasma,2139,samh,boxes,1,0,0.5906973973709388,0.2748932130991932,-13.830504115226338
plasma,2315,samh,boxes,1,0,0.7859668297462883,0.40963405526512325,-5.65207047325103
plasma,2355,samh,boxes,1,0,0.6475747945205479,0.24357405140758873,-9.640946502057615
plasma,1959,samh,boxes,1,0,0.9683008962808316,0.4302571860816944,-0.22112911522633727
plasma,9281,samh,boxes,1,0,0.4561519535037523,0.11609458428680397,-24.455889917695472
plasma,9801,samh,boxes,1,0,0.6634147807230605,0.16039206950323012,-4.121077674897119
plasma,9719,samh,boxes,1,0,0.8124014093850894,0.25273459988485897,-1.2335390946502058
plasma,9706,samh,boxes,1,0,0.8694493360620628,0.2567390354072563,-2.5257844650205765
plasma,1871,samh,boxes,1,0,0.9536351816972914,0.4040484223060131,-0.5030221193415646
plasma,9686,samh,boxes,1,0,0.6893169161600163,0.3425757022984312,-3.803433641975308
plasma,9605,samh,boxes,1,0,0.9169071135279103,0.1758454106280193,0.04153806584362152
plasma,9286,samh,boxes,1,0,0.8225816306046032,0.29096774193548386,-2.5968364197530867
plasma,407,samh,boxes,1,0,0.9152871863371815,0.44090783282590645,-0.877057613168724
plasma,9692,samh,boxes,1,0,0.6682302264739304,0.23124531132783196,-2.5137602880658436
plasma,2073,samh,boxes,1,0,0.7044106451012571,0.2364680545585068,-2.8910108024691366
plasma,1709,samh,boxes,1,0,0.8823992127844759,0.3873789020452099,-0.44502314814814925
plasma,2216,samh,boxes,1,0,0.9291042762540827,0.5599380194393576,-1.36156121399177
plasma,2145,samh,boxes,1,0,0.5016232608330515,0.18452151573538858,-26.979552469135804
plasma,9343,samh,boxes,1,0,0.9750723740911803,0.44586415601882984,-0.1440329218106995
plasma,2318,samh,boxes,1,0,0.6261902666927057,0.395332025198802,-10.787229938271606
plasma,207,samh,boxes,1,0,0.9013045342826445,0.5266440919622171,-1.3058770576131682
plasma,1838,samh,boxes,1,0,0.6215510590044605,0.11212340822031266,-9.335712448559672
plasma,9511,samh,boxes,1,0,0.7966367732027863,0.4681662218833397,-1.2171424897119336
plasma,1766,samh,boxes,1,0,0.9672879993778031,0.55753208736771,0.010738168724279407
plasma,9820,samh,boxes,1,0,0.8684987310612249,0.39879250079440737,-1.3603395061728405
plasma,409,samh,boxes,1,0,0.9783183290605935,0.7160940325497287,-0.06822273662551413
plasma,2052,samh,boxes,1,0,0.8034635430901158,0.42623979912115506,-2.6630015432098753
plasma,1839,samh,boxes,1,0,0.7787205216139549,0.3011527377521614,-3.047196502057613
plasma,1704,samh,boxes,1,0,0.9682655643063326,0.43895098882201206,-0.18878600823045225
plasma,9442,samh,boxes,1,0,0.7892457696073699,0.26730937773882557,-1.923482510288066
plasma,1847,samh,boxes,1,0,0.8418794973437337,0.41373637672218794,-1.6652520576131689
plasma,2105,samh,boxes,1,0,0.5180519550129358,0.1985805224262823,-23.221514917695472
plasma,1948,samh,boxes,1,0,0.4384593128655506,0.23093475641246342,-19.53163580246914
plasma,9581,samh,boxes,1,0,0.8112904177484069,0.40545263893743444,-1.5788323045267492
plasma,1812,samh,boxes,1,0,0.8235841655253114,0.1775542720573591,-4.076324588477364
plasma,9528,samh,boxes,1,0,0.8440733162338973,0.27241445230357486,-1.6141975308641976
plasma,9342,samh,boxes,1,0,0.972574829737309,0.480140935297886,-0.2069187242798358
plasma,2299,samh,boxes,1,0,0.8815230691715252,0.5192395785616125,-1.425025720164609
plasma,9321,samh,boxes,1,0,0.7498359909493781,0.28395496129486275,-1.0569701646090537
plasma,518,samh,boxes,1,0,0.9254999266611255,0.45902507947721655,-1.475437242798354
plasma,9276,samh,boxes,1,0,0.9556474510144501,0.17608930500540151,-0.41004372427983493
plasma,1770,samh,boxes,1,0,0.6277244576947855,0.24373986669068637,-4.461869855967079
plasma,2178,samh,boxes,1,0,0.8738839749179851,0.29413057814904375,-1.340856481481481
plasma,1705,samh,boxes,1,0,0.9567817044242185,0.18915223336371922,-0.6974665637860089
plasma,1888,samh,boxes,1,0,0.7494488586039475,0.27259953161592504,-4.229295267489712
plasma,2380,samh,boxes,1,0,0.6893120857795978,0.4443894389438944,-4.732638888888889
plasma,1815,samh,boxes,1,0,0.832837351691129,0.6053511705685619,-2.626286008230452
plasma,2063,samh,boxes,1,0,0.5813213499817429,0.2602763841211161,-13.371463477366255
plasma,417,samh,boxes,1,0,0.9787538390340359,0.8151260504201681,-0.014017489711934221
plasma,9710,samh,boxes,1,0,0.8417069804402683,0.3475362697686577,-3.414416152263375
plasma,2013,samh,boxes,1,0,0.6898732386128882,0.3328856286806488,-10.475244341563787
plasma,9832,samh,boxes,1,0,0.9047295686535142,0.29254060873679233,-1.6192129629629626
plasma,1853,samh,boxes,1,0,0.6013966581069468,0.3517123287671233,-9.816743827160494
plasma,2351,samh,boxes,1,0,0.7639765639090629,0.25654598733339634,-8.317065329218106
plasma,9798,samh,boxes,1,0,0.788420144379723,0.39761936605590475,-4.29173096707819
plasma,2086,samh,boxes,1,0,0.8938737506655127,0.45934666858540796,-2.4312628600823047
plasma,1739,samh,boxes,1,0,0.9756365974768133,0.6775472849298353,-0.07696759259259306
plasma,9727,samh,boxes,1,0,0.9377174669450243,0.3727737339321666,-0.9390432098765431
plasma,9789,samh,boxes,1,0,0.7557705483497531,0.263756252842201,-2.5527263374485596
plasma,9757,samh,boxes,1,0,0.9117938082308892,0.2978961782646583,-1.2642103909465032
plasma,1981,samh,boxes,1,0,0.7957821347581481,0.4784214618973561,-2.70582561728395
plasma,403,samh,boxes,1,0,0.7616918397587542,0.5835567470956211,-0.5826260288065843
plasma,1898,samh,boxes,1,0,0.643991622924444,0.16665280665280666,-14.4340920781893
plasma,507,samh,boxes,1,0,0.8401278061013411,0.4527553671543826,-3.1246141975308643
plasma,9629,samh,boxes,1,0,0.8537603141934631,0.3787211320250968,-2.868441358024691
plasma,9397,samh,boxes,1,0,0.7037428167816439,0.4077669902912621,-2.6093106995884767
plasma,2025,samh,boxes,1,0,0.6995615322242295,0.22320768662232077,-7.526813271604937
plasma,9889,samh,boxes,1,0,0.9570708500877839,0.2691176470588235,-0.17862654320987653
plasma,1963,samh,boxes,1,0,0.7912183580553924,0.4485574883326262,-6.167824074074074
plasma,1742,samh,boxes,1,0,0.8303847233923055,0.4104562428965741,-2.1139403292181074
plasma,1716,samh,boxes,1,0,0.9772383519901188,0.474889044615744,-0.26601080246913544
plasma,1994,samh,boxes,1,0,0.6186829129573487,0.1205264581267466,-15.23681841563786
plasma,2046,samh,boxes,1,0,0.9252185391539782,0.41260282021151584,-1.9209747942386834
plasma,2122,samh,boxes,1,0,0.8528237654258445,0.34459886291850916,-2.7458204732510287
plasma,9875,samh,boxes,1,0,0.7712326208707946,0.23988043342882054,-6.0189686213991775
plasma,9694,samh,boxes,1,0,0.7655022689056273,0.27664630006788865,-5.030735596707819
plasma,9402,samh,boxes,1,0,0.5998675009201325,0.25611003751278844,-8.02051183127572
plasma,2359,samh,boxes,1,0,0.6384035951081192,0.2548031265979984,-13.987268518518523
plasma,9726,samh,boxes,1,0,0.7449479153635082,0.14535087719298245,-5.703639403292183
plasma,513,samh,boxes,1,0,0.8595600857795295,0.379416961130742,-3.1854423868312747
plasma,1984,samh,boxes,1,0,0.9058427207893825,0.3799073887658546,-0.781764403292181
plasma,9292,samh,boxes,1,0,0.5865343860438876,0.2643867924528302,-8.99903549382716
plasma,9396,samh,boxes,1,0,0.8661695589298626,0.44652087475149105,-1.8347479423868316
plasma,2301,samh,boxes,1,0,0.8092799765920385,0.3927166460604698,-4.557484567901235
plasma,512,samh,boxes,1,0,0.8741595647661876,0.23031496062992127,-2.2355967078189294
plasma,1816,samh,boxes,1,0,0.6471081952704701,0.2612709949906689,-8.471000514403292
plasma,9775,samh,boxes,1,0,0.6587631399727211,0.19875156054931337,-11.363361625514404
plasma,2423,samh,boxes,1,0,0.525358781388333,0.2563616898624722,-16.192965534979425
plasma,9421,samh,boxes,1,0,0.7779248149781894,0.21817874069058904,-2.7508359053497937
plasma,9504,samh,boxes,1,0,0.7585961316953174,0.13034425319267073,-4.262409979423869
plasma,2188,samh,boxes,1,0,0.7759007254893631,0.4113706319029513,-2.8053626543209877
plasma,2435,samh,boxes,1,0,0.7128725418287527,0.3431372549019608,-9.326774691358025
plasma,9300,samh,boxes,1,0,0.9678209828467222,0.3218982275586049,-0.21167695473250994
plasma,102,samh,boxes,1,0,0.8141689544936772,0.49193128578865175,-4.471064814814814
plasma,9714,samh,boxes,1,0,0.5006951340615691,0.07624085887661429,-13.987782921810698
plasma,1774,samh,boxes,1,0,0.8727817098244317,0.4527830812160376,-2.308063271604939
plasma,9841,samh,boxes,1,0,0.9614357055090239,0.3025465602432535,-0.4004629629629629
plasma,203,samh,boxes,1,0,0.906410131830402,0.6159848663986758,-0.8908822016460906
plasma,9838,samh,boxes,1,0,0.9619742852134823,0.28345400911772595,-0.3883744855967076
plasma,104,samh,boxes,1,0,0.9804247134023799,0.6809718437783833,-0.2702546296296293
plasma,9859,samh,boxes,1,0,0.8991038646534311,0.2757498585172609,-2.0086162551440316
plasma,1967,samh,boxes,1,0,0.9276890038633873,0.4649867743282751,-1.6457690329218093
plasma,9805,samh,boxes,1,0,0.6315146985550573,0.16207832493214425,-3.306841563786009
plasma,2295,samh,boxes,1,0,0.5336528578388166,0.1778697001034126,-20.709233539094647
plasma,2033,samh,boxes,1,0,0.8721435639331044,0.3788453986123838,-3.2540509259259247
plasma,2404,samh,boxes,1,0,0.8733525892439493,0.31715802966489653,-1.9792309670781882
plasma,2258,samh,boxes,1,0,0.5090610331800152,0.28083103060075737,-13.84355709876543
plasma,1719,samh,boxes,1,0,0.7907580000190269,0.3839750260145682,-3.8967978395061733
plasma,115,samh,boxes,1,0,0.9657333427371009,0.4126143476167549,-0.42914094650205803
plasma,1747,samh,boxes,1,0,0.7319280243205493,0.26810918774966713,-8.922260802469134
plasma,1808,samh,boxes,1,0,0.9677816379392332,0.43144171779141105,-0.6387602880658441
plasma,1863,samh,boxes,1,0,0.8084171940381091,0.4544871794871795,-3.2695473251028813
plasma,2384,samh,boxes,1,0,0.7930844000637383,0.3058380939111049,-3.7878086419753085
plasma,2276,samh,boxes,1,0,0.5954872567037931,0.12208997024330474,-11.378215020576132
plasma,9626,samh,boxes,1,0,0.692262173128945,0.3607548552583364,-3.3338477366255144
plasma,1855,samh,boxes,1,0,0.8658460956305117,0.4592516658124039,-1.430298353909465
plasma,9317,samh,boxes,1,0,0.8433300261567601,0.5483672211953173,-1.580954218106996
plasma,2189,samh,boxes,1,0,0.5932469336110944,0.37112683072631264,-11.081725823045268
plasma,2335,samh,boxes,1,0,0.7781858483391151,0.40522471214559863,-4.669302983539094
plasma,1972,samh,boxes,1,0,0.9749695631538763,0.5726151522778756,-0.34214248971193434
plasma,9630,samh,boxes,1,0,0.655609491914192,0.23337978522829742,-10.731095679012345
plasma,9373,samh,boxes,1,0,0.7410636034288017,0.3261153902049121,-3.3892103909465017
plasma,2110,samh,boxes,1,0,0.7809915483771616,0.3343030303030303,-3.003343621399177
plasma,2159,samh,boxes,1,0,0.8333740910220268,0.3865353037766831,-4.9039994855967075
plasma,9453,samh,boxes,1,0,0.7890343520163572,0.37624926513815404,-2.2097479423868305
plasma,9845,samh,boxes,1,0,0.966011602054637,0.5703069236259815,-0.15174897119341543
plasma,1776,samh,boxes,1,0,0.7253607897716786,0.25890791300323923,-6.068801440329219
plasma,2339,samh,boxes,1,0,0.7345742607633073,0.3490516053830667,-6.9257330246913575
plasma,2386,samh,boxes,1,0,0.7135684419059594,0.26345848757271284,-7.534593621399177
plasma,1854,samh,boxes,1,0,0.8188720527241086,0.5047495682210709,-3.4052854938271606
plasma,9464,samh,boxes,1,0,0.9693258807588075,0.10861650485436893,-0.2328960905349793
plasma,1715,samh,boxes,1,0,0.6780718854548557,0.4115744484232413,-7.858796296296294
plasma,2392,samh,boxes,1,0,0.8720611662996824,0.37347901663769556,-2.870627572016461
plasma,9773,samh,boxes,1,0,0.6461051523734349,0.1124989232492032,-11.700360082304528
plasma,2026,samh,boxes,1,0,0.8239194936591185,0.4169258471108201,-2.530092592592592
plasma,9600,samh,boxes,1,0,0.8244121993819696,0.27967213114754097,-1.6670524691358026
plasma,113,samh,boxes,1,0,0.9769172030107997,0.6066742726754136,-0.2637602880658438
plasma,1954,samh,boxes,1,0,0.8821176163776242,0.5736166007905138,-1.2679398148148149
plasma,1870,samh,boxes,1,0,0.7494990795728494,0.36122102882984736,-6.925282921810699
plasma,9347,samh,boxes,1,0,0.9715392512780348,0.3520671834625323,-0.1497556584362139
plasma,2227,samh,points_bg,0,0,0.5920142707771486,0.1089354424967935,2.647055041152263
plasma,516,samh,points_bg,0,0,0.640951542606866,0.04132362254591514,-3.084683641975308
plasma,2078,samh,points_bg,0,0,0.5800116728740043,0.10020714655618851,2.4436728395061724
plasma,2160,samh,points_bg,0,0,0.5255828802969452,0.06907288834312779,-10.099151234567898
plasma,9774,samh,points_bg,0,0,0.4931910521530664,0.07252339464343337,-2.3969264403292168
plasma,9786,samh,points_bg,0,0,0.9425088314746831,0.21546572934973637,0.054269547325102446
plasma,2087,samh,points_bg,0,0,0.6301579480095406,0.1963749583009007,-12.37210648148148
plasma,2394,samh,points_bg,0,0,0.6261443340510999,0.13997727160432827,-7.174254115226336
plasma,2071,samh,points_bg,0,0,0.4557252099672663,0.028205987488829312,3.6871784979423854
plasma,2082,samh,points_bg,0,0,0.4471973428340265,0.06747519294377068,-6.573045267489712
plasma,9339,samh,points_bg,0,0,0.7951925550073655,0.27837992013690815,0.4434799382716049
plasma,9625,samh,points_bg,0,0,0.5488045058808371,0.10103994327582132,-4.729616769547325
plasma,2142,samh,points_bg,0,0,0.6320622650559404,0.04541273856058864,-14.164094650205762
plasma,9357,samh,points_bg,0,0,0.35802702688884,0.04224103184199919,5.85204475308642
plasma,9871,samh,points_bg,0,0,0.32462894131330755,0.045126630851880276,7.182870370370371
plasma,9387,samh,points_bg,0,0,0.9178055478817622,0.2586140147115757,0.1862139917695474
plasma,9886,samh,points_bg,0,0,0.6321953219853822,0.06160821442859048,0.8235596707818926
plasma,2186,samh,points_bg,0,0,0.7232765183639498,0.2015065913370998,4.140174897119339
plasma,1993,samh,points_bg,0,0,0.5937228231847794,0.06397168912481285,-7.2173353909465
plasma,9512,samh,points_bg,0,0,0.7247734185858836,0.17682658450704225,2.483281893004115
plasma,2439,samh,points_bg,0,0,0.5167112216018019,0.09843458094440508,-12.38573816872428
plasma,2184,samh,points_bg,0,0,0.6547020678319103,0.15491974877878575,6.819380144032921
plasma,9902,samh,points_bg,0,0,0.8698881926058551,0.26100151745068284,0.7056970164609051
plasma,2015,samh,points_bg,0,0,0.45985750083418936,0.04366668042428495,-22.512924382716047
plasma,2424,samh,points_bg,0,0,0.650883847512005,0.09790179723106028,-4.195280349794237
plasma,2174,samh,points_bg,0,0,0.6243554895240668,0.17699115044247787,6.266653806584363
plasma,1844,samh,points_bg,0,0,0.457867543447628,0.06290695232094098,11.030864197530864
plasma,208,samh,points_bg,0,0,0.4136835198202178,0.07564032153377602,11.460133744855968
plasma,1745,samh,points_bg,0,0,0.381406366090673,0.056453398273190174,3.261509773662552
plasma,9353,samh,points_bg,0,0,0.5671935445276046,0.007322175732217573,-2.898533950617283
plasma,9601,samh,points_bg,0,0,0.3474827543714493,0.03264164140825367,1.6286651234567893
plasma,9407,samh,points_bg,0,0,0.6307709872955244,0.1736986301369863,-2.541666666666667
plasma,2047,samh,points_bg,0,0,0.38980181103969763,0.07225935477080153,-4.712770061728394
plasma,110,samh,points_bg,0,0,0.39209854820847095,0.11871893981225842,19.30703446502057
plasma,206,samh,points_bg,0,0,0.44901611821706405,0.09363656987295826,10.08719135802469
plasma,9398,samh,points_bg,0,0,0.5998102567740105,0.02590224341606156,-0.7253086419753085
plasma,1762,samh,points_bg,0,0,0.5499646324995178,0.12183321013372757,1.7890946502057623
plasma,9782,samh,points_bg,0,0,0.3462252643844861,0.048833819241982504,-9.032150205761317
plasma,2221,samh,points_bg,0,0,0.6818620348748018,0.026069197501201347,-4.821437757201647
plasma,9912,samh,points_bg,0,0,0.6621917150188985,0.0736737892913126,-1.068865740740739
plasma,506,samh,points_bg,0,0,0.9069780928769229,0.19551318003365115,0.24292695473250858
plasma,1694,samh,points_bg,0,0,0.7191041906847214,0.09859970520109497,3.721965020576132
plasma,304,samh,points_bg,0,0,0.45417424110935517,0.06908914728682171,3.9275977366255135
plasma,2200,samh,points_bg,0,0,0.5727663601260035,0.20017911211565526,12.04269547325103
plasma,305,samh,points_bg,0,0,0.4136464897757513,0.05910659161067732,8.82716049382716
plasma,1957,samh,points_bg,0,0,0.6833887575336669,0.13654650788542003,7.151298868312758
plasma,2378,samh,points_bg,0,0,0.4035156865836355,0.09211409395973154,-9.102109053497944
plasma,2192,samh,points_bg,0,0,0.5907931520848642,0.07457602014367178,-7.526234567901236
plasma,1738,samh,points_bg,0,0,0.7395408483662637,0.2600307850179579,-0.6044238683127562
plasma,9910,samh,points_bg,0,0,0.47262517932675907,0.06014245374467906,9.831790123456791
plasma,1992,samh,points_bg,0,0,0.6542137856758212,0.16655457046774685,4.848765432098768
plasma,9367,samh,points_bg,0,0,0.49912598326882257,0.0,-2.958590534979424
plasma,1837,samh,points_bg,0,0,0.5635523626948435,0.12377463626044784,9.76639660493827
plasma,1970,samh,points_bg,0,0,0.7250370123400928,0.25319196595236315,-3.3500514403292185
plasma,9830,samh,points_bg,0,0,0.9123760130938061,0.25788876276958,-0.15419238683127695
plasma,9590,samh,points_bg,0,0,0.6201813563162645,0.1560491599954899,2.4217463991769534
plasma,2060,samh,points_bg,0,0,0.6246822296045774,0.11538461538461539,8.463670267489713
plasma,1944,samh,points_bg,0,0,0.42804276315789475,0.0,-4.577160493827161
plasma,1693,samh,points_bg,0,0,0.924086807419852,0.47971781305114636,0.39737654320987637
plasma,2139,samh,points_bg,0,0,0.5511844080059054,0.10435334232019665,-11.615226337448561
plasma,2315,samh,points_bg,0,0,0.6115579932951142,0.12751542117504297,-7.018389917695473
plasma,2355,samh,points_bg,0,0,0.6797639954455261,0.09082150427130838,-2.3274819958847752
plasma,1959,samh,points_bg,0,0,0.7271309901411422,0.15103592006865268,3.993119855967078
plasma,9281,samh,points_bg,0,0,0.6523684169465911,0.07146885827088872,-12.652006172839506
plasma,9801,samh,points_bg,0,0,0.5136115562367913,0.07654031903995318,-3.1169624485596708
plasma,9719,samh,points_bg,0,0,0.5258484035472177,0.06397603101868171,5.741319444444444
plasma,9706,samh,points_bg,0,0,0.37633235384482067,0.034629911217933,9.857381687242798
plasma,1871,samh,points_bg,0,0,0.5347850587145624,0.10476900149031297,6.344650205761315
plasma,9686,samh,points_bg,0,0,0.40872435578902533,0.04387894020316264,0.4684927983539103
plasma,9605,samh,points_bg,0,0,0.8197763842877426,0.16022944550669216,-0.24601337448559685
plasma,9286,samh,points_bg,0,0,0.4678253703335893,0.051848176631108904,4.359760802469134
plasma,407,samh,points_bg,0,0,0.288124808853048,0.04613491900758663,6.631365740740741
plasma,9692,samh,points_bg,0,0,0.31965891883971,0.06229323004922133,6.183127572016461
plasma,2073,samh,points_bg,0,0,0.5363538931022916,0.04807543669809863,-6.175282921810699
plasma,1709,samh,points_bg,0,0,0.732103785458418,0.19518716577540107,4.6229423868312765
plasma,2216,samh,points_bg,0,0,0.5614386154678205,0.12313286713286713,4.527777777777778
plasma,2145,samh,points_bg,0,0,0.3785866407603596,0.05065691453338751,-28.465663580246915
plasma,9343,samh,points_bg,0,0,0.9030684016177246,0.07438361888842457,-0.11252572016460897
plasma,2318,samh,points_bg,0,0,0.4550226004008678,0.07185953494678327,-4.915059156378601
plasma,207,samh,points_bg,0,0,0.6586842711411807,0.14177003272201508,1.2203575102880657
plasma,1838,samh,points_bg,0,0,0.48581195381868925,0.078067140168761,-1.0942644032921833
plasma,9511,samh,points_bg,0,0,0.4883011955989913,0.14059056853239313,1.4548611111111116
plasma,1766,samh,points_bg,0,0,0.696568495001351,0.188932087021259,3.791795267489712
plasma,9820,samh,points_bg,0,0,0.8890598581978504,0.18692888359157728,0.7901877572016449
plasma,409,samh,points_bg,0,0,0.6420375611011062,0.19752012181857734,1.694958847736626
plasma,2052,samh,points_bg,0,0,0.5955536000048219,0.10093497662558436,-1.3250385802469136
plasma,1839,samh,points_bg,0,0,0.5558491258160619,0.10095944177932839,-5.262924382716049
plasma,1704,samh,points_bg,0,0,0.8089316331960348,0.24560889929742388,-0.8807870370370369
plasma,9442,samh,points_bg,0,0,0.7487937510245098,0.2948717948717949,-2.2264017489711936
plasma,1847,samh,points_bg,0,0,0.5039009479248281,0.03155289750464013,-1.0742026748971192
plasma,2105,samh,points_bg,0,0,0.45375508742396636,0.11381774865991662,-23.20923353909465
plasma,1948,samh,points_bg,0,0,0.5844846534527556,0.08023320377568018,-6.610661008230453
plasma,9581,samh,points_bg,0,0,0.6338136201308073,0.038338658146964855,-2.5007073045267494
plasma,1812,samh,points_bg,0,0,0.5813423493788986,0.05796244270294248,1.7943029835390951
plasma,9528,samh,points_bg,0,0,0.8232878896595711,0.10296260320543954,-0.10699588477366268
plasma,9342,samh,points_bg,0,0,0.750405927892853,0.2482071016267273,2.893389917695473
plasma,2299,samh,points_bg,0,0,0.44651179935905855,0.182475884244373,13.977944958847738
plasma,9321,samh,points_bg,0,0,0.39687844766045816,0.006642512077294686,-2.7358539094650207
plasma,518,samh,points_bg,0,0,0.7565581585739032,0.17575757575757575,3.2440843621399194
plasma,9276,samh,points_bg,0,0,0.4212716272157945,0.012955465587044534,5.109375000000001
plasma,1770,samh,points_bg,0,0,0.4803794831251803,0.01997066456053255,-0.08005401234567888
plasma,2178,samh,points_bg,0,0,0.41938314353376294,0.08519615099925981,11.98392489711934
plasma,1705,samh,points_bg,0,0,0.7729756393716324,0.0715195246179966,-0.20537551440329288
plasma,1888,samh,points_bg,0,0,0.42459732750021517,0.08,1.2766203703703711
plasma,2380,samh,points_bg,0,0,0.49371721802337587,0.09911126910771419,4.538194444444445
plasma,1815,samh,points_bg,0,0,0.7179380795594977,0.24364288114708188,2.5197402263374498
plasma,2063,samh,points_bg,0,0,0.39708841577025317,0.0382404237452361,-13.006108539094651
plasma,417,samh,points_bg,0,0,0.7200466015304366,0.12075029308323564,-0.6422968106995885
plasma,9710,samh,points_bg,0,0,0.4322788629151209,0.07677280718890409,-3.4579475308641987
plasma,2013,samh,points_bg,0,0,0.627014821738078,0.11222310367974614,-8.164158950617285
plasma,9832,samh,points_bg,0,0,0.9394787410043604,0.26169033598891583,-0.648726851851851
plasma,1853,samh,points_bg,0,0,0.6507033940856758,0.0881054321648381,-5.608796296296298
plasma,2351,samh,points_bg,0,0,0.7036031211091613,0.0707305155142927,-6.986046810699589
plasma,9798,samh,points_bg,0,0,0.4403486981857015,0.07293762575452717,2.4646990740740726
plasma,2086,samh,points_bg,0,0,0.711854358394367,0.18063841564671873,0.2851080246913579
plasma,1739,samh,points_bg,0,0,0.8201275149849196,0.27786360626793205,-1.3550025720164616
plasma,9727,samh,points_bg,0,0,0.46321408467107944,0.08604302151075538,15.554655349794238
plasma,9789,samh,points_bg,0,0,0.27796453379366165,0.05723905723905724,2.1307870370370368
plasma,9757,samh,points_bg,0,0,0.5979769231269836,0.15144322066084315,4.008037551440327
plasma,1981,samh,points_bg,0,0,0.575156616725784,0.08417388199589396,1.4204603909465028
plasma,403,samh,points_bg,0,0,0.32321830378735306,0.02908626560726447,3.0592849794238686
plasma,1898,samh,points_bg,0,0,0.4922835183377285,0.03059832391346716,-16.44476594650206
plasma,507,samh,points_bg,0,0,0.7125715148649419,0.11292507307335853,2.643840020576131
plasma,9629,samh,points_bg,0,0,0.505350489874629,0.06761238025055269,3.1739969135802486
plasma,9397,samh,points_bg,0,0,0.4376133073068002,0.05077392120075047,0.9598122427983538
plasma,2025,samh,points_bg,0,0,0.533405937454766,0.0632278588876896,0.20884773662551426
plasma,9889,samh,points_bg,0,0,0.6445548138019787,0.06361209964412812,1.67554012345679
plasma,1963,samh,points_bg,0,0,0.8534308641301381,0.25987796931461404,1.830439814814813
plasma,1742,samh,points_bg,0,0,0.777865760836191,0.2542602633617351,2.668531378600822
plasma,1716,samh,points_bg,0,0,0.5367382501021105,0.12163656468853667,13.674704218106996
plasma,1994,samh,points_bg,0,0,0.7106740384394507,0.061643545034152133,-2.074524176954734
plasma,2046,samh,points_bg,0,0,0.5541995562183988,0.08979670488486367,-0.3319187242798366
plasma,2122,samh,points_bg,0,0,0.584063874129078,0.09922051431485394,-1.9413580246913573
plasma,9875,samh,points_bg,0,0,0.7767423867958995,0.07109557109557109,-3.2979681069958855
plasma,9694,samh,points_bg,0,0,0.5785848626980798,0.17103402379169785,-2.3709490740740744
plasma,9402,samh,points_bg,0,0,0.383500519148425,0.08960374684168361,0.11496913580247015
plasma,2359,samh,points_bg,0,0,0.6580234614021632,0.13832650672908134,10.289801954732509
plasma,9726,samh,points_bg,0,0,0.49326647462061374,0.06735873540167513,7.149048353909465
plasma,513,samh,points_bg,0,0,0.7183837363675607,0.09881763370135463,4.345807613168725
plasma,1984,samh,points_bg,0,0,0.4774010229210078,0.12309010424103956,-1.363811728395061
plasma,9292,samh,points_bg,0,0,0.5702341367301873,0.07587223587223588,1.7036394032921813
plasma,9396,samh,points_bg,0,0,0.5968115117982811,0.13418577307466195,-1.361818415637861
plasma,2301,samh,points_bg,0,0,0.5999552709577414,0.13073282193569447,-7.672775205761317
plasma,512,samh,points_bg,0,0,0.8854961832061069,0.2056686046511628,1.391460905349795
plasma,1816,samh,points_bg,0,0,0.5868181952706503,0.16324088413346474,-4.790895061728396
plasma,9775,samh,points_bg,0,0,0.8217656661323294,0.14081424193783745,-1.9138374485596716
plasma,2423,samh,points_bg,0,0,0.435855782966512,0.073207147329384,-11.395190329218108
plasma,9421,samh,points_bg,0,0,0.6087303298124596,0.055923922526609667,0.7154063786008233
plasma,9504,samh,points_bg,0,0,0.6360539895554075,0.011564842877651938,-1.2117412551440332
plasma,2188,samh,points_bg,0,0,0.5606191715649941,0.0869839666708749,2.223443930041152
plasma,2435,samh,points_bg,0,0,0.7309820882892201,0.2718773373223635,-8.621977880658434
plasma,9300,samh,points_bg,0,0,0.896886455384901,0.08748615725359911,-0.05291923868312731
plasma,102,samh,points_bg,0,0,0.6688472828634154,0.1730612244897959,10.130465534979423
plasma,9714,samh,points_bg,0,0,0.43019119098441555,0.05132485766876418,1.0510545267489708
plasma,1774,samh,points_bg,0,0,0.5847573770559988,0.1522633744855967,8.251350308641975
plasma,9841,samh,points_bg,0,0,0.9485252570911967,0.2424672102091457,-0.42862654320987637
plasma,203,samh,points_bg,0,0,0.3303723337571861,0.06555224925608262,10.725437242798353
plasma,9838,samh,points_bg,0,0,0.8049438923667352,0.06942264085121228,0.35834619341563734
plasma,104,samh,points_bg,0,0,0.6732780071051534,0.15033492822966507,3.4384002057613174
plasma,9859,samh,points_bg,0,0,0.6393487984075131,0.09125450376678677,6.083333333333335
plasma,1967,samh,points_bg,0,0,0.5829510031459287,0.10208030962747944,9.622170781893006
plasma,9805,samh,points_bg,0,0,0.41567329721080765,0.029941242655331917,4.05105452674897
plasma,2295,samh,points_bg,0,0,0.7099120277338896,0.1295578706644645,0.6921296296296342
plasma,2033,samh,points_bg,0,0,0.550191963657561,0.052884615384615384,-3.980838477366254
plasma,2404,samh,points_bg,0,0,0.7828277237854179,0.19879979570990808,4.504308127572017
plasma,2258,samh,points_bg,0,0,0.5362035394776213,0.1828971828971829,-12.832818930041151
plasma,1719,samh,points_bg,0,0,0.7064323174103179,0.2567783094098884,-1.147633744855968
plasma,115,samh,points_bg,0,0,0.5186265226186889,0.10764430577223089,10.709362139917696
plasma,1747,samh,points_bg,0,0,0.7300798136137367,0.14758139057204478,-2.519675925925924
plasma,1808,samh,points_bg,0,0,0.590738977422944,0.12746408286000668,13.244727366255143
plasma,1863,samh,points_bg,0,0,0.7881852613226051,0.2001541871446468,-0.030606995884774335
plasma,2384,samh,points_bg,0,0,0.6295559330259646,0.10696517412935323,1.1485339506172836
plasma,2276,samh,points_bg,0,0,0.46975411281150725,0.02354870833577412,-3.2154063786008242
plasma,9626,samh,points_bg,0,0,0.7484058571268325,0.12406576980568013,-2.121270576131687
plasma,1855,samh,points_bg,0,0,0.37154664521908576,0.07029309488325881,6.0020576131687235
plasma,9317,samh,points_bg,0,0,0.4874852136045307,0.0647239853818042,0.010416666666666213
plasma,2189,samh,points_bg,0,0,0.42648060788143455,0.08655439721999465,-0.3352623456790105
plasma,2335,samh,points_bg,0,0,0.7010643897942646,0.15671695661589546,2.025913065843621
plasma,1972,samh,points_bg,0,0,0.7664980801192045,0.2565169501896953,2.029192386831276
plasma,9630,samh,points_bg,0,0,0.4142633474045424,0.07772003897369276,7.530285493827163
plasma,9373,samh,points_bg,0,0,0.2640064752618946,0.00692658865508737,10.536651234567902
plasma,2110,samh,points_bg,0,0,0.6353251911045991,0.050121261115602264,-3.859053497942387
plasma,2159,samh,points_bg,0,0,0.7105099320078041,0.13166816577873106,-3.792116769547324
plasma,9453,samh,points_bg,0,0,0.3123236322284463,0.023604601619088197,3.15380658436214
plasma,9845,samh,points_bg,0,0,0.9073794726362155,0.4195639363582793,0.1442258230452676
plasma,1776,samh,points_bg,0,0,0.3101328293571243,0.05068563373061643,1.7662037037037033
plasma,2339,samh,points_bg,0,0,0.8901455832028304,0.3117450526856849,0.246913580246913
plasma,2386,samh,points_bg,0,0,0.6820162273093001,0.19397957546917607,7.96199845679012
plasma,1854,samh,points_bg,0,0,0.7592411585774872,0.24586222838650024,-1.6088605967078187
plasma,9464,samh,points_bg,0,0,0.9200693986266891,0.06638032018742679,0.06860853909465003
plasma,1715,samh,points_bg,0,0,0.6423274416473113,0.2192974959405179,-8.034850823045266
plasma,2392,samh,points_bg,0,0,0.506041176279486,0.07096995120280798,-6.446437757201645
plasma,9773,samh,points_bg,0,0,0.47477806459736827,0.043522524815474674,-4.085133744855968
plasma,2026,samh,points_bg,0,0,0.6893471157935483,0.21198783610755442,6.118762860082305
plasma,9600,samh,points_bg,0,0,0.7085648062985174,0.08789304283238425,2.7431841563786
plasma,113,samh,points_bg,0,0,0.5255822737001133,0.11081973581973582,8.37692901234568
plasma,1954,samh,points_bg,0,0,0.8280190028815845,0.30535593220338986,2.0909850823045266
plasma,1870,samh,points_bg,0,0,0.5508639294379432,0.11931443638760712,-6.576774691358025
plasma,9347,samh,points_bg,0,0,0.4637504800187519,0.089857045609258,6.668145576131687
plasma,2227,samh,points,2,0,0.4336748235044323,0.05528971431278723,23.70531121399177
plasma,516,samh,points,2,0,0.7757154786305321,0.11838790931989925,-1.118698559670782
plasma,2078,samh,points,2,0,0.36282489543187696,0.051709387084630916,48.880336934156375
plasma,2160,samh,points,2,0,0.5633718056701884,0.0929847058455572,0.01073816872428357
plasma,9774,samh,points,2,0,0.45991977849600474,0.07635152446835768,32.582947530864196
plasma,9786,samh,points,2,0,0.7173694612828072,0.32491582491582494,-1.548675411522634
plasma,2087,samh,points,2,0,0.6293256684148777,0.09864816497343135,30.99389146090535
plasma,2394,samh,points,2,0,0.7061672815189979,0.20052626352894448,-1.7485210905349797
plasma,2071,samh,points,2,0,0.27985510451810863,0.060407091267235716,62.38535236625514
plasma,2082,samh,points,2,0,0.4850524218076922,0.07305080777335518,22.027906378600825
plasma,9339,samh,points,2,0,0.9640085898353615,0.5071664829106945,-0.060763888888888846
plasma,9625,samh,points,2,0,0.39075210863402515,0.08090530697190426,23.73488940329218
plasma,2142,samh,points,2,0,0.6511753584370569,0.11664981462756993,21.343106995884774
plasma,9357,samh,points,2,0,0.1584313594995258,0.029974733940739608,31.922453703703706
plasma,9871,samh,points,2,0,0.3820659616555082,0.03957528957528957,13.88400205761317
plasma,9387,samh,points,2,0,0.9628429894464786,0.26706642066420666,-0.2638245884773661
plasma,9886,samh,points,2,0,0.6005228863935757,0.12914188615123195,19.696887860082306
plasma,2186,samh,points,2,0,0.5227696606066221,0.2094098277608916,24.286779835390945
plasma,1993,samh,points,2,0,0.7429245424948698,0.25760318609703114,10.831532921810705
plasma,9512,samh,points,2,0,0.6769472634781053,0.17090682066489776,6.03317901234568
plasma,2439,samh,points,2,0,0.7548630335501307,0.21337126600284495,5.469585905349794
plasma,2184,samh,points,2,0,0.7014013111152542,0.1957245974458634,5.975180041152265
plasma,9902,samh,points,2,0,0.8892803296063533,0.21662958843159066,-0.8069701646090534
plasma,2015,samh,points,2,0,0.6450292448484743,0.11921246213760277,31.9281121399177
plasma,2424,samh,points,2,0,0.4271901655356583,0.06468199479973122,58.740483539094654
plasma,2174,samh,points,2,0,0.6386443098604833,0.18588255524030609,6.313400205761316
plasma,1844,samh,points,2,0,0.35569399107566435,0.04059040590405904,36.33519804526749
plasma,208,samh,points,2,0,0.38349110014679155,0.11852496086275874,27.074009773662556
plasma,1745,samh,points,2,0,0.38744623785292687,0.056584362139917695,35.822916666666664
plasma,9353,samh,points,2,0,0.5953183022920063,0.0007692307692307692,-3.6201774691358017
plasma,9601,samh,points,2,0,0.40325387235626564,0.07675059559957023,19.59040637860082
plasma,9407,samh,points,2,0,0.8150793614914806,0.4444712117562033,-0.7081404320987652
plasma,2047,samh,points,2,0,0.5279077656255997,0.08059532780708364,15.38303755144033
plasma,110,samh,points,2,0,0.3515800495432885,0.1272264631043257,24.713541666666668
plasma,206,samh,points,2,0,0.4355955268918999,0.17581771887445322,19.35532407407407
plasma,9398,samh,points,2,0,0.8776303545871494,0.09136250283382454,-1.6163194444444453
plasma,1762,samh,points,2,0,0.559818130150611,0.16430862101490284,16.709619341563787
plasma,9782,samh,points,2,0,0.33892189971358955,0.05825589706933524,-2.108346193415639
plasma,2221,samh,points,2,0,0.9096758634490756,0.2518996565004684,1.3796296296296293
plasma,9912,samh,points,2,0,0.7688755205551517,0.08784023878899865,5.521347736625515
plasma,506,samh,points,2,0,0.8905979321285946,0.3255148741418764,1.8423353909465008
plasma,1694,samh,points,2,0,0.6743759247052337,0.15379817022456335,17.28247170781893
plasma,304,samh,points,2,0,0.5968605330022284,0.15826524198617223,5.489326131687243
plasma,2200,samh,points,2,0,0.46060404655386644,0.15783004179300172,33.07465277777778
plasma,305,samh,points,2,0,0.4053549969134137,0.11262846684499507,28.007137345679013
plasma,1957,samh,points,2,0,0.44819361099090343,0.13417068302419552,23.79095936213992
plasma,2378,samh,points,2,0,0.5080257460549211,0.09853731040772895,31.87056327160494
plasma,2192,samh,points,2,0,0.600362603630326,0.07843485467353342,12.985403806584358
plasma,1738,samh,points,2,0,0.5432564486932911,0.1485420703952409,16.315457818930042
plasma,9910,samh,points,2,0,0.2698364380658672,0.04331339007331255,55.85905349794239
plasma,1992,samh,points,2,0,0.39858366147680074,0.05547085201793722,47.289480452674894
plasma,9367,samh,points,2,0,0.4991181844103452,0.0,-3.0497042181069958
plasma,1837,samh,points,2,0,0.3016959774273336,0.048852083432771705,59.13541666666667
plasma,1970,samh,points,2,0,0.7700263206394251,0.31370441458733206,0.1858924897119335
plasma,9830,samh,points,2,0,0.9349105025422955,0.4082750228171585,0.16981738683127523
plasma,9590,samh,points,2,0,0.5895308011490584,0.13173602353930222,9.21270576131687
plasma,2060,samh,points,2,0,0.8058688793811314,0.21354101243562368,0.5942644032921816
plasma,1944,samh,points,2,0,0.3779333600387428,0.03924011211460604,19.555234053497937
plasma,1693,samh,points,2,0,0.7221836044302331,0.5201863354037267,-1.4774948559670782
plasma,2139,samh,points,2,0,0.7754509245014111,0.24003346786100993,6.126157407407404
plasma,2315,samh,points,2,0,0.7536449043704798,0.18906682883978648,-2.7394547325102883
plasma,2355,samh,points,2,0,0.5928112035472046,0.08859625548687629,19.608667695473248
plasma,1959,samh,points,2,0,0.7909160534114749,0.1419811320754717,3.390753600823046
plasma,9281,samh,points,2,0,0.6003359683794467,0.05503835758551967,33.76864711934156
plasma,9801,samh,points,2,0,0.5587861615099858,0.08393579218233059,-2.8909465020576133
plasma,9719,samh,points,2,0,0.40432779756971726,0.041507740632712585,13.94020061728395
plasma,9706,samh,points,2,0,0.3378719594090434,0.05224079780651736,41.84053497942387
plasma,1871,samh,points,2,0,0.6953075720593478,0.22735614811616106,5.246527777777778
plasma,9686,samh,points,2,0,0.25082662007829437,0.03222472183376908,51.9136445473251
plasma,9605,samh,points,2,0,0.6804256810343238,0.1014832162373146,-1.107445987654321
plasma,9286,samh,points,2,0,0.4082518461866995,0.0597290248711914,8.564429012345679
plasma,407,samh,points,2,0,0.18266118559330255,0.03877506058603217,49.984375
plasma,9692,samh,points,2,0,0.2554777886555281,0.03279306445533359,35.3056841563786
plasma,2073,samh,points,2,0,0.6996551069418856,0.1230477176633014,8.92380401234568
plasma,1709,samh,points,2,0,0.6228544517392414,0.17199184228416042,12.59985853909465
plasma,2216,samh,points,2,0,0.2871451156096528,0.0195919569860794,65.2920524691358
plasma,2145,samh,points,2,0,0.5752677209939119,0.09822607127909597,13.312950102880656
plasma,9343,samh,points,2,0,0.6342792348358784,0.042486231313926044,-1.5969007201646088
plasma,2318,samh,points,2,0,0.3897938751051972,0.04797428859642949,58.347672325102884
plasma,207,samh,points,2,0,0.43273693579256156,0.16670408621463853,15.02076903292181
plasma,1838,samh,points,2,0,0.38463257149176355,0.040180303889668346,51.38586676954733
plasma,9511,samh,points,2,0,0.6180426331595334,0.2630129440925365,5.164351851851852
plasma,1766,samh,points,2,0,0.22531800474702313,0.05635760401721664,42.360018004115226
plasma,9820,samh,points,2,0,0.9109240165735508,0.2632725292676286,0.9085005144032918
plasma,409,samh,points,2,0,0.9773188492300346,0.6977375565610859,-0.07188786008230433
plasma,2052,samh,points,2,0,0.5824771219759689,0.1263893028999702,15.23244598765432
plasma,1839,samh,points,2,0,0.5972075998937353,0.1306706114398422,-5.164223251028806
plasma,1704,samh,points,2,0,0.7742420760117841,0.32748904195366313,1.826324588477367
plasma,9442,samh,points,2,0,0.7791252705777877,0.29561671763506625,-1.9804526748971194
plasma,1847,samh,points,2,0,0.34116234154388986,0.10008515469770082,22.662358539094647
plasma,2105,samh,points,2,0,0.6404097802371574,0.1515001103022281,-10.193479938271604
plasma,1948,samh,points,2,0,0.4927473070332419,0.0602477644752087,53.64917695473251
plasma,9581,samh,points,2,0,0.4231197358668553,0.07753762750552821,13.560120884773664
plasma,1812,samh,points,2,0,0.5895474276223909,0.0922674635786328,14.333526234567904
plasma,9528,samh,points,2,0,0.9504888254438063,0.25802047781569964,0.17554012345678965
plasma,9342,samh,points,2,0,0.9021223575235323,0.34493150684931506,0.8401491769547326
plasma,2299,samh,points,2,0,0.3312705218835709,0.11897031539888683,27.68203446502058
plasma,9321,samh,points,2,0,0.45305619822374804,0.012030075187969926,-3.7698045267489713
plasma,518,samh,points,2,0,0.7684127777456858,0.20205230657464585,3.084297839506174
plasma,9276,samh,points,2,0,0.6027805700850186,0.07733812949640288,5.0609567901234565
plasma,1770,samh,points,2,0,0.4145672274434175,0.0678916827852998,16.572723765432098
plasma,2178,samh,points,2,0,0.36931934308290704,0.03785780240073869,25.622427983539097
plasma,1705,samh,points,2,0,0.6293830382839208,0.11086149638601289,9.011509773662551
plasma,1888,samh,points,2,0,0.39391260226780284,0.048667404504800935,34.933770576131685
plasma,2380,samh,points,2,0,0.5165930210804627,0.1805210918114144,18.46637088477366
plasma,1815,samh,points,2,0,0.9409631271408422,0.39689119170984455,0.28915895061728397
plasma,2063,samh,points,2,0,0.4395360591698543,0.05316836200649507,54.610082304526756
plasma,417,samh,points,2,0,0.6371807675845341,0.09029126213592233,-0.8173225308641976
plasma,9710,samh,points,2,0,0.6886208934631353,0.10747504537205081,9.316936728395062
plasma,2013,samh,points,2,0,0.6780075140042282,0.21594709930414055,13.444380144032921
plasma,9832,samh,points,2,0,0.8993274498057695,0.17372825076371365,1.4021347736625513
plasma,1853,samh,points,2,0,0.36576616502100273,0.051920651857600156,58.92213220164608
plasma,2351,samh,points,2,0,0.6853810770646097,0.2015650791709971,1.10673868312757
plasma,9798,samh,points,2,0,0.4028625778541405,0.08443417713281708,33.44843106995884
plasma,2086,samh,points,2,0,0.5504048294006078,0.09255950943942833,22.53125
plasma,1739,samh,points,2,0,0.9213611631209239,0.46995099303585247,0.4578189300411518
plasma,9727,samh,points,2,0,0.3442519944246247,0.09381542064365042,31.651556069958847
plasma,9789,samh,points,2,0,0.22738956368919402,0.012818000078397554,45.24755658436214
plasma,9757,samh,points,2,0,0.47204732560769674,0.08970710564336062,28.094457304526742
plasma,1981,samh,points,2,0,0.34819223350288653,0.10718100890207716,30.03735853909465
plasma,403,samh,points,2,0,0.5166955231263913,0.10588235294117647,-0.9763374485596709
plasma,1898,samh,points,2,0,0.6794815836383776,0.1492404264012183,14.88451646090535
plasma,507,samh,points,2,0,0.5525440389999183,0.1263504388926401,18.403227880658434
plasma,9629,samh,points,2,0,0.515905562331464,0.1239476751716099,19.191229423868315
plasma,9397,samh,points,2,0,0.27838228038899365,0.04974098014945216,30.502572016460906
plasma,2025,samh,points,2,0,0.3577783677019421,0.028836195148541837,66.32105195473251
plasma,9889,samh,points,2,0,0.687966567846555,0.10503842869342442,-1.119598765432099
plasma,1963,samh,points,2,0,0.5516699843244293,0.11038778380550532,29.53375771604938
plasma,1742,samh,points,2,0,0.6296530930118461,0.14199803632793323,9.772376543209875
plasma,1716,samh,points,2,0,0.3653519176876189,0.15732758620689655,30.185635288065843
plasma,1994,samh,points,2,0,0.5514340224155494,0.07601741711060839,43.08719135802469
plasma,2046,samh,points,2,0,0.5966307506959712,0.15843753339745645,18.619277263374485
plasma,2122,samh,points,2,0,0.6886406128493191,0.15793137742416707,6.13207304526749
plasma,9875,samh,points,2,0,0.8351185556380779,0.21489875843679693,5.13573816872428
plasma,9694,samh,points,2,0,0.3920407191052621,0.0437636761487965,41.07028034979424
plasma,9402,samh,points,2,0,0.3915701707925266,0.06556120885183596,41.64679783950617
plasma,2359,samh,points,2,0,0.4499697687154045,0.0533013339286711,69.31378600823045
plasma,9726,samh,points,2,0,0.4529350671537698,0.06795821462488129,32.89319701646091
plasma,513,samh,points,2,0,0.7762132227252723,0.24161585365853658,6.810378086419752
plasma,1984,samh,points,2,0,0.3869592046623243,0.08808894895263837,16.587577160493826
plasma,9292,samh,points,2,0,0.42506271319812505,0.10053077715281629,35.11053240740741
plasma,9396,samh,points,2,0,0.8393352677393827,0.37806220754197634,2.2190715020576124
plasma,2301,samh,points,2,0,0.8182256611886385,0.27870303322873924,0.5124099794238696
plasma,512,samh,points,2,0,0.8883567230669484,0.23004784688995214,1.9126800411522649
plasma,1816,samh,points,2,0,0.5191342041180503,0.06228610540725531,27.34600051440329
plasma,9775,samh,points,2,0,0.8787748416656985,0.13108436992969172,4.731031378600825
plasma,2423,samh,points,2,0,0.6148154198335103,0.16896323041780267,6.170267489711934
plasma,9421,samh,points,2,0,0.30654754614287233,0.04495562398116283,37.94167952674897
plasma,9504,samh,points,2,0,0.4459539921042101,0.054554459217494,24.802147633744852
plasma,2188,samh,points,2,0,0.5102385107620709,0.07064973861090366,14.521219135802472
plasma,2435,samh,points,2,0,0.7870082542038187,0.32654828930272845,-5.727044753086419
plasma,9300,samh,points,2,0,0.8671619055568307,0.01620806633999246,-0.8186728395061728
plasma,102,samh,points,2,0,0.47852392273948396,0.13885458686644164,30.5565200617284
plasma,9714,samh,points,2,0,0.37084880015330784,0.03844449368491026,74.00019290123456
plasma,1774,samh,points,2,0,0.29451111564828186,0.047743701818007155,53.86091820987654
plasma,9841,samh,points,2,0,0.9636868842796599,0.260902830910482,-0.3537165637860079
plasma,203,samh,points,2,0,0.3408292190900887,0.07395202697524715,13.40792181069959
plasma,9838,samh,points,2,0,0.8835853627677471,0.22681236673773988,0.8607896090534972
plasma,104,samh,points,2,0,0.5086572760173926,0.1738319210137604,12.72138631687243
plasma,9859,samh,points,2,0,0.6757117810762477,0.10364431486880467,7.915187757201647
plasma,1967,samh,points,2,0,0.3905071916700166,0.09714095139920566,39.353652263374485
plasma,9805,samh,points,2,0,0.25189538163862507,0.02946629585485366,13.220550411522636
plasma,2295,samh,points,2,0,0.5572736729752479,0.08521296397678747,47.60288065843622
plasma,2033,samh,points,2,0,0.5291624212740349,0.13711355169577627,24.385480967078188
plasma,2404,samh,points,2,0,0.5918841685476208,0.08115501519756839,14.770704732510287
plasma,2258,samh,points,2,0,0.5706296899214442,0.13028064992614474,20.039673353909468
plasma,1719,samh,points,2,0,0.5812382078039837,0.1472624292007552,8.304719650205762
plasma,115,samh,points,2,0,0.3102048847676907,0.07049297451774232,28.63528806584362
plasma,1747,samh,points,2,0,0.7827838186178007,0.26511046269278865,11.288515946502056
plasma,1808,samh,points,2,0,0.2810996084214302,0.021055301877219684,60.26793981481482
plasma,1863,samh,points,2,0,0.7442048606889844,0.15700295352090782,7.226530349794238
plasma,2384,samh,points,2,0,0.7045012518026307,0.22917927001411575,8.830118312757202
plasma,2276,samh,points,2,0,0.3898438350530429,0.06897120699612243,55.264789094650205
plasma,9626,samh,points,2,0,0.7612454948147714,0.1735282418456643,2.760095164609054
plasma,1855,samh,points,2,0,0.27383186644657825,0.036670003336670004,34.6772762345679
plasma,9317,samh,points,2,0,0.47406088309214256,0.1229362932562261,12.567836934156379
plasma,2189,samh,points,2,0,0.4704770508766703,0.1147087630350867,40.31237139917696
plasma,2335,samh,points,2,0,0.6412153208257276,0.19295399235137328,14.753536522633745
plasma,1972,samh,points,2,0,0.9271465242365292,0.5210890426244142,0.8354552469135801
plasma,9630,samh,points,2,0,0.37348075926290014,0.01724681406763633,72.09619341563786
plasma,9373,samh,points,2,0,0.2369291339819736,0.042847578665476456,23.818994341563787
plasma,2110,samh,points,2,0,0.6034826545845556,0.04695794201714986,-4.881430041152264
plasma,2159,samh,points,2,0,0.6003886121607694,0.1775039648651946,22.12590020576132
plasma,9453,samh,points,2,0,0.23315411220894525,0.04412316153493604,44.510159465020585
plasma,9845,samh,points,2,0,0.7103150487765872,0.10416666666666667,-1.1633230452674896
plasma,1776,samh,points,2,0,0.3809751213848923,0.06181001003621765,36.552019032921805
plasma,2339,samh,points,2,0,0.8677332615432936,0.3863352930696597,2.6805555555555554
plasma,2386,samh,points,2,0,0.6164064885556259,0.07570066454781856,22.649498456790123
plasma,1854,samh,points,2,0,0.7928728321804412,0.2924851324562984,6.287680041152263
plasma,9464,samh,points,2,0,0.5467550301510538,0.036683785766691124,-2.4406507201646095
plasma,1715,samh,points,2,0,0.7105615107000223,0.3840111584202026,9.051118827160492
plasma,2392,samh,points,2,0,0.47869655441088316,0.11191068666352814,29.384837962962962
plasma,9773,samh,points,2,0,0.4365231971449668,0.05745987081921085,55.38451646090535
plasma,2026,samh,points,2,0,0.3839166192266831,0.023744448240519304,30.680877057613166
plasma,9600,samh,points,2,0,0.7987070474151242,0.27445207719986914,-1.8694058641975313
plasma,113,samh,points,2,0,0.598807804068078,0.25639344262295083,7.3098636831275705
plasma,1954,samh,points,2,0,0.9775453388855765,0.5996810207336523,0.10050154320987714
plasma,1870,samh,points,2,0,0.6180960642701054,0.1028858218318695,15.193801440329219
plasma,9347,samh,points,2,0,0.7634226262574747,0.06395736175882745,-1.1817772633744856
plasma,2227,samh,points_bg,1,0,0.6013742157401544,0.1073923639317628,4.35693158436214
plasma,516,samh,points_bg,1,0,0.4692288640254999,0.08690552356579229,-0.1458976337448556
plasma,2078,samh,points_bg,1,0,0.6035802958542844,0.08696879056380157,2.63477366255144
plasma,2160,samh,points_bg,1,0,0.4555881722116761,0.09874826147426982,-13.026491769547324
plasma,9774,samh,points_bg,1,0,0.47276387567055705,0.05352717660664134,-1.5367155349794215
plasma,9786,samh,points_bg,1,0,0.7413155760447347,0.1369519832985386,0.15965792181069915
plasma,2087,samh,points_bg,1,0,0.6075081938255638,0.15133944624235887,-5.0280992798353905
plasma,2394,samh,points_bg,1,0,0.44918015411969586,0.07507621951219512,-12.836998456790122
plasma,2071,samh,points_bg,1,0,0.4271975990605019,0.026366680816942597,5.0261059670781885
plasma,2082,samh,points_bg,1,0,0.7357385472914126,0.1676541381225699,-1.0676440329218106
plasma,9339,samh,points_bg,1,0,0.843667117049492,0.30251572327044024,0.2633744855967079
plasma,9625,samh,points_bg,1,0,0.5114937168510263,0.11075660893345488,-1.5140174897119343
plasma,2142,samh,points_bg,1,0,0.4970319728169648,0.013111651797783185,-16.301183127572017
plasma,9357,samh,points_bg,1,0,0.2880070617501906,0.036003847739453074,9.301568930041153
plasma,9871,samh,points_bg,1,0,0.3142518354063123,0.025231286795626577,2.130787037037038
plasma,9387,samh,points_bg,1,0,0.9736533460250548,0.37163192679206913,-0.1617798353909461
plasma,9886,samh,points_bg,1,0,0.6754655322400152,0.06593324908942243,-0.1938657407407396
plasma,2186,samh,points_bg,1,0,0.7492126593560682,0.2885323729229762,6.022440843621399
plasma,1993,samh,points_bg,1,0,0.602859296955989,0.07558508454331679,-6.4192386831275705
plasma,9512,samh,points_bg,1,0,0.7312989817458327,0.18076208178438663,1.8108281893004106
plasma,2439,samh,points_bg,1,0,0.5932138539554117,0.12124590620862657,-12.645383230452675
plasma,2184,samh,points_bg,1,0,0.7853748833509263,0.17698927015829172,1.469071502057613
plasma,9902,samh,points_bg,1,0,0.6904507958795177,0.12442962442962444,0.1035236625514406
plasma,2015,samh,points_bg,1,0,0.5332870339881098,0.08123415046491969,-17.952096193415635
plasma,2424,samh,points_bg,1,0,0.5324328664466054,0.04924373628911211,-8.181841563786008
plasma,2174,samh,points_bg,1,0,0.6074157145861078,0.11789509192106595,-1.7677469135802468
plasma,1844,samh,points_bg,1,0,0.5669102604315401,0.07617676514772158,7.014917695473251
plasma,208,samh,points_bg,1,0,0.45752828432953974,0.11757841672890217,15.955311213991768
plasma,1745,samh,points_bg,1,0,0.5319068622850648,0.11233802816901409,7.87107767489712
plasma,9353,samh,points_bg,1,0,0.5821882748672131,0.016172996547337816,-2.899627057613168
plasma,9601,samh,points_bg,1,0,0.618180856945861,0.07233790052864386,5.250321502057613
plasma,9407,samh,points_bg,1,0,0.5999329505483687,0.20786767992847563,-2.848186728395062
plasma,2047,samh,points_bg,1,0,0.4811969972293317,0.09587378640776699,-1.5553626543209882
plasma,110,samh,points_bg,1,0,0.6544832669066138,0.07828360504460166,4.2431841563786
plasma,206,samh,points_bg,1,0,0.5514698640929683,0.09061692608229882,5.472608024691357
plasma,9398,samh,points_bg,1,0,0.660928249224697,0.025088757396449703,-0.6327160493827158
plasma,1762,samh,points_bg,1,0,0.4848390421096913,0.10595254423261555,6.679462448559671
plasma,9782,samh,points_bg,1,0,0.3424077744985453,0.06397862139432524,-12.10860339506173
plasma,2221,samh,points_bg,1,0,0.6387629610621656,0.03785381380015915,-3.386123971193417
plasma,9912,samh,points_bg,1,0,0.6100859815099323,0.0824220515137822,-2.645833333333332
plasma,506,samh,points_bg,1,0,0.9146295337819007,0.2001436437634666,-0.526491769547327
plasma,1694,samh,points_bg,1,0,0.663761010590394,0.11576695608405688,-0.5086805555555546
plasma,304,samh,points_bg,1,0,0.5241730675741371,0.10112545514730222,6.38303755144033
plasma,2200,samh,points_bg,1,0,0.6141177689160495,0.18629187827250895,12.516782407407407
plasma,305,samh,points_bg,1,0,0.4414283747738114,0.06277811184606133,11.385609567901236
plasma,1957,samh,points_bg,1,0,0.7008565841297821,0.13713447612063434,3.6006944444444438
plasma,2378,samh,points_bg,1,0,0.7011998104606566,0.14483837893259943,5.371849279835391
plasma,2192,samh,points_bg,1,0,0.457697392680799,0.041986341792428966,-9.381687242798355
plasma,1738,samh,points_bg,1,0,0.7282019804708786,0.23304782298358315,0.47325102880658443
plasma,9910,samh,points_bg,1,0,0.393202510760242,0.04359882257582868,7.424704218106995
plasma,1992,samh,points_bg,1,0,0.5201214508775278,0.10216409984067977,1.2261445473251031
plasma,9367,samh,points_bg,1,0,0.463557467071157,0.0357958872810358,-2.440586419753086
plasma,1837,samh,points_bg,1,0,0.5525181522170959,0.10578386605783865,6.387152777777777
plasma,1970,samh,points_bg,1,0,0.7684510374057464,0.3189357581880946,-3.132137345679012
plasma,9830,samh,points_bg,1,0,0.8099761150919291,0.1253434791798774,-1.6211419753086425
plasma,9590,samh,points_bg,1,0,0.6501570055289063,0.1515000622432466,-0.40187757201646107
plasma,2060,samh,points_bg,1,0,0.45293446667971193,0.0369935408103347,-3.7872299382716044
plasma,1944,samh,points_bg,1,0,0.5493677017194722,0.006528110844657607,-0.49549897119341574
plasma,1693,samh,points_bg,1,0,0.5232900879967297,0.04753330932661145,-1.050411522633745
plasma,2139,samh,points_bg,1,0,0.6049372627134515,0.11155174619419214,-10.606224279835391
plasma,2315,samh,points_bg,1,0,0.73808151097882,0.21977074894423856,-4.175668724279837
plasma,2355,samh,points_bg,1,0,0.6459712862584237,0.06399482870071105,-3.8648405349794244
plasma,1959,samh,points_bg,1,0,0.8172766681842475,0.17762863534675616,2.25366512345679
plasma,9281,samh,points_bg,1,0,0.58920054433273,0.060955518945634266,-7.077739197530864
plasma,9801,samh,points_bg,1,0,0.49272876135521854,0.03766816143497758,-5.415830761316872
plasma,9719,samh,points_bg,1,0,0.33036248850034805,0.08097380259327865,3.253279320987655
plasma,9706,samh,points_bg,1,0,0.34026067112103414,0.034187151414996904,8.427854938271606
plasma,1871,samh,points_bg,1,0,0.7379280257991668,0.23513957307060757,1.5236625514403288
plasma,9686,samh,points_bg,1,0,0.42922525048447613,0.038368513632365875,-0.4932484567901227
plasma,9605,samh,points_bg,1,0,0.6782778937258741,0.0894854586129754,-1.112332818930041
plasma,9286,samh,points_bg,1,0,0.5054895281111047,0.045824847250509164,2.8278034979423867
plasma,407,samh,points_bg,1,0,0.3415476297634957,0.05514096185737977,16.19939557613169
plasma,9692,samh,points_bg,1,0,0.41155714587448905,0.07256145915939731,-1.8958333333333335
plasma,2073,samh,points_bg,1,0,0.581483899584843,0.10638621003872731,3.9093364197530858
plasma,1709,samh,points_bg,1,0,0.7489729209345021,0.21694706245045361,1.0326646090534977
plasma,2216,samh,points_bg,1,0,0.4314256063124928,0.11508972954756087,18.90798611111111
plasma,2145,samh,points_bg,1,0,0.5084639176446297,0.12202020202020201,-21.522312242798357
plasma,9343,samh,points_bg,1,0,0.8892892513222496,0.10925925925925926,0.13966049382716056
plasma,2318,samh,points_bg,1,0,0.49311480667339264,0.0942625342905504,-2.2539866255144037
plasma,207,samh,points_bg,1,0,0.6004585511676823,0.14239290989660267,3.7645318930041154
plasma,1838,samh,points_bg,1,0,0.4346350175786532,0.05216018557298882,11.562885802469136
plasma,9511,samh,points_bg,1,0,0.5286001003512293,0.15633116883116882,2.481481481481482
plasma,1766,samh,points_bg,1,0,0.7463892971165054,0.21451990632318502,2.8355195473251027
plasma,9820,samh,points_bg,1,0,0.575112673805338,0.0641727493917275,-3.1088605967078196
plasma,409,samh,points_bg,1,0,0.8243024302430243,0.41115434500648507,-0.4462448559670781
plasma,2052,samh,points_bg,1,0,0.5868655505781907,0.07486520116134385,1.7549511316872435
plasma,1839,samh,points_bg,1,0,0.6822193026781203,0.2411685613005745,-2.3279963991769543
plasma,1704,samh,points_bg,1,0,0.6968492671605252,0.20390743550834597,2.706082818930042
plasma,9442,samh,points_bg,1,0,0.8296713889682956,0.2569526978844783,-1.576324588477366
plasma,1847,samh,points_bg,1,0,0.5231271244051665,0.038395415472779366,-0.9046424897119342
plasma,2105,samh,points_bg,1,0,0.5815348927483228,0.1766473062287202,-17.41216563786008
plasma,1948,samh,points_bg,1,0,0.4423441678545763,0.05357714042008743,-10.98161008230453
plasma,9581,samh,points_bg,1,0,0.5882206511998407,0.012844465203176086,-2.547710905349794
plasma,1812,samh,points_bg,1,0,0.6182585892911,0.07199878354747966,-0.3254243827160469
plasma,9528,samh,points_bg,1,0,0.8655780705041363,0.09352517985611511,-1.6172839506172834
plasma,9342,samh,points_bg,1,0,0.7830387863622146,0.1793478260869565,1.7142489711934161
plasma,2299,samh,points_bg,1,0,0.6295265050103266,0.1491784914115011,2.8804012345679015
plasma,9321,samh,points_bg,1,0,0.908616155678619,0.20859940400170285,-0.27038323045267476
plasma,518,samh,points_bg,1,0,0.687176161334612,0.17467209407507914,5.441679526748973
plasma,9276,samh,points_bg,1,0,0.47496326305990905,0.0064124584907820905,0.9481095679012348
plasma,1770,samh,points_bg,1,0,0.494635336268176,0.0431648646383371,2.1084104938271606
plasma,2178,samh,points_bg,1,0,0.46321312475307913,0.09007792207792208,3.2775205761316872
plasma,1705,samh,points_bg,1,0,0.6638293833802424,0.0969081175570851,4.529513888888889
plasma,1888,samh,points_bg,1,0,0.5059596104297854,0.0943620178041543,6.849729938271606
plasma,2380,samh,points_bg,1,0,0.45915924542755915,0.07098368759268413,-0.2276234567901242
plasma,1815,samh,points_bg,1,0,0.6559555673557841,0.20681107878004096,-1.255915637860082
plasma,2063,samh,points_bg,1,0,0.35047445892407353,0.07368017629587047,2.7174639917695447
plasma,417,samh,points_bg,1,0,0.6646038913976696,0.14166031987814165,-0.7640174897119342
plasma,9710,samh,points_bg,1,0,0.45509733456635487,0.07887883771929824,0.9895190329218095
plasma,2013,samh,points_bg,1,0,0.7345093050786391,0.2131513939536525,-0.8331404320987668
plasma,9832,samh,points_bg,1,0,0.9434822636342184,0.2768581081081081,-0.07439557613168751
plasma,1853,samh,points_bg,1,0,0.5974627777531144,0.06677475529934547,-4.390110596707819
plasma,2351,samh,points_bg,1,0,0.6949462207708449,0.10347758339825766,-9.7289737654321
plasma,9798,samh,points_bg,1,0,0.5263670729981604,0.09928179129700042,6.575102880658434
plasma,2086,samh,points_bg,1,0,0.7804846987998302,0.2073170731707317,5.410108024691357
plasma,1739,samh,points_bg,1,0,0.7390661094816622,0.2390601055678529,0.1331018518518516
plasma,9727,samh,points_bg,1,0,0.3777497396632258,0.05357420962466906,12.191229423868313
plasma,9789,samh,points_bg,1,0,0.3320690618863898,0.060425083435798346,4.276813271604938
plasma,9757,samh,points_bg,1,0,0.5779406869629101,0.10352583184494278,7.012924382716049
plasma,1981,samh,points_bg,1,0,0.5554641343317719,0.07801065719360568,4.849215534979424
plasma,403,samh,points_bg,1,0,0.4405091592774207,0.055244195356285025,-0.5252700617283952
plasma,1898,samh,points_bg,1,0,0.41005691412846335,0.024539430568703124,-19.254951131687243
plasma,507,samh,points_bg,1,0,0.7031106710706779,0.22583260571286018,8.363168724279836
plasma,9629,samh,points_bg,1,0,0.5349582431178472,0.07393904039667493,2.684477880658437
plasma,9397,samh,points_bg,1,0,0.42535169252025373,0.10095994703740484,4.395704732510289
plasma,2025,samh,points_bg,1,0,0.5567502949760914,0.08799523110785033,4.311471193415639
plasma,9889,samh,points_bg,1,0,0.9379758141117428,0.22356495468277945,-0.18447788065843634
plasma,1963,samh,points_bg,1,0,0.8282573757847479,0.25335099337748346,4.808770576131688
plasma,1742,samh,points_bg,1,0,0.7159653869782885,0.21834826645890143,2.450488683127572
plasma,1716,samh,points_bg,1,0,0.6256254249745506,0.09727483807894416,-1.2937885802469142
plasma,1994,samh,points_bg,1,0,0.8161913811144654,0.08735344547940127,-1.7973251028806592
plasma,2046,samh,points_bg,1,0,0.5210965983062749,0.054531290573876914,-2.882908950617284
plasma,2122,samh,points_bg,1,0,0.7385476141753,0.1543402285822235,3.63573816872428
plasma,9875,samh,points_bg,1,0,0.5859184429979755,0.06455076959790002,-8.41261574074074
plasma,9694,samh,points_bg,1,0,0.5076722561660718,0.11479674796747967,-0.1790766460905341
plasma,9402,samh,points_bg,1,0,0.4311153777962283,0.09136457412319482,-0.11972736625514291
plasma,2359,samh,points_bg,1,0,0.3729346457313972,0.06684962929586695,-9.743955761316874
plasma,9726,samh,points_bg,1,0,0.6368475686034442,0.05486768633163389,0.15727880658436277
plasma,513,samh,points_bg,1,0,0.7695365201444486,0.10151457055214724,-3.3551311728395055
plasma,1984,samh,points_bg,1,0,0.3801453623852681,0.060731637610745924,5.147055041152264
plasma,9292,samh,points_bg,1,0,0.47371769810423997,0.07234632793108484,-5.8324974279835375
plasma,9396,samh,points_bg,1,0,0.6387556789500253,0.13831258644536654,-1.7966820987654322
plasma,2301,samh,points_bg,1,0,0.68389993802196,0.2287341894370957,-6.023212448559671
plasma,512,samh,points_bg,1,0,0.833907514421732,0.1615305304158552,2.831725823045267
plasma,1816,samh,points_bg,1,0,0.4977880816635518,0.11107334647542655,-8.027520576131687
plasma,9775,samh,points_bg,1,0,0.8284388701947588,0.1705288553107739,-5.278163580246914
plasma,2423,samh,points_bg,1,0,0.6028322786987401,0.1555864369093941,13.334104938271608
plasma,9421,samh,points_bg,1,0,0.3633116215775634,0.015353311135775064,0.9624485596707824
plasma,9504,samh,points_bg,1,0,0.5467744308861118,0.015690304898937992,1.6379886831275712
plasma,2188,samh,points_bg,1,0,0.6378454769852537,0.1394808605191395,3.682484567901234
plasma,2435,samh,points_bg,1,0,0.6861127753823185,0.22110594486881435,-10.082240226337449
plasma,9300,samh,points_bg,1,0,0.7644480904989098,0.0013214403700033035,-1.0246913580246912
plasma,102,samh,points_bg,1,0,0.599232918577468,0.15113236034222446,9.070023148148149
plasma,9714,samh,points_bg,1,0,0.48226537906910877,0.08548099004848175,15.933191872427985
plasma,1774,samh,points_bg,1,0,0.5992367731201959,0.14032140248356464,3.382073045267489
plasma,9841,samh,points_bg,1,0,0.9356315101231005,0.21801689083515796,-0.4005915637860083
plasma,203,samh,points_bg,1,0,0.3354639205764422,0.05736031186188974,6.566872427983538
plasma,9838,samh,points_bg,1,0,0.751077445474729,0.0899165061014772,1.9094650205761314
plasma,104,samh,points_bg,1,0,0.6809953463218865,0.18048618048618048,3.6287294238683128
plasma,9859,samh,points_bg,1,0,0.4546535062787453,0.0798035604665439,-5.14724794238683
plasma,1967,samh,points_bg,1,0,0.4691635572250972,0.07776574740462391,9.581018518518519
plasma,9805,samh,points_bg,1,0,0.2874436632926212,0.014920331062440178,8.996527777777779
plasma,2295,samh,points_bg,1,0,0.680902191902112,0.1524790375501276,5.228073559670782
plasma,2033,samh,points_bg,1,0,0.5547897503285151,0.08362979585134914,9.57420267489712
plasma,2404,samh,points_bg,1,0,0.7615494196075813,0.124808910242411,1.4740226337448563
plasma,2258,samh,points_bg,1,0,0.5197997163164544,0.15547387244188357,-9.304655349794237
plasma,1719,samh,points_bg,1,0,0.719213497909308,0.23936481404095278,0.7846579218106984
plasma,115,samh,points_bg,1,0,0.4699367663154837,0.0689375506893755,11.598379629629628
plasma,1747,samh,points_bg,1,0,0.7900297933998665,0.20153243050605846,-0.69386574074074
plasma,1808,samh,points_bg,1,0,0.5357348253634617,0.13845641098890635,17.18293467078189
plasma,1863,samh,points_bg,1,0,0.8090400139961511,0.19827586206896552,-1.2815072016460913
plasma,2384,samh,points_bg,1,0,0.6791249067619809,0.21736864958749458,5.965149176954732
plasma,2276,samh,points_bg,1,0,0.4836980839227951,0.08310357131272503,31.005336934156375
plasma,9626,samh,points_bg,1,0,0.5586975699735344,0.11376843987483236,-4.99877829218107
plasma,1855,samh,points_bg,1,0,0.23423794501184203,0.03959886860375418,6.941293724279834
plasma,9317,samh,points_bg,1,0,0.35509947108116935,0.09920468815403935,6.824138374485597
plasma,2189,samh,points_bg,1,0,0.39154216502827455,0.0668489572705383,3.793531378600823
plasma,2335,samh,points_bg,1,0,0.6907152510716296,0.19166488869923903,5.844200102880659
plasma,1972,samh,points_bg,1,0,0.8320854638422206,0.31747919143876335,-0.429655349794239
plasma,9630,samh,points_bg,1,0,0.4141814556331007,0.04400507414373824,-2.7168852880658427
plasma,9373,samh,points_bg,1,0,0.43493985854695466,0.024131396083385975,-2.3171939300411517
plasma,2110,samh,points_bg,1,0,0.45603080684315944,0.009836065573770493,-5.995820473251029
plasma,2159,samh,points_bg,1,0,0.6633930846045526,0.18134055086769624,8.165380658436217
plasma,9453,samh,points_bg,1,0,0.4160553064455698,0.0428058547362607,-4.5261059670781885
plasma,9845,samh,points_bg,1,0,0.8015433470254804,0.19404553415061296,0.7487782921810703
plasma,1776,samh,points_bg,1,0,0.4046786586934156,0.07714104996837445,32.15149176954733
plasma,2339,samh,points_bg,1,0,0.876973206903352,0.26739457831325303,-1.9056712962962963
plasma,2386,samh,points_bg,1,0,0.659689789002275,0.16672225928396708,3.569122942386829
plasma,1854,samh,points_bg,1,0,0.6862900788385782,0.21591434293637343,0.010030864197529965
plasma,9464,samh,points_bg,1,0,0.8201310646125546,0.04594721960414703,1.1230709876543203
plasma,1715,samh,points_bg,1,0,0.6835006387291507,0.19535207700101317,-0.8168724279835365
plasma,2392,samh,points_bg,1,0,0.6809529190594085,0.13550351627637208,3.0778677983539087
plasma,9773,samh,points_bg,1,0,0.5315747942265966,0.0532601786490917,16.911458333333336
plasma,2026,samh,points_bg,1,0,0.613631627519276,0.22170401547036742,-1.8509516460905346
plasma,9600,samh,points_bg,1,0,0.6907097771104536,0.2156813627254509,-2.416923868312758
plasma,113,samh,points_bg,1,0,0.49907882954744287,0.10672636401499375,6.689493312757203
plasma,1954,samh,points_bg,1,0,0.9632436996314409,0.5571273122959739,-0.04005915637860097
plasma,1870,samh,points_bg,1,0,0.6145584854573019,0.12318464730290457,-5.625707304526749
plasma,9347,samh,points_bg,1,0,0.9721563793811826,0.35776942355889724,-0.12133487654320992
plasma,2227,samh,points,0,0,0.39438003564081214,0.05234251874492574,28.0346579218107
plasma,516,samh,points,0,0,0.7122185030853656,0.07953622332176354,4.531764403292183
plasma,2078,samh,points,0,0,0.3358861209964413,0.04736379245362034,55.38265174897119
plasma,2160,samh,points,0,0,0.6292363154557024,0.11221467154556543,21.730774176954732
plasma,9774,samh,points,0,0,0.4309709038839108,0.05137458438082881,36.84252829218108
plasma,9786,samh,points,0,0,0.7174261076945159,0.32491582491582494,-1.5484182098765435
plasma,2087,samh,points,0,0,0.6311819851605281,0.13264258095698406,32.07433127572016
plasma,2394,samh,points,0,0,0.6764395887663593,0.1681513531857131,5.356674382716051
plasma,2071,samh,points,0,0,0.27974648247766115,0.06155802386027899,62.394740226337454
plasma,2082,samh,points,0,0,0.600836651518493,0.1432375457672251,12.335326646090536
plasma,9339,samh,points,0,0,0.9638940586972083,0.5071664829106945,-0.060763888888888846
plasma,9625,samh,points,0,0,0.42218107519383863,0.08657175836860331,18.74620627572017
plasma,2142,samh,points,0,0,0.6385869711174355,0.10923672566371681,23.519225823045264
plasma,9357,samh,points,0,0,0.15974425001948303,0.030696097578951247,32.05484825102881
plasma,9871,samh,points,0,0,0.4061406889373829,0.03598505072076882,13.03350051440329
plasma,9387,samh,points,0,0,0.9436612300075493,0.1916317991631799,-0.4025205761316868
plasma,9886,samh,points,0,0,0.6260735210960999,0.09671805072103432,17.277134773662553
plasma,2186,samh,points,0,0,0.5203611388192642,0.20031757664590205,24.46148405349794
plasma,1993,samh,points,0,0,0.7458852749991879,0.29066798765385055,12.440329218107
plasma,9512,samh,points,0,0,0.699416090396381,0.1968106580540977,5.269418724279835
plasma,2439,samh,points,0,0,0.7414961496149615,0.2346490037461317,-1.6817129629629641
plasma,2184,samh,points,0,0,0.6891202235611226,0.19114990969295606,6.40817901234568
plasma,9902,samh,points,0,0,0.950834766360202,0.37746478873239436,0.07574588477366265
plasma,2015,samh,points,0,0,0.7047334998132249,0.17690504479624933,15.791409465020584
plasma,2424,samh,points,0,0,0.43052689097269764,0.045379789242858015,58.15817901234568
plasma,2174,samh,points,0,0,0.46805911692995256,0.09537948637807991,13.754501028806585
plasma,1844,samh,points,0,0,0.3674538641939971,0.04489246470275177,34.133423353909464
plasma,208,samh,points,0,0,0.3923653642788782,0.12776802011227056,27.563786008230455
plasma,1745,samh,points,0,0,0.5016874692537382,0.20940768872010126,22.00218621399177
plasma,9353,samh,points,0,0,0.5990043336556714,0.0007434944237918215,-3.595614711934156
plasma,9601,samh,points,0,0,0.4031952211200073,0.08201819532120312,21.22659465020576
plasma,9407,samh,points,0,0,0.8149677279774997,0.437772397094431,-0.6656378600823049
plasma,2047,samh,points,0,0,0.5473913357206135,0.07653173266964351,27.36117541152263
plasma,110,samh,points,0,0,0.35877711290107617,0.12477951264127524,23.90187757201646
plasma,206,samh,points,0,0,0.44177168300814174,0.19363206017767978,18.602494855967077
plasma,9398,samh,points,0,0,0.8819044391731616,0.08958239784463404,-1.5673868312757202
plasma,1762,samh,points,0,0,0.5541147764156982,0.1496791241978105,17.37152777777778
plasma,9782,samh,points,0,0,0.3712794385454152,0.06724094064623996,3.046103395061728
plasma,2221,samh,points,0,0,0.8983588406336986,0.2067363530778165,1.1727109053497928
plasma,9912,samh,points,0,0,0.7489597393158639,0.09305304400241109,5.702031893004117
plasma,506,samh,points,0,0,0.8923157296990346,0.3215332826582691,1.9412294238683125
plasma,1694,samh,points,0,0,0.6505090245907253,0.13690998819219474,19.515303497942384
plasma,304,samh,points,0,0,0.5826220983105411,0.15504165112520205,4.910043724279835
plasma,2200,samh,points,0,0,0.45391871083553603,0.1474248591108328,34.01543209876543
plasma,305,samh,points,0,0,0.4142581625443624,0.12311464447581544,26.298482510288068
plasma,1957,samh,points,0,0,0.4564362506765256,0.11484420016843225,23.144225823045268
plasma,2378,samh,points,0,0,0.6454950412605414,0.1709830749411399,15.461484053497943
plasma,2192,samh,points,0,0,0.6025594876910788,0.06122535330456123,18.289930555555554
plasma,1738,samh,points,0,0,0.6182994247400523,0.18569326185220225,11.473058127572017
plasma,9910,samh,points,0,0,0.2771151881916552,0.04547682902211841,53.90168467078189
plasma,1992,samh,points,0,0,0.4239023308208543,0.07864941366761019,42.468814300411516
plasma,9367,samh,points,0,0,0.49907063197026025,0.0,-3.049897119341564
plasma,1837,samh,points,0,0,0.28855443146452897,0.04805989104642225,63.16634516460906
plasma,1970,samh,points,0,0,0.7576846856421253,0.24292438777334208,5.392103909465021
plasma,9830,samh,points,0,0,0.9503386336145894,0.3921200750469043,-0.06680812757201698
plasma,9590,samh,points,0,0,0.6074925955356498,0.15392690142189142,8.499807098765432
plasma,2060,samh,points,0,0,0.7285793348184364,0.19871010786167018,5.860661008230454
plasma,1944,samh,points,0,0,0.33215257187338737,0.03144963144963145,1.9944701646090537
plasma,1693,samh,points,0,0,0.7229166666666667,0.5240558717020176,-1.4720936213991769
plasma,2139,samh,points,0,0,0.8077473896398075,0.24495752332308335,1.642489711934156
plasma,2315,samh,points,0,0,0.7244953718269278,0.19285522428149343,-1.884645061728396
plasma,2355,samh,points,0,0,0.6482636789788212,0.10717837446885453,12.92682613168724
plasma,1959,samh,points,0,0,0.8050268865929551,0.15479823669040352,3.0394804526748977
plasma,9281,samh,points,0,0,0.6155651413862113,0.07252573238321457,34.042631172839506
plasma,9801,samh,points,0,0,0.6065660183545758,0.08549914986640758,-2.6883359053497946
plasma,9719,samh,points,0,0,0.3911372771133796,0.041102234572189415,14.792116769547325
plasma,9706,samh,points,0,0,0.3162003185355095,0.03862680774384328,47.09381430041153
plasma,1871,samh,points,0,0,0.6975277836096493,0.22396452903644426,5.172260802469135
plasma,9686,samh,points,0,0,0.3075543469388231,0.04608855743127282,37.49305555555556
plasma,9605,samh,points,0,0,0.6804131316857248,0.1014832162373146,-1.1073816872427982
plasma,9286,samh,points,0,0,0.44348308075004395,0.06296841541755889,6.45042438271605
plasma,407,samh,points,0,0,0.19638498440521876,0.04601023017902813,45.42573302469136
plasma,9692,samh,points,0,0,0.4519780900988791,0.0766538076868124,6.735532407407407
plasma,2073,samh,points,0,0,0.7363879665774559,0.1415752741774676,5.663387345679012
plasma,1709,samh,points,0,0,0.5851718959627896,0.14592110302566066,15.008680555555554
plasma,2216,samh,points,0,0,0.3733417960229627,0.0708574419213212,43.92380401234568
plasma,2145,samh,points,0,0,0.6470059363992413,0.1620837029271833,-9.780606995884773
plasma,9343,samh,points,0,0,0.6378897586910864,0.04559748427672956,-1.5853266460905346
plasma,2318,samh,points,0,0,0.5348667508289056,0.1473639485890309,28.77539866255144
plasma,207,samh,points,0,0,0.43792713886228035,0.17311767986614612,14.68814300411523
plasma,1838,samh,points,0,0,0.40631156732164314,0.04848161960575386,45.90657150205761
plasma,9511,samh,points,0,0,0.6193650779004479,0.2686279901017322,5.141396604938271
plasma,1766,samh,points,0,0,0.24333814645346705,0.05825684280162077,38.24157664609053
plasma,9820,samh,points,0,0,0.9157506798010518,0.275,0.8081918724279824
plasma,409,samh,points,0,0,0.9617497374585993,0.5184115523465704,-0.11985596707818919
plasma,2052,samh,points,0,0,0.5401091716004033,0.11807797367767568,18.544238683127574
plasma,1839,samh,points,0,0,0.6042618513438638,0.08756484829429335,-4.076260288065844
plasma,1704,samh,points,0,0,0.7474216461334725,0.27062190996617225,2.2076903292181074
plasma,9442,samh,points,0,0,0.7762543086939869,0.3062966915688367,-2.0145961934156382
plasma,1847,samh,points,0,0,0.3307640240934534,0.0928652321630804,21.09104938271605
plasma,2105,samh,points,0,0,0.605372417232389,0.17837719057298249,-18.124421296296294
plasma,1948,samh,points,0,0,0.58631676414937,0.0871189233726998,34.797196502057616
plasma,9581,samh,points,0,0,0.3465271387599659,0.05545317473613671,8.849537037037036
plasma,1812,samh,points,0,0,0.5629458456233241,0.09334620525768603,14.931005658436217
plasma,9528,samh,points,0,0,0.9504243637815164,0.2707333790267306,0.18891460905349766
plasma,9342,samh,points,0,0,0.8998361904364429,0.33423326133909287,0.8833590534979424
plasma,2299,samh,points,0,0,0.3422326103036916,0.12097596067382052,26.316036522633745
plasma,9321,samh,points,0,0,0.4527386395446487,0.009018036072144289,-3.771219135802469
plasma,518,samh,points,0,0,0.7901925930586798,0.2154127381181451,2.0082304526748986
plasma,9276,samh,points,0,0,0.5818626851058621,0.06916627852817886,5.726980452674897
plasma,1770,samh,points,0,0,0.40331773508196966,0.07072289977515842,16.532600308641975
plasma,2178,samh,points,0,0,0.43250962210512633,0.07121890931561872,18.854616769547324
plasma,1705,samh,points,0,0,0.6141842269476312,0.1047110247693055,9.640303497942387
plasma,1888,samh,points,0,0,0.44847269642984594,0.07342269273456843,14.61773405349794
plasma,2380,samh,points,0,0,0.5169404194265605,0.18505894049140748,18.438528806584358
plasma,1815,samh,points,0,0,0.9164128937691909,0.33806323126711474,1.177340534979425
plasma,2063,samh,points,0,0,0.5261469833800615,0.12615774592960904,36.345100308641975
plasma,417,samh,points,0,0,0.6372196541688067,0.09029126213592233,-0.8172582304526749
plasma,9710,samh,points,0,0,0.6787814669559116,0.10264275601698915,9.626800411522632
plasma,2013,samh,points,0,0,0.7011790068459951,0.22885551781987806,11.158050411522632
plasma,9832,samh,points,0,0,0.9829797526315615,0.5481393975191967,-0.014081790123456062
plasma,1853,samh,points,0,0,0.4856747923129198,0.0929951690821256,34.737847222222214
plasma,2351,samh,points,0,0,0.7152580126222002,0.1995921320965726,-1.7165637860082321
plasma,9798,samh,points,0,0,0.4125420521798045,0.088779453507062,32.470614711934154
plasma,2086,samh,points,0,0,0.46959123173232337,0.06316473921322743,31.321309156378597
plasma,1739,samh,points,0,0,0.860187627282743,0.39593792788680965,-0.14615483539094712
plasma,9727,samh,points,0,0,0.2921479773845802,0.05772964694943528,41.78388631687243
plasma,9789,samh,points,0,0,0.24004239690632181,0.01282002510746757,42.130015432098766
plasma,9757,samh,points,0,0,0.4932344754365401,0.09474322334805577,25.603523662551442
plasma,1981,samh,points,0,0,0.32213230648897445,0.09083495834071972,34.499742798353914
plasma,403,samh,points,0,0,0.517733362344969,0.13132530120481928,-0.9874614197530865
plasma,1898,samh,points,0,0,0.7861464038664111,0.14739297593848547,2.2632458847736627
plasma,507,samh,points,0,0,0.5583265489742516,0.13345717637856863,17.977687757201643
plasma,9629,samh,points,0,0,0.49013647112453346,0.12096010539750504,21.83667695473251
plasma,9397,samh,points,0,0,0.2867936457262329,0.049419005189914114,29.102173353909468
plasma,2025,samh,points,0,0,0.36282862215765793,0.028564161261604985,64.87577160493827
plasma,9889,samh,points,0,0,0.6880368591174527,0.10503842869342442,-1.1194058641975309
plasma,1963,samh,points,0,0,0.4940949268365149,0.08524525316455696,37.40727880658436
plasma,1742,samh,points,0,0,0.6328792250224506,0.14861934364608934,9.696116255144032
plasma,1716,samh,points,0,0,0.37069593869689965,0.14829573756493275,29.454346707818928
plasma,1994,samh,points,0,0,0.6287221559469929,0.10787130135018673,30.280928497942384
plasma,2046,samh,points,0,0,0.6250111159878026,0.16693076881044752,16.21502057613169
plasma,2122,samh,points,0,0,0.6958440754872641,0.1609478672985782,6.218106995884774
plasma,9875,samh,points,0,0,0.8370885966025611,0.2104568259836282,5.285751028806585
plasma,9694,samh,points,0,0,0.3970581076243885,0.047471451876019574,40.00019290123457
plasma,9402,samh,points,0,0,0.3989739812688529,0.07403802281368821,40.50713734567902
plasma,2359,samh,points,0,0,0.44986423120474583,0.0483236451177265,69.37744341563786
plasma,9726,samh,points,0,0,0.4772293949023355,0.06815812685430198,29.03896604938272
plasma,513,samh,points,0,0,0.7841892671667628,0.2577339520494973,6.4200102880658445
plasma,1984,samh,points,0,0,0.35753998626036404,0.10991605456453306,19.621206275720166
plasma,9292,samh,points,0,0,0.4209219908357754,0.09679500412881915,37.13355195473251
plasma,9396,samh,points,0,0,0.8525418718501482,0.39573389021479716,1.7734053497942381
plasma,2301,samh,points,0,0,0.8065866571064916,0.2531491880406738,1.2121270576131686
plasma,512,samh,points,0,0,0.8686268233572637,0.19989801121876594,2.628858024691358
plasma,1816,samh,points,0,0,0.5618847744575478,0.10808171849181313,16.05021862139918
plasma,9775,samh,points,0,0,0.8744954239193584,0.12728683172797206,5.496913580246915
plasma,2423,samh,points,0,0,0.6075885030295762,0.16613752921885358,15.470679012345679
plasma,9421,samh,points,0,0,0.374892565917847,0.043869261288494235,27.930748456790127
plasma,9504,samh,points,0,0,0.43100213975617496,0.057752237184435486,24.82979681069959
plasma,2188,samh,points,0,0,0.5118970176140912,0.06882591093117409,14.411651234567902
plasma,2435,samh,points,0,0,0.7893960334462028,0.3391304347826087,-5.595679012345678
plasma,9300,samh,points,0,0,0.8673746140365518,0.01555977229601518,-0.8175154320987653
plasma,102,samh,points,0,0,0.47889378015617295,0.1280708092485549,30.63998199588478
plasma,9714,samh,points,0,0,0.41247246653023606,0.053064829535417773,59.128536522633745
plasma,1774,samh,points,0,0,0.25770350896641236,0.0412308541465434,64.91865997942386
plasma,9841,samh,points,0,0,0.9632049576478117,0.2686907020872865,-0.3534593621399178
plasma,203,samh,points,0,0,0.3308420013005352,0.0725306187370765,12.81642232510288
plasma,9838,samh,points,0,0,0.8822950712663828,0.2382709541381128,0.929976851851852
plasma,104,samh,points,0,0,0.5146425474858217,0.17283197315231486,12.698816872427981
plasma,9859,samh,points,0,0,0.6811063068378835,0.10949670461354104,8.508423353909468
plasma,1967,samh,points,0,0,0.3974739977698826,0.09972157327103402,38.1840920781893
plasma,9805,samh,points,0,0,0.26099765581819195,0.023840575929886795,36.04443158436214
plasma,2295,samh,points,0,0,0.5774391460948728,0.08155426740185683,39.611689814814824
plasma,2033,samh,points,0,0,0.5072102491103203,0.14164884770729388,26.89191100823045
plasma,2404,samh,points,0,0,0.596226441946766,0.09093993892093655,14.508359053497944
plasma,2258,samh,points,0,0,0.5569893482239219,0.1287190512518205,21.916345164609055
plasma,1719,samh,points,0,0,0.5408098282744842,0.14667756627350229,11.165895061728394
plasma,115,samh,points,0,0,0.3116669633390346,0.07087853648159965,28.348701131687243
plasma,1747,samh,points,0,0,0.7864712327144592,0.2742315518903288,10.14859825102881
plasma,1808,samh,points,0,0,0.2652585248345496,0.021135958836334852,65.3139146090535
plasma,1863,samh,points,0,0,0.7275657157175537,0.15151076008984857,7.9039994855967075
plasma,2384,samh,points,0,0,0.704903003154794,0.22531927832961687,8.89158950617284
plasma,2276,samh,points,0,0,0.39419108393133306,0.07035451969232549,52.467463991769534
plasma,9626,samh,points,0,0,0.663996623030525,0.17694172199388766,8.261059670781894
plasma,1855,samh,points,0,0,0.27028030783514995,0.0370308478994686,35.505208333333336
plasma,9317,samh,points,0,0,0.47766790427526373,0.111070110701107,12.21386316872428
plasma,2189,samh,points,0,0,0.5017154499645268,0.12215664380283937,30.72080761316872
plasma,2335,samh,points,0,0,0.6579138598421582,0.22047293483033306,13.202867798353909
plasma,1972,samh,points,0,0,0.9198747071836337,0.45509464357631896,0.8489583333333328
plasma,9630,samh,points,0,0,0.4247202389788494,0.07631619339984651,51.83571244855967
plasma,9373,samh,points,0,0,0.22949463219718852,0.046177075032504296,25.631815843621403
plasma,2110,samh,points,0,0,0.6001548813797001,0.04446440601841455,-4.911265432098766
plasma,2159,samh,points,0,0,0.4027219688494966,0.05455206416286097,55.63316615226337
plasma,9453,samh,points,0,0,0.23147272220934906,0.05268521800779865,45.3275462962963
plasma,9845,samh,points,0,0,0.7110571236773967,0.10763358778625955,-1.1610082304526748
plasma,1776,samh,points,0,0,0.3244311446362981,0.0659312467932273,65.08159722222221
plasma,2339,samh,points,0,0,0.8354913913476739,0.310877571184766,4.367412551440331
plasma,2386,samh,points,0,0,0.44946100589732224,0.029237360754070265,47.103973765432094
plasma,1854,samh,points,0,0,0.8108193669707925,0.3512589073634204,5.372620884773663
plasma,9464,samh,points,0,0,0.5496126802526516,0.040293040293040296,-2.4300411522633745
plasma,1715,samh,points,0,0,0.7068562118725041,0.3556393116199687,9.263760288065848
plasma,2392,samh,points,0,0,0.5586888470336174,0.11994711750330515,15.718814300411522
plasma,9773,samh,points,0,0,0.3915149700363758,0.03352577032760659,69.73231738683128
plasma,2026,samh,points,0,0,0.3797461888092687,0.01936514274306249,31.218428497942384
plasma,9600,samh,points,0,0,0.9336752719874271,0.27698309492847856,-0.6831275720164613
plasma,113,samh,points,0,0,0.6090977568054153,0.26570915619389585,6.983603395061727
plasma,1954,samh,points,0,0,0.9721376377379959,0.554185927067283,0.19309413580246987
plasma,1870,samh,points,0,0,0.8072985552401515,0.28864970645792565,1.5418595679012355
plasma,9347,samh,points,0,0,0.7593573310819454,0.06447234475738038,-1.1983024691358024
plasma,2227,samh,points_bg,2,0,0.585757058779196,0.10309278350515463,0.07754629629629639
plasma,516,samh,points_bg,2,0,0.3636148937476678,0.036139394808547255,-4.44605195473251
plasma,2078,samh,points_bg,2,0,0.5601080964058691,0.1004410697336832,6.269547325102881
plasma,2160,samh,points_bg,2,0,0.3619747800468428,0.06765983860955928,-14.87384259259259
plasma,9774,samh,points_bg,2,0,0.45202804008732933,0.0303834808259587,-8.938014403292179
plasma,9786,samh,points_bg,2,0,0.7129716037861619,0.23738214087631726,-1.5843621399176957
plasma,2087,samh,points_bg,2,0,0.6742788085886631,0.17535232687823177,-8.798739711934155
plasma,2394,samh,points_bg,2,0,0.5129106019494813,0.0908771724501141,-11.861625514403292
plasma,2071,samh,points_bg,2,0,0.4934302723993242,0.02945326278659612,6.705697016460905
plasma,2082,samh,points_bg,2,0,0.7041298936142443,0.1674562839176501,2.402456275720166
plasma,9339,samh,points_bg,2,0,0.6475754977612651,0.1528776978417266,1.0683513374485598
plasma,9625,samh,points_bg,2,0,0.5197218149117174,0.11849682772083943,-2.0686085390946505
plasma,2142,samh,points_bg,2,0,0.7013182384397109,0.05655385293793407,-11.80960648148148
plasma,9357,samh,points_bg,2,0,0.18785397475264415,0.04457334758052206,17.77636316872428
plasma,9871,samh,points_bg,2,0,0.398716222282072,0.0387306593081699,1.16358024691358
plasma,9387,samh,points_bg,2,0,0.8021395581770631,0.18659217877094972,1.51684670781893
plasma,9886,samh,points_bg,2,0,0.7452335357548822,0.09263691398000845,0.23064557613168835
plasma,2186,samh,points_bg,2,0,0.6102298618272521,0.13521856019117792,8.762538580246911
plasma,1993,samh,points_bg,2,0,0.3961109923842089,0.02233852438090375,-21.69367283950617
plasma,9512,samh,points_bg,2,0,0.7428727311222039,0.1869334166927165,1.7028034979423858
plasma,2439,samh,points_bg,2,0,0.6081215462238714,0.12382470995766207,-9.902906378600823
plasma,2184,samh,points_bg,2,0,0.5696652503822092,0.11876651982378855,-5.835519547325103
plasma,9902,samh,points_bg,2,0,0.7852515019436919,0.2120268327743172,-0.14242541152263352
plasma,2015,samh,points_bg,2,0,0.5053071270820864,0.12215822976659593,-21.807613168724277
plasma,2424,samh,points_bg,2,0,0.5266067926618385,0.07329160146061554,-4.283179012345678
plasma,2174,samh,points_bg,2,0,0.5738336021473729,0.12518030084483825,3.608989197530864
plasma,1844,samh,points_bg,2,0,0.43242058315697174,0.04496390020730574,3.3042695473251045
plasma,208,samh,points_bg,2,0,0.5266258732371379,0.10849557522123894,5.506622942386831
plasma,1745,samh,points_bg,2,0,0.6106863706371535,0.14338078074408944,7.139596193415637
plasma,9353,samh,points_bg,2,0,0.6318857928221498,0.04812445478336726,-0.969650205761316
plasma,9601,samh,points_bg,2,0,0.3690315174805979,0.04320592212968895,1.8275462962962965
plasma,9407,samh,points_bg,2,0,0.602685991267589,0.21203573107663376,-2.8997556584362143
plasma,2047,samh,points_bg,2,0,0.35126948217103526,0.07652082970193481,-4.507780349794238
plasma,110,samh,points_bg,2,0,0.45573857452510086,0.10292610725264716,14.393004115226338
plasma,206,samh,points_bg,2,0,0.48514771925751987,0.14779536996152148,13.386959876543209
plasma,9398,samh,points_bg,2,0,0.6396792316056542,0.0341897233201581,-3.8755144032921818
plasma,1762,samh,points_bg,2,0,0.4789327725028093,0.08931325743665075,2.738940329218108
plasma,9782,samh,points_bg,2,0,0.37832935023552233,0.06393767913573896,-10.009130658436215
plasma,2221,samh,points_bg,2,0,0.8819495721813326,0.15770090753649876,0.6127186213991762
plasma,9912,samh,points_bg,2,0,0.6574214466641248,0.1013536571493573,-4.746720679012344
plasma,506,samh,points_bg,2,0,0.8660323815562957,0.13043478260869565,-1.8276105967078196
plasma,1694,samh,points_bg,2,0,0.7504218589812981,0.0907211623648928,-0.17116769547325106
plasma,304,samh,points_bg,2,0,0.5443759538794243,0.13855508904010425,1.7728266460905342
plasma,2200,samh,points_bg,2,0,0.6739101453139581,0.13016652292178066,-2.410108024691357
plasma,305,samh,points_bg,2,0,0.4828072623957931,0.07808054278835631,4.95582561728395
plasma,1957,samh,points_bg,2,0,0.6288430157474797,0.12395268605224248,5.9467592592592595
plasma,2378,samh,points_bg,2,0,0.5301676312401984,0.10194613484364644,-2.453510802469136
plasma,2192,samh,points_bg,2,0,0.6858825321422175,0.12850733275296325,0.43537808641975206
plasma,1738,samh,points_bg,2,0,0.7229414839322316,0.2373162636320531,3.437692901234568
plasma,9910,samh,points_bg,2,0,0.46807041060917304,0.05555555555555555,3.682420267489711
plasma,1992,samh,points_bg,2,0,0.7163564145626178,0.1951311568220419,6.721772119341566
plasma,9367,samh,points_bg,2,0,0.4479267785327971,0.0,-3.110661008230452
plasma,1837,samh,points_bg,2,0,0.5645919181355639,0.12007724267072385,10.209040637860081
plasma,1970,samh,points_bg,2,0,0.7158598033252029,0.23659329295316886,-3.298289609053498
plasma,9830,samh,points_bg,2,0,0.8691122639770363,0.19220330619294348,-0.9887474279835398
plasma,9590,samh,points_bg,2,0,0.6399108413321161,0.15590887517797816,1.8824588477366246
plasma,2060,samh,points_bg,2,0,0.6496112813275092,0.18289518221821055,4.335198045267489
plasma,1944,samh,points_bg,2,0,0.40112214280486913,0.03081232492997199,0.4704861111111111
plasma,1693,samh,points_bg,2,0,0.8271440104328386,0.31965174129353235,1.2557870370370372
plasma,2139,samh,points_bg,2,0,0.6892626076720274,0.13807687523323797,-6.205439814814817
plasma,2315,samh,points_bg,2,0,0.6113590545018649,0.1226539039039039,-6.987654320987654
plasma,2355,samh,points_bg,2,0,0.7024471799727763,0.11145664004523288,-4.210519547325103
plasma,1959,samh,points_bg,2,0,0.689835332648844,0.12605571662674903,0.8541023662551439
plasma,9281,samh,points_bg,2,0,0.6594998368199624,0.10063925664582388,-1.5855838477366269
plasma,9801,samh,points_bg,2,0,0.5543793180298641,0.07694043321299639,-4.265817901234568
plasma,9719,samh,points_bg,2,0,0.4832681529126053,0.10361130670958656,9.477366255144034
plasma,9706,samh,points_bg,2,0,0.35145263275577754,0.03375041159038525,7.11644804526749
plasma,1871,samh,points_bg,2,0,0.5574818426027262,0.11254019292604502,2.000643004115225
plasma,9686,samh,points_bg,2,0,0.5048289920866436,0.06743407625112254,2.918274176954733
plasma,9605,samh,points_bg,2,0,0.6302027969131797,0.16899793625315296,0.0639789094650206
plasma,9286,samh,points_bg,2,0,0.5087513138395451,0.04770513206789193,2.3679269547325106
plasma,407,samh,points_bg,2,0,0.4256265576347716,0.04494983277591973,9.444830246913583
plasma,9692,samh,points_bg,2,0,0.6272137883460883,0.0627326472520254,0.6169624485596708
plasma,2073,samh,points_bg,2,0,0.602497102131872,0.0706978056868694,0.9050282921810704
plasma,1709,samh,points_bg,2,0,0.7181059079129911,0.14868072983788916,2.621270576131686
plasma,2216,samh,points_bg,2,0,0.583963203335565,0.1651720659118933,10.68994341563786
plasma,2145,samh,points_bg,2,0,0.5565312369756111,0.12895069532237674,-20.234696502057613
plasma,9343,samh,points_bg,2,0,0.8453167546676297,0.13353313353313354,0.6249356995884775
plasma,2318,samh,points_bg,2,0,0.5126967429490106,0.09242021276595745,-8.352623456790125
plasma,207,samh,points_bg,2,0,0.5288904572935255,0.12462560229196509,4.064300411522634
plasma,1838,samh,points_bg,2,0,0.5545270616020468,0.06897434803021896,6.751478909465019
plasma,9511,samh,points_bg,2,0,0.6067079821917698,0.08856893542757417,-0.8377700617283947
plasma,1766,samh,points_bg,2,0,0.7557953205107119,0.2037394451145959,1.2926311728395055
plasma,9820,samh,points_bg,2,0,0.8523684883966292,0.17345597897503284,1.1550282921810693
plasma,409,samh,points_bg,2,0,0.7529128906972443,0.31664348632359757,0.868312757201646
plasma,2052,samh,points_bg,2,0,0.5663703723625997,0.09200155058793126,-3.534850823045267
plasma,1839,samh,points_bg,2,0,0.5425007963539242,0.1115123194562447,-5.113490226337449
plasma,1704,samh,points_bg,2,0,0.9605242100396536,0.37991803278688524,-0.17399691358024674
plasma,9442,samh,points_bg,2,0,0.7671398243350123,0.3475842891901286,-1.980324074074074
plasma,1847,samh,points_bg,2,0,0.5530475871789412,0.022583559168925023,-0.04539609053497984
plasma,2105,samh,points_bg,2,0,0.515015730765564,0.10697527522107923,-20.47447273662551
plasma,1948,samh,points_bg,2,0,0.5815924452448819,0.11883617667679364,-3.9118441358024696
plasma,9581,samh,points_bg,2,0,0.3423011617708689,0.02328709541824296,4.585841049382716
plasma,1812,samh,points_bg,2,0,0.6308731059610228,0.10205696202531646,-7.464827674897117
plasma,9528,samh,points_bg,2,0,0.7573706084810702,0.09792967466316135,-3.620884773662551
plasma,9342,samh,points_bg,2,0,0.7480251688821093,0.07752761257434154,-1.9997427983539096
plasma,2299,samh,points_bg,2,0,0.43529897565118647,0.15858893311480526,13.474665637860085
plasma,9321,samh,points_bg,2,0,0.625830920435545,0.11205073995771671,-2.778742283950617
plasma,518,samh,points_bg,2,0,0.7045487411775133,0.18686207799005497,5.050154320987656
plasma,9276,samh,points_bg,2,0,0.6226136516163671,0.029087261785356068,2.4203960905349793
plasma,1770,samh,points_bg,2,0,0.47729500382668477,0.0446741265909285,1.0198045267489713
plasma,2178,samh,points_bg,2,0,0.46117010652863905,0.09458823529411765,11.444637345679013
plasma,1705,samh,points_bg,2,0,0.7016407248665313,0.11741100323624595,4.227173353909464
plasma,1888,samh,points_bg,2,0,0.6246289248596937,0.1299087389380531,-0.7714763374485595
plasma,2380,samh,points_bg,2,0,0.4689600660077448,0.09731350167185518,-1.8247813786008233
plasma,1815,samh,points_bg,2,0,0.8024531999729675,0.2839791787160208,-0.14827674897119336
plasma,2063,samh,points_bg,2,0,0.42813956683966303,0.08712557603686635,2.012345679012348
plasma,417,samh,points_bg,2,0,0.8714783895170665,0.23076923076923078,-0.02835648148148146
plasma,9710,samh,points_bg,2,0,0.4479746244401491,0.0777507809788268,-1.8251671810699601
plasma,2013,samh,points_bg,2,0,0.6192966598178341,0.10071740836229122,-8.34934413580247
plasma,9832,samh,points_bg,2,0,0.5010742337711311,0.1038269550748752,-6.461998456790123
plasma,1853,samh,points_bg,2,0,0.5602005942873459,0.0339273474982865,-5.982767489711935
plasma,2351,samh,points_bg,2,0,0.7208276696367147,0.1318556217772718,-5.6296296296296315
plasma,9798,samh,points_bg,2,0,0.45895069027097113,0.07648401826484018,6.309027777777776
plasma,2086,samh,points_bg,2,0,0.7894523042715175,0.22167063807254433,5.168402777777778
plasma,1739,samh,points_bg,2,0,0.8543657629884849,0.29378024735615704,0.8614326131687235
plasma,9727,samh,points_bg,2,0,0.4580815023093414,0.05693352154332191,3.993891460905351
plasma,9789,samh,points_bg,2,0,0.3335913454660176,0.053465844760347214,4.0887988683127565
plasma,9757,samh,points_bg,2,0,0.5559286364117985,0.10181007209169649,9.564429012345679
plasma,1981,samh,points_bg,2,0,0.6078238131949356,0.0748562467328803,-0.6174125514403286
plasma,403,samh,points_bg,2,0,0.39123267141251405,0.06576156130674586,0.3762860082304528
plasma,1898,samh,points_bg,2,0,0.5737759328267233,0.054595443833464256,-14.360789609053498
plasma,507,samh,points_bg,2,0,0.6863922300927423,0.13885839736553238,1.3251028806584366
plasma,9629,samh,points_bg,2,0,0.43688722220335613,0.06525252525252526,3.2076903292181074
plasma,9397,samh,points_bg,2,0,0.47273192469243724,0.10301795492168599,3.0927854938271606
plasma,2025,samh,points_bg,2,0,0.7028102990580389,0.08755989794013318,-0.797003600823043
plasma,9889,samh,points_bg,2,0,0.4747319019656744,0.04606879606879607,0.9521604938271606
plasma,1963,samh,points_bg,2,0,0.820883314258952,0.261522586562715,1.950745884773661
plasma,1742,samh,points_bg,2,0,0.7253236148802805,0.25,4.193029835390945
plasma,1716,samh,points_bg,2,0,0.5326385748474394,0.08505728835136855,7.655992798353909
plasma,1994,samh,points_bg,2,0,0.6357110854276631,0.09194915254237288,-7.468171296296297
plasma,2046,samh,points_bg,2,0,0.6941633456510276,0.09233759922242021,1.992734053497941
plasma,2122,samh,points_bg,2,0,0.7194146897110688,0.1318360190364866,1.4604552469135792
plasma,9875,samh,points_bg,2,0,0.6758925102626393,0.06580166821130677,-5.743441358024691
plasma,9694,samh,points_bg,2,0,0.5562868885386731,0.16143572621035057,-2.3926183127572025
plasma,9402,samh,points_bg,2,0,0.40246255474376263,0.08220255653883972,0.9005272633744871
plasma,2359,samh,points_bg,2,0,0.47482724092726664,0.10917065390749602,21.05992798353909
plasma,9726,samh,points_bg,2,0,0.6154496887810843,0.042406711021116573,3.243248456790124
plasma,513,samh,points_bg,2,0,0.714642604123942,0.10404040404040404,-1.3655478395061718
plasma,1984,samh,points_bg,2,0,0.3709550668364839,0.08767636049524906,5.062821502057613
plasma,9292,samh,points_bg,2,0,0.5657698638957694,0.08987148377819718,-6.23122427983539
plasma,9396,samh,points_bg,2,0,0.5226761593333057,0.11583333333333333,2.5780606995884776
plasma,2301,samh,points_bg,2,0,0.7436279276400043,0.2263174653717561,-4.3179655349794235
plasma,512,samh,points_bg,2,0,0.8818577835407837,0.16933838531040513,1.318415637860082
plasma,1816,samh,points_bg,2,0,0.6148329906934589,0.15146198830409358,-6.12037037037037
plasma,9775,samh,points_bg,2,0,0.6657549576412836,0.1406062140099981,-9.66724537037037
plasma,2423,samh,points_bg,2,0,0.44430428784058396,0.08465693783761993,-4.781185699588478
plasma,9421,samh,points_bg,2,0,0.5027558717232303,0.07115628970775095,9.789994855967079
plasma,9504,samh,points_bg,2,0,0.5790808580046793,0.03158879962561423,0.2751414609053496
plasma,2188,samh,points_bg,2,0,0.5537169281858445,0.10385416666666666,0.6889789094650212
plasma,2435,samh,points_bg,2,0,0.7821247806843371,0.3073840870062965,-7.193158436213992
plasma,9300,samh,points_bg,2,0,0.8046466085098807,0.03580387685290764,0.24189814814814872
plasma,102,samh,points_bg,2,0,0.6407269912510435,0.1915659263424234,8.079153806584364
plasma,9714,samh,points_bg,2,0,0.3786992354110651,0.10966446124763705,14.961033950617283
plasma,1774,samh,points_bg,2,0,0.6621592011769494,0.1732196431391126,4.037229938271605
plasma,9841,samh,points_bg,2,0,0.9508334642047876,0.2331288343558282,-0.34426440329218055
plasma,203,samh,points_bg,2,0,0.6746414325335721,0.14328599468883502,3.255979938271605
plasma,9838,samh,points_bg,2,0,0.7361575178997614,0.03520148216767022,-1.0065586419753088
plasma,104,samh,points_bg,2,0,0.5953892122872556,0.17446743529052455,7.570537551440331
plasma,9859,samh,points_bg,2,0,0.5668502557634364,0.03527918781725888,-2.114904835390946
plasma,1967,samh,points_bg,2,0,0.49527550808210674,0.06800964915993059,16.132908950617285
plasma,9805,samh,points_bg,2,0,0.18658111583327863,0.040856934403395904,8.897183641975309
plasma,2295,samh,points_bg,2,0,0.6351302617670832,0.07929101103273647,-9.498906893004113
plasma,2033,samh,points_bg,2,0,0.5879893386640014,0.1137407687387335,9.027649176954732
plasma,2404,samh,points_bg,2,0,0.7677521414474353,0.1952662721893491,3.6460905349794253
plasma,2258,samh,points_bg,2,0,0.5629243774813731,0.12319068596601636,1.1109825102880666
plasma,1719,samh,points_bg,2,0,0.6849796332519055,0.289741847826087,-2.2472350823045275
plasma,115,samh,points_bg,2,0,0.4329765364712554,0.13230124391563006,15.833847736625511
plasma,1747,samh,points_bg,2,0,0.730383414547378,0.13346442797357938,-2.928562242798352
plasma,1808,samh,points_bg,2,0,0.5960224980190271,0.10804321728691477,2.8280606995884763
plasma,1863,samh,points_bg,2,0,0.8960842644995889,0.25205511172860945,-0.5947788065843631
plasma,2384,samh,points_bg,2,0,0.6912877332740249,0.17283125371360666,3.802854938271605
plasma,2276,samh,points_bg,2,0,0.46790771579455703,0.03776029171864504,0.8594393004115214
plasma,9626,samh,points_bg,2,0,0.6859305025306249,0.1070285104436652,-3.787165637860082
plasma,1855,samh,points_bg,2,0,0.39222115927663354,0.07257765128078209,8.650077160493828
plasma,9317,samh,points_bg,2,0,0.386079265098259,0.13914317099963383,8.83641975308642
plasma,2189,samh,points_bg,2,0,0.4773045733047385,0.07196763401540496,3.6219135802469133
plasma,2335,samh,points_bg,2,0,0.7344146997090989,0.2723207025532607,7.511959876543211
plasma,1972,samh,points_bg,2,0,0.8190683547249149,0.37196868436127556,-0.44720936213991785
plasma,9630,samh,points_bg,2,0,0.4188616566081658,0.11230505386140736,34.59214248971193
plasma,9373,samh,points_bg,2,0,0.34112816719067873,0.004254941937771474,0.27469135802469236
plasma,2110,samh,points_bg,2,0,0.5142756043081143,0.023078551767944103,-5.570087448559671
plasma,2159,samh,points_bg,2,0,0.5134975605259625,0.12030279925933994,1.9902906378600815
plasma,9453,samh,points_bg,2,0,0.5419028216472469,0.013406940063091483,-3.583140432098765
plasma,9845,samh,points_bg,2,0,0.7948618302891534,0.24898848428260192,0.9379501028806587
plasma,1776,samh,points_bg,2,0,0.2995374108304758,0.05231093667623455,1.9982638888888875
plasma,2339,samh,points_bg,2,0,0.8771845368344274,0.2672924521043318,-2.183256172839507
plasma,2386,samh,points_bg,2,0,0.6080201501284321,0.16294505286113878,2.625257201646089
plasma,1854,samh,points_bg,2,0,0.7469107161219611,0.2620715350223547,0.5436599794238689
plasma,9464,samh,points_bg,2,0,0.8982533653311295,0.04388512423362375,0.2662037037037032
plasma,1715,samh,points_bg,2,0,0.7249978892266127,0.27419354838709675,3.8265174897119363
plasma,2392,samh,points_bg,2,0,0.5394339985882051,0.12175447441391479,6.851658950617284
plasma,9773,samh,points_bg,2,0,0.4453756704516498,0.03180674383492703,-3.552983539094651
plasma,2026,samh,points_bg,2,0,0.613659769077321,0.22490522498763804,5.657343106995885
plasma,9600,samh,points_bg,2,0,0.8665146153504063,0.13778100072516317,-1.117734053497943
plasma,113,samh,points_bg,2,0,0.5069123097405634,0.14589041095890412,5.817129629629629
plasma,1954,samh,points_bg,2,0,0.9408829644123762,0.3639304488475536,-0.4513245884773656
plasma,1870,samh,points_bg,2,0,0.7368748781024601,0.1998683344305464,0.5776105967078199
plasma,9347,samh,points_bg,2,0,0.5347282264107441,0.06114166012045038,4.930555555555556
plasma,2227,samh,boxes,0,0,0.8476961233241228,0.2679282868525896,-2.332883230452676
plasma,516,samh,boxes,0,0,0.7025654447857691,0.33730383815466064,-4.056005658436213
plasma,2078,samh,boxes,0,0,0.792757522512629,0.2690922190201729,-4.762988683127572
plasma,2160,samh,boxes,0,0,0.5939496798360977,0.2286503683858004,-15.160879629629628
plasma,9774,samh,boxes,0,0,0.8294559215832248,0.3104303609078507,-3.6190843621399167
plasma,9786,samh,boxes,0,0,0.7802799116068609,0.2119935170178282,-1.2617026748971198
plasma,2087,samh,boxes,0,0,0.6360446206955579,0.32549857549857547,-15.352687757201643
plasma,2394,samh,boxes,0,0,0.4093435593115943,0.20051692512923128,-17.75019290123457
plasma,2071,samh,boxes,0,0,0.7860117515936639,0.2691505630474072,-4.175090020576132
plasma,2082,samh,boxes,0,0,0.6920843934390732,0.35241749808135076,-5.688014403292181
plasma,9339,samh,boxes,0,0,0.9628523856002756,0.4867549668874172,-0.06661522633744851
plasma,9625,samh,boxes,0,0,0.7404377390565235,0.348352845085761,-4.040637860082303
plasma,2142,samh,boxes,0,0,0.4658236461211077,0.08714907077896401,-20.96829989711934
plasma,9357,samh,boxes,0,0,0.728372356228337,0.45808790212958767,-1.2699331275720163
plasma,9871,samh,boxes,0,0,0.7652590860989711,0.17882611080636313,-2.4063143004115224
plasma,9387,samh,boxes,0,0,0.9808887048103663,0.5542725173210161,-0.12030606995884763
plasma,9886,samh,boxes,0,0,0.9460217876081645,0.17107564494971578,-1.0322145061728405
plasma,2186,samh,boxes,0,0,0.8953625030362957,0.43517460317460316,-2.254951131687244
plasma,1993,samh,boxes,0,0,0.5668737452969818,0.269596289819813,-22.47202932098765
plasma,9512,samh,boxes,0,0,0.9443770789591639,0.26588114754098363,-0.4616126543209878
plasma,2439,samh,boxes,0,0,0.5123119768393228,0.22724390906620778,-15.74755658436214
plasma,2184,samh,boxes,0,0,0.8430971767693127,0.44711876317638793,-2.2759130658436213
plasma,9902,samh,boxes,0,0,0.9513592906019862,0.38866396761133604,-0.053176440329218144
plasma,2015,samh,boxes,0,0,0.498105439672362,0.21414021946251396,-23.797582304526745
plasma,2424,samh,boxes,0,0,0.6914280303030303,0.2613770210943356,-10.268389917695472
plasma,2174,samh,boxes,0,0,0.9701905663483701,0.579499596448749,-0.2782921810699591
plasma,1844,samh,boxes,0,0,0.8848044802983236,0.2741204690831556,-1.5566486625514395
plasma,208,samh,boxes,0,0,0.8595292751057887,0.5828975699784682,-2.251478909465021
plasma,1745,samh,boxes,0,0,0.8312159133476823,0.42698852394143255,-2.7062757201646095
plasma,9353,samh,boxes,0,0,0.6508154035905167,0.3113862881304742,-3.1882716049382713
plasma,9601,samh,boxes,0,0,0.7584451043951422,0.22852668353210456,-4.063400205761317
plasma,9407,samh,boxes,0,0,0.8826825257199679,0.425629290617849,-1.4814814814814823
plasma,2047,samh,boxes,0,0,0.5859950812068583,0.24210625827188503,-13.606481481481481
plasma,110,samh,boxes,0,0,0.9124350748548732,0.3671684296175753,-1.1018518518518525
plasma,206,samh,boxes,0,0,0.9321461682439169,0.5624193250968099,-0.7169495884773669
plasma,9398,samh,boxes,0,0,0.6255898892689431,0.14745250431778928,-4.138245884773663
plasma,1762,samh,boxes,0,0,0.7787269008199444,0.39092777451556077,-3.8197659465020575
plasma,9782,samh,boxes,0,0,0.4635165572901211,0.13562600752283718,-13.277777777777777
plasma,2221,samh,boxes,0,0,0.904315853459651,0.27983870967741936,-1.9980066872427995
plasma,9912,samh,boxes,0,0,0.9626644524219131,0.3137378182961333,-0.63747427983539
plasma,506,samh,boxes,0,0,0.9400575545441557,0.27123428278162687,-1.162808641975309
plasma,1694,samh,boxes,0,0,0.8002099170599443,0.24559222423146473,-6.74588477366255
plasma,304,samh,boxes,0,0,0.797263211950037,0.3596229018165095,-1.6356738683127579
plasma,2200,samh,boxes,0,0,0.8467086416110926,0.5151751986453041,-3.6082175925925912
plasma,305,samh,boxes,0,0,0.7693756758080498,0.32644237265234427,-3.7775848765432105
plasma,1957,samh,boxes,0,0,0.8270155412064953,0.3230467356403853,-2.586998456790124
plasma,2378,samh,boxes,0,0,0.7200198023646353,0.2806647940074906,-7.0771604938271615
plasma,2192,samh,boxes,0,0,0.7410972207362538,0.23515415881828095,-6.727366255144035
plasma,1738,samh,boxes,0,0,0.9263524143156636,0.6489001692047377,-1.134966563786008
plasma,9910,samh,boxes,0,0,0.763824622898166,0.41626717801214447,-3.9158950617283956
plasma,1992,samh,boxes,0,0,0.8141382974424315,0.2656858924395947,-4.401170267489711
plasma,9367,samh,boxes,0,0,0.8236617907088892,0.1265031265031265,-1.1381172839506175
plasma,1837,samh,boxes,0,0,0.8758226764772631,0.44768985661178967,-2.3047196502057608
plasma,1970,samh,boxes,0,0,0.6802299302115897,0.3864568325390668,-8.579153806584362
plasma,9830,samh,boxes,0,0,0.9624241213059879,0.45241199478487615,-0.327096193415638
plasma,9590,samh,boxes,0,0,0.8657335460834403,0.38065143412736996,-1.3814943415637868
plasma,2060,samh,boxes,0,0,0.7455921494202329,0.30284824210057854,-3.3687628600823043
plasma,1944,samh,boxes,0,0,0.8407874135797764,0.0775588048315321,-1.7435056584362139
plasma,1693,samh,boxes,0,0,0.726583736466252,0.5449466734382935,-1.4450874485596708
plasma,2139,samh,boxes,0,0,0.6139500992303242,0.25949480472948766,-13.253215020576132
plasma,2315,samh,boxes,0,0,0.7861029068863672,0.4085941381023348,-5.649434156378602
plasma,2355,samh,boxes,0,0,0.6484777491926214,0.24659345129143787,-9.610403806584362
plasma,1959,samh,boxes,0,0,0.9679455162466333,0.42644828632089776,-0.2132844650205759
plasma,9281,samh,boxes,0,0,0.4566982304393571,0.11341925701288855,-24.44939557613169
plasma,9801,samh,boxes,0,0,0.6655022008404117,0.15300910504108373,-4.076131687242799
plasma,9719,samh,boxes,0,0,0.8169738597254055,0.28367473618870265,-1.231674382716049
plasma,9706,samh,boxes,0,0,0.8761460800671168,0.2645056246299586,-2.4039994855967084
plasma,1871,samh,boxes,0,0,0.9675253160238979,0.4706415778734981,-0.31532921810699666
plasma,9686,samh,boxes,0,0,0.6913070715259608,0.36179981634527086,-3.688143004115226
plasma,9605,samh,boxes,0,0,0.9298257639107845,0.2066590126291619,0.09677211934156389
plasma,9286,samh,boxes,0,0,0.8222884859703734,0.29318132931813295,-2.6026877572016467
plasma,407,samh,boxes,0,0,0.9149023748590654,0.4373961218836565,-0.8812371399176955
plasma,9692,samh,boxes,0,0,0.8425649937279183,0.2959462297836589,-1.07201646090535
plasma,2073,samh,boxes,0,0,0.6892109833049638,0.24,-3.1951517489711936
plasma,1709,samh,boxes,0,0,0.8866392661424827,0.3610972568578554,-0.3539094650205771
plasma,2216,samh,boxes,0,0,0.9294193538438605,0.5601012231126107,-1.3646476337448574
plasma,2145,samh,boxes,0,0,0.49849310470831754,0.1834378920953576,-26.738490226337454
plasma,9343,samh,boxes,0,0,0.9749817667469667,0.4387617765814266,-0.14454732510288046
plasma,2318,samh,boxes,0,0,0.6255490121008505,0.39476987447698747,-10.854166666666668
plasma,207,samh,boxes,0,0,0.9015058602214988,0.5279458882164472,-1.3041409465020581
plasma,1838,samh,boxes,0,0,0.6185640542390882,0.11193644898380274,-9.386252572016463
plasma,9511,samh,boxes,0,0,0.7956018931572731,0.46559633027522934,-1.2284593621399171
plasma,1766,samh,boxes,0,0,0.9653915833078109,0.5336254107338445,-0.003665123456790542
plasma,9820,samh,boxes,0,0,0.8686289993192648,0.3923731484399622,-1.3598894032921818
plasma,409,samh,boxes,0,0,0.9777689401471465,0.705244122965642,-0.07008744855967058
plasma,2052,samh,boxes,0,0,0.8053696891283427,0.4366957903097697,-2.6825488683127565
plasma,1839,samh,boxes,0,0,0.7788554842263608,0.30549099360836723,-3.0597350823045266
plasma,1704,samh,boxes,0,0,0.9681884993986904,0.43683083511777304,-0.1880787037037035
plasma,9442,samh,boxes,0,0,0.7617309183170061,0.375814332247557,-2.1248713991769543
plasma,1847,samh,boxes,0,0,0.8271635464500177,0.39633425305478914,-1.8058127572016462
plasma,2105,samh,boxes,0,0,0.5180852343133205,0.1948185011709602,-23.214248971193417
plasma,1948,samh,boxes,0,0,0.43202867910653553,0.24370356948722594,-19.669495884773664
plasma,9581,samh,boxes,0,0,0.8105524079320113,0.4228428213390619,-1.5808899176954736
plasma,1812,samh,boxes,0,0,0.8446008752232446,0.19814713896457767,-3.62795781893004
plasma,9528,samh,boxes,0,0,0.8484769591252278,0.26695001011940905,-1.6810699588477362
plasma,9342,samh,boxes,0,0,0.9723612771824637,0.47576243980738364,-0.2029963991769551
plasma,2299,samh,boxes,0,0,0.8806708854247055,0.5355016032982135,-1.4335133744855968
plasma,9321,samh,boxes,0,0,0.7493089805430599,0.26605826605826605,-1.1710390946502058
plasma,518,samh,boxes,0,0,0.9261989239760368,0.4683745583038869,-1.4591049382716048
plasma,9276,samh,boxes,0,0,0.9547773639409157,0.1696685878962536,-0.41891718106995823
plasma,1770,samh,boxes,0,0,0.6321317959625359,0.23080886141164347,-4.3503086419753085
plasma,2178,samh,boxes,0,0,0.8641817919572692,0.2800079888156581,-1.456725823045267
plasma,1705,samh,boxes,0,0,0.956368754398311,0.18713711478338543,-0.70434670781893
plasma,1888,samh,boxes,0,0,0.7917560844754427,0.28343949044585987,-3.0275205761316872
plasma,2380,samh,boxes,0,0,0.6969596651912522,0.4355011476664116,-4.639467592592593
plasma,1815,samh,boxes,0,0,0.82013857538226,0.490994645464871,-2.797775205761316
plasma,2063,samh,boxes,0,0,0.5778577265210808,0.2701812191103789,-13.446373456790123
plasma,417,samh,boxes,0,0,0.9776964188023398,0.7947955390334572,-0.01478909465020585
plasma,9710,samh,boxes,0,0,0.8397833271408178,0.34253711904141704,-3.458526234567902
plasma,2013,samh,boxes,0,0,0.6771717448832039,0.29949990739025745,-10.807163065843623
plasma,9832,samh,boxes,0,0,0.8851605502057205,0.3091063829787234,-1.9331918724279835
plasma,1853,samh,boxes,0,0,0.6052740293697286,0.33664021164021163,-9.747363683127572
plasma,2351,samh,boxes,0,0,0.7643561741141783,0.2582204112574623,-8.297260802469136
plasma,9798,samh,boxes,0,0,0.7878285229827859,0.3921042030347791,-4.299511316872429
plasma,2086,samh,boxes,0,0,0.9047840431913617,0.42738425009893155,-2.188914609053498
plasma,1739,samh,boxes,0,0,0.9757410611876869,0.6765334147085749,-0.07761059670781945
plasma,9727,samh,boxes,0,0,0.9218116356961886,0.372999844648128,-1.1760545267489708
plasma,9789,samh,boxes,0,0,0.7500133486001768,0.25273498548783213,-2.6010159465020575
plasma,9757,samh,boxes,0,0,0.9146127440406284,0.30718232044198895,-1.4883616255144048
plasma,1981,samh,boxes,0,0,0.7960897424195403,0.4811430793157076,-2.7088477366255144
plasma,403,samh,boxes,0,0,0.7612087797773848,0.58266309204647,-0.5835905349794239
plasma,1898,samh,boxes,0,0,0.6110770363101079,0.16860658463584968,-15.400977366255145
plasma,507,samh,boxes,0,0,0.8428816357632716,0.45419690538135016,-3.0774176954732515
plasma,9629,samh,boxes,0,0,0.8534442874273359,0.39191919191919194,-2.8708204732510287
plasma,9397,samh,boxes,0,0,0.7028765826691724,0.41595153962645126,-2.6111111111111107
plasma,2025,samh,boxes,0,0,0.7063892900692721,0.22491700479527849,-7.365226337448559
plasma,9889,samh,boxes,0,0,0.9520340357717099,0.2583212735166425,-0.20106738683127595
plasma,1963,samh,boxes,0,0,0.7984623696647146,0.4139921722113503,-5.978587962962964
plasma,1742,samh,boxes,0,0,0.8245557792510333,0.3936253728999843,-2.1831918724279835
plasma,1716,samh,boxes,0,0,0.976738506172474,0.4677716390423573,-0.27752057613168735
plasma,1994,samh,boxes,0,0,0.620671177978637,0.12015297047314123,-15.178755144032923
plasma,2046,samh,boxes,0,0,0.9254305787373223,0.41568222090962786,-1.9175025720164607
plasma,2122,samh,boxes,0,0,0.8539451983449553,0.3481002425222312,-2.735082304526748
plasma,9875,samh,boxes,0,0,0.77277734401721,0.24238261738261738,-5.958011831275721
plasma,9694,samh,boxes,0,0,0.7644789201204729,0.2970434782608696,-5.031121399176955
plasma,9402,samh,boxes,0,0,0.6012763065371727,0.26020351112602036,-8.00366512345679
plasma,2359,samh,boxes,0,0,0.6376095884469624,0.24523985239852397,-14.033307613168727
plasma,9726,samh,boxes,0,0,0.6540507200386166,0.18558976056493434,-7.253022119341564
plasma,513,samh,boxes,0,0,0.8595054579286339,0.38571428571428573,-3.1815200617283947
plasma,1984,samh,boxes,0,0,0.9668064547081101,0.501336183858899,-0.1547710905349789
plasma,9292,samh,boxes,0,0,0.5893399919489869,0.28056256761630005,-8.953189300411522
plasma,9396,samh,boxes,0,0,0.8053955224591242,0.43301574956251215,-2.5583847736625516
plasma,2301,samh,boxes,0,0,0.8520888967358919,0.4028969359331476,-3.5510545267489704
plasma,512,samh,boxes,0,0,0.9032613250222509,0.25789209954902287,-1.6592721193415636
plasma,1816,samh,boxes,0,0,0.6303273745842167,0.25682331212805254,-8.762988683127572
plasma,9775,samh,boxes,0,0,0.6551137347619513,0.20439541348158444,-11.477494855967079
plasma,2423,samh,boxes,0,0,0.5253937568642065,0.25494414563508483,-16.196823559670783
plasma,9421,samh,boxes,0,0,0.8087737517434964,0.18640170799802924,-2.383809156378601
plasma,9504,samh,boxes,0,0,0.7897991711826586,0.1489766777724893,-3.8046553497942392
plasma,2188,samh,boxes,0,0,0.7769685011494036,0.4097771387491014,-2.8058770576131686
plasma,2435,samh,boxes,0,0,0.6722518315181547,0.3447109165091054,-10.349472736625515
plasma,9300,samh,boxes,0,0,0.9677768700245093,0.31732418524871353,-0.21296296296296272
plasma,102,samh,boxes,0,0,0.8139220681097332,0.4924557752341311,-4.459683641975308
plasma,9714,samh,boxes,0,0,0.5032873683598068,0.07414581234988765,-13.934477880658436
plasma,1774,samh,boxes,0,0,0.8724449344077428,0.4460577900392043,-2.311406893004116
plasma,9841,samh,boxes,0,0,0.9603543618101794,0.29440852034994297,-0.41319444444444453
plasma,203,samh,boxes,0,0,0.9069234355573974,0.6170111665478736,-0.8865740740740744
plasma,9838,samh,boxes,0,0,0.9619698336985948,0.2833378052052589,-0.3915252057613172
plasma,104,samh,boxes,0,0,0.980518272907472,0.68422247446084,-0.26819701646090544
plasma,9859,samh,boxes,0,0,0.897418283657844,0.28438195991091314,-1.935378086419752
plasma,1967,samh,boxes,0,0,0.9345589400944414,0.43605327815854134,-1.486175411522632
plasma,9805,samh,boxes,0,0,0.7964642430128075,0.16340992054971012,-1.3155221193415638
plasma,2295,samh,boxes,0,0,0.5304957857086441,0.18472340704770654,-20.786779835390945
plasma,2033,samh,boxes,0,0,0.8727588850957007,0.3806595132164355,-3.240483539094649
plasma,2404,samh,boxes,0,0,0.9703418230563002,0.39171785218941946,-0.14660493827160503
plasma,2258,samh,boxes,0,0,0.5092357109668035,0.2730784871899146,-13.84227109053498
plasma,1719,samh,boxes,0,0,0.7896805740776021,0.3681997706714231,-3.9227109053497937
plasma,115,samh,boxes,0,0,0.9660527084319392,0.41763005780346824,-0.4227109053497949
plasma,1747,samh,boxes,0,0,0.74364972959672,0.3154996066089693,-8.600244341563783
plasma,1808,samh,boxes,0,0,0.967477195995558,0.43183560803557736,-0.6384387860082302
plasma,1863,samh,boxes,0,0,0.8229147101511142,0.39653654241267977,-3.0345293209876543
plasma,2384,samh,boxes,0,0,0.7935391470401019,0.30056141311789675,-3.755658436213992
plasma,2276,samh,boxes,0,0,0.5875613276253101,0.12459400938289426,-11.41351594650206
plasma,9626,samh,boxes,0,0,0.7956722480217462,0.271096214511041,-2.6667309670781894
plasma,1855,samh,boxes,0,0,0.8648856206571881,0.45942475603492555,-1.4406507201646088
plasma,9317,samh,boxes,0,0,0.8431378445512339,0.5459309494451294,-1.583397633744856
plasma,2189,samh,boxes,0,0,0.592809386879379,0.3664832416208104,-11.081661522633745
plasma,2335,samh,boxes,0,0,0.7771596099316871,0.4019900497512438,-4.690072016460904
plasma,1972,samh,boxes,0,0,0.9750374500150626,0.573766364551863,-0.3409850823045263
plasma,9630,samh,boxes,0,0,0.657276267683993,0.20799883228725732,-10.66409465020576
plasma,9373,samh,boxes,0,0,0.7153043802637054,0.3637402088772846,-3.6639017489711927
plasma,2110,samh,boxes,0,0,0.7802121425488905,0.3534861043393467,-3.045203189300412
plasma,2159,samh,boxes,0,0,0.8364381022688897,0.40257270693512304,-5.0214763374485605
plasma,9453,samh,boxes,0,0,0.7851621343058749,0.36777178103315344,-2.190072016460905
plasma,9845,samh,boxes,0,0,0.965192585675361,0.5568263045032166,-0.15747170781892986
plasma,1776,samh,boxes,0,0,0.7256343241587154,0.26009897571642304,-6.138953189300413
plasma,2339,samh,boxes,0,0,0.7524365904970375,0.3139501846765792,-6.484117798353909
plasma,2386,samh,boxes,0,0,0.7165873874694039,0.2671491504090623,-7.551633230452675
plasma,1854,samh,boxes,0,0,0.8199856618932225,0.5071865661021773,-3.3886316872427975
plasma,9464,samh,boxes,0,0,0.968513480298677,0.0899149453219927,-0.23887602880658457
plasma,1715,samh,boxes,0,0,0.6894932458411299,0.3782443553492298,-7.643518518518517
plasma,2392,samh,boxes,0,0,0.8485287835441235,0.3459949506541198,-3.382394547325103
plasma,9773,samh,boxes,0,0,0.6408039279665626,0.12010514865844815,-11.829989711934157
plasma,2026,samh,boxes,0,0,0.8422284662043409,0.38166469194312796,-2.264467592592592
plasma,9600,samh,boxes,0,0,0.8490911004130166,0.21651612903225806,-1.4618055555555558
plasma,113,samh,boxes,0,0,0.9771568483103484,0.6088939566704675,-0.2611239711934159
plasma,1954,samh,boxes,0,0,0.8863485201197207,0.566851361117803,-1.2214506172839499
plasma,1870,samh,boxes,0,0,0.7352027629743144,0.32705567562004734,-7.2452417695473255
plasma,9347,samh,boxes,0,0,0.9710732859518488,0.33613445378151263,-0.15425668724279828
plasma,2227,samh,points,1,0,0.34814597250271867,0.05934593459345935,34.28729423868313
plasma,516,samh,points,1,0,0.6576483237220213,0.06014016018306636,4.965727880658435
plasma,2078,samh,points,1,0,0.344999477611704,0.056458403502862915,53.05516975308642
plasma,2160,samh,points,1,0,0.6623782805134646,0.16850175352744473,9.875900205761317
plasma,9774,samh,points,1,0,0.4780890005659708,0.09424360266935522,29.90187757201646
plasma,9786,samh,points,1,0,0.5685308317012013,0.28532608695652173,-2.217785493827161
plasma,2087,samh,points,1,0,0.6558143805311413,0.1441823407221922,26.565393518518515
plasma,2394,samh,points,1,0,0.7070261115031757,0.21296895213454076,-2.467721193415637
plasma,2071,samh,points,1,0,0.28577063748753134,0.07028766687857597,60.549511316872426
plasma,2082,samh,points,1,0,0.47753963375505765,0.0601427584618927,22.90297067901235
plasma,9339,samh,points,1,0,0.9639471950975058,0.5049614112458655,-0.06102109053497933
plasma,9625,samh,points,1,0,0.4097603770919608,0.07894643678974758,21.046489197530864
plasma,2142,samh,points,1,0,0.7201969116888304,0.11281289290204595,10.880722736625515
plasma,9357,samh,points,1,0,0.16473460051381408,0.0328677976016379,30.94412294238683
plasma,9871,samh,points,1,0,0.41927931073434727,0.041513971598717364,11.884773662551442
plasma,9387,samh,points,1,0,0.9596951208973539,0.25,-0.2867798353909462
plasma,9886,samh,points,1,0,0.5914649948170002,0.10904145718288964,20.44470164609054
plasma,2186,samh,points,1,0,0.5121014603788263,0.19660265016636508,26.09130658436214
plasma,1993,samh,points,1,0,0.7272891700619584,0.24391936836625502,19.9158950617284
plasma,9512,samh,points,1,0,0.6906044637220363,0.19095022624434388,5.567451131687243
plasma,2439,samh,points,1,0,0.7251644591004444,0.18482509443258335,8.847543724279832
plasma,2184,samh,points,1,0,0.6960030368774464,0.2024087024087024,6.030671296296298
plasma,9902,samh,points,1,0,0.9187923902850372,0.2446085672082718,-0.5765817901234566
plasma,2015,samh,points,1,0,0.6697367724962756,0.14899186810738554,26.798675411522638
plasma,2424,samh,points,1,0,0.4727008515898006,0.09980126861405277,47.287101337448554
plasma,2174,samh,points,1,0,0.645085514551053,0.2006408931155675,5.454153806584363
plasma,1844,samh,points,1,0,0.32113978294997486,0.039334341906202726,42.58031121399177
plasma,208,samh,points,1,0,0.3628290825569441,0.11146536247136755,31.69746656378601
plasma,1745,samh,points,1,0,0.45177650743811343,0.09747292418772563,27.497942386831276
plasma,9353,samh,points,1,0,0.5925824669952157,0.0,-3.634837962962963
plasma,9601,samh,points,1,0,0.4008841003186822,0.057319032524208606,34.3315329218107
plasma,9407,samh,points,1,0,0.8159382847645029,0.4274174388215728,-0.6952160493827159
plasma,2047,samh,points,1,0,0.5489259150356768,0.08257590408044865,21.408757716049383
plasma,110,samh,points,1,0,0.3623605644602793,0.1277258566978193,23.502764917695472
plasma,206,samh,points,1,0,0.44115214553099935,0.19025935458325083,18.710326646090536
plasma,9398,samh,points,1,0,0.9285477409004131,0.11805265357292102,-0.8813014403292185
plasma,1762,samh,points,1,0,0.5440068304241674,0.14780479272345637,18.006494341563783
plasma,9782,samh,points,1,0,0.3706433873245785,0.05948419301164726,3.081661522633744
plasma,2221,samh,points,1,0,0.9054554457010119,0.22344559585492227,0.7314814814814816
plasma,9912,samh,points,1,0,0.7148947805845083,0.08048162230671736,9.241769547325104
plasma,506,samh,points,1,0,0.8849718055954527,0.27733168622606547,2.0607638888888893
plasma,1694,samh,points,1,0,0.6011642623118867,0.11202172542553708,24.67296810699589
plasma,304,samh,points,1,0,0.5633198925771424,0.1271186440677966,6.466177983539096
plasma,2200,samh,points,1,0,0.40786096404911715,0.08750926063120462,41.13773148148148
plasma,305,samh,points,1,0,0.3935410889393087,0.1177762817560146,28.89229681069959
plasma,1957,samh,points,1,0,0.476061283115225,0.10985519088474284,21.35159465020576
plasma,2378,samh,points,1,0,0.4434712405167321,0.06240866806857469,41.849987139917694
plasma,2192,samh,points,1,0,0.6090000199656591,0.057496781068241354,13.549639917695474
plasma,1738,samh,points,1,0,0.5209779206496912,0.1506117283082548,17.945730452674898
plasma,9910,samh,points,1,0,0.2643669458277668,0.04505497611577489,57.528613683127574
plasma,1992,samh,points,1,0,0.4477169808357041,0.11746289424860853,38.139981995884774
plasma,9367,samh,points,1,0,0.4991498843631525,0.0,-3.0495756172839505
plasma,1837,samh,points,1,0,0.402338576432826,0.08035902533056233,37.34162808641975
plasma,1970,samh,points,1,0,0.7689846145841125,0.25268460824605593,3.794495884773663
plasma,9830,samh,points,1,0,0.9419359823079783,0.4177293934681182,0.11940586419753041
plasma,9590,samh,points,1,0,0.6170226518200782,0.16222336592897582,8.132973251028806
plasma,2060,samh,points,1,0,0.7516652178168232,0.20180061484409312,5.0781893004115215
plasma,1944,samh,points,1,0,0.4572114475916021,0.05760517799352751,13.486304012345679
plasma,1693,samh,points,1,0,0.5690756742602776,0.04436363636363636,-2.1163837448559675
plasma,2139,samh,points,1,0,0.7913673362706295,0.24306864064602962,3.2884516460905315
plasma,2315,samh,points,1,0,0.6233358643381423,0.11655218258364725,15.319701646090532
plasma,2355,samh,points,1,0,0.6677664642972017,0.11907345379063075,12.198945473251028
plasma,1959,samh,points,1,0,0.7687988263606339,0.0827716365597196,3.8065843621399185
plasma,9281,samh,points,1,0,0.6230570450839862,0.0829169707516982,27.417631172839503
plasma,9801,samh,points,1,0,0.6259308548291191,0.09182613855511051,-3.335133744855968
plasma,9719,samh,points,1,0,0.43919341153996616,0.09585606842648577,2.6995241769547333
plasma,9706,samh,points,1,0,0.33625512977825267,0.04470988942457605,42.92232510288066
plasma,1871,samh,points,1,0,0.228695184681536,0.021295105529919055,45.45402520576131
plasma,9686,samh,points,1,0,0.31269397962595785,0.048183885440354006,36.963863168724274
plasma,9605,samh,points,1,0,0.6805104750663913,0.1014832162373146,-1.1071244855967077
plasma,9286,samh,points,1,0,0.44109011073953397,0.0600672442777706,6.626671810699588
plasma,407,samh,points,1,0,0.15314705013194435,0.03512470227502943,62.75527263374485
plasma,9692,samh,points,1,0,0.43167598810234875,0.07794864025452618,9.068672839506172
plasma,2073,samh,points,1,0,0.7166520002853999,0.11464519375943634,7.8454861111111125
plasma,1709,samh,points,1,0,0.5589184237081098,0.14992523242962097,16.799382716049383
plasma,2216,samh,points,1,0,0.25929412836583543,0.0217068847002641,75.24369855967078
plasma,2145,samh,points,1,0,0.6144170936609114,0.11315136476426799,-1.4035493827160517
plasma,9343,samh,points,1,0,0.6382897499522809,0.04559748427672956,-1.5840406378600822
plasma,2318,samh,points,1,0,0.5696073801634594,0.16004471090336347,24.88117283950617
plasma,207,samh,points,1,0,0.4126856554356277,0.1602397496419668,16.591885288065843
plasma,1838,samh,points,1,0,0.41040257209181075,0.050681848272209715,43.61040380658436
plasma,9511,samh,points,1,0,0.6199061154336617,0.27011817670230726,5.1211419753086425
plasma,1766,samh,points,1,0,0.23522317374054558,0.05501882342268789,40.07143775720164
plasma,9820,samh,points,1,0,0.9111163847789775,0.23866530820173204,0.9223251028806584
plasma,409,samh,points,1,0,0.9772171040850031,0.6959276018099547,-0.07220936213991752
plasma,2052,samh,points,1,0,0.5146804427345929,0.11500791240751038,20.827932098765434
plasma,1839,samh,points,1,0,0.730886321638904,0.11942979009989897,5.949395576131687
plasma,1704,samh,points,1,0,0.7544507620680542,0.27752956636005255,2.0819830246913584
plasma,9442,samh,points,1,0,0.80384504675775,0.21960072595281308,-1.6428112139917697
plasma,1847,samh,points,1,0,0.32525486570304,0.0897273303741281,21.62789351851852
plasma,2105,samh,points,1,0,0.635439871504115,0.13843512158901058,-14.87995113168724
plasma,1948,samh,points,1,0,0.6382333340621025,0.16868548052031065,24.762667181069954
plasma,9581,samh,points,1,0,0.3681924720805184,0.043520702839014075,6.49241255144033
plasma,1812,samh,points,1,0,0.5555922040982567,0.07791627075065675,19.897440843621403
plasma,9528,samh,points,1,0,0.9478458937860187,0.24290083005679336,0.24061213991769526
plasma,9342,samh,points,1,0,0.9130778733826047,0.30676328502415456,0.4248971193415635
plasma,2299,samh,points,1,0,0.3760354269916251,0.14679625629949605,22.630015432098766
plasma,9321,samh,points,1,0,0.4532149286866972,0.010025062656641603,-3.7690972222222223
plasma,518,samh,points,1,0,0.7311726204558,0.18817598533455546,5.205761316872428
plasma,9276,samh,points,1,0,0.581285289716257,0.06975389544196883,5.304591049382716
plasma,1770,samh,points,1,0,0.3978888555230997,0.06911377783481999,17.19502314814815
plasma,2178,samh,points,1,0,0.4326506311929528,0.07798403886190146,18.636316872427987
plasma,1705,samh,points,1,0,0.6077858036993138,0.09709401709401709,9.91917438271605
plasma,1888,samh,points,1,0,0.2802116319396162,0.034907102067079546,61.42560442386832
plasma,2380,samh,points,1,0,0.5534543945508142,0.18270765387551177,15.575231481481477
plasma,1815,samh,points,1,0,0.8511674328574885,0.36967241986615007,-2.169110082304526
plasma,2063,samh,points,1,0,0.5059550164146107,0.09929520920688732,40.19200102880659
plasma,417,samh,points,1,0,0.6425648021828103,0.08915441176470588,-0.8083847736625516
plasma,9710,samh,points,1,0,0.6314259740795446,0.09099901088031652,14.053948045267486
plasma,2013,samh,points,1,0,0.5969746658045201,0.11083619019227903,26.145769032921805
plasma,9832,samh,points,1,0,0.9776410337323893,0.45491285678201565,0.14030349794238728
plasma,1853,samh,points,1,0,0.45035183069780466,0.07354138398914518,40.50861625514403
plasma,2351,samh,points,1,0,0.7386420761838061,0.18588387400094028,-3.010095164609053
plasma,9798,samh,points,1,0,0.39706522181426634,0.06962347100517391,36.39551183127572
plasma,2086,samh,points,1,0,0.46384693994631915,0.0634646678830317,32.04906121399177
plasma,1739,samh,points,1,0,0.8866125395237888,0.3998159650333563,0.5749099794238682
plasma,9727,samh,points,1,0,0.3540719785751846,0.09180616740088106,29.752121913580243
plasma,9789,samh,points,1,0,0.23248573144245716,0.025761936132589022,43.84882973251029
plasma,9757,samh,points,1,0,0.4822989320797853,0.09778692743180649,26.960969650205758
plasma,1981,samh,points,1,0,0.33298894419193603,0.10130045347224825,32.3062628600823
plasma,403,samh,points,1,0,0.517429024534345,0.13614457831325302,-0.9882330246913582
plasma,1898,samh,points,1,0,0.7773082577603279,0.12134720158494304,-3.06076388888889
plasma,507,samh,points,1,0,0.5086369976339313,0.10755298291476052,22.217592592592588
plasma,9629,samh,points,1,0,0.4905982269879118,0.11573641204927029,21.62564300411523
plasma,9397,samh,points,1,0,0.2747047113272272,0.047491486946651534,31.069508744855966
plasma,2025,samh,points,1,0,0.40841725076416563,0.03482158248577832,53.475951646090536
plasma,9889,samh,points,1,0,0.6892306594347702,0.10503842869342442,-1.1161265432098766
plasma,1963,samh,points,1,0,0.49224013500351177,0.07848367584626367,37.75520833333333
plasma,1742,samh,points,1,0,0.6648196100043031,0.21018034721051745,8.326067386831275
plasma,1716,samh,points,1,0,0.40564090012958093,0.10931309636739021,25.170074588477366
plasma,1994,samh,points,1,0,0.5761982617674899,0.08740338760072357,38.89300411522634
plasma,2046,samh,points,1,0,0.6821446349712449,0.16836370711459886,11.557420267489709
plasma,2122,samh,points,1,0,0.5222396360255204,0.03047153024911032,19.023791152263374
plasma,9875,samh,points,1,0,0.8196034423337787,0.17482572256599044,4.656571502057613
plasma,9694,samh,points,1,0,0.3857166815742397,0.052672986900594,41.649819958847736
plasma,9402,samh,points,1,0,0.37024200529321866,0.05660061587896639,47.76523919753087
plasma,2359,samh,points,1,0,0.579328548281319,0.11664440443695917,38.17509002057613
plasma,9726,samh,points,1,0,0.47065437807795885,0.07963229593531952,31.09722222222222
plasma,513,samh,points,1,0,0.7710306801828455,0.24507757916704473,7.216499485596708
plasma,1984,samh,points,1,0,0.3408923426040371,0.1004285110748989,21.43531378600823
plasma,9292,samh,points,1,0,0.401446310651737,0.08717580972869607,40.670396090534986
plasma,9396,samh,points,1,0,0.8257892856005576,0.33872611464968155,2.1100180041152257
plasma,2301,samh,points,1,0,0.8187217417939229,0.24990373507893723,0.6919367283950623
plasma,512,samh,points,1,0,0.8823184057727372,0.20832622419382357,2.17894804526749
plasma,1816,samh,points,1,0,0.5843373257180593,0.1567039006459441,13.866319444444445
plasma,9775,samh,points,1,0,0.9050333743948206,0.17913864644441266,3.7435699588477367
plasma,2423,samh,points,1,0,0.5757057501667817,0.08055495221546481,35.816229423868315
plasma,9421,samh,points,1,0,0.4415219387837308,0.04763961473675118,18.734760802469136
plasma,9504,samh,points,1,0,0.4554186168386432,0.06621636585095782,20.739711934156375
plasma,2188,samh,points,1,0,0.46601354233812997,0.08179190751445087,17.78697273662552
plasma,2435,samh,points,1,0,0.787608621659732,0.3328217496163122,-5.7878086419753085
plasma,9300,samh,points,1,0,0.8876914408646213,0.01920815366522932,-0.7049254115226337
plasma,102,samh,points,1,0,0.5539891725532577,0.17908466104342394,21.841435185185183
plasma,9714,samh,points,1,0,0.39494871118694297,0.0381246780010304,66.19463734567901
plasma,1774,samh,points,1,0,0.45649373711244573,0.12098311546840959,25.853909465020575
plasma,9841,samh,points,1,0,0.9622460163561252,0.2649637819290888,-0.3685056584362141
plasma,203,samh,points,1,0,0.3284376626100981,0.0677234560150671,12.78542952674897
plasma,9838,samh,points,1,0,0.8630025881237925,0.20443458980044346,1.250643004115226
plasma,104,samh,points,1,0,0.504091455798141,0.17056880733944954,13.302147633744854
plasma,9859,samh,points,1,0,0.7208348616254718,0.07411328745367919,2.1167052469135808
plasma,1967,samh,points,1,0,0.3963091603696789,0.10242508846540921,38.62197788065844
plasma,9805,samh,points,1,0,0.26898941125284603,0.025783816895918025,34.54848251028807
plasma,2295,samh,points,1,0,0.5537968194256864,0.05117416829745597,42.744341563786016
plasma,2033,samh,points,1,0,0.5176656603836203,0.1368911864578582,24.678305041152264
plasma,2404,samh,points,1,0,0.59342802433698,0.09205933682373472,14.697659465020575
plasma,2258,samh,points,1,0,0.5560755049038034,0.08985659781607683,17.723894032921812
plasma,1719,samh,points,1,0,0.4646206780025498,0.14991334488734837,17.68801440329218
plasma,115,samh,points,1,0,0.30958875867554725,0.07537540070862156,28.599729938271608
plasma,1747,samh,points,1,0,0.7788625705216476,0.2114350550046865,8.81314300411523
plasma,1808,samh,points,1,0,0.3373776814267406,0.03226222322493312,46.16454475308642
plasma,1863,samh,points,1,0,0.7667450837082886,0.20686753071873423,6.289351851851851
plasma,2384,samh,points,1,0,0.7194053944978812,0.15608315347040783,10.238683127572019
plasma,2276,samh,points,1,0,0.3642127209520052,0.01532554367614445,69.74691358024691
plasma,9626,samh,points,1,0,0.7002015584415584,0.12197171264528778,-1.5529192386831272
plasma,1855,samh,points,1,0,0.2587806714362131,0.03318912849641689,37.66338734567901
plasma,9317,samh,points,1,0,0.4443162397288712,0.10032479249368459,14.363168724279838
plasma,2189,samh,points,1,0,0.49218261867743857,0.11283117205435254,30.831147119341562
plasma,2335,samh,points,1,0,0.683461358714612,0.22787712058688675,11.662680041152266
plasma,1972,samh,points,1,0,0.9032141770782871,0.39002743262869133,1.2000385802469136
plasma,9630,samh,points,1,0,0.4372327727749043,0.08731802832089447,48.77160493827161
plasma,9373,samh,points,1,0,0.23099215169283258,0.04953637958399466,26.690329218107
plasma,2110,samh,points,1,0,0.4636758886470281,0.030323914541695383,-6.004436728395063
plasma,2159,samh,points,1,0,0.40487261018425175,0.05845440942221364,54.96707818930042
plasma,9453,samh,points,1,0,0.2280087066495042,0.04796722900057261,47.726015946502066
plasma,9845,samh,points,1,0,0.708322655048693,0.10443037974683544,-1.1696244855967077
plasma,1776,samh,points,1,0,0.3174840155326449,0.06322334400393992,67.98437500000001
plasma,2339,samh,points,1,0,0.8519850036610928,0.3684010272995339,3.4765946502057608
plasma,2386,samh,points,1,0,0.46027275171910415,0.03412329113010858,45.06134259259259
plasma,1854,samh,points,1,0,0.796667700258398,0.32076316732353993,6.011316872427982
plasma,9464,samh,points,1,0,0.5454176029067266,0.036737692872887584,-2.445601851851852
plasma,1715,samh,points,1,0,0.736918654420289,0.34706657877389585,6.706211419753089
plasma,2392,samh,points,1,0,0.38715129515757796,0.055719156850588966,43.91370884773663
plasma,9773,samh,points,1,0,0.39014108524097985,0.050754038122942664,70.07349537037037
plasma,2026,samh,points,1,0,0.46912894859979853,0.07423739600854662,21.407600308641975
plasma,9600,samh,points,1,0,0.6572206248801994,0.33683448026077506,-2.852430555555556
plasma,113,samh,points,1,0,0.6090942225828857,0.20408163265306123,6.647376543209877
plasma,1954,samh,points,1,0,0.9557255692066217,0.5252762755701857,0.41454475308641964
plasma,1870,samh,points,1,0,0.7534554200572262,0.24099955277280857,4.957433127572017
plasma,9347,samh,points,1,0,0.8892731582744523,0.08155407770388519,-0.6100180041152266
osteoclasts,m5_img_1_3_14,samft_b_dec_adapter,none,0,0,0.0,0.0,-2.3908445821005917
osteoclasts,m3_img_9_5_7,samft_b_dec_adapter,none,0,0,0.48548892901263896,0.16905901116427433,2.153493666789941
osteoclasts,m3_img_5_9_10,samft_b_dec_adapter,none,0,0,0.8774442538593482,0.4560383167978105,-0.7035294933431955
osteoclasts,m5_img_7_8_10,samft_b_dec_adapter,none,0,0,0.0,0.0,-4.326345229289941
osteoclasts,m5_img_5_19_10,samft_b_dec_adapter,none,0,0,0.0,0.0,-1.6445543639053255
osteoclasts,m3_img_33_18_11,samft_b_dec_adapter,none,0,0,0.9145968920175322,0.6887052341597796,0.006211862056213022
osteoclasts,m4_img_19_6_14,samft_b_dec_adapter,none,0,0,0.0,0.0,-6.367303069526627
osteoclasts,m2_img_7_8_5,samft_b_dec_adapter,none,0,0,0.8883159263905671,0.3634651600753296,-1.6290969397189352
osteoclasts,m4_img_13_6_8,samft_b_dec_adapter,none,0,0,0.0,0.0,-5.961076183431953
osteoclasts,m1_img_7_15_13,samft_b_dec_adapter,none,0,0,0.0,0.0,-5.602088341346153
osteoclasts,m1_img_7_17_4,samft_b_dec_adapter,none,0,0,0.0,0.0,-0.616274500739645
osteoclasts,m4_img_23_8_3,samft_b_dec_adapter,none,0,0,0.0,0.0,-1.7364321375739646
osteoclasts,m4_img_3_18_20,samft_b_dec_adapter,none,0,0,0.0,0.0,-2.768612472263314
osteoclasts,m2_img_13_7_8,samft_b_dec_adapter,none,0,0,0.6824195024544472,0.2975879104911363,-1.371521357248521
osteoclasts,m3_img_13_10_12,samft_b_dec_adapter,none,0,0,0.5304504701508856,0.14738763404061145,-2.3278591900887573
osteoclasts,m1_img_5_6_12,samft_b_dec_adapter,none,0,0,0.0,0.0,-1.3956464959319526
osteoclasts,m5_img_7_9_8,samft_b_dec_adapter,none,0,0,0.0,0.0,-4.017485669378698
osteoclasts,m3_img_15_10_13,samft_b_dec_adapter,none,0,0,0.8197054342305738,0.3643775478206334,0.034093010355029305
osteoclasts,m3_img_13_9_9,samft_b_dec_adapter,none,0,0,0.14453290258066998,0.0426179604261796,0.7900621764053255
osteoclasts,m2_img_7_19_7,samft_b_dec_adapter,none,0,0,0.7437248995983936,0.3877777777777778,-0.24529632026627224
osteoclasts,m2_img_13_0_8,samft_b_dec_adapter,none,0,0,0.7846585594013097,0.3449367088607595,-0.024847448224851916
osteoclasts,m2_img_3_5_6,samft_b_dec_adapter,none,0,0,0.7474000915691019,0.2331288343558282,-1.067862426035503
osteoclasts,m2_img_21_10_0,samft_b_dec_adapter,none,0,0,0.8962415344052111,0.24893162393162394,-0.5787144045857988
osteoclasts,m3_img_21_17_4,samft_b_dec_adapter,none,0,0,0.0,0.0,0.4042044193786982
osteoclasts,m3_img_21_11_14,samft_b_dec_adapter,none,0,0,0.8667803214807599,0.40497581202487903,0.17653245192307682
osteoclasts,m5_img_1_19_3,samft_b_dec_adapter,none,0,0,0.0,0.0,-0.003471257983893363
osteoclasts,m1_img_9_14_0,samft_b_dec_adapter,none,0,0,0.0,0.0,-0.3105931028106509
osteoclasts,m3_img_3_10_4,samft_b_dec_adapter,none,0,0,0.7143990479968266,0.1424847958297133,-0.08927745931952662
osteoclasts,m2_img_9_19_10,samft_b_dec_adapter,none,0,0,0.5101191330558347,0.21697357886309046,-0.5972055288461539
osteoclasts,m5_img_1_5_17,samft_b_dec_adapter,none,0,0,0.0,0.0,-1.6403649685650885
osteoclasts,m2_img_5_18_12,samft_b_dec_adapter,none,0,0,0.8017700895102082,0.2937273823884198,-0.48510308801775137
osteoclasts,m5_img_3_5_7,samft_b_dec_adapter,none,0,0,0.0,0.0,-1.459498659393491
osteoclasts,m5_img_3_5_13,samft_b_dec_adapter,none,0,0,0.0,0.0,-4.094772790310651
osteoclasts,m4_img_1_18_4,samft_b_dec_adapter,none,0,0,0.0,0.0,-6.921170025887574
osteoclasts,m5_img_5_8_10,samft_b_dec_adapter,none,0,0,0.0,0.0,-4.147356924926036
osteoclasts,m2_img_11_7_8,samft_b_dec_adapter,none,0,0,0.8211014960768979,0.32514358647096364,0.12842663646449698
osteoclasts,m4_img_9_8_2,samft_b_dec_adapter,none,0,0,0.0,0.0,-3.5052237426035506
osteoclasts,m2_img_3_2_11,samft_b_dec_adapter,none,0,0,0.8982611134483243,0.4517164732032601,-0.4189395340236691
osteoclasts,m4_img_15_21_13,samft_b_dec_adapter,none,0,0,0.0,0.0,-6.3281033046376
osteoclasts,m2_img_11_18_4,samft_b_dec_adapter,none,0,0,0.1882750845546787,0.1111111111111111,-0.146484375
osteoclasts,m5_img_3_12_16,samft_b_dec_adapter,none,0,0,0.0,0.0,-2.936910595414201
osteoclasts,m5_img_1_12_0,samft_b_dec_adapter,none,0,0,0.0,0.0,-0.25266387758875736
osteoclasts,m1_img_9_1_4,samft_b_dec_adapter,none,0,0,0.0,0.0,-0.7442677514792899
osteoclasts,m4_img_11_10_18,samft_b_dec_adapter,none,0,0,0.0,0.0,-1.6077165772928992
osteoclasts,m4_img_9_11_9,samft_b_dec_adapter,none,0,0,0.0,0.0,-9.414293639053255
osteoclasts,m1_img_1_5_11,samft_b_dec_adapter,none,0,0,0.0,0.0,-1.0753744452662723
osteoclasts,m2_img_9_19_12,samft_b_dec_adapter,none,0,0,0.8112737920937042,0.16123907863383638,0.7358889607988164
osteoclasts,m3_img_23_4_7,samft_b_dec_adapter,none,0,0,0.8826365150319923,0.5503597122302158,-0.17523229474852073
osteoclasts,m2_img_13_11_7,samft_b_dec_adapter,none,0,0,0.7384310268840899,0.3088993499215423,0.639677329881657
osteoclasts,m5_img_9_15_5,samft_b_dec_adapter,none,0,0,0.0,0.0,-3.608369545118343
osteoclasts,m3_img_15_7_4,samft_b_dec_adapter,none,0,0,0.8365244865718799,0.39408866995073893,-0.2983138406065088
osteoclasts,m4_img_5_16_15,samft_b_dec_adapter,none,0,0,0.0,0.0,-1.1090340698964496
osteoclasts,m5_img_3_14_11,samft_b_dec_adapter,none,0,0,0.0,0.0,-7.389948918269231
osteoclasts,m1_img_11_5_9,samft_b_dec_adapter,none,0,0,0.0,0.0,-1.3091138128698225
osteoclasts,m1_img_5_0_8,samft_b_dec_adapter,none,0,0,0.0,0.0,-0.6697254068047337
osteoclasts,m2_img_3_19_7,samft_b_dec_adapter,none,0,0,0.8936078006500542,0.458723058153721,-0.09057761649408289
osteoclasts,m1_img_13_11_9,samft_b_dec_adapter,none,0,0,0.0,0.0,-3.915206638313609
osteoclasts,m1_img_21_12_1,samft_b_dec_adapter,none,0,0,0.0,0.0,-1.1062892936390532
osteoclasts,m4_img_9_16_9,samft_b_dec_adapter,none,0,0,0.0,0.0,-3.5117245284763317
osteoclasts,m3_img_25_7_13,samft_b_dec_adapter,none,0,0,0.9424624755275179,0.557741116751269,-0.1080575073964498
osteoclasts,m1_img_5_16_5,samft_b_dec_adapter,none,0,0,0.0,0.0,-1.1000774315828403
osteoclasts,m5_img_7_10_12,samft_b_dec_adapter,none,0,0,0.0,0.0,-2.409191244452663
osteoclasts,m3_img_11_4_18,samft_b_dec_adapter,none,0,0,0.2735836882178346,0.06611796982167352,6.192070774778107
osteoclasts,m1_img_11_12_14,samft_b_dec_adapter,none,0,0,0.0,0.0,-3.7812904493343193
osteoclasts,m1_img_3_11_16,samft_b_dec_adapter,none,0,0,0.0,0.0,-0.7532243897928994
osteoclasts,m2_img_13_3_8,samft_b_dec_adapter,none,0,0,0.8132760267430754,0.4578622816032888,-0.19386788091715987
osteoclasts,m4_img_19_12_16,samft_b_dec_adapter,none,0,0,0.0,0.0,-0.20744730029585798
osteoclasts,m3_img_29_14_1,samft_b_dec_adapter,none,0,0,0.9323026887349357,0.6293941660433807,-0.3087150980029582
osteoclasts,m5_img_3_8_13,samft_b_dec_adapter,none,0,0,0.0,0.0,-1.8762712647928992
osteoclasts,m4_img_23_9_20,samft_b_dec_adapter,none,0,0,0.0,0.0,-7.798053809171597
osteoclasts,m1_img_9_7_13,samft_b_dec_adapter,none,0,0,0.0,0.0,-1.2537849019970415
osteoclasts,m3_img_1_4_18,samft_b_dec_adapter,none,0,0,0.11707262319003255,0.059326563335114914,6.260401257396449
osteoclasts,m5_img_1_5_11,samft_b_dec_adapter,none,0,0,0.0,0.0,-3.9828148113905324
osteoclasts,m2_img_17_14_13,samft_b_dec_adapter,none,0,0,0.0,0.0,0.14677329881656806
osteoclasts,m5_img_7_7_2,samft_b_dec_adapter,none,0,0,0.0,0.0,-0.7952628051035504
osteoclasts,m4_img_7_11_17,samft_b_dec_adapter,none,0,0,0.0,0.0,-1.5052930843195267
osteoclasts,m1_img_5_13_12,samft_b_dec_adapter,none,0,0,0.0,0.0,-1.3329500277366864
osteoclasts,m4_img_3_15_20,samft_b_dec_adapter,none,0,0,0.0,0.0,-3.717871671597633
osteoclasts,m4_img_3_5_9,samft_b_dec_adapter,none,0,0,0.0,0.0,-12.270738951553255
osteoclasts,m3_img_1_13_9,samft_b_dec_adapter,none,0,0,0.6246726796624964,0.19089759797724398,-0.3019253883136095
osteoclasts,m2_img_9_12_2,samft_b_dec_adapter,none,0,0,0.8117282640981033,0.27235401459854014,-0.23186136279585817
osteoclasts,m1_img_21_5_18,samft_b_dec_adapter,none,0,0,0.0,0.0,-1.0632396449704142
osteoclasts,m1_img_15_2_6,samft_b_dec_adapter,none,0,0,0.0,0.0,-0.6353434726331362
osteoclasts,m4_img_5_20_6,samft_b_dec_adapter,none,0,0,0.0,0.0,-1.2355827015532543
osteoclasts,m5_img_3_13_14,samft_b_dec_adapter,none,0,0,0.0,0.0,-3.9833926590236683
osteoclasts,m2_img_7_15_12,samft_b_dec_adapter,none,0,0,0.7827567980266635,0.2856682769726248,0.04651673446745552
osteoclasts,m1_img_3_12_12,samft_b_dec_adapter,none,0,0,0.0,0.0,-0.14503975591715976
osteoclasts,m5_img_1_2_9,samft_b_dec_adapter,none,0,0,0.0,0.0,-3.529204419378698
osteoclasts,m4_img_19_17_14,samft_b_dec_adapter,none,0,0,0.0,0.0,-0.6847494452662721
osteoclasts,m1_img_1_12_0,samft_b_dec_adapter,none,0,0,0.0,0.0,-0.5239633413461539
osteoclasts,m2_img_21_7_18,samft_b_dec_adapter,none,0,0,0.4254440313919868,0.31521739130434784,-0.12293708394970415
osteoclasts,m4_img_13_11_14,samft_b_dec_adapter,none,0,0,0.0,0.0,-3.4267809264053253
osteoclasts,m1_img_17_15_13,samft_b_dec_adapter,none,0,0,0.0,0.0,-4.559073363535503
osteoclasts,m2_img_19_8_2,samft_b_dec_adapter,none,0,0,0.9398430389311535,0.5342250196695515,-0.2757777829142008
osteoclasts,m3_img_17_1_10,samft_b_dec_adapter,none,0,0,0.6982631733882838,0.3224101479915433,0.250641410872781
osteoclasts,m5_img_9_11_2,samft_b_dec_adapter,none,0,0,0.0,0.0,-2.3099459134615383
osteoclasts,m3_img_33_6_3,samft_b_dec_adapter,none,0,0,0.4734526254033441,0.22386144964720975,-0.3871579142011833
osteoclasts,m3_img_13_5_6,samft_b_dec_adapter,none,0,0,0.10974000776096236,0.050514081358962896,1.0290021727071008
osteoclasts,m4_img_1_12_7,samft_b_dec_adapter,none,0,0,0.0,0.0,-12.593177930843193
osteoclasts,m3_img_11_3_9,samft_b_dec_adapter,none,0,0,0.9344043688087376,0.6159641255605381,-0.49232618343195284
osteoclasts,m5_img_1_3_14,samft_t_ende_adapter_box,boxes,2,0,0.011831221861585174,0.025362318840579712,-2.0221777921597632
osteoclasts,m3_img_9_5_7,samft_t_ende_adapter_box,boxes,2,0,0.04521072688339056,0.08913934426229508,96.48914224297337
osteoclasts,m3_img_5_9_10,samft_t_ende_adapter_box,boxes,2,0,0.0018487790888233365,0.014598340475973375,48.97518722263313
osteoclasts,m5_img_7_8_10,samft_t_ende_adapter_box,boxes,2,0,0.11012188154637212,0.056028160750953356,-2.5841346153846154
osteoclasts,m5_img_5_19_10,samft_t_ende_adapter_box,boxes,2,0,0.08761345155028592,0.029548332629801603,-0.5355202940088758
osteoclasts,m3_img_33_18_11,samft_t_ende_adapter_box,boxes,2,0,0.0005961602243577633,0.00427723687928687,33.32808455066568
osteoclasts,m4_img_19_6_14,samft_t_ende_adapter_box,boxes,2,0,0.014712581619396311,0.016315078457861374,-4.172493296967455
osteoclasts,m2_img_7_8_5,samft_t_ende_adapter_box,boxes,2,0,0.8636273080080008,0.2874863188617293,-2.270796736316569
osteoclasts,m4_img_13_6_8,samft_t_ende_adapter_box,boxes,2,0,0.0009480626545754328,0.006367736800212258,-4.912860576923077
osteoclasts,m1_img_7_15_13,samft_t_ende_adapter_box,boxes,2,0,0.1060980597890843,0.011813885859687387,94.39791165865384
osteoclasts,m1_img_7_17_4,samft_t_ende_adapter_box,boxes,2,0,0.011748430166658766,0.0371604305484367,99.3263741216716
osteoclasts,m4_img_23_8_3,samft_t_ende_adapter_box,boxes,2,0,9.628345850182938e-05,0.0004757373929590866,-0.47210151627218955
osteoclasts,m4_img_3_18_20,samft_t_ende_adapter_box,boxes,2,0,0.0006711127888930833,0.006300452845048238,-2.093108589127219
osteoclasts,m2_img_13_7_8,samft_t_ende_adapter_box,boxes,2,0,0.686753887493943,0.35903337169159955,-1.95095807137574
osteoclasts,m3_img_13_10_12,samft_t_ende_adapter_box,boxes,2,0,0.0,0.007489300998573466,-3.7525425295857993
osteoclasts,m1_img_5_6_12,samft_t_ende_adapter_box,boxes,2,0,0.027506635872608345,0.05376078914919852,98.60175318971893
osteoclasts,m5_img_7_9_8,samft_t_ende_adapter_box,boxes,2,0,0.20572735230541114,0.09818705993236125,0.05157290125739622
osteoclasts,m3_img_15_10_13,samft_t_ende_adapter_box,boxes,2,0,0.0,0.022317334148578418,-2.4253709781804735
osteoclasts,m3_img_13_9_9,samft_t_ende_adapter_box,boxes,2,0,0.018132411067193675,0.02372003250711093,2.8817261464497044
osteoclasts,m2_img_7_19_7,samft_t_ende_adapter_box,boxes,2,0,0.2860683306779961,0.15134099616858238,-0.5803034855769231
osteoclasts,m2_img_13_0_8,samft_t_ende_adapter_box,boxes,2,0,0.8763382024075749,0.5816901408450704,-0.07728712093195267
osteoclasts,m2_img_3_5_6,samft_t_ende_adapter_box,boxes,2,0,0.8168493656854292,0.3888569787478461,-0.7936737241124259
osteoclasts,m2_img_21_10_0,samft_t_ende_adapter_box,boxes,2,0,0.9158968145792317,0.35092348284960423,-0.4440759060650886
osteoclasts,m3_img_21_17_4,samft_t_ende_adapter_box,boxes,2,0,9.534072753642449e-05,0.01575973832887303,99.99479937130178
osteoclasts,m3_img_21_11_14,samft_t_ende_adapter_box,boxes,2,0,0.047718639849364426,0.006419878112736676,18.790015948594675
osteoclasts,m5_img_1_19_3,samft_t_ende_adapter_box,boxes,2,0,0.0,0.0,64.62889359437195
osteoclasts,m1_img_9_14_0,samft_t_ende_adapter_box,boxes,2,0,0.005841032021630026,0.03089575461213603,99.34659878883136
osteoclasts,m3_img_3_10_4,samft_t_ende_adapter_box,boxes,2,0,0.016508164363897362,0.0891238670694864,-0.7409451275887574
osteoclasts,m2_img_9_19_10,samft_t_ende_adapter_box,boxes,2,0,0.05322702295011313,0.013157894736842105,-1.269386788091716
osteoclasts,m5_img_1_5_17,samft_t_ende_adapter_box,boxes,2,0,0.061754957259987205,0.053149233970115374,-0.7964185003698223
osteoclasts,m2_img_5_18_12,samft_t_ende_adapter_box,boxes,2,0,0.8769460930179033,0.49935550399587525,-0.31622711723372776
osteoclasts,m5_img_3_5_7,samft_t_ende_adapter_box,boxes,2,0,0.1801071376864051,0.1311838153943417,0.07439788276627224
osteoclasts,m5_img_3_5_13,samft_t_ende_adapter_box,boxes,2,0,0.03922316215894198,0.032467532467532464,-2.1272015994822486
osteoclasts,m4_img_1_18_4,samft_t_ende_adapter_box,boxes,2,0,0.012599469496021221,0.00825909428359317,-5.12839774408284
osteoclasts,m5_img_5_8_10,samft_t_ende_adapter_box,boxes,2,0,0.11674622116149562,0.060949404180504006,-2.483878051035503
osteoclasts,m2_img_11_7_8,samft_t_ende_adapter_box,boxes,2,0,0.8350822575883632,0.3602409638554217,-0.21481485761834335
osteoclasts,m4_img_9_8_2,samft_t_ende_adapter_box,boxes,2,0,0.005444137544533846,0.037082818294190356,-3.4016445543639056
osteoclasts,m2_img_3_2_11,samft_t_ende_adapter_box,boxes,2,0,0.8764044943820225,0.3214884344619511,-1.3380061945266273
osteoclasts,m4_img_15_21_13,samft_t_ende_adapter_box,boxes,2,0,4.3085805381417093e-05,0.0010663822980538523,-5.94235976117745
osteoclasts,m2_img_11_18_4,samft_t_ende_adapter_box,boxes,2,0,0.7166804067051388,0.35106382978723405,-0.13333834134615385
osteoclasts,m5_img_3_12_16,samft_t_ende_adapter_box,boxes,2,0,0.13683351049899092,0.03153619495102333,3.5033457377958586
osteoclasts,m5_img_1_12_0,samft_t_ende_adapter_box,boxes,2,0,0.04305392418579818,0.007544821685528721,6.258812176405325
osteoclasts,m1_img_9_1_4,samft_t_ende_adapter_box,boxes,2,0,0.01477750560753561,0.00201765447667087,99.2412860576923
osteoclasts,m4_img_11_10_18,samft_t_ende_adapter_box,boxes,2,0,0.0005242463958060288,0.0057110222729868645,-1.0109444341715974
osteoclasts,m4_img_9_11_9,samft_t_ende_adapter_box,boxes,2,0,0.0,0.0,-9.16784162352071
osteoclasts,m1_img_1_5_11,samft_t_ende_adapter_box,boxes,2,0,0.021278663594733502,0.043808125305922666,98.92462555473372
osteoclasts,m2_img_9_19_12,samft_t_ende_adapter_box,boxes,2,0,0.7671242446470362,0.18305355715427657,0.9249895987426034
osteoclasts,m3_img_23_4_7,samft_t_ende_adapter_box,boxes,2,0,0.4773425141900065,0.16448326055312956,-0.27086607803254437
osteoclasts,m2_img_13_11_7,samft_t_ende_adapter_box,boxes,2,0,0.7283554960298478,0.2774887270204648,-1.1868990384615383
osteoclasts,m5_img_9_15_5,samft_t_ende_adapter_box,boxes,2,0,0.17085512367491165,0.05408990420044215,3.0039409208579886
osteoclasts,m3_img_15_7_4,samft_t_ende_adapter_box,boxes,2,0,0.011943341250685155,0.01712525903753166,12.43831476516272
osteoclasts,m4_img_5_16_15,samft_t_ende_adapter_box,boxes,2,0,0.05181266288996052,0.013007698433766923,7.038617557322485
osteoclasts,m5_img_3_14_11,samft_t_ende_adapter_box,boxes,2,0,0.11203747311075188,0.07542151507955355,-3.4305369360207094
osteoclasts,m1_img_11_5_9,samft_t_ende_adapter_box,boxes,2,0,0.025845386860835054,0.045711477021381175,98.68525217270711
osteoclasts,m1_img_5_0_8,samft_t_ende_adapter_box,boxes,2,0,0.013306181776316263,0.0033240997229916896,99.04207308616864
osteoclasts,m2_img_3_19_7,samft_t_ende_adapter_box,boxes,2,0,0.9095151919230403,0.5272649205667669,-0.02398067677514791
osteoclasts,m1_img_13_11_9,samft_t_ende_adapter_box,boxes,2,0,0.0753516163159424,0.050466264399341744,96.08407105214496
osteoclasts,m1_img_21_12_1,samft_t_ende_adapter_box,boxes,2,0,0.02150577589003586,0.04244604316546763,98.87016341531066
osteoclasts,m4_img_9_16_9,samft_t_ende_adapter_box,boxes,2,0,0.10462059031985185,0.04735897052222056,-0.7048296505177517
osteoclasts,m3_img_25_7_13,samft_t_ende_adapter_box,boxes,2,0,0.00035858359480053786,0.0007818608287724785,-2.197843472633136
osteoclasts,m1_img_5_16_5,samft_t_ende_adapter_box,boxes,2,0,0.021762148151217638,0.015515903801396431,98.89992256841717
osteoclasts,m5_img_7_10_12,samft_t_ende_adapter_box,boxes,2,0,0.20076661216393707,0.0708632295288113,0.5710579234467457
osteoclasts,m3_img_11_4_18,samft_t_ende_adapter_box,boxes,2,0,0.036587652336949245,0.028535521549493605,1.5106381749260358
osteoclasts,m1_img_11_12_14,samft_t_ende_adapter_box,boxes,2,0,0.07286768615725545,0.03278688524590164,96.2185650887574
osteoclasts,m1_img_3_11_16,samft_t_ende_adapter_box,boxes,2,0,0.014168094381261497,0.10077177508269018,99.17165541789942
osteoclasts,m2_img_13_3_8,samft_t_ende_adapter_box,boxes,2,0,0.8870306430729391,0.5720779220779221,0.06385216346153841
osteoclasts,m4_img_19_12_16,samft_t_ende_adapter_box,boxes,2,0,0.0,0.0,0.8059529863165681
osteoclasts,m3_img_29_14_1,samft_t_ende_adapter_box,boxes,2,0,0.0003076715268762335,0.00930033999603592,31.707944249260358
osteoclasts,m5_img_3_8_13,samft_t_ende_adapter_box,boxes,2,0,0.10651010188223105,0.04818728365822554,0.4303520247781068
osteoclasts,m4_img_23_9_20,samft_t_ende_adapter_box,boxes,2,0,0.006392694063926941,0.007029104887424492,-6.421331823224852
osteoclasts,m1_img_9_7_13,samft_t_ende_adapter_box,boxes,2,0,0.0247651957546194,0.0,98.74621509800295
osteoclasts,m3_img_1_4_18,samft_t_ende_adapter_box,boxes,2,0,8.247456690543054e-06,0.0009097370291400142,68.60207100591717
osteoclasts,m5_img_1_5_11,samft_t_ende_adapter_box,boxes,2,0,0.1648507618451263,0.11533399144455413,-1.0444595968934909
osteoclasts,m2_img_17_14_13,samft_t_ende_adapter_box,boxes,2,0,0.0022701475595913734,0.01904761904761905,-0.12669309356508876
osteoclasts,m5_img_7_7_2,samft_t_ende_adapter_box,boxes,2,0,0.21709686917263715,0.04592843054381516,-0.11860322670118355
osteoclasts,m4_img_7_11_17,samft_t_ende_adapter_box,boxes,2,0,0.0,0.0,-0.8608485114644969
osteoclasts,m1_img_5_13_12,samft_t_ende_adapter_box,boxes,2,0,0.02629230334948148,0.006725918808551525,98.66286057692307
osteoclasts,m4_img_3_15_20,samft_t_ende_adapter_box,boxes,2,0,0.0,0.0007370184254606365,-0.46300041605029585
osteoclasts,m4_img_3_5_9,samft_t_ende_adapter_box,boxes,2,0,0.011354501607717041,0.023005704666604322,-10.164628790680474
osteoclasts,m3_img_1_13_9,samft_t_ende_adapter_box,boxes,2,0,0.3970633221168553,0.17558022199798184,-0.35046458949704146
osteoclasts,m2_img_9_12_2,samft_t_ende_adapter_box,boxes,2,0,0.7597501598386859,0.3038563829787234,-0.6990511741863906
osteoclasts,m1_img_21_5_18,samft_t_ende_adapter_box,boxes,2,0,0.020279874276791256,0.06516227180527383,98.89775563979289
osteoclasts,m1_img_15_2_6,samft_t_ende_adapter_box,boxes,2,0,0.012583943198555273,0.00810591731964334,99.36176728920118
osteoclasts,m4_img_5_20_6,samft_t_ende_adapter_box,boxes,2,0,0.0014504578007433597,0.002583979328165375,-0.8776060928254438
osteoclasts,m5_img_3_13_14,samft_t_ende_adapter_box,boxes,2,0,0.17582581462978153,0.04504915490066376,9.469622549926035
osteoclasts,m2_img_7_15_12,samft_t_ende_adapter_box,boxes,2,0,0.8030479054192579,0.4885371179039301,-0.6451668823964498
osteoclasts,m1_img_3_12_12,samft_t_ende_adapter_box,boxes,2,0,0.0028968488113254092,0.023970671178793007,99.8461480676775
osteoclasts,m5_img_1_2_9,samft_t_ende_adapter_box,boxes,2,0,0.23780041275547567,0.05820721769499418,-0.5485218657544376
osteoclasts,m4_img_19_17_14,samft_t_ende_adapter_box,boxes,2,0,0.07521487395260186,0.01853355823493888,14.698710244082841
osteoclasts,m1_img_1_12_0,samft_t_ende_adapter_box,boxes,2,0,0.010471083267774786,0.0,99.03022720968934
osteoclasts,m2_img_21_7_18,samft_t_ende_adapter_box,boxes,2,0,0.6972067039106146,0.40329218106995884,-0.08479914016272191
osteoclasts,m4_img_13_11_14,samft_t_ende_adapter_box,boxes,2,0,0.027680025211408162,0.0111340206185567,-1.3527413091715976
osteoclasts,m1_img_17_15_13,samft_t_ende_adapter_box,boxes,2,0,0.08719512447860465,0.0572703607288955,95.44034878883136
osteoclasts,m2_img_19_8_2,samft_t_ende_adapter_box,boxes,2,0,0.9385873555172355,0.5240556660039761,-0.22666073409763274
osteoclasts,m3_img_17_1_10,samft_t_ende_adapter_box,boxes,2,0,0.0013988948730502902,0.01095280498664292,2.909173909023669
osteoclasts,m5_img_9_11_2,samft_t_ende_adapter_box,boxes,2,0,0.22006784564255333,0.046571922412137506,3.767422106139054
osteoclasts,m3_img_33_6_3,samft_t_ende_adapter_box,boxes,2,0,0.0,0.0,-1.1210244082840235
osteoclasts,m3_img_13_5_6,samft_t_ende_adapter_box,boxes,2,0,0.05056403450564034,0.040969972861770114,3.5216924001479293
osteoclasts,m4_img_1_12_7,samft_t_ende_adapter_box,boxes,2,0,0.09150662492972508,0.03846567100032234,-4.372717501849112
osteoclasts,m3_img_11_3_9,samft_t_ende_adapter_box,boxes,2,0,0.0112753716228877,0.039784292474027864,74.5179306120562
osteoclasts,m5_img_1_3_14,samft_b_ende_lora,none,0,0,0.6401459854014598,0.253516409912927,-0.4276072485207099
osteoclasts,m3_img_9_5_7,samft_b_ende_lora,none,0,0,0.5182668382668383,0.3162743091095189,2.971148067677515
osteoclasts,m3_img_5_9_10,samft_b_ende_lora,none,0,0,0.8847198861430974,0.513894034827714,-0.7419563609467457
osteoclasts,m5_img_7_8_10,samft_b_ende_lora,none,0,0,0.8141663350577,0.3964007782101167,-1.0290021727071004
osteoclasts,m5_img_5_19_10,samft_b_ende_lora,none,0,0,0.24290123456790125,0.011204481792717087,-1.4168823964497042
osteoclasts,m3_img_33_18_11,samft_b_ende_lora,none,0,0,0.8988931724909837,0.5545212765957447,0.08017635909763317
osteoclasts,m4_img_19_6_14,samft_b_ende_lora,none,0,0,0.9266340695779239,0.7273494653911086,0.11744753143491243
osteoclasts,m2_img_7_8_5,samft_b_ende_lora,none,0,0,0.8561505623578026,0.20010097610232244,-2.4297048354289945
osteoclasts,m4_img_13_6_8,samft_b_ende_lora,none,0,0,0.9293141897817535,0.5778677462887989,-0.39149177144970415
osteoclasts,m1_img_7_15_13,samft_b_ende_lora,none,0,0,0.8468328280524776,0.28273401043096347,-0.43511926775147913
osteoclasts,m1_img_7_17_4,samft_b_ende_lora,none,0,0,0.940934536730264,0.6451612903225806,0.031926081730769204
osteoclasts,m4_img_23_8_3,samft_b_ende_lora,none,0,0,0.9539468021003702,0.5883495145631068,-0.11643629807692318
osteoclasts,m4_img_3_18_20,samft_b_ende_lora,none,0,0,0.9432285846665395,0.4653543307086614,-0.23677306767751483
osteoclasts,m2_img_13_7_8,samft_b_ende_lora,none,0,0,0.6587774635631933,0.3451806065288777,-1.8278765255177514
osteoclasts,m3_img_13_10_12,samft_b_ende_lora,none,0,0,0.48838069232300824,0.1658833287254631,-2.5340063332100593
osteoclasts,m1_img_5_6_12,samft_b_ende_lora,none,0,0,0.4843557081338272,0.25722052327556916,2.0058535965236683
osteoclasts,m5_img_7_9_8,samft_b_ende_lora,none,0,0,0.8032223717781305,0.40891304347826085,-0.8440909301035499
osteoclasts,m3_img_15_10_13,samft_b_ende_lora,none,0,0,0.8856168462079792,0.5507828181453231,-0.31752727440828404
osteoclasts,m3_img_13_9_9,samft_b_ende_lora,none,0,0,0.013075014315709104,0.0017226528854435831,0.06125184911242587
osteoclasts,m2_img_7_19_7,samft_b_ende_lora,none,0,0,0.526685393258427,0.14774281805745554,-0.36780001849112426
osteoclasts,m2_img_13_0_8,samft_b_ende_lora,none,0,0,0.720919644889597,0.3549149338374291,0.6942839312130177
osteoclasts,m2_img_3_5_6,samft_b_ende_lora,none,0,0,0.8096271453935687,0.44205222171323866,-0.3592767659023669
osteoclasts,m2_img_21_10_0,samft_b_ende_lora,none,0,0,0.9419909502262444,0.707186030893217,0.2178485576923076
osteoclasts,m3_img_21_17_4,samft_b_ende_lora,none,0,0,0.0,0.0,0.18621139977810652
osteoclasts,m3_img_21_11_14,samft_b_ende_lora,none,0,0,0.9347101657958613,0.5960591133004927,0.1290044840976331
osteoclasts,m5_img_1_19_3,samft_b_ende_lora,none,0,0,0.0,0.0031847133757961785,3.9174592705729894
osteoclasts,m1_img_9_14_0,samft_b_ende_lora,none,0,0,0.8007448789571695,0.1595744680851064,0.15457424186390528
osteoclasts,m3_img_3_10_4,samft_b_ende_lora,none,0,0,0.8256880733944955,0.2927710843373494,-0.22333811020710057
osteoclasts,m2_img_9_19_10,samft_b_ende_lora,none,0,0,0.553749509226541,0.24804992199687986,-0.7704153568786982
osteoclasts,m5_img_1_5_17,samft_b_ende_lora,none,0,0,0.6776867244205104,0.3768485466598674,-0.1957458857248519
osteoclasts,m2_img_5_18_12,samft_b_ende_lora,none,0,0,0.8255453998620912,0.36177397568662767,0.7432565181213019
osteoclasts,m5_img_3_5_7,samft_b_ende_lora,none,0,0,0.7746305418719212,0.3761140819964349,0.36548862795858
osteoclasts,m5_img_3_5_13,samft_b_ende_lora,none,0,0,0.8021635924974706,0.4513411660385724,-0.7647813424556213
osteoclasts,m4_img_1_18_4,samft_b_ende_lora,none,0,0,0.8953394876388027,0.5619438740588638,0.3511868990384609
osteoclasts,m5_img_5_8_10,samft_b_ende_lora,none,0,0,0.7689133167007447,0.42349726775956287,-0.5935939811390533
osteoclasts,m2_img_11_7_8,samft_b_ende_lora,none,0,0,0.7537737980324906,0.4105793450881612,1.4363847540680472
osteoclasts,m4_img_9_8_2,samft_b_ende_lora,none,0,0,0.9067018735068527,0.555671719811814,-0.1170141457100593
osteoclasts,m2_img_3_2_11,samft_b_ende_lora,none,0,0,0.8165931200481396,0.37386759581881535,-1.257396449704142
osteoclasts,m4_img_15_21_13,samft_b_ende_lora,none,0,0,0.7822822822822822,0.1530693595535477,-2.252846431546792
osteoclasts,m2_img_11_18_4,samft_b_ende_lora,none,0,0,0.603254487502097,0.34101382488479265,0.20210220968934914
osteoclasts,m5_img_3_12_16,samft_b_ende_lora,none,0,0,0.2258486778951043,0.002627430373095113,-2.563043176775148
osteoclasts,m5_img_1_12_0,samft_b_ende_lora,none,0,0,0.0009108850766661606,0.0,0.4459539108727812
osteoclasts,m1_img_9_1_4,samft_b_ende_lora,none,0,0,0.8376221498371336,0.10102156640181612,0.2854567307692308
osteoclasts,m4_img_11_10_18,samft_b_ende_lora,none,0,0,0.9610930148389432,0.8274706867671692,-0.022247133875739553
osteoclasts,m4_img_9_11_9,samft_b_ende_lora,none,0,0,0.9287146375993257,0.5614781634938409,-1.175486547707101
osteoclasts,m1_img_1_5_11,samft_b_ende_lora,none,0,0,0.6010872621614022,0.41678256838201205,0.9317793084319524
osteoclasts,m2_img_9_19_12,samft_b_ende_lora,none,0,0,0.7934941912421806,0.13599348534201955,0.8305115107248521
osteoclasts,m3_img_23_4_7,samft_b_ende_lora,none,0,0,0.7892045454545454,0.5888252148997135,-0.2978804548816568
osteoclasts,m2_img_13_11_7,samft_b_ende_lora,none,0,0,0.7369272135832879,0.38229197512585134,0.45577732063609433
osteoclasts,m5_img_9_15_5,samft_b_ende_lora,none,0,0,0.1484745260663507,0.016837782340862424,-3.315111871301775
osteoclasts,m3_img_15_7_4,samft_b_ende_lora,none,0,0,0.8796090076713685,0.4819004524886878,-0.24934125369822474
osteoclasts,m4_img_5_16_15,samft_b_ende_lora,none,0,0,0.5727772056299347,0.2279179810725552,-0.5347979844674555
osteoclasts,m5_img_3_14_11,samft_b_ende_lora,none,0,0,0.5967954554720519,0.19639865996649916,-4.149957239275148
osteoclasts,m1_img_11_5_9,samft_b_ende_lora,none,0,0,0.6882947505705902,0.4211971444261395,0.9262897559171597
osteoclasts,m1_img_5_0_8,samft_b_ende_lora,none,0,0,0.7555555555555555,0.19807923169267708,0.4092605861686391
osteoclasts,m2_img_3_19_7,samft_b_ende_lora,none,0,0,0.8935741491583733,0.4508695652173913,-0.21192561945266275
osteoclasts,m1_img_13_11_9,samft_b_ende_lora,none,0,0,0.8230993377483443,0.4237020316027088,0.3497422799556213
osteoclasts,m1_img_21_12_1,samft_b_ende_lora,none,0,0,0.6820073823922093,0.4941599281221923,-0.3731451090976331
osteoclasts,m4_img_9_16_9,samft_b_ende_lora,none,0,0,0.848731439261078,0.4546783625730994,-0.8455355491863908
osteoclasts,m3_img_25_7_13,samft_b_ende_lora,none,0,0,0.9529255110832615,0.6785478547854785,0.11224690273668632
osteoclasts,m1_img_5_16_5,samft_b_ende_lora,none,0,0,0.7663758921490881,0.5058448459086079,-0.3784901997041421
osteoclasts,m5_img_7_10_12,samft_b_ende_lora,none,0,0,0.812015702338283,0.4777777777777778,-0.5863708857248521
osteoclasts,m3_img_11_4_18,samft_b_ende_lora,none,0,0,0.006970191309506155,0.03538812785388128,-1.9346338757396448
osteoclasts,m1_img_11_12_14,samft_b_ende_lora,none,0,0,0.901160694975128,0.5778468493924838,0.45274362056213
osteoclasts,m1_img_3_11_16,samft_b_ende_lora,none,0,0,0.7241800043063231,0.45519429024583663,0.5063389885355029
osteoclasts,m2_img_13_3_8,samft_b_ende_lora,none,0,0,0.8271617194480294,0.5273132664437012,0.29643583579881655
osteoclasts,m4_img_19_12_16,samft_b_ende_lora,none,0,0,0.454230377166157,0.3285123966942149,0.29369105954142016
osteoclasts,m3_img_29_14_1,samft_b_ende_lora,none,0,0,0.9311897106109325,0.6124085047054723,0.17003166605029582
osteoclasts,m5_img_3_8_13,samft_b_ende_lora,none,0,0,0.7115865084322298,0.4032048505846687,-0.05200628698224831
osteoclasts,m4_img_23_9_20,samft_b_ende_lora,none,0,0,0.9327295865518364,0.41778913144449603,-0.9524373613165673
osteoclasts,m1_img_9_7_13,samft_b_ende_lora,none,0,0,0.8393285371702638,0.44666666666666666,-0.33890763683431957
osteoclasts,m3_img_1_4_18,samft_b_ende_lora,none,0,0,0.0,0.002793296089385475,0.036693324704142015
osteoclasts,m5_img_1_5_11,samft_b_ende_lora,none,0,0,0.7854091827069147,0.34641744548286607,0.11744753143491174
osteoclasts,m2_img_17_14_13,samft_b_ende_lora,none,0,0,0.0,0.0,0.26754345414201186
osteoclasts,m5_img_7_7_2,samft_b_ende_lora,none,0,0,0.5399683419074001,0.16825396825396827,-0.13030464127218944
osteoclasts,m4_img_7_11_17,samft_b_ende_lora,none,0,0,0.8094715892936923,0.49909584086799275,0.5462104752218935
osteoclasts,m1_img_5_13_12,samft_b_ende_lora,none,0,0,0.9162782862597563,0.5681481481481482,-0.09317793084319526
osteoclasts,m4_img_3_15_20,samft_b_ende_lora,none,0,0,0.9257804424229894,0.3817448310640444,-0.4481208394970418
osteoclasts,m4_img_3_5_9,samft_b_ende_lora,none,0,0,0.8523124704611438,0.12293781725888325,-3.145224667159764
osteoclasts,m3_img_1_13_9,samft_b_ende_lora,none,0,0,0.9019135876760139,0.5870503597122302,-0.09462254992603555
osteoclasts,m2_img_9_12_2,samft_b_ende_lora,none,0,0,0.5729986969576795,0.16631280962491155,-1.086498012204142
osteoclasts,m1_img_21_5_18,samft_b_ende_lora,none,0,0,0.9172846548773531,0.672686230248307,-0.1005454881656806
osteoclasts,m1_img_15_2_6,samft_b_ende_lora,none,0,0,0.7139115250291036,0.34944237918215615,-0.27794471153846156
osteoclasts,m4_img_5_20_6,samft_b_ende_lora,none,0,0,0.4818956336528222,0.05541125541125541,-0.84336862056213
osteoclasts,m5_img_3_13_14,samft_b_ende_lora,none,0,0,0.3597562787932828,0.0621779457231192,-3.106364413831361
osteoclasts,m2_img_7_15_12,samft_b_ende_lora,none,0,0,0.7361142727065787,0.3275862068965517,0.20398021449704146
osteoclasts,m1_img_3_12_12,samft_b_ende_lora,none,0,0,0.0,0.0,0.7173978365384615
osteoclasts,m5_img_1_2_9,samft_b_ende_lora,none,0,0,0.8199543952719996,0.35164377861007073,-0.8497249445266271
osteoclasts,m4_img_19_17_14,samft_b_ende_lora,none,0,0,0.03687121411640769,0.003864734299516908,-0.2724551590236686
osteoclasts,m1_img_1_12_0,samft_b_ende_lora,none,0,0,0.5953211399404509,0.3572192513368984,0.6502230491863905
osteoclasts,m2_img_21_7_18,samft_b_ende_lora,none,0,0,0.45601436265709155,0.3016304347826087,-0.15081823224852073
osteoclasts,m4_img_13_11_14,samft_b_ende_lora,none,0,0,0.9004909910910667,0.5874538745387454,-0.35118689903846156
osteoclasts,m1_img_17_15_13,samft_b_ende_lora,none,0,0,0.8921119177746961,0.49086479902557856,-0.2633540588017749
osteoclasts,m2_img_19_8_2,samft_b_ende_lora,none,0,0,0.9327311133627574,0.5620777027027027,-0.27606670673076883
osteoclasts,m3_img_17_1_10,samft_b_ende_lora,none,0,0,0.6894651847629905,0.31524249422632794,0.29918061205621294
osteoclasts,m5_img_9_11_2,samft_b_ende_lora,none,0,0,0.0,0.0,-2.3109571468195265
osteoclasts,m3_img_33_6_3,samft_b_ende_lora,none,0,0,0.6365464954355562,0.3869230769230769,-0.4897258690828402
osteoclasts,m3_img_13_5_6,samft_b_ende_lora,none,0,0,0.04848638700260202,0.020891924467657693,1.4438967732988164
osteoclasts,m4_img_1_12_7,samft_b_ende_lora,none,0,0,0.904463140775029,0.3380209226547762,-2.091952893860946
osteoclasts,m3_img_11_3_9,samft_b_ende_lora,none,0,0,0.92904013724787,0.673155193771014,0.7620365661982251
osteoclasts,m5_img_1_3_14,samh,boxes,2,0,0.8227710679875153,0.5493910690121786,-0.5235299556213016
osteoclasts,m3_img_9_5_7,samh,boxes,2,0,0.9396809571286141,0.8166368515205724,-0.23113905325443768
osteoclasts,m3_img_5_9_10,samh,boxes,2,0,0.9403421611442766,0.7681602172437203,-0.22998335798816577
osteoclasts,m5_img_7_8_10,samh,boxes,2,0,0.7193280884541782,0.2787157486853031,-1.8586469119822484
osteoclasts,m5_img_5_19_10,samh,boxes,2,0,0.7954614220877458,0.41025641025641024,-0.42442908653846156
osteoclasts,m3_img_33_18_11,samh,boxes,2,0,0.9220657276995305,0.7908961593172119,-0.004478319156804751
osteoclasts,m4_img_19_6_14,samh,boxes,2,0,0.9823044006310938,0.9374809393107655,-0.007367557322485174
osteoclasts,m2_img_7_8_5,samh,boxes,2,0,0.9134065066569507,0.7044325915026669,-1.3671875
osteoclasts,m4_img_13_6_8,samh,boxes,2,0,0.9685411613286471,0.8636363636363636,-0.24905232988165701
osteoclasts,m1_img_7_15_13,samh,boxes,2,0,0.9235328385805831,0.5375835189309577,0.20282451923076955
osteoclasts,m1_img_7_17_4,samh,boxes,2,0,0.9358793022159358,0.4717832957110609,-0.0069341715976331715
osteoclasts,m4_img_23_8_3,samh,boxes,2,0,0.9495302599956303,0.4973544973544973,-0.1668535040680475
osteoclasts,m4_img_3_18_20,samh,boxes,2,0,0.937790873791755,0.4320388349514563,-0.2913796690088757
osteoclasts,m2_img_13_7_8,samh,boxes,2,0,0.7294342137145626,0.6088495575221239,-2.250138683431953
osteoclasts,m3_img_13_10_12,samh,boxes,2,0,0.7874644645999729,0.6330783434450014,-1.2100129437869824
osteoclasts,m1_img_5_6_12,samh,boxes,2,0,0.9524897450542603,0.8530066815144766,-0.009101100221893532
osteoclasts,m5_img_7_9_8,samh,boxes,2,0,0.6423350802566332,0.32449525662855755,-1.8879726793639053
osteoclasts,m3_img_15_10_13,samh,boxes,2,0,0.9640969278274978,0.8926605504587156,-0.1343495747041422
osteoclasts,m3_img_13_9_9,samh,boxes,2,0,0.9050496558247071,0.8405650857719476,-0.21683732433431957
osteoclasts,m2_img_7_19_7,samh,boxes,2,0,0.9324257669922068,0.6716867469879518,0.06804155880177509
osteoclasts,m2_img_13_0_8,samh,boxes,2,0,0.9437093518726172,0.7852522639068564,0.10733519785502982
osteoclasts,m2_img_3_5_6,samh,boxes,2,0,0.9617930366463973,0.8933601609657947,-0.11614737426035512
osteoclasts,m2_img_21_10_0,samh,boxes,2,0,0.9787406841200077,0.7649958915365653,-0.11961446005917149
osteoclasts,m3_img_21_17_4,samh,boxes,2,0,0.7441860465116279,1.0,0.0028892381656804734
osteoclasts,m3_img_21_11_14,samh,boxes,2,0,0.9727554991909739,0.8880179171332587,-0.07902066383136085
osteoclasts,m5_img_1_19_3,samh,boxes,2,0,0.0,0.0,-0.003471257983893363
osteoclasts,m1_img_9_14_0,samh,boxes,2,0,0.8572012257405516,0.43175487465181056,0.08595483542899406
osteoclasts,m3_img_3_10_4,samh,boxes,2,0,0.9497928110243808,0.8995327102803738,-0.046950120192307696
osteoclasts,m2_img_9_19_10,samh,boxes,2,0,0.8101586705473665,0.31466227347611203,0.4671898113905325
osteoclasts,m5_img_1_5_17,samh,boxes,2,0,0.8735809120646527,0.4928076718167288,-0.27765578772189337
osteoclasts,m2_img_5_18_12,samh,boxes,2,0,0.857921241641212,0.3892467096051526,-0.3540761372041415
osteoclasts,m5_img_3_5_7,samh,boxes,2,0,0.8973781987545136,0.6340425531914894,-0.15847471338757396
osteoclasts,m5_img_3_5_13,samh,boxes,2,0,0.7845931433292028,0.49547038327526133,-1.1946999815088757
osteoclasts,m4_img_1_18_4,samh,boxes,2,0,0.930956593339342,0.5952649379932357,-0.859403892381657
osteoclasts,m5_img_5_8_10,samh,boxes,2,0,0.7232829488199417,0.3145686734427938,-1.7575235761834322
osteoclasts,m2_img_11_7_8,samh,boxes,2,0,0.9475175113308612,0.8198970840480274,0.012134800295858159
osteoclasts,m4_img_9_8_2,samh,boxes,2,0,0.8905828496689283,0.5790322580645161,0.058362610946745275
osteoclasts,m2_img_3_2_11,samh,boxes,2,0,0.9632246000415541,0.8125207022192779,-0.2655209874260357
osteoclasts,m4_img_15_21_13,samh,boxes,2,0,0.9474251238957121,0.7603603603603604,-0.5736253818383774
osteoclasts,m2_img_11_18_4,samh,boxes,2,0,0.913629335100508,0.7717171717171717,-0.005056166789940827
osteoclasts,m5_img_3_12_16,samh,boxes,2,0,0.7541443582328857,0.2189655172413793,-0.8282001201923076
osteoclasts,m5_img_1_12_0,samh,boxes,2,0,0.8268974700399467,0.2938775510204082,-0.07165310650887571
osteoclasts,m1_img_9_1_4,samh,boxes,2,0,0.9100904415676538,0.43821656050955415,0.14070589866863914
osteoclasts,m4_img_11_10_18,samh,boxes,2,0,0.9587587498328057,0.7937971500419112,0.02470298631656806
osteoclasts,m4_img_9_11_9,samh,boxes,2,0,0.939680739000081,0.7648628973550109,-1.0005431767751483
osteoclasts,m1_img_1_5_11,samh,boxes,2,0,0.9454497598210173,0.8570407433881344,0.04463872965976331
osteoclasts,m2_img_9_19_12,samh,boxes,2,0,0.8267203159345777,0.17284991568296795,0.6666917067307692
osteoclasts,m3_img_23_4_7,samh,boxes,2,0,0.9626780160419054,0.9323308270676691,-0.05836261094674562
osteoclasts,m2_img_13_11_7,samh,boxes,2,0,0.7539722799495999,0.6358173076923077,1.6010713295118342
osteoclasts,m5_img_9_15_5,samh,boxes,2,0,0.6621468356982635,0.24252013808975834,-1.484923955251479
osteoclasts,m3_img_15_7_4,samh,boxes,2,0,0.954379031789388,0.929421094369548,-0.09866748335798803
osteoclasts,m4_img_5_16_15,samh,boxes,2,0,0.9529357251605216,0.9141252006420546,-0.035682091346153806
osteoclasts,m5_img_3_14_11,samh,boxes,2,0,0.5469318602126162,0.25786247334754797,-2.6721119175295858
osteoclasts,m1_img_11_5_9,samh,boxes,2,0,0.9523860647377744,0.7761452031114953,0.07295326368343194
osteoclasts,m1_img_5_0_8,samh,boxes,2,0,0.9517356405712498,0.7423664122137404,0.046372272559171576
osteoclasts,m2_img_3_19_7,samh,boxes,2,0,0.9129255391292553,0.5344970906068163,0.2999029215976331
osteoclasts,m1_img_13_11_9,samh,boxes,2,0,0.8648728672415708,0.5838527753042446,-0.023980676775147564
osteoclasts,m1_img_21_12_1,samh,boxes,2,0,0.9379429101264984,0.7829328914664457,-0.031348234097633085
osteoclasts,m4_img_9_16_9,samh,boxes,2,0,0.9674559906779309,0.8679982631350412,-0.08089866863905323
osteoclasts,m3_img_25_7_13,samh,boxes,2,0,0.9479697802931205,0.7348643006263048,-0.009390024038461592
osteoclasts,m1_img_5_16_5,samh,boxes,2,0,0.9475405546834118,0.8092592592592592,0.008378790680473383
osteoclasts,m5_img_7_10_12,samh,boxes,2,0,0.8308904867256637,0.3903133903133903,-0.6393884060650886
osteoclasts,m3_img_11_4_18,samh,boxes,2,0,0.9550114766641163,0.7088607594936709,-0.10661288831360916
osteoclasts,m1_img_11_12_14,samh,boxes,2,0,0.9418305597579425,0.5805460750853242,0.07656481139053234
osteoclasts,m1_img_3_11_16,samh,boxes,2,0,0.9012487822159242,0.4968944099378882,0.12467062684911237
osteoclasts,m2_img_13_3_8,samh,boxes,2,0,0.9308493842753395,0.7642903018625562,0.13117141272189353
osteoclasts,m4_img_19_12_16,samh,boxes,2,0,0.5,0.4732824427480916,0.38369082840236685
osteoclasts,m3_img_29_14_1,samh,boxes,2,0,0.9339902356376931,0.6635294117647059,-0.3136268028846152
osteoclasts,m5_img_3_8_13,samh,boxes,2,0,0.85078784713154,0.43564356435643564,-0.433674648668639
osteoclasts,m4_img_23_9_20,samh,boxes,2,0,0.8872965776731467,0.498170412963931,-1.5438644138313597
osteoclasts,m1_img_9_7_13,samh,boxes,2,0,0.9621628003069477,0.9571322985957132,-0.060240615754437836
osteoclasts,m3_img_1_4_18,samh,boxes,2,0,0.9182142187206903,0.714064914992272,0.07858727810650884
osteoclasts,m5_img_1_5_11,samh,boxes,2,0,0.851989737852279,0.5099550417469493,-0.47657983542899396
osteoclasts,m2_img_17_14_13,samh,boxes,2,0,0.580238726790451,0.610738255033557,0.1817330806213018
osteoclasts,m5_img_7_7_2,samh,boxes,2,0,0.7297696061741006,0.13188073394495411,-0.31767173631656814
osteoclasts,m4_img_7_11_17,samh,boxes,2,0,0.9677388335977691,0.9149532710280374,-0.005922938239644876
osteoclasts,m1_img_5_13_12,samh,boxes,2,0,0.9228696167735676,0.6404160475482912,0.014301728920118432
osteoclasts,m4_img_3_15_20,samh,boxes,2,0,0.9403034030340304,0.4919396775871035,-0.38889145710059236
osteoclasts,m4_img_3_5_9,samh,boxes,2,0,0.9523651288867556,0.4955991875423155,-1.0654065735946752
osteoclasts,m3_img_1_13_9,samh,boxes,2,0,0.9409851301115242,0.8313253012048193,-0.051428439349112454
osteoclasts,m2_img_9_12_2,samh,boxes,2,0,0.9642770938933141,0.92,-0.04536103920118363
osteoclasts,m1_img_21_5_18,samh,boxes,2,0,0.9733809001097695,0.9765395894428153,-0.020802514792899428
osteoclasts,m1_img_15_2_6,samh,boxes,2,0,0.966189111747851,0.92018779342723,-0.010256795488165684
osteoclasts,m4_img_5_20_6,samh,boxes,2,0,0.9131707317073171,0.6479944674965422,0.04608334874260361
osteoclasts,m5_img_3_13_14,samh,boxes,2,0,0.7398518255623087,0.3317859093391589,-1.4541535687869822
osteoclasts,m2_img_7_15_12,samh,boxes,2,0,0.9394371214820093,0.6617357001972387,-0.006934171597633432
osteoclasts,m1_img_3_12_12,samh,boxes,2,0,0.9590409590409591,0.975,-0.0008667714497041356
osteoclasts,m5_img_1_2_9,samh,boxes,2,0,0.8844609068189933,0.44613210879547865,-0.5842039571005917
osteoclasts,m4_img_19_17_14,samh,boxes,2,0,0.8848588904388883,0.6838235294117647,-0.02325836723372776
osteoclasts,m1_img_1_12_0,samh,boxes,2,0,0.9606385906963941,0.8483412322274881,0.001733542899408358
osteoclasts,m2_img_21_7_18,samh,boxes,2,0,0.8064773028935492,0.5464190981432361,0.07150864460059168
osteoclasts,m4_img_13_11_14,samh,boxes,2,0,0.9365925082360597,0.701063829787234,0.2502080251479293
osteoclasts,m1_img_17_15_13,samh,boxes,2,0,0.9228298798752432,0.45663716814159294,0.23807322485207144
osteoclasts,m2_img_19_8_2,samh,boxes,2,0,0.9598339319252693,0.7699289660615627,0.08060974482248517
osteoclasts,m3_img_17_1_10,samh,boxes,2,0,0.9588389245776826,0.8992248062015504,-0.007223095414201231
osteoclasts,m5_img_9_11_2,samh,boxes,2,0,0.6873744273888933,0.26841620626151014,-1.0268352440828403
osteoclasts,m3_img_33_6_3,samh,boxes,2,0,0.9288422099310173,0.8191964285714286,-0.03250392936390532
osteoclasts,m3_img_13_5_6,samh,boxes,2,0,0.9343544857768052,0.9153046062407132,-0.04016041050295856
osteoclasts,m4_img_1_12_7,samh,boxes,2,0,0.9615802784277577,0.625763358778626,-0.7382003513313597
osteoclasts,m3_img_11_3_9,samh,boxes,2,0,0.9688572728400678,0.8897559023609444,-0.17046505177514826
osteoclasts,m5_img_1_3_14,samh,boxes,1,0,0.8238095238095238,0.5566199110502908,-0.5345090606508874
osteoclasts,m3_img_9_5_7,samh,boxes,1,0,0.9340053464023168,0.8084622383985441,-0.25945358727810647
osteoclasts,m3_img_5_9_10,samh,boxes,1,0,0.9402928275281912,0.7684996605566871,-0.22868320081360985
osteoclasts,m5_img_7_8_10,samh,boxes,1,0,0.7196853741496598,0.280531708667959,-1.857202292899408
osteoclasts,m5_img_5_19_10,samh,boxes,1,0,0.7965127998387422,0.4122994652406417,-0.4224066198224852
osteoclasts,m3_img_33_18_11,samh,boxes,1,0,0.9222311611692142,0.7877492877492878,-0.004044933431952662
osteoclasts,m4_img_19_6_14,samh,boxes,1,0,0.9821726450529373,0.9371011850501367,-0.004189395340235824
osteoclasts,m2_img_7_8_5,samh,boxes,1,0,0.9136330867008158,0.7084253127299485,-1.3624202570266266
osteoclasts,m4_img_13_6_8,samh,boxes,1,0,0.9681459297576913,0.8633295838020247,-0.24876340606508895
osteoclasts,m1_img_7_15_13,samh,boxes,1,0,0.9252581213800051,0.5489977728285078,0.2689880732248524
osteoclasts,m1_img_7_17_4,samh,boxes,1,0,0.9342259807376087,0.4672686230248307,-0.00260031434911245
osteoclasts,m4_img_23_8_3,samh,boxes,1,0,0.9494843558818389,0.49523809523809526,-0.16699796597633154
osteoclasts,m4_img_3_18_20,samh,boxes,1,0,0.93652020313535,0.44082605242255757,-0.3030810835798817
osteoclasts,m2_img_13_7_8,samh,boxes,1,0,0.7301337529504327,0.6166520210896309,-2.241470968934911
osteoclasts,m3_img_13_10_12,samh,boxes,1,0,0.7875329830179744,0.63114969744804,-1.207268167529586
osteoclasts,m1_img_5_6_12,samh,boxes,1,0,0.9527121723332468,0.8562918838421445,-0.008234328772189353
osteoclasts,m5_img_7_9_8,samh,boxes,1,0,0.6424661074692793,0.32611867704280156,-1.886528060281065
osteoclasts,m3_img_15_10_13,samh,boxes,1,0,0.9648159765788373,0.9049815498154982,-0.12828217455621327
osteoclasts,m3_img_13_9_9,samh,boxes,1,0,0.9038775188088599,0.8318181818181818,-0.22030441013313612
osteoclasts,m2_img_7_19_7,samh,boxes,1,0,0.9320197044334976,0.6631578947368421,0.0699195636094674
osteoclasts,m2_img_13_0_8,samh,boxes,1,0,0.941923937360179,0.7833117723156533,0.11528060281065111
osteoclasts,m2_img_3_5_6,samh,boxes,1,0,0.9619647084140306,0.8965,-0.11470275517751483
osteoclasts,m2_img_21_10_0,samh,boxes,1,0,0.9790109601470904,0.7701149425287356,-0.11744753143491105
osteoclasts,m3_img_21_17_4,samh,boxes,1,0,0.7441860465116279,1.0,0.0028892381656804734
osteoclasts,m3_img_21_11_14,samh,boxes,1,0,0.9728902492348054,0.8880179171332587,-0.07858727810650876
osteoclasts,m5_img_1_19_3,samh,boxes,1,0,0.0,0.0,-0.003471257983893363
osteoclasts,m1_img_9_14_0,samh,boxes,1,0,0.8518818292189397,0.41944444444444445,0.09274454511834321
osteoclasts,m3_img_3_10_4,samh,boxes,1,0,0.9500963391136802,0.9007009345794392,-0.046516734467455606
osteoclasts,m2_img_9_19_10,samh,boxes,1,0,0.8298874891816521,0.36363636363636365,0.3943810096153846
osteoclasts,m5_img_1_5_17,samh,boxes,1,0,0.875970862077283,0.4946524064171123,-0.2861790403106508
osteoclasts,m2_img_5_18_12,samh,boxes,1,0,0.8580488529950949,0.3897450266181003,-0.35638752773668597
osteoclasts,m5_img_3_5_7,samh,boxes,1,0,0.8979272176682505,0.6409714889123548,-0.15211838942307682
osteoclasts,m5_img_3_5_13,samh,boxes,1,0,0.7867997184381599,0.5010531242686637,-1.2117464866863905
osteoclasts,m4_img_1_18_4,samh,boxes,1,0,0.9311200364926959,0.5981387478849408,-0.8579592732988167
osteoclasts,m5_img_5_8_10,samh,boxes,1,0,0.7232547347019955,0.312027132794156,-1.7576680380917162
osteoclasts,m2_img_11_7_8,samh,boxes,1,0,0.9426582019250461,0.8098106712564543,0.045649963017751344
osteoclasts,m4_img_9_8_2,samh,boxes,1,0,0.8979252101181534,0.5838541666666667,0.10545719304733692
osteoclasts,m2_img_3_2_11,samh,boxes,1,0,0.9633929601846509,0.8215699208443272,-0.2632095968934912
osteoclasts,m4_img_15_21_13,samh,boxes,1,0,0.9473646408178412,0.7601728483975513,-0.5737700175877068
osteoclasts,m2_img_11_18_4,samh,boxes,1,0,0.9137436576218839,0.7676767676767676,-0.0041893953402366915
osteoclasts,m5_img_3_12_16,samh,boxes,1,0,0.7508457374830853,0.21048999309868874,-0.7494683801775148
osteoclasts,m5_img_1_12_0,samh,boxes,1,0,0.8220779220779221,0.2714285714285714,-0.060674001479289925
osteoclasts,m1_img_9_1_4,samh,boxes,1,0,0.9047660999030922,0.4055766793409379,0.1512516179733728
osteoclasts,m4_img_11_10_18,samh,boxes,1,0,0.9556368829777738,0.7642069550466497,0.02138036242603572
osteoclasts,m4_img_9_11_9,samh,boxes,1,0,0.9399651666734173,0.7672162948593598,-0.9954870099852076
osteoclasts,m1_img_1_5_11,samh,boxes,1,0,0.9464109155625865,0.8613295210864903,0.040882720044378706
osteoclasts,m2_img_9_19_12,samh,boxes,1,0,0.8245040493350174,0.17270429654591407,0.6778152736686388
osteoclasts,m3_img_23_4_7,samh,boxes,1,0,0.9625992307062771,0.9323308270676691,-0.05821814903846159
osteoclasts,m2_img_13_11_7,samh,boxes,1,0,0.7635530922788444,0.632177033492823,1.4785676312869824
osteoclasts,m5_img_9_15_5,samh,boxes,1,0,0.6619643801798625,0.24473304473304475,-1.4820347170857986
osteoclasts,m3_img_15_7_4,samh,boxes,1,0,0.9544609665427509,0.9301032565528197,-0.09736732618343194
osteoclasts,m4_img_5_16_15,samh,boxes,1,0,0.9530805373568924,0.9157303370786517,-0.03510424371301769
osteoclasts,m5_img_3_14_11,samh,boxes,1,0,0.5534675992247409,0.25208550573514077,-2.7795915772928987
osteoclasts,m1_img_11_5_9,samh,boxes,1,0,0.9522480952891941,0.7744165946413137,0.07425342085798821
osteoclasts,m1_img_5_0_8,samh,boxes,1,0,0.9534810458889006,0.764367816091954,0.036259938979289925
osteoclasts,m2_img_3_19_7,samh,boxes,1,0,0.913709257876999,0.5348061692371822,0.29600245007396464
osteoclasts,m1_img_13_11_9,samh,boxes,1,0,0.8647818524960219,0.5823686553873553,-0.022824981508875325
osteoclasts,m1_img_21_12_1,samh,boxes,1,0,0.9378015731376826,0.7859504132231405,-0.027014376849112363
osteoclasts,m4_img_9_16_9,samh,boxes,1,0,0.9679579148732664,0.8702819956616052,-0.07584250184911254
osteoclasts,m3_img_25_7_13,samh,boxes,1,0,0.949219479653102,0.7418004187020237,-0.007078633505917115
osteoclasts,m1_img_5_16_5,samh,boxes,1,0,0.9475336909590475,0.8075855689176689,0.008089866863905323
osteoclasts,m5_img_7_10_12,samh,boxes,1,0,0.8311212498271809,0.3918533604887984,-0.6388105584319528
osteoclasts,m3_img_11_4_18,samh,boxes,1,0,0.9552935772793386,0.7116864940517844,-0.10863535502958557
osteoclasts,m1_img_11_12_14,samh,boxes,1,0,0.9415836154238922,0.5778688524590164,0.07642034948224866
osteoclasts,m1_img_3_11_16,samh,boxes,1,0,0.9004244782454899,0.4937888198757764,0.12712647928994086
osteoclasts,m2_img_13_3_8,samh,boxes,1,0,0.9323704601760582,0.780064308681672,0.1266930935650888
osteoclasts,m4_img_19_12_16,samh,boxes,1,0,0.5003631082062454,0.4875717017208413,0.3808015902366864
osteoclasts,m3_img_29_14_1,samh,boxes,1,0,0.9348179490034517,0.6640502354788069,-0.30669263128698215
osteoclasts,m5_img_3_8_13,samh,boxes,1,0,0.8516185096676081,0.4396039603960396,-0.42775171042899396
osteoclasts,m4_img_23_9_20,samh,boxes,1,0,0.887344790724447,0.4988229139419304,-1.5416974852070997
osteoclasts,m1_img_9_7_13,samh,boxes,1,0,0.9622897609914429,0.9601181683899557,-0.05966276812130172
osteoclasts,m3_img_1_4_18,samh,boxes,1,0,0.9181281065366219,0.7136222910216719,0.07873174001479287
osteoclasts,m5_img_1_5_11,samh,boxes,1,0,0.8526545342262192,0.5109583154275892,-0.4800469212278107
osteoclasts,m2_img_17_14_13,samh,boxes,1,0,0.5901084010840109,0.6338418862690708,0.1724875184911243
osteoclasts,m5_img_7_7_2,samh,boxes,1,0,0.7306340024951797,0.13188073394495411,-0.316804964866864
osteoclasts,m4_img_7_11_17,samh,boxes,1,0,0.9676551160667083,0.9158878504672897,-0.004767242973372811
osteoclasts,m1_img_5_13_12,samh,boxes,1,0,0.9230271668822768,0.6404160475482912,0.014157267011834403
osteoclasts,m4_img_3_15_20,samh,boxes,1,0,0.9408463397648601,0.49765990639625585,-0.3828240569526631
osteoclasts,m4_img_3_5_9,samh,boxes,1,0,0.9522906870830359,0.495483288166215,-1.0687291974852076
osteoclasts,m3_img_1_13_9,samh,boxes,1,0,0.9412311265969803,0.8343373493975904,-0.051139515532544394
osteoclasts,m2_img_9_12_2,samh,boxes,1,0,0.9642569634519401,0.9155555555555556,-0.04738350591716005
osteoclasts,m1_img_21_5_18,samh,boxes,1,0,0.9735398958047711,0.9765625,-0.019068971893491243
osteoclasts,m1_img_15_2_6,samh,boxes,1,0,0.9665444546287809,0.92018779342723,-0.009823409763313595
osteoclasts,m4_img_5_20_6,samh,boxes,1,0,0.9138852185902223,0.6549100968188105,0.04348303439349124
osteoclasts,m5_img_3_13_14,samh,boxes,1,0,0.7351507733392678,0.3243019076582803,-1.4753894693047336
osteoclasts,m2_img_7_15_12,samh,boxes,1,0,0.9392635670415097,0.661409561360276,-0.004189395340236865
osteoclasts,m1_img_3_12_12,samh,boxes,1,0,0.9585621567648527,0.975,-0.0007223095414201275
osteoclasts,m5_img_1_2_9,samh,boxes,1,0,0.8843176189732491,0.44369925873632193,-0.5834816475591715
osteoclasts,m4_img_19_17_14,samh,boxes,1,0,0.8857938718662952,0.6871165644171779,-0.0210914386094674
osteoclasts,m1_img_1_12_0,samh,boxes,1,0,0.9609138453069089,0.851063829787234,0.001733542899408358
osteoclasts,m2_img_21_7_18,samh,boxes,1,0,0.8652522935779816,0.5626740947075209,0.031203772189349097
osteoclasts,m4_img_13_11_14,samh,boxes,1,0,0.937460569428333,0.7101501072194425,0.2448629345414198
osteoclasts,m1_img_17_15_13,samh,boxes,1,0,0.9224549003873397,0.45577830188679247,0.24312939164201214
osteoclasts,m2_img_19_8_2,samh,boxes,1,0,0.959831423679705,0.7679905623279591,0.08725499260355055
osteoclasts,m3_img_17_1_10,samh,boxes,1,0,0.9591909577632362,0.8994197292069632,-0.007367557322485261
osteoclasts,m5_img_9_11_2,samh,boxes,1,0,0.6884691288412743,0.2630841121495327,-1.0350695728550297
osteoclasts,m3_img_33_6_3,samh,boxes,1,0,0.9288021868787276,0.8163568773234201,-0.031781619822485174
osteoclasts,m3_img_13_5_6,samh,boxes,1,0,0.9400072280448138,0.9195230998509687,-0.03293731508875737
osteoclasts,m4_img_1_12_7,samh,boxes,1,0,0.9618274615439144,0.6265496852946786,-0.7312661797337263
osteoclasts,m3_img_11_3_9,samh,boxes,1,0,0.9690206047078761,0.8910653607835299,-0.16208626109467522
osteoclasts,m5_img_1_3_14,samh,points_bg,0,0,0.13974220796004858,0.06414111044297455,24.840080667529584
osteoclasts,m3_img_9_5_7,samh,points_bg,0,0,0.43397468900037117,0.19618856569709128,6.618233404215975
osteoclasts,m3_img_5_9_10,samh,points_bg,0,0,0.6656640899508082,0.34352025371197925,2.837231878698225
osteoclasts,m5_img_7_8_10,samh,points_bg,0,0,0.36328600810719064,0.06583186432435718,5.816325351331361
osteoclasts,m5_img_5_19_10,samh,points_bg,0,0,0.06371184931775298,0.01922508133688258,48.31297383505917
osteoclasts,m3_img_33_18_11,samh,points_bg,0,0,0.8156282510692405,0.46075085324232085,0.16829812315088763
osteoclasts,m4_img_19_6_14,samh,points_bg,0,0,0.6777029323610295,0.2760846862242476,5.966276812130178
osteoclasts,m2_img_7_8_5,samh,points_bg,0,0,0.8846377517209667,0.47292496501238024,0.9644276997041414
osteoclasts,m4_img_13_6_8,samh,points_bg,0,0,0.6912754005132117,0.29399981790039154,4.741817677514792
osteoclasts,m1_img_7_15_13,samh,points_bg,0,0,0.19265094178412556,0.04697945035899975,41.20978180473372
osteoclasts,m1_img_7_17_4,samh,points_bg,0,0,0.7755102040816326,0.2882991556091677,0.2751999352810651
osteoclasts,m4_img_23_8_3,samh,points_bg,0,0,0.07674798627230028,0.05856174774957014,41.52514215051775
osteoclasts,m4_img_3_18_20,samh,points_bg,0,0,0.8333922552970845,0.25904236996210817,0.5921493620562133
osteoclasts,m2_img_13_7_8,samh,points_bg,0,0,0.5189755488758812,0.2804878048780488,4.647339589497042
osteoclasts,m3_img_13_10_12,samh,points_bg,0,0,0.37116100114254463,0.18024296675191817,7.180479151257396
osteoclasts,m1_img_5_6_12,samh,points_bg,0,0,0.29490433424443574,0.12368179734066942,6.087913738905325
osteoclasts,m5_img_7_9_8,samh,points_bg,0,0,0.20141365477739143,0.08116336312993912,21.171037120931953
osteoclasts,m3_img_15_10_13,samh,points_bg,0,0,0.6144250705278542,0.24349881796690306,2.8456106693786976
osteoclasts,m3_img_13_9_9,samh,points_bg,0,0,0.14459995509318166,0.07183280381254964,16.33546366494083
osteoclasts,m2_img_7_19_7,samh,points_bg,0,0,0.04483020061491518,0.008400465256537286,29.66135239460059
osteoclasts,m2_img_13_0_8,samh,points_bg,0,0,0.4768771976676904,0.13617586308645618,3.377808339497042
osteoclasts,m2_img_3_5_6,samh,points_bg,0,0,0.2115474940998417,0.06940942269409422,19.427670811760358
osteoclasts,m2_img_21_10_0,samh,points_bg,0,0,0.9790275557227499,0.7770562770562771,-0.02311390532544373
osteoclasts,m3_img_21_17_4,samh,points_bg,0,0,0.00024370567077884971,0.0016944665078104317,34.37124399038461
osteoclasts,m3_img_21_11_14,samh,points_bg,0,0,0.864613373322567,0.4284237726098191,0.37458972818047337
osteoclasts,m5_img_1_19_3,samh,points_bg,0,0,0.0017905102954341987,0.010177157934413872,3.8704526520410996
osteoclasts,m1_img_9_14_0,samh,points_bg,0,0,0.09757322557815674,0.011986637846335232,5.706678762943787
osteoclasts,m3_img_3_10_4,samh,points_bg,0,0,0.3812327784697845,0.16188732967256458,2.281197993713018
osteoclasts,m2_img_9_19_10,samh,points_bg,0,0,0.45457546910251473,0.1327627026042615,2.6404747596153846
osteoclasts,m5_img_1_5_17,samh,points_bg,0,0,0.05177425678195431,0.03134680290350918,57.14999768860947
osteoclasts,m2_img_5_18_12,samh,points_bg,0,0,0.4461747971894764,0.08341810783316378,8.187667575813611
osteoclasts,m5_img_3_5_7,samh,points_bg,0,0,0.5274250816645363,0.2615468212280384,2.1667841623520707
osteoclasts,m5_img_3_5_13,samh,points_bg,0,0,0.13672027947136384,0.07220596175158421,48.62934541420118
osteoclasts,m4_img_1_18_4,samh,points_bg,0,0,0.6489712851564466,0.2295681873627714,6.246099528476331
osteoclasts,m5_img_5_8_10,samh,points_bg,0,0,0.09350499059742515,0.07446393762183236,71.59849990754438
osteoclasts,m2_img_11_7_8,samh,points_bg,0,0,0.6944546321425952,0.29397954049974845,2.2801867603550297
osteoclasts,m4_img_9_8_2,samh,points_bg,0,0,0.1657181507013097,0.04863354579586135,35.279042622041416
osteoclasts,m2_img_3_2_11,samh,points_bg,0,0,0.556121438293576,0.18466035457838215,9.826154539571007
osteoclasts,m4_img_15_21_13,samh,points_bg,0,0,0.9387905689744624,0.6230856494611458,-0.11122489123391588
osteoclasts,m2_img_11_18_4,samh,points_bg,0,0,0.18584905660377357,0.06784987982991311,2.7098164755917162
osteoclasts,m5_img_3_12_16,samh,points_bg,0,0,0.0669667516776946,0.04262661118441084,80.16899154031066
osteoclasts,m5_img_1_12_0,samh,points_bg,0,0,0.17612403100775192,0.04230393752033843,1.8238315920857988
osteoclasts,m1_img_9_1_4,samh,points_bg,0,0,0.24959220937309798,0.0395090141925585,4.4452373798076925
osteoclasts,m4_img_11_10_18,samh,points_bg,0,0,0.5968586387434555,0.26311475409836066,1.9994972725591715
osteoclasts,m4_img_9_11_9,samh,points_bg,0,0,0.7423444372023652,0.28368900164154603,5.773420164571006
osteoclasts,m1_img_1_5_11,samh,points_bg,0,0,0.08421161337701306,0.04077294685990338,23.028817261464496
osteoclasts,m2_img_9_19_12,samh,points_bg,0,0,0.7477926804610097,0.13290113452188007,1.0759522928994083
osteoclasts,m3_img_23_4_7,samh,points_bg,0,0,0.6692624318611636,0.26992376992376993,0.7737379807692308
osteoclasts,m2_img_13_11_7,samh,points_bg,0,0,0.26892793645662566,0.08779855272514327,17.798862795857985
osteoclasts,m5_img_9_15_5,samh,points_bg,0,0,0.08464254301311237,0.042629661059252234,74.74040195081362
osteoclasts,m3_img_15_7_4,samh,points_bg,0,0,0.9413130550879434,0.8339622641509434,-0.09577824519230761
osteoclasts,m4_img_5_16_15,samh,points_bg,0,0,0.3559781944410492,0.12671985200601227,3.691435142381657
osteoclasts,m5_img_3_14_11,samh,points_bg,0,0,0.2645401758758609,0.08332194588685433,17.04058223927515
osteoclasts,m1_img_11_5_9,samh,points_bg,0,0,0.6118368894557237,0.21842496285289748,1.5727567954881658
osteoclasts,m1_img_5_0_8,samh,points_bg,0,0,0.7557958548373884,0.19010416666666666,0.42399570081360943
osteoclasts,m2_img_3_19_7,samh,points_bg,0,0,0.15884242188649908,0.03877490919799745,32.18683547522189
osteoclasts,m1_img_13_11_9,samh,points_bg,0,0,0.43469165829646295,0.1851682307164111,9.572479428624261
osteoclasts,m1_img_21_12_1,samh,points_bg,0,0,0.6515365726616563,0.3424260011607661,-0.27115500184911234
osteoclasts,m4_img_9_16_9,samh,points_bg,0,0,0.4215208642236814,0.14694287147874704,9.344662999260356
osteoclasts,m3_img_25_7_13,samh,points_bg,0,0,0.8971041894715892,0.4735494880546075,0.3860022189349114
osteoclasts,m1_img_5_16_5,samh,points_bg,0,0,0.1561689797163337,0.04928017718715393,4.430502265162722
osteoclasts,m5_img_7_10_12,samh,points_bg,0,0,0.3465891164487853,0.08206861369723249,5.712746163091715
osteoclasts,m3_img_11_4_18,samh,points_bg,0,0,0.7883174922892932,0.3119952138797487,0.7072855029585802
osteoclasts,m1_img_11_12_14,samh,points_bg,0,0,0.5346769413159455,0.17066583567051002,3.4042448687130173
osteoclasts,m1_img_3_11_16,samh,points_bg,0,0,0.09293833348250247,0.046370411261385594,14.634280232988164
osteoclasts,m2_img_13_3_8,samh,points_bg,0,0,0.31683558356910074,0.1158886602404419,5.453725961538463
osteoclasts,m4_img_19_12_16,samh,points_bg,0,0,0.2549489569462938,0.09376664890783165,1.2124687962278107
osteoclasts,m3_img_29_14_1,samh,points_bg,0,0,0.12733963191280265,0.11797612089838858,44.949033838757394
osteoclasts,m5_img_3_8_13,samh,points_bg,0,0,0.051704677488961924,0.023687559137329114,65.87347448224853
osteoclasts,m4_img_23_9_20,samh,points_bg,0,0,0.47652308886301903,0.15659558583360553,16.04755108173077
osteoclasts,m1_img_9_7_13,samh,points_bg,0,0,0.6715876187757432,0.3247140726006962,1.0347806490384617
osteoclasts,m3_img_1_4_18,samh,points_bg,0,0,0.5851276620778915,0.18544407894736842,0.9938979289940829
osteoclasts,m5_img_1_5_11,samh,points_bg,0,0,0.582713384471084,0.22869871913866716,3.277696237056213
osteoclasts,m2_img_17_14_13,samh,points_bg,0,0,0.14573877962682805,0.14047619047619048,1.4648437499999998
osteoclasts,m5_img_7_7_2,samh,points_bg,0,0,0.5776852622814321,0.10072747621712368,0.14446190828402358
osteoclasts,m4_img_7_11_17,samh,points_bg,0,0,0.4163040618485762,0.14510549982704946,4.127421181582839
osteoclasts,m1_img_5_13_12,samh,points_bg,0,0,0.5947453600082642,0.2187028657616893,1.5294182230029585
osteoclasts,m4_img_3_15_20,samh,points_bg,0,0,0.9324327073711624,0.400451467268623,-0.335296089127219
osteoclasts,m4_img_3_5_9,samh,points_bg,0,0,0.819617960545175,0.2587685113016368,3.175706129807691
osteoclasts,m3_img_1_13_9,samh,points_bg,0,0,0.4965566373782949,0.23593398349587397,1.1383598372781067
osteoclasts,m2_img_9_12_2,samh,points_bg,0,0,0.5068399025548129,0.2353846153846154,3.3016769138313613
osteoclasts,m1_img_21_5_18,samh,points_bg,0,0,0.5514179198257446,0.22983014861995754,1.3222598465236686
osteoclasts,m1_img_15_2_6,samh,points_bg,0,0,0.6311481400277716,0.26136363636363635,0.7059853457840236
osteoclasts,m4_img_5_20_6,samh,points_bg,0,0,0.05709838232432686,0.016380105223192495,40.59032914201183
osteoclasts,m5_img_3_13_14,samh,points_bg,0,0,0.14259591199514296,0.047681213477558125,32.00755824704142
osteoclasts,m2_img_7_15_12,samh,points_bg,0,0,0.2778366548625292,0.08772053634438956,11.893404447115383
osteoclasts,m1_img_3_12_12,samh,points_bg,0,0,0.33990318118948826,0.1731190650109569,0.5454881656804734
osteoclasts,m5_img_1_2_9,samh,points_bg,0,0,0.22775259170021875,0.06128122317157925,20.282162999260358
osteoclasts,m4_img_19_17_14,samh,points_bg,0,0,0.3488197263569388,0.132013874719445,2.4737657174556213
osteoclasts,m1_img_1_12_0,samh,points_bg,0,0,0.6889612878497509,0.2163265306122449,0.4596777921597633
osteoclasts,m2_img_21_7_18,samh,points_bg,0,0,0.5926331145149526,0.19500594530321047,0.3195497411242604
osteoclasts,m4_img_13_11_14,samh,points_bg,0,0,0.35962418098652493,0.10189544103072348,11.843276164940827
osteoclasts,m1_img_17_15_13,samh,points_bg,0,0,0.5519085683053709,0.14666783277942977,5.683275933801775
osteoclasts,m2_img_19_8_2,samh,points_bg,0,0,0.6683878241262683,0.20626337726709473,4.125832100591715
osteoclasts,m3_img_17_1_10,samh,points_bg,0,0,0.5935456048300151,0.2656943563728599,0.7883286335059171
osteoclasts,m5_img_9_11_2,samh,points_bg,0,0,0.1241856248286913,0.026626056199646295,22.78482109837278
osteoclasts,m3_img_33_6_3,samh,points_bg,0,0,0.5251200785331136,0.1835298257962344,1.7634465144230769
osteoclasts,m3_img_13_5_6,samh,points_bg,0,0,0.40500920810313074,0.19287548138639282,1.1286808894230769
osteoclasts,m4_img_1_12_7,samh,points_bg,0,0,0.879492037809759,0.3994996737002393,1.9563031619822508
osteoclasts,m3_img_11_3_9,samh,points_bg,0,0,0.8620424315708475,0.48176541452195815,1.6277967825443787
osteoclasts,m5_img_1_3_14,samh,points,2,0,0.08081961561665087,0.038212697128993126,48.856439534023664
osteoclasts,m3_img_9_5_7,samh,points,2,0,0.07662074471351661,0.03879849812265332,65.12371717825444
osteoclasts,m3_img_5_9_10,samh,points,2,0,0.10040322986113207,0.08850789339670684,64.39028406989645
osteoclasts,m5_img_7_8_10,samh,points,2,0,0.0828513252968629,0.09058182525783226,87.55373982988166
osteoclasts,m5_img_5_19_10,samh,points,2,0,0.062382655648289,0.02369912416280268,49.41709620007396
osteoclasts,m3_img_33_18_11,samh,points,2,0,0.9221316949378924,0.7771428571428571,0.00014446190828402983
osteoclasts,m4_img_19_6_14,samh,points,2,0,0.13519152644304527,0.046737311767986615,81.42797707100591
osteoclasts,m2_img_7_8_5,samh,points,2,0,0.8176929200367032,0.3738865956984575,3.374196791789942
osteoclasts,m4_img_13_6_8,samh,points,2,0,0.2085258619161795,0.03015574191340065,45.13495631471894
osteoclasts,m1_img_7_15_13,samh,points,2,0,0.11071856599447658,0.07931920359666024,85.82872018306212
osteoclasts,m1_img_7_17_4,samh,points,2,0,0.9363849765258216,0.48758465011286684,-0.0017335428994082712
osteoclasts,m4_img_23_8_3,samh,points,2,0,0.9501724966155727,0.5042372881355932,-0.1648310373520711
osteoclasts,m4_img_3_18_20,samh,points,2,0,0.9374345405435202,0.43513295729250606,-0.2958579881656806
osteoclasts,m2_img_13_7_8,samh,points,2,0,0.21765915066528563,0.11208706606942889,33.53928786057693
osteoclasts,m3_img_13_10_12,samh,points,2,0,0.07303155068373361,0.14342774146695716,95.4725637943787
osteoclasts,m1_img_5_6_12,samh,points,2,0,0.04250800357556518,0.03091177762690203,61.691157775517745
osteoclasts,m5_img_7_9_8,samh,points,2,0,0.08518371712125405,0.05450755071947933,69.22961353550296
osteoclasts,m3_img_15_10_13,samh,points,2,0,0.13635157902283399,0.04359917466582937,34.645721616124256
osteoclasts,m3_img_13_9_9,samh,points,2,0,0.03823805202092285,0.014562746117839365,73.7567608173077
osteoclasts,m2_img_7_19_7,samh,points,2,0,0.05467349189739529,0.011747430249632892,24.14377426960059
osteoclasts,m2_img_13_0_8,samh,points,2,0,0.03865094708450052,0.017164653528289893,77.43938378328401
osteoclasts,m2_img_3_5_6,samh,points,2,0,0.06038202682260134,0.04995856517106665,82.56229197485206
osteoclasts,m2_img_21_10_0,samh,points,2,0,0.9804005722460658,0.7963875205254516,-0.10863535502958592
osteoclasts,m3_img_21_17_4,samh,points,2,0,8.580821506398969e-05,0.014293276866066702,80.80057900332841
osteoclasts,m3_img_21_11_14,samh,points,2,0,0.9729422564147397,0.8947368421052632,-0.07757604474852055
osteoclasts,m5_img_1_19_3,samh,points,2,0,0.07377049180327869,0.30303030303030304,0.02834860686846246
osteoclasts,m1_img_9_14_0,samh,points,2,0,0.8407009159697332,0.4049586776859504,0.10430149778106507
osteoclasts,m3_img_3_10_4,samh,points,2,0,0.630561912026443,0.3954968184043074,0.726643398668639
osteoclasts,m2_img_9_19_10,samh,points,2,0,0.05378615077018389,0.08043327955750172,43.55974366678994
osteoclasts,m5_img_1_5_17,samh,points,2,0,0.03715460491275911,0.015271694092577247,84.87093773113905
osteoclasts,m2_img_5_18_12,samh,points,2,0,0.10022657900728779,0.07583115427717595,81.62401188054734
osteoclasts,m5_img_3_5_7,samh,points,2,0,0.8453062599239763,0.5443412162162162,0.08335452107988174
osteoclasts,m5_img_3_5_13,samh,points,2,0,0.10614112897059048,0.03285001375299619,67.37790079511834
osteoclasts,m4_img_1_18_4,samh,points,2,0,0.17886261547588778,0.04800687285223368,62.860432461168635
osteoclasts,m5_img_5_8_10,samh,points,2,0,0.07947180121357414,0.06639089968976215,94.38779932507396
osteoclasts,m2_img_11_7_8,samh,points,2,0,0.19799397061315885,0.06916783292065884,22.531001525517752
osteoclasts,m4_img_9_8_2,samh,points,2,0,0.14646071383300435,0.07317744154057772,40.85527228180473
osteoclasts,m2_img_3_2_11,samh,points,2,0,0.12562577309755726,0.06355653128430297,88.70813493897928
osteoclasts,m4_img_15_21_13,samh,points,2,0,0.9402151217254884,0.6298157453936348,0.15866541701379244
osteoclasts,m2_img_11_18_4,samh,points,2,0,0.05551305045842792,0.04120621839295748,10.858768259985206
osteoclasts,m5_img_3_12_16,samh,points,2,0,0.057086697086697086,0.07581155977830561,97.01917298446746
osteoclasts,m5_img_1_12_0,samh,points,2,0,0.8280678417026938,0.2926829268292683,-0.07121972078402365
osteoclasts,m1_img_9_1_4,samh,points,2,0,0.03610169016453177,0.0022166805209199226,39.74320451183432
osteoclasts,m4_img_11_10_18,samh,points,2,0,0.3481381927425093,0.06148043375766148,5.921060234837279
osteoclasts,m4_img_9_11_9,samh,points,2,0,0.3782769032265564,0.06621702637889688,30.882633367233726
osteoclasts,m1_img_1_5_11,samh,points,2,0,0.022650097975974587,0.013304336702059614,92.80464127218934
osteoclasts,m2_img_9_19_12,samh,points,2,0,0.8225483655770514,0.16568544995794784,0.6870608357988164
osteoclasts,m3_img_23_4_7,samh,points,2,0,0.9572901325478645,0.8886168910648715,-0.0577847633136095
osteoclasts,m2_img_13_11_7,samh,points,2,0,0.10393772701945193,0.046603900470746466,61.73637435281065
osteoclasts,m5_img_9_15_5,samh,points,2,0,0.07159389425440224,0.011264432554210082,93.58430219119823
osteoclasts,m3_img_15_7_4,samh,points,2,0,0.9531638974121461,0.9008587041373927,-0.08913299741124259
osteoclasts,m4_img_5_16_15,samh,points,2,0,0.025892828414712004,0.012177186893346667,83.0882777829142
osteoclasts,m5_img_3_14_11,samh,points,2,0,0.1418800460493149,0.05295044823170131,81.21576252773669
osteoclasts,m1_img_11_5_9,samh,points,2,0,0.7194028639811773,0.295697074010327,0.9429028753698224
osteoclasts,m1_img_5_0_8,samh,points,2,0,0.9353162880717123,0.6117424242424242,0.07873174001479287
osteoclasts,m2_img_3_19_7,samh,points,2,0,0.13795382561578934,0.06693877551020408,38.060223280325445
osteoclasts,m1_img_13_11_9,samh,points,2,0,0.07523478513941592,0.07023230686115613,95.41593472633136
osteoclasts,m1_img_21_12_1,samh,points,2,0,0.7808331470303301,0.49372384937238495,-0.27404424001479294
osteoclasts,m4_img_9_16_9,samh,points,2,0,0.10193759077209802,0.0335016335016335,61.808027459319526
osteoclasts,m3_img_25_7_13,samh,points,2,0,0.9467749692726981,0.7284722222222222,-0.01415726701183423
osteoclasts,m1_img_5_16_5,samh,points,2,0,0.022108515017145645,0.014002333722287048,97.2637469951923
osteoclasts,m5_img_7_10_12,samh,points,2,0,0.05472373393595671,0.04484552332912989,74.57744891826924
osteoclasts,m3_img_11_4_18,samh,points,2,0,0.218639415285908,0.09243455748393901,13.589531712278106
osteoclasts,m1_img_11_12_14,samh,points,2,0,0.09695226451958884,0.037728026533996685,69.48097725591717
osteoclasts,m1_img_3_11_16,samh,points,2,0,0.02570084239184044,0.006161897526800034,57.074588572485204
osteoclasts,m2_img_13_3_8,samh,points,2,0,0.02695553558628439,0.043284877413755696,94.32452500924556
osteoclasts,m4_img_19_12_16,samh,points,2,0,0.404331101296481,0.2795031055900621,0.5990835336538461
osteoclasts,m3_img_29_14_1,samh,points,2,0,0.08721748727127714,0.048681972789115645,71.09071629992604
osteoclasts,m5_img_3_8_13,samh,points,2,0,0.03694069566900226,0.02506619593998235,97.76777459319527
osteoclasts,m4_img_23_9_20,samh,points,2,0,0.1641308181608105,0.0018873011593421407,79.42631286982248
osteoclasts,m1_img_9_7_13,samh,points,2,0,0.38745479769837843,0.15772398302969803,3.8442758413461537
osteoclasts,m3_img_1_4_18,samh,points,2,0,0.9169472502805837,0.7078825347758887,0.08292113535502957
osteoclasts,m5_img_1_5_11,samh,points,2,0,0.08127385244770088,0.05348571428571428,89.354457516642
osteoclasts,m2_img_17_14_13,samh,points,2,0,0.3116883116883117,0.20250521920668058,0.06861940643491127
osteoclasts,m5_img_7_7_2,samh,points,2,0,0.7223737318642959,0.13694267515923567,-0.2662432969674557
osteoclasts,m4_img_7_11_17,samh,points,2,0,0.45010458427749694,0.16135418728964562,3.6196375739644973
osteoclasts,m1_img_5_13_12,samh,points,2,0,0.7165387182910548,0.3450789793438639,0.7965629622781065
osteoclasts,m4_img_3_15_20,samh,points,2,0,0.07863098493435706,0.0,87.1293107433432
osteoclasts,m4_img_3_5_9,samh,points,2,0,0.5661609595971723,0.11031873992310555,17.574802376109467
osteoclasts,m3_img_1_13_9,samh,points,2,0,0.6025413711583925,0.40640569395017795,0.6604798446745562
osteoclasts,m2_img_9_12_2,samh,points,2,0,0.6121457895263843,0.3233245255825126,2.1345691568047336
osteoclasts,m1_img_21_5_18,samh,points,2,0,0.769693713057496,0.5654420206659012,0.561956823224852
osteoclasts,m1_img_15_2_6,samh,points,2,0,0.861214249874561,0.5586206896551724,0.16887597078402358
osteoclasts,m4_img_5_20_6,samh,points,2,0,0.028206777145683898,0.0,85.13775887573965
osteoclasts,m5_img_3_13_14,samh,points,2,0,0.08009651692963352,0.034967060015927025,84.2331384060651
osteoclasts,m2_img_7_15_12,samh,points,2,0,0.05683927652846523,0.03431930223739098,79.09592848557693
osteoclasts,m1_img_3_12_12,samh,points,2,0,0.9601593625498008,0.9752066115702479,0.0
osteoclasts,m5_img_1_2_9,samh,points,2,0,0.0776664065782366,0.022237046920169,81.99614575628699
osteoclasts,m4_img_19_17_14,samh,points,2,0,0.8377069035123133,0.5304937076476283,0.061829696745562164
osteoclasts,m1_img_1_12_0,samh,points,2,0,0.9628206887090136,0.8479809976247031,0.0050561667899408705
osteoclasts,m2_img_21_7_18,samh,points,2,0,0.779261586802828,0.5324675324675324,0.07902066383136093
osteoclasts,m4_img_13_11_14,samh,points,2,0,0.12250268107033559,0.034158132434323515,48.37567030325444
osteoclasts,m1_img_17_15_13,samh,points,2,0,0.09097478151948042,0.029342296511627907,90.6421909670858
osteoclasts,m2_img_19_8_2,samh,points,2,0,0.08722608324104675,0.05085536547433903,90.71254391642012
osteoclasts,m3_img_17_1_10,samh,points,2,0,0.9600379461638799,0.8951456310679612,-0.0033226238905325993
osteoclasts,m5_img_9_11_2,samh,points,2,0,0.07305498838273604,0.015413234121711401,46.67289779031065
osteoclasts,m3_img_33_6_3,samh,points,2,0,0.0697371710327825,0.02420602093299284,31.160144693047336
osteoclasts,m3_img_13_5_6,samh,points,2,0,0.3111631995312042,0.30735930735930733,-0.3393410225591716
osteoclasts,m4_img_1_12_7,samh,points,2,0,0.5854575112790493,0.15889199255121042,16.791818833210062
osteoclasts,m3_img_11_3_9,samh,points,2,0,0.9225207620908646,0.6140986347171914,0.6434333394970417
osteoclasts,m5_img_1_3_14,samh,points_bg,1,0,0.14255520878599928,0.06512884781076213,24.472425110946745
osteoclasts,m3_img_9_5_7,samh,points_bg,1,0,0.6059798197954983,0.2582562747688243,3.114309818786982
osteoclasts,m3_img_5_9_10,samh,points_bg,1,0,0.7132679649963098,0.3794887878312686,2.150026580991124
osteoclasts,m5_img_7_8_10,samh,points_bg,1,0,0.4163301254511084,0.08176058236721488,4.797291050295859
osteoclasts,m5_img_5_19_10,samh,points_bg,1,0,0.06229760395936613,0.015604833978646017,49.48441544933432
osteoclasts,m3_img_33_18_11,samh,points_bg,1,0,0.882873892977423,0.5807860262008734,0.07670927329881663
osteoclasts,m4_img_19_6_14,samh,points_bg,1,0,0.31659518168450496,0.06629433295468888,27.447040264423077
osteoclasts,m2_img_7_8_5,samh,points_bg,1,0,0.8756582974058206,0.4591333543174903,1.0795638406065096
osteoclasts,m4_img_13_6_8,samh,points_bg,1,0,0.7071086686757667,0.28752642706131076,4.376040125739644
osteoclasts,m1_img_7_15_13,samh,points_bg,1,0,0.20439395045573758,0.060780099362249394,40.242464866863905
osteoclasts,m1_img_7_17_4,samh,points_bg,1,0,0.6340935446463085,0.13229974160206717,0.6360657821745562
osteoclasts,m4_img_23_8_3,samh,points_bg,1,0,0.19782768808784065,0.044024514811031666,13.591409717085797
osteoclasts,m4_img_3_18_20,samh,points_bg,1,0,0.9177523993351563,0.319693094629156,-0.14850684171597642
osteoclasts,m2_img_13_7_8,samh,points_bg,1,0,0.4602236054335972,0.23494790961980788,7.682917668269232
osteoclasts,m3_img_13_10_12,samh,points_bg,1,0,0.36837620443287483,0.1865125714636995,7.81466692862426
osteoclasts,m1_img_5_6_12,samh,points_bg,1,0,0.3651131880419418,0.1133714013799667,4.056056998890532
osteoclasts,m5_img_7_9_8,samh,points_bg,1,0,0.3153585853072809,0.11064531953797441,10.492846246301776
osteoclasts,m3_img_15_10_13,samh,points_bg,1,0,0.6168046402212366,0.2178910544727636,2.3898333487426036
osteoclasts,m3_img_13_9_9,samh,points_bg,1,0,0.17560213170630662,0.09376761666144691,12.376629530325445
osteoclasts,m2_img_7_19_7,samh,points_bg,1,0,0.07497035511452288,0.0191958495460441,17.121336446005916
osteoclasts,m2_img_13_0_8,samh,points_bg,1,0,0.4797321428571429,0.12661039537983118,3.3584504437869827
osteoclasts,m2_img_3_5_6,samh,points_bg,1,0,0.30649394206179514,0.10944935418082936,11.744030833949704
osteoclasts,m2_img_21_10_0,samh,points_bg,1,0,0.9676887570062644,0.6751025991792066,-0.03322623890532547
osteoclasts,m3_img_21_17_4,samh,points_bg,1,0,0.012256267409470752,0.039504716981132074,0.7683928901627218
osteoclasts,m3_img_21_11_14,samh,points_bg,1,0,0.7095577835748185,0.25097803189888657,1.213913415310651
osteoclasts,m5_img_1_19_3,samh,points_bg,1,0,0.002471933257802039,0.008733624454148471,2.8015944645006017
osteoclasts,m1_img_9_14_0,samh,points_bg,1,0,0.03221721897968817,0.005974842767295598,18.660000231139055
osteoclasts,m3_img_3_10_4,samh,points_bg,1,0,0.506394640682095,0.23445403153823266,1.300446098372781
osteoclasts,m2_img_9_19_10,samh,points_bg,1,0,0.3579036382306159,0.08862240421175782,4.564851839866864
osteoclasts,m5_img_1_5_17,samh,points_bg,1,0,0.0649171142013176,0.038400374181478014,43.228636973002956
osteoclasts,m2_img_5_18_12,samh,points_bg,1,0,0.1919762091005828,0.03971742543171115,31.895744730029584
osteoclasts,m5_img_3_5_7,samh,points_bg,1,0,0.41211135054311976,0.17159476490547745,3.6508413461538463
osteoclasts,m5_img_3_5_13,samh,points_bg,1,0,0.17532467532467533,0.07142650253439536,32.611697947485204
osteoclasts,m4_img_1_18_4,samh,points_bg,1,0,0.6914775701222329,0.24106267272889365,4.925573224852071
osteoclasts,m5_img_5_8_10,samh,points_bg,1,0,0.09919962400849167,0.07058553913143119,64.24524431397928
osteoclasts,m2_img_11_7_8,samh,points_bg,1,0,0.6857287908182692,0.2631743549648163,2.3698976053994083
osteoclasts,m4_img_9_8_2,samh,points_bg,1,0,0.15879127175105173,0.06669997501873595,37.114720090606504
osteoclasts,m2_img_3_2_11,samh,points_bg,1,0,0.6433796271525861,0.2172290720311486,6.119261973002958
osteoclasts,m4_img_15_21_13,samh,points_bg,1,0,0.9326476713476283,0.6300649551500155,-0.22461931870776594
osteoclasts,m2_img_11_18_4,samh,points_bg,1,0,0.15276938927772055,0.046165209897821004,3.407134106878698
osteoclasts,m5_img_3_12_16,samh,points_bg,1,0,0.06414423214409076,0.03603294440631435,84.04519346338758
osteoclasts,m5_img_1_12_0,samh,points_bg,1,0,0.4734959349593496,0.12919051512673754,0.3828240569526628
osteoclasts,m1_img_9_1_4,samh,points_bg,1,0,0.040235697466916055,0.0010969422734128616,35.50685905140533
osteoclasts,m4_img_11_10_18,samh,points_bg,1,0,0.4950969316281802,0.16753825295370908,3.17816198224852
osteoclasts,m4_img_9_11_9,samh,points_bg,1,0,0.7543274119265506,0.30687034984961215,5.323999167899409
osteoclasts,m1_img_1_5_11,samh,points_bg,1,0,0.12297016655685201,0.048539787443065106,15.17008945081361
osteoclasts,m2_img_9_19_12,samh,points_bg,1,0,0.784353909755839,0.13249001331557922,0.8776060928254438
osteoclasts,m3_img_23_4_7,samh,points_bg,1,0,0.6658504007123776,0.28909774436090224,0.7722933616863905
osteoclasts,m2_img_13_11_7,samh,points_bg,1,0,0.18926677564690403,0.06995253221028588,29.00535086908284
osteoclasts,m5_img_9_15_5,samh,points_bg,1,0,0.08453014176173416,0.04499390072252979,70.64866286057693
osteoclasts,m3_img_15_7_4,samh,points_bg,1,0,0.9242714076741307,0.7782312925170068,-0.016757581360946593
osteoclasts,m4_img_5_16_15,samh,points_bg,1,0,0.3945221760034574,0.13302585265202088,3.130200628698225
osteoclasts,m5_img_3_14_11,samh,points_bg,1,0,0.22575082085730638,0.07685484381929925,23.585717917899412
osteoclasts,m1_img_11_5_9,samh,points_bg,1,0,0.819356719463609,0.47150837988826816,0.3550873705621304
osteoclasts,m1_img_5_0_8,samh,points_bg,1,0,0.7221873035826524,0.15712187958883994,0.4992603550295858
osteoclasts,m2_img_3_19_7,samh,points_bg,1,0,0.14094121265201606,0.051553799173702175,37.12439903846153
osteoclasts,m1_img_13_11_9,samh,points_bg,1,0,0.44329064658945094,0.177725833207661,9.169719628328401
osteoclasts,m1_img_21_12_1,samh,points_bg,1,0,0.6975167828977383,0.3045708955223881,0.003900471523668632
osteoclasts,m4_img_9_16_9,samh,points_bg,1,0,0.38656425912016734,0.12842520185644352,10.863679964866863
osteoclasts,m3_img_25_7_13,samh,points_bg,1,0,0.854448833709556,0.3634692001225866,0.7228873890532543
osteoclasts,m1_img_5_16_5,samh,points_bg,1,0,0.32063800645075774,0.09450361121312278,4.339057877218934
osteoclasts,m5_img_7_10_12,samh,points_bg,1,0,0.29093487872173035,0.06881502156812992,8.218871348002958
osteoclasts,m3_img_11_4_18,samh,points_bg,1,0,0.21983787965423296,0.10112447290332656,13.297140809911243
osteoclasts,m1_img_11_12_14,samh,points_bg,1,0,0.5089150662327543,0.1423704315506917,5.044320913461539
osteoclasts,m1_img_3_11_16,samh,points_bg,1,0,0.1961125726290289,0.04657694558221182,6.12648506841716
osteoclasts,m2_img_13_3_8,samh,points_bg,1,0,0.18291095472480984,0.05823259921620577,11.591334596893493
osteoclasts,m4_img_19_12_16,samh,points_bg,1,0,0.22710738573461964,0.10132412204951065,1.4119706915680474
osteoclasts,m3_img_29_14_1,samh,points_bg,1,0,0.3893940323895869,0.09305216850762683,9.681981555103551
osteoclasts,m5_img_3_8_13,samh,points_bg,1,0,0.054917317460672646,0.023396634801205907,60.80603966346154
osteoclasts,m4_img_23_9_20,samh,points_bg,1,0,0.6524616545761888,0.23779379082766516,7.563881055843195
osteoclasts,m1_img_9_7_13,samh,points_bg,1,0,0.679591668724788,0.36983588002263723,1.0019877958579881
osteoclasts,m3_img_1_4_18,samh,points_bg,1,0,0.4389120226809604,0.1027190332326284,1.7994175295857988
osteoclasts,m5_img_1_5_11,samh,points_bg,1,0,0.547040601967789,0.21814979451480332,4.206297383505918
osteoclasts,m2_img_17_14_13,samh,points_bg,1,0,0.16721059704357844,0.15793441387108934,1.2510401257396448
osteoclasts,m5_img_7_7_2,samh,points_bg,1,0,0.6213539300318037,0.11911357340720222,-0.0007223095414201491
osteoclasts,m4_img_7_11_17,samh,points_bg,1,0,0.4543184554331832,0.16885307346326836,3.4691082655325447
osteoclasts,m1_img_5_13_12,samh,points_bg,1,0,0.6560383532455674,0.26562976517230863,1.1308478180473374
osteoclasts,m4_img_3_15_20,samh,points_bg,1,0,0.9233586188856918,0.3610776035383997,-0.25613096338757413
osteoclasts,m4_img_3_5_9,samh,points_bg,1,0,0.8626214122012441,0.29582618639222413,1.932611409023667
osteoclasts,m3_img_1_13_9,samh,points_bg,1,0,0.4730549101830339,0.1966593129530413,1.2543627496301775
osteoclasts,m2_img_9_12_2,samh,points_bg,1,0,0.5188134835288857,0.2281255188444297,3.1476805196005917
osteoclasts,m1_img_21_5_18,samh,points_bg,1,0,0.2635851915999134,0.07753378378378378,5.880755362426036
osteoclasts,m1_img_15_2_6,samh,points_bg,1,0,0.5836649355904768,0.26144578313253014,0.8712497688609467
osteoclasts,m4_img_5_20_6,samh,points_bg,1,0,0.0722680531287248,0.03088399330730619,31.343466854659763
osteoclasts,m5_img_3_13_14,samh,points_bg,1,0,0.12695644765055877,0.04458449132970603,42.89897489829882
osteoclasts,m2_img_7_15_12,samh,points_bg,1,0,0.24932862408335066,0.07902235167479263,13.900847124630179
osteoclasts,m1_img_3_12_12,samh,points_bg,1,0,0.3187082042081227,0.12427287149656266,0.5956164478550295
osteoclasts,m5_img_1_2_9,samh,points_bg,1,0,0.24848555316551363,0.0585249328157659,17.790484005177515
osteoclasts,m4_img_19_17_14,samh,points_bg,1,0,0.6356308851224105,0.3325648414985591,0.5482329419378699
osteoclasts,m1_img_1_12_0,samh,points_bg,1,0,0.04909779581659134,0.0058209140073483875,20.27219512758876
osteoclasts,m2_img_21_7_18,samh,points_bg,1,0,0.5009976976208749,0.18391866913123844,0.4684899685650888
osteoclasts,m4_img_13_11_14,samh,points_bg,1,0,0.3685967318655006,0.10349342379337023,11.366985253328401
osteoclasts,m1_img_17_15_13,samh,points_bg,1,0,0.5108474338271431,0.1151469889333967,7.342420950443787
osteoclasts,m2_img_19_8_2,samh,points_bg,1,0,0.5119788719109601,0.12746774444271725,8.159497503698224
osteoclasts,m3_img_17_1_10,samh,points_bg,1,0,0.6714367021709082,0.34549878345498786,0.5551671135355029
osteoclasts,m5_img_9_11_2,samh,points_bg,1,0,0.12611953151911814,0.030448020878642887,22.217952570266274
osteoclasts,m3_img_33_6_3,samh,points_bg,1,0,0.43720876385632834,0.13971868720696584,2.6342628975591715
osteoclasts,m3_img_13_5_6,samh,points_bg,1,0,0.5705489994869164,0.33755274261603374,0.5753917806952663
osteoclasts,m4_img_1_12_7,samh,points_bg,1,0,0.8569214155432812,0.37619864742101544,2.772368481878698
osteoclasts,m3_img_11_3_9,samh,points_bg,1,0,0.8432608035985221,0.46934036939313983,2.044136002218934
osteoclasts,m5_img_1_3_14,samh,points,0,0,0.07941070033094348,0.03705447209145932,50.306548169378694
osteoclasts,m3_img_9_5_7,samh,points,0,0,0.08545357147762704,0.04872942535373953,57.656770062869825
osteoclasts,m3_img_5_9_10,samh,points,0,0,0.07447004116300313,0.1132251855925213,89.98272235576923
osteoclasts,m5_img_7_8_10,samh,points,0,0,0.08263781377662074,0.10675589547482472,91.56429132766272
osteoclasts,m5_img_5_19_10,samh,points,0,0,0.06258524352149236,0.023711340206185566,49.24648668639053
osteoclasts,m3_img_33_18_11,samh,points,0,0,0.9217832354511479,0.776034236804565,0.000866771449704179
osteoclasts,m4_img_19_6_14,samh,points,0,0,0.13466089563093075,0.042186502640283174,81.8204800758136
osteoclasts,m2_img_7_8_5,samh,points,0,0,0.8266897211844259,0.3818578085074403,2.994550896819527
osteoclasts,m4_img_13_6_8,samh,points,0,0,0.22387114829194868,0.03454769041580202,41.24719743897929
osteoclasts,m1_img_7_15_13,samh,points,0,0,0.11006470207983679,0.08589124072687675,86.23191336908283
osteoclasts,m1_img_7_17_4,samh,points,0,0,0.936604836816154,0.48758465011286684,-0.002022466715976331
osteoclasts,m4_img_23_8_3,samh,points,0,0,0.9503100165924373,0.5116525423728814,-0.164397651627219
osteoclasts,m4_img_3_18_20,samh,points,0,0,0.9373397656788421,0.43729903536977494,-0.2968692215236688
osteoclasts,m2_img_13_7_8,samh,points,0,0,0.2544426222771778,0.1157986812003768,26.881905279215978
osteoclasts,m3_img_13_10_12,samh,points,0,0,0.07307791249105225,0.13031950152459235,95.71554872411242
osteoclasts,m1_img_5_6_12,samh,points,0,0,0.04474099373446329,0.034465534465534464,58.285612749630175
osteoclasts,m5_img_7_9_8,samh,points,0,0,0.0847120034231662,0.05175274284185175,68.26489691198225
osteoclasts,m3_img_15_10_13,samh,points,0,0,0.30881224802911844,0.08581104855735397,12.046678531804734
osteoclasts,m3_img_13_9_9,samh,points,0,0,0.03802452300764611,0.013148111915476423,74.15720922707101
osteoclasts,m2_img_7_19_7,samh,points,0,0,0.05277093831379764,0.005762581636573185,25.06457447300296
osteoclasts,m2_img_13_0_8,samh,points,0,0,0.038594191531196614,0.01753531417437896,77.55784254807693
osteoclasts,m2_img_3_5_6,samh,points,0,0,0.061440522614405225,0.05018437427978797,81.20059402736686
osteoclasts,m2_img_21_10_0,samh,points,0,0,0.9804987364707004,0.7996715927750411,-0.10776858357988174
osteoclasts,m3_img_21_17_4,samh,points,0,0,8.584504611488572e-05,0.013951039747301922,80.76590814534023
osteoclasts,m3_img_21_11_14,samh,points,0,0,0.9650762853867184,0.7435320584926884,-0.10632396449704144
osteoclasts,m5_img_1_19_3,samh,points,0,0,0.07377049180327869,0.30303030303030304,0.02834860686846246
osteoclasts,m1_img_9_14_0,samh,points,0,0,0.8412034269774855,0.4049586776859504,0.10386811205621298
osteoclasts,m3_img_3_10_4,samh,points,0,0,0.6245059288537549,0.39880952380952384,0.7565470136834319
osteoclasts,m2_img_9_19_10,samh,points,0,0,0.05217342204571762,0.09140767824497258,43.441862749630175
osteoclasts,m5_img_1_5_17,samh,points,0,0,0.03696019583460321,0.015010472422620432,85.35806328587277
osteoclasts,m2_img_5_18_12,samh,points,0,0,0.10024780068925539,0.0754226267880364,81.60768768491124
osteoclasts,m5_img_3_5_7,samh,points,0,0,0.8331041024424947,0.5223759153783564,0.12698201738165685
osteoclasts,m5_img_3_5_13,samh,points,0,0,0.0985980027066951,0.02980573398088673,73.46971500554733
osteoclasts,m4_img_1_18_4,samh,points,0,0,0.1823263656960483,0.050046835273651814,61.2051879160503
osteoclasts,m5_img_5_8_10,samh,points,0,0,0.0794580441658084,0.07013247244795726,94.66011002218934
osteoclasts,m2_img_11_7_8,samh,points,0,0,0.1815053520808947,0.06049859184312089,25.132471569896452
osteoclasts,m4_img_9_8_2,samh,points,0,0,0.14677522774840607,0.07495069033530571,40.75270432692307
osteoclasts,m2_img_3_2_11,samh,points,0,0,0.12444228917649812,0.05920041004613019,89.69654331545857
osteoclasts,m4_img_15_21_13,samh,points,0,0,0.9386928148471518,0.6295580110497238,0.2651173285198566
osteoclasts,m2_img_11_18_4,samh,points,0,0,0.05181734328114236,0.04382312115804085,11.713693833210058
osteoclasts,m5_img_3_12_16,samh,points,0,0,0.05708813981960934,0.07581155977830561,97.01657267011834
osteoclasts,m5_img_1_12_0,samh,points,0,0,0.827287853577371,0.2926829268292683,-0.07150864460059168
osteoclasts,m1_img_9_1_4,samh,points,0,0,0.03608601246760524,0.00221606648199446,39.76111778846154
osteoclasts,m4_img_11_10_18,samh,points,0,0,0.4996461106417955,0.178335535006605,3.111853966346154
osteoclasts,m4_img_9_11_9,samh,points,0,0,0.41420759109859767,0.07348282891641837,26.528551451553252
osteoclasts,m1_img_1_5_11,samh,points,0,0,0.02272761967569482,0.013119623739092765,92.48075767381656
osteoclasts,m2_img_9_19_12,samh,points,0,0,0.8225830367734283,0.16582491582491582,0.6861940643491122
osteoclasts,m3_img_23_4_7,samh,points,0,0,0.9586668844959974,0.8940316686967114,-0.05489552514792908
osteoclasts,m2_img_13_11_7,samh,points,0,0,0.10071504269547951,0.04014354358007421,63.92872827292899
osteoclasts,m5_img_9_15_5,samh,points,0,0,0.07132393883582473,0.01156403584851113,93.96582609097634
osteoclasts,m3_img_15_7_4,samh,points,0,0,0.9479802048567154,0.8716981132075472,-0.07396449704141997
osteoclasts,m4_img_5_16_15,samh,points,0,0,0.026405399942296497,0.012456120484656325,81.39951807507396
osteoclasts,m5_img_3_14_11,samh,points,0,0,0.1387983070335824,0.051809022212044885,84.85215768306213
osteoclasts,m1_img_11_5_9,samh,points,0,0,0.7444262501574506,0.3185321100917431,0.8224216438609467
osteoclasts,m1_img_5_0_8,samh,points,0,0,0.932561446272598,0.5916824196597353,0.08292113535502957
osteoclasts,m2_img_3_19_7,samh,points,0,0,0.13810701475670276,0.06728665207877461,38.01125069341716
osteoclasts,m1_img_13_11_9,samh,points,0,0,0.07502291629404399,0.06889707967110859,95.55346246301775
osteoclasts,m1_img_21_12_1,samh,points,0,0,0.7339691401101032,0.5618892508143323,-0.34945335613905326
osteoclasts,m4_img_9_16_9,samh,points,0,0,0.10548407701432612,0.03424299456294438,59.469189164201175
osteoclasts,m3_img_25_7_13,samh,points,0,0,0.9468059526035961,0.7261987491313412,-0.01372388128698214
osteoclasts,m1_img_5_16_5,samh,points,0,0,0.021927694522543763,0.01999279538904899,98.04441914755918
osteoclasts,m5_img_7_10_12,samh,points,0,0,0.05573051004888446,0.04424778761061947,73.25721153846155
osteoclasts,m3_img_11_4_18,samh,points,0,0,0.16027573286577237,0.07462135205024012,20.175550110946745
osteoclasts,m1_img_11_12_14,samh,points,0,0,0.08416181815523144,0.04632218844984803,81.35097887389054
osteoclasts,m1_img_3_11_16,samh,points,0,0,0.024116570365450965,0.006593803631108301,60.92290934726332
osteoclasts,m2_img_13_3_8,samh,points,0,0,0.027433331664823722,0.04455800609646764,92.62565296782545
osteoclasts,m4_img_19_12_16,samh,points,0,0,0.4067067927773001,0.27993779160186627,0.5931605954142012
osteoclasts,m3_img_29_14_1,samh,points,0,0,0.08690622487918911,0.04609849336631437,71.37964011649409
osteoclasts,m5_img_3_8_13,samh,points,0,0,0.03692314694445314,0.026021623602712114,97.81602487056213
osteoclasts,m4_img_23_9_20,samh,points,0,0,0.16335152048854149,0.0018125323666494044,79.87963433801775
osteoclasts,m1_img_9_7_13,samh,points,0,0,0.4125930055015632,0.174390243902439,3.4530729937130173
osteoclasts,m3_img_1_4_18,samh,points,0,0,0.9169472502805837,0.7078825347758887,0.08292113535502957
osteoclasts,m5_img_1_5_11,samh,points,0,0,0.08248408315664707,0.059657173707652854,87.83197346523669
osteoclasts,m2_img_17_14_13,samh,points,0,0,0.30789946140035906,0.1877637130801688,0.06789709689349113
osteoclasts,m5_img_7_7_2,samh,points,0,0,0.723863512482285,0.13694267515923567,-0.26537652551775154
osteoclasts,m4_img_7_11_17,samh,points,0,0,0.40932201713256966,0.13699115044247787,4.291529909393491
osteoclasts,m1_img_5_13_12,samh,points,0,0,0.6957013118062563,0.3408037094281298,0.9131437222633136
osteoclasts,m4_img_3_15_20,samh,points,0,0,0.07850877259880328,0.0,87.27651742788463
osteoclasts,m4_img_3_5_9,samh,points,0,0,0.4159689077803359,0.0762014402586587,32.99755570451183
osteoclasts,m3_img_1_13_9,samh,points,0,0,0.6069303985722784,0.40569395017793597,0.6477671967455622
osteoclasts,m2_img_9_12_2,samh,points,0,0,0.598472609781172,0.3063355766999304,2.265451645710059
osteoclasts,m1_img_21_5_18,samh,points,0,0,0.7655377946356001,0.5533527696793002,0.5395652274408284
osteoclasts,m1_img_15_2_6,samh,points,0,0,0.840234375,0.5255060728744939,0.20860299556213022
osteoclasts,m4_img_5_20_6,samh,points,0,0,0.02807995548179629,0.0,85.53344004252959
osteoclasts,m5_img_3_13_14,samh,points,0,0,0.07933361109712117,0.037237587470843055,86.68942423261835
osteoclasts,m2_img_7_15_12,samh,points,0,0,0.05642429870803857,0.03483358364420328,79.74932969674556
osteoclasts,m1_img_3_12_12,samh,points,0,0,0.9601593625498008,0.9752066115702479,0.0
osteoclasts,m5_img_1_2_9,samh,points,0,0,0.07765809674273896,0.015613910574875798,82.2772686298077
osteoclasts,m4_img_19_17_14,samh,points,0,0,0.8262164846077458,0.532825880114177,0.08523252588757405
osteoclasts,m1_img_1_12_0,samh,points,0,0,0.9629629629629629,0.8479809976247031,0.0052006286982249
osteoclasts,m2_img_21_7_18,samh,points,0,0,0.7872174590802806,0.5666666666666667,0.08335452107988166
osteoclasts,m4_img_13_11_14,samh,points,0,0,0.11565195275944404,0.03192739618699399,51.65221084504438
osteoclasts,m1_img_17_15_13,samh,points,0,0,0.09104302307034207,0.029865382900953908,90.50711908284023
osteoclasts,m2_img_19_8_2,samh,points,0,0,0.08663119820098092,0.05262732417138238,91.39844905695266
osteoclasts,m3_img_17_1_10,samh,points,0,0,0.9599241166706189,0.8953488372093024,-0.0031781619822485695
osteoclasts,m5_img_9_11_2,samh,points,0,0,0.07108572053356658,0.008951563458001226,48.22803023298816
osteoclasts,m3_img_33_6_3,samh,points,0,0,0.07899421015569986,0.025639176373012152,27.184841900887573
osteoclasts,m3_img_13_5_6,samh,points,0,0,0.1845088161209068,0.19004524886877827,-0.3735784948224852
osteoclasts,m4_img_1_12_7,samh,points,0,0,0.6090634830314677,0.16351956394782946,15.180490708210062
osteoclasts,m3_img_11_3_9,samh,points,0,0,0.9296252131150772,0.6492162082224194,0.5164513221153841
osteoclasts,m5_img_1_3_14,samh,points_bg,2,0,0.16255455003429292,0.06963923009962279,19.019421458949704
osteoclasts,m3_img_9_5_7,samh,points_bg,2,0,0.5090148646357316,0.21427789335377204,4.776488535502958
osteoclasts,m3_img_5_9_10,samh,points_bg,2,0,0.695347971715668,0.3580060422960725,2.2629957932692304
osteoclasts,m5_img_7_8_10,samh,points_bg,2,0,0.4689708119481923,0.08115568641884431,1.5083267843934913
osteoclasts,m5_img_5_19_10,samh,points_bg,2,0,0.062105191350023875,0.017017934284592223,49.65256911057693
osteoclasts,m3_img_33_18_11,samh,points_bg,2,0,0.7784823966761426,0.36583679114799444,0.23980676775147927
osteoclasts,m4_img_19_6_14,samh,points_bg,2,0,0.6617648170118868,0.2487206634903829,6.382182646079883
osteoclasts,m2_img_7_8_5,samh,points_bg,2,0,0.848150888534081,0.42055380040884593,1.8589358357988166
osteoclasts,m4_img_13_6_8,samh,points_bg,2,0,0.6966545915752348,0.30656097793906983,4.707291281434911
osteoclasts,m1_img_7_15_13,samh,points_bg,2,0,0.21366682007443297,0.04472361809045226,28.660520294008872
osteoclasts,m1_img_7_17_4,samh,points_bg,2,0,0.41772088100398164,0.07310994184436444,1.633719720784024
osteoclasts,m4_img_23_8_3,samh,points_bg,2,0,0.3567041728877738,0.07427785419532325,5.912392520340235
osteoclasts,m4_img_3_18_20,samh,points_bg,2,0,0.679925039201438,0.10738653218629486,2.0172660872781063
osteoclasts,m2_img_13_7_8,samh,points_bg,2,0,0.513884697950703,0.2804078084248795,4.967033792529587
osteoclasts,m3_img_13_10_12,samh,points_bg,2,0,0.3704882387823681,0.17784500514933058,7.003802237426035
osteoclasts,m1_img_5_6_12,samh,points_bg,2,0,0.4892287733433478,0.15606936416184972,1.440140763683432
osteoclasts,m5_img_7_9_8,samh,points_bg,2,0,0.22560720386438454,0.08165174395296004,17.505027274408285
osteoclasts,m3_img_15_10_13,samh,points_bg,2,0,0.4743340999910057,0.18513447432762836,5.588219998150888
osteoclasts,m3_img_13_9_9,samh,points_bg,2,0,0.15688547310066775,0.0834705301284162,14.232820589866863
osteoclasts,m2_img_7_19_7,samh,points_bg,2,0,0.05628353852159575,0.018145826459914218,23.39777297522189
osteoclasts,m2_img_13_0_8,samh,points_bg,2,0,0.293435660735501,0.06334770678165426,7.465358034393492
osteoclasts,m2_img_3_5_6,samh,points_bg,2,0,0.17437487923662684,0.05844283192782899,23.673117372411244
osteoclasts,m2_img_21_10_0,samh,points_bg,2,0,0.9764566556134533,0.7441002949852508,-0.0681860207100593
osteoclasts,m3_img_21_17_4,samh,points_bg,2,0,0.0032708890871245913,0.012264323631704191,2.905417899408284
osteoclasts,m3_img_21_11_14,samh,points_bg,2,0,0.8951037807258675,0.45870535714285715,0.24370723927514792
osteoclasts,m5_img_1_19_3,samh,points_bg,2,0,0.0040991242779951555,0.012223071046600458,1.54557761732852
osteoclasts,m1_img_9_14_0,samh,points_bg,2,0,0.6041548093340922,0.1387337057728119,0.39409208579881655
osteoclasts,m3_img_3_10_4,samh,points_bg,2,0,0.6142395216887316,0.34342105263157896,0.8218437962278107
osteoclasts,m2_img_9_19_10,samh,points_bg,2,0,0.08185548845340966,0.02278079246442101,29.03698802699704
osteoclasts,m5_img_1_5_17,samh,points_bg,2,0,0.045913743776278805,0.023886700244352466,65.74446999815089
osteoclasts,m2_img_5_18_12,samh,points_bg,2,0,0.187553922796471,0.04258766346487675,32.421875
osteoclasts,m5_img_3_5_7,samh,points_bg,2,0,0.5381756460156273,0.2708685049709248,2.01741054918639
osteoclasts,m5_img_3_5_13,samh,points_bg,2,0,0.26098490252963213,0.09721999551095008,19.147992557322485
osteoclasts,m4_img_1_18_4,samh,points_bg,2,0,0.6875737468777295,0.25056011949215834,5.011961446005916
osteoclasts,m5_img_5_8_10,samh,points_bg,2,0,0.10061640893064311,0.07021588765457976,68.03650263498521
osteoclasts,m2_img_11_7_8,samh,points_bg,2,0,0.5736917400798133,0.2265869240179421,3.995382997411243
osteoclasts,m4_img_9_8_2,samh,points_bg,2,0,0.24732698674185424,0.07298038388525628,20.349626710428996
osteoclasts,m2_img_3_2_11,samh,points_bg,2,0,0.690307555640921,0.24838873812754408,5.270114876109468
osteoclasts,m4_img_15_21_13,samh,points_bg,2,0,0.9312664848674505,0.5851472471190781,0.28522169767657146
osteoclasts,m2_img_11_18_4,samh,points_bg,2,0,0.0946121811556481,0.031024263752546768,6.0012365939349115
osteoclasts,m5_img_3_12_16,samh,points_bg,2,0,0.06647007886140228,0.04876915931258709,81.37698201738166
osteoclasts,m5_img_1_12_0,samh,points_bg,2,0,0.23503698722259583,0.046142208774583963,1.2129021819526626
osteoclasts,m1_img_9_1_4,samh,points_bg,2,0,0.038434423875297004,0.0013812154696132596,37.240690874630175
osteoclasts,m4_img_11_10_18,samh,points_bg,2,0,0.4657406227432989,0.1618202416918429,3.586122411242604
osteoclasts,m4_img_9_11_9,samh,points_bg,2,0,0.7533813692701161,0.28085953044170314,4.669008875739646
osteoclasts,m1_img_1_5_11,samh,points_bg,2,0,0.1067164725701311,0.04817944520638853,17.572635447485208
osteoclasts,m2_img_9_19_12,samh,points_bg,2,0,0.2242155181111896,0.006776470588235294,11.106809356508876
osteoclasts,m3_img_23_4_7,samh,points_bg,2,0,0.638168427793788,0.2995391705069124,0.8835290310650886
osteoclasts,m2_img_13_11_7,samh,points_bg,2,0,0.40503606225483996,0.14645987862440998,8.756414108727812
osteoclasts,m5_img_9_15_5,samh,points_bg,2,0,0.08955804891103804,0.054178486722782866,64.03505223742604
osteoclasts,m3_img_15_7_4,samh,points_bg,2,0,0.9401659799199118,0.7970260223048327,-0.09520039755917149
osteoclasts,m4_img_5_16_15,samh,points_bg,2,0,0.26530941414720693,0.10078740157480315,5.842761880547338
osteoclasts,m5_img_3_14_11,samh,points_bg,2,0,0.2670016918467579,0.08603930407832641,16.898720645340237
osteoclasts,m1_img_11_5_9,samh,points_bg,2,0,0.38955168741986657,0.10788105080677424,4.029476007766272
osteoclasts,m1_img_5_0_8,samh,points_bg,2,0,0.6894748636737134,0.13174019607843138,0.5944607525887573
osteoclasts,m2_img_3_19_7,samh,points_bg,2,0,0.1391067369205948,0.07115466553046443,37.69430126664201
osteoclasts,m1_img_13_11_9,samh,points_bg,2,0,0.44482684448268445,0.2034418256640479,8.95967201368343
osteoclasts,m1_img_21_12_1,samh,points_bg,2,0,0.6614603670441234,0.4488,-0.3627438517011834
osteoclasts,m4_img_9_16_9,samh,points_bg,2,0,0.36737584285230457,0.11235650855533896,11.744464219674555
osteoclasts,m3_img_25_7_13,samh,points_bg,2,0,0.8333142346389201,0.40020127474002015,0.8825177977071007
osteoclasts,m1_img_5_16_5,samh,points_bg,2,0,0.13825247300831875,0.04305442729488221,5.145588711168639
osteoclasts,m5_img_7_10_12,samh,points_bg,2,0,0.3651379223610296,0.08883231727741676,5.519600591715975
osteoclasts,m3_img_11_4_18,samh,points_bg,2,0,0.12216245615490627,0.08233825021462578,27.459175064718938
osteoclasts,m1_img_11_12_14,samh,points_bg,2,0,0.6138521504480794,0.17552170016643195,1.110045303254438
osteoclasts,m1_img_3_11_16,samh,points_bg,2,0,0.18830237329992192,0.044886938913263584,6.449212971523669
osteoclasts,m2_img_13_3_8,samh,points_bg,2,0,0.4799821443517563,0.1781485468245425,2.564054410133136
osteoclasts,m4_img_19_12_16,samh,points_bg,2,0,0.2011908931698774,0.07220216606498195,1.6472991401627217
osteoclasts,m3_img_29_14_1,samh,points_bg,2,0,0.8883193732549902,0.4283959715057725,0.13955020340236726
osteoclasts,m5_img_3_8_13,samh,points_bg,2,0,0.05752485238059646,0.021360437842064112,58.09564534023669
osteoclasts,m4_img_23_9_20,samh,points_bg,2,0,0.7741283092316348,0.3441025641025641,3.404389330621302
osteoclasts,m1_img_9_7_13,samh,points_bg,2,0,0.6285362380200916,0.30982185844968707,1.2456950351331362
osteoclasts,m3_img_1_4_18,samh,points_bg,2,0,0.8418608650786826,0.4514889529298751,0.21828194341715978
osteoclasts,m5_img_1_5_11,samh,points_bg,2,0,0.5632048141839386,0.21226456416995182,3.653297198594675
osteoclasts,m2_img_17_14_13,samh,points_bg,2,0,0.14599276763939115,0.11143695014662756,1.4638325166420119
osteoclasts,m5_img_7_7_2,samh,points_bg,2,0,0.6033292013458473,0.1051930758988016,0.04102718195266256
osteoclasts,m4_img_7_11_17,samh,points_bg,2,0,0.5079105697095744,0.19353475596873018,2.824085845044379
osteoclasts,m1_img_5_13_12,samh,points_bg,2,0,0.5811188575662659,0.20893336587747133,1.6233184633875741
osteoclasts,m4_img_3_15_20,samh,points_bg,2,0,0.8910536466328177,0.258816120906801,-0.09505593565088816
osteoclasts,m4_img_3_5_9,samh,points_bg,2,0,0.8438887691312783,0.29995494480738905,2.2648737980769234
osteoclasts,m3_img_1_13_9,samh,points_bg,2,0,0.5553346587143804,0.2844943820224719,0.884973650147929
osteoclasts,m2_img_9_12_2,samh,points_bg,2,0,0.44735732487579516,0.19029902163428414,4.243568555843195
osteoclasts,m1_img_21_5_18,samh,points_bg,2,0,0.1763943873412511,0.06919898004044667,9.805929872411243
osteoclasts,m1_img_15_2_6,samh,points_bg,2,0,0.6877081681205393,0.3141025641025641,0.5509777181952662
osteoclasts,m4_img_5_20_6,samh,points_bg,2,0,0.0518935068831141,0.013685350972230143,44.72006171412722
osteoclasts,m5_img_3_13_14,samh,points_bg,2,0,0.1071631053156341,0.03688018351861655,51.14818324704142
osteoclasts,m2_img_7_15_12,samh,points_bg,2,0,0.3279085765917468,0.09382790662536829,9.19658954326923
osteoclasts,m1_img_3_12_12,samh,points_bg,2,0,0.41881443298969073,0.22274881516587677,0.38253513313609466
osteoclasts,m5_img_1_2_9,samh,points_bg,2,0,0.26135724223218426,0.0692873029687651,16.304693278476332
osteoclasts,m4_img_19_17_14,samh,points_bg,2,0,0.5909185441941075,0.30423553719008267,0.714364136464497
osteoclasts,m1_img_1_12_0,samh,points_bg,2,0,0.9509177430319511,0.7545271629778671,0.014590652736686405
osteoclasts,m2_img_21_7_18,samh,points_bg,2,0,0.3873420826689562,0.1570827489481066,0.7051185743343196
osteoclasts,m4_img_13_11_14,samh,points_bg,2,0,0.3972732793349128,0.11632540882231689,10.036491078032544
osteoclasts,m1_img_17_15_13,samh,points_bg,2,0,0.5265268057141363,0.14067864271457087,7.456401396079881
osteoclasts,m2_img_19_8_2,samh,points_bg,2,0,0.6297139210890141,0.1631827376938638,4.895814071745562
osteoclasts,m3_img_17_1_10,samh,points_bg,2,0,0.6439199189841863,0.31756756756756754,0.6328876201923076
osteoclasts,m5_img_9_11_2,samh,points_bg,2,0,0.12803656943839792,0.03355642312697527,21.92440597263314
osteoclasts,m3_img_33_6_3,samh,points_bg,2,0,0.36254076279597336,0.11618037135278515,3.7562985392011834
osteoclasts,m3_img_13_5_6,samh,points_bg,2,0,0.7662635848767795,0.6538049303322615,0.11138013128698232
osteoclasts,m4_img_1_12_7,samh,points_bg,2,0,0.8405085102127682,0.34955235500194626,2.9838607156065096
osteoclasts,m3_img_11_3_9,samh,points_bg,2,0,0.8465051308225434,0.4598963730569948,1.9909740199704138
osteoclasts,m5_img_1_3_14,samft_b_ende_adapter,none,0,0,0.6240120953886331,0.30276203966005666,-0.5775587093195266
osteoclasts,m3_img_9_5_7,samft_b_ende_adapter,none,0,0,0.5672640143762792,0.3452746502900034,3.234646588387574
osteoclasts,m3_img_5_9_10,samft_b_ende_adapter,none,0,0,0.8390056588520615,0.32936802973977697,-0.2932576738165681
osteoclasts,m5_img_7_8_10,samft_b_ende_adapter,none,0,0,0.8140170448415981,0.4265015190465062,-0.6180080436390533
osteoclasts,m5_img_5_19_10,samft_b_ende_adapter,none,0,0,0.6757001927656197,0.2738166566806471,-0.7410895894970414
osteoclasts,m3_img_33_18_11,samft_b_ende_adapter,none,0,0,0.8649162409409529,0.37466666666666665,0.13449403661242604
osteoclasts,m4_img_19_6_14,samft_b_ende_adapter,none,0,0,0.9380596017639984,0.6467839472237493,0.23749537721893532
osteoclasts,m2_img_7_8_5,samft_b_ende_adapter,none,0,0,0.869368941265919,0.30672727272727274,-2.1585498335798814
osteoclasts,m4_img_13_6_8,samft_b_ende_adapter,none,0,0,0.9155508646187455,0.5390051644468605,-0.15125161797337264
osteoclasts,m1_img_7_15_13,samft_b_ende_adapter,none,0,0,0.8759367423407538,0.38516405135520687,-0.7173978365384616
osteoclasts,m1_img_7_17_4,samft_b_ende_adapter,none,0,0,0.7723975335509612,0.17813765182186234,0.3605769230769231
osteoclasts,m4_img_23_8_3,samft_b_ende_adapter,none,0,0,0.9666166702378401,0.7073662966700303,-0.10184564534023686
osteoclasts,m4_img_3_18_20,samft_b_ende_adapter,none,0,0,0.9123343527013251,0.1671850699844479,-0.4354081915680475
osteoclasts,m2_img_13_7_8,samft_b_ende_adapter,none,0,0,0.7175526367497468,0.3755939935373503,-2.231503097263314
osteoclasts,m3_img_13_10_12,samft_b_ende_adapter,none,0,0,0.8132572227399814,0.5118590467585272,-0.17248751849112468
osteoclasts,m1_img_5_6_12,samft_b_ende_adapter,none,0,0,0.2458571040478131,0.08574091332712022,0.3992927144970413
osteoclasts,m5_img_7_9_8,samft_b_ende_adapter,none,0,0,0.7912183889793164,0.3871713985278654,-0.7572693232248517
osteoclasts,m3_img_15_10_13,samft_b_ende_adapter,none,0,0,0.743922109722681,0.3161910144108505,1.778759476701183
osteoclasts,m3_img_13_9_9,samft_b_ende_adapter,none,0,0,0.2803201164059658,0.09803921568627451,1.0051659578402365
osteoclasts,m2_img_7_19_7,samft_b_ende_adapter,none,0,0,0.9234470691163604,0.6490963855421686,-0.07540911612426036
osteoclasts,m2_img_13_0_8,samft_b_ende_adapter,none,0,0,0.8038211269555586,0.5103838892385147,0.01690204326923097
osteoclasts,m2_img_3_5_6,samft_b_ende_adapter,none,0,0,0.7961470662301687,0.3940628637951106,-0.8959527551775148
osteoclasts,m2_img_21_10_0,samft_b_ende_adapter,none,0,0,0.9454706229121634,0.5151739452257587,-0.2860345784023669
osteoclasts,m3_img_21_17_4,samft_b_ende_adapter,none,0,0,0.0,0.0,0.47022351146449703
osteoclasts,m3_img_21_11_14,samft_b_ende_adapter,none,0,0,0.7707375574655206,0.3722915298752462,0.9540264423076924
osteoclasts,m5_img_1_19_3,samft_b_ende_adapter,none,0,0,0.0,0.0,-0.0017356289919466816
osteoclasts,m1_img_9_14_0,samft_b_ende_adapter,none,0,0,0.7589128132721497,0.10554089709762533,0.19733496671597628
osteoclasts,m3_img_3_10_4,samft_b_ende_adapter,none,0,0,0.5712255772646536,0.38642297650130547,0.8939302884615384
osteoclasts,m2_img_9_19_10,samft_b_ende_adapter,none,0,0,0.35145273062496024,0.20248254460822343,-0.3378964034763314
osteoclasts,m5_img_1_5_17,samft_b_ende_adapter,none,0,0,0.6099741985650161,0.3037742762916819,0.8065308339497042
osteoclasts,m2_img_5_18_12,samft_b_ende_adapter,none,0,0,0.9025040984923977,0.48056872037914694,-0.11528060281065095
osteoclasts,m5_img_3_5_7,samft_b_ende_adapter,none,0,0,0.7855423834566361,0.27892756349952963,0.32243897928994086
osteoclasts,m5_img_3_5_13,samft_b_ende_adapter,none,0,0,0.8258633079919815,0.4373496610540127,-0.5506887943786981
osteoclasts,m4_img_1_18_4,samft_b_ende_adapter,none,0,0,0.888295593787669,0.597972972972973,0.6588907636834312
osteoclasts,m5_img_5_8_10,samft_b_ende_adapter,none,0,0,0.7848592564127198,0.43223443223443225,-0.7761938332100593
osteoclasts,m2_img_11_7_8,samft_b_ende_adapter,none,0,0,0.7578941485497122,0.2564102564102564,-0.42789617233727795
osteoclasts,m4_img_9_8_2,samft_b_ende_adapter,none,0,0,0.612011495091246,0.21245573838783588,2.892560789571006
osteoclasts,m2_img_3_2_11,samft_b_ende_adapter,none,0,0,0.8183877104660342,0.3394765941761887,-1.6184067585059179
osteoclasts,m4_img_15_21_13,samft_b_ende_adapter,none,0,0,0.911768226984317,0.5293711126468555,-0.5747824678330085
osteoclasts,m2_img_11_18_4,samft_b_ende_adapter,none,0,0,0.00437636761487965,0.0,-0.13088248890532542
osteoclasts,m5_img_3_12_16,samft_b_ende_adapter,none,0,0,0.5559472367523312,0.11253462603878116,-0.7922291050295859
osteoclasts,m5_img_1_12_0,samft_b_ende_adapter,none,0,0,0.0,0.0,2.5670881102071004
osteoclasts,m1_img_9_1_4,samft_b_ende_adapter,none,0,0,0.8928228830557251,0.24725274725274726,0.16800919933431957
osteoclasts,m4_img_11_10_18,samft_b_ende_adapter,none,0,0,0.9456960541737205,0.6695046439628483,0.11253582655325473
osteoclasts,m4_img_9_11_9,samft_b_ende_adapter,none,0,0,0.9435604472120459,0.5924295774647887,-0.5710579234467452
osteoclasts,m1_img_1_5_11,samft_b_ende_adapter,none,0,0,0.6836648328396107,0.29314420803782504,0.5801590236686391
osteoclasts,m2_img_9_19_12,samft_b_ende_adapter,none,0,0,0.8160011808989593,0.22195318805488298,0.7038184171597631
osteoclasts,m3_img_23_4_7,samft_b_ende_adapter,none,0,0,0.864634911779064,0.5945945945945946,0.24804109652366862
osteoclasts,m2_img_13_11_7,samft_b_ende_adapter,none,0,0,0.8023708499190761,0.33030397994359134,-0.622052977071006
osteoclasts,m5_img_9_15_5,samft_b_ende_adapter,none,0,0,0.3524617381592055,0.11675824175824176,-2.4311494545118344
osteoclasts,m3_img_15_7_4,samft_b_ende_adapter,none,0,0,0.8401567495101577,0.5420560747663551,0.21727071005917167
osteoclasts,m4_img_5_16_15,samft_b_ende_adapter,none,0,0,0.1921858500527983,0.07043756670224119,-0.9868192954881656
osteoclasts,m5_img_3_14_11,samft_b_ende_adapter,none,0,0,0.7190624924335972,0.2734967155128853,-2.8470552884615383
osteoclasts,m1_img_11_5_9,samft_b_ende_adapter,none,0,0,0.604251233032168,0.3049792531120332,0.6915391549556213
osteoclasts,m1_img_5_0_8,samft_b_ende_adapter,none,0,0,0.8915499758570739,0.2915194346289753,0.15645224667159763
osteoclasts,m2_img_3_19_7,samft_b_ende_adapter,none,0,0,0.9070797543009569,0.4995689655172414,-0.18765601886094677
osteoclasts,m1_img_13_11_9,samft_b_ende_adapter,none,0,0,0.7885489666673284,0.28545071164997365,-0.5537224944526624
osteoclasts,m1_img_21_12_1,samft_b_ende_adapter,none,0,0,0.612569846214706,0.20901408450704226,0.7088745839497042
osteoclasts,m4_img_9_16_9,samft_b_ende_adapter,none,0,0,0.8316721524268694,0.4910394265232975,-0.7910734097633136
osteoclasts,m3_img_25_7_13,samft_b_ende_adapter,none,0,0,0.8249027237354085,0.2909371781668383,1.0392589681952664
osteoclasts,m1_img_5_16_5,samft_b_ende_adapter,none,0,0,0.7885697580939852,0.4404517453798768,-0.2234825721153846
osteoclasts,m5_img_7_10_12,samft_b_ende_adapter,none,0,0,0.8036232886184483,0.3397790055248619,-0.6399662536982247
osteoclasts,m3_img_11_4_18,samft_b_ende_adapter,none,0,0,0.7513112185818405,0.3837902264600715,0.3588433801775148
osteoclasts,m1_img_11_12_14,samft_b_ende_adapter,none,0,0,0.8442066125753601,0.4216047632548908,0.752213156434911
osteoclasts,m1_img_3_11_16,samft_b_ende_adapter,none,0,0,0.6496927129060579,0.29188384214445273,0.7971408099112426
osteoclasts,m2_img_13_3_8,samft_b_ende_adapter,none,0,0,0.8981740064446831,0.5827858081471747,0.07598696375739639
osteoclasts,m4_img_19_12_16,samft_b_ende_adapter,none,0,0,0.44083006169377453,0.170873786407767,0.10025656434911245
osteoclasts,m3_img_29_14_1,samft_b_ende_adapter,none,0,0,0.9141981407916759,0.5633750921149595,0.37025587093195284
osteoclasts,m5_img_3_8_13,samft_b_ende_adapter,none,0,0,0.6766771092146484,0.42946317103620474,0.25930912536982276
osteoclasts,m4_img_23_9_20,samft_b_ende_adapter,none,0,0,0.8867742595280069,0.5234960272417707,-0.7640590329142007
osteoclasts,m1_img_9_7_13,samft_b_ende_adapter,none,0,0,0.700530365279749,0.2679628064243449,-0.573658237795858
osteoclasts,m3_img_1_4_18,samft_b_ende_adapter,none,0,0,0.7642698861465577,0.34448160535117056,0.42890740569526625
osteoclasts,m5_img_1_5_11,samft_b_ende_adapter,none,0,0,0.7690149194743603,0.2701357466063348,-0.6551347540680472
osteoclasts,m2_img_17_14_13,samft_b_ende_adapter,none,0,0,0.0,0.0,0.44422036797337283
osteoclasts,m5_img_7_7_2,samft_b_ende_adapter,none,0,0,0.571806591291797,0.059415911379657606,-0.3894693047337279
osteoclasts,m4_img_7_11_17,samft_b_ende_adapter,none,0,0,0.7703771849126035,0.3641379310344828,0.1300157174556213
osteoclasts,m1_img_5_13_12,samft_b_ende_adapter,none,0,0,0.886776244201363,0.5100074128984433,-0.14345067492603536
osteoclasts,m4_img_3_15_20,samft_b_ende_adapter,none,0,0,0.9313656787171771,0.4617334009123163,-0.42674047707100604
osteoclasts,m4_img_3_5_9,samft_b_ende_adapter,none,0,0,0.9511009017374942,0.5680084745762712,-0.8953749075443787
osteoclasts,m3_img_1_13_9,samft_b_ende_adapter,none,0,0,0.9373604168882271,0.7535667963683528,0.0634187777366864
osteoclasts,m2_img_9_12_2,samft_b_ende_adapter,none,0,0,0.7762135922330097,0.30288123682361207,-0.6604798446745564
osteoclasts,m1_img_21_5_18,samft_b_ende_adapter,none,0,0,0.836999290459911,0.2826492537313433,0.1131136741863905
osteoclasts,m1_img_15_2_6,samft_b_ende_adapter,none,0,0,0.6008318225445238,0.3039332538736591,0.08393236871301768
osteoclasts,m4_img_5_20_6,samft_b_ende_adapter,none,0,0,0.646064139941691,0.17289423685877137,-0.24139584874260345
osteoclasts,m5_img_3_13_14,samft_b_ende_adapter,none,0,0,0.6139750735593139,0.22124154162989115,-1.9278441660502958
osteoclasts,m2_img_7_15_12,samft_b_ende_adapter,none,0,0,0.8083428385204497,0.35053965274519006,-0.44017543454142016
osteoclasts,m1_img_3_12_12,samft_b_ende_adapter,none,0,0,0.0,0.0,0.8427907729289941
osteoclasts,m5_img_1_2_9,samft_b_ende_adapter,none,0,0,0.8274210312259931,0.35518905872888173,-0.6648137019230769
osteoclasts,m4_img_19_17_14,samft_b_ende_adapter,none,0,0,0.20422615648201028,0.08876404494382023,-0.10473488350591711
osteoclasts,m1_img_1_12_0,samft_b_ende_adapter,none,0,0,0.5932901706886404,0.3422459893048128,0.6701587925295859
osteoclasts,m2_img_21_7_18,samft_b_ende_adapter,none,0,0,0.7705544933078394,0.3787878787878788,-0.01935789571005917
osteoclasts,m4_img_13_11_14,samft_b_ende_adapter,none,0,0,0.8896273649696487,0.5162002945508101,-0.3328402366863905
osteoclasts,m1_img_17_15_13,samft_b_ende_adapter,none,0,0,0.8811258329579521,0.3709820112061339,0.18216646634615433
osteoclasts,m2_img_19_8_2,samft_b_ende_adapter,none,0,0,0.9346667131258929,0.44554455445544555,-0.3961145525147931
osteoclasts,m3_img_17_1_10,samft_b_ende_adapter,none,0,0,0.6279297610972945,0.21767441860465117,0.6952951645710059
osteoclasts,m5_img_9_11_2,samft_b_ende_adapter,none,0,0,0.4500944221823039,0.08045977011494253,-1.4855018028846154
osteoclasts,m3_img_33_6_3,samft_b_ende_adapter,none,0,0,0.8784168069177645,0.5057647963105304,0.13218264607988173
osteoclasts,m3_img_13_5_6,samft_b_ende_adapter,none,0,0,0.11286750668193968,0.060250599840042655,2.9510678624260356
osteoclasts,m4_img_1_12_7,samft_b_ende_adapter,none,0,0,0.9493441208840239,0.5840658313072751,-0.9030313886834312
osteoclasts,m3_img_11_3_9,samft_b_ende_adapter,none,0,0,0.9064187507180882,0.4750369822485207,0.9459365754437871
osteoclasts,m5_img_1_3_14,samh,boxes,0,0,0.8241212862873071,0.5564681724845996,-0.5319087463017749
osteoclasts,m3_img_9_5_7,samh,boxes,0,0,0.9423693225770804,0.8248436103663985,-0.21842640532544372
osteoclasts,m3_img_5_9_10,samh,boxes,0,0,0.9405823530590569,0.7710233029381965,-0.23243921042899393
osteoclasts,m5_img_7_8_10,samh,boxes,0,0,0.7195492718188583,0.2799003322259136,-1.8579246024408282
osteoclasts,m5_img_5_19_10,samh,boxes,0,0,0.7971196938415832,0.4106951871657754,-0.4202396911982249
osteoclasts,m3_img_33_18_11,samh,boxes,0,0,0.9219001610305958,0.7863247863247863,-0.004911704881656754
osteoclasts,m4_img_19_6_14,samh,boxes,0,0,0.9822555026094849,0.937082066869301,-0.001733542899408358
osteoclasts,m2_img_7_8_5,samh,boxes,0,0,0.9137398614557015,0.7100275988960442,-1.3589531712278113
osteoclasts,m4_img_13_6_8,samh,boxes,0,0,0.9679280796473327,0.8569807037457434,-0.2559865014792905
osteoclasts,m1_img_7_15_13,samh,boxes,0,0,0.9243990157107704,0.5483960948396095,0.24370723927514826
osteoclasts,m1_img_7_17_4,samh,boxes,0,0,0.9363861678272158,0.4683257918552036,-0.008523252588757413
osteoclasts,m4_img_23_8_3,samh,boxes,0,0,0.9494843558818389,0.49523809523809526,-0.16699796597633154
osteoclasts,m4_img_3_18_20,samh,boxes,0,0,0.9332481812628423,0.3851132686084142,-0.33457377958579887
osteoclasts,m2_img_13_7_8,samh,boxes,0,0,0.7344603850843784,0.6265918411396504,-2.1930762296597637
osteoclasts,m3_img_13_10_12,samh,boxes,0,0,0.788521746964885,0.636315650567432,-1.1991783006656807
osteoclasts,m1_img_5_6_12,samh,boxes,0,0,0.9525441329179647,0.8573551263001485,-0.008956638313609502
osteoclasts,m5_img_7_9_8,samh,boxes,0,0,0.642560090223444,0.32458059810357404,-1.886528060281065
osteoclasts,m3_img_15_10_13,samh,boxes,0,0,0.9648141370837037,0.9040147669589293,-0.12857109837278136
osteoclasts,m3_img_13_9_9,samh,boxes,0,0,0.9047619047619048,0.8361069087241553,-0.21755963387573973
osteoclasts,m2_img_7_19_7,samh,boxes,0,0,0.9316904879250862,0.6656626506024096,0.06919725406804733
osteoclasts,m2_img_13_0_8,samh,boxes,0,0,0.9402518531749576,0.7750484809308339,0.12163692677514809
osteoclasts,m2_img_3_5_6,samh,boxes,0,0,0.9624452270222318,0.8960716061660865,-0.11138013128698214
osteoclasts,m2_img_21_10_0,samh,boxes,0,0,0.9785698927300093,0.7600657354149548,-0.1206256934171597
osteoclasts,m3_img_21_17_4,samh,boxes,0,0,0.7529411764705882,1.0,0.00274477625739645
osteoclasts,m3_img_21_11_14,samh,boxes,0,0,0.9726656461841242,0.8846584546472565,-0.0793095876479289
osteoclasts,m5_img_1_19_3,samh,boxes,0,0,0.0,0.0,-0.003471257983893363
osteoclasts,m1_img_9_14_0,samh,boxes,0,0,0.8568511333469471,0.4329608938547486,0.08624375924556212
osteoclasts,m3_img_3_10_4,samh,boxes,0,0,0.9497928110243808,0.8995327102803738,-0.046950120192307696
osteoclasts,m2_img_9_19_10,samh,boxes,0,0,0.804888287699986,0.3112102621305075,0.4869810928254439
osteoclasts,m5_img_1_5_17,samh,boxes,0,0,0.8745668078552176,0.49332621462893755,-0.27938933062130156
osteoclasts,m2_img_5_18_12,samh,boxes,0,0,0.8577790973871734,0.38840660879305516,-0.3455528846153841
osteoclasts,m5_img_3_5_7,samh,boxes,0,0,0.8973769463893824,0.636700158646219,-0.15428531804733725
osteoclasts,m5_img_3_5_13,samh,boxes,0,0,0.7856906671075473,0.4967411545623836,-1.1993227625739646
osteoclasts,m4_img_1_18_4,samh,boxes,0,0,0.9313121427141491,0.6013532562729067,-0.8531920303254441
osteoclasts,m5_img_5_8_10,samh,boxes,0,0,0.7236496189108583,0.3151720542231491,-1.75564557137574
osteoclasts,m2_img_11_7_8,samh,boxes,0,0,0.9446496357853699,0.8097287989668532,0.03467085798816577
osteoclasts,m4_img_9_8_2,samh,boxes,0,0,0.8911449290164437,0.5774798927613941,0.061685234837277614
osteoclasts,m2_img_3_2_11,samh,boxes,0,0,0.9634681067109757,0.8155629139072847,-0.2611871301775155
osteoclasts,m4_img_15_21_13,samh,boxes,0,0,0.9466179378107963,0.7557636887608069,-0.5856301490326753
osteoclasts,m2_img_11_18_4,samh,boxes,0,0,0.9134275618374559,0.7676767676767676,-0.004911704881656797
osteoclasts,m5_img_3_12_16,samh,boxes,0,0,0.7540823927118547,0.21602191030469017,-0.8312338202662722
osteoclasts,m5_img_1_12_0,samh,boxes,0,0,0.8268974700399467,0.2938775510204082,-0.07165310650887571
osteoclasts,m1_img_9_1_4,samh,boxes,0,0,0.9114643459728266,0.4387755102040816,0.13825004622781065
osteoclasts,m4_img_11_10_18,samh,boxes,0,0,0.956970586926534,0.7701342281879194,0.031059310281065372
osteoclasts,m4_img_9_11_9,samh,boxes,0,0,0.9411374537924564,0.7648616125150421,-0.9691949426775148
osteoclasts,m1_img_1_5_11,samh,boxes,0,0,0.9454497598210173,0.8564285714285714,0.04463872965976331
osteoclasts,m2_img_9_19_12,samh,boxes,0,0,0.8269976147883125,0.17284991568296795,0.6653915495562129
osteoclasts,m3_img_23_4_7,samh,boxes,0,0,0.9627629102217857,0.9323308270676691,-0.05821814903846159
osteoclasts,m2_img_13_11_7,samh,boxes,0,0,0.7402699536167686,0.5977369165487978,1.7738477718195262
osteoclasts,m5_img_9_15_5,samh,boxes,0,0,0.6602142407057341,0.23699256718124642,-1.4852128790680472
osteoclasts,m3_img_15_7_4,samh,boxes,0,0,0.9542521653200023,0.9285714285714286,-0.09924533099112415
osteoclasts,m4_img_5_16_15,samh,boxes,0,0,0.9537790121007736,0.9230769230769231,-0.03337070081360933
osteoclasts,m5_img_3_14_11,samh,boxes,0,0,0.5584638829625115,0.24882629107981222,-2.9304098095414197
osteoclasts,m1_img_11_5_9,samh,boxes,0,0,0.9524576089289547,0.7763385146804835,0.07396449704142015
osteoclasts,m1_img_5_0_8,samh,boxes,0,0,0.9543436905516804,0.7854406130268199,0.027447762573964453
osteoclasts,m2_img_3_19_7,samh,boxes,0,0,0.9128362658956927,0.5369908561928513,0.3049590883875738
osteoclasts,m1_img_13_11_9,samh,boxes,0,0,0.8649078664989269,0.5840996736873332,-0.021958210059171146
osteoclasts,m1_img_21_12_1,samh,boxes,0,0,0.9382895694159666,0.7923904052936311,-0.02845899593195266
osteoclasts,m4_img_9_16_9,samh,boxes,0,0,0.9674279296143766,0.8684895833333334,-0.07800943047337264
osteoclasts,m3_img_25_7_13,samh,boxes,0,0,0.947329079793908,0.7310632383599722,-0.009390024038461592
osteoclasts,m1_img_5_16_5,samh,boxes,0,0,0.9469206099875647,0.8029602220166513,0.007078633505917115
osteoclasts,m5_img_7_10_12,samh,boxes,0,0,0.8308554041905816,0.3938035059111292,-0.6402551775147928
osteoclasts,m3_img_11_4_18,samh,boxes,0,0,0.9543698603939568,0.7158852344296711,-0.10589057877218935
osteoclasts,m1_img_11_12_14,samh,boxes,0,0,0.942228777821902,0.5825938566552901,0.07670927329881672
osteoclasts,m1_img_3_11_16,samh,boxes,0,0,0.9003095975232198,0.49173553719008267,0.1266930935650888
osteoclasts,m2_img_13_3_8,samh,boxes,0,0,0.9288114237715246,0.7463070006422607,0.13781666050295854
osteoclasts,m4_img_19_12_16,samh,boxes,0,0,0.49963662790697677,0.4875717017208413,0.3802237426035503
osteoclasts,m3_img_29_14_1,samh,boxes,0,0,0.9344116205498374,0.6654901960784314,-0.3094374075443784
osteoclasts,m5_img_3_8_13,samh,boxes,0,0,0.8507787348821021,0.43635463100544825,-0.4319411057692306
osteoclasts,m4_img_23_9_20,samh,boxes,0,0,0.8878751451263242,0.5044456066945606,-1.5357745469674555
osteoclasts,m1_img_9_7_13,samh,boxes,0,0,0.9621672667178186,0.959349593495935,-0.059951691937869776
osteoclasts,m3_img_1_4_18,samh,boxes,0,0,0.9181681681681682,0.7167182662538699,0.07772050665680466
osteoclasts,m5_img_1_5_11,samh,boxes,0,0,0.8525925639936682,0.5098924731182796,-0.4822138498520707
osteoclasts,m2_img_17_14_13,samh,boxes,0,0,0.5950017117425539,0.6509971509971509,0.16800919933431954
osteoclasts,m5_img_7_7_2,samh,boxes,0,0,0.7304900181488203,0.13188073394495411,-0.316949426775148
osteoclasts,m4_img_7_11_17,samh,boxes,0,0,0.9679095501563627,0.914018691588785,-0.007945404955621294
osteoclasts,m1_img_5_13_12,samh,boxes,0,0,0.9230935057935866,0.6419019316493314,0.014590652736686492
osteoclasts,m4_img_3_15_20,samh,boxes,0,0,0.940867926074663,0.4955798231929277,-0.38513544748520756
osteoclasts,m4_img_3_5_9,samh,boxes,0,0,0.9525192427197607,0.49751693002257336,-1.0622284116124259
osteoclasts,m3_img_1_13_9,samh,boxes,0,0,0.9413540819881547,0.8343373493975904,-0.050995053624260364
osteoclasts,m2_img_9_12_2,samh,boxes,0,0,0.9642770938933141,0.9136507936507936,-0.04536103920118363
osteoclasts,m1_img_21_5_18,samh,boxes,0,0,0.9735812804501476,0.978494623655914,-0.021235900517751517
osteoclasts,m1_img_15_2_6,samh,boxes,0,0,0.9664337266582655,0.921875,-0.009678947855029651
osteoclasts,m4_img_5_20_6,samh,boxes,0,0,0.9135745827837357,0.65283540802213,0.047816891642011965
osteoclasts,m5_img_3_13_14,samh,boxes,0,0,0.7396380230832281,0.3277747402952433,-1.4456303161982247
osteoclasts,m2_img_7_15_12,samh,boxes,0,0,0.9394164267268248,0.6617357001972387,-0.006211862056213283
osteoclasts,m1_img_3_12_12,samh,boxes,0,0,0.9590409590409591,0.975,-0.0008667714497041356
osteoclasts,m5_img_1_2_9,samh,boxes,0,0,0.8849660091385267,0.44966442953020136,-0.5771253235946745
osteoclasts,m4_img_19_17_14,samh,boxes,0,0,0.8851474530831099,0.683046683046683,-0.02239159578402367
osteoclasts,m1_img_1_12_0,samh,boxes,0,0,0.9608059619100193,0.850356294536817,-0.0011556952662721519
osteoclasts,m2_img_21_7_18,samh,boxes,0,0,0.8731233441271711,0.6211699164345403,0.018057738535502948
osteoclasts,m4_img_13_11_14,samh,boxes,0,0,0.9364363754518501,0.6983734087694484,0.2600314349112426
osteoclasts,m1_img_17_15_13,samh,boxes,0,0,0.9223720341859245,0.45191740412979353,0.24616309171597642
osteoclasts,m2_img_19_8_2,samh,boxes,0,0,0.9602580347886188,0.7710133542812254,0.09057761649408289
osteoclasts,m3_img_17_1_10,samh,boxes,0,0,0.9589627691209707,0.8992248062015504,-0.007078633505917201
osteoclasts,m5_img_9_11_2,samh,boxes,0,0,0.6934749620637329,0.2794253938832252,-1.0042991863905326
osteoclasts,m3_img_33_6_3,samh,boxes,0,0,0.9297841905591143,0.8237918215613383,-0.03423747226331351
osteoclasts,m3_img_13_5_6,samh,boxes,0,0,0.9331872946330778,0.9122023809523809,-0.041027181952662695
osteoclasts,m4_img_1_12_7,samh,boxes,0,0,0.961963711963712,0.6298416332760923,-0.7272212463017735
osteoclasts,m3_img_11_3_9,samh,boxes,0,0,0.969046389089782,0.8905124099279423,-0.15977487056213074
osteoclasts,m5_img_1_3_14,samh,points,1,0,0.07968110717903516,0.036469631236442514,50.12322600776628
osteoclasts,m3_img_9_5_7,samh,points,1,0,0.0853238341080415,0.04937504316000276,57.735790726701175
osteoclasts,m3_img_5_9_10,samh,points,1,0,0.08921911899325727,0.09030162759444528,73.67326183431953
osteoclasts,m5_img_7_8_10,samh,points,1,0,0.08255257555210478,0.14467559608625438,94.14568116678994
osteoclasts,m5_img_5_19_10,samh,points,1,0,0.06243108168157954,0.023622047244094488,49.376213480029584
osteoclasts,m3_img_33_18_11,samh,points,1,0,0.9221524903191347,0.776034236804565,0.0004333857248520895
osteoclasts,m4_img_19_6_14,samh,points,1,0,0.14257753104153323,0.037005128205128204,76.57232340976331
osteoclasts,m2_img_7_8_5,samh,points,1,0,0.8550260338086403,0.44275774826059455,2.102354151257396
osteoclasts,m4_img_13_6_8,samh,points,1,0,0.19550513800223082,0.027285749222653113,48.94976192677515
osteoclasts,m1_img_7_15_13,samh,points,1,0,0.09293570475134293,0.07328648915187377,82.19521426590237
osteoclasts,m1_img_7_17_4,samh,points,1,0,0.9370152761457109,0.48642533936651583,-0.0031781619822484827
osteoclasts,m4_img_23_8_3,samh,points,1,0,0.9504933205273728,0.5158898305084746,-0.16381980399408289
osteoclasts,m4_img_3_18_20,samh,points,1,0,0.9375482306250689,0.43729903536977494,-0.29556906434911256
osteoclasts,m2_img_13_7_8,samh,points,1,0,0.3196666634441555,0.12929232606748284,18.096743250739642
osteoclasts,m3_img_13_10_12,samh,points,1,0,0.07333059243990497,0.13570331876697767,95.33980330066568
osteoclasts,m1_img_5_6_12,samh,points,1,0,0.05341981232099387,0.039661487937350005,48.303294887204146
osteoclasts,m5_img_7_9_8,samh,points,1,0,0.08484889472507613,0.05644776594053109,68.86369152181953
osteoclasts,m3_img_15_10_13,samh,points,1,0,0.2254405364914033,0.06003314713645571,18.644253883136095
osteoclasts,m3_img_13_9_9,samh,points,1,0,0.03762227798373161,0.008258381030253475,74.69764122596155
osteoclasts,m2_img_7_19_7,samh,points,1,0,0.054403620153991625,0.01095290251916758,24.27046736316568
osteoclasts,m2_img_13_0_8,samh,points,1,0,0.0387107203477355,0.017733990147783252,77.31500208025149
osteoclasts,m2_img_3_5_6,samh,points,1,0,0.06315597020202804,0.04018139632988821,78.2696063701923
osteoclasts,m2_img_21_10_0,samh,points,1,0,0.9804482594182165,0.7963875205254516,-0.10863535502958592
osteoclasts,m3_img_21_17_4,samh,points,1,0,0.00010751532093323298,0.013971539456662354,80.6088780510355
osteoclasts,m3_img_21_11_14,samh,points,1,0,0.967784467982244,0.7984322508398656,-0.09548932137573955
osteoclasts,m5_img_1_19_3,samh,points,1,0,0.07377049180327869,0.30303030303030304,0.02834860686846246
osteoclasts,m1_img_9_14_0,samh,points,1,0,0.8408683529177454,0.4049586776859504,0.10415703587278104
osteoclasts,m3_img_3_10_4,samh,points,1,0,0.6400984966303784,0.39241752831117677,0.6833048261834319
osteoclasts,m2_img_9_19_10,samh,points,1,0,0.04786643801069303,0.10634847080630214,43.21549093934911
osteoclasts,m5_img_1_5_17,samh,points,1,0,0.03741567357127998,0.017114619742075447,84.21724759615384
osteoclasts,m2_img_5_18_12,samh,points,1,0,0.10030229967666524,0.07399963456970583,81.54975845968936
osteoclasts,m5_img_3_5_7,samh,points,1,0,0.8365630021741185,0.5472245236122618,0.13752773668639068
osteoclasts,m5_img_3_5_13,samh,points,1,0,0.09354008872854101,0.029624244627197965,78.45971824149409
osteoclasts,m4_img_1_18_4,samh,points,1,0,0.19504747545760243,0.04977602355668327,54.378929363905314
osteoclasts,m5_img_5_8_10,samh,points,1,0,0.07994088917709653,0.06335017489312086,93.95874745747041
osteoclasts,m2_img_11_7_8,samh,points,1,0,0.20706791531381652,0.07622166570346112,21.3206996579142
osteoclasts,m4_img_9_8_2,samh,points,1,0,0.1468227434867981,0.0753114382785957,40.737246902736686
osteoclasts,m2_img_3_2_11,samh,points,1,0,0.12493368062285744,0.0708162066940693,89.32585405880177
osteoclasts,m4_img_15_21_13,samh,points,1,0,0.9337766076130126,0.5885925534724056,0.3083634175691949
osteoclasts,m2_img_11_18_4,samh,points,1,0,0.05266957828829789,0.03860547567461099,11.546406943417159
osteoclasts,m5_img_3_12_16,samh,points,1,0,0.05709214779368195,0.07579655650108846,97.00934957470415
osteoclasts,m5_img_1_12_0,samh,points,1,0,0.8261159227181879,0.2926829268292683,-0.07194203032544377
osteoclasts,m1_img_9_1_4,samh,points,1,0,0.036187017766898574,0.0022509848058525606,39.645981647559175
osteoclasts,m4_img_11_10_18,samh,points,1,0,0.3294339396840594,0.05407503234152652,6.441556490384616
osteoclasts,m4_img_9_11_9,samh,points,1,0,0.4013544811677157,0.06874473968979199,28.01419771634615
osteoclasts,m1_img_1_5_11,samh,points,1,0,0.022361237317793013,0.014048944710604687,94.03126733542899
osteoclasts,m2_img_9_19_12,samh,points,1,0,0.821986813838062,0.16666666666666666,0.6893722263313609
osteoclasts,m3_img_23_4_7,samh,points,1,0,0.9588638589618022,0.8967193195625759,-0.05345090606508878
osteoclasts,m2_img_13_11_7,samh,points,1,0,0.09324477551418853,0.03239959500506244,69.72540680473372
osteoclasts,m5_img_9_15_5,samh,points,1,0,0.07097171985236246,0.01174225744899457,94.4679756841716
osteoclasts,m3_img_15_7_4,samh,points,1,0,0.9520004632042152,0.8955572876071707,-0.08942192122781065
osteoclasts,m4_img_5_16_15,samh,points,1,0,0.026107189471022762,0.012122287268641712,82.34357664571006
osteoclasts,m5_img_3_14_11,samh,points,1,0,0.1418262704682595,0.04277914141161148,81.53328980214496
osteoclasts,m1_img_11_5_9,samh,points,1,0,0.7516220686145626,0.32465600595016736,0.7883286335059171
osteoclasts,m1_img_5_0_8,samh,points,1,0,0.9394311438510333,0.6515151515151515,0.07251987795857985
osteoclasts,m2_img_3_19_7,samh,points,1,0,0.13805998251410495,0.06699346405228758,38.026274731878694
osteoclasts,m1_img_13_11_9,samh,points,1,0,0.07513376797146656,0.07337555066079295,95.49322184726333
osteoclasts,m1_img_21_12_1,samh,points,1,0,0.8615746831936847,0.4982981620149762,-0.12640416974852073
osteoclasts,m4_img_9_16_9,samh,points,1,0,0.11584674406334973,0.03445649251725065,53.48889954696745
osteoclasts,m3_img_25_7_13,samh,points,1,0,0.9463354635150673,0.7204450625869263,-0.018057738535503035
osteoclasts,m1_img_5_16_5,samh,points,1,0,0.022118627545126248,0.020726901182309153,97.08764792899409
osteoclasts,m5_img_7_10_12,samh,points,1,0,0.055799368392960395,0.043018246325392806,73.12979613535504
osteoclasts,m3_img_11_4_18,samh,points,1,0,0.14729781736214195,0.054252712635631785,22.393329326923077
osteoclasts,m1_img_11_12_14,samh,points,1,0,0.07938491756934746,0.061981643259980096,86.87231300850591
osteoclasts,m1_img_3_11_16,samh,points,1,0,0.023788821718482206,0.006633578314402978,61.795170349482255
osteoclasts,m2_img_13_3_8,samh,points,1,0,0.027081661256124295,0.04396060134784863,93.86239136464496
osteoclasts,m4_img_19_12_16,samh,points,1,0,0.40618291112065263,0.2764976958525346,0.5944607525887574
osteoclasts,m3_img_29_14_1,samh,points,1,0,0.08695603938427403,0.04995617879053462,71.33485692492604
osteoclasts,m5_img_3_8_13,samh,points,1,0,0.036999183212668325,0.02404875638280349,97.59167552699705
osteoclasts,m4_img_23_9_20,samh,points,1,0,0.1635294242388899,0.0018160591516409392,79.77576622596153
osteoclasts,m1_img_9_7_13,samh,points,1,0,0.25366950757575757,0.08755020080321285,7.255743805473372
osteoclasts,m3_img_1_4_18,samh,points,1,0,0.9171343060231949,0.7094281298299846,0.08292113535502957
osteoclasts,m5_img_1_5_11,samh,points,1,0,0.08032139109227243,0.051831487021913154,90.59841900887574
osteoclasts,m2_img_17_14_13,samh,points,1,0,0.35083114610673666,0.2771317829457364,0.0762758875739645
osteoclasts,m5_img_7_7_2,samh,points,1,0,0.7226285340028381,0.13738019169329074,-0.2671100684171599
osteoclasts,m4_img_7_11_17,samh,points,1,0,0.43220622698359557,0.143662484088016,3.8935373520710055
osteoclasts,m1_img_5_13_12,samh,points,1,0,0.6900443369609028,0.3271461716937355,0.9181998890532543
osteoclasts,m4_img_3_15_20,samh,points,1,0,0.07870697432603942,0.0,87.0380108173077
osteoclasts,m4_img_3_5_9,samh,points,1,0,0.46802909790823405,0.08523965823958307,26.49546967455621
osteoclasts,m3_img_1_13_9,samh,points,1,0,0.6060876020786934,0.4015471167369902,0.6509453587278107
osteoclasts,m2_img_9_12_2,samh,points,1,0,0.6156215288296476,0.3311143984220907,2.0860299556213016
osteoclasts,m1_img_21_5_18,samh,points,1,0,0.7645612073784237,0.5098837209302326,0.45794424926035493
osteoclasts,m1_img_15_2_6,samh,points,1,0,0.834770811125109,0.5118110236220472,0.22001548631656806
osteoclasts,m4_img_5_20_6,samh,points,1,0,0.0281026520584133,0.0,85.46236478365385
osteoclasts,m5_img_3_13_14,samh,points,1,0,0.07913433361040159,0.03210599040884337,87.27463942307693
osteoclasts,m2_img_7_15_12,samh,points,1,0,0.056876118125732865,0.03627611532926406,79.02629784578403
osteoclasts,m1_img_3_12_12,samh,points,1,0,0.9601593625498008,0.9752066115702479,0.0
osteoclasts,m5_img_1_2_9,samh,points,1,0,0.07313029139557074,0.012305050794105023,88.17189233542899
osteoclasts,m4_img_19_17_14,samh,points,1,0,0.8136554827350093,0.5239887111947319,0.10733519785502957
osteoclasts,m1_img_1_12_0,samh,points,1,0,0.9624142661179699,0.8432304038004751,0.0052006286982249
osteoclasts,m2_img_21_7_18,samh,points,1,0,0.7859942513718318,0.5452196382428941,0.08017635909763313
osteoclasts,m4_img_13_11_14,samh,points,1,0,0.12140309926732802,0.0355434039644566,48.84733843380178
osteoclasts,m1_img_17_15_13,samh,points,1,0,0.09094118395999838,0.0334122359796067,90.7298793454142
osteoclasts,m2_img_19_8_2,samh,points,1,0,0.086786350697739,0.052900487344757115,91.18955713757396
osteoclasts,m3_img_17_1_10,samh,points,1,0,0.9599241166706189,0.8953488372093024,-0.0031781619822485695
osteoclasts,m5_img_9_11_2,samh,points,1,0,0.07369050554521055,0.010121457489878543,46.34814742048817
osteoclasts,m3_img_33_6_3,samh,points,1,0,0.04256210464580453,0.02277601879276887,52.81816290680473
osteoclasts,m3_img_13_5_6,samh,points,1,0,0.6335697399527187,0.4972375690607735,-0.22131564349112423
osteoclasts,m4_img_1_12_7,samh,points,1,0,0.6613218798475293,0.18499712087106737,11.878813794378699
osteoclasts,m3_img_11_3_9,samh,points,1,0,0.9132698903434616,0.5918094218415417,0.810286843565089
osteoclasts,m5_img_1_3_14,samft_t_ende_adapter_box,boxes,0,0,0.010951979780960405,0.02368281000532198,-2.038068602071006
osteoclasts,m3_img_9_5_7,samft_t_ende_adapter_box,boxes,0,0,0.04288977930239344,0.08748631886172929,96.04362171782545
osteoclasts,m3_img_5_9_10,samft_t_ende_adapter_box,boxes,0,0,0.0017940657415959733,0.013813142191954097,46.83065019415681
osteoclasts,m5_img_7_8_10,samft_t_ende_adapter_box,boxes,0,0,0.10844136055697508,0.05371084564010911,-2.490089913091716
osteoclasts,m5_img_5_19_10,samft_t_ende_adapter_box,boxes,0,0,0.0966183574879227,0.03192019950124688,-0.35855445636094674
osteoclasts,m3_img_33_18_11,samft_t_ende_adapter_box,boxes,0,0,0.0005956556326685764,0.004449209987921812,35.78249237241125
osteoclasts,m4_img_19_6_14,samft_t_ende_adapter_box,boxes,0,0,0.007417171983478337,0.008057923624897816,-4.515445867233728
osteoclasts,m2_img_7_8_5,samft_t_ende_adapter_box,boxes,0,0,0.862697564632143,0.29011109087597886,-2.2830759985207103
osteoclasts,m4_img_13_6_8,samft_t_ende_adapter_box,boxes,0,0,0.0009551495016611296,0.0058234019501625135,-4.964866863905326
osteoclasts,m1_img_7_15_13,samft_t_ende_adapter_box,boxes,0,0,0.1060980597890843,0.011813885859687387,94.39791165865384
osteoclasts,m1_img_7_17_4,samft_t_ende_adapter_box,boxes,0,0,0.01148832417878453,0.04822908816880181,99.3145282451923
osteoclasts,m4_img_23_8_3,samft_t_ende_adapter_box,boxes,0,0,0.0,0.0,-0.6269646819526629
osteoclasts,m4_img_3_18_20,samft_t_ende_adapter_box,boxes,0,0,0.0007694938440492476,0.006007294571980262,-2.1579719859467454
osteoclasts,m2_img_13_7_8,samft_t_ende_adapter_box,boxes,0,0,0.6864141688572981,0.3585810162991371,-1.9524026904585803
osteoclasts,m3_img_13_10_12,samft_t_ende_adapter_box,boxes,0,0,0.0,0.009993753903810118,-3.683345275517752
osteoclasts,m1_img_5_6_12,samft_t_ende_adapter_box,boxes,0,0,0.027501054335312823,0.05421389847215377,98.60131980399409
osteoclasts,m5_img_7_9_8,samft_t_ende_adapter_box,boxes,0,0,0.21075239721973246,0.09674746219183758,0.5072057599852076
osteoclasts,m3_img_15_10_13,samft_t_ende_adapter_box,boxes,0,0,0.0,0.020931802835921675,-2.4752103365384617
osteoclasts,m3_img_13_9_9,samft_t_ende_adapter_box,boxes,0,0,0.023029737776661764,0.03102800685882257,1.0610727163461537
osteoclasts,m2_img_7_19_7,samft_t_ende_adapter_box,boxes,0,0,0.23595915390226113,0.1434108527131783,-0.604139700443787
osteoclasts,m2_img_13_0_8,samft_t_ende_adapter_box,boxes,0,0,0.8760935717002662,0.5849719101123596,-0.07512019230769221
osteoclasts,m2_img_3_5_6,samft_t_ende_adapter_box,boxes,0,0,0.8186661767407679,0.3969422423556059,-0.7673816568047338
osteoclasts,m2_img_21_10_0,samft_t_ende_adapter_box,boxes,0,0,0.9387644196329323,0.4057758198727362,-0.31911635539940836
osteoclasts,m3_img_21_17_4,samft_t_ende_adapter_box,boxes,0,0,9.534072753642449e-05,0.01575973832887303,99.99479937130178
osteoclasts,m3_img_21_11_14,samft_t_ende_adapter_box,boxes,0,0,0.046983608630909605,0.006682797557322272,21.74426197300296
osteoclasts,m5_img_1_19_3,samft_t_ende_adapter_box,boxes,0,0,0.0,0.0,64.59707372951958
osteoclasts,m1_img_9_14_0,samft_t_ende_adapter_box,boxes,0,0,0.005841226166149791,0.030168589174800354,99.34327616494083
osteoclasts,m3_img_3_10_4,samft_t_ende_adapter_box,boxes,0,0,0.02692778457772338,0.08198924731182795,-0.7198536889792899
osteoclasts,m2_img_9_19_10,samft_t_ende_adapter_box,boxes,0,0,0.05238762530990622,0.005060728744939271,-1.2699646357248522
osteoclasts,m5_img_1_5_17,samft_t_ende_adapter_box,boxes,0,0,0.060341779611078374,0.05439656853187756,-0.8292113535502956
osteoclasts,m2_img_5_18_12,samft_t_ende_adapter_box,boxes,0,0,0.8790855568493038,0.5108583247156153,-0.294557830991124
osteoclasts,m5_img_3_5_7,samft_t_ende_adapter_box,boxes,0,0,0.15023175497591565,0.12370829642751698,0.26003143491124275
osteoclasts,m5_img_3_5_13,samft_t_ende_adapter_box,boxes,0,0,0.03778470390793575,0.03262374524056767,-2.1640393860946747
osteoclasts,m4_img_1_18_4,samft_t_ende_adapter_box,boxes,0,0,0.01305871462576038,0.00953792017779424,-5.102972448224852
osteoclasts,m5_img_5_8_10,samft_t_ende_adapter_box,boxes,0,0,0.11975330220479911,0.06687110495597982,-2.509158884985207
osteoclasts,m2_img_11_7_8,samft_t_ende_adapter_box,boxes,0,0,0.8388908201192609,0.36960902861749295,-0.19516803809171596
osteoclasts,m4_img_9_8_2,samft_t_ende_adapter_box,boxes,0,0,0.004817342432757929,0.03596660244059088,-3.4119013498520716
osteoclasts,m2_img_3_2_11,samft_t_ende_adapter_box,boxes,0,0,0.8751406358637255,0.3238063214525891,-1.3531746948964503
osteoclasts,m4_img_15_21_13,samft_t_ende_adapter_box,boxes,0,0,0.00021478585849907643,0.0005197505197505198,-5.922255392020735
osteoclasts,m2_img_11_18_4,samft_t_ende_adapter_box,boxes,0,0,0.7053918843802113,0.3404255319148936,-0.13926127958579881
osteoclasts,m5_img_3_12_16,samft_t_ende_adapter_box,boxes,0,0,0.12774648127031674,0.0316130176465372,2.6143271542159763
osteoclasts,m5_img_1_12_0,samft_t_ende_adapter_box,boxes,0,0,0.030021509313074915,0.0057871046939849185,8.96429479474852
osteoclasts,m1_img_9_1_4,samft_t_ende_adapter_box,boxes,0,0,0.014777675155033646,0.002014605892722236,99.24013036242604
osteoclasts,m4_img_11_10_18,samft_t_ende_adapter_box,boxes,0,0,0.00039517881841533294,0.0043846828412744815,-1.0220680011094674
osteoclasts,m4_img_9_11_9,samft_t_ende_adapter_box,boxes,0,0,0.0,0.0,-9.195000462278106
osteoclasts,m1_img_1_5_11,samft_t_ende_adapter_box,boxes,0,0,0.021278663594733502,0.043808125305922666,98.92462555473372
osteoclasts,m2_img_9_19_12,samft_t_ende_adapter_box,boxes,0,0,0.7684760135963836,0.18393574297188756,0.9116991031804734
osteoclasts,m3_img_23_4_7,samft_t_ende_adapter_box,boxes,0,0,0.517979524494458,0.1703958691910499,-0.1160029123520711
osteoclasts,m2_img_13_11_7,samft_t_ende_adapter_box,boxes,0,0,0.727511961722488,0.27464545140089935,-1.1886325813609468
osteoclasts,m5_img_9_15_5,samft_t_ende_adapter_box,boxes,0,0,0.17744551801960645,0.05435821993379919,3.024887897559172
osteoclasts,m3_img_15_7_4,samft_t_ende_adapter_box,boxes,0,0,0.008167724482363957,0.015341264871634314,14.076657267011832
osteoclasts,m4_img_5_16_15,samft_t_ende_adapter_box,boxes,0,0,0.052269474073047974,0.013368983957219251,7.1677665033284015
osteoclasts,m5_img_3_14_11,samft_t_ende_adapter_box,boxes,0,0,0.10542082367344813,0.0720315971365095,-3.688401442307692
osteoclasts,m1_img_11_5_9,samft_t_ende_adapter_box,boxes,0,0,0.02584509201360418,0.0458919319022946,98.68640786797337
osteoclasts,m1_img_5_0_8,samft_t_ende_adapter_box,boxes,0,0,0.013295966899631419,0.006948356807511737,99.07573271079882
osteoclasts,m2_img_3_19_7,samft_t_ende_adapter_box,boxes,0,0,0.9098138183896005,0.5283261802575108,-0.02311390532544373
osteoclasts,m1_img_13_11_9,samft_t_ende_adapter_box,boxes,0,0,0.0753542919582607,0.0505032021957914,96.08421551405326
osteoclasts,m1_img_21_12_1,samft_t_ende_adapter_box,boxes,0,0,0.021239980332292775,0.051022807430049374,98.85643953402366
osteoclasts,m4_img_9_16_9,samft_t_ende_adapter_box,boxes,0,0,0.10135198135198135,0.04675982800982801,-0.8260331915680476
osteoclasts,m3_img_25_7_13,samft_t_ende_adapter_box,boxes,0,0,0.00278664209627399,0.00794912559618442,-2.2066556490384617
osteoclasts,m1_img_5_16_5,samft_t_ende_adapter_box,boxes,0,0,0.021762148151217638,0.015515903801396431,98.89992256841717
osteoclasts,m5_img_7_10_12,samft_t_ende_adapter_box,boxes,0,0,0.19306208461663155,0.06927149355007084,0.5287305843195266
osteoclasts,m3_img_11_4_18,samft_t_ende_adapter_box,boxes,0,0,0.025048724684348784,0.017193918604158726,4.6411277274408285
osteoclasts,m1_img_11_12_14,samft_t_ende_adapter_box,boxes,0,0,0.07286768615725545,0.03278688524590164,96.2185650887574
osteoclasts,m1_img_3_11_16,samft_t_ende_adapter_box,boxes,0,0,0.014148249548719627,0.10276073619631902,99.169921875
osteoclasts,m2_img_13_3_8,samft_t_ende_adapter_box,boxes,0,0,0.8871750620213569,0.5721784776902887,0.06471893491124259
osteoclasts,m4_img_19_12_16,samft_t_ende_adapter_box,boxes,0,0,0.0,0.0,0.920944665310651
osteoclasts,m3_img_29_14_1,samft_t_ende_adapter_box,boxes,0,0,0.0003276217934016971,0.00848051703797425,28.48153198964497
osteoclasts,m5_img_3_8_13,samft_t_ende_adapter_box,boxes,0,0,0.10980522723489262,0.0481283422459893,0.5863708857248521
osteoclasts,m4_img_23_9_20,samft_t_ende_adapter_box,boxes,0,0,0.002386711820674085,0.0047841020608439646,-6.638024685650887
osteoclasts,m1_img_9_7_13,samft_t_ende_adapter_box,boxes,0,0,0.0247651957546194,0.0,98.74621509800295
osteoclasts,m3_img_1_4_18,samft_t_ende_adapter_box,boxes,0,0,8.612522607871846e-06,0.0009242144177449168,65.6322230954142
osteoclasts,m5_img_1_5_11,samft_t_ende_adapter_box,boxes,0,0,0.17163938392065156,0.11611935585727819,-0.7997411242603552
osteoclasts,m2_img_17_14_13,samft_t_ende_adapter_box,boxes,0,0,0.0,0.012738853503184714,-0.12683755547337278
osteoclasts,m5_img_7_7_2,samft_t_ende_adapter_box,boxes,0,0,0.2075489369673129,0.04635083226632523,-0.048105815458579934
osteoclasts,m4_img_7_11_17,samft_t_ende_adapter_box,boxes,0,0,0.0,0.0,-0.8163542437130179
osteoclasts,m1_img_5_13_12,samft_t_ende_adapter_box,boxes,0,0,0.026292415802822565,0.009114895658431278,98.66242719119822
osteoclasts,m4_img_3_15_20,samft_t_ende_adapter_box,boxes,0,0,0.0,0.0008048040611651087,-0.08739945451183492
osteoclasts,m4_img_3_5_9,samft_t_ende_adapter_box,boxes,0,0,0.010045892379847697,0.02046671767406274,-10.218802006286982
osteoclasts,m3_img_1_13_9,samft_t_ende_adapter_box,boxes,0,0,0.3965014577259475,0.1771255060728745,-0.35349828957100593
osteoclasts,m2_img_9_12_2,samft_t_ende_adapter_box,boxes,0,0,0.760650582280969,0.29940515532055517,-0.6964508598372783
osteoclasts,m1_img_21_5_18,samft_t_ende_adapter_box,boxes,0,0,0.02012988034476496,0.06424581005586592,98.88981023483727
osteoclasts,m1_img_15_2_6,samft_t_ende_adapter_box,boxes,0,0,0.012572567169492791,0.007825148407987047,99.36090051775149
osteoclasts,m4_img_5_20_6,samft_t_ende_adapter_box,boxes,0,0,0.0015824175824175825,0.0026917900403768506,-0.8279111963757395
osteoclasts,m5_img_3_13_14,samft_t_ende_adapter_box,boxes,0,0,0.17146775272823403,0.04371807967313585,9.520184217825445
osteoclasts,m2_img_7_15_12,samft_t_ende_adapter_box,boxes,0,0,0.8047729759299781,0.5038975501113586,-0.6477671967455624
osteoclasts,m1_img_3_12_12,samft_t_ende_adapter_box,boxes,0,0,0.0028967735885802493,0.024154589371980676,99.84874838202661
osteoclasts,m5_img_1_2_9,samft_t_ende_adapter_box,boxes,0,0,0.22653491623421246,0.060153620436696295,-0.9619718472633133
osteoclasts,m4_img_19_17_14,samft_t_ende_adapter_box,boxes,0,0,0.07926334189838474,0.019145453762329328,13.75407382581361
osteoclasts,m1_img_1_12_0,samft_t_ende_adapter_box,boxes,0,0,0.010472247245513131,0.0,99.01910364275147
osteoclasts,m2_img_21_7_18,samft_t_ende_adapter_box,boxes,0,0,0.7175348495964784,0.4245689655172414,-0.07887620192307694
osteoclasts,m4_img_13_11_14,samft_t_ende_adapter_box,boxes,0,0,0.022840752151280144,0.009017439387494683,-1.4142820821005917
osteoclasts,m1_img_17_15_13,samft_t_ende_adapter_box,boxes,0,0,0.08718719603855336,0.058692421991084695,95.43991540310651
osteoclasts,m2_img_19_8_2,samft_t_ende_adapter_box,boxes,0,0,0.9341915550978372,0.5015600624024961,-0.2715883875739643
osteoclasts,m3_img_17_1_10,samft_t_ende_adapter_box,boxes,0,0,0.0010563147818049778,0.010604542418169672,3.1547591531065096
osteoclasts,m5_img_9_11_2,samft_t_ende_adapter_box,boxes,0,0,0.22338404698419337,0.046863594335490776,3.6674544656065096
osteoclasts,m3_img_33_6_3,samft_t_ende_adapter_box,boxes,0,0,0.0,0.0,-1.0825975406804733
osteoclasts,m3_img_13_5_6,samft_t_ende_adapter_box,boxes,0,0,0.0542463041999134,0.03999343023733268,3.8386418269230766
osteoclasts,m4_img_1_12_7,samft_t_ende_adapter_box,boxes,0,0,0.07443073527936603,0.033756075334143376,-5.024385170118342
osteoclasts,m3_img_11_3_9,samft_t_ende_adapter_box,boxes,0,0,0.012736876793672833,0.04533265588393034,76.16291836168638
osteoclasts,m5_img_1_3_14,samft_t_ende_adapter_box,boxes,1,0,0.01039071197582569,0.02659430122116689,-2.056704188239645
osteoclasts,m3_img_9_5_7,samft_t_ende_adapter_box,boxes,1,0,0.04656215477623488,0.0877230473341169,96.68272120007396
osteoclasts,m3_img_5_9_10,samft_t_ende_adapter_box,boxes,1,0,0.0019975042836921702,0.015438969653817382,54.610357340976336
osteoclasts,m5_img_7_8_10,samft_t_ende_adapter_box,boxes,1,0,0.11482088503863264,0.05192326047532691,-2.482722355769231
osteoclasts,m5_img_5_19_10,samft_t_ende_adapter_box,boxes,1,0,0.08685703825736775,0.025591810620601407,-0.13232710798816577
osteoclasts,m3_img_33_18_11,samft_t_ende_adapter_box,boxes,1,0,0.0005625087891998312,0.004268917402546714,35.90022882766272
osteoclasts,m4_img_19_6_14,samft_t_ende_adapter_box,boxes,1,0,0.004500989128659322,0.0061672876782731595,-4.774899454511834
osteoclasts,m2_img_7_8_5,samft_t_ende_adapter_box,boxes,1,0,0.8652554512175712,0.288913362701909,-2.2458048261834325
osteoclasts,m4_img_13_6_8,samft_t_ende_adapter_box,boxes,1,0,0.0007664466680860123,0.005044328951391012,-5.136776534763314
osteoclasts,m1_img_7_15_13,samft_t_ende_adapter_box,boxes,1,0,0.1060980597890843,0.011813885859687387,94.39791165865384
osteoclasts,m1_img_7_17_4,samft_t_ende_adapter_box,boxes,1,0,0.011848361656587132,0.03452718371553723,99.3317192122781
osteoclasts,m4_img_23_8_3,samft_t_ende_adapter_box,boxes,1,0,0.0,0.0,-0.5694688424556215
osteoclasts,m4_img_3_18_20,samft_t_ende_adapter_box,boxes,1,0,0.0005398596364945115,0.006296194908294552,-2.326125647189349
osteoclasts,m2_img_13_7_8,samft_t_ende_adapter_box,boxes,1,0,0.6840826424374512,0.35436241610738256,-1.9792726053994083
osteoclasts,m3_img_13_10_12,samft_t_ende_adapter_box,boxes,1,0,0.0,0.009791921664626682,-3.67106601331361
osteoclasts,m1_img_5_6_12,samft_t_ende_adapter_box,boxes,1,0,0.027495433575261234,0.05443349753694581,98.6010308801775
osteoclasts,m5_img_7_9_8,samft_t_ende_adapter_box,boxes,1,0,0.21378194974740317,0.09706603966469025,0.6294205343934912
osteoclasts,m3_img_15_10_13,samft_t_ende_adapter_box,boxes,1,0,0.0,0.013609467455621301,-2.3885331915680474
osteoclasts,m3_img_13_9_9,samft_t_ende_adapter_box,boxes,1,0,0.01648143947985182,0.024369434223857515,2.7663010817307687
osteoclasts,m2_img_7_19_7,samft_t_ende_adapter_box,boxes,1,0,0.2902030008826125,0.15514018691588785,-0.5779920950443787
osteoclasts,m2_img_13_0_8,samft_t_ende_adapter_box,boxes,1,0,0.8759443151042904,0.5843881856540084,-0.07295326368343194
osteoclasts,m2_img_3_5_6,samft_t_ende_adapter_box,boxes,1,0,0.8170919151552413,0.3882218410520297,-0.7858727810650886
osteoclasts,m2_img_21_10_0,samft_t_ende_adapter_box,boxes,1,0,0.914868377880417,0.3846503178928247,-0.44364252034023655
osteoclasts,m3_img_21_17_4,samft_t_ende_adapter_box,boxes,1,0,9.534072753642449e-05,0.01575973832887303,99.99479937130178
osteoclasts,m3_img_21_11_14,samft_t_ende_adapter_box,boxes,1,0,0.0576420384727094,0.00872522186281828,22.481451090976332
osteoclasts,m5_img_1_19_3,samft_t_ende_adapter_box,boxes,1,0,0.0,0.0,64.90182125335555
osteoclasts,m1_img_9_14_0,samft_t_ende_adapter_box,boxes,1,0,0.005791346791567869,0.033582089552238806,99.3561332747781
osteoclasts,m3_img_3_10_4,samft_t_ende_adapter_box,boxes,1,0,0.009791477787851315,0.03987240829346093,-0.7493239182692308
osteoclasts,m2_img_9_19_10,samft_t_ende_adapter_box,boxes,1,0,0.050496331463098836,0.013224821973550356,-1.271264792899408
osteoclasts,m5_img_1_5_17,samft_t_ende_adapter_box,boxes,1,0,0.05701434476051544,0.05105230256303397,-0.9040426220414199
osteoclasts,m2_img_5_18_12,samft_t_ende_adapter_box,boxes,1,0,0.8773894764501083,0.5024516129032258,-0.3068370931952662
osteoclasts,m5_img_3_5_7,samft_t_ende_adapter_box,boxes,1,0,0.1825133826153454,0.1279182207487222,0.48134707840236707
osteoclasts,m5_img_3_5_13,samft_t_ende_adapter_box,boxes,1,0,0.040206160384963,0.03734477720964208,-2.275419517381657
osteoclasts,m4_img_1_18_4,samft_t_ende_adapter_box,boxes,1,0,0.020744375262021955,0.010461061604029445,-4.5385597725591715
osteoclasts,m5_img_5_8_10,samft_t_ende_adapter_box,boxes,1,0,0.1188055439304793,0.06142127085141259,-2.4265266734467454
osteoclasts,m2_img_11_7_8,samft_t_ende_adapter_box,boxes,1,0,0.8288810620428069,0.3358208955223881,-0.26552098742603536
osteoclasts,m4_img_9_8_2,samft_t_ende_adapter_box,boxes,1,0,0.003312462128862856,0.028771929824561403,-3.434292945636095
osteoclasts,m2_img_3_2_11,samft_t_ende_adapter_box,boxes,1,0,0.8767703774703308,0.3412433155080214,-1.326304779955622
osteoclasts,m4_img_15_21_13,samft_t_ende_adapter_box,boxes,1,0,0.0002581311306143521,0.0010615711252653928,-5.932379894473757
osteoclasts,m2_img_11_18_4,samft_t_ende_adapter_box,boxes,1,0,0.7215536105032823,0.35205183585313177,-0.13088248890532542
osteoclasts,m5_img_3_12_16,samft_t_ende_adapter_box,boxes,1,0,0.1446248825660985,0.03192893582105526,4.8900355954142025
osteoclasts,m5_img_1_12_0,samft_t_ende_adapter_box,boxes,1,0,0.07228817362215967,0.01232711966325917,3.035578078772189
osteoclasts,m1_img_9_1_4,samft_t_ende_adapter_box,boxes,1,0,0.014777399642324975,0.0020217336365933787,99.24200836723372
osteoclasts,m4_img_11_10_18,samft_t_ende_adapter_box,boxes,1,0,0.0007554772097708386,0.006802721088435374,-0.9208002034023668
osteoclasts,m4_img_9_11_9,samft_t_ende_adapter_box,boxes,1,0,0.0,0.0,-9.16350776627219
osteoclasts,m1_img_1_5_11,samft_t_ende_adapter_box,boxes,1,0,0.021278663594733502,0.043808125305922666,98.92462555473372
osteoclasts,m2_img_9_19_12,samft_t_ende_adapter_box,boxes,1,0,0.7680055885434859,0.20193081255028159,0.9251340606508874
osteoclasts,m3_img_23_4_7,samft_t_ende_adapter_box,boxes,1,0,0.5448066717210007,0.15847578347578348,0.08205436390532547
osteoclasts,m2_img_13_11_7,samft_t_ende_adapter_box,boxes,1,0,0.7279197826243778,0.2667574004763525,-1.2194029678254437
osteoclasts,m5_img_9_15_5,samft_t_ende_adapter_box,boxes,1,0,0.17888395523356962,0.05495361278526444,3.9100060096153846
osteoclasts,m3_img_15_7_4,samft_t_ende_adapter_box,boxes,1,0,0.01635036496350365,0.02013031550068587,10.279909393491124
osteoclasts,m4_img_5_16_15,samft_t_ende_adapter_box,boxes,1,0,0.05449056379292396,0.01367493995196157,7.495695035133136
osteoclasts,m5_img_3_14_11,samft_t_ende_adapter_box,boxes,1,0,0.11846716537741019,0.07713381512446271,-3.444116355399408
osteoclasts,m1_img_11_5_9,samft_t_ende_adapter_box,boxes,1,0,0.02584512886914014,0.04583538689009364,98.6862634060651
osteoclasts,m1_img_5_0_8,samft_t_ende_adapter_box,boxes,1,0,0.013305537879464093,0.005455825413586766,99.0035017566568
osteoclasts,m2_img_3_19_7,samft_t_ende_adapter_box,boxes,1,0,0.9089782396262841,0.5280995280995281,-0.029614691198225074
osteoclasts,m1_img_13_11_9,samft_t_ende_adapter_box,boxes,1,0,0.0753516163159424,0.050466264399341744,96.08407105214496
osteoclasts,m1_img_21_12_1,samft_t_ende_adapter_box,boxes,1,0,0.021686412982124714,0.023955023221706184,98.88085359652366
osteoclasts,m4_img_9_16_9,samft_t_ende_adapter_box,boxes,1,0,0.10567523049607462,0.04607250755287009,-0.27028823039940836
osteoclasts,m3_img_25_7_13,samft_t_ende_adapter_box,boxes,1,0,0.0046959380136182205,0.011262318160488035,-2.34447230954142
osteoclasts,m1_img_5_16_5,samft_t_ende_adapter_box,boxes,1,0,0.021762148151217638,0.015515903801396431,98.89992256841717
osteoclasts,m5_img_7_10_12,samft_t_ende_adapter_box,boxes,1,0,0.20751979227655729,0.07053596223271313,0.8565146542159761
osteoclasts,m3_img_11_4_18,samft_t_ende_adapter_box,boxes,1,0,0.025224115291714623,0.016521358334328596,5.02857456545858
osteoclasts,m1_img_11_12_14,samft_t_ende_adapter_box,boxes,1,0,0.07286768615725545,0.03278688524590164,96.2185650887574
osteoclasts,m1_img_3_11_16,samft_t_ende_adapter_box,boxes,1,0,0.01434833451707093,0.09594975092051115,99.17555588942308
osteoclasts,m2_img_13_3_8,samft_t_ende_adapter_box,boxes,1,0,0.8881202032212734,0.5756385068762279,0.05894045857988157
osteoclasts,m4_img_19_12_16,samft_t_ende_adapter_box,boxes,1,0,0.0,0.0,0.8625820543639053
osteoclasts,m3_img_29_14_1,samft_t_ende_adapter_box,boxes,1,0,0.00024777160413530806,0.006421116479471251,16.528031388683434
osteoclasts,m5_img_3_8_13,samft_t_ende_adapter_box,boxes,1,0,0.0998621090064591,0.04865804209306816,0.22853873890532547
osteoclasts,m4_img_23_9_20,samft_t_ende_adapter_box,boxes,1,0,0.006196082169582002,0.0066999772882125825,-6.503241725221892
osteoclasts,m1_img_9_7_13,samft_t_ende_adapter_box,boxes,1,0,0.0247651957546194,0.0,98.74621509800295
osteoclasts,m3_img_1_4_18,samft_t_ende_adapter_box,boxes,1,0,8.83134775198043e-06,0.00101603889977502,63.969755454881664
osteoclasts,m5_img_1_5_11,samft_t_ende_adapter_box,boxes,1,0,0.16540888284052951,0.11342704798836646,-0.9595159948224852
osteoclasts,m2_img_17_14_13,samft_t_ende_adapter_box,boxes,1,0,0.0022701475595913734,0.01904761904761905,-0.12669309356508876
osteoclasts,m5_img_7_7_2,samft_t_ende_adapter_box,boxes,1,0,0.20832526621490804,0.04620010934937124,-0.0982340976331362
osteoclasts,m4_img_7_11_17,samft_t_ende_adapter_box,boxes,1,0,0.0,0.0,-0.9423250277366864
osteoclasts,m1_img_5_13_12,samft_t_ende_adapter_box,boxes,1,0,0.026289451998939298,0.008178975222516238,98.66286057692307
osteoclasts,m4_img_3_15_20,samft_t_ende_adapter_box,boxes,1,0,0.0,0.0013072672173034643,0.13825004622781065
osteoclasts,m4_img_3_5_9,samft_t_ende_adapter_box,boxes,1,0,0.010108244978663734,0.022580030487804877,-10.221402320636095
osteoclasts,m3_img_1_13_9,samft_t_ende_adapter_box,boxes,1,0,0.4003690036900369,0.176,-0.3553762943786982
osteoclasts,m2_img_9_12_2,samft_t_ende_adapter_box,boxes,1,0,0.7556520880639748,0.2975871313672922,-0.7098858173076924
osteoclasts,m1_img_21_5_18,samft_t_ende_adapter_box,boxes,1,0,0.020378923285908342,0.06470438974879472,98.90295626849112
osteoclasts,m1_img_15_2_6,samft_t_ende_adapter_box,boxes,1,0,0.012578273265211786,0.007555315704263357,99.36118944156806
osteoclasts,m4_img_5_20_6,samft_t_ende_adapter_box,boxes,1,0,0.0014392372042817307,0.002521613832853026,-0.8651823687130177
osteoclasts,m5_img_3_13_14,samft_t_ende_adapter_box,boxes,1,0,0.1661708908787373,0.044045020030098136,11.070404955621301
osteoclasts,m2_img_7_15_12,samft_t_ende_adapter_box,boxes,1,0,0.8052832244008714,0.5005422993492408,-0.6292760724852072
osteoclasts,m1_img_3_12_12,samft_t_ende_adapter_box,boxes,1,0,0.002896827915726544,0.024052065647990947,99.84687037721893
osteoclasts,m5_img_1_2_9,samft_t_ende_adapter_box,boxes,1,0,0.23062637177106196,0.06005820619102214,-1.0688736593934909
osteoclasts,m4_img_19_17_14,samft_t_ende_adapter_box,boxes,1,0,0.07672056479161922,0.018290399101086187,14.488807091346153
osteoclasts,m1_img_1_12_0,samft_t_ende_adapter_box,boxes,1,0,0.010491771032356136,0.0,98.83289224297337
osteoclasts,m2_img_21_7_18,samft_t_ende_adapter_box,boxes,1,0,0.7443850267379679,0.43451143451143454,-0.06746371116863907
osteoclasts,m4_img_13_11_14,samft_t_ende_adapter_box,boxes,1,0,0.029423847180856527,0.012405566600397615,-1.227059448964497
osteoclasts,m1_img_17_15_13,samft_t_ende_adapter_box,boxes,1,0,0.08719512447860465,0.0572703607288955,95.44034878883136
osteoclasts,m2_img_19_8_2,samft_t_ende_adapter_box,boxes,1,0,0.939166680902677,0.5298065534938807,-0.23157243897928975
osteoclasts,m3_img_17_1_10,samft_t_ende_adapter_box,boxes,1,0,0.0013066325805993467,0.01182033096926714,3.864211584689349
osteoclasts,m5_img_9_11_2,samft_t_ende_adapter_box,boxes,1,0,0.21931785405249496,0.04822780367975134,3.3916766826923075
osteoclasts,m3_img_33_6_3,samft_t_ende_adapter_box,boxes,1,0,0.0,0.0,-1.1272362703402368
osteoclasts,m3_img_13_5_6,samft_t_ende_adapter_box,boxes,1,0,0.03298425589513429,0.0278686124261799,7.278857710798817
osteoclasts,m4_img_1_12_7,samft_t_ende_adapter_box,boxes,1,0,0.07366595100311385,0.03621609437222932,-4.866054918639053
osteoclasts,m3_img_11_3_9,samft_t_ende_adapter_box,boxes,1,0,0.009779463127432391,0.023278205141063317,61.13570173816568
bone,F_225,samh,boxes,2,0,0.7888535170368284,0.22087617974362586,1.8079841525651354
bone,F_124,samh,boxes,2,0,0.5077506999359874,0.1193727870510875,12.163208434058554
bone,F_100,samh,boxes,2,0,0.42197693569264644,0.05960729312762973,22.22240128928284
bone,E_168,samh,boxes,2,0,0.5184145175469556,0.0377774511245039,35.93051159678343
bone,D_328,samh,boxes,2,0,0.48147670658159253,0.13625630816241494,18.960500354921113
bone,E_297,samh,boxes,2,0,0.8025359825468176,0.21161426785885973,2.2917636109818504
bone,F_77,samh,boxes,2,0,0.5166918995886962,0.05500500045458678,18.86653908138598
bone,E_128,samh,boxes,2,0,0.7833091997440994,0.07474382157926461,13.895277065250411
bone,C_489,samh,boxes,2,0,0.8253081832488197,0.30978260869565216,0.3106884057971021
bone,C_270,samh,boxes,2,0,0.804987175652196,0.2338156892612338,0.47472259963768115
bone,A_66,samh,boxes,2,0,0.6545108377270065,0.08453164897191237,8.248506571087217
bone,E_257,samh,boxes,2,0,0.8216236086318434,0.18681106169019532,5.720419645501079
bone,E_48,samh,boxes,2,0,0.8297679214089625,0.11357893336879904,9.591141757265536
bone,E_88,samh,boxes,2,0,0.8758397182306308,0.16096491228070176,8.254752354545076
bone,F_154,samh,boxes,2,0,0.8559941648724317,0.2875660924441412,0.9539014235831325
bone,A_174,samh,boxes,2,0,0.6103693612340996,0.09061686820756161,12.482298937307428
bone,F_29,samh,boxes,2,0,0.6105371195924123,0.20056707954036712,7.077088369594413
bone,F_202,samh,boxes,2,0,0.7761995696752574,0.24181184668989547,0.11435670158474326
bone,E_337,samh,boxes,2,0,0.822338940864469,0.2058330539725109,2.9678420483869097
bone,C_438,samh,boxes,2,0,0.767547562853882,0.29035786841694017,1.5425441576086953
bone,E_208,samh,boxes,2,0,0.6416363297461589,0.11971472236372899,17.667260190209554
bone,D_72,samh,boxes,2,0,0.7501712345930631,0.28760998124909853,0.5546382878829372
bone,C_63,samh,boxes,2,0,0.8368449824712183,0.31713747645951035,-0.18277287137681147
bone,F_178,samh,boxes,2,0,0.779779990626695,0.1378245868894135,1.1481332258930963
bone,A_25,samh,boxes,2,0,0.7733702431907044,0.1822813472969148,3.3031503489907577
bone,A_195,samh,boxes,2,0,0.6928189692905429,0.15998043052837574,10.840973401245046
bone,A_107,samh,boxes,2,0,0.7555452068025803,0.1977251838235294,4.762120354650065
bone,D_104,samh,boxes,2,0,0.7047081255500147,0.25530253741054,-1.8438906060487508
bone,A_46,samh,boxes,2,0,0.6949971574758386,0.09387377871666226,9.534553228950513
bone,C_115,samh,boxes,2,0,0.8465099319448837,0.45923862581244196,-0.3261152626811592
bone,E_377,samh,boxes,2,0,0.7830699461827182,0.2329265430650082,3.754004361052035
bone,E_417,samh,boxes,2,0,0.8109393831222764,0.27516448983600117,1.807394559837558
bone,D_264,samh,boxes,2,0,0.7601282740116717,0.2928829444498682,-0.8100808772979042
bone,C_166,samh,boxes,2,0,0.7729941387972221,0.12612459684264132,1.2892323369565215
bone,A_133,samh,boxes,2,0,0.6676888243107122,0.09392732101895448,6.686537131358862
bone,A_154,samh,boxes,2,0,0.7363136125072159,0.16772247360482653,3.0880965855498945
bone,F_53,samh,boxes,2,0,0.7897896632893945,0.23723026495493035,0.6470252484555474
bone,D_232,samh,boxes,2,0,0.8103135680587338,0.17218639031813898,2.3601079854454405
bone,D_392,samh,boxes,2,0,0.7970697049902437,0.3207373976898952,0.32827128269046907
bone,A_216,samh,boxes,2,0,0.5850035533301439,0.11650121745645252,15.946173677922404
bone,F_249,samh,boxes,2,0,0.5104105045950617,0.17505809450038728,13.409481600859518
bone,C_218,samh,boxes,2,0,0.7458910906440909,0.23180735644350356,-0.4453691123188407
bone,C_541,samh,boxes,2,0,0.7527815773502905,0.16707654472794345,4.337777400362321
bone,D_360,samh,boxes,2,0,0.2569286816203258,0.12250355143310772,55.69992119074634
bone,C_334,samh,boxes,2,0,0.8963686465742358,0.43733153638814015,0.28345788043478287
bone,D_48,samh,boxes,2,0,0.7481853924510098,0.20332525112573605,0.04409964619675466
bone,C_386,samh,boxes,2,0,0.8789423179443437,0.4544812985179958,-0.12069746376811574
bone,D_168,samh,boxes,2,0,0.8288084926541338,0.3136376109027714,-0.14481899023547767
bone,D_200,samh,boxes,2,0,0.8511849999749241,0.2670272097346628,0.815670186068089
bone,A_87,samh,boxes,2,0,0.69824012926795,0.12581827703587325,6.70137709866063
bone,F_225,samh,boxes,1,0,0.7892792740387412,0.21280788177339902,1.7589981197958626
bone,F_124,samh,boxes,1,0,0.18741048688985099,0.2397870616826756,18.973207091055603
bone,F_100,samh,boxes,1,0,0.4697934394958098,0.042853426973598646,17.653370937416064
bone,E_168,samh,boxes,1,0,0.556428269312638,0.0660770560130121,30.800122294051814
bone,D_328,samh,boxes,1,0,0.244287015348454,0.1407199625993455,9.68930150408299
bone,E_297,samh,boxes,1,0,0.8073128555310393,0.22440906898215146,2.096785358556161
bone,F_77,samh,boxes,1,0,0.49134697816175377,0.06339305965071444,20.572891485361268
bone,E_128,samh,boxes,1,0,0.7417266014474655,0.04654553611484971,17.55967603613443
bone,C_489,samh,boxes,1,0,0.8196506809936361,0.3050673508659397,0.4756283967391306
bone,C_270,samh,boxes,1,0,0.8073829642487014,0.24304761904761904,0.47919497282608686
bone,A_66,samh,boxes,1,0,0.6735788705495086,0.10729778004593009,8.015594541910334
bone,E_257,samh,boxes,1,0,0.8255279327339309,0.1884718233138556,5.511019924700708
bone,E_48,samh,boxes,1,0,0.8292986470164357,0.17503543227373963,5.723688511666003
bone,E_88,samh,boxes,1,0,0.8723661529030317,0.1367877135065308,8.609808905929729
bone,F_154,samh,boxes,1,0,0.8367914155649208,0.2540477382740778,1.2696414182111204
bone,A_174,samh,boxes,1,0,0.6115036456097583,0.09111582777440873,12.370621895239891
bone,F_29,samh,boxes,1,0,0.5995338152637543,0.19178294573643412,7.340652699435939
bone,F_202,samh,boxes,1,0,0.7779507612739794,0.2413552217953196,0.07379801235562755
bone,E_337,samh,boxes,1,0,0.828700249504601,0.21935628574632723,2.7550773182991124
bone,C_438,samh,boxes,1,0,0.7676757855659169,0.2975206611570248,1.5792006340579714
bone,E_208,samh,boxes,1,0,0.750090719149291,0.11020517874742407,9.775351979971466
bone,D_72,samh,boxes,1,0,0.7449901924732316,0.2909771190099295,0.6384667408181623
bone,C_63,samh,boxes,1,0,0.836125475099098,0.3155714554697797,-0.17889492753623143
bone,F_178,samh,boxes,1,0,0.7822824516454772,0.14531754574811626,0.8980660757453663
bone,A_25,samh,boxes,1,0,0.7635444482584913,0.16328945422274813,2.9834622398289627
bone,A_195,samh,boxes,1,0,0.690809147823842,0.14034462269756387,11.059045463120166
bone,A_107,samh,boxes,1,0,0.753423528544225,0.21166018878400888,4.589197006854054
bone,D_104,samh,boxes,1,0,0.7096050872317932,0.26290706910246225,-1.973886749425699
bone,A_46,samh,boxes,1,0,0.691524525507275,0.09117413199045853,9.390555241149467
bone,C_115,samh,boxes,1,0,0.8460083842158024,0.4661472825078835,-0.32336956521739135
bone,E_377,samh,boxes,1,0,0.790444354792231,0.22470738208367133,3.4913413503878417
bone,E_417,samh,boxes,1,0,0.7968194313950656,0.27660830218374977,2.233212449380648
bone,D_264,samh,boxes,1,0,0.7608022300854546,0.28816366293229423,-0.82479193798103
bone,C_166,samh,boxes,1,0,0.7732261631242874,0.13008130081300814,1.2898833786231891
bone,A_133,samh,boxes,1,0,0.6676135602304704,0.10105237981344176,6.627177262151794
bone,A_154,samh,boxes,1,0,0.7342507499642874,0.16472133060986285,3.1119914481544346
bone,F_53,samh,boxes,1,0,0.788411682286117,0.22303335431088736,0.7298885307547687
bone,D_232,samh,boxes,1,0,0.14894600211131545,0.1104684061615844,15.052254447692453
bone,D_392,samh,boxes,1,0,0.7632160750366445,0.273117702321836,1.0768585848988057
bone,A_216,samh,boxes,1,0,0.5880889598780944,0.12725216126686595,16.595736653461614
bone,F_249,samh,boxes,1,0,0.4661431948665991,0.14149025236215765,16.390008058017724
bone,C_218,samh,boxes,1,0,0.7534337702993543,0.23898035050451408,-0.5140398550724636
bone,C_541,samh,boxes,1,0,0.48780232201271045,0.10711979334840167,17.24227241847826
bone,D_360,samh,boxes,1,0,0.26188550307464836,0.05143853530950305,58.28315438229754
bone,C_334,samh,boxes,1,0,0.8958416013045957,0.4426708633093525,0.2812500000000002
bone,D_48,samh,boxes,1,0,0.7480284326885029,0.20415584415584415,0.09578957370341978
bone,C_386,samh,boxes,1,0,0.8809889504380163,0.45689960979070593,-0.10623301630434748
bone,D_168,samh,boxes,1,0,0.7821076533507074,0.27251966505962955,1.4521918474342281
bone,D_200,samh,boxes,1,0,0.8409317064109821,0.24523549659978172,0.9759603829794378
bone,A_87,samh,boxes,1,0,0.6955116806940365,0.12717291857273558,6.704521159529647
bone,F_225,samh,points_bg,0,0,0.3336899870132108,0.09394904458598727,28.46239591727102
bone,F_124,samh,points_bg,0,0,0.6774179080791284,0.14545839508786787,5.664114961052913
bone,F_100,samh,points_bg,0,0,0.741329739160009,0.16492862205123013,4.69003491807682
bone,E_168,samh,points_bg,0,0,0.2543493743005392,0.11312168165565066,-8.744024704936756
bone,D_328,samh,points_bg,0,0,0.7798004183398537,0.2926519955240582,2.890466316030697
bone,E_297,samh,points_bg,0,0,0.6537044447817627,0.13325224677343064,4.296347715062551
bone,F_77,samh,points_bg,0,0,0.5170715101276092,0.11403508771929824,6.748421971528338
bone,E_128,samh,points_bg,0,0,0.8297243766851969,0.12654713707345286,-4.363936330178558
bone,C_489,samh,points_bg,0,0,0.4211910179064117,0.040142466927320444,20.339136096014492
bone,C_270,samh,points_bg,0,0,0.7260753682878303,0.10079392474974111,1.305451766304348
bone,A_66,samh,points_bg,0,0,0.6090159932535397,0.07861081778716414,9.61931710997925
bone,E_257,samh,points_bg,0,0,0.43019436379376624,0.0998120693255377,1.959108407139204
bone,E_48,samh,points_bg,0,0,0.8194783027771642,0.10145830736632183,12.030869633771617
bone,E_88,samh,points_bg,0,0,0.8150177489299129,0.10757334546281555,1.8201815951297773
bone,F_154,samh,points_bg,0,0,0.28820065788190125,0.04151657060518732,30.581285253827556
bone,A_174,samh,points_bg,0,0,0.6275250368514618,0.07923269391159299,11.991196629566748
bone,F_29,samh,points_bg,0,0,0.6576595257734176,0.17415254237288136,5.317183722804191
bone,F_202,samh,points_bg,0,0,0.5456849894824537,0.05536890202929714,9.999160623153372
bone,E_337,samh,points_bg,0,0,0.3651197710912477,0.12337371018393899,23.543047121667197
bone,C_438,samh,points_bg,0,0,0.8235527701927771,0.3377464383364513,0.88770946557971
bone,E_208,samh,points_bg,0,0,0.7602598440751783,0.11865288826109582,8.973614481461686
bone,D_72,samh,points_bg,0,0,0.8139440274952655,0.27332007073386383,0.7184832851721223
bone,C_63,samh,points_bg,0,0,0.8297424984472525,0.2852474323062558,0.5297214673913044
bone,F_178,samh,points_bg,0,0,0.6278050076768631,0.05306449994984452,6.590182648401827
bone,A_25,samh,points_bg,0,0,0.705456688913277,0.13974570284906992,7.202791926051688
bone,A_195,samh,points_bg,0,0,0.6181909239872996,0.09068388259139704,16.023894862604543
bone,A_107,samh,points_bg,0,0,0.6456524437888402,0.1373109930527176,10.039866691819155
bone,D_104,samh,points_bg,0,0,0.3279124223112491,0.04004180872508275,22.520375825121707
bone,A_46,samh,points_bg,0,0,0.6174025406039402,0.08042105263157895,4.001383386782368
bone,C_115,samh,points_bg,0,0,0.8939174832971134,0.4298407376362112,0.24861299818840638
bone,E_377,samh,points_bg,0,0,0.49125305737345326,0.08927960301163587,12.133454345476851
bone,E_417,samh,points_bg,0,0,0.5982479126056252,0.10288158487167942,16.725442162220368
bone,D_264,samh,points_bg,0,0,0.8069393526951746,0.2833306334035315,1.1948824288900193
bone,C_166,samh,points_bg,0,0,0.7806896551724138,0.12955580865603644,2.2315443840579716
bone,A_133,samh,points_bg,0,0,0.5580685353114454,0.08357771260997067,8.953279255486386
bone,A_154,samh,points_bg,0,0,0.4728268599155253,0.06424302788844621,17.364648179588755
bone,F_53,samh,points_bg,0,0,0.7762973725043807,0.2365898196758731,2.813490464679022
bone,D_232,samh,points_bg,0,0,0.8531286441255462,0.3011203414373904,0.6370582350080769
bone,D_392,samh,points_bg,0,0,0.7895100335784068,0.3192766199010624,-0.8361382347845046
bone,A_216,samh,points_bg,0,0,0.5995910161015929,0.1103793647526926,13.024586555995727
bone,F_249,samh,points_bg,0,0,0.7294049995892607,0.1877202956225128,3.3778538812785377
bone,C_218,samh,points_bg,0,0,0.7621127852033713,0.25188804975566415,0.5073596014492754
bone,C_541,samh,points_bg,0,0,0.8678453787558801,0.2972972972972973,0.8342674365942035
bone,D_360,samh,points_bg,0,0,0.7336058013650553,0.31010349192167375,-2.807554509733781
bone,C_334,samh,points_bg,0,0,0.8288296621764853,0.3928490093372808,-0.22030683876811605
bone,D_48,samh,points_bg,0,0,0.7221952021549543,0.16795897948974486,1.364618557622979
bone,C_386,samh,points_bg,0,0,0.8638135683135778,0.4379755795434436,-0.33534307065217417
bone,D_168,samh,points_bg,0,0,0.811699614768782,0.3177297198649512,-0.581947650534058
bone,D_200,samh,points_bg,0,0,0.8657591254466209,0.28464942930351733,1.588783375159994
bone,A_87,samh,points_bg,0,0,0.49084757360907827,0.11755546905410666,4.524680877821793
bone,F_225,samh,points,2,0,0.3005363891173808,0.09518179130948862,33.47632957292505
bone,F_124,samh,points,2,0,0.2926016605434247,0.07636000665446681,33.319231802309965
bone,F_100,samh,points,2,0,0.35374712683110915,0.039623205741626796,30.343070104754233
bone,E_168,samh,points,2,0,0.6774307621980145,0.05491016109045849,16.750920089682307
bone,D_328,samh,points,2,0,0.2733383262801968,0.04060821269234271,57.33543118722508
bone,E_297,samh,points,2,0,0.27143087223615486,0.021185560586549246,53.03370008729795
bone,F_77,samh,points,2,0,0.4165155342083834,0.03609253065774805,28.376846629062584
bone,E_128,samh,points,2,0,0.845828837640795,0.11768726079825041,6.6307988724334574
bone,C_489,samh,points,2,0,0.2209278644454401,0.03055350553505535,53.569435009057976
bone,C_270,samh,points,2,0,0.6873217460904454,0.0413118889940082,1.6148380887681157
bone,A_66,samh,points,2,0,0.2591423348984487,0.05192782032974166,68.15808338049425
bone,E_257,samh,points,2,0,0.6030234019637362,0.08891820580474934,18.77511739075257
bone,E_48,samh,points,2,0,0.8166614168504103,0.11715364182860338,10.720823446615569
bone,E_88,samh,points,2,0,0.8785345432135495,0.1696051289523532,8.09380876748363
bone,F_154,samh,points,2,0,0.2624277021766178,0.06197087707416187,34.86358447488585
bone,A_174,samh,points,2,0,0.30406557634003795,0.05381371470480381,58.88737973967175
bone,F_29,samh,points,2,0,0.35064514426033494,0.05253212396069539,30.52074939564867
bone,F_202,samh,points,2,0,0.26280263456734043,0.02173615857826384,35.39494359387591
bone,E_337,samh,points,2,0,0.19452440373216867,0.06380918852314733,87.27045829503632
bone,C_438,samh,points,2,0,0.16757386403989827,0.029068838843635203,55.32809669384058
bone,E_208,samh,points,2,0,0.652917536012072,0.05794337685198768,17.06982682700776
bone,D_72,samh,points,2,0,0.2345129395952956,0.05870949875380781,41.40138503071325
bone,C_63,samh,points,2,0,0.1985125492581808,0.07463197535090722,42.12644361413044
bone,F_178,samh,points,2,0,0.23948295861645558,0.00923951670220327,36.84958366908407
bone,A_25,samh,points,2,0,0.2782972406221512,0.0742368177613321,63.89285040558386
bone,A_195,samh,points,2,0,0.30627963685433657,0.03806451612903226,80.69760422561781
bone,A_107,samh,points,2,0,0.3103141852402016,0.04334031727027836,51.87788467584732
bone,D_104,samh,points,2,0,0.24262785865394854,0.05651016456921588,42.971511293198375
bone,A_46,samh,points,2,0,0.285686342778232,0.04423453519179818,68.81355719046721
bone,C_115,samh,points,2,0,0.17875745491389744,0.09787234042553192,43.71139039855072
bone,E_377,samh,points,2,0,0.18428094838813266,0.029808959156785244,87.91903979940699
bone,E_417,samh,points,2,0,0.2265690405281144,0.10732668930018618,86.68898469016916
bone,D_264,samh,points,2,0,0.24450610241231124,0.06321779617175376,53.22375679799679
bone,C_166,samh,points,2,0,0.17535542714121277,0.04581151832460733,47.88054800724638
bone,A_133,samh,points,2,0,0.24388040183082685,0.05112282475268973,63.09828334276551
bone,A_154,samh,points,2,0,0.23668923495681435,0.05439214232765011,59.92051814123121
bone,F_53,samh,points,2,0,0.42303041673714586,0.039991558510077026,26.175832661831855
bone,D_232,samh,points,2,0,0.2707624056732699,0.04927045887079721,49.35256800791446
bone,D_392,samh,points,2,0,0.21820266669621047,0.08446502057613169,62.532448732065305
bone,A_216,samh,points,2,0,0.3225472249021145,0.06132277397260274,80.02804502295164
bone,F_249,samh,points,2,0,0.3094878139724077,0.08529258098223616,34.1018667741069
bone,C_218,samh,points,2,0,0.13532592032019575,0.028053769725306838,48.84417459239131
bone,C_541,samh,points,2,0,0.25184793974151204,0.049487024743512374,49.66884624094203
bone,D_360,samh,points,2,0,0.26168550622473086,0.05706615268121429,59.78232995925394
bone,C_334,samh,points,2,0,0.13988662200387703,0.012177650429799427,46.49230072463768
bone,D_48,samh,points,2,0,0.19868351017830302,0.0659942363112392,40.100193949014326
bone,C_386,samh,points,2,0,0.1654019271207062,0.025687769307258867,53.91499660326087
bone,D_168,samh,points,2,0,0.28692928809210827,0.07338813508963059,44.86295573826386
bone,D_200,samh,points,2,0,0.28793043090020753,0.065593203595772,46.853833986350914
bone,A_87,samh,points,2,0,0.2847081710038335,0.061468333448442575,50.59435326667925
bone,F_225,samh,points_bg,1,0,0.3195797930323891,0.07048109285290041,30.56614289551437
bone,F_124,samh,points_bg,1,0,0.37164717375624273,0.039240573271986885,22.973878592532902
bone,F_100,samh,points_bg,1,0,0.3599347408801253,0.037274713271436374,29.52635643298415
bone,E_168,samh,points_bg,1,0,0.30159125739411907,0.11503988968777701,-5.420645389552703
bone,D_328,samh,points_bg,1,0,0.7662465815218924,0.2805433297920777,3.409880780043932
bone,E_297,samh,points_bg,1,0,0.6007886115073108,0.08808350246448246,7.814609139749795
bone,F_77,samh,points_bg,1,0,0.4201724972103442,0.06887561108093428,27.746441042170293
bone,E_128,samh,points_bg,1,0,0.8326046950042642,0.18275088169285028,2.9736106357367786
bone,C_489,samh,points_bg,1,0,0.7674755013537149,0.21277915632754343,3.6725543478260874
bone,C_270,samh,points_bg,1,0,0.7177694081801063,0.0663659793814433,1.3782835144927532
bone,A_66,samh,points_bg,1,0,0.5780238229953664,0.0719255166768979,9.625227944413005
bone,E_257,samh,points_bg,1,0,0.5982865106424556,0.15030467163168584,8.587888274000207
bone,E_48,samh,points_bg,1,0,0.8168192613129587,0.11267436267436268,11.787723676974494
bone,E_88,samh,points_bg,1,0,0.8672711418047345,0.15721023295698155,6.163158724603796
bone,F_154,samh,points_bg,1,0,0.2825436931514895,0.048812664907651716,31.46286596830513
bone,A_174,samh,points_bg,1,0,0.5828088315368537,0.060973597359735975,15.193108218575112
bone,F_29,samh,points_bg,1,0,0.4218952852934453,0.07004081632653061,22.380237711522966
bone,F_202,samh,points_bg,1,0,0.6831650213558799,0.10282084409991386,5.406224818694601
bone,E_337,samh,points_bg,1,0,0.4608912368516124,0.07172391206451877,15.512500528787173
bone,C_438,samh,points_bg,1,0,0.48785251220625286,0.05290728129910948,11.408656023550726
bone,E_208,samh,points_bg,1,0,0.7699707624752248,0.19820062977957714,2.2384041779955317
bone,D_72,samh,points_bg,1,0,0.5983343060195228,0.0632965165675446,8.126430164381572
bone,C_63,samh,points_bg,1,0,0.4454682532749433,0.04075430530663134,11.767521512681158
bone,F_178,samh,points_bg,1,0,0.6004338896966104,0.0501561802766622,7.540457964007522
bone,A_25,samh,points_bg,1,0,0.6838990268742186,0.10927008880225254,9.472552348613469
bone,A_195,samh,points_bg,1,0,0.5912663653457599,0.07877747252747253,18.135320379802554
bone,A_107,samh,points_bg,1,0,0.6325695946945332,0.13593512417638115,12.157831855624726
bone,D_104,samh,points_bg,1,0,0.7413166761042987,0.20817199918483797,0.5503345201298943
bone,A_46,samh,points_bg,1,0,0.6743039515630969,0.08697707397778302,7.598440545808965
bone,C_115,samh,points_bg,1,0,0.8692141504633685,0.3892605935838051,-0.08239923007246353
bone,E_377,samh,points_bg,1,0,0.5795580584385047,0.12631105783637997,12.642724465348095
bone,E_417,samh,points_bg,1,0,0.5370365160941304,0.12435978835978836,19.034703821496834
bone,D_264,samh,points_bg,1,0,0.7362460683490256,0.26221301570861383,-0.0031635487639236626
bone,C_166,samh,points_bg,1,0,0.7425973128267163,0.11038021312985133,2.8992866847826084
bone,A_133,samh,points_bg,1,0,0.5701684886757032,0.06988127473443033,10.692951015531662
bone,A_154,samh,points_bg,1,0,0.5172373116281813,0.08149658796768373,13.457586618876944
bone,F_53,samh,points_bg,1,0,0.5333464801445879,0.09984973703981968,13.750872951920496
bone,D_232,samh,points_bg,1,0,0.7751113309018978,0.17777348528748954,3.983019679956179
bone,D_392,samh,points_bg,1,0,0.7024457877064021,0.33276204221540684,-2.610531375584782
bone,A_216,samh,points_bg,1,0,0.5680140086150904,0.12077664942198378,10.201848707790983
bone,F_249,samh,points_bg,1,0,0.513814933218767,0.07176945668135096,11.147931775449905
bone,C_218,samh,points_bg,1,0,0.7023037068396967,0.15766653527788727,2.0808706974637685
bone,C_541,samh,points_bg,1,0,0.718643414635367,0.10605425474579316,5.832710597826087
bone,D_360,samh,points_bg,1,0,0.8196691039913403,0.3404390037990713,-0.4052248858383692
bone,C_334,samh,points_bg,1,0,0.6986740394143202,0.12533181645809632,2.9193557518115947
bone,D_48,samh,points_bg,1,0,0.6483016242329737,0.126254997778765,3.602477181646946
bone,C_386,samh,points_bg,1,0,0.8229730483789968,0.2632608164263016,1.4345561594202896
bone,D_168,samh,points_bg,1,0,0.8299535788676227,0.271295952469365,1.576911683332123
bone,D_200,samh,points_bg,1,0,0.7703906772652451,0.149255313510362,4.666390927434005
bone,A_87,samh,points_bg,1,0,0.5733095195570638,0.05241354466858789,13.266930767779664
bone,F_225,samh,points,0,0,0.29898620957621425,0.09152642456451136,33.728612677947886
bone,F_124,samh,points,0,0,0.29295975627593046,0.07571714476317545,33.258427343540156
bone,F_100,samh,points,0,0,0.3533706397154472,0.03940665268204974,30.39349986569971
bone,E_168,samh,points,0,0,0.6743295150500239,0.05496668685645063,17.10818793288441
bone,D_328,samh,points,0,0,0.2741753385856304,0.04094748439221447,57.07613197475868
bone,E_297,samh,points,0,0,0.30848310396547096,0.06183115338882283,62.21469528398755
bone,F_77,samh,points,0,0,0.41568441097371583,0.03560457972633343,28.47606097233414
bone,E_128,samh,points,0,0,0.8440991884762961,0.12015397305471542,6.504274523226256
bone,C_489,samh,points,0,0,0.22081699822112788,0.031415929203539826,53.60705389492754
bone,C_270,samh,points,0,0,0.6671713993549909,0.02977034306776297,1.784873188405797
bone,A_66,samh,points,0,0,0.2586519565685527,0.05440545316839182,68.47550776583034
bone,E_257,samh,points,0,0,0.5799152277453415,0.07641830221320765,20.71278588157475
bone,E_48,samh,points,0,0,0.8127783227428216,0.10353181180670662,13.035949836364402
bone,E_88,samh,points,0,0,0.8776239013430074,0.16341676367869615,8.181972010814182
bone,F_154,samh,points,0,0,0.26115531080314563,0.06364749082007344,35.08994762288477
bone,A_174,samh,points,0,0,0.3409343559984696,0.02821364681829798,48.822360560900464
bone,F_29,samh,points,0,0,0.35169083646862054,0.05493551587301587,30.371843943056675
bone,F_202,samh,points,0,0,0.2617401104787878,0.024110829892100706,35.60999194198228
bone,E_337,samh,points,0,0,0.19349547466420447,0.07305425726478358,87.80857135165694
bone,C_438,samh,points,0,0,0.16737830188118114,0.030356286946796613,55.39470108695652
bone,E_208,samh,points,0,0,0.6060783418032318,0.04846604619096863,20.999003957250924
bone,D_72,samh,points,0,0,0.23446146913116703,0.05871787786681404,41.44656900281142
bone,C_63,samh,points,0,0,0.1986151601540144,0.07418095399762349,42.083531476449274
bone,F_178,samh,points,0,0,0.23934911467989342,0.009591474245115453,36.876678753693255
bone,A_25,samh,points,0,0,0.27990882873881645,0.07056954844565463,63.38602779349808
bone,A_195,samh,points,0,0,0.30746001529425165,0.03506544246923227,80.23681066465447
bone,A_107,samh,points,0,0,0.340733667830873,0.04031113031668621,44.875809595673765
bone,D_104,samh,points,0,0,0.2424173625016772,0.05828505214368482,42.780949399987705
bone,A_46,samh,points,0,0,0.2856904348551983,0.04609081597814954,68.78840470351506
bone,C_115,samh,points,0,0,0.18503017197101596,0.11557007310623736,43.47047667572463
bone,E_377,samh,points,0,0,0.1823616758685592,0.03462988688231792,89.04179918393717
bone,E_417,samh,points,0,0,0.22667484799464496,0.10718954248366012,86.63581754342783
bone,D_264,samh,points,0,0,0.24483781712774852,0.06774742319623736,53.05262334207128
bone,C_166,samh,points,0,0,0.17521089822125585,0.04534293665084302,47.948171422101446
bone,A_133,samh,points,0,0,0.24651449126661276,0.04433811802232855,61.818524806640255
bone,A_154,samh,points,0,0,0.23359946265284626,0.05426422111402248,61.72495755517827
bone,F_53,samh,points,0,0,0.42568943372202467,0.044061731156340864,25.917774644104213
bone,D_232,samh,points,0,0,0.27048538733702954,0.04825680272108843,49.35746424239714
bone,D_392,samh,points,0,0,0.21882703288342784,0.08675335229581471,62.30142024335849
bone,A_216,samh,points,0,0,0.32230943789293554,0.061639414802065404,80.11683330189273
bone,F_249,samh,points,0,0,0.30723374785260193,0.08667017913593256,34.51198630136986
bone,C_218,samh,points,0,0,0.1351179534198976,0.026326053042121683,48.93379189311594
bone,C_541,samh,points,0,0,0.25199188298898495,0.0502029159777544,49.67648890398551
bone,D_360,samh,points,0,0,0.2562499141837386,0.054114713216957606,61.56994740460446
bone,C_334,samh,points,0,0,0.14089185762178333,0.012161415146489774,46.10139266304348
bone,D_48,samh,points,0,0,0.19938315526986564,0.06957766642806013,39.922744574178516
bone,C_386,samh,points,0,0,0.1654141068355648,0.024661113833088357,53.88833220108695
bone,D_168,samh,points,0,0,0.286896777104601,0.07237431557989049,44.8657392140314
bone,D_200,samh,points,0,0,0.28841804033658197,0.06979878694521999,46.584183374042134
bone,A_87,samh,points,0,0,0.29572129348855974,0.0649406135179014,46.947242658617874
bone,F_225,samh,points_bg,2,0,0.303231524533415,0.0876649454962708,29.010676873489118
bone,F_124,samh,points_bg,2,0,0.3114526581755677,0.06326598211328255,30.423314531291968
bone,F_100,samh,points_bg,2,0,0.359252490886293,0.04732889329743517,29.61009266720387
bone,E_168,samh,points_bg,2,0,0.5208476981812425,0.09657400323046841,-3.148591118682917
bone,D_328,samh,points_bg,2,0,0.7414551697667028,0.22873269721811584,4.449726962266578
bone,E_297,samh,points_bg,2,0,0.6273594647061254,0.13099701583900833,2.0484253679397297
bone,F_77,samh,points_bg,2,0,0.5026721130821685,0.1382716049382716,4.0378055331721745
bone,E_128,samh,points_bg,2,0,0.8557423591988917,0.17865019850022057,5.6382172757653946
bone,C_489,samh,points_bg,2,0,0.2447076975559206,0.03079514014194635,46.3384567481884
bone,C_270,samh,points_bg,2,0,0.6972635273117824,0.07983318439082514,1.6408797554347825
bone,A_66,samh,points_bg,2,0,0.5978561141784494,0.105813697423475,8.714204867006224
bone,E_257,samh,points_bg,2,0,0.5391955741300481,0.14471050485580844,6.439858631152681
bone,E_48,samh,points_bg,2,0,0.818796626105815,0.11589855467684756,10.25702902368582
bone,E_88,samh,points_bg,2,0,0.8745810182444353,0.21029504080351538,6.002118994419858
bone,F_154,samh,points_bg,2,0,0.2703015630756276,0.05240443896424168,33.4918076819769
bone,A_174,samh,points_bg,2,0,0.6344773230703714,0.08020924149956409,11.80569703829466
bone,F_29,samh,points_bg,2,0,0.44105084742621337,0.08466784154470922,19.68906124093473
bone,F_202,samh,points_bg,2,0,0.26024420752842264,0.03831859541202102,35.6376242277733
bone,E_337,samh,points_bg,2,0,0.335967024479698,0.08001009591115599,25.343327090439914
bone,C_438,samh,points_bg,2,0,0.7800695703297241,0.17945151033386328,2.635699728260869
bone,E_208,samh,points_bg,2,0,0.8041009594462979,0.15424811302496613,4.2354891185213965
bone,D_72,samh,points_bg,2,0,0.39364334025954983,0.0457855452393956,18.891371784051465
bone,C_63,samh,points_bg,2,0,0.8237946416646633,0.28329628996409645,0.006567028985507428
bone,F_178,samh,points_bg,2,0,0.2652723332952102,0.019885442559169998,32.13775852806876
bone,A_25,samh,points_bg,2,0,0.6950858953796208,0.12515949425820672,7.313211343771616
bone,A_195,samh,points_bg,2,0,0.6042686860493286,0.10140658369541203,10.496258567565869
bone,A_107,samh,points_bg,2,0,0.6677165120373191,0.13459792150136213,9.457335094007421
bone,D_104,samh,points_bg,2,0,0.7256728267017278,0.15152245521009078,1.1209805883306403
bone,A_46,samh,points_bg,2,0,0.6421156810008763,0.09801876955161627,5.6630824372759845
bone,C_115,samh,points_bg,2,0,0.8456095913542722,0.35421392427150583,-0.204936594202898
bone,E_377,samh,points_bg,2,0,0.39446599626996204,0.09704197357652286,23.284806694637908
bone,E_417,samh,points_bg,2,0,0.6489653135491493,0.17534633870511734,10.086086551884598
bone,D_264,samh,points_bg,2,0,0.6825953466567134,0.13071663262587693,6.923577381185268
bone,C_166,samh,points_bg,2,0,0.7727480117016613,0.12830872109222624,2.451370018115943
bone,A_133,samh,points_bg,2,0,0.5526172606711053,0.10774253731343283,8.749669873608752
bone,A_154,samh,points_bg,2,0,0.5205095394878726,0.08715381004537631,14.330377916116454
bone,F_53,samh,points_bg,2,0,0.43015698279372067,0.07465488680287134,25.25026860059092
bone,D_232,samh,points_bg,2,0,0.8546311237332989,0.3177120315581854,1.2953446647253133
bone,D_392,samh,points_bg,2,0,0.7521102553884773,0.17598164201937788,2.4308909917110544
bone,A_216,samh,points_bg,2,0,0.5243720919330075,0.08680436684544866,26.17770232031692
bone,F_249,samh,points_bg,2,0,0.5585336679769566,0.08781924086283044,10.850255170561375
bone,C_218,samh,points_bg,2,0,0.31797149278505993,0.02669262655445296,15.376075634057973
bone,C_541,samh,points_bg,2,0,0.3624340709828566,0.031204153030132038,29.170403079710145
bone,D_360,samh,points_bg,2,0,0.7548212692161491,0.29098248494800216,-0.9160541715806005
bone,C_334,samh,points_bg,2,0,0.8651705172097902,0.380790054140766,0.3147927989130439
bone,D_48,samh,points_bg,2,0,0.6230844217631593,0.09352787130564909,4.401837764723636
bone,C_386,samh,points_bg,2,0,0.8042512372398456,0.32406138668128254,1.1224524456521743
bone,D_168,samh,points_bg,2,0,0.8419077606688357,0.2753577852506452,1.3017164767233234
bone,D_200,samh,points_bg,2,0,0.32150600887626146,0.0662273076456556,39.37930726107102
bone,A_87,samh,points_bg,2,0,0.5625913911625796,0.08084385586695411,7.98968748034962
bone,F_225,samh,boxes,0,0,0.7909319899244333,0.21952253143099307,1.6995030889067952
bone,F_124,samh,boxes,0,0,0.42018117132755306,0.14849023090586147,16.64484286865431
bone,F_100,samh,boxes,0,0,0.38092591067027703,0.06477846326416152,26.975456621004568
bone,E_168,samh,boxes,0,0,0.5615578448496445,0.0667940851021024,30.152406077783635
bone,D_328,samh,boxes,0,0,0.23154945430996654,0.1508675554364574,11.1251502126732
bone,E_297,samh,boxes,0,0,0.8042495916673753,0.21453353893600616,2.2471532021428375
bone,F_77,samh,boxes,0,0,0.44014527413480514,0.06729163991267498,25.688759065269945
bone,E_128,samh,boxes,0,0,0.821010614170371,0.0951872925557136,10.891862061539287
bone,C_489,samh,boxes,0,0,0.813222380449099,0.3000753958280975,0.6519191576086963
bone,C_270,samh,boxes,0,0,0.8111351091912647,0.23094512195121952,0.5093410326086956
bone,A_66,samh,boxes,0,0,0.6463436189616593,0.07347212894560108,9.058542413381122
bone,E_257,samh,boxes,0,0,0.8129486308248066,0.1695020931682551,6.141334235796777
bone,E_48,samh,boxes,0,0,0.8264597501754076,0.12004530011325028,9.823711970587896
bone,E_88,samh,boxes,0,0,0.878623640780005,0.17627218067165273,7.9939160632083395
bone,F_154,samh,boxes,0,0,0.8498438435603172,0.28114478114478114,1.072018533440773
bone,A_174,samh,boxes,0,0,0.608583885996334,0.096392580692274,12.643777903540215
bone,F_29,samh,boxes,0,0,0.5996836638998922,0.18281368821292776,7.445541230190707
bone,F_202,samh,boxes,0,0,0.7813820564890273,0.23842917251051893,0.014571582057480714
bone,E_337,samh,boxes,0,0,0.8212274763603465,0.20839379395021765,3.016490468370836
bone,C_438,samh,boxes,0,0,0.7660897287398926,0.282131173079919,1.599439538043479
bone,E_208,samh,boxes,0,0,0.6354447540860134,0.11180056607881558,18.178549315653257
bone,D_72,samh,boxes,0,0,0.742291343750665,0.28340254904768725,0.831309072007065
bone,C_63,samh,boxes,0,0,0.8359250669433114,0.31666039864610757,-0.16745923913043456
bone,F_178,samh,boxes,0,0,0.7803390296373429,0.1340413843618385,1.1001880204136443
bone,A_25,samh,boxes,0,0,0.7776028960415519,0.19505573020863104,3.537948814689054
bone,A_195,samh,boxes,0,0,0.6893772067003079,0.14878447872837774,11.09853486763504
bone,A_107,samh,boxes,0,0,0.7606566795940957,0.23727087576374745,5.365025466893039
bone,D_104,samh,boxes,0,0,0.7045404742279195,0.25287356321839083,-1.846383437760253
bone,A_46,samh,boxes,0,0,0.6952931686447226,0.1015027682573161,9.320128277683454
bone,C_115,samh,boxes,0,0,0.8469453486184665,0.4656871861632881,-0.33169157608695654
bone,E_377,samh,boxes,0,0,0.8061798699329447,0.20659586361095583,2.962746462894522
bone,E_417,samh,boxes,0,0,0.7918818218894949,0.27223394633705156,2.4212683969864894
bone,D_264,samh,boxes,0,0,0.7564855242829314,0.284977622105468,-0.7088584954698649
bone,C_166,samh,boxes,0,0,0.7711920204402516,0.12688568555145827,1.3169723731884055
bone,A_133,samh,boxes,0,0,0.6743678476444196,0.1081209247184351,6.416776708797083
bone,A_154,samh,boxes,0,0,0.7318287578060578,0.1551828346932608,3.286549707602339
bone,F_53,samh,boxes,0,0,0.7765643753611807,0.20793571069814162,1.113920225624497
bone,D_232,samh,boxes,0,0,0.25103173345124574,0.1711802270577105,13.536120907927318
bone,D_392,samh,boxes,0,0,0.7792136107550951,0.28687207433801437,0.8090636231017301
bone,A_216,samh,boxes,0,0,0.5893519376970147,0.11165004940267673,16.054077846947116
bone,F_249,samh,boxes,0,0,0.5004811266115461,0.1691951658524042,14.025919957023902
bone,C_218,samh,boxes,0,0,0.7563548915670225,0.24302788844621515,-0.5440726902173911
bone,C_541,samh,boxes,0,0,0.6635817482107511,0.12763371150729336,7.592023324275364
bone,D_360,samh,boxes,0,0,0.12516991106602016,0.10630026809651474,11.472615181680482
bone,C_334,samh,boxes,0,0,0.8964037390727331,0.4396319569120287,0.2844769021739135
bone,D_48,samh,boxes,0,0,0.7562213479493819,0.2038649025069638,-0.016343138844019528
bone,C_386,samh,boxes,0,0,0.8789884905650328,0.44811737670143187,-0.11056385869565241
bone,D_168,samh,boxes,0,0,0.825716710866215,0.3001524526948256,0.003565978995377639
bone,D_200,samh,boxes,0,0,0.8527773549434395,0.2676545300592718,0.876761330926204
bone,A_87,samh,boxes,0,0,0.7047524656951528,0.12292358803986711,6.7372193925674395
bone,F_225,samh,points,1,0,0.29565237783865955,0.0860377358490566,34.27497985495568
bone,F_124,samh,points,1,0,0.29263769884170987,0.07476948868398994,33.31228176201988
bone,F_100,samh,points,1,0,0.35432957564381484,0.04019124458389362,30.266418211120065
bone,E_168,samh,points,1,0,0.6688127546768118,0.06432316667897496,17.194524456887503
bone,D_328,samh,points,1,0,0.27425545194951156,0.041448353293413176,57.08801484520409
bone,E_297,samh,points,1,0,0.31430077188562466,0.04095787768327258,59.21551057766633
bone,F_77,samh,points,1,0,0.4175427478740214,0.037402669632925475,28.255707762557076
bone,E_128,samh,points,1,0,0.8403795878178794,0.1004327712281749,6.058362721081107
bone,C_489,samh,points,1,0,0.22096503304304607,0.030379000147470876,53.56708559782609
bone,C_270,samh,points,1,0,0.6942894868829135,0.04738400789733465,1.558027626811594
bone,A_66,samh,points,1,0,0.25862078337156336,0.06784140969162995,68.16575488901465
bone,E_257,samh,points,1,0,0.5477724745091932,0.06553256167426634,23.669956043364397
bone,E_48,samh,points,1,0,0.8138364946487231,0.11623221256768669,12.797611035692174
bone,E_88,samh,points,1,0,0.8790357223363489,0.16907366885485048,8.045929492479686
bone,F_154,samh,points,1,0,0.26166935838876015,0.06627155172413793,34.99939564867043
bone,A_174,samh,points,1,0,0.33960086874564605,0.026085141903171953,48.95793246557253
bone,F_29,samh,points,1,0,0.3562463370335339,0.05674353598881901,29.74724684394306
bone,F_202,samh,points,1,0,0.262895677328543,0.02170306884158142,35.3659347300564
bone,E_337,samh,points,1,0,0.1936612060505866,0.08564792412658473,87.53754388933542
bone,C_438,samh,points,1,0,0.16793396602395927,0.03039949068916123,55.17762115036232
bone,E_208,samh,points,1,0,0.61733014258287,0.06713171932704144,19.949986347676603
bone,D_72,samh,points,1,0,0.2343561392720102,0.05423023578363384,41.54203439660617
bone,C_63,samh,points,1,0,0.19857402635623778,0.07708225556130367,42.11639492753623
bone,F_178,samh,points,1,0,0.2392390999615812,0.009594882729211088,36.89897260273972
bone,A_25,samh,points,1,0,0.2778431570335003,0.07693251533742332,64.54002389486261
bone,A_195,samh,points,1,0,0.3058156958737029,0.03812316715542522,80.87090486071811
bone,A_107,samh,points,1,0,0.3367533198733374,0.035424058601350575,45.734263975350565
bone,D_104,samh,points,1,0,0.24055564134460314,0.0557867506467214,41.91971516882507
bone,A_46,samh,points,1,0,0.2860707415345946,0.04466983167889512,68.5371313588631
bone,C_115,samh,points,1,0,0.18451715376517427,0.10679164105716042,43.379330842391305
bone,E_377,samh,points,1,0,0.182056284953372,0.03650166389351082,89.23293171146295
bone,E_417,samh,points,1,0,0.22704679443425277,0.1019705974350954,86.44381972779959
bone,D_264,samh,points,1,0,0.24475752814008864,0.06601764526924248,53.10558763197755
bone,C_166,samh,points,1,0,0.17527982876252096,0.045105409380617745,47.92917798913044
bone,A_133,samh,points,1,0,0.24231784590662808,0.05146942017474186,63.933597434446334
bone,A_154,samh,points,1,0,0.24330186189896963,0.05921517199636841,57.505124819216505
bone,F_53,samh,points,1,0,0.4325270790601958,0.05733866362078812,25.130774912704805
bone,D_232,samh,points,1,0,0.27071759599503303,0.04968085106382979,49.445495855527554
bone,D_392,samh,points,1,0,0.21865445322998028,0.08185385909175855,61.96597228820712
bone,A_216,samh,points,1,0,0.33544242556357695,0.051302629954315344,74.87103062315286
bone,F_249,samh,points,1,0,0.3067090376023014,0.0863405506549051,34.54092801504164
bone,C_218,samh,points,1,0,0.1377631772673734,0.025272610647851187,47.621886322463766
bone,C_541,samh,points,1,0,0.25220625078825104,0.049850299401197604,49.642889492753625
bone,D_360,samh,points,1,0,0.2553910422292607,0.06561264822134387,61.85665658727986
bone,C_334,samh,points,1,0,0.14455134432447148,0.008703594262074893,44.73768682065217
bone,D_48,samh,points,1,0,0.19896975340631454,0.06476683937823834,40.033077529301956
bone,C_386,samh,points,1,0,0.16505682289796342,0.022211088844355378,54.05395153985507
bone,D_168,samh,points,1,0,0.2858234347393316,0.06290405336069779,45.14132567225412
bone,D_200,samh,points,1,0,0.2883837100461772,0.07107341327873647,46.654273306020244
bone,A_87,samh,points,1,0,0.29175263934652507,0.04894752018454441,49.12834056467334
