batch,patch,method,condition,seed,dice,tp,fp,fn,n_pred,n_gt,area_pred,area_gt
m1,img_5_0_8,probe_frozen,labels from other batches,0,0.646175179107927,1,3,0,4,1,1.2055346246301775,0.6697254068047337
m1,img_5_16_5,probe_frozen,labels from other batches,0,0.8292682926829268,3,1,0,4,3,1.1920996671597632,1.1000774315828403
m1,img_15_2_6,probe_frozen,labels from other batches,0,0.7626132828351143,1,0,1,1,2,0.43266341531065083,0.6353434726331362
m1,img_3_12_12,probe_frozen,labels from other batches,0,0.0,0,0,1,0,1,0.0,0.14503975591715976
m1,img_21_12_1,probe_frozen,labels from other batches,0,0.6074429771908764,1,3,1,4,2,1.1801093287721893,1.1062892936390532
m1,img_1_5_11,probe_frozen,labels from other batches,0,0.5333519008494638,2,2,2,4,4,0.9993874815088757,1.0753744452662723
m1,img_21_5_18,probe_frozen,labels from other batches,0,0.7259723371556922,1,2,1,3,2,1.3807669193786982,1.0632396449704142
m1,img_17_15_13,probe_frozen,labels from other batches,0,0.8539209164219306,5,1,1,6,6,4.34425850591716,4.559073363535503
m1,img_11_5_9,probe_frozen,labels from other batches,0,0.585802042819236,2,5,0,7,2,2.665177745931953,1.3091138128698225
m1,img_9_1_4,probe_frozen,labels from other batches,0,0.7686092616144236,1,1,1,2,2,1.1867545765532543,0.7442677514792899
m1,img_3_11_16,probe_frozen,labels from other batches,0,0.7324797333131298,2,2,0,4,2,1.153528337647929,0.7532243897928994
m1,img_11_12_14,probe_frozen,labels from other batches,0,0.8246471325546332,5,3,0,8,5,4.1711931397929,3.7812904493343193
m1,img_13_11_9,probe_frozen,labels from other batches,0,0.7381636666162457,6,5,0,11,6,4.680132442677515,3.915206638313609
m1,img_7_17_4,probe_frozen,labels from other batches,0,0.6881592631109791,1,0,0,1,1,0.35609860392011833,0.616274500739645
m1,img_1_12_0,probe_frozen,labels from other batches,0,0.8025245782255128,1,1,0,2,1,0.6662583210059172,0.5239633413461539
m1,img_7_15_13,probe_frozen,labels from other batches,0,0.8037719263195748,4,2,2,6,6,5.244256194526628,5.602088341346153
m1,img_9_7_13,probe_frozen,labels from other batches,0,0.8621146207679213,4,0,0,4,4,1.037525425295858,1.2537849019970415
m1,img_9_14_0,probe_frozen,labels from other batches,0,0.8377960865087538,1,0,0,1,1,0.25049694896449703,0.3105931028106509
m1,img_5_6_12,probe_frozen,labels from other batches,0,0.6701588964553867,2,3,1,5,3,1.9136868990384617,1.3956464959319526
m1,img_5_13_12,probe_frozen,labels from other batches,0,0.8585099111414901,3,0,0,3,3,1.203223234097633,1.3329500277366864
m1,img_5_0_8,finetune_b4,labels from other batches,0,0.7741935483870968,1,0,0,1,1,0.4229844674556213,0.6697254068047337
m1,img_5_16_5,finetune_b4,labels from other batches,0,0.6279637377963738,1,1,2,2,3,0.5571895802514792,1.1000774315828403
m1,img_15_2_6,finetune_b4,labels from other batches,0,0.7803445052744025,1,0,1,1,2,0.4465317585059172,0.6353434726331362
m1,img_3_12_12,finetune_b4,labels from other batches,0,0.0,0,1,1,1,1,0.5882488905325444,0.14503975591715976
m1,img_21_12_1,finetune_b4,labels from other batches,0,0.5511974493957144,1,2,1,3,2,0.8420684633875739,1.1062892936390532
m1,img_1_5_11,finetune_b4,labels from other batches,0,0.5580275229357798,2,3,2,5,4,1.4440412352071006,1.0753744452662723
m1,img_21_5_18,finetune_b4,labels from other batches,0,0.907908537864485,1,0,1,1,2,1.0027101053994083,1.0632396449704142
m1,img_17_15_13,finetune_b4,labels from other batches,0,0.88909547574779,4,0,2,4,6,4.298464080991124,4.559073363535503
m1,img_11_5_9,finetune_b4,labels from other batches,0,0.782608695652174,2,1,0,3,2,1.7742811575443787,1.3091138128698225
m1,img_9_1_4,finetune_b4,labels from other batches,0,0.9276773296244785,1,0,1,1,2,0.7098858173076923,0.7442677514792899
m1,img_3_11_16,finetune_b4,labels from other batches,0,0.8896666375010938,2,0,0,2,2,0.897830759985207,0.7532243897928994
m1,img_11_12_14,finetune_b4,labels from other batches,0,0.9396919792619701,5,0,0,5,5,3.797759106878698,3.7812904493343193
m1,img_13_11_9,finetune_b4,labels from other batches,0,0.7764829015961194,4,0,2,4,6,3.2620943509615383,3.915206638313609
m1,img_7_17_4,finetune_b4,labels from other batches,0,0.922972972972973,1,0,0,1,1,0.6665472448224852,0.616274500739645
m1,img_1_12_0,finetune_b4,labels from other batches,0,0.7780341485925242,1,1,0,2,1,0.7282324796597633,0.5239633413461539
m1,img_7_15_13,finetune_b4,labels from other batches,0,0.838300944410885,3,0,3,3,6,4.202974759615385,5.602088341346153
m1,img_9_7_13,finetune_b4,labels from other batches,0,0.48503359804520463,1,1,3,2,4,0.4016041050295858,1.2537849019970415
m1,img_9_14_0,finetune_b4,labels from other batches,0,0.6298377028714107,0,1,1,1,1,0.15226285133136094,0.3105931028106509
m1,img_5_6_12,finetune_b4,labels from other batches,0,0.4386353566681436,1,2,2,3,3,0.8867071930473372,1.3956464959319526
m1,img_5_13_12,finetune_b4,labels from other batches,0,0.8859140425993172,3,0,0,3,3,1.3325166420118344,1.3329500277366864
m1,img_5_0_8,clicks_frozen,3+6 clicks,0,0.7409619109102646,1,2,0,3,1,1.1204465606508875,0.6697254068047337
m1,img_5_0_8,clicks_frozen,3+6 clicks,1,0.8990769854954863,1,0,0,1,1,0.7545245469674556,0.6697254068047337
m1,img_5_0_8,clicks_frozen,3+6 clicks,2,0.9100407480931982,1,0,0,1,1,0.7129195173816568,0.6697254068047337
m1,img_5_0_8,clicks_frozen,10+20 clicks,0,0.9163080895008606,1,0,0,1,1,0.6731924926035503,0.6697254068047337
m1,img_5_0_8,clicks_frozen,10+20 clicks,1,0.8955083851295884,1,0,0,1,1,0.5621012851331362,0.6697254068047337
m1,img_5_0_8,clicks_frozen,10+20 clicks,2,0.8700806069227122,1,0,0,1,1,0.5489552514792899,0.6697254068047337
m1,img_5_16_5,clicks_frozen,3+6 clicks,0,0.8284001730210715,3,1,0,4,3,1.2377496301775148,1.1000774315828403
m1,img_5_16_5,clicks_frozen,3+6 clicks,1,0.815498396491917,3,1,0,4,3,1.1071560650887573,1.1000774315828403
m1,img_5_16_5,clicks_frozen,3+6 clicks,2,0.8177765950369237,3,1,0,4,3,1.0713295118343196,1.1000774315828403
m1,img_5_16_5,clicks_frozen,10+20 clicks,0,0.8006924582267048,2,0,1,2,3,0.8192434818786983,1.1000774315828403
m1,img_5_16_5,clicks_frozen,10+20 clicks,1,0.7780813363515728,2,0,1,2,3,0.750624075443787,1.1000774315828403
m1,img_5_16_5,clicks_frozen,10+20 clicks,2,0.7850729955500039,2,0,1,2,3,0.7503351516272189,1.1000774315828403
m1,img_15_2_6,clicks_frozen,3+6 clicks,0,0.8369972647148212,2,1,0,3,2,0.7906400240384616,0.6353434726331362
m1,img_15_2_6,clicks_frozen,3+6 clicks,1,0.9087181700474752,2,0,0,2,2,0.7035294933431953,0.6353434726331362
m1,img_15_2_6,clicks_frozen,3+6 clicks,2,0.7831451824625886,1,0,1,1,2,0.46516734467455617,0.6353434726331362
m1,img_15_2_6,clicks_frozen,10+20 clicks,0,0.7911158117398202,1,0,1,1,2,0.4573664016272189,0.6353434726331362
m1,img_15_2_6,clicks_frozen,10+20 clicks,1,0.7818962153726102,1,0,1,1,2,0.4754241401627219,0.6353434726331362
m1,img_15_2_6,clicks_frozen,10+20 clicks,2,0.7641456582633053,1,0,1,1,2,0.3961145525147929,0.6353434726331362
m1,img_3_12_12,clicks_frozen,3+6 clicks,0,0.0,0,1,1,1,1,0.1544297799556213,0.14503975591715976
m1,img_3_12_12,clicks_frozen,3+6 clicks,1,0.0,0,0,1,0,1,0.0,0.14503975591715976
m1,img_3_12_12,clicks_frozen,3+6 clicks,2,0.0,0,0,1,0,1,0.0,0.14503975591715976
m1,img_3_12_12,clicks_frozen,10+20 clicks,0,0.0,0,0,1,0,1,0.0,0.14503975591715976
m1,img_3_12_12,clicks_frozen,10+20 clicks,1,0.0,0,0,1,0,1,0.0,0.14503975591715976
m1,img_3_12_12,clicks_frozen,10+20 clicks,2,0.0,0,0,1,0,1,0.0,0.14503975591715976
m1,img_21_12_1,clicks_frozen,3+6 clicks,0,0.6970283806343907,2,1,0,3,2,1.0570277829142012,1.1062892936390532
m1,img_21_12_1,clicks_frozen,3+6 clicks,1,0.7846025358742692,1,1,1,2,2,0.7964185003698224,1.1062892936390532
m1,img_21_12_1,clicks_frozen,3+6 clicks,2,0.6331943918150815,1,3,1,4,2,1.1811205621301775,1.1062892936390532
m1,img_21_12_1,clicks_frozen,10+20 clicks,0,0.7255038220986796,2,1,0,3,2,0.9725175665680473,1.1062892936390532
m1,img_21_12_1,clicks_frozen,10+20 clicks,1,0.6837225274725275,1,1,1,2,2,0.5764030140532544,1.1062892936390532
m1,img_21_12_1,clicks_frozen,10+20 clicks,2,0.7275165890159537,2,1,0,3,2,0.9401580991124261,1.1062892936390532
m1,img_1_5_11,clicks_frozen,3+6 clicks,0,0.6534531450577664,3,3,1,6,4,1.7380212185650885,1.0753744452662723
m1,img_1_5_11,clicks_frozen,3+6 clicks,1,0.5020942408376964,1,1,3,2,4,0.580159023668639,1.0753744452662723
m1,img_1_5_11,clicks_frozen,3+6 clicks,2,0.5822483550328993,2,2,2,4,4,0.9884083764792899,1.0753744452662723
m1,img_1_5_11,clicks_frozen,10+20 clicks,0,0.6265138689933585,2,2,2,4,4,1.1432715421597632,1.0753744452662723
m1,img_1_5_11,clicks_frozen,10+20 clicks,1,0.6056544887093813,3,4,1,7,4,2.0721616124260356,1.0753744452662723
m1,img_1_5_11,clicks_frozen,10+20 clicks,2,0.6469679174136119,3,2,1,5,4,1.2615858450443787,1.0753744452662723
m1,img_21_5_18,clicks_frozen,3+6 clicks,0,0.39245924709745517,1,8,1,9,2,3.8640671227810652,1.0632396449704142
m1,img_21_5_18,clicks_frozen,3+6 clicks,1,0.6252257389981941,1,4,1,5,2,1.9765278291420119,1.0632396449704142
m1,img_21_5_18,clicks_frozen,3+6 clicks,2,0.47753316704623505,1,7,1,8,2,2.933010123890533,1.0632396449704142
m1,img_21_5_18,clicks_frozen,10+20 clicks,0,0.7043674213971456,1,3,1,4,2,1.629241401627219,1.0632396449704142
m1,img_21_5_18,clicks_frozen,10+20 clicks,1,0.7082490447291526,1,3,1,4,2,1.507604474852071,1.0632396449704142
m1,img_21_5_18,clicks_frozen,10+20 clicks,2,0.8177104652749352,1,1,1,2,2,1.0542830066568047,1.0632396449704142
m1,img_17_15_13,clicks_frozen,3+6 clicks,0,0.7641549268742083,5,0,1,5,6,2.967680981878698,4.559073363535503
m1,img_17_15_13,clicks_frozen,3+6 clicks,1,0.702230412403889,5,7,1,12,6,4.534514839127219,4.559073363535503
m1,img_17_15_13,clicks_frozen,3+6 clicks,2,0.7181606757684939,5,10,1,15,6,7.429387019230769,4.559073363535503
m1,img_17_15_13,clicks_frozen,10+20 clicks,0,0.8186137283445043,5,3,1,8,6,4.471673909023669,4.559073363535503
m1,img_17_15_13,clicks_frozen,10+20 clicks,1,0.8343973442288048,5,3,1,8,6,4.492331961908284,4.559073363535503
m1,img_17_15_13,clicks_frozen,10+20 clicks,2,0.8297805740758131,5,3,1,8,6,4.671175804363906,4.559073363535503
m1,img_11_5_9,clicks_frozen,3+6 clicks,0,0.8515316469206959,2,1,0,3,2,1.397813424556213,1.3091138128698225
m1,img_11_5_9,clicks_frozen,3+6 clicks,1,0.7463492790112154,2,3,0,5,2,1.8466565735946745,1.3091138128698225
m1,img_11_5_9,clicks_frozen,3+6 clicks,2,0.7176986835689907,2,3,0,5,2,1.9500912999260354,1.3091138128698225
m1,img_11_5_9,clicks_frozen,10+20 clicks,0,0.8123793511426615,1,0,1,1,2,1.0107999722633136,1.3091138128698225
m1,img_11_5_9,clicks_frozen,10+20 clicks,1,0.8095835423983944,1,0,1,1,2,0.994186852810651,1.3091138128698225
m1,img_11_5_9,clicks_frozen,10+20 clicks,2,0.8081994725485495,1,0,1,1,2,1.1010886649408282,1.3091138128698225
m1,img_9_1_4,clicks_frozen,3+6 clicks,0,0.8200589970501475,1,0,1,1,2,1.067717964127219,0.7442677514792899
m1,img_9_1_4,clicks_frozen,3+6 clicks,1,0.9234823700472555,1,0,1,1,2,0.8453910872781065,0.7442677514792899
m1,img_9_1_4,clicks_frozen,3+6 clicks,2,0.9278595592941392,1,0,1,1,2,0.835712139423077,0.7442677514792899
m1,img_9_1_4,clicks_frozen,10+20 clicks,0,0.8381379697139653,1,0,1,1,2,0.5436101608727811,0.7442677514792899
m1,img_9_1_4,clicks_frozen,10+20 clicks,1,0.852589641434263,1,0,1,1,2,0.5610900517751479,0.7442677514792899
m1,img_9_1_4,clicks_frozen,10+20 clicks,2,0.9358378277850102,1,0,1,1,2,0.8092756102071006,0.7442677514792899
m1,img_3_11_16,clicks_frozen,3+6 clicks,0,0.7924627982741921,2,1,0,3,2,0.8874295025887574,0.7532243897928994
m1,img_3_11_16,clicks_frozen,3+6 clicks,1,0.7989047273898687,2,1,0,3,2,1.0405591253698225,0.7532243897928994
m1,img_3_11_16,clicks_frozen,3+6 clicks,2,0.8627377141781208,2,0,0,2,2,0.78125,0.7532243897928994
m1,img_3_11_16,clicks_frozen,10+20 clicks,0,0.7896124650419497,2,1,0,3,2,1.054716392381657,0.7532243897928994
m1,img_3_11_16,clicks_frozen,10+20 clicks,1,0.865586647029946,2,0,0,2,2,0.7181201460798816,0.7532243897928994
m1,img_3_11_16,clicks_frozen,10+20 clicks,2,0.7896121725203066,2,0,0,2,2,0.5095171505177515,0.7532243897928994
m1,img_11_12_14,clicks_frozen,3+6 clicks,0,0.621237053528216,4,2,1,6,5,2.1884534485946747,3.7812904493343193
m1,img_11_12_14,clicks_frozen,3+6 clicks,1,0.8013020541025929,4,0,1,4,5,2.6537652551775146,3.7812904493343193
m1,img_11_12_14,clicks_frozen,3+6 clicks,2,0.799371339831983,5,3,0,8,5,3.9397651627218937,3.7812904493343193
m1,img_11_12_14,clicks_frozen,10+20 clicks,0,0.7344089876897335,3,2,2,5,5,2.2622734837278107,3.7812904493343193
m1,img_11_12_14,clicks_frozen,10+20 clicks,1,0.8119077418201323,4,0,1,4,5,2.6825131749260356,3.7812904493343193
m1,img_11_12_14,clicks_frozen,10+20 clicks,2,0.8105486646552688,4,0,1,4,5,2.6826576368343193,3.7812904493343193
m1,img_13_11_9,clicks_frozen,3+6 clicks,0,0.6712895963981348,5,4,1,9,6,3.272062222633136,3.915206638313609
m1,img_13_11_9,clicks_frozen,3+6 clicks,1,0.7323403399687562,6,6,0,12,6,5.424689117973372,3.915206638313609
m1,img_13_11_9,clicks_frozen,3+6 clicks,2,0.6718722334360282,5,4,1,9,6,4.243713017751479,3.915206638313609
m1,img_13_11_9,clicks_frozen,10+20 clicks,0,0.7255140105838466,6,6,0,12,6,6.076067862426036,3.915206638313609
m1,img_13_11_9,clicks_frozen,10+20 clicks,1,0.6905492712872138,6,2,0,8,6,2.815129206730769,3.915206638313609
m1,img_13_11_9,clicks_frozen,10+20 clicks,2,0.7090138674884437,6,4,0,10,6,3.5852556397928996,3.915206638313609
m1,img_7_17_4,clicks_frozen,3+6 clicks,0,0.9269044473800088,1,0,0,1,1,0.6960174741124261,0.616274500739645
m1,img_7_17_4,clicks_frozen,3+6 clicks,1,0.9477532727916028,1,0,0,1,1,0.6086180196005917,0.616274500739645
m1,img_7_17_4,clicks_frozen,3+6 clicks,2,0.9189904111098864,1,0,0,1,1,0.6944283931213018,0.616274500739645
m1,img_7_17_4,clicks_frozen,10+20 clicks,0,0.8876726609330206,1,0,0,1,1,0.49232618343195267,0.616274500739645
m1,img_7_17_4,clicks_frozen,10+20 clicks,1,0.8360163710777626,1,0,0,1,1,0.44263128698224846,0.616274500739645
m1,img_7_17_4,clicks_frozen,10+20 clicks,2,0.8848516533786434,1,0,0,1,1,0.48900355954142016,0.616274500739645
m1,img_1_12_0,clicks_frozen,3+6 clicks,0,0.5704624095627556,1,3,0,4,1,1.313014284393491,0.5239633413461539
m1,img_1_12_0,clicks_frozen,3+6 clicks,1,0.6565894279507604,1,2,0,3,1,1.0720518213757397,0.5239633413461539
m1,img_1_12_0,clicks_frozen,3+6 clicks,2,0.37310976237012655,0,5,1,5,1,2.2846650795118344,0.5239633413461539
m1,img_1_12_0,clicks_frozen,10+20 clicks,0,0.9511846988295747,1,0,0,1,1,0.48813678809171596,0.5239633413461539
m1,img_1_12_0,clicks_frozen,10+20 clicks,1,0.9663360804581645,1,0,0,1,1,0.5102394600591715,0.5239633413461539
m1,img_1_12_0,clicks_frozen,10+20 clicks,2,0.9176610978520287,1,0,0,1,1,0.44450929178994086,0.5239633413461539
m1,img_7_15_13,clicks_frozen,3+6 clicks,0,0.31167822015009305,4,1,2,5,6,1.4625323594674557,5.602088341346153
m1,img_7_15_13,clicks_frozen,3+6 clicks,1,0.7795599199854519,4,6,2,10,6,6.313852163461539,5.602088341346153
m1,img_7_15_13,clicks_frozen,3+6 clicks,2,0.5485472718804858,4,9,2,13,6,14.55973788831361,5.602088341346153
m1,img_7_15_13,clicks_frozen,10+20 clicks,0,0.854635335545473,4,1,2,5,6,5.064256656804734,5.602088341346153
m1,img_7_15_13,clicks_frozen,10+20 clicks,1,0.8323922590608561,5,3,1,8,6,6.371492464866864,5.602088341346153
m1,img_7_15_13,clicks_frozen,10+20 clicks,2,0.8365823357986276,5,3,1,8,6,6.84027135724852,5.602088341346153
m1,img_9_7_13,clicks_frozen,3+6 clicks,0,0.942412539754657,4,0,0,4,4,1.2899003790680474,1.2537849019970415
m1,img_9_7_13,clicks_frozen,3+6 clicks,1,0.7462472168354521,3,0,1,3,4,0.7575582470414202,1.2537849019970415
m1,img_9_7_13,clicks_frozen,3+6 clicks,2,0.8436961421185205,4,0,0,4,4,0.9255674463757397,1.2537849019970415
m1,img_9_7_13,clicks_frozen,10+20 clicks,0,0.7642852085251008,3,0,1,3,4,0.7864506286982249,1.2537849019970415
m1,img_9_7_13,clicks_frozen,10+20 clicks,1,0.5177474402730375,2,0,2,2,4,0.43930866309171596,1.2537849019970415
m1,img_9_7_13,clicks_frozen,10+20 clicks,2,0.6052694802594698,2,0,2,2,4,0.5501109467455622,1.2537849019970415
m1,img_9_14_0,clicks_frozen,3+6 clicks,0,0.5487558843308675,0,1,1,1,1,0.7634811852810651,0.3105931028106509
m1,img_9_14_0,clicks_frozen,3+6 clicks,1,0.6041387524192348,0,1,1,1,1,0.6597575351331362,0.3105931028106509
m1,img_9_14_0,clicks_frozen,3+6 clicks,2,0.7260869565217392,1,0,0,1,1,0.4868366309171598,0.3105931028106509
m1,img_9_14_0,clicks_frozen,10+20 clicks,0,0.6966292134831461,1,0,0,1,1,0.5122619267751479,0.3105931028106509
m1,img_9_14_0,clicks_frozen,10+20 clicks,1,0.807843137254902,1,0,0,1,1,0.31564926960059175,0.3105931028106509
m1,img_9_14_0,clicks_frozen,10+20 clicks,2,0.7909698996655519,1,0,0,1,1,0.38051266642011833,0.3105931028106509
m1,img_5_6_12,clicks_frozen,3+6 clicks,0,0.7802168738428987,3,2,0,5,3,1.8816163553994083,1.3956464959319526
m1,img_5_6_12,clicks_frozen,3+6 clicks,1,0.603396986853469,3,3,0,6,3,1.6152285965236688,1.3956464959319526
m1,img_5_6_12,clicks_frozen,3+6 clicks,2,0.6872157166360205,2,2,1,4,3,1.5898033006656807,1.3956464959319526
m1,img_5_6_12,clicks_frozen,10+20 clicks,0,0.7673204768968738,2,1,1,3,3,1.2337046967455623,1.3956464959319526
m1,img_5_6_12,clicks_frozen,10+20 clicks,1,0.7056627822286963,2,2,1,4,3,1.7778927052514795,1.3956464959319526
m1,img_5_6_12,clicks_frozen,10+20 clicks,2,0.7890745160434898,2,1,1,3,3,1.3281827847633136,1.3956464959319526
m1,img_5_13_12,clicks_frozen,3+6 clicks,0,0.9124793079510867,3,0,0,3,3,1.372388128698225,1.3329500277366864
m1,img_5_13_12,clicks_frozen,3+6 clicks,1,0.9083153287906487,3,0,0,3,3,1.274731878698225,1.3329500277366864
m1,img_5_13_12,clicks_frozen,3+6 clicks,2,0.9108031462357536,3,0,0,3,3,1.366898576183432,1.3329500277366864
m1,img_5_13_12,clicks_frozen,10+20 clicks,0,0.8548996104285286,3,0,0,3,3,1.0773969119822484,1.3329500277366864
m1,img_5_13_12,clicks_frozen,10+20 clicks,1,0.8201051577366049,3,0,0,3,3,0.9749734190088757,1.3329500277366864
m1,img_5_13_12,clicks_frozen,10+20 clicks,2,0.8684037922604496,3,0,0,3,3,1.0898206360946745,1.3329500277366864
m1,img_5_0_8,clicks_finetuned_b4,3+6 clicks,0,0.9356867071152786,1,0,0,1,1,0.6398217917899409,0.6697254068047337
m1,img_5_0_8,clicks_finetuned_b4,3+6 clicks,1,0.9374182293938073,1,0,0,1,1,0.6552792159763313,0.6697254068047337
m1,img_5_0_8,clicks_finetuned_b4,3+6 clicks,2,0.9300605245460659,1,0,0,1,1,0.6191637389053255,0.6697254068047337
m1,img_5_0_8,clicks_finetuned_b4,10+20 clicks,0,0.8868691700550108,1,0,0,1,1,0.5382650702662721,0.6697254068047337
m1,img_5_0_8,clicks_finetuned_b4,10+20 clicks,1,0.8628123468887801,1,0,0,1,1,0.5096616124260355,0.6697254068047337
m1,img_5_0_8,clicks_finetuned_b4,10+20 clicks,2,0.8514483783114632,1,0,0,1,1,0.4972378883136095,0.6697254068047337
m1,img_5_16_5,clicks_finetuned_b4,3+6 clicks,0,0.7916935657413385,3,1,0,4,3,1.5851805196005917,1.1000774315828403
m1,img_5_16_5,clicks_finetuned_b4,3+6 clicks,1,0.8006798096532971,2,0,1,2,3,1.0249572392751478,1.1000774315828403
m1,img_5_16_5,clicks_finetuned_b4,3+6 clicks,2,0.8095041322314049,2,0,1,2,3,0.9975094767011835,1.1000774315828403
m1,img_5_16_5,clicks_finetuned_b4,10+20 clicks,0,0.8288454706927176,2,0,1,2,3,0.933223927514793,1.1000774315828403
m1,img_5_16_5,clicks_finetuned_b4,10+20 clicks,1,0.8375063502431236,2,0,1,2,3,0.8904632026627218,1.1000774315828403
m1,img_5_16_5,clicks_finetuned_b4,10+20 clicks,2,0.8280455489507985,2,0,1,2,3,0.9170441937869823,1.1000774315828403
m1,img_15_2_6,clicks_finetuned_b4,3+6 clicks,0,0.9263865546218487,2,0,0,2,2,0.6539790588017752,0.6353434726331362
m1,img_15_2_6,clicks_finetuned_b4,3+6 clicks,1,0.7879341864716636,1,0,1,1,2,0.4709458210059172,0.6353434726331362
m1,img_15_2_6,clicks_finetuned_b4,3+6 clicks,2,0.7898340795364762,1,0,1,1,2,0.4617002588757396,0.6353434726331362
m1,img_15_2_6,clicks_finetuned_b4,10+20 clicks,0,0.7914870689655172,1,0,1,1,2,0.43714173446745563,0.6353434726331362
m1,img_15_2_6,clicks_finetuned_b4,10+20 clicks,1,0.7847686638460488,1,0,1,1,2,0.42312892936390534,0.6353434726331362
m1,img_15_2_6,clicks_finetuned_b4,10+20 clicks,2,0.7863852961198093,1,0,1,1,2,0.4257292437130178,0.6353434726331362
m1,img_3_12_12,clicks_finetuned_b4,3+6 clicks,0,0.0,0,0,1,0,1,0.0,0.14503975591715976
m1,img_3_12_12,clicks_finetuned_b4,3+6 clicks,1,0.0,0,0,1,0,1,0.0,0.14503975591715976
m1,img_3_12_12,clicks_finetuned_b4,3+6 clicks,2,0.0,0,1,1,1,1,0.35624306582840237,0.14503975591715976
m1,img_3_12_12,clicks_finetuned_b4,10+20 clicks,0,0.0,0,0,1,0,1,0.0,0.14503975591715976
m1,img_3_12_12,clicks_finetuned_b4,10+20 clicks,1,0.0,0,0,1,0,1,0.0,0.14503975591715976
m1,img_3_12_12,clicks_finetuned_b4,10+20 clicks,2,0.0,0,0,1,0,1,0.0,0.14503975591715976
m1,img_21_12_1,clicks_finetuned_b4,3+6 clicks,0,0.623456403184354,2,2,0,4,2,1.1983115292159765,1.1062892936390532
m1,img_21_12_1,clicks_finetuned_b4,3+6 clicks,1,0.6427953817201566,2,3,0,5,2,1.7339762851331362,1.1062892936390532
m1,img_21_12_1,clicks_finetuned_b4,3+6 clicks,2,0.6454183266932271,2,3,0,5,2,1.6132061298076923,1.1062892936390532
m1,img_21_12_1,clicks_finetuned_b4,10+20 clicks,0,0.5907118981580257,1,2,1,3,2,0.9249895987426036,1.1062892936390532
m1,img_21_12_1,clicks_finetuned_b4,10+20 clicks,1,0.6225744738999727,2,3,0,5,2,1.5366413184171597,1.1062892936390532
m1,img_21_12_1,clicks_finetuned_b4,10+20 clicks,2,0.6889206390440317,2,1,0,3,2,1.118135170118343,1.1062892936390532
m1,img_1_5_11,clicks_finetuned_b4,3+6 clicks,0,0.4266097606234923,3,5,1,8,4,3.595656897189349,1.0753744452662723
m1,img_1_5_11,clicks_finetuned_b4,3+6 clicks,1,0.39738418990550817,2,5,2,7,4,3.9391873150887573,1.0753744452662723
m1,img_1_5_11,clicks_finetuned_b4,3+6 clicks,2,0.5024289709995584,3,4,1,7,4,2.849944526627219,1.0753744452662723
m1,img_1_5_11,clicks_finetuned_b4,10+20 clicks,0,0.5541473467284904,2,4,2,6,4,1.7286311945266273,1.0753744452662723
m1,img_1_5_11,clicks_finetuned_b4,10+20 clicks,1,0.5968005223636957,3,4,1,7,4,2.0220333302514795,1.0753744452662723
m1,img_1_5_11,clicks_finetuned_b4,10+20 clicks,2,0.5837068579112505,2,3,2,5,4,1.5029816937869822,1.0753744452662723
m1,img_21_5_18,clicks_finetuned_b4,3+6 clicks,0,0.855918106206014,1,0,1,1,2,1.1946999815088757,1.0632396449704142
m1,img_21_5_18,clicks_finetuned_b4,3+6 clicks,1,0.8687288796464778,1,0,1,1,2,1.159740199704142,1.0632396449704142
m1,img_21_5_18,clicks_finetuned_b4,3+6 clicks,2,0.8921181276367776,1,0,1,1,2,1.0940100314349113,1.0632396449704142
m1,img_21_5_18,clicks_finetuned_b4,10+20 clicks,0,0.9067161410018553,1,0,1,1,2,0.8833845691568047,1.0632396449704142
m1,img_21_5_18,clicks_finetuned_b4,10+20 clicks,1,0.8615622583139985,1,0,1,1,2,0.8046528291420117,1.0632396449704142
m1,img_21_5_18,clicks_finetuned_b4,10+20 clicks,2,0.8563437184367959,1,0,1,1,2,0.7961295765532543,1.0632396449704142
m1,img_17_15_13,clicks_finetuned_b4,3+6 clicks,0,0.9157609985287837,5,0,1,5,6,4.572797244822485,4.559073363535503
m1,img_17_15_13,clicks_finetuned_b4,3+6 clicks,1,0.6903413812589334,5,4,1,9,6,8.478758321005918,4.559073363535503
m1,img_17_15_13,clicks_finetuned_b4,3+6 clicks,2,0.5839813666929636,3,9,3,12,6,10.8226527829142,4.559073363535503
m1,img_17_15_13,clicks_finetuned_b4,10+20 clicks,0,0.9121881841571184,4,1,2,5,6,4.480919471153847,4.559073363535503
m1,img_17_15_13,clicks_finetuned_b4,10+20 clicks,1,0.8924704438806812,4,0,2,4,6,4.153279863165681,4.559073363535503
m1,img_17_15_13,clicks_finetuned_b4,10+20 clicks,2,0.8880091256793934,4,0,2,4,6,4.052589913091716,4.559073363535503
m1,img_11_5_9,clicks_finetuned_b4,3+6 clicks,0,0.7500550927762352,2,2,0,4,2,1.9685824241863905,1.3091138128698225
m1,img_11_5_9,clicks_finetuned_b4,3+6 clicks,1,0.5646140775935308,2,3,0,5,2,3.282030094304734,1.3091138128698225
m1,img_11_5_9,clicks_finetuned_b4,3+6 clicks,2,0.7921590695929469,2,1,0,3,2,1.771391919378698,1.3091138128698225
m1,img_11_5_9,clicks_finetuned_b4,10+20 clicks,0,0.7980662705206969,2,1,0,3,2,1.5596107618343196,1.3091138128698225
m1,img_11_5_9,clicks_finetuned_b4,10+20 clicks,1,0.754833543072875,1,1,1,2,2,1.2163692677514792,1.3091138128698225
m1,img_11_5_9,clicks_finetuned_b4,10+20 clicks,2,0.7962199658188398,2,1,0,3,2,1.5648113905325445,1.3091138128698225
m1,img_9_1_4,clicks_finetuned_b4,3+6 clicks,0,0.9447187530254623,1,0,1,1,2,0.7478792991863905,0.7442677514792899
m1,img_9_1_4,clicks_finetuned_b4,3+6 clicks,1,0.9422187223151886,1,0,1,1,2,0.7233207747781065,0.7442677514792899
m1,img_9_1_4,clicks_finetuned_b4,3+6 clicks,2,0.94649340722339,1,0,1,1,2,0.7676705806213018,0.7442677514792899
m1,img_9_1_4,clicks_finetuned_b4,10+20 clicks,0,0.9056248036032262,1,0,1,1,2,0.634910086908284,0.7442677514792899
m1,img_9_1_4,clicks_finetuned_b4,10+20 clicks,1,0.9108293494076075,1,0,1,1,2,0.6457447300295859,0.7442677514792899
m1,img_9_1_4,clicks_finetuned_b4,10+20 clicks,2,0.9145458307469481,1,0,1,1,2,0.6521010539940828,0.7442677514792899
m1,img_3_11_16,clicks_finetuned_b4,3+6 clicks,0,0.9157855685401596,2,0,0,2,2,0.8043639053254438,0.7532243897928994
m1,img_3_11_16,clicks_finetuned_b4,3+6 clicks,1,0.9117486834937353,2,0,0,2,2,0.8378790680473372,0.7532243897928994
m1,img_3_11_16,clicks_finetuned_b4,3+6 clicks,2,0.9144841828592885,2,0,0,2,2,0.7857283191568047,0.7532243897928994
m1,img_3_11_16,clicks_finetuned_b4,10+20 clicks,0,0.9023809523809524,2,0,0,2,2,0.7029516457100591,0.7532243897928994
m1,img_3_11_16,clicks_finetuned_b4,10+20 clicks,1,0.9124867622990276,2,0,0,2,2,0.7473014515532544,0.7532243897928994
m1,img_3_11_16,clicks_finetuned_b4,10+20 clicks,2,0.8841219336959869,2,0,0,2,2,0.6542679826183432,0.7532243897928994
m1,img_11_12_14,clicks_finetuned_b4,3+6 clicks,0,0.9438320006210698,5,0,0,5,5,3.6619649130917162,3.7812904493343193
m1,img_11_12_14,clicks_finetuned_b4,3+6 clicks,1,0.916020358700921,5,0,0,5,5,3.37130755362426,3.7812904493343193
m1,img_11_12_14,clicks_finetuned_b4,3+6 clicks,2,0.9314073723261505,5,0,0,5,5,3.539461214866864,3.7812904493343193
m1,img_11_12_14,clicks_finetuned_b4,10+20 clicks,0,0.9017291066282421,5,0,0,5,5,3.2366690551035506,3.7812904493343193
m1,img_11_12_14,clicks_finetuned_b4,10+20 clicks,1,0.9144894073804026,5,0,0,5,5,3.3513718102810652,3.7812904493343193
m1,img_11_12_14,clicks_finetuned_b4,10+20 clicks,2,0.8528778218163019,4,0,1,4,5,2.9252091808431953,3.7812904493343193
m1,img_13_11_9,clicks_finetuned_b4,3+6 clicks,0,0.7864495443806953,4,0,2,4,6,2.9334435096153846,3.915206638313609
m1,img_13_11_9,clicks_finetuned_b4,3+6 clicks,1,0.8106511074773302,5,1,1,6,6,3.8591554178994083,3.915206638313609
m1,img_13_11_9,clicks_finetuned_b4,3+6 clicks,2,0.8248031496062992,5,0,1,5,6,3.7170049001479293,3.915206638313609
m1,img_13_11_9,clicks_finetuned_b4,10+20 clicks,0,0.8015090050984168,6,2,0,8,6,5.236888637204142,3.915206638313609
m1,img_13_11_9,clicks_finetuned_b4,10+20 clicks,1,0.8001849023233379,4,0,2,4,6,3.2726400702662723,3.915206638313609
m1,img_13_11_9,clicks_finetuned_b4,10+20 clicks,2,0.7995415795399711,4,0,2,4,6,3.2697508321005917,3.915206638313609
m1,img_7_17_4,clicks_finetuned_b4,3+6 clicks,0,0.9482616381850324,1,0,0,1,1,0.6094847910502958,0.616274500739645
m1,img_7_17_4,clicks_finetuned_b4,3+6 clicks,1,0.9480796586059744,1,0,0,1,1,0.6024061575443787,0.616274500739645
m1,img_7_17_4,clicks_finetuned_b4,3+6 clicks,2,0.9471684672919387,1,0,0,1,1,0.6005281527366864,0.616274500739645
m1,img_7_17_4,clicks_finetuned_b4,10+20 clicks,0,0.9049935979513444,1,0,0,1,1,0.5119730029585798,0.616274500739645
m1,img_7_17_4,clicks_finetuned_b4,10+20 clicks,1,0.8960082676656763,1,0,0,1,1,0.5020051312869822,0.616274500739645
m1,img_7_17_4,clicks_finetuned_b4,10+20 clicks,2,0.8922877511341543,1,0,0,1,1,0.49824912167159763,0.616274500739645
m1,img_1_12_0,clicks_finetuned_b4,3+6 clicks,0,0.9530029816839415,1,0,0,1,1,0.4934818786982248,0.5239633413461539
m1,img_1_12_0,clicks_finetuned_b4,3+6 clicks,1,0.9383253519082861,1,0,0,1,1,0.47152366863905326,0.5239633413461539
m1,img_1_12_0,clicks_finetuned_b4,3+6 clicks,2,0.9332944095752445,1,0,0,1,1,0.4657451923076923,0.5239633413461539
m1,img_1_12_0,clicks_finetuned_b4,10+20 clicks,0,0.8511716276124129,1,0,0,1,1,0.3884580713757396,0.5239633413461539
m1,img_1_12_0,clicks_finetuned_b4,10+20 clicks,1,0.8511716276124129,1,0,0,1,1,0.3884580713757396,0.5239633413461539
m1,img_1_12_0,clicks_finetuned_b4,10+20 clicks,2,0.8524434603827297,1,0,0,1,1,0.3894693047337278,0.5239633413461539
m1,img_7_15_13,clicks_finetuned_b4,3+6 clicks,0,0.8477751756440282,4,2,2,6,6,5.377883459689349,5.602088341346153
m1,img_7_15_13,clicks_finetuned_b4,3+6 clicks,1,0.6994631132066784,4,6,2,10,6,10.084885817307693,5.602088341346153
m1,img_7_15_13,clicks_finetuned_b4,3+6 clicks,2,0.5742211179380486,3,9,3,12,6,13.701056305473372,5.602088341346153
m1,img_7_15_13,clicks_finetuned_b4,10+20 clicks,0,0.8003900386751832,5,4,1,9,6,7.583383413461539,5.602088341346153
m1,img_7_15_13,clicks_finetuned_b4,10+20 clicks,1,0.7614269451244698,5,4,1,9,6,8.73734513683432,5.602088341346153
m1,img_7_15_13,clicks_finetuned_b4,10+20 clicks,2,0.788060164710316,4,4,2,8,6,7.431120562130178,5.602088341346153
m1,img_9_7_13,clicks_finetuned_b4,3+6 clicks,0,0.9023519271025736,4,0,0,4,4,1.092565412352071,1.2537849019970415
m1,img_9_7_13,clicks_finetuned_b4,3+6 clicks,1,0.914971938929455,4,0,0,4,4,1.1400933801775148,1.2537849019970415
m1,img_9_7_13,clicks_finetuned_b4,3+6 clicks,2,0.770415371573891,3,0,1,3,4,0.7912178716715977,1.2537849019970415
m1,img_9_7_13,clicks_finetuned_b4,10+20 clicks,0,0.9248198930978387,4,0,0,4,4,1.232693463387574,1.2537849019970415
m1,img_9_7_13,clicks_finetuned_b4,10+20 clicks,1,0.8875031814711123,4,0,0,4,4,1.0165784485946745,1.2537849019970415
m1,img_9_7_13,clicks_finetuned_b4,10+20 clicks,2,0.926389292988071,4,0,0,4,4,1.2287929918639053,1.2537849019970415
m1,img_9_14_0,clicks_finetuned_b4,3+6 clicks,0,0.8882907133243607,1,0,0,1,1,0.33341808431952663,0.3105931028106509
m1,img_9_14_0,clicks_finetuned_b4,3+6 clicks,1,0.8863585621790578,1,0,0,1,1,0.3364517843934911,0.3105931028106509
m1,img_9_14_0,clicks_finetuned_b4,3+6 clicks,2,0.8908113163432312,1,0,0,1,1,0.30727047892011833,0.3105931028106509
m1,img_9_14_0,clicks_finetuned_b4,10+20 clicks,0,0.8678775814879324,1,0,0,1,1,0.26999930658284027,0.3105931028106509
m1,img_9_14_0,clicks_finetuned_b4,10+20 clicks,1,0.773505472916082,1,0,0,1,1,0.20412467640532542,0.3105931028106509
m1,img_9_14_0,clicks_finetuned_b4,10+20 clicks,2,0.7888181566565181,1,0,0,1,1,0.21134777181952663,0.3105931028106509
m1,img_5_6_12,clicks_finetuned_b4,3+6 clicks,0,0.38818345494172274,2,7,1,9,3,4.702379576553255,1.3956464959319526
m1,img_5_6_12,clicks_finetuned_b4,3+6 clicks,1,0.4792984727657947,2,6,1,8,3,3.5136025332840237,1.3956464959319526
m1,img_5_6_12,clicks_finetuned_b4,3+6 clicks,2,0.5090339752622515,2,5,1,7,3,3.217744545118343,1.3956464959319526
m1,img_5_6_12,clicks_finetuned_b4,10+20 clicks,0,0.4307231290907657,2,6,1,8,3,4.10011788091716,1.3956464959319526
m1,img_5_6_12,clicks_finetuned_b4,10+20 clicks,1,0.43471337579617836,2,6,1,8,3,4.047678208210059,1.3956464959319526
m1,img_5_6_12,clicks_finetuned_b4,10+20 clicks,2,0.6716799370883711,2,2,1,4,3,1.5435754900147929,1.3956464959319526
m1,img_5_13_12,clicks_finetuned_b4,3+6 clicks,0,0.9277070063694267,3,0,0,3,3,1.3887123243343196,1.3329500277366864
m1,img_5_13_12,clicks_finetuned_b4,3+6 clicks,1,0.9212932723709993,3,0,0,3,3,1.3211041512573964,1.3329500277366864
m1,img_5_13_12,clicks_finetuned_b4,3+6 clicks,2,0.9252933780385583,3,0,0,3,3,1.4245388775887573,1.3329500277366864
m1,img_5_13_12,clicks_finetuned_b4,10+20 clicks,0,0.9040067245727095,3,0,0,3,3,1.244972725591716,1.3329500277366864
m1,img_5_13_12,clicks_finetuned_b4,10+20 clicks,1,0.8375385732437829,2,1,1,3,3,1.0545719304733727,1.3329500277366864
m1,img_5_13_12,clicks_finetuned_b4,10+20 clicks,2,0.9181280140289346,3,0,0,3,3,1.3031908746301775,1.3329500277366864
m2,img_17_14_13,probe_frozen,labels from other batches,0,0.0,0,0,2,0,2,0.0,0.1269820173816568
m2,img_21_10_0,probe_frozen,labels from other batches,0,0.9317447685033472,1,1,0,2,1,3.08801775147929,3.083683894230769
m2,img_11_7_8,probe_frozen,labels from other batches,0,0.7312402967051923,2,1,2,3,4,3.9007604474852067,2.7988050110946747
m2,img_13_11_7,probe_frozen,labels from other batches,0,0.6353046150795618,3,2,2,5,5,2.214889977810651,3.613570173816568
m2,img_3_19_7,probe_frozen,labels from other batches,0,0.777991976241338,3,1,1,4,4,2.4999133228550297,3.045401488535503
m2,img_5_18_12,probe_frozen,labels from other batches,0,0.8592009626172783,6,1,2,7,8,4.332557091346153,4.551705806213017
m2,img_13_3_8,probe_frozen,labels from other batches,0,0.7605633802816901,2,1,2,3,4,0.970061714127219,1.3069468842455623
m2,img_7_8_5,probe_frozen,labels from other batches,0,0.6811083497162358,3,1,5,4,8,5.378750231139053,10.199444110576923
m2,img_13_7_8,probe_frozen,labels from other batches,0,0.7819579179319055,12,2,1,14,13,4.857098280325444,5.894623705621302
m2,img_9_19_12,probe_frozen,labels from other batches,0,0.74092155420317,1,0,0,1,1,2.7148726423816565,1.6054051867603552
m2,img_11_18_4,probe_frozen,labels from other batches,0,0.0,0,0,2,0,2,0.0,0.329517612795858
m2,img_7_19_7,probe_frozen,labels from other batches,0,0.8866680842015735,2,0,0,2,2,0.6606243065828402,0.6981844027366864
m2,img_13_0_8,probe_frozen,labels from other batches,0,0.6544833599767476,2,5,1,7,3,2.4194480399408285,1.556721523668639
m2,img_9_12_2,probe_frozen,labels from other batches,0,0.7925945800912262,4,2,0,6,4,1.9506691475591715,1.818197577662722
m2,img_3_5_6,probe_frozen,labels from other batches,0,0.8178140114987984,2,0,2,2,4,2.0062869822485205,2.7426093287721893
m2,img_9_19_10,probe_frozen,labels from other batches,0,0.566107634543179,2,3,1,5,3,1.580557738535503,1.3050688794378698
m2,img_7_15_12,probe_frozen,labels from other batches,0,0.813948212723207,4,0,1,4,5,2.021166558801775,2.4364945451183435
m2,img_21_7_18,probe_frozen,labels from other batches,0,0.49116279069767443,1,1,0,2,1,0.3848465236686391,0.23633968195266275
m2,img_3_2_11,probe_frozen,labels from other batches,0,0.906331131860624,5,2,1,7,6,6.296227810650888,6.390416974852071
m2,img_19_8_2,probe_frozen,labels from other batches,0,0.8584597032190432,2,1,2,3,4,3.6486744175295858,4.343969582100591
m2,img_17_14_13,finetune_b4,labels from other batches,0,0.09937444146559428,0,4,2,4,2,0.6812823594674556,0.1269820173816568
m2,img_21_10_0,finetune_b4,labels from other batches,0,0.2717444165949646,0,2,1,2,1,0.7779273761094675,3.083683894230769
m2,img_11_7_8,finetune_b4,labels from other batches,0,0.8267896210214307,1,2,3,3,4,3.3421262481508873,2.7988050110946747
m2,img_13_11_7,finetune_b4,labels from other batches,0,0.7595065066756802,3,0,2,3,5,2.3698976053994083,3.613570173816568
m2,img_3_19_7,finetune_b4,labels from other batches,0,0.5600179781052361,1,0,3,1,4,1.4544424926035504,3.045401488535503
m2,img_5_18_12,finetune_b4,labels from other batches,0,0.7383616441532842,5,0,3,5,8,2.923764561760355,4.551705806213017
m2,img_13_3_8,finetune_b4,labels from other batches,0,0.7316391050583657,2,0,2,2,4,1.069162583210059,1.3069468842455623
m2,img_7_8_5,finetune_b4,labels from other batches,0,0.8444778482277783,3,0,5,3,8,7.868262296597633,10.199444110576923
m2,img_13_7_8,finetune_b4,labels from other batches,0,0.7298858214797418,8,0,5,8,13,3.8855919471153846,5.894623705621302
m2,img_9_19_12,finetune_b4,labels from other batches,0,0.7414294792467976,1,0,0,1,1,2.713861409023669,1.6054051867603552
m2,img_11_18_4,finetune_b4,labels from other batches,0,0.0,0,0,2,0,2,0.0,0.329517612795858
m2,img_7_19_7,finetune_b4,labels from other batches,0,0.8935109955584444,2,0,0,2,2,0.6353434726331362,0.6981844027366864
m2,img_13_0_8,finetune_b4,labels from other batches,0,0.8448763432567227,2,0,1,2,3,1.2529181305473374,1.556721523668639
m2,img_9_12_2,finetune_b4,labels from other batches,0,0.9256253381612353,4,0,0,4,4,1.6527886926775148,1.818197577662722
m2,img_3_5_6,finetune_b4,labels from other batches,0,0.8369915304783491,2,0,2,2,4,2.1014873798076925,2.7426093287721893
m2,img_9_19_10,finetune_b4,labels from other batches,0,0.6865911997347606,3,1,0,4,3,1.744955390162722,1.3050688794378698
m2,img_7_15_12,finetune_b4,labels from other batches,0,0.8417311050137192,3,2,2,5,5,2.196687777366864,2.4364945451183435
m2,img_21_7_18,finetune_b4,labels from other batches,0,0.7984092994799633,1,0,0,1,1,0.23590629622781065,0.23633968195266275
m2,img_3_2_11,finetune_b4,labels from other batches,0,0.9286550537481818,4,1,2,5,6,5.825426451553255,6.390416974852071
m2,img_19_8_2,finetune_b4,labels from other batches,0,0.952561544676571,3,0,1,3,4,4.417211769600591,4.343969582100591
m2,img_17_14_13,clicks_frozen,3+6 clicks,0,0.26193441261934414,0,2,2,2,2,0.5690354567307692,0.1269820173816568
m2,img_17_14_13,clicks_frozen,3+6 clicks,1,0.23864278982092366,0,2,2,2,2,0.6393884060650887,0.1269820173816568
m2,img_17_14_13,clicks_frozen,3+6 clicks,2,0.2719033232628399,0,2,2,2,2,0.5424544656065089,0.1269820173816568
m2,img_17_14_13,clicks_frozen,10+20 clicks,0,0.0,0,0,2,0,2,0.0,0.1269820173816568
m2,img_17_14_13,clicks_frozen,10+20 clicks,1,0.2884111169375983,0,1,2,1,2,0.14850684171597633,0.1269820173816568
m2,img_17_14_13,clicks_frozen,10+20 clicks,2,0.27247191011235955,0,1,2,1,2,0.18158861871301776,0.1269820173816568
m2,img_21_10_0,clicks_frozen,3+6 clicks,0,0.9696098657827025,1,0,0,1,1,3.1482583672337277,3.083683894230769
m2,img_21_10_0,clicks_frozen,3+6 clicks,1,0.9569676297183131,1,0,0,1,1,3.3115003235946747,3.083683894230769
m2,img_21_10_0,clicks_frozen,3+6 clicks,2,0.9313357059306637,1,0,0,1,1,2.7209400425295858,3.083683894230769
m2,img_21_10_0,clicks_frozen,10+20 clicks,0,0.8996324568843653,1,0,0,1,1,2.5368955713757395,3.083683894230769
m2,img_21_10_0,clicks_frozen,10+20 clicks,1,0.9587591329465738,1,0,0,1,1,2.867713341346154,3.083683894230769
m2,img_21_10_0,clicks_frozen,10+20 clicks,2,0.836159424240772,1,0,0,1,1,2.215467825443787,3.083683894230769
m2,img_11_7_8,clicks_frozen,3+6 clicks,0,0.6963710949826444,1,2,3,3,4,4.0681917991863905,2.7988050110946747
m2,img_11_7_8,clicks_frozen,3+6 clicks,1,0.6442637068223137,2,1,2,3,4,4.750052006286983,2.7988050110946747
m2,img_11_7_8,clicks_frozen,3+6 clicks,2,0.5882294047956749,0,2,4,2,4,5.85865269045858,2.7988050110946747
m2,img_11_7_8,clicks_frozen,10+20 clicks,0,0.7181523243414933,2,0,2,2,4,3.5686425203402363,2.7988050110946747
m2,img_11_7_8,clicks_frozen,10+20 clicks,1,0.8171604772757742,2,0,2,2,4,2.588901858357988,2.7988050110946747
m2,img_11_7_8,clicks_frozen,10+20 clicks,2,0.7088399020262748,1,1,3,2,4,3.688979289940828,2.7988050110946747
m2,img_13_11_7,clicks_frozen,3+6 clicks,0,0.7018362552538635,4,3,1,7,5,5.425844813239645,3.613570173816568
m2,img_13_11_7,clicks_frozen,3+6 clicks,1,0.6767987614930051,3,2,2,5,5,4.038143722263313,3.613570173816568
m2,img_13_11_7,clicks_frozen,3+6 clicks,2,0.7503786797795974,2,1,3,3,5,2.967103134245562,3.613570173816568
m2,img_13_11_7,clicks_frozen,10+20 clicks,0,0.7742518873677791,3,4,2,7,5,3.256026950813609,3.613570173816568
m2,img_13_11_7,clicks_frozen,10+20 clicks,1,0.6975168803747773,3,4,2,7,5,2.954679410133136,3.613570173816568
m2,img_13_11_7,clicks_frozen,10+20 clicks,2,0.7242990654205608,3,3,2,6,5,2.754888590976331,3.613570173816568
m2,img_3_19_7,clicks_frozen,3+6 clicks,0,0.7518286705376669,2,4,2,6,4,4.617435974482249,3.045401488535503
m2,img_3_19_7,clicks_frozen,3+6 clicks,1,0.4276164294626645,1,12,3,13,4,11.195508968195266,3.045401488535503
m2,img_3_19_7,clicks_frozen,3+6 clicks,2,0.41169723646416423,1,12,3,13,4,11.6907243897929,3.045401488535503
m2,img_3_19_7,clicks_frozen,10+20 clicks,0,0.855736271825899,3,1,1,4,4,3.2342132026627217,3.045401488535503
m2,img_3_19_7,clicks_frozen,10+20 clicks,1,0.7927225741913971,3,3,1,6,4,3.886458718565089,3.045401488535503
m2,img_3_19_7,clicks_frozen,10+20 clicks,2,0.8251724555246278,3,1,1,4,4,2.9230422522189348,3.045401488535503
m2,img_5_18_12,clicks_frozen,3+6 clicks,0,0.8283757125770825,6,3,2,9,8,4.748607387204142,4.551705806213017
m2,img_5_18_12,clicks_frozen,3+6 clicks,1,0.847503944564634,6,2,2,8,8,4.329378929363906,4.551705806213017
m2,img_5_18_12,clicks_frozen,3+6 clicks,2,0.7506147977460643,6,0,2,6,8,2.9087405232988166,4.551705806213017
m2,img_5_18_12,clicks_frozen,10+20 clicks,0,0.8612414233285464,6,1,2,7,8,4.501721985946745,4.551705806213017
m2,img_5_18_12,clicks_frozen,10+20 clicks,1,0.8655263885950494,6,1,2,7,8,4.325045072115385,4.551705806213017
m2,img_5_18_12,clicks_frozen,10+20 clicks,2,0.8510672011915892,6,1,2,7,8,4.565140763683432,4.551705806213017
m2,img_13_3_8,clicks_frozen,3+6 clicks,0,0.6922118647708235,3,4,1,7,4,2.055981878698225,1.3069468842455623
m2,img_13_3_8,clicks_frozen,3+6 clicks,1,0.5724734965973798,2,1,2,3,4,1.813574796597633,1.3069468842455623
m2,img_13_3_8,clicks_frozen,3+6 clicks,2,0.7968419423086847,3,1,1,4,4,1.4925804363905326,1.3069468842455623
m2,img_13_3_8,clicks_frozen,10+20 clicks,0,0.8867339459886113,3,0,1,3,4,1.2553739829881656,1.3069468842455623
m2,img_13_3_8,clicks_frozen,10+20 clicks,1,0.8994829251662027,3,0,1,3,4,1.2354382396449703,1.3069468842455623
m2,img_13_3_8,clicks_frozen,10+20 clicks,2,0.8989520132377276,3,0,1,3,4,1.312147512943787,1.3069468842455623
m2,img_7_8_5,clicks_frozen,3+6 clicks,0,0.8420839048461582,4,1,4,5,8,7.599852071005918,10.199444110576923
m2,img_7_8_5,clicks_frozen,3+6 clicks,1,0.8797829745702144,3,3,5,6,8,8.59837278106509,10.199444110576923
m2,img_7_8_5,clicks_frozen,3+6 clicks,2,0.8107773822059536,4,0,4,4,8,7.086578910872782,10.199444110576923
m2,img_7_8_5,clicks_frozen,10+20 clicks,0,0.9121225573923447,7,0,1,7,8,8.999687962278106,10.199444110576923
m2,img_7_8_5,clicks_frozen,10+20 clicks,1,0.7349818919568254,4,2,4,6,8,6.035329604289941,10.199444110576923
m2,img_7_8_5,clicks_frozen,10+20 clicks,2,0.9172665607884464,6,1,2,7,8,9.266220183062131,10.199444110576923
m2,img_13_7_8,clicks_frozen,3+6 clicks,0,0.25252583347711893,2,6,11,8,13,1.6406538923816567,5.894623705621302
m2,img_13_7_8,clicks_frozen,3+6 clicks,1,0.7541358993490622,12,6,1,18,13,5.334978272928994,5.894623705621302
m2,img_13_7_8,clicks_frozen,3+6 clicks,2,0.4958832335329341,7,2,6,9,13,2.5974251109467454,5.894623705621302
m2,img_13_7_8,clicks_frozen,10+20 clicks,0,0.7212803273896522,11,2,2,13,13,3.9894600591715976,5.894623705621302
m2,img_13_7_8,clicks_frozen,10+20 clicks,1,0.8006988340633076,12,6,1,18,13,6.012360160872781,5.894623705621302
m2,img_13_7_8,clicks_frozen,10+20 clicks,2,0.7912206090824656,12,6,1,18,13,5.926405325443787,5.894623705621302
m2,img_9_19_12,clicks_frozen,3+6 clicks,0,0.8110354975170131,1,0,0,1,1,2.3217917899408285,1.6054051867603552
m2,img_9_19_12,clicks_frozen,3+6 clicks,1,0.7763373982319438,1,0,0,1,1,2.528950166420118,1.6054051867603552
m2,img_9_19_12,clicks_frozen,3+6 clicks,2,0.7558503401360545,1,0,0,1,1,2.6417749167899407,1.6054051867603552
m2,img_9_19_12,clicks_frozen,10+20 clicks,0,0.8476383321624861,1,0,0,1,1,1.8904285318047338,1.6054051867603552
m2,img_9_19_12,clicks_frozen,10+20 clicks,1,0.8329787234042553,1,0,0,1,1,1.9252438517011834,1.6054051867603552
m2,img_9_19_12,clicks_frozen,10+20 clicks,2,0.837272113436867,1,0,0,1,1,1.81776419193787,1.6054051867603552
m2,img_11_18_4,clicks_frozen,3+6 clicks,0,0.6472314615535121,1,1,1,2,2,0.40882720044378695,0.329517612795858
m2,img_11_18_4,clicks_frozen,3+6 clicks,1,0.4476924847508344,1,2,1,3,2,0.9257119082840236,0.329517612795858
m2,img_11_18_4,clicks_frozen,3+6 clicks,2,0.46225042972365465,1,2,1,3,2,0.763047799556213,0.329517612795858
m2,img_11_18_4,clicks_frozen,10+20 clicks,0,0.7615344738206324,1,0,1,1,2,0.22781642936390534,0.329517612795858
m2,img_11_18_4,clicks_frozen,10+20 clicks,1,0.5035592695759826,1,2,1,3,2,0.603995238535503,0.329517612795858
m2,img_11_18_4,clicks_frozen,10+20 clicks,2,0.6994688286273414,1,0,1,1,2,0.18722263313609466,0.329517612795858
m2,img_7_19_7,clicks_frozen,3+6 clicks,0,0.8413470533208606,2,1,0,3,2,0.8461133968195266,0.6981844027366864
m2,img_7_19_7,clicks_frozen,3+6 clicks,1,0.8332108743570904,2,1,0,3,2,0.8747168546597633,0.6981844027366864
m2,img_7_19_7,clicks_frozen,3+6 clicks,2,0.7906781792270936,2,1,0,3,2,1.025101701183432,0.6981844027366864
m2,img_7_19_7,clicks_frozen,10+20 clicks,0,0.8355281591482208,2,1,0,3,2,0.8485692492603549,0.6981844027366864
m2,img_7_19_7,clicks_frozen,10+20 clicks,1,0.8957563542716381,2,0,0,2,2,0.592004900147929,0.6981844027366864
m2,img_7_19_7,clicks_frozen,10+20 clicks,2,0.847433628318584,2,0,0,2,2,0.5261302699704141,0.6981844027366864
m2,img_13_0_8,clicks_frozen,3+6 clicks,0,0.7549946398986453,2,1,1,3,3,1.4079257581360947,1.556721523668639
m2,img_13_0_8,clicks_frozen,3+6 clicks,1,0.7558341759352881,2,2,1,4,3,2.015099158653846,1.556721523668639
m2,img_13_0_8,clicks_frozen,3+6 clicks,2,0.7359789431058918,2,1,1,3,3,1.2972679363905326,1.556721523668639
m2,img_13_0_8,clicks_frozen,10+20 clicks,0,0.6845609214836732,1,2,2,3,3,1.1773645525147929,1.556721523668639
m2,img_13_0_8,clicks_frozen,10+20 clicks,1,0.6724912323878669,1,1,2,2,3,0.7912178716715977,1.556721523668639
m2,img_13_0_8,clicks_frozen,10+20 clicks,2,0.7355889724310777,2,1,1,3,3,1.2100129437869822,1.556721523668639
m2,img_9_12_2,clicks_frozen,3+6 clicks,0,0.8359627447253374,4,2,0,6,4,1.9818729197485205,1.818197577662722
m2,img_9_12_2,clicks_frozen,3+6 clicks,1,0.8109119700568632,4,3,0,7,4,2.1958210059171597,1.818197577662722
m2,img_9_12_2,clicks_frozen,3+6 clicks,2,0.8775851519477871,4,1,0,5,4,1.7232861039201182,1.818197577662722
m2,img_9_12_2,clicks_frozen,10+20 clicks,0,0.8471157356699526,4,0,0,4,4,1.3472517566568047,1.818197577662722
m2,img_9_12_2,clicks_frozen,10+20 clicks,1,0.7739392759828727,4,0,0,4,4,1.1507835613905326,1.818197577662722
m2,img_9_12_2,clicks_frozen,10+20 clicks,2,0.8385353030471324,4,2,0,6,4,2.0835741031804735,1.818197577662722
m2,img_3_5_6,clicks_frozen,3+6 clicks,0,0.5200623295675886,1,1,3,2,4,0.9657278568786983,2.7426093287721893
m2,img_3_5_6,clicks_frozen,3+6 clicks,1,0.8831975816609287,3,0,1,3,4,2.4185812684911245,2.7426093287721893
m2,img_3_5_6,clicks_frozen,3+6 clicks,2,0.7915142648134601,3,0,1,3,4,1.7994175295857988,2.7426093287721893
m2,img_3_5_6,clicks_frozen,10+20 clicks,0,0.838554795342696,2,1,2,3,4,2.0714393028846154,2.7426093287721893
m2,img_3_5_6,clicks_frozen,10+20 clicks,1,0.8405562305926826,3,1,1,4,4,2.6075374445266273,2.7426093287721893
m2,img_3_5_6,clicks_frozen,10+20 clicks,2,0.8207288140111428,3,0,1,3,4,2.6765902366863905,2.7426093287721893
m2,img_9_19_10,clicks_frozen,3+6 clicks,0,0.45252029450632436,2,6,1,8,3,3.2862194896449703,1.3050688794378698
m2,img_9_19_10,clicks_frozen,3+6 clicks,1,0.1270475144582867,0,12,3,12,3,18.952968981139055,1.3050688794378698
m2,img_9_19_10,clicks_frozen,3+6 clicks,2,0.5536449194448876,2,5,1,7,3,3.2230896357248517,1.3050688794378698
m2,img_9_19_10,clicks_frozen,10+20 clicks,0,0.36664973669437834,2,7,1,9,3,4.0991066475591715,1.3050688794378698
m2,img_9_19_10,clicks_frozen,10+20 clicks,1,0.40453920590851505,2,8,1,10,3,4.054323455991124,1.3050688794378698
m2,img_9_19_10,clicks_frozen,10+20 clicks,2,0.30417875174562253,1,13,2,14,3,5.418910641642012,1.3050688794378698
m2,img_7_15_12,clicks_frozen,3+6 clicks,0,0.8722859233959502,5,0,0,5,5,2.300700351331361,2.4364945451183435
m2,img_7_15_12,clicks_frozen,3+6 clicks,1,0.8339539832424524,4,0,1,4,5,1.9083418084319528,2.4364945451183435
m2,img_7_15_12,clicks_frozen,3+6 clicks,2,0.8840868048116066,5,0,0,5,5,2.283220460428994,2.4364945451183435
m2,img_7_15_12,clicks_frozen,10+20 clicks,0,0.7290784394558333,3,0,2,3,5,1.4181825536242603,2.4364945451183435
m2,img_7_15_12,clicks_frozen,10+20 clicks,1,0.7970020504843386,4,0,1,4,5,1.6497549926035502,2.4364945451183435
m2,img_7_15_12,clicks_frozen,10+20 clicks,2,0.6690539902408311,3,0,2,3,5,1.2345714681952664,2.4364945451183435
m2,img_21_7_18,clicks_frozen,3+6 clicks,0,0.4515218073423282,1,2,0,3,1,0.6844605214497042,0.23633968195266275
m2,img_21_7_18,clicks_frozen,3+6 clicks,1,0.7741935483870968,1,0,0,1,1,0.24731878698224852,0.23633968195266275
m2,img_21_7_18,clicks_frozen,3+6 clicks,2,0.4758317639673572,1,2,0,3,1,0.6841715976331362,0.23633968195266275
m2,img_21_7_18,clicks_frozen,10+20 clicks,0,0.7593177511054959,1,0,0,1,1,0.22102671967455623,0.23633968195266275
m2,img_21_7_18,clicks_frozen,10+20 clicks,1,0.7761377613776138,1,0,0,1,1,0.23345044378698226,0.23633968195266275
m2,img_21_7_18,clicks_frozen,10+20 clicks,2,0.7640782454060462,1,0,0,1,1,0.25107479659763315,0.23633968195266275
m2,img_3_2_11,clicks_frozen,3+6 clicks,0,0.38703848061795765,3,3,3,6,6,1.7635909763313609,6.390416974852071
m2,img_3_2_11,clicks_frozen,3+6 clicks,1,0.9044798531742722,6,3,0,9,6,7.462902181952663,6.390416974852071
m2,img_3_2_11,clicks_frozen,3+6 clicks,2,0.8687627167910086,3,1,3,4,6,5.537513868343195,6.390416974852071
m2,img_3_2_11,clicks_frozen,10+20 clicks,0,0.9027652335292298,4,0,2,4,6,5.285716762204142,6.390416974852071
m2,img_3_2_11,clicks_frozen,10+20 clicks,1,0.9449437938560465,5,1,1,6,6,5.920915772928994,6.390416974852071
m2,img_3_2_11,clicks_frozen,10+20 clicks,2,0.9014789928467823,4,0,2,4,6,5.2623139330621305,6.390416974852071
m2,img_19_8_2,clicks_frozen,3+6 clicks,0,0.9292005032597507,3,0,1,3,4,4.497243666789941,4.343969582100591
m2,img_19_8_2,clicks_frozen,3+6 clicks,1,0.9177921697529859,3,0,1,3,4,4.533792529585798,4.343969582100591
m2,img_19_8_2,clicks_frozen,3+6 clicks,2,0.907870437282202,3,0,1,3,4,4.651817908653847,4.343969582100591
m2,img_19_8_2,clicks_frozen,10+20 clicks,0,0.818111124071698,2,0,2,2,4,3.086862056213018,4.343969582100591
m2,img_19_8_2,clicks_frozen,10+20 clicks,1,0.8735980157934091,2,0,2,2,4,3.5773102348372783,4.343969582100591
m2,img_19_8_2,clicks_frozen,10+20 clicks,2,0.9011118832522585,3,0,1,3,4,3.9712578587278107,4.343969582100591
m2,img_17_14_13,clicks_finetuned_b4,3+6 clicks,0,0.07738492328218813,0,4,2,4,2,1.3888567862426036,0.1269820173816568
m2,img_17_14_13,clicks_finetuned_b4,3+6 clicks,1,0.07945697744060691,0,4,2,4,2,1.3202373798076923,0.1269820173816568
m2,img_17_14_13,clicks_finetuned_b4,3+6 clicks,2,0.07735321528424977,0,4,2,4,2,1.4230942585059172,0.1269820173816568
m2,img_17_14_13,clicks_finetuned_b4,10+20 clicks,0,0.08095091710216211,0,4,2,4,2,1.2828217455621302,0.1269820173816568
m2,img_17_14_13,clicks_finetuned_b4,10+20 clicks,1,0.20120034295513003,0,2,2,2,2,0.378490199704142,0.1269820173816568
m2,img_17_14_13,clicks_finetuned_b4,10+20 clicks,2,0.12485394758804874,0,3,2,3,2,0.738489275147929,0.1269820173816568
m2,img_21_10_0,clicks_finetuned_b4,3+6 clicks,0,0.9253102317958324,1,1,0,2,1,3.086284208579882,3.083683894230769
m2,img_21_10_0,clicks_finetuned_b4,3+6 clicks,1,0.9458487063730321,1,1,0,2,1,3.220200397559172,3.083683894230769
m2,img_21_10_0,clicks_finetuned_b4,3+6 clicks,2,0.8930995751330761,1,1,0,2,1,2.832609097633136,3.083683894230769
m2,img_21_10_0,clicks_finetuned_b4,10+20 clicks,0,0.9095553114862966,1,0,0,1,1,2.5721442769970415,3.083683894230769
m2,img_21_10_0,clicks_finetuned_b4,10+20 clicks,1,0.9129980903882877,1,0,0,1,1,2.5900575536242605,3.083683894230769
m2,img_21_10_0,clicks_finetuned_b4,10+20 clicks,2,0.9166666666666666,1,0,0,1,1,2.6092709874260356,3.083683894230769
m2,img_11_7_8,clicks_finetuned_b4,3+6 clicks,0,0.8426470962974288,3,0,1,3,4,2.870313655695266,2.7988050110946747
m2,img_11_7_8,clicks_finetuned_b4,3+6 clicks,1,0.8466239742871753,1,1,3,2,4,3.1341011002218937,2.7988050110946747
m2,img_11_7_8,clicks_finetuned_b4,3+6 clicks,2,0.8415436158332299,1,1,3,2,4,3.0222875832100593,2.7988050110946747
m2,img_11_7_8,clicks_finetuned_b4,10+20 clicks,0,0.8370266633715023,3,0,1,3,4,2.4620643028846154,2.7988050110946747
m2,img_11_7_8,clicks_finetuned_b4,10+20 clicks,1,0.8414192236502516,3,0,1,3,4,2.7426093287721893,2.7988050110946747
m2,img_11_7_8,clicks_finetuned_b4,10+20 clicks,2,0.7934096055297343,3,0,1,3,4,2.0499144785502956,2.7988050110946747
m2,img_13_11_7,clicks_finetuned_b4,3+6 clicks,0,0.5429691381880417,2,5,3,7,5,9.469622549926035,3.613570173816568
m2,img_13_11_7,clicks_finetuned_b4,3+6 clicks,1,0.8230959714924201,4,1,1,5,5,3.561997272559172,3.613570173816568
m2,img_13_11_7,clicks_finetuned_b4,3+6 clicks,2,0.8220467352008564,4,1,1,5,5,3.5391722910502956,3.613570173816568
m2,img_13_11_7,clicks_finetuned_b4,10+20 clicks,0,0.7197994833312831,4,3,1,7,5,5.781076645710059,3.613570173816568
m2,img_13_11_7,clicks_finetuned_b4,10+20 clicks,1,0.7360101571179178,4,3,1,7,5,5.488974667159764,3.613570173816568
m2,img_13_11_7,clicks_finetuned_b4,10+20 clicks,2,0.7390678210189249,4,2,1,6,5,4.913005038831361,3.613570173816568
m2,img_3_19_7,clicks_finetuned_b4,3+6 clicks,0,0.7944970909303185,3,2,1,5,4,4.378640440088757,3.045401488535503
m2,img_3_19_7,clicks_finetuned_b4,3+6 clicks,1,0.3271161455504694,0,5,4,5,4,15.574293870192307,3.045401488535503
m2,img_3_19_7,clicks_finetuned_b4,3+6 clicks,2,0.855753789295378,3,0,1,3,4,3.5214034763313613,3.045401488535503
m2,img_3_19_7,clicks_finetuned_b4,10+20 clicks,0,0.8538049352620565,3,0,1,3,4,3.236235669378698,3.045401488535503
m2,img_3_19_7,clicks_finetuned_b4,10+20 clicks,1,0.8488194889237362,3,0,1,3,4,3.4954003328402363,3.045401488535503
m2,img_3_19_7,clicks_finetuned_b4,10+20 clicks,2,0.857838880849011,3,0,1,3,4,2.943989228920118,3.045401488535503
m2,img_5_18_12,clicks_finetuned_b4,3+6 clicks,0,0.8408724269213396,6,1,2,7,8,4.403198964497041,4.551705806213017
m2,img_5_18_12,clicks_finetuned_b4,3+6 clicks,1,0.8615883957102943,6,0,2,6,8,4.082926913831361,4.551705806213017
m2,img_5_18_12,clicks_finetuned_b4,3+6 clicks,2,0.8553400728973248,6,0,2,6,8,3.8507766272189348,4.551705806213017
m2,img_5_18_12,clicks_finetuned_b4,10+20 clicks,0,0.8620050937717064,6,0,2,6,8,4.183327940088757,4.551705806213017
m2,img_5_18_12,clicks_finetuned_b4,10+20 clicks,1,0.852873443803785,6,0,2,6,8,3.7914027829142016,4.551705806213017
m2,img_5_18_12,clicks_finetuned_b4,10+20 clicks,2,0.8573475724180286,6,0,2,6,8,3.9163623335798814,4.551705806213017
m2,img_13_3_8,clicks_finetuned_b4,3+6 clicks,0,0.4652000313160573,1,6,3,7,4,4.228688979289941,1.3069468842455623
m2,img_13_3_8,clicks_finetuned_b4,3+6 clicks,1,0.32487698195735376,1,8,3,9,4,6.619678023298817,1.3069468842455623
m2,img_13_3_8,clicks_finetuned_b4,3+6 clicks,2,0.30537881217194646,1,6,3,7,4,7.252565643491124,1.3069468842455623
m2,img_13_3_8,clicks_finetuned_b4,10+20 clicks,0,0.8880972338642079,3,0,1,3,4,1.4505420210798818,1.3069468842455623
m2,img_13_3_8,clicks_finetuned_b4,10+20 clicks,1,0.8718032966431192,3,0,1,3,4,1.331072022928994,1.3069468842455623
m2,img_13_3_8,clicks_finetuned_b4,10+20 clicks,2,0.8824737923405152,3,0,1,3,4,1.435373520710059,1.3069468842455623
m2,img_7_8_5,clicks_finetuned_b4,3+6 clicks,0,0.8681059518318076,6,0,2,6,8,12.035988350591715,10.199444110576923
m2,img_7_8_5,clicks_finetuned_b4,3+6 clicks,1,0.8833026215013157,3,2,5,5,8,8.850892196745562,10.199444110576923
m2,img_7_8_5,clicks_finetuned_b4,3+6 clicks,2,0.8833449725858457,5,0,3,5,8,9.24541766826923,10.199444110576923
m2,img_7_8_5,clicks_finetuned_b4,10+20 clicks,0,0.8988398850127346,6,0,2,6,8,10.957146819526626,10.199444110576923
m2,img_7_8_5,clicks_finetuned_b4,10+20 clicks,1,0.8983172490680417,6,2,2,8,8,10.533006656804734,10.199444110576923
m2,img_7_8_5,clicks_finetuned_b4,10+20 clicks,2,0.8969274904666916,6,2,2,8,8,10.2955112795858,10.199444110576923
m2,img_13_7_8,clicks_finetuned_b4,3+6 clicks,0,0.7591581078516144,8,3,5,11,13,7.805276904585799,5.894623705621302
m2,img_13_7_8,clicks_finetuned_b4,3+6 clicks,1,0.7282317888848352,7,0,6,7,13,3.608658468934911,5.894623705621302
m2,img_13_7_8,clicks_finetuned_b4,3+6 clicks,2,0.8323338164700876,9,0,4,9,13,4.9693451830621305,5.894623705621302
m2,img_13_7_8,clicks_finetuned_b4,10+20 clicks,0,0.7568755729644137,8,4,5,12,13,7.972563794378698,5.894623705621302
m2,img_13_7_8,clicks_finetuned_b4,10+20 clicks,1,0.7565328622769081,9,3,4,12,13,8.335163184171597,5.894623705621302
m2,img_13_7_8,clicks_finetuned_b4,10+20 clicks,2,0.7704074739937855,9,3,4,12,13,8.006512342825443,5.894623705621302
m2,img_9_19_12,clicks_finetuned_b4,3+6 clicks,0,0.8224559816008747,1,0,0,1,1,2.2261580066568047,1.6054051867603552
m2,img_9_19_12,clicks_finetuned_b4,3+6 clicks,1,0.8071900220102715,1,0,0,1,1,2.33262643306213,1.6054051867603552
m2,img_9_19_12,clicks_finetuned_b4,3+6 clicks,2,0.7933807164907747,1,0,0,1,1,2.4190146542159763,1.6054051867603552
m2,img_9_19_12,clicks_finetuned_b4,10+20 clicks,0,0.8680994176031499,1,0,0,1,1,1.9168650610207099,1.6054051867603552
m2,img_9_19_12,clicks_finetuned_b4,10+20 clicks,1,0.845993141235366,1,0,0,1,1,2.0594489644970415,1.6054051867603552
m2,img_9_19_12,clicks_finetuned_b4,10+20 clicks,2,0.8701780415430267,1,0,0,1,1,1.8998185558431955,1.6054051867603552
m2,img_11_18_4,clicks_finetuned_b4,3+6 clicks,0,0.7880658436213992,1,0,1,1,2,0.23215028661242604,0.329517612795858
m2,img_11_18_4,clicks_finetuned_b4,3+6 clicks,1,0.8384506376948512,1,0,1,1,2,0.2821341068786982,0.329517612795858
m2,img_11_18_4,clicks_finetuned_b4,3+6 clicks,2,0.6298932384341637,0,1,2,1,2,0.1576079419378698,0.329517612795858
m2,img_11_18_4,clicks_finetuned_b4,10+20 clicks,0,0.7561235356762513,1,0,1,1,2,0.21308131471893493,0.329517612795858
m2,img_11_18_4,clicks_finetuned_b4,10+20 clicks,1,0.7255813953488373,1,0,1,1,2,0.19849066198224852,0.329517612795858
m2,img_11_18_4,clicks_finetuned_b4,10+20 clicks,2,0.0,0,0,2,0,2,0.0,0.329517612795858
m2,img_7_19_7,clicks_finetuned_b4,3+6 clicks,0,0.9322741623383236,2,0,0,2,2,0.720287074704142,0.6981844027366864
m2,img_7_19_7,clicks_finetuned_b4,3+6 clicks,1,0.9426196269261963,2,0,0,2,2,0.7267878605769231,0.6981844027366864
m2,img_7_19_7,clicks_finetuned_b4,3+6 clicks,2,0.9266036993309721,2,0,0,2,2,0.7701264330621301,0.6981844027366864
m2,img_7_19_7,clicks_finetuned_b4,10+20 clicks,0,0.9120506937616082,2,0,0,2,2,0.6240754437869822,0.6981844027366864
m2,img_7_19_7,clicks_finetuned_b4,10+20 clicks,1,0.921055512974926,2,0,0,2,2,0.6211862056213018,0.6981844027366864
m2,img_7_19_7,clicks_finetuned_b4,10+20 clicks,2,0.8840530431825909,2,0,0,2,2,0.5764030140532544,0.6981844027366864
m2,img_13_0_8,clicks_finetuned_b4,3+6 clicks,0,0.8847449107816034,2,0,1,2,3,1.3173481416420119,1.556721523668639
m2,img_13_0_8,clicks_finetuned_b4,3+6 clicks,1,0.8867547018807523,2,0,1,2,3,1.3313609467455623,1.556721523668639
m2,img_13_0_8,clicks_finetuned_b4,3+6 clicks,2,0.8182757682893663,2,0,1,2,3,1.0992106601331362,1.556721523668639
m2,img_13_0_8,clicks_finetuned_b4,10+20 clicks,0,0.7512860528293163,2,0,1,2,3,0.9426139515532543,1.556721523668639
m2,img_13_0_8,clicks_finetuned_b4,10+20 clicks,1,0.7886646917444525,2,0,1,2,3,1.0278464774408282,1.556721523668639
m2,img_13_0_8,clicks_finetuned_b4,10+20 clicks,2,0.6820040275828401,1,1,2,2,3,0.8105757673816568,1.556721523668639
m2,img_9_12_2,clicks_finetuned_b4,3+6 clicks,0,0.9317837291561395,4,0,0,4,4,1.6124838202662723,1.818197577662722
m2,img_9_12_2,clicks_finetuned_b4,3+6 clicks,1,0.9467146938268538,4,0,0,4,4,1.670990893121302,1.818197577662722
m2,img_9_12_2,clicks_finetuned_b4,3+6 clicks,2,0.9328895816657539,4,0,0,4,4,1.6108947392751478,1.818197577662722
m2,img_9_12_2,clicks_finetuned_b4,10+20 clicks,0,0.7922719209933362,3,0,1,3,4,1.1951333672337277,1.818197577662722
m2,img_9_12_2,clicks_finetuned_b4,10+20 clicks,1,0.8791746342331125,3,1,1,4,4,1.4303173539201182,1.818197577662722
m2,img_9_12_2,clicks_finetuned_b4,10+20 clicks,2,0.8610169491525423,3,1,1,4,4,1.3780221431213018,1.818197577662722
m2,img_3_5_6,clicks_finetuned_b4,3+6 clicks,0,0.9023289302428623,3,0,1,3,4,2.4740546412721893,2.7426093287721893
m2,img_3_5_6,clicks_finetuned_b4,3+6 clicks,1,0.8409921256268863,4,1,0,5,4,3.6233935835798814,2.7426093287721893
m2,img_3_5_6,clicks_finetuned_b4,3+6 clicks,2,0.9033102257857958,3,0,1,3,4,2.4463179548816565,2.7426093287721893
m2,img_3_5_6,clicks_finetuned_b4,10+20 clicks,0,0.8353293413173652,2,0,2,2,4,1.9859178531804733,2.7426093287721893
m2,img_3_5_6,clicks_finetuned_b4,10+20 clicks,1,0.9036749891612048,4,0,0,4,4,2.921886556952663,2.7426093287721893
m2,img_3_5_6,clicks_finetuned_b4,10+20 clicks,2,0.8398639207824555,2,0,2,2,4,2.013365615754438,2.7426093287721893
m2,img_9_19_10,clicks_finetuned_b4,3+6 clicks,0,0.565808222986828,2,2,1,4,3,2.8515336076183435,1.3050688794378698
m2,img_9_19_10,clicks_finetuned_b4,3+6 clicks,1,0.6684295335289013,2,2,1,4,3,2.191342686760355,1.3050688794378698
m2,img_9_19_10,clicks_finetuned_b4,3+6 clicks,2,0.5591727046977583,2,2,1,4,3,2.941677838387574,1.3050688794378698
m2,img_9_19_10,clicks_finetuned_b4,10+20 clicks,0,0.6686113851829608,2,2,1,4,3,2.062482664571006,1.3050688794378698
m2,img_9_19_10,clicks_finetuned_b4,10+20 clicks,1,0.7084111152594805,3,1,0,4,3,1.40344743897929,1.3050688794378698
m2,img_9_19_10,clicks_finetuned_b4,10+20 clicks,2,0.6937755565651976,3,1,0,4,3,1.8745377218934913,1.3050688794378698
m2,img_7_15_12,clicks_finetuned_b4,3+6 clicks,0,0.8333139939661174,4,2,1,6,5,2.5433963572485205,2.4364945451183435
m2,img_7_15_12,clicks_finetuned_b4,3+6 clicks,1,0.8365323282110757,4,2,1,6,5,2.545996671597633,2.4364945451183435
m2,img_7_15_12,clicks_finetuned_b4,3+6 clicks,2,0.838791294097352,4,2,1,6,5,2.588035086908284,2.4364945451183435
m2,img_7_15_12,clicks_finetuned_b4,10+20 clicks,0,0.8402822322001283,4,1,1,5,5,2.0678277551775146,2.4364945451183435
m2,img_7_15_12,clicks_finetuned_b4,10+20 clicks,1,0.8394617682006487,3,2,2,5,5,2.06190481693787,2.4364945451183435
m2,img_7_15_12,clicks_finetuned_b4,10+20 clicks,2,0.8353764199987164,3,2,2,5,5,2.0652274408284024,2.4364945451183435
m2,img_21_7_18,clicks_finetuned_b4,3+6 clicks,0,0.7883333333333333,1,0,0,1,1,0.2837231878698225,0.23633968195266275
m2,img_21_7_18,clicks_finetuned_b4,3+6 clicks,1,0.7912524850894632,1,0,0,1,1,0.2723106971153846,0.23633968195266275
m2,img_21_7_18,clicks_finetuned_b4,3+6 clicks,2,0.7832512315270936,1,0,0,1,1,0.29152413091715973,0.23633968195266275
m2,img_21_7_18,clicks_finetuned_b4,10+20 clicks,0,0.8098782138024357,1,0,0,1,1,0.19068971893491124,0.23633968195266275
m2,img_21_7_18,clicks_finetuned_b4,10+20 clicks,1,0.8198553583168968,1,0,0,1,1,0.20311344304733725,0.23633968195266275
m2,img_21_7_18,clicks_finetuned_b4,10+20 clicks,2,0.8105230191042906,1,0,0,1,1,0.22492719119822485,0.23633968195266275
m2,img_3_2_11,clicks_finetuned_b4,3+6 clicks,0,0.9364553877278893,5,1,1,6,6,6.176902274408284,6.390416974852071
m2,img_3_2_11,clicks_finetuned_b4,3+6 clicks,1,0.7981299927378359,5,1,1,6,6,9.523506841715976,6.390416974852071
m2,img_3_2_11,clicks_finetuned_b4,3+6 clicks,2,0.8815728365756746,5,1,1,6,6,7.607219628328403,6.390416974852071
m2,img_3_2_11,clicks_finetuned_b4,10+20 clicks,0,0.9233271153202277,4,0,2,4,6,5.69064349112426,6.390416974852071
m2,img_3_2_11,clicks_finetuned_b4,10+20 clicks,1,0.929022767543713,5,1,1,6,6,6.572583441198225,6.390416974852071
m2,img_3_2_11,clicks_finetuned_b4,10+20 clicks,2,0.9222389810625105,4,0,2,4,6,5.677641919378698,6.390416974852071
m2,img_19_8_2,clicks_finetuned_b4,3+6 clicks,0,0.9467807324950183,3,0,1,3,4,4.065447022928994,4.343969582100591
m2,img_19_8_2,clicks_finetuned_b4,3+6 clicks,1,0.9580607926125433,3,0,1,3,4,4.291529909393491,4.343969582100591
m2,img_19_8_2,clicks_finetuned_b4,3+6 clicks,2,0.9535854950427815,3,0,1,3,4,4.165414663461538,4.343969582100591
m2,img_19_8_2,clicks_finetuned_b4,10+20 clicks,0,0.913859548958036,3,0,1,3,4,3.752831453402367,4.343969582100591
m2,img_19_8_2,clicks_finetuned_b4,10+20 clicks,1,0.9145526179737222,3,0,1,3,4,3.7593322392751483,4.343969582100591
m2,img_19_8_2,clicks_finetuned_b4,10+20 clicks,2,0.8959226687986046,3,0,1,3,4,3.6066360022189348,4.343969582100591
m3,img_13_10_12,probe_frozen,labels from other batches,0,0.5008022190193893,2,3,7,5,9,1.5058709319526626,3.80642682137574
m3,img_9_5_7,probe_frozen,labels from other batches,0,0.8271331008846498,3,1,2,4,5,2.2895767843934913,2.723684818786982
m3,img_11_3_9,probe_frozen,labels from other batches,0,0.804589855243027,3,2,2,5,5,5.2038068602071,7.0711214866863905
m3,img_1_4_18,probe_frozen,labels from other batches,0,0.7797044105667403,1,0,0,1,1,0.5105283838757396,0.7308327940088758
m3,img_1_13_9,probe_frozen,labels from other batches,0,0.5136702568351285,1,0,1,1,2,0.22434934356508873,0.6474782729289941
m3,img_17_1_10,probe_frozen,labels from other batches,0,0.7740183320131266,1,1,0,2,1,0.6658249352810651,0.6107849482248521
m3,img_3_10_4,probe_frozen,labels from other batches,0,0.42326951399116347,1,0,1,1,2,0.20788068602071008,0.7730156712278107
m3,img_21_11_14,probe_frozen,labels from other batches,0,0.9043564112057263,1,1,0,2,1,1.8205089681952662,1.691215560281065
m3,img_13_5_6,probe_frozen,labels from other batches,0,0.0,0,1,1,1,1,0.1563077847633136,0.4161947577662721
m3,img_11_4_18,probe_frozen,labels from other batches,0,0.7007286298205082,1,1,1,2,2,1.3101250462278107,1.9414235854289938
m3,img_5_9_10,probe_frozen,labels from other batches,0,0.7741965862271925,2,0,5,2,7,2.4154031065088755,3.7206164478550297
m3,img_33_18_11,probe_frozen,labels from other batches,0,0.0,0,0,1,0,1,0.0,0.5407209227071006
m3,img_15_7_4,probe_frozen,labels from other batches,0,0.41217715452205556,0,1,2,1,2,0.33544055103550297,1.2922117696005917
m3,img_23_4_7,probe_frozen,labels from other batches,0,0.9139525197834236,2,0,0,2,2,0.8225661057692308,0.9116991031804734
m3,img_13_9_9,probe_frozen,labels from other batches,0,0.0,0,0,4,0,4,0.0,1.483045950443787
m3,img_21_17_4,probe_frozen,labels from other batches,0,0.0,0,0,1,0,1,0.0,0.004767242973372781
m3,img_15_10_13,probe_frozen,labels from other batches,0,0.8906553522134751,4,1,0,5,4,2.824519230769231,2.8274084689349115
m3,img_25_7_13,probe_frozen,labels from other batches,0,0.8652177066460364,1,1,0,2,1,3.264983589127219,2.710394323224852
m3,img_29_14_1,probe_frozen,labels from other batches,0,0.6183713507657169,1,2,1,3,2,1.5366413184171597,3.3968773113905324
m3,img_33_6_3,probe_frozen,labels from other batches,0,0.6701689161884749,1,1,2,2,3,0.6089069434171598,1.178520247781065
m3,img_13_10_12,finetune_b4,labels from other batches,0,0.6501376103255196,4,2,5,6,9,2.28235368897929,3.80642682137574
m3,img_9_5_7,finetune_b4,labels from other batches,0,0.8696324951644101,3,0,2,3,5,2.130957609097633,2.723684818786982
m3,img_11_3_9,finetune_b4,labels from other batches,0,0.9047217173028651,4,0,1,4,5,6.280625924556213,7.0711214866863905
m3,img_1_4_18,finetune_b4,labels from other batches,0,0.8389718804920914,1,0,0,1,1,0.5843484190088758,0.7308327940088758
m3,img_1_13_9,finetune_b4,labels from other batches,0,0.9194865810968494,2,0,0,2,2,0.5905602810650887,0.6474782729289941
m3,img_17_1_10,finetune_b4,labels from other batches,0,0.6765961007447076,1,2,0,3,1,1.1156793176775148,0.6107849482248521
m3,img_3_10_4,finetune_b4,labels from other batches,0,0.4199424736337488,1,1,1,2,2,0.4323744914940828,0.7730156712278107
m3,img_21_11_14,finetune_b4,labels from other batches,0,0.9307643254076706,1,0,0,1,1,1.4803011741863905,1.691215560281065
m3,img_13_5_6,finetune_b4,labels from other batches,0,0.0,0,4,1,4,1,0.9296123798076924,0.4161947577662721
m3,img_11_4_18,finetune_b4,labels from other batches,0,0.7699875078076203,1,1,1,2,2,1.7591126571745563,1.9414235854289938
m3,img_5_9_10,finetune_b4,labels from other batches,0,0.8799340715070577,2,1,5,3,7,3.1158988997781063,3.7206164478550297
m3,img_33_18_11,finetune_b4,labels from other batches,0,0.8911250873515024,1,0,0,1,1,0.4929040310650888,0.5407209227071006
m3,img_15_7_4,finetune_b4,labels from other batches,0,0.9177117333791445,2,0,0,2,2,1.2305265347633136,1.2922117696005917
m3,img_23_4_7,finetune_b4,labels from other batches,0,0.9391095066185319,2,0,0,2,2,0.8890185835798817,0.9116991031804734
m3,img_13_9_9,finetune_b4,labels from other batches,0,0.0,0,2,4,2,4,0.8791951738165681,1.483045950443787
m3,img_21_17_4,finetune_b4,labels from other batches,0,0.0,0,0,1,0,1,0.0,0.004767242973372781
m3,img_15_10_13,finetune_b4,labels from other batches,0,0.8950285293073794,4,0,0,4,4,2.4640867696005917,2.8274084689349115
m3,img_25_7_13,finetune_b4,labels from other batches,0,0.8778611879362571,1,1,0,2,1,2.7741020247781063,2.710394323224852
m3,img_29_14_1,finetune_b4,labels from other batches,0,0.8991581089832547,2,0,0,2,2,2.8490777551775146,3.3968773113905324
m3,img_33_6_3,finetune_b4,labels from other batches,0,0.899768696993061,3,0,0,3,3,1.0698848927514792,1.178520247781065
m3,img_13_10_12,clicks_frozen,3+6 clicks,0,0.679203445482069,6,4,3,10,9,2.9691256009615383,3.80642682137574
m3,img_13_10_12,clicks_frozen,3+6 clicks,1,0.6869510926118626,6,3,3,9,9,3.1349678716715976,3.80642682137574
m3,img_13_10_12,clicks_frozen,3+6 clicks,2,0.7002541352713005,6,2,3,8,9,2.673845460428994,3.80642682137574
m3,img_13_10_12,clicks_frozen,10+20 clicks,0,0.6765022668637126,4,3,5,7,9,1.9609259430473374,3.80642682137574
m3,img_13_10_12,clicks_frozen,10+20 clicks,1,0.7523734345998763,6,2,3,8,9,2.964936205621302,3.80642682137574
m3,img_13_10_12,clicks_frozen,10+20 clicks,2,0.7151587777112043,5,2,4,7,9,2.221246301775148,3.80642682137574
m3,img_9_5_7,clicks_frozen,3+6 clicks,0,0.8970893970893971,3,0,2,3,5,2.557264700443787,2.723684818786982
m3,img_9_5_7,clicks_frozen,3+6 clicks,1,0.4715458183544733,3,2,2,5,5,7.925324750369822,2.723684818786982
m3,img_9_5_7,clicks_frozen,3+6 clicks,2,0.8850410254912839,3,0,2,3,5,2.2237021542159763,2.723684818786982
m3,img_9_5_7,clicks_frozen,10+20 clicks,0,0.8782023167616935,3,1,2,4,5,2.8758032082100593,2.723684818786982
m3,img_9_5_7,clicks_frozen,10+20 clicks,1,0.7795646338966858,3,3,2,6,5,3.6272940551035506,2.723684818786982
m3,img_9_5_7,clicks_frozen,10+20 clicks,2,0.8880645251946154,3,0,2,3,5,2.416703263683432,2.723684818786982
m3,img_11_3_9,clicks_frozen,3+6 clicks,0,0.8729341207709563,5,0,0,5,5,5.550804363905326,7.0711214866863905
m3,img_11_3_9,clicks_frozen,3+6 clicks,1,0.7762507590974915,3,1,2,4,5,8.391358866494082,7.0711214866863905
m3,img_11_3_9,clicks_frozen,3+6 clicks,2,0.8531664160576284,4,1,1,5,5,5.322410086908284,7.0711214866863905
m3,img_11_3_9,clicks_frozen,10+20 clicks,0,0.8474498303720315,4,1,1,5,5,5.490563748150888,7.0711214866863905
m3,img_11_3_9,clicks_frozen,10+20 clicks,1,0.8150513325486815,4,1,1,5,5,5.325588248890532,7.0711214866863905
m3,img_11_3_9,clicks_frozen,10+20 clicks,2,0.8934221395037589,5,0,0,5,5,6.745070959689349,7.0711214866863905
m3,img_1_4_18,clicks_frozen,3+6 clicks,0,0.8999000999000999,1,0,0,1,1,0.7152309079142012,0.7308327940088758
m3,img_1_4_18,clicks_frozen,3+6 clicks,1,0.7420250694288073,1,1,0,2,1,1.1938332100591718,0.7308327940088758
m3,img_1_4_18,clicks_frozen,3+6 clicks,2,0.8627327892864616,1,0,0,1,1,0.6499341253698225,0.7308327940088758
m3,img_1_4_18,clicks_frozen,10+20 clicks,0,0.8210940210477622,1,0,0,1,1,0.5183293269230769,0.7308327940088758
m3,img_1_4_18,clicks_frozen,10+20 clicks,1,0.755653883972468,1,0,0,1,1,0.44450929178994086,0.7308327940088758
m3,img_1_4_18,clicks_frozen,10+20 clicks,2,0.8049468036737292,1,1,0,2,1,0.8578148113905325,0.7308327940088758
m3,img_1_13_9,clicks_frozen,3+6 clicks,0,0.8151619285639904,2,1,0,3,2,0.7397894323224852,0.6474782729289941
m3,img_1_13_9,clicks_frozen,3+6 clicks,1,0.8324758180695616,2,1,0,3,2,0.7564025517751479,0.6474782729289941
m3,img_1_13_9,clicks_frozen,3+6 clicks,2,0.8043293718166383,2,1,0,3,2,0.713930750739645,0.6474782729289941
m3,img_1_13_9,clicks_frozen,10+20 clicks,0,0.8075491759702286,2,0,0,2,2,0.439453125,0.6474782729289941
m3,img_1_13_9,clicks_frozen,10+20 clicks,1,0.7800762112139358,2,0,0,2,2,0.4140278291420118,0.6474782729289941
m3,img_1_13_9,clicks_frozen,10+20 clicks,2,0.5224987638041866,1,0,1,1,2,0.22897212463017752,0.6474782729289941
m3,img_17_1_10,clicks_frozen,3+6 clicks,0,0.7720302128633555,1,1,0,2,1,0.6515232063609467,0.6107849482248521
m3,img_17_1_10,clicks_frozen,3+6 clicks,1,0.7079756795422032,1,2,0,3,1,1.0048770340236686,0.6107849482248521
m3,img_17_1_10,clicks_frozen,3+6 clicks,2,0.780421172453045,1,1,0,2,1,0.6583129160502958,0.6107849482248521
m3,img_17_1_10,clicks_frozen,10+20 clicks,0,0.8945454545454545,1,0,0,1,1,0.5015717455621301,0.6107849482248521
m3,img_17_1_10,clicks_frozen,10+20 clicks,1,0.7488746742478086,1,1,0,2,1,0.6087624815088758,0.6107849482248521
m3,img_17_1_10,clicks_frozen,10+20 clicks,2,0.7346999850366602,1,0,0,1,1,0.3546539848372781,0.6107849482248521
m3,img_3_10_4,clicks_frozen,3+6 clicks,0,0.6385563074787437,2,2,0,4,2,0.8920522836538461,0.7730156712278107
m3,img_3_10_4,clicks_frozen,3+6 clicks,1,0.6872367518855912,2,1,0,3,2,0.701795950443787,0.7730156712278107
m3,img_3_10_4,clicks_frozen,3+6 clicks,2,0.7224609375,2,1,0,3,2,0.7062742696005917,0.7730156712278107
m3,img_3_10_4,clicks_frozen,10+20 clicks,0,0.6884779516358464,2,1,0,3,2,0.6487784301035503,0.7730156712278107
m3,img_3_10_4,clicks_frozen,10+20 clicks,1,0.6883376675335067,2,1,0,3,2,0.671314487795858,0.7730156712278107
m3,img_3_10_4,clicks_frozen,10+20 clicks,2,0.6997934637346617,1,1,1,2,2,0.4160502958579882,0.7730156712278107
m3,img_21_11_14,clicks_frozen,3+6 clicks,0,0.9484742371185593,1,0,0,1,1,1.7741366956360947,1.691215560281065
m3,img_21_11_14,clicks_frozen,3+6 clicks,1,0.8848299579671379,1,1,0,2,1,2.0893525795118344,1.691215560281065
m3,img_21_11_14,clicks_frozen,3+6 clicks,2,0.7952662721893491,1,0,0,1,1,1.116401627218935,1.691215560281065
m3,img_21_11_14,clicks_frozen,10+20 clicks,0,0.9523892116902264,1,0,0,1,1,1.6403649685650885,1.691215560281065
m3,img_21_11_14,clicks_frozen,10+20 clicks,1,0.8654376542313834,1,0,0,1,1,1.2943786982248522,1.691215560281065
m3,img_21_11_14,clicks_frozen,10+20 clicks,2,0.8482673875645121,1,0,0,1,1,1.2478619637573964,1.691215560281065
m3,img_13_5_6,clicks_frozen,3+6 clicks,0,0.7862675319238015,1,0,0,1,1,0.2738997781065089,0.4161947577662721
m3,img_13_5_6,clicks_frozen,3+6 clicks,1,0.0,0,1,1,1,1,0.14662883690828404,0.4161947577662721
m3,img_13_5_6,clicks_frozen,3+6 clicks,2,0.715939447907391,1,0,0,1,1,0.23272813424556213,0.4161947577662721
m3,img_13_5_6,clicks_frozen,10+20 clicks,0,0.5633504152677151,1,1,0,2,1,0.4013151812130178,0.4161947577662721
m3,img_13_5_6,clicks_frozen,10+20 clicks,1,0.721347816448681,1,0,0,1,1,0.2354729105029586,0.4161947577662721
m3,img_13_5_6,clicks_frozen,10+20 clicks,2,0.8088176352705411,1,0,0,1,1,0.3046701645710059,0.4161947577662721
m3,img_11_4_18,clicks_frozen,3+6 clicks,0,0.8055085448813671,2,2,0,4,2,2.4119360207100593,1.9414235854289938
m3,img_11_4_18,clicks_frozen,3+6 clicks,1,0.7975525239596666,2,2,0,4,2,2.686124722633136,1.9414235854289938
m3,img_11_4_18,clicks_frozen,3+6 clicks,2,0.9033999355462455,1,1,1,2,2,1.6446988258136095,1.9414235854289938
m3,img_11_4_18,clicks_frozen,10+20 clicks,0,0.8385510996119017,1,0,1,1,2,1.4086480676775148,1.9414235854289938
m3,img_11_4_18,clicks_frozen,10+20 clicks,1,0.8466252410542104,1,0,1,1,2,1.4295950443786982,1.9414235854289938
m3,img_11_4_18,clicks_frozen,10+20 clicks,2,0.9115423084616924,1,1,1,2,2,1.6694018121301775,1.9414235854289938
m3,img_5_9_10,clicks_frozen,3+6 clicks,0,0.40155159038013966,2,0,5,2,7,0.9346685465976331,3.7206164478550297
m3,img_5_9_10,clicks_frozen,3+6 clicks,1,0.8127140820798673,2,1,5,3,7,3.0695266272189348,3.7206164478550297
m3,img_5_9_10,clicks_frozen,3+6 clicks,2,0.8671596597112077,3,0,4,3,7,3.2925758136094676,3.7206164478550297
m3,img_5_9_10,clicks_frozen,10+20 clicks,0,0.8622940363559052,2,1,5,3,7,3.0741494082840237,3.7206164478550297
m3,img_5_9_10,clicks_frozen,10+20 clicks,1,0.8571058035231817,2,1,5,3,7,2.9629137389053253,3.7206164478550297
m3,img_5_9_10,clicks_frozen,10+20 clicks,2,0.8578929098325089,2,1,5,3,7,2.9379218287721893,3.7206164478550297
m3,img_33_18_11,clicks_frozen,3+6 clicks,0,0.8924885695623775,1,0,0,1,1,0.5651349852071006,0.5407209227071006
m3,img_33_18_11,clicks_frozen,3+6 clicks,1,0.7686472819216182,1,0,0,1,1,0.3734340329142012,0.5407209227071006
m3,img_33_18_11,clicks_frozen,3+6 clicks,2,0.8771884321099728,1,0,0,1,1,0.5732248520710059,0.5407209227071006
m3,img_33_18_11,clicks_frozen,10+20 clicks,0,0.8812162546177892,1,0,0,1,1,0.476001987795858,0.5407209227071006
m3,img_33_18_11,clicks_frozen,10+20 clicks,1,0.8238662046105169,1,0,0,1,1,0.41807276257396453,0.5407209227071006
m3,img_33_18_11,clicks_frozen,10+20 clicks,2,0.8608224791453242,1,0,0,1,1,0.44638729659763315,0.5407209227071006
m3,img_15_7_4,clicks_frozen,3+6 clicks,0,0.8851241064895593,2,0,0,2,2,1.274442954881657,1.2922117696005917
m3,img_15_7_4,clicks_frozen,3+6 clicks,1,0.8419361121932216,2,0,0,2,2,1.6744579789201182,1.2922117696005917
m3,img_15_7_4,clicks_frozen,3+6 clicks,2,0.8335589990471892,2,1,0,3,2,1.5885031434911243,1.2922117696005917
m3,img_15_7_4,clicks_frozen,10+20 clicks,0,0.886083487167272,2,0,0,2,2,1.1337370562130178,1.2922117696005917
m3,img_15_7_4,clicks_frozen,10+20 clicks,1,0.8347425057647964,2,0,0,2,2,1.3390174278846154,1.2922117696005917
m3,img_15_7_4,clicks_frozen,10+20 clicks,2,0.8865039870495833,2,0,0,2,2,1.117268398668639,1.2922117696005917
m3,img_23_4_7,clicks_frozen,3+6 clicks,0,0.9431818181818182,2,0,0,2,2,0.9189221985946745,0.9116991031804734
m3,img_23_4_7,clicks_frozen,3+6 clicks,1,0.9519369876225687,2,0,0,2,2,0.885695959689349,0.9116991031804734
m3,img_23_4_7,clicks_frozen,3+6 clicks,2,0.9314006404854205,2,0,0,2,2,0.8024859005177515,0.9116991031804734
m3,img_23_4_7,clicks_frozen,10+20 clicks,0,0.9199931763903105,2,0,0,2,2,0.7819723095414202,0.9116991031804734
m3,img_23_4_7,clicks_frozen,10+20 clicks,1,0.8026939859609182,2,0,0,2,2,0.6112183339497042,0.9116991031804734
m3,img_23_4_7,clicks_frozen,10+20 clicks,2,0.8985633434915107,2,0,0,2,2,0.7474459134615385,0.9116991031804734
m3,img_13_9_9,clicks_frozen,3+6 clicks,0,0.24462662736428395,2,19,2,21,4,7.926624907544379,1.483045950443787
m3,img_13_9_9,clicks_frozen,3+6 clicks,1,0.20207572958440348,0,20,4,20,4,8.135083441198224,1.483045950443787
m3,img_13_9_9,clicks_frozen,3+6 clicks,2,0.2863966198218058,2,15,2,17,4,4.807981231508876,1.483045950443787
m3,img_13_9_9,clicks_frozen,10+20 clicks,0,0.3447306791569087,2,13,2,15,4,3.7601990107248517,1.483045950443787
m3,img_13_9_9,clicks_frozen,10+20 clicks,1,0.3971645621077771,3,11,1,14,4,4.2028302977071,1.483045950443787
m3,img_13_9_9,clicks_frozen,10+20 clicks,2,0.4248911198051229,2,8,2,10,4,2.43100499260355,1.483045950443787
m3,img_21_17_4,clicks_frozen,3+6 clicks,0,0.06327900287631831,0,1,1,1,1,0.1459065273668639,0.004767242973372781
m3,img_21_17_4,clicks_frozen,3+6 clicks,1,0.0,0,0,1,0,1,0.0,0.004767242973372781
m3,img_21_17_4,clicks_frozen,3+6 clicks,2,0.049253731343283584,0,1,1,1,1,0.18881171412721895,0.004767242973372781
m3,img_21_17_4,clicks_frozen,10+20 clicks,0,0.0,0,0,1,0,1,0.0,0.004767242973372781
m3,img_21_17_4,clicks_frozen,10+20 clicks,1,0.0,0,0,1,0,1,0.0,0.004767242973372781
m3,img_21_17_4,clicks_frozen,10+20 clicks,2,0.0,0,0,1,0,1,0.0,0.004767242973372781
m3,img_15_10_13,clicks_frozen,3+6 clicks,0,0.8619405029310251,4,1,0,5,4,2.4463179548816565,2.8274084689349115
m3,img_15_10_13,clicks_frozen,3+6 clicks,1,0.8314405794509523,3,1,1,4,4,2.019144092085799,2.8274084689349115
m3,img_15_10_13,clicks_frozen,3+6 clicks,2,0.8712147380541163,4,0,0,4,4,2.191198224852071,2.8274084689349115
m3,img_15_10_13,clicks_frozen,10+20 clicks,0,0.8702065746636319,4,0,0,4,4,2.186719905695266,2.8274084689349115
m3,img_15_10_13,clicks_frozen,10+20 clicks,1,0.8007105448531439,4,0,0,4,4,1.8894172984467457,2.8274084689349115
m3,img_15_10_13,clicks_frozen,10+20 clicks,2,0.8045878835946556,3,1,1,4,4,1.9083418084319528,2.8274084689349115
m3,img_25_7_13,clicks_frozen,3+6 clicks,0,0.8369945778466306,1,0,0,1,1,1.9521137666420119,2.710394323224852
m3,img_25_7_13,clicks_frozen,3+6 clicks,1,0.8806048269845885,1,0,0,1,1,2.257650702662722,2.710394323224852
m3,img_25_7_13,clicks_frozen,3+6 clicks,2,0.9235085571454077,1,0,0,1,1,2.953523714866864,2.710394323224852
m3,img_25_7_13,clicks_frozen,10+20 clicks,0,0.9217617018875377,1,0,0,1,1,2.409769092085799,2.710394323224852
m3,img_25_7_13,clicks_frozen,10+20 clicks,1,0.7935181017297923,1,0,0,1,1,1.7826599482248522,2.710394323224852
m3,img_25_7_13,clicks_frozen,10+20 clicks,2,0.9270622918600208,1,0,0,1,1,2.581823224852071,2.710394323224852
m3,img_29_14_1,clicks_frozen,3+6 clicks,0,0.8862838915470495,2,1,0,3,2,3.8493320081360944,3.3968773113905324
m3,img_29_14_1,clicks_frozen,3+6 clicks,1,0.8435148159540654,2,2,0,4,2,3.6478076460798814,3.3968773113905324
m3,img_29_14_1,clicks_frozen,3+6 clicks,2,0.8511422429067542,2,0,0,2,2,2.718050804363905,3.3968773113905324
m3,img_29_14_1,clicks_frozen,10+20 clicks,0,0.8983027202976052,2,0,0,2,2,2.8164293639053253,3.3968773113905324
m3,img_29_14_1,clicks_frozen,10+20 clicks,1,0.9260737021429212,2,0,0,2,2,3.047857340976331,3.3968773113905324
m3,img_29_14_1,clicks_frozen,10+20 clicks,2,0.9046861673927575,2,0,0,2,2,2.870313655695266,3.3968773113905324
m3,img_33_6_3,clicks_frozen,3+6 clicks,0,0.8884017536867278,3,0,0,3,3,0.9962093195266272,1.178520247781065
m3,img_33_6_3,clicks_frozen,3+6 clicks,1,0.8990393329708175,3,0,0,3,3,1.2124687962278107,1.178520247781065
m3,img_33_6_3,clicks_frozen,3+6 clicks,2,0.8534740056916776,3,0,0,3,3,0.9027424648668638,1.178520247781065
m3,img_33_6_3,clicks_frozen,10+20 clicks,0,0.7655187868827967,2,0,1,2,3,0.7553913184171598,1.178520247781065
m3,img_33_6_3,clicks_frozen,10+20 clicks,1,0.7638475282906492,2,0,1,2,3,0.7618921042899409,1.178520247781065
m3,img_33_6_3,clicks_frozen,10+20 clicks,2,0.8663494221617947,3,0,0,3,3,0.946514423076923,1.178520247781065
m3,img_13_10_12,clicks_finetuned_b4,3+6 clicks,0,0.7864237051629319,6,2,3,8,9,3.233490893121302,3.80642682137574
m3,img_13_10_12,clicks_finetuned_b4,3+6 clicks,1,0.775606503564651,8,2,1,10,9,4.643294656065089,3.80642682137574
m3,img_13_10_12,clicks_finetuned_b4,3+6 clicks,2,0.7840843066936469,7,1,2,8,9,3.404100406804734,3.80642682137574
m3,img_13_10_12,clicks_finetuned_b4,10+20 clicks,0,0.7322590018104199,5,2,4,7,9,2.6569434171597637,3.80642682137574
m3,img_13_10_12,clicks_finetuned_b4,10+20 clicks,1,0.7880621327593228,7,1,2,8,9,3.6430404031065087,3.80642682137574
m3,img_13_10_12,clicks_finetuned_b4,10+20 clicks,2,0.7407440095317948,6,1,3,7,9,2.740875785872781,3.80642682137574
m3,img_9_5_7,clicks_finetuned_b4,3+6 clicks,0,0.6130280820225644,2,4,3,6,5,6.047319942677515,2.723684818786982
m3,img_9_5_7,clicks_finetuned_b4,3+6 clicks,1,0.6652929382936066,3,3,2,6,5,5.058189256656805,2.723684818786982
m3,img_9_5_7,clicks_finetuned_b4,3+6 clicks,2,0.909389495519894,3,0,2,3,5,2.2904435558431953,2.723684818786982
m3,img_9_5_7,clicks_finetuned_b4,10+20 clicks,0,0.7101739630650824,3,3,2,6,5,4.559073363535503,2.723684818786982
m3,img_9_5_7,clicks_finetuned_b4,10+20 clicks,1,0.659226930372171,3,4,2,7,5,5.121030186760355,2.723684818786982
m3,img_9_5_7,clicks_finetuned_b4,10+20 clicks,2,0.7276243206383455,3,2,2,5,5,4.373295349482249,2.723684818786982
m3,img_11_3_9,clicks_finetuned_b4,3+6 clicks,0,0.9503745697509617,5,0,0,5,5,7.198825813609468,7.0711214866863905
m3,img_11_3_9,clicks_finetuned_b4,3+6 clicks,1,0.8940391419230597,4,0,1,4,5,5.831638313609468,7.0711214866863905
m3,img_11_3_9,clicks_finetuned_b4,3+6 clicks,2,0.8952686052242484,4,0,1,4,5,5.825859837278107,7.0711214866863905
m3,img_11_3_9,clicks_finetuned_b4,10+20 clicks,0,0.9436997872735909,5,0,0,5,5,6.918280787721893,7.0711214866863905
m3,img_11_3_9,clicks_finetuned_b4,10+20 clicks,1,0.8302318377850318,4,0,1,4,5,5.054722170857988,7.0711214866863905
m3,img_11_3_9,clicks_finetuned_b4,10+20 clicks,2,0.8547586303349572,4,0,1,4,5,5.323999167899409,7.0711214866863905
m3,img_1_4_18,clicks_finetuned_b4,3+6 clicks,0,0.8567378979502834,1,0,0,1,1,0.5941718287721893,0.7308327940088758
m3,img_1_4_18,clicks_finetuned_b4,3+6 clicks,1,0.9076877411694865,1,0,0,1,1,0.7292437130177515,0.7308327940088758
m3,img_1_4_18,clicks_finetuned_b4,3+6 clicks,2,0.8577036310107949,1,0,0,1,1,0.5940273668639053,0.7308327940088758
m3,img_1_4_18,clicks_finetuned_b4,10+20 clicks,0,0.7858327410566217,1,0,0,1,1,0.4887146357248521,0.7308327940088758
m3,img_1_4_18,clicks_finetuned_b4,10+20 clicks,1,0.7792083929422985,1,0,0,1,1,0.4809136926775148,0.7308327940088758
m3,img_1_4_18,clicks_finetuned_b4,10+20 clicks,2,0.8695745595186936,1,0,0,1,1,0.6138186482988165,0.7308327940088758
m3,img_1_13_9,clicks_finetuned_b4,3+6 clicks,0,0.9009840845583769,2,0,0,2,2,0.5415876941568047,0.6474782729289941
m3,img_1_13_9,clicks_finetuned_b4,3+6 clicks,1,0.920729526761235,2,0,0,2,2,0.5644126756656805,0.6474782729289941
m3,img_1_13_9,clicks_finetuned_b4,3+6 clicks,2,0.93378647603422,2,0,0,2,2,0.5852151904585798,0.6474782729289941
m3,img_1_13_9,clicks_finetuned_b4,10+20 clicks,0,0.840795381654907,2,0,0,2,2,0.47860230214497046,0.6474782729289941
m3,img_1_13_9,clicks_finetuned_b4,10+20 clicks,1,0.8311553887954457,2,0,0,2,2,0.4690678161982248,0.6474782729289941
m3,img_1_13_9,clicks_finetuned_b4,10+20 clicks,2,0.8436140261069874,2,0,0,2,2,0.48134707840236685,0.6474782729289941
m3,img_17_1_10,clicks_finetuned_b4,3+6 clicks,0,0.7337312848615324,1,2,0,3,1,0.8654712925295858,0.6107849482248521
m3,img_17_1_10,clicks_finetuned_b4,3+6 clicks,1,0.7084257206208425,1,2,0,3,1,0.9528707470414202,0.6107849482248521
m3,img_17_1_10,clicks_finetuned_b4,3+6 clicks,2,0.7170390257934606,1,2,0,3,1,0.8958082932692308,0.6107849482248521
m3,img_17_1_10,clicks_finetuned_b4,10+20 clicks,0,0.8876389797253107,1,0,0,1,1,0.49362634060650884,0.6107849482248521
m3,img_17_1_10,clicks_finetuned_b4,10+20 clicks,1,0.8792716717245019,1,0,0,1,1,0.4840918546597633,0.6107849482248521
m3,img_17_1_10,clicks_finetuned_b4,10+20 clicks,2,0.8443717634232761,1,0,0,1,1,0.4492765347633136,0.6107849482248521
m3,img_3_10_4,clicks_finetuned_b4,3+6 clicks,0,0.5922446347978263,1,3,1,4,2,0.7954072670118344,0.7730156712278107
m3,img_3_10_4,clicks_finetuned_b4,3+6 clicks,1,0.6239463271976604,2,2,0,4,2,0.9064984744822485,0.7730156712278107
m3,img_3_10_4,clicks_finetuned_b4,3+6 clicks,2,0.6405617513424204,2,2,0,4,2,0.9756957285502958,0.7730156712278107
m3,img_3_10_4,clicks_finetuned_b4,10+20 clicks,0,0.5780590717299579,1,3,1,4,2,0.7334331083579883,0.7730156712278107
m3,img_3_10_4,clicks_finetuned_b4,10+20 clicks,1,0.6488184030776478,2,2,0,4,2,1.0669956545857988,0.7730156712278107
m3,img_3_10_4,clicks_finetuned_b4,10+20 clicks,2,0.6031803725579282,1,3,1,4,2,0.8167876294378698,0.7730156712278107
m3,img_21_11_14,clicks_finetuned_b4,3+6 clicks,0,0.9448988764044944,1,0,0,1,1,1.5230618990384617,1.691215560281065
m3,img_21_11_14,clicks_finetuned_b4,3+6 clicks,1,0.9243350025267607,1,0,0,1,1,1.453286797337278,1.691215560281065
m3,img_21_11_14,clicks_finetuned_b4,3+6 clicks,2,0.8646106100281253,1,0,0,1,1,1.287877912352071,1.691215560281065
m3,img_21_11_14,clicks_finetuned_b4,10+20 clicks,0,0.9208646356639166,1,0,0,1,1,1.4431744637573964,1.691215560281065
m3,img_21_11_14,clicks_finetuned_b4,10+20 clicks,1,0.7774644945697577,1,0,0,1,1,1.0755189071745563,1.691215560281065
m3,img_21_11_14,clicks_finetuned_b4,10+20 clicks,2,0.8070515106740714,1,0,0,1,1,1.1441383136094674,1.691215560281065
m3,img_13_5_6,clicks_finetuned_b4,3+6 clicks,0,0.7054333183655142,1,0,0,1,1,0.22723858173076925,0.4161947577662721
m3,img_13_5_6,clicks_finetuned_b4,3+6 clicks,1,0.5436696005416385,1,1,0,2,1,0.4372861963757396,0.4161947577662721
m3,img_13_5_6,clicks_finetuned_b4,3+6 clicks,2,0.4701979178583686,1,3,0,4,1,0.8465467825443787,0.4161947577662721
m3,img_13_5_6,clicks_finetuned_b4,10+20 clicks,0,0.49930410577592205,0,2,1,2,1,0.41417229105029585,0.4161947577662721
m3,img_13_5_6,clicks_finetuned_b4,10+20 clicks,1,0.522692761936899,1,1,0,2,1,0.4400309726331361,0.4161947577662721
m3,img_13_5_6,clicks_finetuned_b4,10+20 clicks,2,0.28969155249468825,1,6,0,7,1,1.555565828402367,0.4161947577662721
m3,img_11_4_18,clicks_finetuned_b4,3+6 clicks,0,0.6607637270758518,1,3,1,4,2,3.3284023668639056,1.9414235854289938
m3,img_11_4_18,clicks_finetuned_b4,3+6 clicks,1,0.6132326483034741,1,4,1,5,2,3.759476701183432,1.9414235854289938
m3,img_11_4_18,clicks_finetuned_b4,3+6 clicks,2,0.7056630455743396,1,2,1,3,2,2.553364228920118,1.9414235854289938
m3,img_11_4_18,clicks_finetuned_b4,10+20 clicks,0,0.6452729459388108,1,2,1,3,2,2.9834273298816565,1.9414235854289938
m3,img_11_4_18,clicks_finetuned_b4,10+20 clicks,1,0.7583182458257895,1,1,1,2,2,1.649177144970414,1.9414235854289938
m3,img_11_4_18,clicks_finetuned_b4,10+20 clicks,2,0.6241774449739051,1,2,1,3,2,3.1517254530325447,1.9414235854289938
m3,img_5_9_10,clicks_finetuned_b4,3+6 clicks,0,0.7906774850579318,3,0,4,3,7,4.93236293454142,3.7206164478550297
m3,img_5_9_10,clicks_finetuned_b4,3+6 clicks,1,0.8326315038184284,3,0,4,3,7,4.375606740014793,3.7206164478550297
m3,img_5_9_10,clicks_finetuned_b4,3+6 clicks,2,0.8330250013214229,3,0,4,3,7,4.478608080621302,3.7206164478550297
m3,img_5_9_10,clicks_finetuned_b4,10+20 clicks,0,0.7065578813224157,3,2,4,5,7,6.141653568786983,3.7206164478550297
m3,img_5_9_10,clicks_finetuned_b4,10+20 clicks,1,0.7528656142191698,3,1,4,4,7,5.366182045118343,3.7206164478550297
m3,img_5_9_10,clicks_finetuned_b4,10+20 clicks,2,0.7614116890425275,3,1,4,4,7,5.264191937869823,3.7206164478550297
m3,img_33_18_11,clicks_finetuned_b4,3+6 clicks,0,0.8952515946137491,1,0,0,1,1,0.4784578402366864,0.5407209227071006
m3,img_33_18_11,clicks_finetuned_b4,3+6 clicks,1,0.8846984309774003,1,0,0,1,1,0.4628559541420118,0.5407209227071006
m3,img_33_18_11,clicks_finetuned_b4,3+6 clicks,2,0.8926231842779835,1,0,0,1,1,0.4736905972633136,0.5407209227071006
m3,img_33_18_11,clicks_finetuned_b4,10+20 clicks,0,0.8701681912068456,1,0,0,1,1,0.4384418916420118,0.5407209227071006
m3,img_33_18_11,clicks_finetuned_b4,10+20 clicks,1,0.819446615601063,1,0,0,1,1,0.3834019045857988,0.5407209227071006
m3,img_33_18_11,clicks_finetuned_b4,10+20 clicks,2,0.8378378378378378,1,0,0,1,1,0.4000150240384615,0.5407209227071006
m3,img_15_7_4,clicks_finetuned_b4,3+6 clicks,0,0.902211661487845,2,0,0,2,2,1.0788415310650887,1.2922117696005917
m3,img_15_7_4,clicks_finetuned_b4,3+6 clicks,1,0.9360261498949335,2,0,0,2,2,1.1827096431213018,1.2922117696005917
m3,img_15_7_4,clicks_finetuned_b4,3+6 clicks,2,0.9123081552813722,2,0,0,2,2,1.1080228365384617,1.2922117696005917
m3,img_15_7_4,clicks_finetuned_b4,10+20 clicks,0,0.924455521927482,2,0,0,2,2,1.142115846893491,1.2922117696005917
m3,img_15_7_4,clicks_finetuned_b4,10+20 clicks,1,0.8563772092132967,2,0,0,2,2,0.9719397189349113,1.2922117696005917
m3,img_15_7_4,clicks_finetuned_b4,10+20 clicks,2,0.878109763720465,2,0,0,2,2,1.018889839127219,1.2922117696005917
m3,img_23_4_7,clicks_finetuned_b4,3+6 clicks,0,0.9465521554239973,2,0,0,2,2,0.8208325628698224,0.9116991031804734
m3,img_23_4_7,clicks_finetuned_b4,3+6 clicks,1,0.9484982111656544,2,0,0,2,2,0.824588572485207,0.9116991031804734
m3,img_23_4_7,clicks_finetuned_b4,3+6 clicks,2,0.9407817480288542,2,0,0,2,2,0.8105757673816568,0.9116991031804734
m3,img_23_4_7,clicks_finetuned_b4,10+20 clicks,0,0.9026256303251609,2,0,0,2,2,0.7499017659023668,0.9116991031804734
m3,img_23_4_7,clicks_finetuned_b4,10+20 clicks,1,0.851083196795922,2,0,0,2,2,0.6753594212278107,0.9116991031804734
m3,img_23_4_7,clicks_finetuned_b4,10+20 clicks,2,0.8721293896881422,2,0,0,2,2,0.7049741124260355,0.9116991031804734
m3,img_13_9_9,clicks_finetuned_b4,3+6 clicks,0,0.21895232489699823,2,13,2,15,4,7.352822207840237,1.483045950443787
m3,img_13_9_9,clicks_finetuned_b4,3+6 clicks,1,0.10186901620395612,0,9,4,9,4,25.013001571745562,1.483045950443787
m3,img_13_9_9,clicks_finetuned_b4,3+6 clicks,2,0.20546473474839572,2,13,2,15,4,8.467201368343195,1.483045950443787
m3,img_13_9_9,clicks_finetuned_b4,10+20 clicks,0,0.2280255893436158,2,13,2,15,4,6.759228226701183,1.483045950443787
m3,img_13_9_9,clicks_finetuned_b4,10+20 clicks,1,0.25565714285714286,3,11,1,14,4,8.629287629437869,1.483045950443787
m3,img_13_9_9,clicks_finetuned_b4,10+20 clicks,2,0.25124458005460093,2,8,2,10,4,5.713468472633136,1.483045950443787
m3,img_21_17_4,clicks_finetuned_b4,3+6 clicks,0,0.034375,0,1,1,1,1,0.27259962093195267,0.004767242973372781
m3,img_21_17_4,clicks_finetuned_b4,3+6 clicks,1,0.036646307606885066,0,1,1,1,1,0.25540865384615385,0.004767242973372781
m3,img_21_17_4,clicks_finetuned_b4,3+6 clicks,2,0.0036805710461744368,0,3,1,3,1,2.5857236963757395,0.004767242973372781
m3,img_21_17_4,clicks_finetuned_b4,10+20 clicks,0,0.0,0,0,1,0,1,0.0,0.004767242973372781
m3,img_21_17_4,clicks_finetuned_b4,10+20 clicks,1,0.0,0,0,1,0,1,0.0,0.004767242973372781
m3,img_21_17_4,clicks_finetuned_b4,10+20 clicks,2,0.0,0,0,1,0,1,0.0,0.004767242973372781
m3,img_15_10_13,clicks_finetuned_b4,3+6 clicks,0,0.9300137122576829,4,0,0,4,4,2.545563285872781,2.8274084689349115
m3,img_15_10_13,clicks_finetuned_b4,3+6 clicks,1,0.9310780649151585,4,0,0,4,4,2.5446965144230766,2.8274084689349115
m3,img_15_10_13,clicks_finetuned_b4,3+6 clicks,2,0.9342825266960634,4,0,0,4,4,2.611004530325444,2.8274084689349115
m3,img_15_10_13,clicks_finetuned_b4,10+20 clicks,0,0.9046584197035551,4,0,0,4,4,2.357618343195266,2.8274084689349115
m3,img_15_10_13,clicks_finetuned_b4,10+20 clicks,1,0.8693348689893464,3,0,1,3,4,2.189753605769231,2.8274084689349115
m3,img_15_10_13,clicks_finetuned_b4,10+20 clicks,2,0.8201035894965069,3,0,1,3,4,1.9698825813609468,2.8274084689349115
m3,img_25_7_13,clicks_finetuned_b4,3+6 clicks,0,0.8533924120742177,1,1,0,2,1,2.5061251849112427,2.710394323224852
m3,img_25_7_13,clicks_finetuned_b4,3+6 clicks,1,0.846570650495522,1,1,0,2,1,2.435194387943787,2.710394323224852
m3,img_25_7_13,clicks_finetuned_b4,3+6 clicks,2,0.8865140473308784,1,1,0,2,1,2.899494961168639,2.710394323224852
m3,img_25_7_13,clicks_finetuned_b4,10+20 clicks,0,0.8489949890208884,1,1,0,2,1,2.4211815828402363,2.710394323224852
m3,img_25_7_13,clicks_finetuned_b4,10+20 clicks,1,0.7738183617916358,1,1,0,2,1,1.959770247781065,2.710394323224852
m3,img_25_7_13,clicks_finetuned_b4,10+20 clicks,2,0.8649412788168769,1,1,0,2,1,2.6034925110946747,2.710394323224852
m3,img_29_14_1,clicks_finetuned_b4,3+6 clicks,0,0.880671871303525,2,0,0,2,2,2.709527551775148,3.3968773113905324
m3,img_29_14_1,clicks_finetuned_b4,3+6 clicks,1,0.915945075281592,2,0,0,2,2,2.926075952292899,3.3968773113905324
m3,img_29_14_1,clicks_finetuned_b4,3+6 clicks,2,0.9271606888924001,2,0,0,2,2,3.003218611316568,3.3968773113905324
m3,img_29_14_1,clicks_finetuned_b4,10+20 clicks,0,0.8025157870710862,2,0,0,2,2,2.2994001941568047,3.3968773113905324
m3,img_29_14_1,clicks_finetuned_b4,10+20 clicks,1,0.847384855581577,2,0,0,2,2,2.5249052329881656,3.3968773113905324
m3,img_29_14_1,clicks_finetuned_b4,10+20 clicks,2,0.8801344728805133,2,0,0,2,2,2.7050492326183435,3.3968773113905324
m3,img_33_6_3,clicks_finetuned_b4,3+6 clicks,0,0.8955900994062312,3,0,0,3,3,0.9868192954881656,1.178520247781065
m3,img_33_6_3,clicks_finetuned_b4,3+6 clicks,1,0.9154767975522693,3,0,0,3,3,1.0877981693786982,1.178520247781065
m3,img_33_6_3,clicks_finetuned_b4,3+6 clicks,2,0.8659993096306524,3,0,0,3,3,0.9140104937130177,1.178520247781065
m3,img_33_6_3,clicks_finetuned_b4,10+20 clicks,0,0.8138540685457576,3,0,0,3,3,0.8151985484467457,1.178520247781065
m3,img_33_6_3,clicks_finetuned_b4,10+20 clicks,1,0.8173285198555956,3,0,0,3,3,0.8222771819526628,1.178520247781065
m3,img_33_6_3,clicks_finetuned_b4,10+20 clicks,2,0.8159930590702046,3,0,0,3,3,0.8195324056952663,1.178520247781065
m4,img_19_6_14,probe_frozen,labels from other batches,0,0.8911458100308711,5,1,0,6,5,6.548169378698225,6.367303069526627
m4,img_23_8_3,probe_frozen,labels from other batches,0,0.9635499207606973,1,0,0,1,1,1.7274754992603552,1.7364321375739646
m4,img_9_8_2,probe_frozen,labels from other batches,0,0.8377370993125155,1,2,1,3,2,3.471130732248521,3.5052237426035506
m4,img_3_18_20,probe_frozen,labels from other batches,0,0.8668300894887622,1,0,0,1,1,2.122723280325444,2.768612472263314
m4,img_9_16_9,probe_frozen,labels from other batches,0,0.7413361677627937,2,2,3,4,5,3.0120307877218937,3.5117245284763317
m4,img_3_15_20,probe_frozen,labels from other batches,0,0.90659839788587,2,0,0,2,2,3.2792853180473376,3.717871671597633
m4,img_13_6_8,probe_frozen,labels from other batches,0,0.8554543037393343,4,3,1,7,5,5.991991031804734,5.961076183431953
m4,img_5_20_6,probe_frozen,labels from other batches,0,0.7387295825771325,2,1,1,3,3,0.7543800850591715,1.2355827015532543
m4,img_19_12_16,probe_frozen,labels from other batches,0,0.0,0,2,2,2,2,1.0912652551775148,0.20744730029585798
m4,img_1_12_7,probe_frozen,labels from other batches,0,0.8958426619989416,4,1,1,5,5,12.2486362795858,12.593177930843193
m4,img_7_11_17,probe_frozen,labels from other batches,0,0.8510340370529944,2,0,0,2,2,1.177075628698225,1.5052930843195267
m4,img_1_18_4,probe_frozen,labels from other batches,0,0.7695622483340006,4,3,2,7,6,5.348557692307692,6.921170025887574
m4,img_9_11_9,probe_frozen,labels from other batches,0,0.9113463578853318,5,1,1,6,6,8.694439950073965,9.414293639053255
m4,img_3_5_9,probe_frozen,labels from other batches,0,0.8628796084566935,3,2,4,5,7,9.335272975221894,12.270738951553255
m4,img_13_11_14,probe_frozen,labels from other batches,0,0.8922189054726368,5,1,1,6,6,3.832429964866864,3.4267809264053253
m4,img_11_10_18,probe_frozen,labels from other batches,0,0.8332915014306511,1,1,2,2,3,1.2701090976331362,1.6077165772928992
m4,img_23_9_20,probe_frozen,labels from other batches,0,0.8497396479047855,5,3,2,8,7,6.184703217455621,7.798053809171597
m4,img_15_21_13,probe_frozen,labels from other batches,0,0.8535151961354155,2,0,1,2,3,4.869741044154401,6.3281033046376
m4,img_5_16_15,probe_frozen,labels from other batches,0,0.6588114094391861,3,2,0,5,3,1.134603827662722,1.1090340698964496
m4,img_19_17_14,probe_frozen,labels from other batches,0,0.0,0,1,2,1,2,0.1606416420118343,0.6847494452662721
m4,img_19_6_14,finetune_b4,labels from other batches,0,0.948437082554101,4,0,1,4,5,6.069278152736687,6.367303069526627
m4,img_23_8_3,finetune_b4,labels from other batches,0,0.969097651421508,1,0,0,1,1,1.6527886926775148,1.7364321375739646
m4,img_9_8_2,finetune_b4,labels from other batches,0,0.858061821219716,1,1,1,2,2,3.4116124260355027,3.5052237426035506
m4,img_3_18_20,finetune_b4,labels from other batches,0,0.9276416539050536,1,0,0,1,1,2.514070589866864,2.768612472263314
m4,img_9_16_9,finetune_b4,labels from other batches,0,0.817172107398107,2,0,3,2,5,2.471309865014793,3.5117245284763317
m4,img_3_15_20,finetune_b4,labels from other batches,0,0.9259297800162334,2,0,0,2,2,3.2233785595414197,3.717871671597633
m4,img_13_6_8,finetune_b4,labels from other batches,0,0.8915410218668364,3,1,2,4,5,4.932940782174556,5.961076183431953
m4,img_5_20_6,finetune_b4,labels from other batches,0,0.3569301700124868,1,0,2,1,3,0.26841022559171596,1.2355827015532543
m4,img_19_12_16,finetune_b4,labels from other batches,0,0.47373447946513847,0,1,2,1,2,0.5488107895710059,0.20744730029585798
m4,img_1_12_7,finetune_b4,labels from other batches,0,0.9335726232770514,4,0,1,4,5,11.072282960428995,12.593177930843193
m4,img_7_11_17,finetune_b4,labels from other batches,0,0.9353168155970756,2,0,0,2,2,1.3400286612426036,1.5052930843195267
m4,img_1_18_4,finetune_b4,labels from other batches,0,0.7855939491759051,4,2,2,6,6,5.340901211168639,6.921170025887574
m4,img_9_11_9,finetune_b4,labels from other batches,0,0.9121291931209287,4,0,2,4,6,8.083077154215976,9.414293639053255
m4,img_3_5_9,finetune_b4,labels from other batches,0,0.8406667300612664,4,0,3,4,7,8.997809957470414,12.270738951553255
m4,img_13_11_14,finetune_b4,labels from other batches,0,0.867328,4,1,2,5,6,3.3448710244082838,3.4267809264053253
m4,img_11_10_18,finetune_b4,labels from other batches,0,0.9497836278398846,2,0,1,2,3,1.5970263960798818,1.6077165772928992
m4,img_23_9_20,finetune_b4,labels from other batches,0,0.7990708736677151,4,0,3,4,7,5.2001953125,7.798053809171597
m4,img_15_21_13,finetune_b4,labels from other batches,0,0.8706160650005142,2,0,1,2,3,4.922243821160788,6.3281033046376
m4,img_5_16_15,finetune_b4,labels from other batches,0,0.8286828682868287,3,0,0,3,3,0.8169320913461539,1.1090340698964496
m4,img_19_17_14,finetune_b4,labels from other batches,0,0.7848219497956801,2,0,0,2,2,0.5525667991863905,0.6847494452662721
m4,img_19_6_14,clicks_frozen,3+6 clicks,0,0.8802607273540174,5,1,0,6,5,5.910947901257396,6.367303069526627
m4,img_19_6_14,clicks_frozen,3+6 clicks,1,0.8934916753987658,4,1,1,5,5,6.040530232988166,6.367303069526627
m4,img_19_6_14,clicks_frozen,3+6 clicks,2,0.7561184997537119,3,1,2,4,5,3.8974378235946747,6.367303069526627
m4,img_19_6_14,clicks_frozen,10+20 clicks,0,0.7414003212762422,3,2,2,5,5,4.06458025147929,6.367303069526627
m4,img_19_6_14,clicks_frozen,10+20 clicks,1,0.8678859614721856,5,1,0,6,5,5.788733126849112,6.367303069526627
m4,img_19_6_14,clicks_frozen,10+20 clicks,2,0.897799511002445,5,1,0,6,5,6.631379437869822,6.367303069526627
m4,img_23_8_3,clicks_frozen,3+6 clicks,0,0.9548585784909636,1,0,0,1,1,1.8285988350591715,1.7364321375739646
m4,img_23_8_3,clicks_frozen,3+6 clicks,1,0.8748849707365554,1,1,0,2,1,2.1881645247781063,1.7364321375739646
m4,img_23_8_3,clicks_frozen,3+6 clicks,2,0.9735728944172216,1,0,0,1,1,1.7128848465236688,1.7364321375739646
m4,img_23_8_3,clicks_frozen,10+20 clicks,0,0.9525052192066806,1,0,0,1,1,1.5850360576923077,1.7364321375739646
m4,img_23_8_3,clicks_frozen,10+20 clicks,1,0.9482479548536681,1,0,0,1,1,1.5658226238905326,1.7364321375739646
m4,img_23_8_3,clicks_frozen,10+20 clicks,2,0.9191133492199092,1,0,0,1,1,1.476545164571006,1.7364321375739646
m4,img_9_8_2,clicks_frozen,3+6 clicks,0,0.7588420115261186,1,7,1,8,2,5.092715652736687,3.5052237426035506
m4,img_9_8_2,clicks_frozen,3+6 clicks,1,0.5397676496872207,1,6,1,7,2,9.427006286982248,3.5052237426035506
m4,img_9_8_2,clicks_frozen,3+6 clicks,2,0.8356374266946093,1,3,1,4,2,4.697756795488166,3.5052237426035506
m4,img_9_8_2,clicks_frozen,10+20 clicks,0,0.847910612695944,1,2,1,3,2,3.5540518676035506,3.5052237426035506
m4,img_9_8_2,clicks_frozen,10+20 clicks,1,0.8542640392700285,1,0,1,1,2,2.6455309264053253,3.5052237426035506
m4,img_9_8_2,clicks_frozen,10+20 clicks,2,0.8517551020408163,1,2,1,3,2,3.573409763313609,3.5052237426035506
m4,img_3_18_20,clicks_frozen,3+6 clicks,0,0.9330477793075315,1,0,0,1,1,2.897472494452663,2.768612472263314
m4,img_3_18_20,clicks_frozen,3+6 clicks,1,0.9495151770657673,1,0,0,1,1,2.714005870931953,2.768612472263314
m4,img_3_18_20,clicks_frozen,3+6 clicks,2,0.9132954450012598,1,0,0,1,1,2.3914224297337277,2.768612472263314
m4,img_3_18_20,clicks_frozen,10+20 clicks,0,0.9025553176302641,1,0,0,1,1,2.2911658653846154,2.768612472263314
m4,img_3_18_20,clicks_frozen,10+20 clicks,1,0.867048947741783,1,0,0,1,1,2.118822808801775,2.768612472263314
m4,img_3_18_20,clicks_frozen,10+20 clicks,2,0.8573898527395218,1,0,0,1,1,2.0775067030325447,2.768612472263314
m4,img_9_16_9,clicks_frozen,3+6 clicks,0,0.7576354182442324,5,0,0,5,5,2.211567353920118,3.5117245284763317
m4,img_9_16_9,clicks_frozen,3+6 clicks,1,0.8385571927433779,3,3,2,6,5,3.272784532174556,3.5117245284763317
m4,img_9_16_9,clicks_frozen,3+6 clicks,2,0.8604888204549891,3,0,2,3,5,3.1495585244082838,3.5117245284763317
m4,img_9_16_9,clicks_frozen,10+20 clicks,0,0.8350640401112088,3,0,2,3,5,2.5676659578402363,3.5117245284763317
m4,img_9_16_9,clicks_frozen,10+20 clicks,1,0.8452725433458018,3,0,2,3,5,2.628917806952663,3.5117245284763317
m4,img_9_16_9,clicks_frozen,10+20 clicks,2,0.8341395682164293,3,0,2,3,5,2.9387886002218937,3.5117245284763317
m4,img_3_15_20,clicks_frozen,3+6 clicks,0,0.8927009323860121,2,0,0,2,2,3.0529135077662723,3.717871671597633
m4,img_3_15_20,clicks_frozen,3+6 clicks,1,0.8548577468510525,2,2,0,4,2,4.482508552144971,3.717871671597633
m4,img_3_15_20,clicks_frozen,3+6 clicks,2,0.6190590815480489,1,1,1,2,2,1.6834146172337277,3.717871671597633
m4,img_3_15_20,clicks_frozen,10+20 clicks,0,0.9135336079573998,2,0,0,2,2,3.4712751941568047,3.717871671597633
m4,img_3_15_20,clicks_frozen,10+20 clicks,1,0.8936759567033155,2,0,0,2,2,3.0620146079881656,3.717871671597633
m4,img_3_15_20,clicks_frozen,10+20 clicks,2,0.8025196411138488,2,0,0,2,2,2.497168546597633,3.717871671597633
m4,img_13_6_8,clicks_frozen,3+6 clicks,0,0.8610111538514567,3,1,2,4,5,4.516890486316568,5.961076183431953
m4,img_13_6_8,clicks_frozen,3+6 clicks,1,0.8749385608961536,4,2,1,6,5,6.677173862795859,5.961076183431953
m4,img_13_6_8,clicks_frozen,3+6 clicks,2,0.8995259511365018,4,2,1,6,5,5.923805011094674,5.961076183431953
m4,img_13_6_8,clicks_frozen,10+20 clicks,0,0.8664182505428518,4,1,1,5,5,4.816648946005917,5.961076183431953
m4,img_13_6_8,clicks_frozen,10+20 clicks,1,0.9096351385207748,4,0,1,4,5,4.99448155510355,5.961076183431953
m4,img_13_6_8,clicks_frozen,10+20 clicks,2,0.9049609774406896,4,0,1,4,5,5.200484236316568,5.961076183431953
m4,img_5_20_6,clicks_frozen,3+6 clicks,0,0.8820445609436435,3,0,0,3,3,1.189354890902367,1.2355827015532543
m4,img_5_20_6,clicks_frozen,3+6 clicks,1,0.879095773462394,3,0,0,3,3,1.1672522189349113,1.2355827015532543
m4,img_5_20_6,clicks_frozen,3+6 clicks,2,0.8782319625707954,3,0,0,3,3,1.111056536612426,1.2355827015532543
m4,img_5_20_6,clicks_frozen,10+20 clicks,0,0.7874293785310734,3,0,0,3,3,0.8099979197485208,1.2355827015532543
m4,img_5_20_6,clicks_frozen,10+20 clicks,1,0.811082776207871,3,0,0,3,3,0.8604151257396451,1.2355827015532543
m4,img_5_20_6,clicks_frozen,10+20 clicks,2,0.7580656854926412,2,1,1,3,3,0.756980399408284,1.2355827015532543
m4,img_19_12_16,clicks_frozen,3+6 clicks,0,0.492780798799925,0,1,2,1,2,0.5629680565828402,0.20744730029585798
m4,img_19_12_16,clicks_frozen,3+6 clicks,1,0.4648048342315858,0,1,2,1,2,0.6770929641272189,0.20744730029585798
m4,img_19_12_16,clicks_frozen,3+6 clicks,2,0.5167883211678832,0,1,2,1,2,0.48524754992603547,0.20744730029585798
m4,img_19_12_16,clicks_frozen,10+20 clicks,0,0.5340106007067138,0,1,2,1,2,0.44667622041420113,0.20744730029585798
m4,img_19_12_16,clicks_frozen,10+20 clicks,1,0.5860065673149786,0,1,2,1,2,0.36447739460059175,0.20744730029585798
m4,img_19_12_16,clicks_frozen,10+20 clicks,2,0.6740687679083095,1,0,1,1,2,0.19589034763313606,0.20744730029585798
m4,img_1_12_7,clicks_frozen,3+6 clicks,0,0.8515253979712017,4,3,1,7,5,10.221113396819527,12.593177930843193
m4,img_1_12_7,clicks_frozen,3+6 clicks,1,0.7829475964126142,3,1,2,4,5,9.683859559911243,12.593177930843193
m4,img_1_12_7,clicks_frozen,3+6 clicks,2,0.89577222273468,4,0,1,4,5,10.898495284763314,12.593177930843193
m4,img_1_12_7,clicks_frozen,10+20 clicks,0,0.8278873312430359,4,3,1,7,5,9.706540079511834,12.593177930843193
m4,img_1_12_7,clicks_frozen,10+20 clicks,1,0.8582324056807696,3,2,2,5,5,9.79538415310651,12.593177930843193
m4,img_1_12_7,clicks_frozen,10+20 clicks,2,0.8973108164437885,5,2,0,7,5,13.05256679918639,12.593177930843193
m4,img_7_11_17,clicks_frozen,3+6 clicks,0,0.8036630036630037,2,2,0,4,2,2.0441360022189348,1.5052930843195267
m4,img_7_11_17,clicks_frozen,3+6 clicks,1,0.9127616408530853,2,0,0,2,2,1.4141376201923077,1.5052930843195267
m4,img_7_11_17,clicks_frozen,3+6 clicks,2,0.8722086154732748,2,0,0,2,2,1.5028372318786982,1.5052930843195267
m4,img_7_11_17,clicks_frozen,10+20 clicks,0,0.8578485734449037,2,0,0,2,2,1.360542252218935,1.5052930843195267
m4,img_7_11_17,clicks_frozen,10+20 clicks,1,0.8400912579072902,1,1,1,2,2,1.2807992788461537,1.5052930843195267
m4,img_7_11_17,clicks_frozen,10+20 clicks,2,0.8743508807657061,2,0,0,2,2,1.3322277181952664,1.5052930843195267
m4,img_1_18_4,clicks_frozen,3+6 clicks,0,0.7259339744775292,5,3,1,8,6,5.576518583579881,6.921170025887574
m4,img_1_18_4,clicks_frozen,3+6 clicks,1,0.7721889368817054,6,6,0,12,6,10.704482941937869,6.921170025887574
m4,img_1_18_4,clicks_frozen,3+6 clicks,2,0.8866988889586341,5,4,1,9,6,6.887365939349112,6.921170025887574
m4,img_1_18_4,clicks_frozen,10+20 clicks,0,0.8593054493401573,5,4,1,9,6,7.813077847633136,6.921170025887574
m4,img_1_18_4,clicks_frozen,10+20 clicks,1,0.8613301240594315,5,2,1,7,6,5.922793777736687,6.921170025887574
m4,img_1_18_4,clicks_frozen,10+20 clicks,2,0.8656921525384282,5,2,1,7,6,6.114061344304734,6.921170025887574
m4,img_9_11_9,clicks_frozen,3+6 clicks,0,0.9005260988677964,6,1,0,7,6,8.461567353920119,9.414293639053255
m4,img_9_11_9,clicks_frozen,3+6 clicks,1,0.619573620833907,3,2,3,5,6,4.226233126849112,9.414293639053255
m4,img_9_11_9,clicks_frozen,3+6 clicks,2,0.5994011529404243,3,1,3,4,6,4.143023067677515,9.414293639053255
m4,img_9_11_9,clicks_frozen,10+20 clicks,0,0.8011759841977123,5,3,1,8,6,6.309662768121302,9.414293639053255
m4,img_9_11_9,clicks_frozen,10+20 clicks,1,0.8283400300227418,6,0,0,6,6,6.656949195636094,9.414293639053255
m4,img_9_11_9,clicks_frozen,10+20 clicks,2,0.6212028326815348,4,1,2,5,6,4.253247503698225,9.414293639053255
m4,img_3_5_9,clicks_frozen,3+6 clicks,0,0.8825581026665399,7,2,0,9,7,15.066365800665679,12.270738951553255
m4,img_3_5_9,clicks_frozen,3+6 clicks,1,0.9412832858866669,5,2,2,7,7,12.391509106878699,12.270738951553255
m4,img_3_5_9,clicks_frozen,3+6 clicks,2,0.6668077170216434,4,4,3,8,7,6.164623012204142,12.270738951553255
m4,img_3_5_9,clicks_frozen,10+20 clicks,0,0.9107281556463479,5,0,2,5,7,10.60610438239645,12.270738951553255
m4,img_3_5_9,clicks_frozen,10+20 clicks,1,0.9289812508519524,5,0,2,5,7,11.044546274038462,12.270738951553255
m4,img_3_5_9,clicks_frozen,10+20 clicks,2,0.9142117809022422,5,0,2,5,7,10.39504553439349,12.270738951553255
m4,img_13_11_14,clicks_frozen,3+6 clicks,0,0.8773840750455697,5,1,1,6,6,3.0719824796597637,3.4267809264053253
m4,img_13_11_14,clicks_frozen,3+6 clicks,1,0.8309230581636385,4,1,2,5,6,2.4968796227810652,3.4267809264053253
m4,img_13_11_14,clicks_frozen,3+6 clicks,2,0.7480083857442348,3,1,3,4,6,2.085885493713018,3.4267809264053253
m4,img_13_11_14,clicks_frozen,10+20 clicks,0,0.8906610122614548,5,0,1,5,6,2.8411323502218937,3.4267809264053253
m4,img_13_11_14,clicks_frozen,10+20 clicks,1,0.8576671910005244,4,1,2,5,6,2.6345518213757395,3.4267809264053253
m4,img_13_11_14,clicks_frozen,10+20 clicks,2,0.8487574978577549,3,1,3,4,6,2.6423527644230766,3.4267809264053253
m4,img_11_10_18,clicks_frozen,3+6 clicks,0,0.8343123776194642,2,2,1,4,3,1.8598026072485205,1.6077165772928992
m4,img_11_10_18,clicks_frozen,3+6 clicks,1,0.8744883450385627,2,1,1,3,3,1.7450998520710062,1.6077165772928992
m4,img_11_10_18,clicks_frozen,3+6 clicks,2,0.9005825242718447,2,0,1,2,3,1.3681987333579881,1.6077165772928992
m4,img_11_10_18,clicks_frozen,10+20 clicks,0,0.8516077887330922,1,1,2,2,3,1.3079581176035504,1.6077165772928992
m4,img_11_10_18,clicks_frozen,10+20 clicks,1,0.9000469263256687,2,0,1,2,3,1.470766688239645,1.6077165772928992
m4,img_11_10_18,clicks_frozen,10+20 clicks,2,0.8905973926746573,2,0,1,2,3,1.4174602440828403,1.6077165772928992
m4,img_23_9_20,clicks_frozen,3+6 clicks,0,0.9161367212595786,7,1,0,8,7,7.7172996024408285,7.798053809171597
m4,img_23_9_20,clicks_frozen,3+6 clicks,1,0.7256964050442312,4,5,3,9,7,4.482364090236687,7.798053809171597
m4,img_23_9_20,clicks_frozen,3+6 clicks,2,0.8807305473257446,7,2,0,9,7,7.024893676035503,7.798053809171597
m4,img_23_9_20,clicks_frozen,10+20 clicks,0,0.9058062095488228,7,2,0,9,7,7.603030232988166,7.798053809171597
m4,img_23_9_20,clicks_frozen,10+20 clicks,1,0.8933611674955988,7,2,0,9,7,7.218617095044379,7.798053809171597
m4,img_23_9_20,clicks_frozen,10+20 clicks,2,0.8839622735466651,6,2,1,8,7,6.706933015902367,7.798053809171597
m4,img_15_21_13,clicks_frozen,3+6 clicks,0,0.8875144955546965,3,0,0,3,3,6.393767934832917,6.3281033046376
m4,img_15_21_13,clicks_frozen,3+6 clicks,1,0.697804957310408,2,1,1,3,3,3.463447653429603,6.3281033046376
m4,img_15_21_13,clicks_frozen,3+6 clicks,2,0.8740007870032043,3,0,0,3,3,6.536523419420531,6.3281033046376
m4,img_15_21_13,clicks_frozen,10+20 clicks,0,0.8744362280755362,2,0,1,2,3,5.505270526705544,6.3281033046376
m4,img_15_21_13,clicks_frozen,10+20 clicks,1,0.8931378599625045,3,0,0,3,3,6.092780940479496,6.3281033046376
m4,img_15_21_13,clicks_frozen,10+20 clicks,2,0.8718789282985384,2,0,1,2,3,5.407930667407202,6.3281033046376
m4,img_5_16_15,clicks_frozen,3+6 clicks,0,0.58111778747222,3,6,0,9,3,2.4011013775887573,1.1090340698964496
m4,img_5_16_15,clicks_frozen,3+6 clicks,1,0.5982896612213573,3,4,0,7,3,1.52624006102071,1.1090340698964496
m4,img_5_16_15,clicks_frozen,3+6 clicks,2,0.6322610084417066,3,5,0,8,3,2.056848650147929,1.1090340698964496
m4,img_5_16_15,clicks_frozen,10+20 clicks,0,0.675761230027133,2,1,1,3,3,0.8076865292159764,1.1090340698964496
m4,img_5_16_15,clicks_frozen,10+20 clicks,1,0.6640932373246232,2,1,1,3,3,0.8370122965976331,1.1090340698964496
m4,img_5_16_15,clicks_frozen,10+20 clicks,2,0.7066405967122891,2,1,1,3,3,0.8858404215976331,1.1090340698964496
m4,img_19_17_14,clicks_frozen,3+6 clicks,0,0.6977494692144374,2,1,0,3,2,1.0162895247781065,0.6847494452662721
m4,img_19_17_14,clicks_frozen,3+6 clicks,1,0.7213527612880014,2,1,0,3,2,0.9213780510355031,0.6847494452662721
m4,img_19_17_14,clicks_frozen,3+6 clicks,2,0.7059147685525349,2,1,0,3,2,0.8881518121301776,0.6847494452662721
m4,img_19_17_14,clicks_frozen,10+20 clicks,0,0.7116119549240568,2,1,0,3,2,0.7894843287721893,0.6847494452662721
m4,img_19_17_14,clicks_frozen,10+20 clicks,1,0.6957411957411958,2,1,0,3,2,0.726354474852071,0.6847494452662721
m4,img_19_17_14,clicks_frozen,10+20 clicks,2,0.6258383727322705,2,1,0,3,2,0.6291316105769231,0.6847494452662721
m4,img_19_6_14,clicks_finetuned_b4,3+6 clicks,0,0.867982765049509,4,2,1,6,5,7.58020525147929,6.367303069526627
m4,img_19_6_14,clicks_finetuned_b4,3+6 clicks,1,0.9230731831828182,4,0,1,4,5,5.518011510724852,6.367303069526627
m4,img_19_6_14,clicks_finetuned_b4,3+6 clicks,2,0.8902200611559477,4,0,1,4,5,5.160179363905326,6.367303069526627
m4,img_19_6_14,clicks_finetuned_b4,10+20 clicks,0,0.8743700766863165,4,1,1,5,5,7.478648529955621,6.367303069526627
m4,img_19_6_14,clicks_finetuned_b4,10+20 clicks,1,0.8375024352230664,4,3,1,7,5,8.463156434911243,6.367303069526627
m4,img_19_6_14,clicks_finetuned_b4,10+20 clicks,2,0.8344934030370924,4,2,1,6,5,8.14028406989645,6.367303069526627
m4,img_23_8_3,clicks_finetuned_b4,3+6 clicks,0,0.940268900154287,1,0,0,1,1,1.5406862518491125,1.7364321375739646
m4,img_23_8_3,clicks_finetuned_b4,3+6 clicks,1,0.9762780667258658,1,0,0,1,1,1.6799475314349115,1.7364321375739646
m4,img_23_8_3,clicks_finetuned_b4,3+6 clicks,2,0.9425995161645041,1,0,0,1,1,1.5479093472633136,1.7364321375739646
m4,img_23_8_3,clicks_finetuned_b4,10+20 clicks,0,0.8952713570148431,1,0,0,1,1,1.4072034485946745,1.7364321375739646
m4,img_23_8_3,clicks_finetuned_b4,10+20 clicks,1,0.8767404915428465,1,0,0,1,1,1.35534162352071,1.7364321375739646
m4,img_23_8_3,clicks_finetuned_b4,10+20 clicks,2,0.8789927722079739,1,0,0,1,1,1.361553485576923,1.7364321375739646
m4,img_9_8_2,clicks_finetuned_b4,3+6 clicks,0,0.7463717814190007,1,3,1,4,2,5.443469166050296,3.5052237426035506
m4,img_9_8_2,clicks_finetuned_b4,3+6 clicks,1,0.8543546075373072,1,1,1,2,2,3.3486270340236683,3.5052237426035506
m4,img_9_8_2,clicks_finetuned_b4,3+6 clicks,2,0.7610147741107565,1,2,1,3,2,5.275459966715976,3.5052237426035506
m4,img_9_8_2,clicks_finetuned_b4,10+20 clicks,0,0.8909267581683469,1,1,1,2,2,3.630905602810651,3.5052237426035506
m4,img_9_8_2,clicks_finetuned_b4,10+20 clicks,1,0.8179413757677764,1,1,1,2,2,3.1037640994822486,3.5052237426035506
m4,img_9_8_2,clicks_finetuned_b4,10+20 clicks,2,0.8591714981934291,1,1,1,2,2,3.3717409393491127,3.5052237426035506
m4,img_3_18_20,clicks_finetuned_b4,3+6 clicks,0,0.946925823086077,1,0,0,1,1,2.6942145894970415,2.768612472263314
m4,img_3_18_20,clicks_finetuned_b4,3+6 clicks,1,0.9156815069450267,1,0,0,1,1,2.400379068047337,2.768612472263314
m4,img_3_18_20,clicks_finetuned_b4,3+6 clicks,2,0.9168640784816476,1,0,0,1,1,2.4148252588757395,2.768612472263314
m4,img_3_18_20,clicks_finetuned_b4,10+20 clicks,0,0.8889466239427268,1,0,0,1,1,2.23569249260355,2.768612472263314
m4,img_3_18_20,clicks_finetuned_b4,10+20 clicks,1,0.8848572670627445,1,0,0,1,1,2.2160456730769234,2.768612472263314
m4,img_3_18_20,clicks_finetuned_b4,10+20 clicks,2,0.8651575676875277,1,0,0,1,1,2.113477718195266,2.768612472263314
m4,img_9_16_9,clicks_finetuned_b4,3+6 clicks,0,0.863985577021573,3,0,2,3,5,3.5396056767751483,3.5117245284763317
m4,img_9_16_9,clicks_finetuned_b4,3+6 clicks,1,0.8480245463843328,4,1,1,5,5,4.11557530510355,3.5117245284763317
m4,img_9_16_9,clicks_finetuned_b4,3+6 clicks,2,0.8958759035879859,3,0,2,3,5,3.063170303254438,3.5117245284763317
m4,img_9_16_9,clicks_finetuned_b4,10+20 clicks,0,0.8321050765872497,4,1,1,5,5,4.231289293639053,3.5117245284763317
m4,img_9_16_9,clicks_finetuned_b4,10+20 clicks,1,0.7947180585296217,4,1,1,5,5,4.583920811760355,3.5117245284763317
m4,img_9_16_9,clicks_finetuned_b4,10+20 clicks,2,0.7904428821241212,4,1,1,5,5,4.584209735576923,3.5117245284763317
m4,img_3_15_20,clicks_finetuned_b4,3+6 clicks,0,0.8541406945681211,2,0,0,2,2,2.77135724852071,3.717871671597633
m4,img_3_15_20,clicks_finetuned_b4,3+6 clicks,1,0.9092180546726001,2,0,0,2,2,3.099285780325444,3.717871671597633
m4,img_3_15_20,clicks_finetuned_b4,3+6 clicks,2,0.8630500088354833,2,0,0,2,2,2.822207840236686,3.717871671597633
m4,img_3_15_20,clicks_finetuned_b4,10+20 clicks,0,0.8890615557282224,2,0,0,2,2,2.9753374630177514,3.717871671597633
m4,img_3_15_20,clicks_finetuned_b4,10+20 clicks,1,0.808104665971981,2,0,0,2,2,2.520715837647929,3.717871671597633
m4,img_3_15_20,clicks_finetuned_b4,10+20 clicks,2,0.7863525972035557,2,0,0,2,2,2.408902320636095,3.717871671597633
m4,img_13_6_8,clicks_finetuned_b4,3+6 clicks,0,0.9337771548703574,5,0,0,5,5,6.407752403846153,5.961076183431953
m4,img_13_6_8,clicks_finetuned_b4,3+6 clicks,1,0.8951904165921688,4,0,1,4,5,6.158555612056213,5.961076183431953
m4,img_13_6_8,clicks_finetuned_b4,3+6 clicks,2,0.9278105657118181,4,1,1,5,5,6.081846338757396,5.961076183431953
m4,img_13_6_8,clicks_finetuned_b4,10+20 clicks,0,0.925816923290682,4,0,1,4,5,5.475828633505917,5.961076183431953
m4,img_13_6_8,clicks_finetuned_b4,10+20 clicks,1,0.9249786572173689,5,0,0,5,5,6.391717132026627,5.961076183431953
m4,img_13_6_8,clicks_finetuned_b4,10+20 clicks,2,0.9208469876480968,4,0,1,4,5,5.500531619822485,5.961076183431953
m4,img_5_20_6,clicks_finetuned_b4,3+6 clicks,0,0.878583775406807,3,0,0,3,3,1.1880547337278107,1.2355827015532543
m4,img_5_20_6,clicks_finetuned_b4,3+6 clicks,1,0.8731100255873459,3,0,0,3,3,1.2485842732988166,1.2355827015532543
m4,img_5_20_6,clicks_finetuned_b4,3+6 clicks,2,0.8848176821700845,3,0,0,3,3,1.20885724852071,1.2355827015532543
m4,img_5_20_6,clicks_finetuned_b4,10+20 clicks,0,0.7920075097224085,2,1,1,3,3,0.9189221985946745,1.2355827015532543
m4,img_5_20_6,clicks_finetuned_b4,10+20 clicks,1,0.8251618871415356,3,0,0,3,3,0.9507038184171597,1.2355827015532543
m4,img_5_20_6,clicks_finetuned_b4,10+20 clicks,2,0.8086933544721892,2,1,1,3,3,0.9512816660502958,1.2355827015532543
m4,img_19_12_16,clicks_finetuned_b4,3+6 clicks,0,0.5030789326366859,0,1,2,1,2,0.5667240661982248,0.20744730029585798
m4,img_19_12_16,clicks_finetuned_b4,3+6 clicks,1,0.5035434539350988,0,1,2,1,2,0.5671574519230769,0.20744730029585798
m4,img_19_12_16,clicks_finetuned_b4,3+6 clicks,2,0.5124607716448218,0,1,2,1,2,0.5751028568786982,0.20744730029585798
m4,img_19_12_16,clicks_finetuned_b4,10+20 clicks,0,0.44514851485148516,0,1,2,1,2,0.5220853365384615,0.20744730029585798
m4,img_19_12_16,clicks_finetuned_b4,10+20 clicks,1,0.4415326583283701,0,1,2,1,2,0.5202073317307692,0.20744730029585798
m4,img_19_12_16,clicks_finetuned_b4,10+20 clicks,2,0.42711726384364823,0,1,2,1,2,0.5021495931952663,0.20744730029585798
m4,img_1_12_7,clicks_finetuned_b4,3+6 clicks,0,0.8719678925184935,5,0,0,5,5,16.094501201923077,12.593177930843193
m4,img_1_12_7,clicks_finetuned_b4,3+6 clicks,1,0.9239443910374917,4,0,1,4,5,10.84952269785503,12.593177930843193
m4,img_1_12_7,clicks_finetuned_b4,3+6 clicks,2,0.9498285583892295,4,0,1,4,5,11.463919193786982,12.593177930843193
m4,img_1_12_7,clicks_finetuned_b4,10+20 clicks,0,0.930013170388067,4,0,1,4,5,10.989506286982248,12.593177930843193
m4,img_1_12_7,clicks_finetuned_b4,10+20 clicks,1,0.9240911079211154,4,0,1,4,5,10.854867788461538,12.593177930843193
m4,img_1_12_7,clicks_finetuned_b4,10+20 clicks,2,0.9388436778816956,4,0,1,4,5,11.193919887204142,12.593177930843193
m4,img_7_11_17,clicks_finetuned_b4,3+6 clicks,0,0.9438576987215119,2,0,0,2,2,1.3534636187130178,1.5052930843195267
m4,img_7_11_17,clicks_finetuned_b4,3+6 clicks,1,0.9195235629207664,2,0,0,2,2,1.2842663646449703,1.5052930843195267
m4,img_7_11_17,clicks_finetuned_b4,3+6 clicks,2,0.9124087591240876,2,0,0,2,2,1.2654863165680474,1.5052930843195267
m4,img_7_11_17,clicks_finetuned_b4,10+20 clicks,0,0.8572055275279666,2,0,0,2,2,1.129114275147929,1.5052930843195267
m4,img_7_11_17,clicks_finetuned_b4,10+20 clicks,1,0.7629110768134869,2,0,0,2,2,0.9283122226331362,1.5052930843195267
m4,img_7_11_17,clicks_finetuned_b4,10+20 clicks,2,0.8349080337675406,2,0,0,2,2,1.0786970691568047,1.5052930843195267
m4,img_1_18_4,clicks_finetuned_b4,3+6 clicks,0,0.8144419729872274,4,2,2,6,6,5.678508690828402,6.921170025887574
m4,img_1_18_4,clicks_finetuned_b4,3+6 clicks,1,0.8001419350478186,6,2,0,8,6,10.177919286242604,6.921170025887574
m4,img_1_18_4,clicks_finetuned_b4,3+6 clicks,2,0.7940199335548173,4,2,2,6,6,7.776095599112426,6.921170025887574
m4,img_1_18_4,clicks_finetuned_b4,10+20 clicks,0,0.7888479105535665,5,2,1,7,6,9.177809495192307,6.921170025887574
m4,img_1_18_4,clicks_finetuned_b4,10+20 clicks,1,0.8078253451944619,5,2,1,7,6,8.489881887943787,6.921170025887574
m4,img_1_18_4,clicks_finetuned_b4,10+20 clicks,2,0.8263954402515723,4,3,2,7,6,7.779273761094675,6.921170025887574
m4,img_9_11_9,clicks_finetuned_b4,3+6 clicks,0,0.7536747703817313,5,2,1,7,6,15.263700767381657,9.414293639053255
m4,img_9_11_9,clicks_finetuned_b4,3+6 clicks,1,0.8623877759391614,5,1,1,6,6,11.101464265902367,9.414293639053255
m4,img_9_11_9,clicks_finetuned_b4,3+6 clicks,2,0.8367730600693186,5,1,1,6,6,11.717738766642013,9.414293639053255
m4,img_9_11_9,clicks_finetuned_b4,10+20 clicks,0,0.8212095480705727,5,1,1,6,6,12.021831083579881,9.414293639053255
m4,img_9_11_9,clicks_finetuned_b4,10+20 clicks,1,0.8401734879844031,4,1,2,5,6,11.03660086908284,9.414293639053255
m4,img_9_11_9,clicks_finetuned_b4,10+20 clicks,2,0.8409463446617856,5,1,1,6,6,11.737241124260354,9.414293639053255
m4,img_3_5_9,clicks_finetuned_b4,3+6 clicks,0,0.8362146912195579,6,3,1,9,7,16.96734005177515,12.270738951553255
m4,img_3_5_9,clicks_finetuned_b4,3+6 clicks,1,0.8705925293741915,5,1,2,6,7,14.642947947485208,12.270738951553255
m4,img_3_5_9,clicks_finetuned_b4,3+6 clicks,2,0.9098690665493792,5,1,2,6,7,13.34842478735207,12.270738951553255
m4,img_3_5_9,clicks_finetuned_b4,10+20 clicks,0,0.8770544416935019,5,1,2,6,7,14.511198687130179,12.270738951553255
m4,img_3_5_9,clicks_finetuned_b4,10+20 clicks,1,0.8740218794073283,4,2,3,6,7,14.258679271449704,12.270738951553255
m4,img_3_5_9,clicks_finetuned_b4,10+20 clicks,2,0.8864111036212746,4,2,3,6,7,13.874843981139055,12.270738951553255
m4,img_13_11_14,clicks_finetuned_b4,3+6 clicks,0,0.9086215177713737,5,1,1,6,6,3.7916917067307696,3.4267809264053253
m4,img_13_11_14,clicks_finetuned_b4,3+6 clicks,1,0.7675163127153645,3,1,3,4,6,2.484455898668639,3.4267809264053253
m4,img_13_11_14,clicks_finetuned_b4,3+6 clicks,2,0.8981097279852467,5,1,1,6,6,3.7799902921597637,3.4267809264053253
m4,img_13_11_14,clicks_finetuned_b4,10+20 clicks,0,0.8789033711650629,4,1,2,5,6,3.4338595599112427,3.4267809264053253
m4,img_13_11_14,clicks_finetuned_b4,10+20 clicks,1,0.8731827236892299,4,1,2,5,6,3.3897986778846154,3.4267809264053253
m4,img_13_11_14,clicks_finetuned_b4,10+20 clicks,2,0.8739251957583904,4,1,2,5,6,3.3440042529585803,3.4267809264053253
m4,img_11_10_18,clicks_finetuned_b4,3+6 clicks,0,0.9397441970630033,2,0,1,2,3,1.4418743065828403,1.6077165772928992
m4,img_11_10_18,clicks_finetuned_b4,3+6 clicks,1,0.95935394637041,2,0,1,2,3,1.6301081730769231,1.6077165772928992
m4,img_11_10_18,clicks_finetuned_b4,3+6 clicks,2,0.9448441247002398,2,0,1,2,3,1.464554826183432,1.6077165772928992
m4,img_11_10_18,clicks_finetuned_b4,10+20 clicks,0,0.9091531725453745,2,0,1,2,3,1.3452292899408282,1.6077165772928992
m4,img_11_10_18,clicks_finetuned_b4,10+20 clicks,1,0.9000838801993388,2,0,1,2,3,1.3200929178994083,1.6077165772928992
m4,img_11_10_18,clicks_finetuned_b4,10+20 clicks,2,0.8585931091058244,2,0,1,2,3,1.2098684818786982,1.6077165772928992
m4,img_23_9_20,clicks_finetuned_b4,3+6 clicks,0,0.8402537298941714,4,2,3,6,7,10.056860207100591,7.798053809171597
m4,img_23_9_20,clicks_finetuned_b4,3+6 clicks,1,0.8347255322051307,4,1,3,5,7,10.205222586908285,7.798053809171597
m4,img_23_9_20,clicks_finetuned_b4,3+6 clicks,2,0.9396853392875572,7,0,0,7,7,7.600285456730769,7.798053809171597
m4,img_23_9_20,clicks_finetuned_b4,10+20 clicks,0,0.8834655736472004,5,1,2,6,7,7.5686482988165675,7.798053809171597
m4,img_23_9_20,clicks_finetuned_b4,10+20 clicks,1,0.8644361066588955,4,1,3,5,7,8.065019415680473,7.798053809171597
m4,img_23_9_20,clicks_finetuned_b4,10+20 clicks,2,0.8592390810859892,3,2,4,5,7,8.111536150147929,7.798053809171597
m4,img_15_21_13,clicks_finetuned_b4,3+6 clicks,0,0.8670955137331519,3,0,0,3,3,7.589760946033509,6.3281033046376
m4,img_15_21_13,clicks_finetuned_b4,3+6 clicks,1,0.9072422443995004,3,1,0,4,3,6.758973201888365,6.3281033046376
m4,img_15_21_13,clicks_finetuned_b4,3+6 clicks,2,0.9040936977133296,3,1,0,4,3,6.638491622697399,6.3281033046376
m4,img_15_21_13,clicks_finetuned_b4,10+20 clicks,0,0.8993846499494489,2,0,1,2,3,5.25967902434509,6.3281033046376
m4,img_15_21_13,clicks_finetuned_b4,10+20 clicks,1,0.877621472339691,3,0,0,3,3,7.079052115153198,6.3281033046376
m4,img_15_21_13,clicks_finetuned_b4,10+20 clicks,2,0.8797099043654797,2,0,1,2,3,4.999623947051745,6.3281033046376
m4,img_5_16_15,clicks_finetuned_b4,3+6 clicks,0,0.929726162982514,3,0,0,3,3,1.080286150147929,1.1090340698964496
m4,img_5_16_15,clicks_finetuned_b4,3+6 clicks,1,0.8228501975083561,2,1,1,3,3,0.7926624907544378,1.1090340698964496
m4,img_5_16_15,clicks_finetuned_b4,3+6 clicks,2,0.9290168502056522,3,0,0,3,3,1.068584735576923,1.1090340698964496
m4,img_5_16_15,clicks_finetuned_b4,10+20 clicks,0,0.8937624608373683,3,0,0,3,3,0.9197889700443787,1.1090340698964496
m4,img_5_16_15,clicks_finetuned_b4,10+20 clicks,1,0.8845159436943407,3,0,0,3,3,0.9024535410502958,1.1090340698964496
m4,img_5_16_15,clicks_finetuned_b4,10+20 clicks,2,0.8578796139394386,3,0,0,3,3,0.8517474112426036,1.1090340698964496
m4,img_19_17_14,clicks_finetuned_b4,3+6 clicks,0,0.7603698811096433,2,1,0,3,2,0.9556155232988165,0.6847494452662721
m4,img_19_17_14,clicks_finetuned_b4,3+6 clicks,1,0.7618290960451978,2,1,0,3,2,0.9517150517751479,0.6847494452662721
m4,img_19_17_14,clicks_finetuned_b4,3+6 clicks,2,0.7544068132303426,2,1,0,3,2,0.7740269045857988,0.6847494452662721
m4,img_19_17_14,clicks_finetuned_b4,10+20 clicks,0,0.816506317375681,2,0,0,2,2,0.5615234375,0.6847494452662721
m4,img_19_17_14,clicks_finetuned_b4,10+20 clicks,1,0.806787595084845,2,0,0,2,2,0.5496775610207101,0.6847494452662721
m4,img_19_17_14,clicks_finetuned_b4,10+20 clicks,2,0.7554622886063449,2,0,0,2,2,0.4855364737426035,0.6847494452662721
m5,img_7_8_10,probe_frozen,labels from other batches,0,0.6533395734438724,5,2,5,7,10,2.1558050573224854,4.326345229289941
m5,img_1_2_9,probe_frozen,labels from other batches,0,0.7192333732618093,3,0,4,3,7,2.0184217825443787,3.529204419378698
m5,img_3_13_14,probe_frozen,labels from other batches,0,0.1011603484488517,0,1,9,1,9,0.21221454326923075,3.9833926590236683
m5,img_1_5_17,probe_frozen,labels from other batches,0,0.4813328875515435,1,2,4,3,5,0.9521484375,1.6403649685650885
m5,img_7_7_2,probe_frozen,labels from other batches,0,0.0,0,0,2,0,2,0.0,0.7952628051035504
m5,img_9_11_2,probe_frozen,labels from other batches,0,0.0,0,0,7,0,7,0.0,2.3109571468195265
m5,img_3_14_11,probe_frozen,labels from other batches,0,0.04763447211478002,0,1,14,1,14,0.19184541420118342,7.389948918269231
m5,img_3_8_13,probe_frozen,labels from other batches,0,0.5221887607250412,1,1,4,2,5,0.6661138590976332,1.8762712647928992
m5,img_3_5_7,probe_frozen,labels from other batches,0,0.641891474782394,1,1,1,2,2,0.8806397928994083,1.459498659393491
m5,img_9_15_5,probe_frozen,labels from other batches,0,0.1552926035820255,0,2,11,2,11,0.43266341531065083,3.608369545118343
m5,img_3_12_16,probe_frozen,labels from other batches,0,0.14819875210638978,0,1,7,1,7,0.23503952477810652,2.936910595414201
m5,img_1_3_14,probe_frozen,labels from other batches,0,0.5502516924145113,2,1,6,3,8,0.9381356323964496,2.3908445821005917
m5,img_7_10_12,probe_frozen,labels from other batches,0,0.624112317361848,3,0,3,3,6,1.1304144323224852,2.409191244452663
m5,img_5_19_10,probe_frozen,labels from other batches,0,0.35906306306306307,0,2,5,2,5,0.35985461353550297,1.6445543639053255
m5,img_7_9_8,probe_frozen,labels from other batches,0,0.5912170639899623,6,0,6,6,12,1.7393213757396448,4.017485669378698
m5,img_1_19_3,probe_frozen,labels from other batches,0,0.0,0,0,1,0,1,0.0,0.003471257983893363
m5,img_1_12_0,probe_frozen,labels from other batches,0,0.0,0,0,1,0,1,0.0,0.2528083394970414
m5,img_3_5_13,probe_frozen,labels from other batches,0,0.5189611464638626,2,2,6,4,8,1.4898356601331362,4.094772790310651
m5,img_5_8_10,probe_frozen,labels from other batches,0,0.5653643503330351,2,3,9,5,11,1.6652124167899407,4.147356924926036
m5,img_1_5_11,probe_frozen,labels from other batches,0,0.7396426263005359,4,2,2,6,6,2.9457227718195265,3.9828148113905324
m5,img_7_8_10,finetune_b4,labels from other batches,0,0.7117534537725824,5,0,5,5,10,2.4705875554733727,4.326345229289941
m5,img_1_2_9,finetune_b4,labels from other batches,0,0.8224712817764522,1,1,6,2,7,2.6706672984467454,3.529204419378698
m5,img_3_13_14,finetune_b4,labels from other batches,0,0.0,0,0,9,0,9,0.0,3.9833926590236683
m5,img_1_5_17,finetune_b4,labels from other batches,0,0.0,0,0,5,0,5,0.0,1.6403649685650885
m5,img_7_7_2,finetune_b4,labels from other batches,0,0.0,0,0,2,0,2,0.0,0.7952628051035504
m5,img_9_11_2,finetune_b4,labels from other batches,0,0.0,0,0,7,0,7,0.0,2.3109571468195265
m5,img_3_14_11,finetune_b4,labels from other batches,0,0.0,0,0,14,0,14,0.0,7.389948918269231
m5,img_3_8_13,finetune_b4,labels from other batches,0,0.26502805236441357,1,0,4,1,5,0.28661242603550297,1.8762712647928992
m5,img_3_5_7,finetune_b4,labels from other batches,0,0.6065495965828192,1,0,1,1,2,0.6711700258875739,1.459498659393491
m5,img_9_15_5,finetune_b4,labels from other batches,0,0.0,0,0,11,0,11,0.0,3.608369545118343
m5,img_3_12_16,finetune_b4,labels from other batches,0,0.0,0,0,7,0,7,0.0,2.936910595414201
m5,img_1_3_14,finetune_b4,labels from other batches,0,0.5314009661835749,2,0,6,2,8,0.8985530695266272,2.3908445821005917
m5,img_7_10_12,finetune_b4,labels from other batches,0,0.5897381845777646,3,0,3,3,6,1.0173007581360947,2.409191244452663
m5,img_5_19_10,finetune_b4,labels from other batches,0,0.40041710114702816,1,0,4,1,5,0.43353018676035504,1.6445543639053255
m5,img_7_9_8,finetune_b4,labels from other batches,0,0.45476111662804813,4,0,8,4,12,1.2195474297337277,4.017485669378698
m5,img_1_19_3,finetune_b4,labels from other batches,0,0.0,0,0,1,0,1,0.0,0.003471257983893363
m5,img_1_12_0,finetune_b4,labels from other batches,0,0.0,0,0,1,0,1,0.0,0.2528083394970414
m5,img_3_5_13,finetune_b4,labels from other batches,0,0.5616069886237446,2,1,6,3,8,1.7592571190828403,4.094772790310651
m5,img_5_8_10,finetune_b4,labels from other batches,0,0.624302807837155,4,0,7,4,11,1.9133979752218935,4.147356924926036
m5,img_1_5_11,finetune_b4,labels from other batches,0,0.46054626133450927,2,0,4,2,6,1.2586966068786982,3.9828148113905324
m5,img_7_8_10,clicks_frozen,3+6 clicks,0,0.45620493940788465,3,2,7,5,10,1.324137851331361,4.326345229289941
m5,img_7_8_10,clicks_frozen,3+6 clicks,1,0.5116875103823062,3,1,7,4,10,1.7611351238905326,4.326345229289941
m5,img_7_8_10,clicks_frozen,3+6 clicks,2,0.7165722114965436,5,1,5,6,10,2.6325293546597637,4.326345229289941
m5,img_7_8_10,clicks_frozen,10+20 clicks,0,0.8497166380535711,8,0,2,8,10,3.4993008043639056,4.326345229289941
m5,img_7_8_10,clicks_frozen,10+20 clicks,1,0.8390972730122245,8,1,2,9,10,3.9695243158284024,4.326345229289941
m5,img_7_8_10,clicks_frozen,10+20 clicks,2,0.7795605232057369,6,1,4,7,10,2.8856266179733727,4.326345229289941
m5,img_1_2_9,clicks_frozen,3+6 clicks,0,0.7529824142120253,2,5,5,7,7,3.7243724574704142,3.529204419378698
m5,img_1_2_9,clicks_frozen,3+6 clicks,1,0.587559863827823,2,1,5,3,7,1.4781342455621302,3.529204419378698
m5,img_1_2_9,clicks_frozen,3+6 clicks,2,0.7264950618244032,3,0,4,3,7,2.043702616494083,3.529204419378698
m5,img_1_2_9,clicks_frozen,10+20 clicks,0,0.6928787961298989,1,7,6,8,7,4.429057646079881,3.529204419378698
m5,img_1_2_9,clicks_frozen,10+20 clicks,1,0.777542059302383,1,1,6,2,7,2.3269924186390534,3.529204419378698
m5,img_1_2_9,clicks_frozen,10+20 clicks,2,0.7557586221417443,1,4,6,5,7,3.3318694526627217,3.529204419378698
m5,img_3_13_14,clicks_frozen,3+6 clicks,0,0.4631671009237833,2,3,7,5,9,3.9451102533284024,3.9833926590236683
m5,img_3_13_14,clicks_frozen,3+6 clicks,1,0.17347720063569272,0,4,9,4,9,18.469021588387573,3.9833926590236683
m5,img_3_13_14,clicks_frozen,3+6 clicks,2,0.5929814604615967,3,0,6,3,9,2.1256125184911245,3.9833926590236683
m5,img_3_13_14,clicks_frozen,10+20 clicks,0,0.2817313915857605,2,8,7,10,9,13.872099204881657,3.9833926590236683
m5,img_3_13_14,clicks_frozen,10+20 clicks,1,0.36978743004988385,2,7,7,9,9,10.757067076553255,3.9833926590236683
m5,img_3_13_14,clicks_frozen,10+20 clicks,2,0.44657129006997875,2,10,7,12,9,7.639001248150888,3.9833926590236683
m5,img_1_5_17,clicks_frozen,3+6 clicks,0,0.5731897825628035,3,3,2,6,5,1.7812153291420119,1.6403649685650885
m5,img_1_5_17,clicks_frozen,3+6 clicks,1,0.19446652885991414,0,1,5,1,5,0.17667691383136094,1.6403649685650885
m5,img_1_5_17,clicks_frozen,3+6 clicks,2,0.6021579205492888,3,1,2,4,5,1.3052133413461537,1.6403649685650885
m5,img_1_5_17,clicks_frozen,10+20 clicks,0,0.5595937787373556,3,3,2,6,5,1.9727718195266273,1.6403649685650885
m5,img_1_5_17,clicks_frozen,10+20 clicks,1,0.37907397827211586,0,3,5,3,5,0.5935939811390533,1.6403649685650885
m5,img_1_5_17,clicks_frozen,10+20 clicks,2,0.589281913761546,3,2,2,5,5,1.7534786427514795,1.6403649685650885
m5,img_7_7_2,clicks_frozen,3+6 clicks,0,0.6941372519315255,2,1,0,3,2,1.1119233080621302,0.7952628051035504
m5,img_7_7_2,clicks_frozen,3+6 clicks,1,0.46142472408512436,0,3,2,3,2,1.9404123520710062,0.7952628051035504
m5,img_7_7_2,clicks_frozen,3+6 clicks,2,0.4593688913711254,1,0,1,1,2,0.23937338202662722,0.7952628051035504
m5,img_7_7_2,clicks_frozen,10+20 clicks,0,0.7670747150696496,2,1,0,3,2,0.9158884985207101,0.7952628051035504
m5,img_7_7_2,clicks_frozen,10+20 clicks,1,0.781111231452399,2,0,0,2,2,0.5385539940828402,0.7952628051035504
m5,img_7_7_2,clicks_frozen,10+20 clicks,2,0.42466733438260124,1,0,1,1,2,0.2143814718934911,0.7952628051035504
m5,img_9_11_2,clicks_frozen,3+6 clicks,0,0.4116935747434473,1,11,6,12,7,6.529533792529587,2.3109571468195265
m5,img_9_11_2,clicks_frozen,3+6 clicks,1,0.23656023320452851,0,10,7,10,7,14.736703725961538,2.3109571468195265
m5,img_9_11_2,clicks_frozen,3+6 clicks,2,0.6061298640412565,1,7,6,8,7,2.619238859097633,2.3109571468195265
m5,img_9_11_2,clicks_frozen,10+20 clicks,0,0.6612512469716403,2,2,5,4,7,1.7437996948964498,2.3109571468195265
m5,img_9_11_2,clicks_frozen,10+20 clicks,1,0.5263455747114821,2,6,5,8,7,4.836584689349112,2.3109571468195265
m5,img_9_11_2,clicks_frozen,10+20 clicks,2,0.5789661319073084,1,6,6,7,7,4.172493296967455,2.3109571468195265
m5,img_3_14_11,clicks_frozen,3+6 clicks,0,0.3334573874209155,0,11,14,11,14,14.347523345044378,7.389948918269231
m5,img_3_14_11,clicks_frozen,3+6 clicks,1,0.5051078030927048,9,9,5,18,14,9.62202986316568,7.389948918269231
m5,img_3_14_11,clicks_frozen,3+6 clicks,2,0.39030205148910807,3,13,11,16,14,7.63726770525148,7.389948918269231
m5,img_3_14_11,clicks_frozen,10+20 clicks,0,0.6441526066693161,8,6,6,14,14,8.604295719304734,7.389948918269231
m5,img_3_14_11,clicks_frozen,10+20 clicks,1,0.6233440019446582,9,11,5,20,14,6.8730642104289945,7.389948918269231
m5,img_3_14_11,clicks_frozen,10+20 clicks,2,0.711116879184106,9,2,5,11,14,5.96743250739645,7.389948918269231
m5,img_3_8_13,clicks_frozen,3+6 clicks,0,0.6960772528749449,4,2,1,6,5,1.7290645802514795,1.8762712647928992
m5,img_3_8_13,clicks_frozen,3+6 clicks,1,0.5430965869188632,2,2,3,4,5,1.2092906342455623,1.8762712647928992
m5,img_3_8_13,clicks_frozen,3+6 clicks,2,0.5641378046545721,2,2,3,4,5,1.2770432692307692,1.8762712647928992
m5,img_3_8_13,clicks_frozen,10+20 clicks,0,0.5607033848116258,2,2,3,4,5,1.2948120839497042,1.8762712647928992
m5,img_3_8_13,clicks_frozen,10+20 clicks,1,0.5666340247485089,2,2,3,4,5,1.3692099667159765,1.8762712647928992
m5,img_3_8_13,clicks_frozen,10+20 clicks,2,0.659816320385426,4,3,1,7,5,1.9617927144970415,1.8762712647928992
m5,img_3_5_7,clicks_frozen,3+6 clicks,0,0.7938843545235085,1,1,1,2,2,1.0538496209319526,1.459498659393491
m5,img_3_5_7,clicks_frozen,3+6 clicks,1,0.6746559390218082,1,2,1,3,2,1.9519693047337277,1.459498659393491
m5,img_3_5_7,clicks_frozen,3+6 clicks,2,0.7662350597609562,1,1,1,2,2,1.4412964589497042,1.459498659393491
m5,img_3_5_7,clicks_frozen,10+20 clicks,0,0.695752009184845,1,0,1,1,2,0.9312014607988165,1.459498659393491
m5,img_3_5_7,clicks_frozen,10+20 clicks,1,0.6897240062489152,1,2,1,3,2,1.8694815551035502,1.459498659393491
m5,img_3_5_7,clicks_frozen,10+20 clicks,2,0.5651577503429356,1,1,1,2,2,1.8051960059171597,1.459498659393491
m5,img_9_15_5,clicks_frozen,3+6 clicks,0,0.1549328170822871,1,22,10,23,11,11.465074889053255,3.608369545118343
m5,img_9_15_5,clicks_frozen,3+6 clicks,1,0.054274572164167804,0,6,11,6,11,11.653742141272188,3.608369545118343
m5,img_9_15_5,clicks_frozen,3+6 clicks,2,0.23898661552470205,2,21,9,23,11,14.319208811020708,3.608369545118343
m5,img_9_15_5,clicks_frozen,10+20 clicks,0,0.25361974571286366,1,11,10,12,11,21.933651534763314,3.608369545118343
m5,img_9_15_5,clicks_frozen,10+20 clicks,1,0.20470093947578574,0,16,11,16,11,24.792697161612427,3.608369545118343
m5,img_9_15_5,clicks_frozen,10+20 clicks,2,0.1670763431536251,0,14,11,14,11,36.708348742603555,3.608369545118343
m5,img_3_12_16,clicks_frozen,3+6 clicks,0,0.49526355820868,3,7,4,10,7,3.330858219304734,2.936910595414201
m5,img_3_12_16,clicks_frozen,3+6 clicks,1,0.5514571662365456,2,2,5,4,7,1.653222078402367,2.936910595414201
m5,img_3_12_16,clicks_frozen,3+6 clicks,2,0.176593613244521,2,9,5,11,7,21.72230376294379,2.936910595414201
m5,img_3_12_16,clicks_frozen,10+20 clicks,0,0.3565623414674549,3,12,4,15,7,11.016520663831361,2.936910595414201
m5,img_3_12_16,clicks_frozen,10+20 clicks,1,0.6544968206668388,5,4,2,9,7,3.219911473742604,2.936910595414201
m5,img_3_12_16,clicks_frozen,10+20 clicks,2,0.5558103410015534,5,8,2,13,7,4.875011556952662,2.936910595414201
m5,img_1_3_14,clicks_frozen,3+6 clicks,0,0.4022295054589483,3,13,5,16,8,4.529314210428994,2.3908445821005917
m5,img_1_3_14,clicks_frozen,3+6 clicks,1,0.47878135951976125,3,4,5,7,8,1.7724031527366864,2.3908445821005917
m5,img_1_3_14,clicks_frozen,3+6 clicks,2,0.5450706880301602,3,2,5,5,8,1.4410075351331362,2.3908445821005917
m5,img_1_3_14,clicks_frozen,10+20 clicks,0,0.27718038082284935,3,32,5,35,8,11.204754530325443,2.3908445821005917
m5,img_1_3_14,clicks_frozen,10+20 clicks,1,0.48602610001154867,3,7,5,10,8,2.612738073224852,2.3908445821005917
m5,img_1_3_14,clicks_frozen,10+20 clicks,2,0.4785995430899232,4,8,4,12,8,2.8576010077662723,2.3908445821005917
m5,img_7_10_12,clicks_frozen,3+6 clicks,0,0.7506967411095834,3,1,3,4,6,1.4784231693786982,2.409191244452663
m5,img_7_10_12,clicks_frozen,3+6 clicks,1,0.46233981746104913,2,0,4,2,6,0.7247653938609467,2.409191244452663
m5,img_7_10_12,clicks_frozen,3+6 clicks,2,0.7407723794269443,3,1,3,4,6,1.6494660687869822,2.409191244452663
m5,img_7_10_12,clicks_frozen,10+20 clicks,0,0.6356481670268728,3,0,3,3,6,1.1334481323964496,2.409191244452663
m5,img_7_10_12,clicks_frozen,10+20 clicks,1,0.7524480712166172,4,0,2,4,6,1.4855018028846154,2.409191244452663
m5,img_7_10_12,clicks_frozen,10+20 clicks,2,0.7670679886685552,4,0,2,4,6,1.6704130454881658,2.409191244452663
m5,img_5_19_10,clicks_frozen,3+6 clicks,0,0.35083769286802197,2,0,3,2,5,0.536964913091716,1.6445543639053255
m5,img_5_19_10,clicks_frozen,3+6 clicks,1,0.5037958115183246,1,1,4,2,5,0.5628235946745562,1.6445543639053255
m5,img_5_19_10,clicks_frozen,3+6 clicks,2,0.6582859766947936,2,0,3,2,5,0.872116540310651,1.6445543639053255
m5,img_5_19_10,clicks_frozen,10+20 clicks,0,0.47826996860830134,2,10,3,12,5,4.568030001849112,1.6445543639053255
m5,img_5_19_10,clicks_frozen,10+20 clicks,1,0.6683162748847149,2,0,3,2,5,0.9242672892011835,1.6445543639053255
m5,img_5_19_10,clicks_frozen,10+20 clicks,2,0.5333631509797893,4,8,1,12,5,3.5232814811390534,1.6445543639053255
m5,img_7_9_8,clicks_frozen,3+6 clicks,0,0.5313846077235266,4,0,8,4,12,1.7845379530325445,4.017485669378698
m5,img_7_9_8,clicks_frozen,3+6 clicks,1,0.6663347981323812,8,5,4,13,12,4.398287259615385,4.017485669378698
m5,img_7_9_8,clicks_frozen,3+6 clicks,2,0.6053243045873996,5,2,7,7,12,2.510603504068047,4.017485669378698
m5,img_7_9_8,clicks_frozen,10+20 clicks,0,0.7333555084819944,8,4,4,12,12,4.234322993713017,4.017485669378698
m5,img_7_9_8,clicks_frozen,10+20 clicks,1,0.7422701733825101,8,4,4,12,12,4.364483173076923,4.017485669378698
m5,img_7_9_8,clicks_frozen,10+20 clicks,2,0.7229112761872966,8,4,4,12,12,4.63650494637574,4.017485669378698
m5,img_1_19_3,clicks_frozen,3+6 clicks,0,0.017843866171003718,0,1,1,1,1,0.38559890771082106,0.003471257983893363
m5,img_1_19_3,clicks_frozen,3+6 clicks,1,0.006423982869379015,0,2,1,2,1,1.0772470610015736,0.003471257983893363
m5,img_1_19_3,clicks_frozen,3+6 clicks,2,0.0117618230825778,0,1,1,1,1,0.5867872350273072,0.003471257983893363
m5,img_1_19_3,clicks_frozen,10+20 clicks,0,0.02902055622732769,0,1,1,1,1,0.2357562714060909,0.003471257983893363
m5,img_1_19_3,clicks_frozen,10+20 clicks,1,0.02577873254564984,0,1,1,1,1,0.26584050726650005,0.003471257983893363
m5,img_1_19_3,clicks_frozen,10+20 clicks,2,0.0,0,0,1,0,1,0.0,0.003471257983893363
m5,img_1_12_0,clicks_frozen,3+6 clicks,0,0.35237873134328357,0,3,1,3,1,0.9860969859467457,0.2528083394970414
m5,img_1_12_0,clicks_frozen,3+6 clicks,1,0.22763765541740674,0,6,1,6,1,1.7804930196005917,0.2528083394970414
m5,img_1_12_0,clicks_frozen,3+6 clicks,2,0.0,0,2,1,2,1,0.37430080436390534,0.2528083394970414
m5,img_1_12_0,clicks_frozen,10+20 clicks,0,0.0,0,1,1,1,1,0.15558547522189348,0.2528083394970414
m5,img_1_12_0,clicks_frozen,10+20 clicks,1,0.4166666666666667,1,2,0,3,1,0.5099505362426036,0.2528083394970414
m5,img_1_12_0,clicks_frozen,10+20 clicks,2,0.39005942733657484,1,2,0,3,1,0.549388637204142,0.2528083394970414
m5,img_3_5_13,clicks_frozen,3+6 clicks,0,0.5627212135141347,4,11,4,15,8,5.333533653846153,4.094772790310651
m5,img_3_5_13,clicks_frozen,3+6 clicks,1,0.4808014242818803,2,2,6,4,8,1.3417622041420119,4.094772790310651
m5,img_3_5_13,clicks_frozen,3+6 clicks,2,0.6858409830290723,4,4,4,8,8,2.876814441568047,4.094772790310651
m5,img_3_5_13,clicks_frozen,10+20 clicks,0,0.7169654369255085,5,3,3,8,8,2.8518225314349115,4.094772790310651
m5,img_3_5_13,clicks_frozen,10+20 clicks,1,0.7053023570733359,4,4,4,8,8,2.7327859190088755,4.094772790310651
m5,img_3_5_13,clicks_frozen,10+20 clicks,2,0.7489524320337904,7,5,1,12,8,4.524113581730769,4.094772790310651
m5,img_5_8_10,clicks_frozen,3+6 clicks,0,0.5974195798099555,5,2,6,7,11,2.4811332747781063,4.147356924926036
m5,img_5_8_10,clicks_frozen,3+6 clicks,1,0.6957284484517156,6,2,5,8,11,2.9344547429733727,4.147356924926036
m5,img_5_8_10,clicks_frozen,3+6 clicks,2,0.6957789522380946,9,7,2,16,11,6.157544378698225,4.147356924926036
m5,img_5_8_10,clicks_frozen,10+20 clicks,0,0.7436863543788187,7,4,4,11,11,4.364338711168639,4.147356924926036
m5,img_5_8_10,clicks_frozen,10+20 clicks,1,0.7127896743913171,8,6,3,14,11,5.702055981878698,4.147356924926036
m5,img_5_8_10,clicks_frozen,10+20 clicks,2,0.7608589995139776,7,3,4,10,11,3.8779354659763317,4.147356924926036
m5,img_1_5_11,clicks_frozen,3+6 clicks,0,0.7154315046519089,5,1,1,6,6,2.771501710428994,3.9828148113905324
m5,img_1_5_11,clicks_frozen,3+6 clicks,1,0.7408697094059611,5,1,1,6,6,2.9868944156804735,3.9828148113905324
m5,img_1_5_11,clicks_frozen,3+6 clicks,2,0.7701921210945081,5,1,1,6,6,3.4613073224852067,3.9828148113905324
m5,img_1_5_11,clicks_frozen,10+20 clicks,0,0.7526944852170266,5,1,1,6,6,2.906573594674556,3.9828148113905324
m5,img_1_5_11,clicks_frozen,10+20 clicks,1,0.7473589898526869,5,1,1,6,6,2.9503455528846154,3.9828148113905324
m5,img_1_5_11,clicks_frozen,10+20 clicks,2,0.7548105739619287,5,1,1,6,6,3.0066856971153846,3.9828148113905324
m5,img_7_8_10,clicks_finetuned_b4,3+6 clicks,0,0.7020784229697878,4,1,6,5,10,2.415692030325444,4.326345229289941
m5,img_7_8_10,clicks_finetuned_b4,3+6 clicks,1,0.5681424196813204,4,5,6,9,10,9.59039270525148,4.326345229289941
m5,img_7_8_10,clicks_finetuned_b4,3+6 clicks,2,0.7414516881346203,5,0,5,5,10,3.7262504622781063,4.326345229289941
m5,img_7_8_10,clicks_finetuned_b4,10+20 clicks,0,0.6939570103245036,6,1,4,7,10,6.4336110854289945,4.326345229289941
m5,img_7_8_10,clicks_finetuned_b4,10+20 clicks,1,0.6268608968866038,5,5,5,10,10,8.31768329326923,4.326345229289941
m5,img_7_8_10,clicks_finetuned_b4,10+20 clicks,2,0.6855763747994325,6,1,4,7,10,6.5676717363165675,4.326345229289941
m5,img_1_2_9,clicks_finetuned_b4,3+6 clicks,0,0.611203248312936,2,6,5,8,7,6.575039293639054,3.529204419378698
m5,img_1_2_9,clicks_finetuned_b4,3+6 clicks,1,0.6627379281073492,1,2,6,3,7,5.320243158284024,3.529204419378698
m5,img_1_2_9,clicks_finetuned_b4,3+6 clicks,2,0.77026048300492,1,1,6,2,7,2.2551948502218937,3.529204419378698
m5,img_1_2_9,clicks_finetuned_b4,10+20 clicks,0,0.5553605166892227,1,5,6,6,7,7.2518433339497035,3.529204419378698
m5,img_1_2_9,clicks_finetuned_b4,10+20 clicks,1,0.6277205746346877,1,3,6,4,7,5.842906342455621,3.529204419378698
m5,img_1_2_9,clicks_finetuned_b4,10+20 clicks,2,0.59313824419778,1,5,6,6,7,6.492118158284025,3.529204419378698
m5,img_3_13_14,clicks_finetuned_b4,3+6 clicks,0,0.4965930507901223,2,9,7,11,9,4.984658145340236,3.9833926590236683
m5,img_3_13_14,clicks_finetuned_b4,3+6 clicks,1,0.34717550964376415,2,4,7,6,9,4.435269508136094,3.9833926590236683
m5,img_3_13_14,clicks_finetuned_b4,3+6 clicks,2,0.6248437322423003,3,0,6,3,9,2.372208995931953,3.9833926590236683
m5,img_3_13_14,clicks_finetuned_b4,10+20 clicks,0,0.4919353829598208,4,9,5,13,9,7.561569665310651,3.9833926590236683
m5,img_3_13_14,clicks_finetuned_b4,10+20 clicks,1,0.20047183331495977,2,15,7,17,9,28.7769565920858,3.9833926590236683
m5,img_3_13_14,clicks_finetuned_b4,10+20 clicks,2,0.356213853456213,2,27,7,29,9,12.177705482618343,3.9833926590236683
m5,img_1_5_17,clicks_finetuned_b4,3+6 clicks,0,0.5122301151275501,3,6,2,9,5,2.4879229844674553,1.6403649685650885
m5,img_1_5_17,clicks_finetuned_b4,3+6 clicks,1,0.5113732573234746,2,1,3,3,5,0.9190666605029586,1.6403649685650885
m5,img_1_5_17,clicks_finetuned_b4,3+6 clicks,2,0.5988307349665924,3,2,2,5,5,1.4730780787721893,1.6403649685650885
m5,img_1_5_17,clicks_finetuned_b4,10+20 clicks,0,0.5256038647342995,3,5,2,8,5,2.247104983357988,1.6403649685650885
m5,img_1_5_17,clicks_finetuned_b4,10+20 clicks,1,0.4815553908432636,2,1,3,3,5,0.8933524408284023,1.6403649685650885
m5,img_1_5_17,clicks_finetuned_b4,10+20 clicks,2,0.5036706032556655,2,3,3,5,5,1.5278291420118344,1.6403649685650885
m5,img_7_7_2,clicks_finetuned_b4,3+6 clicks,0,0.780156131956686,2,1,0,3,2,0.9257119082840236,0.7952628051035504
m5,img_7_7_2,clicks_finetuned_b4,3+6 clicks,1,0.4902071563088512,2,4,0,6,2,2.2731081268491127,0.7952628051035504
m5,img_7_7_2,clicks_finetuned_b4,3+6 clicks,2,0.6943405051449953,1,1,1,2,2,0.44017543454142016,0.7952628051035504
m5,img_7_7_2,clicks_finetuned_b4,10+20 clicks,0,0.8343582622495537,2,0,0,2,2,0.6612021542159763,0.7952628051035504
m5,img_7_7_2,clicks_finetuned_b4,10+20 clicks,1,0.837332808811959,2,0,0,2,2,0.6736258783284024,0.7952628051035504
m5,img_7_7_2,clicks_finetuned_b4,10+20 clicks,2,0.639902379499695,1,1,1,2,2,0.38860253328402367,0.7952628051035504
m5,img_9_11_2,clicks_finetuned_b4,3+6 clicks,0,0.32472085027270997,0,18,7,18,7,10.587902181952662,2.3109571468195265
m5,img_9_11_2,clicks_finetuned_b4,3+6 clicks,1,0.27741028609227714,1,8,6,9,7,11.666021403476332,2.3109571468195265
m5,img_9_11_2,clicks_finetuned_b4,3+6 clicks,2,0.5856147740158756,1,3,6,4,7,1.2560962925295858,2.3109571468195265
m5,img_9_11_2,clicks_finetuned_b4,10+20 clicks,0,0.6867575178843104,2,3,5,5,7,2.1519045857988166,2.3109571468195265
m5,img_9_11_2,clicks_finetuned_b4,10+20 clicks,1,0.41411948457633735,1,8,6,9,7,6.938216531065089,2.3109571468195265
m5,img_9_11_2,clicks_finetuned_b4,10+20 clicks,2,0.6000767791160804,2,5,5,7,7,3.7099262666420123,2.3109571468195265
m5,img_3_14_11,clicks_finetuned_b4,3+6 clicks,0,0.3359994286938513,3,9,11,12,14,4.7474516919378695,7.389948918269231
m5,img_3_14_11,clicks_finetuned_b4,3+6 clicks,1,0.5502893906649775,5,11,9,16,14,4.241257165310651,7.389948918269231
m5,img_3_14_11,clicks_finetuned_b4,3+6 clicks,2,0.5190646358810672,4,20,10,24,14,9.265353411612425,7.389948918269231
m5,img_3_14_11,clicks_finetuned_b4,10+20 clicks,0,0.6625259588088479,9,11,5,20,14,7.7747954419378695,7.389948918269231
m5,img_3_14_11,clicks_finetuned_b4,10+20 clicks,1,0.6450016564518801,8,13,6,21,14,6.563915726701183,7.389948918269231
m5,img_3_14_11,clicks_finetuned_b4,10+20 clicks,2,0.6900704509075862,8,6,6,14,14,5.876999352810651,7.389948918269231
m5,img_3_8_13,clicks_finetuned_b4,3+6 clicks,0,0.6681570172779631,4,3,1,7,5,1.9363674186390532,1.8762712647928992
m5,img_3_8_13,clicks_finetuned_b4,3+6 clicks,1,0.5858056760121936,2,2,3,4,5,1.4883910410502958,1.8762712647928992
m5,img_3_8_13,clicks_finetuned_b4,3+6 clicks,2,0.5894952920701504,2,2,3,4,5,1.360975637943787,1.8762712647928992
m5,img_3_8_13,clicks_finetuned_b4,10+20 clicks,0,0.5822047730380696,2,2,3,4,5,1.398535734097633,1.8762712647928992
m5,img_3_8_13,clicks_finetuned_b4,10+20 clicks,1,0.5853700295338784,2,2,3,4,5,1.4987922984467457,1.8762712647928992
m5,img_3_8_13,clicks_finetuned_b4,10+20 clicks,2,0.643336967608061,4,4,1,8,5,2.2312141734467454,1.8762712647928992
m5,img_3_5_7,clicks_finetuned_b4,3+6 clicks,0,0.8019031141868512,1,1,1,2,2,1.2124687962278107,1.459498659393491
m5,img_3_5_7,clicks_finetuned_b4,3+6 clicks,1,0.8144773215931197,2,0,0,2,2,1.3624202570266273,1.459498659393491
m5,img_3_5_7,clicks_finetuned_b4,3+6 clicks,2,0.8122531753655673,2,0,0,2,2,1.2474285780325443,1.459498659393491
m5,img_3_5_7,clicks_finetuned_b4,10+20 clicks,0,0.6882811084948379,1,0,1,1,2,0.933223927514793,1.459498659393491
m5,img_3_5_7,clicks_finetuned_b4,10+20 clicks,1,0.7962095288233746,1,1,1,2,2,1.2845552884615383,1.459498659393491
m5,img_3_5_7,clicks_finetuned_b4,10+20 clicks,2,0.7872375061045092,1,1,1,2,2,1.202789848372781,1.459498659393491
m5,img_9_15_5,clicks_finetuned_b4,3+6 clicks,0,0.27427497359381886,1,16,10,17,11,13.761296921227812,3.608369545118343
m5,img_9_15_5,clicks_finetuned_b4,3+6 clicks,1,0.1857468374322307,0,10,11,10,11,7.423030695266272,3.608369545118343
m5,img_9_15_5,clicks_finetuned_b4,3+6 clicks,2,0.21008767936240982,1,26,10,27,11,23.363102117233726,3.608369545118343
m5,img_9_15_5,clicks_finetuned_b4,10+20 clicks,0,0.28017751674967095,0,23,11,23,11,18.233837601701183,3.608369545118343
m5,img_9_15_5,clicks_finetuned_b4,10+20 clicks,1,0.3443080216066809,1,16,10,17,11,13.534491725221892,3.608369545118343
m5,img_9_15_5,clicks_finetuned_b4,10+20 clicks,2,0.18854102721506036,0,34,11,34,11,31.69089774408284,3.608369545118343
m5,img_3_12_16,clicks_finetuned_b4,3+6 clicks,0,0.405871547149272,3,12,4,15,7,5.556293916420119,2.936910595414201
m5,img_3_12_16,clicks_finetuned_b4,3+6 clicks,1,0.6418974661166765,3,2,4,5,7,1.966126571745562,2.936910595414201
m5,img_3_12_16,clicks_finetuned_b4,3+6 clicks,2,0.3405773456024712,3,15,4,18,7,10.344628328402367,2.936910595414201
m5,img_3_12_16,clicks_finetuned_b4,10+20 clicks,0,0.3901754882202501,3,20,4,23,7,9.320537860576923,2.936910595414201
m5,img_3_12_16,clicks_finetuned_b4,10+20 clicks,1,0.454234961515206,4,13,3,17,7,5.903146958210059,2.936910595414201
m5,img_3_12_16,clicks_finetuned_b4,10+20 clicks,2,0.41248714380785284,4,16,3,20,7,6.6143329326923075,2.936910595414201
m5,img_1_3_14,clicks_finetuned_b4,3+6 clicks,0,0.50544193278316,2,8,6,10,8,4.85623150887574,2.3908445821005917
m5,img_1_3_14,clicks_finetuned_b4,3+6 clicks,1,0.4412343834872352,1,11,7,12,8,6.11969535872781,2.3908445821005917
m5,img_1_3_14,clicks_finetuned_b4,3+6 clicks,2,0.5959233614193153,3,3,5,6,8,2.8041501017011834,2.3908445821005917
m5,img_1_3_14,clicks_finetuned_b4,10+20 clicks,0,0.43752566032571505,2,11,6,13,8,6.053820728550296,2.3908445821005917
m5,img_1_3_14,clicks_finetuned_b4,10+20 clicks,1,0.4288018624760955,2,13,6,15,8,6.2963722725591715,2.3908445821005917
m5,img_1_3_14,clicks_finetuned_b4,10+20 clicks,2,0.5373756817452678,4,8,4,12,8,3.913184171597633,2.3908445821005917
m5,img_7_10_12,clicks_finetuned_b4,3+6 clicks,0,0.7447803053910875,2,1,4,3,6,2.6901696560650885,2.409191244452663
m5,img_7_10_12,clicks_finetuned_b4,3+6 clicks,1,0.7890915174836874,4,0,2,4,6,1.9080528846153848,2.409191244452663
m5,img_7_10_12,clicks_finetuned_b4,3+6 clicks,2,0.7739655693144065,4,0,2,4,6,2.373942538831361,2.409191244452663
m5,img_7_10_12,clicks_finetuned_b4,10+20 clicks,0,0.7938536137867768,4,0,2,4,6,2.0000751201923075,2.409191244452663
m5,img_7_10_12,clicks_finetuned_b4,10+20 clicks,1,0.7937791806404945,4,0,2,4,6,1.984473234097633,2.409191244452663
m5,img_7_10_12,clicks_finetuned_b4,10+20 clicks,2,0.7740851829634073,4,0,2,4,6,2.407168777736686,2.409191244452663
m5,img_5_19_10,clicks_finetuned_b4,3+6 clicks,0,0.5392627267407841,2,1,3,3,5,0.824299648668639,1.6445543639053255
m5,img_5_19_10,clicks_finetuned_b4,3+6 clicks,1,0.6446401525775509,2,0,3,2,5,0.9307680750739644,1.6445543639053255
m5,img_5_19_10,clicks_finetuned_b4,3+6 clicks,2,0.6622066694112804,2,0,3,2,5,1.1626294378698225,1.6445543639053255
m5,img_5_19_10,clicks_finetuned_b4,10+20 clicks,0,0.5636383289196346,3,4,2,7,5,3.7014030140532546,1.6445543639053255
m5,img_5_19_10,clicks_finetuned_b4,10+20 clicks,1,0.7288680900848201,2,1,3,3,5,1.3189372226331362,1.6445543639053255
m5,img_5_19_10,clicks_finetuned_b4,10+20 clicks,2,0.639282558177593,2,4,3,6,5,2.76919031989645,1.6445543639053255
m5,img_7_9_8,clicks_finetuned_b4,3+6 clicks,0,0.7676739507181132,7,0,5,7,12,3.234646588387574,4.017485669378698
m5,img_7_9_8,clicks_finetuned_b4,3+6 clicks,1,0.7664231287824151,9,3,3,12,12,5.1965837647929,4.017485669378698
m5,img_7_9_8,clicks_finetuned_b4,3+6 clicks,2,0.7606567606567607,7,0,5,7,12,3.390809911242604,4.017485669378698
m5,img_7_9_8,clicks_finetuned_b4,10+20 clicks,0,0.7764405325030437,7,0,5,7,12,3.22048932137574,4.017485669378698
m5,img_7_9_8,clicks_finetuned_b4,10+20 clicks,1,0.7659433080676981,7,0,5,7,12,2.9390775240384617,4.017485669378698
m5,img_7_9_8,clicks_finetuned_b4,10+20 clicks,2,0.7868257261410788,8,0,4,8,12,3.7811459874260356,4.017485669378698
m5,img_1_19_3,clicks_finetuned_b4,3+6 clicks,0,0.017454545454545455,0,1,1,1,1,0.39427705267055446,0.003471257983893363
m5,img_1_19_3,clicks_finetuned_b4,3+6 clicks,1,0.011412268188302425,0,1,1,1,1,0.6048667036934184,0.003471257983893363
m5,img_1_19_3,clicks_finetuned_b4,3+6 clicks,2,0.013004605797886752,0,1,1,1,1,0.5303792927890401,0.003471257983893363
m5,img_1_19_3,clicks_finetuned_b4,10+20 clicks,0,0.02258823529411765,0,1,1,1,1,0.30387970933999814,0.003471257983893363
m5,img_1_19_3,clicks_finetuned_b4,10+20 clicks,1,0.0225140712945591,0,1,1,1,1,0.30489215958530036,0.003471257983893363
m5,img_1_19_3,clicks_finetuned_b4,10+20 clicks,2,0.045627376425855515,0,1,1,1,1,0.14868555031009903,0.003471257983893363
m5,img_1_12_0,clicks_finetuned_b4,3+6 clicks,0,0.47984224364592465,1,1,0,2,1,0.4065158099112426,0.2528083394970414
m5,img_1_12_0,clicks_finetuned_b4,3+6 clicks,1,0.39156191301834997,1,2,0,3,1,0.7470125277366864,0.2528083394970414
m5,img_1_12_0,clicks_finetuned_b4,3+6 clicks,2,0.34339141521461963,1,3,0,4,1,0.7669482710798816,0.2528083394970414
m5,img_1_12_0,clicks_finetuned_b4,10+20 clicks,0,0.0,0,1,1,1,1,0.17812153291420119,0.2528083394970414
m5,img_1_12_0,clicks_finetuned_b4,10+20 clicks,1,0.4810810810810811,1,1,0,2,1,0.44205343934911245,0.2528083394970414
m5,img_1_12_0,clicks_finetuned_b4,10+20 clicks,2,0.4081295439524124,1,2,0,3,1,0.6214751294378699,0.2528083394970414
m5,img_3_5_13,clicks_finetuned_b4,3+6 clicks,0,0.5091518077036745,4,19,4,23,8,10.569555519600591,4.094772790310651
m5,img_3_5_13,clicks_finetuned_b4,3+6 clicks,1,0.7169461531979439,6,1,2,7,8,4.476874537721893,4.094772790310651
m5,img_3_5_13,clicks_finetuned_b4,3+6 clicks,2,0.7574222874425097,6,1,2,7,8,3.977614182692308,4.094772790310651
m5,img_3_5_13,clicks_finetuned_b4,10+20 clicks,0,0.7399824703567117,6,1,2,7,8,4.640694341715976,4.094772790310651
m5,img_3_5_13,clicks_finetuned_b4,10+20 clicks,1,0.7770069375619425,6,0,2,6,8,3.9221408099112427,4.094772790310651
m5,img_3_5_13,clicks_finetuned_b4,10+20 clicks,2,0.7513754439724215,6,0,2,6,8,4.202541373890532,4.094772790310651
m5,img_5_8_10,clicks_finetuned_b4,3+6 clicks,0,0.7195056642636457,7,4,4,11,11,6.373081545857988,4.147356924926036
m5,img_5_8_10,clicks_finetuned_b4,3+6 clicks,1,0.7159848887314798,7,3,4,10,11,5.641959828032545,4.147356924926036
m5,img_5_8_10,clicks_finetuned_b4,3+6 clicks,2,0.7647604532502816,7,1,4,8,11,4.572941706730769,4.147356924926036
m5,img_5_8_10,clicks_finetuned_b4,10+20 clicks,0,0.7595460867366292,7,1,4,8,11,4.99303693602071,4.147356924926036
m5,img_5_8_10,clicks_finetuned_b4,10+20 clicks,1,0.7239501752815694,7,2,4,9,11,5.536647096893491,4.147356924926036
m5,img_5_8_10,clicks_finetuned_b4,10+20 clicks,2,0.7762322242164849,7,1,4,8,11,4.223343888683432,4.147356924926036
m5,img_1_5_11,clicks_finetuned_b4,3+6 clicks,0,0.8071805946550461,5,0,1,5,6,3.5092686760355027,3.9828148113905324
m5,img_1_5_11,clicks_finetuned_b4,3+6 clicks,1,0.7710954677309092,5,1,1,6,6,3.8358970506656807,3.9828148113905324
m5,img_1_5_11,clicks_finetuned_b4,3+6 clicks,2,0.7366377341251713,5,3,1,8,6,4.871544471153847,3.9828148113905324
m5,img_1_5_11,clicks_finetuned_b4,10+20 clicks,0,0.8041920731707317,5,0,1,5,6,3.5985461353550297,3.9828148113905324
m5,img_1_5_11,clicks_finetuned_b4,10+20 clicks,1,0.7995925925925926,5,0,1,5,6,3.8181282359467454,3.9828148113905324
m5,img_1_5_11,clicks_finetuned_b4,10+20 clicks,2,0.7859104690565365,5,0,1,5,6,4.117164386094674,3.9828148113905324
