batch,patch,method,condition,seed,dice,tp,fp,fn,n_pred,n_gt,area_pred,area_gt
m1,img_5_0_8,otsu,no input,0,0.09924872903049137,1,1,0,2,1,11.463774731878699,0.6697254068047337
m1,img_5_0_8,dino_clicks,3+6 clicks,0,0.7409619109102646,1,2,0,3,1,1.1204465606508875,0.6697254068047337
m1,img_5_0_8,sam,3+6 clicks,0,0.7174929840972872,1,1,0,2,1,1.183431952662722,0.6697254068047337
m1,img_5_0_8,microsam,3+6 clicks,0,0.9265548494634858,1,0,0,1,1,0.7169644508136095,0.6697254068047337
m1,img_5_0_8,rf_clicks,3+6 clicks,0,0.4908542218390097,1,1,0,2,1,1.6759025980029585,0.6697254068047337
m1,img_5_0_8,dino_clicks,3+6 clicks,1,0.8990769854954863,1,0,0,1,1,0.7545245469674556,0.6697254068047337
m1,img_5_0_8,sam,3+6 clicks,1,0.7549755301794453,1,0,0,1,1,1.1013775887573964,0.6697254068047337
m1,img_5_0_8,microsam,3+6 clicks,1,0.5541477408558451,0,1,1,1,1,1.7474112426035502,0.6697254068047337
m1,img_5_0_8,rf_clicks,3+6 clicks,1,0.8235591506572295,1,0,0,1,1,0.4732572115384615,0.6697254068047337
m1,img_5_0_8,dino_clicks,3+6 clicks,2,0.9100407480931982,1,0,0,1,1,0.7129195173816568,0.6697254068047337
m1,img_5_0_8,sam,3+6 clicks,2,0.883453237410072,1,0,0,1,1,0.8362899870562129,0.6697254068047337
m1,img_5_0_8,microsam,3+6 clicks,2,0.6929640718562874,1,0,0,1,1,1.2602856878698225,0.6697254068047337
m1,img_5_0_8,rf_clicks,3+6 clicks,2,0.4884712997462066,1,2,0,3,1,2.005564672707101,0.6697254068047337
m1,img_5_0_8,dino_clicks,10+20 clicks,0,0.8879310344827587,1,0,0,1,1,0.8049417529585798,0.6697254068047337
m1,img_5_0_8,sam,10+20 clicks,0,0.691997611227232,1,0,0,1,1,1.2654863165680474,0.6697254068047337
m1,img_5_0_8,microsam,10+20 clicks,0,0.055845033048680465,0,3,1,3,1,23.284370377218934,0.6697254068047337
m1,img_5_0_8,rf_clicks,10+20 clicks,0,0.6530258912410483,1,1,0,2,1,1.165952061760355,0.6697254068047337
m1,img_5_0_8,dino_clicks,10+20 clicks,1,0.9193230194164677,1,0,0,1,1,0.7215872318786982,0.6697254068047337
m1,img_5_0_8,sam,10+20 clicks,1,0.8144629189759831,1,0,0,1,1,0.9723731046597633,0.6697254068047337
m1,img_5_0_8,microsam,10+20 clicks,1,0.4353460418818668,0,2,1,2,1,2.4070243158284024,0.6697254068047337
m1,img_5_0_8,rf_clicks,10+20 clicks,1,0.45559763187369995,1,1,0,2,1,2.038790911612426,0.6697254068047337
m1,img_5_0_8,dino_clicks,10+20 clicks,2,0.8944682588283324,1,0,0,1,1,0.7457123705621301,0.6697254068047337
m1,img_5_0_8,sam,10+20 clicks,2,0.7615904966177198,1,0,0,1,1,1.0814418454142012,0.6697254068047337
m1,img_5_0_8,microsam,10+20 clicks,2,0.4868980727826498,0,3,1,3,1,2.081262712647929,0.6697254068047337
m1,img_5_0_8,rf_clicks,10+20 clicks,2,0.45462158484245785,1,2,0,3,1,2.0903638128698225,0.6697254068047337
m1,img_5_16_5,otsu,no input,0,0.0,0,0,3,0,3,0.0,1.1000774315828403
m1,img_5_16_5,dino_clicks,3+6 clicks,0,0.8284001730210715,3,1,0,4,3,1.2377496301775148,1.1000774315828403
m1,img_5_16_5,sam,3+6 clicks,0,0.23508755428051858,1,11,2,12,3,8.115003235946745,1.1000774315828403
m1,img_5_16_5,microsam,3+6 clicks,0,0.030423613358423324,0,3,3,3,3,71.21726493158283,1.1000774315828403
m1,img_5_16_5,rf_clicks,3+6 clicks,0,0.0,0,0,3,0,3,0.0,1.1000774315828403
m1,img_5_16_5,dino_clicks,3+6 clicks,1,0.815498396491917,3,1,0,4,3,1.1071560650887573,1.1000774315828403
m1,img_5_16_5,sam,3+6 clicks,1,0.07144952357522023,0,5,3,5,3,29.43425827477811,1.1000774315828403
m1,img_5_16_5,microsam,3+6 clicks,1,0.026786829251991422,0,3,3,3,3,81.03561852810651,1.1000774315828403
m1,img_5_16_5,rf_clicks,3+6 clicks,1,0.0,0,0,3,0,3,0.0,1.1000774315828403
m1,img_5_16_5,dino_clicks,3+6 clicks,2,0.8177765950369237,3,1,0,4,3,1.0713295118343196,1.1000774315828403
m1,img_5_16_5,sam,3+6 clicks,2,0.08859917365017858,0,5,3,5,3,23.65433732433432,1.1000774315828403
m1,img_5_16_5,microsam,3+6 clicks,2,0.028896305333199257,0,4,3,4,3,75.03958256286982,1.1000774315828403
m1,img_5_16_5,rf_clicks,3+6 clicks,2,0.0,0,0,3,0,3,0.0,1.1000774315828403
m1,img_5_16_5,dino_clicks,10+20 clicks,0,0.8338789357776323,3,1,0,4,3,1.3270270894970415,1.1000774315828403
m1,img_5_16_5,sam,10+20 clicks,0,0.10733386436049158,0,2,3,2,3,19.21242256841716,1.1000774315828403
m1,img_5_16_5,microsam,10+20 clicks,0,0.03137204818482936,0,3,3,3,3,69.03097841161244,1.1000774315828403
m1,img_5_16_5,rf_clicks,10+20 clicks,0,0.66310551066064,1,3,2,4,3,2.06407174556213,1.1000774315828403
m1,img_5_16_5,dino_clicks,10+20 clicks,1,0.750929870832488,2,1,1,3,3,1.0360808062130178,1.1000774315828403
m1,img_5_16_5,sam,10+20 clicks,1,0.46204156479217606,1,3,2,4,3,3.6267162074704142,1.1000774315828403
m1,img_5_16_5,microsam,10+20 clicks,1,0.06143779775951721,0,2,3,2,3,34.71101839866864,1.1000774315828403
m1,img_5_16_5,rf_clicks,10+20 clicks,1,0.6308598089313486,2,1,1,3,3,1.500814765162722,1.1000774315828403
m1,img_5_16_5,dino_clicks,10+20 clicks,2,0.835731184858367,3,1,0,4,3,1.159162352071006,1.1000774315828403
m1,img_5_16_5,sam,10+20 clicks,2,0.6603100903739325,1,0,2,1,3,0.6422776442307692,1.1000774315828403
m1,img_5_16_5,microsam,10+20 clicks,2,0.0437839951242511,0,1,3,1,3,49.15013059356509,1.1000774315828403
m1,img_5_16_5,rf_clicks,10+20 clicks,2,0.5034705249780037,1,0,2,1,3,0.3776234282544379,1.1000774315828403
m1,img_15_2_6,otsu,no input,0,0.0,0,0,2,0,2,0.0,0.6353434726331362
m1,img_15_2_6,dino_clicks,3+6 clicks,0,0.8369972647148212,2,1,0,3,2,0.7906400240384616,0.6353434726331362
m1,img_15_2_6,sam,3+6 clicks,0,0.0554424491493908,0,12,2,12,2,22.283682738535504,0.6353434726331362
m1,img_15_2_6,microsam,3+6 clicks,0,0.015538220206045703,0,6,2,6,2,81.14280926405326,0.6353434726331362
m1,img_15_2_6,rf_clicks,3+6 clicks,0,0.0,0,0,2,0,2,0.0,0.6353434726331362
m1,img_15_2_6,dino_clicks,3+6 clicks,1,0.9087181700474752,2,0,0,2,2,0.7035294933431953,0.6353434726331362
m1,img_15_2_6,sam,3+6 clicks,1,0.024932975871313674,0,1,2,1,2,50.01589080991125,0.6353434726331362
m1,img_15_2_6,microsam,3+6 clicks,1,0.018350767536081915,0,1,2,1,2,68.60900517751479,0.6353434726331362
m1,img_15_2_6,rf_clicks,3+6 clicks,1,0.0,0,0,2,0,2,0.0,0.6353434726331362
m1,img_15_2_6,dino_clicks,3+6 clicks,2,0.7831451824625886,1,0,1,1,2,0.46516734467455617,0.6353434726331362
m1,img_15_2_6,sam,3+6 clicks,2,0.061121538364929076,0,6,2,6,2,20.06908168454142,0.6353434726331362
m1,img_15_2_6,microsam,3+6 clicks,2,0.025537770990416077,0,3,2,3,2,49.121816059541416,0.6353434726331362
m1,img_15_2_6,rf_clicks,3+6 clicks,2,0.7348732111473764,1,0,1,1,2,0.5154400887573964,0.6353434726331362
m1,img_15_2_6,dino_clicks,10+20 clicks,0,0.828560142208177,2,1,0,3,2,0.8274778106508877,0.6353434726331362
m1,img_15_2_6,sam,10+20 clicks,0,0.03548397764476339,1,3,1,4,2,34.3117256841716,0.6353434726331362
m1,img_15_2_6,microsam,10+20 clicks,0,0.03512414845103943,0,2,2,2,2,35.541674371301774,0.6353434726331362
m1,img_15_2_6,rf_clicks,10+20 clicks,0,0.7516900676027041,1,0,1,1,2,0.47585752588757396,0.6353434726331362
m1,img_15_2_6,dino_clicks,10+20 clicks,1,0.9063391094538276,2,0,0,2,2,0.6818602071005917,0.6353434726331362
m1,img_15_2_6,sam,10+20 clicks,1,0.09010259059709204,1,5,1,6,2,9.151228504068047,0.6353434726331362
m1,img_15_2_6,microsam,10+20 clicks,1,0.017461874114101713,0,3,2,3,2,72.13387573964496,0.6353434726331362
m1,img_15_2_6,rf_clicks,10+20 clicks,1,0.7519038076152305,1,0,1,1,2,0.4459539108727811,0.6353434726331362
m1,img_15_2_6,dino_clicks,10+20 clicks,2,0.7778391820945012,1,0,1,1,2,0.41027181952662717,0.6353434726331362
m1,img_15_2_6,sam,10+20 clicks,2,0.08035968775572126,1,8,1,9,2,15.076478134245564,0.6353434726331362
m1,img_15_2_6,microsam,10+20 clicks,2,0.019163148194141253,0,5,2,5,2,65.67353920118343,0.6353434726331362
m1,img_15_2_6,rf_clicks,10+20 clicks,2,0.7671340584458132,1,0,1,1,2,0.46704534948224846,0.6353434726331362
m1,img_3_12_12,otsu,no input,0,0.0,0,1,1,1,1,0.8940747503698224,0.14503975591715976
m1,img_3_12_12,dino_clicks,3+6 clicks,0,0.0,0,1,1,1,1,0.1544297799556213,0.14503975591715976
m1,img_3_12_12,sam,3+6 clicks,0,0.5473920358945598,1,1,0,2,1,0.3701114090236686,0.14503975591715976
m1,img_3_12_12,microsam,3+6 clicks,0,0.8976307554760841,1,0,0,1,1,0.17812153291420119,0.14503975591715976
m1,img_3_12_12,rf_clicks,3+6 clicks,0,0.0,0,1,1,1,1,0.7915067954881656,0.14503975591715976
m1,img_3_12_12,dino_clicks,3+6 clicks,1,0.0,0,0,1,0,1,0.0,0.14503975591715976
m1,img_3_12_12,sam,3+6 clicks,1,0.45020463847203274,0,1,1,1,1,0.49030371671597633,0.14503975591715976
m1,img_3_12_12,microsam,3+6 clicks,1,0.8944320712694878,1,0,0,1,1,0.17927722818047337,0.14503975591715976
m1,img_3_12_12,rf_clicks,3+6 clicks,1,0.0,0,1,1,1,1,0.9283122226331362,0.14503975591715976
m1,img_3_12_12,dino_clicks,3+6 clicks,2,0.0,0,0,1,0,1,0.0,0.14503975591715976
m1,img_3_12_12,sam,3+6 clicks,2,0.5828331332533013,1,1,0,2,1,0.33630732248520706,0.14503975591715976
m1,img_3_12_12,microsam,3+6 clicks,2,0.8869257950530035,1,0,0,1,1,0.1820220044378698,0.14503975591715976
m1,img_3_12_12,rf_clicks,3+6 clicks,2,0.0,0,1,1,1,1,1.281088202662722,0.14503975591715976
m1,img_3_12_12,dino_clicks,10+20 clicks,0,0.0,0,0,1,0,1,0.0,0.14503975591715976
m1,img_3_12_12,sam,10+20 clicks,0,0.0,0,0,1,0,1,0.0,0.14503975591715976
m1,img_3_12_12,microsam,10+20 clicks,0,0.8159284843559529,1,0,0,1,1,0.21048100036982248,0.14503975591715976
m1,img_3_12_12,rf_clicks,10+20 clicks,0,0.0,0,0,1,0,1,0.0,0.14503975591715976
m1,img_3_12_12,dino_clicks,10+20 clicks,1,0.0,0,1,1,1,1,0.1567411704881657,0.14503975591715976
m1,img_3_12_12,sam,10+20 clicks,1,0.009973053862445437,0,8,1,8,1,28.91231740014793,0.14503975591715976
m1,img_3_12_12,microsam,10+20 clicks,1,0.8170282439623414,1,0,0,1,1,0.20788068602071008,0.14503975591715976
m1,img_3_12_12,rf_clicks,10+20 clicks,1,0.0,0,2,1,2,1,1.879738350591716,0.14503975591715976
m1,img_3_12_12,dino_clicks,10+20 clicks,2,0.0,0,0,1,0,1,0.0,0.14503975591715976
m1,img_3_12_12,sam,10+20 clicks,2,0.35454706612302783,0,1,1,1,1,0.6698698687130178,0.14503975591715976
m1,img_3_12_12,microsam,10+20 clicks,2,0.0,0,0,1,0,1,0.0,0.14503975591715976
m1,img_3_12_12,rf_clicks,10+20 clicks,2,0.0,0,1,1,1,1,0.9351019323224852,0.14503975591715976
m1,img_21_12_1,otsu,no input,0,0.8877074502478627,2,0,0,2,2,0.9044760077662722,1.1062892936390532
m1,img_21_12_1,dino_clicks,3+6 clicks,0,0.6970283806343907,2,1,0,3,2,1.0570277829142012,1.1062892936390532
m1,img_21_12_1,sam,3+6 clicks,0,0.8719988429273937,2,0,0,2,2,0.8913299741124261,1.1062892936390532
m1,img_21_12_1,microsam,3+6 clicks,0,0.06556941048905983,0,2,2,2,2,13.016162398298817,1.1062892936390532
m1,img_21_12_1,rf_clicks,3+6 clicks,0,0.8189693801344287,2,0,0,2,2,0.8280556582840236,1.1062892936390532
m1,img_21_12_1,dino_clicks,3+6 clicks,1,0.7846025358742692,1,1,1,2,2,0.7964185003698224,1.1062892936390532
m1,img_21_12_1,sam,3+6 clicks,1,0.8022212729602733,1,1,1,2,2,0.9228226701183432,1.1062892936390532
m1,img_21_12_1,microsam,3+6 clicks,1,0.3391427702908096,0,2,2,2,2,1.7450998520710062,1.1062892936390532
m1,img_21_12_1,rf_clicks,3+6 clicks,1,0.49305308158175987,2,3,0,5,2,2.5432518953402363,1.1062892936390532
m1,img_21_12_1,dino_clicks,3+6 clicks,2,0.6331943918150815,1,3,1,4,2,1.1811205621301775,1.1062892936390532
m1,img_21_12_1,sam,3+6 clicks,2,0.8366469015230787,2,1,0,3,2,1.378744452662722,1.1062892936390532
m1,img_21_12_1,microsam,3+6 clicks,2,0.036843527092350226,0,1,2,1,2,24.0270490477071,1.1062892936390532
m1,img_21_12_1,rf_clicks,3+6 clicks,2,0.0,0,0,2,0,2,0.0,1.1062892936390532
m1,img_21_12_1,dino_clicks,10+20 clicks,0,0.6778742533407229,2,2,0,4,2,1.2396276349852071,1.1062892936390532
m1,img_21_12_1,sam,10+20 clicks,0,0.9284996230208595,2,0,0,2,2,1.1929664386094674,1.1062892936390532
m1,img_21_12_1,microsam,10+20 clicks,0,0.028753566920795077,0,1,2,1,2,75.6926948502219,1.1062892936390532
m1,img_21_12_1,rf_clicks,10+20 clicks,0,0.8142563399588759,2,0,0,2,2,0.7906400240384616,1.1062892936390532
m1,img_21_12_1,dino_clicks,10+20 clicks,1,0.7158601561929786,2,1,0,3,2,0.8729833117603549,1.1062892936390532
m1,img_21_12_1,sam,10+20 clicks,1,0.554011555620566,1,2,1,3,2,2.844166050295858,1.1062892936390532
m1,img_21_12_1,microsam,10+20 clicks,1,0.05082747420266558,0,2,2,2,2,42.39075790495562,1.1062892936390532
m1,img_21_12_1,rf_clicks,10+20 clicks,1,0.0,0,0,2,0,2,0.0,1.1062892936390532
m1,img_21_12_1,dino_clicks,10+20 clicks,2,0.579335978703099,2,4,0,6,2,1.7698028383875741,1.1062892936390532
m1,img_21_12_1,sam,10+20 clicks,2,0.8220661398887913,2,0,0,2,2,0.8682160687869823,1.1062892936390532
m1,img_21_12_1,microsam,10+20 clicks,2,0.024156357052280943,0,1,2,1,2,90.48776118713018,1.1062892936390532
m1,img_21_12_1,rf_clicks,10+20 clicks,2,0.8223898254954155,2,0,0,2,2,0.8474135539940829,1.1062892936390532
m1,img_1_5_11,otsu,no input,0,0.47831529342463736,1,1,3,2,4,0.8865627311390533,1.0753744452662723
m1,img_1_5_11,dino_clicks,3+6 clicks,0,0.6534531450577664,3,3,1,6,4,1.7380212185650885,1.0753744452662723
m1,img_1_5_11,sam,3+6 clicks,0,0.02710489040405253,0,2,4,2,4,35.02825674926036,1.0753744452662723
m1,img_1_5_11,microsam,3+6 clicks,0,0.021512585613964106,0,1,4,1,4,98.90093380177515,1.0753744452662723
m1,img_1_5_11,rf_clicks,3+6 clicks,0,0.4449465080736262,1,1,3,2,4,1.0986328125,1.0753744452662723
m1,img_1_5_11,dino_clicks,3+6 clicks,1,0.5020942408376964,1,1,3,2,4,0.580159023668639,1.0753744452662723
m1,img_1_5_11,sam,3+6 clicks,1,0.03234741220702344,0,3,4,3,4,56.71401164940828,1.0753744452662723
m1,img_1_5_11,microsam,3+6 clicks,1,0.02729010439641229,0,3,4,3,4,77.52346061390533,1.0753744452662723
m1,img_1_5_11,rf_clicks,3+6 clicks,1,0.4844846292947559,1,1,3,2,4,0.9218114367603549,1.0753744452662723
m1,img_1_5_11,dino_clicks,3+6 clicks,2,0.5822483550328993,2,2,2,4,4,0.9884083764792899,1.0753744452662723
m1,img_1_5_11,sam,3+6 clicks,2,0.020417508417508418,0,2,4,2,4,63.28240569526628,1.0753744452662723
m1,img_1_5_11,microsam,3+6 clicks,2,0.021812417313386477,0,2,4,2,4,97.52666766826923,1.0753744452662723
m1,img_1_5_11,rf_clicks,3+6 clicks,2,0.42860335195530724,1,1,3,2,4,0.8640266734467457,1.0753744452662723
m1,img_1_5_11,dino_clicks,10+20 clicks,0,0.7054970760233918,3,2,1,5,4,1.3949241863905326,1.0753744452662723
m1,img_1_5_11,sam,10+20 clicks,0,0.06073703600794459,0,2,4,2,4,27.00021958210059,1.0753744452662723
m1,img_1_5_11,microsam,10+20 clicks,0,0.023246082454266674,0,1,4,1,4,91.44554363905326,1.0753744452662723
m1,img_1_5_11,rf_clicks,10+20 clicks,0,0.4527484430002708,1,1,3,2,4,1.0586168639053255,1.0753744452662723
m1,img_1_5_11,dino_clicks,10+20 clicks,1,0.5431286549707602,3,6,1,9,4,2.4818555843195265,1.0753744452662723
m1,img_1_5_11,sam,10+20 clicks,1,0.06711879092863213,0,7,4,7,4,16.263810558431953,1.0753744452662723
m1,img_1_5_11,microsam,10+20 clicks,1,0.026960660036362848,0,6,4,6,4,78.69822485207101,1.0753744452662723
m1,img_1_5_11,rf_clicks,10+20 clicks,1,0.36160672871764743,2,5,2,7,4,3.5963792067307696,1.0753744452662723
m1,img_1_5_11,dino_clicks,10+20 clicks,2,0.6668653513739048,3,2,1,5,4,1.3482629900147929,1.0753744452662723
m1,img_1_5_11,sam,10+20 clicks,2,0.04362905356034072,0,5,4,5,4,41.035705205251475,1.0753744452662723
m1,img_1_5_11,microsam,10+20 clicks,2,0.022123091645590686,0,2,4,2,4,96.14200027736686,1.0753744452662723
m1,img_1_5_11,rf_clicks,10+20 clicks,2,0.4282422891118543,1,1,3,2,4,0.8683605306952663,1.0753744452662723
m1,img_21_5_18,otsu,no input,0,0.19065077910174152,1,2,1,3,2,7.605197161612426,1.0632396449704142
m1,img_21_5_18,dino_clicks,3+6 clicks,0,0.39245924709745517,1,8,1,9,2,3.8640671227810652,1.0632396449704142
m1,img_21_5_18,sam,3+6 clicks,0,0.09074486253861189,0,3,2,3,2,22.367181721523668,1.0632396449704142
m1,img_21_5_18,microsam,3+6 clicks,0,0.07510663918199073,0,6,2,6,2,27.249560835798814,1.0632396449704142
m1,img_21_5_18,rf_clicks,3+6 clicks,0,0.2327648330530867,1,4,1,5,2,6.153499445266272,1.0632396449704142
m1,img_21_5_18,dino_clicks,3+6 clicks,1,0.6252257389981941,1,4,1,5,2,1.9765278291420119,1.0632396449704142
m1,img_21_5_18,sam,3+6 clicks,1,0.9230229457581924,1,0,1,1,2,0.995487009985207,1.0632396449704142
m1,img_21_5_18,microsam,3+6 clicks,1,0.3697470548340911,0,2,2,2,2,4.687933385724852,1.0632396449704142
m1,img_21_5_18,rf_clicks,3+6 clicks,1,0.23378954453668388,1,1,1,2,2,4.087694156804734,1.0632396449704142
m1,img_21_5_18,dino_clicks,3+6 clicks,2,0.47753316704623505,1,7,1,8,2,2.933010123890533,1.0632396449704142
m1,img_21_5_18,sam,3+6 clicks,2,0.3632464533157374,0,5,2,5,2,4.191128883136094,1.0632396449704142
m1,img_21_5_18,microsam,3+6 clicks,2,0.16053394987676403,0,1,2,1,2,12.183050573224852,1.0632396449704142
m1,img_21_5_18,rf_clicks,3+6 clicks,2,0.2534300055772448,1,1,1,2,2,4.117164386094674,1.0632396449704142
m1,img_21_5_18,dino_clicks,10+20 clicks,0,0.5814732628464517,1,4,1,5,2,2.256928393121302,1.0632396449704142
m1,img_21_5_18,sam,10+20 clicks,0,0.9221515003147513,1,0,1,1,2,1.0021322577662723,1.0632396449704142
m1,img_21_5_18,microsam,10+20 clicks,0,0.23526027265898447,0,5,2,5,2,7.975597494452663,1.0632396449704142
m1,img_21_5_18,rf_clicks,10+20 clicks,0,0.7194298109699411,1,1,1,2,2,1.2676532451923077,1.0632396449704142
m1,img_21_5_18,dino_clicks,10+20 clicks,1,0.6176277543366151,1,4,1,5,2,2.0181328587278107,1.0632396449704142
m1,img_21_5_18,sam,10+20 clicks,1,0.9251633757290423,1,0,1,1,2,0.9925977718195266,1.0632396449704142
m1,img_21_5_18,microsam,10+20 clicks,1,0.16053824566453193,0,3,2,3,2,10.982283191568047,1.0632396449704142
m1,img_21_5_18,rf_clicks,10+20 clicks,1,0.37440195965859074,1,2,1,3,2,2.7111166327662723,1.0632396449704142
m1,img_21_5_18,dino_clicks,10+20 clicks,2,0.6543453012169873,1,4,1,5,2,1.7975395247781065,1.0632396449704142
m1,img_21_5_18,sam,10+20 clicks,2,0.9189453125,1,0,1,1,2,1.007766272189349,1.0632396449704142
m1,img_21_5_18,microsam,10+20 clicks,2,0.7476123987712929,1,0,1,1,2,1.5233508228550297,1.0632396449704142
m1,img_21_5_18,rf_clicks,10+20 clicks,2,0.5047531783300881,1,1,1,2,2,1.4593541974852071,1.0632396449704142
m1,img_17_15_13,otsu,no input,0,0.793558052434457,4,0,2,4,6,3.1551925388313613,4.559073363535503
m1,img_17_15_13,dino_clicks,3+6 clicks,0,0.7641549268742083,5,0,1,5,6,2.967680981878698,4.559073363535503
m1,img_17_15_13,sam,3+6 clicks,0,0.11144401722159678,1,2,5,3,6,75.76839289016272,4.559073363535503
m1,img_17_15_13,microsam,3+6 clicks,0,0.20200883109321172,1,6,5,7,6,40.09915865384615,4.559073363535503
m1,img_17_15_13,rf_clicks,3+6 clicks,0,0.8060545635819814,5,0,1,5,6,3.4101678069526624,4.559073363535503
m1,img_17_15_13,dino_clicks,3+6 clicks,1,0.702230412403889,5,7,1,12,6,4.534514839127219,4.559073363535503
m1,img_17_15_13,sam,3+6 clicks,1,0.09447651770910326,0,1,6,1,6,67.7571133043639,4.559073363535503
m1,img_17_15_13,microsam,3+6 clicks,1,0.0937140413679239,0,1,6,1,6,92.73847771819527,4.559073363535503
m1,img_17_15_13,rf_clicks,3+6 clicks,1,0.8473562876478025,5,0,1,5,6,5.1538230399408285,4.559073363535503
m1,img_17_15_13,dino_clicks,3+6 clicks,2,0.7181606757684939,5,10,1,15,6,7.429387019230769,4.559073363535503
m1,img_17_15_13,sam,3+6 clicks,2,0.345646154836771,1,5,5,6,6,8.90217617418639,4.559073363535503
m1,img_17_15_13,microsam,3+6 clicks,2,0.0955067566322601,0,5,6,5,6,73.84416027181953,4.559073363535503
m1,img_17_15_13,rf_clicks,3+6 clicks,2,0.5712769028749174,4,9,2,13,6,10.952812962278106,4.559073363535503
m1,img_17_15_13,dino_clicks,10+20 clicks,0,0.8150059675494339,5,3,1,8,6,4.397853873890532,4.559073363535503
m1,img_17_15_13,sam,10+20 clicks,0,0.25584519779911985,2,2,4,4,6,25.8708163831361,4.559073363535503
m1,img_17_15_13,microsam,10+20 clicks,0,0.17213058822566074,1,6,5,7,6,48.3678693602071,4.559073363535503
m1,img_17_15_13,rf_clicks,10+20 clicks,0,0.792783231626426,5,1,1,6,6,6.330465282914201,4.559073363535503
m1,img_17_15_13,dino_clicks,10+20 clicks,1,0.8325717858688856,5,3,1,8,6,4.451449241863906,4.559073363535503
m1,img_17_15_13,sam,10+20 clicks,1,0.4770362243061151,1,2,5,3,6,3.8675342085798814,4.559073363535503
m1,img_17_15_13,microsam,10+20 clicks,1,0.1789266893261405,0,9,6,9,6,46.4011649408284,4.559073363535503
m1,img_17_15_13,rf_clicks,10+20 clicks,1,0.845078767600725,4,0,2,4,6,3.730728781434911,4.559073363535503
m1,img_17_15_13,dino_clicks,10+20 clicks,2,0.8316555676010531,5,3,1,8,6,4.768832054363906,4.559073363535503
m1,img_17_15_13,sam,10+20 clicks,2,0.86631463713053,4,0,2,4,6,4.414322531434911,4.559073363535503
m1,img_17_15_13,microsam,10+20 clicks,2,0.15455978115429217,0,2,6,2,6,53.741707886464496,4.559073363535503
m1,img_17_15_13,rf_clicks,10+20 clicks,2,0.8307143862282471,4,0,2,4,6,4.680276904585798,4.559073363535503
m1,img_11_5_9,otsu,no input,0,0.6009368320523898,1,2,1,3,2,1.8674590883875741,1.3091138128698225
m1,img_11_5_9,dino_clicks,3+6 clicks,0,0.8515316469206959,2,1,0,3,2,1.397813424556213,1.3091138128698225
m1,img_11_5_9,sam,3+6 clicks,0,0.9482506894500622,2,0,0,2,2,1.3624202570266273,1.3091138128698225
m1,img_11_5_9,microsam,3+6 clicks,0,0.058480928518648785,0,4,2,4,2,43.4615095691568,1.3091138128698225
m1,img_11_5_9,rf_clicks,3+6 clicks,0,0.6025328114206769,1,2,1,3,2,1.8278765255177514,1.3091138128698225
m1,img_11_5_9,dino_clicks,3+6 clicks,1,0.7463492790112154,2,3,0,5,2,1.8466565735946745,1.3091138128698225
m1,img_11_5_9,sam,3+6 clicks,1,0.8117795214569408,2,1,0,3,2,1.67344674556213,1.3091138128698225
m1,img_11_5_9,microsam,3+6 clicks,1,0.09309205964384223,0,5,2,5,2,26.816030649038463,1.3091138128698225
m1,img_11_5_9,rf_clicks,3+6 clicks,1,0.5660648405106272,2,3,0,5,2,3.1156099759615383,1.3091138128698225
m1,img_11_5_9,dino_clicks,3+6 clicks,2,0.7176986835689907,2,3,0,5,2,1.9500912999260354,1.3091138128698225
m1,img_11_5_9,sam,3+6 clicks,2,0.7335236541598695,2,3,0,5,2,2.233092178254438,1.3091138128698225
m1,img_11_5_9,microsam,3+6 clicks,2,0.05083728366665732,0,3,2,3,2,50.19300110946746,1.3091138128698225
m1,img_11_5_9,rf_clicks,3+6 clicks,2,0.5305963615137659,1,2,1,3,2,1.6607340976331362,1.3091138128698225
m1,img_11_5_9,dino_clicks,10+20 clicks,0,0.6838779865266329,2,4,0,6,2,2.1433813332100593,1.3091138128698225
m1,img_11_5_9,sam,10+20 clicks,0,0.8087002403705223,1,0,1,1,2,1.1549729567307692,1.3091138128698225
m1,img_11_5_9,microsam,10+20 clicks,0,0.832139577594123,2,0,0,2,2,1.837266549556213,1.3091138128698225
m1,img_11_5_9,rf_clicks,10+20 clicks,0,0.5880267647449816,1,2,1,3,2,1.9509580713757395,1.3091138128698225
m1,img_11_5_9,dino_clicks,10+20 clicks,1,0.8193064781522336,1,0,1,1,2,1.061361640162722,1.3091138128698225
m1,img_11_5_9,sam,10+20 clicks,1,0.14936822610163175,0,8,2,8,2,11.87317977995562,1.3091138128698225
m1,img_11_5_9,microsam,10+20 clicks,1,0.17862669150330662,1,8,1,9,2,13.34842478735207,1.3091138128698225
m1,img_11_5_9,rf_clicks,10+20 clicks,1,0.6645092838196286,1,1,1,2,2,1.4139931582840235,1.3091138128698225
m1,img_11_5_9,dino_clicks,10+20 clicks,2,0.6319343205708586,2,5,0,7,2,2.4564302884615383,1.3091138128698225
m1,img_11_5_9,sam,10+20 clicks,2,0.819560949491344,1,0,1,1,2,1.1191464034763314,1.3091138128698225
m1,img_11_5_9,microsam,10+20 clicks,2,0.3085724014642036,0,3,2,3,2,7.1758563701923075,1.3091138128698225
m1,img_11_5_9,rf_clicks,10+20 clicks,2,0.7963864684777038,1,0,1,1,2,0.945647651627219,1.3091138128698225
m1,img_9_1_4,otsu,no input,0,0.05709775349119611,1,1,1,2,2,23.04860854289941,0.7442677514792899
m1,img_9_1_4,dino_clicks,3+6 clicks,0,0.8200589970501475,1,0,1,1,2,1.067717964127219,0.7442677514792899
m1,img_9_1_4,sam,3+6 clicks,0,0.9289340101522843,1,0,1,1,2,0.8494360207100591,0.7442677514792899
m1,img_9_1_4,microsam,3+6 clicks,0,0.7803656778696608,1,1,1,2,2,1.159884661612426,0.7442677514792899
m1,img_9_1_4,rf_clicks,3+6 clicks,0,0.5791110087517273,1,2,1,3,2,1.764746671597633,0.7442677514792899
m1,img_9_1_4,dino_clicks,3+6 clicks,1,0.9234823700472555,1,0,1,1,2,0.8453910872781065,0.7442677514792899
m1,img_9_1_4,sam,3+6 clicks,1,0.7324586423274386,1,2,1,3,2,1.281666050295858,0.7442677514792899
m1,img_9_1_4,microsam,3+6 clicks,1,0.8878528878528879,1,0,1,1,2,0.9290345321745562,0.7442677514792899
m1,img_9_1_4,rf_clicks,3+6 clicks,1,0.8009264620729589,1,0,1,1,2,0.5031608265532544,0.7442677514792899
m1,img_9_1_4,dino_clicks,3+6 clicks,2,0.9278595592941392,1,0,1,1,2,0.835712139423077,0.7442677514792899
m1,img_9_1_4,sam,3+6 clicks,2,0.9383877513373916,1,0,1,1,2,0.8219882581360947,0.7442677514792899
m1,img_9_1_4,microsam,3+6 clicks,2,0.8822519739100584,1,0,1,1,2,0.9390024038461539,0.7442677514792899
m1,img_9_1_4,rf_clicks,3+6 clicks,2,0.7818910634284367,1,0,1,1,2,0.48105815458579887,0.7442677514792899
m1,img_9_1_4,dino_clicks,10+20 clicks,0,0.9272994308793832,1,0,1,1,2,0.8295002773668638,0.7442677514792899
m1,img_9_1_4,sam,10+20 clicks,0,0.6170994758088811,1,2,1,3,2,1.653366540310651,0.7442677514792899
m1,img_9_1_4,microsam,10+20 clicks,0,0.869704912488374,1,0,1,1,2,0.964283237795858,0.7442677514792899
m1,img_9_1_4,rf_clicks,10+20 clicks,0,0.8562637362637363,1,0,1,1,2,0.5703356139053255,0.7442677514792899
m1,img_9_1_4,dino_clicks,10+20 clicks,1,0.862824062421344,1,0,1,1,2,0.9775737333579883,0.7442677514792899
m1,img_9_1_4,sam,10+20 clicks,1,0.9288884862759308,1,0,1,1,2,0.8504472540680473,0.7442677514792899
m1,img_9_1_4,microsam,10+20 clicks,1,0.5422531498761136,0,1,2,1,2,1.9960301867603552,0.7442677514792899
m1,img_9_1_4,rf_clicks,10+20 clicks,1,0.8416869066018988,1,0,1,1,2,0.5642682137573964,0.7442677514792899
m1,img_9_1_4,dino_clicks,10+20 clicks,2,0.7653843291911601,1,1,1,2,2,1.1971558339497042,0.7442677514792899
m1,img_9_1_4,sam,10+20 clicks,2,0.8878528878528879,1,0,1,1,2,0.9290345321745562,0.7442677514792899
m1,img_9_1_4,microsam,10+20 clicks,2,0.7371514586767973,1,0,1,1,2,1.2711203309911243,0.7442677514792899
m1,img_9_1_4,rf_clicks,10+20 clicks,2,0.742086222490202,1,1,1,2,2,1.1724528476331362,0.7442677514792899
m1,img_3_11_16,otsu,no input,0,0.6221310424413387,1,0,1,1,2,0.3734340329142012,0.7532243897928994
m1,img_3_11_16,dino_clicks,3+6 clicks,0,0.7924627982741921,2,1,0,3,2,0.8874295025887574,0.7532243897928994
m1,img_3_11_16,sam,3+6 clicks,0,0.7703079123691937,2,1,0,3,2,1.165663137943787,0.7532243897928994
m1,img_3_11_16,microsam,3+6 clicks,0,0.14585286012058812,0,3,2,3,2,9.573346200073965,0.7532243897928994
m1,img_3_11_16,rf_clicks,3+6 clicks,0,0.6379633096218644,1,0,1,1,2,0.4043488812869822,0.7532243897928994
m1,img_3_11_16,dino_clicks,3+6 clicks,1,0.7989047273898687,2,1,0,3,2,1.0405591253698225,0.7532243897928994
m1,img_3_11_16,sam,3+6 clicks,1,0.40499922130509264,1,6,1,7,2,2.9571352625739644,0.7532243897928994
m1,img_3_11_16,microsam,3+6 clicks,1,0.036189484643414885,0,3,2,3,2,40.873474482248525,0.7532243897928994
m1,img_3_11_16,rf_clicks,3+6 clicks,1,0.0,0,0,2,0,2,0.0,0.7532243897928994
m1,img_3_11_16,dino_clicks,3+6 clicks,2,0.8627377141781208,2,0,0,2,2,0.78125,0.7532243897928994
m1,img_3_11_16,sam,3+6 clicks,2,0.3595398462180366,1,2,1,3,2,1.6704130454881658,0.7532243897928994
m1,img_3_11_16,microsam,3+6 clicks,2,0.06558531814665501,0,2,2,2,2,22.21607456545858,0.7532243897928994
m1,img_3_11_16,rf_clicks,3+6 clicks,2,0.6736924788898344,2,1,0,3,2,1.4537201830621302,0.7532243897928994
m1,img_3_11_16,dino_clicks,10+20 clicks,0,0.5975230380935611,2,4,0,6,2,1.7079731416420119,0.7532243897928994
m1,img_3_11_16,sam,10+20 clicks,0,0.8705822955233928,2,0,0,2,2,0.9635609282544378,0.7532243897928994
m1,img_3_11_16,microsam,10+20 clicks,0,0.13586630108369238,0,1,2,1,2,10.311113165680473,0.7532243897928994
m1,img_3_11_16,rf_clicks,10+20 clicks,0,0.8642457152553877,2,0,0,2,2,0.9494036612426036,0.7532243897928994
m1,img_3_11_16,dino_clicks,10+20 clicks,1,0.736313184340783,2,2,0,4,2,1.1730306952662723,0.7532243897928994
m1,img_3_11_16,sam,10+20 clicks,1,0.5067837969741337,2,2,0,4,2,2.2068001109467454,0.7532243897928994
m1,img_3_11_16,microsam,10+20 clicks,1,0.14224525985540853,0,3,2,3,2,9.837278106508876,0.7532243897928994
m1,img_3_11_16,rf_clicks,10+20 clicks,1,0.624444726488133,1,0,1,1,2,0.3849909855769231,0.7532243897928994
m1,img_3_11_16,dino_clicks,10+20 clicks,2,0.8609326424870466,2,0,0,2,2,0.640833025147929,0.7532243897928994
m1,img_3_11_16,sam,10+20 clicks,2,0.8742596039939076,2,0,0,2,2,0.9540264423076924,0.7532243897928994
m1,img_3_11_16,microsam,10+20 clicks,2,0.27237110170819623,0,3,2,3,2,4.777644230769231,0.7532243897928994
m1,img_3_11_16,rf_clicks,10+20 clicks,2,0.8832051511357539,2,0,0,2,2,0.8621486686390533,0.7532243897928994
m1,img_11_12_14,otsu,no input,0,0.8151644785366573,5,2,0,7,5,4.053167760724852,3.7812904493343193
m1,img_11_12_14,dino_clicks,3+6 clicks,0,0.621237053528216,4,2,1,6,5,2.1884534485946747,3.7812904493343193
m1,img_11_12_14,sam,3+6 clicks,0,0.48620536210924464,3,0,2,3,5,1.4129819249260356,3.7812904493343193
m1,img_11_12_14,microsam,3+6 clicks,0,0.2635645786142219,1,5,4,6,5,9.866603873890533,3.7812904493343193
m1,img_11_12_14,rf_clicks,3+6 clicks,0,0.5719805185971213,2,0,3,2,5,1.5281180658284024,3.7812904493343193
m1,img_11_12_14,dino_clicks,3+6 clicks,1,0.8013020541025929,4,0,1,4,5,2.6537652551775146,3.7812904493343193
m1,img_11_12_14,sam,3+6 clicks,1,0.6470766027470867,3,4,2,7,5,4.821994036612426,3.7812904493343193
m1,img_11_12_14,microsam,3+6 clicks,1,0.14876849290048502,1,5,4,6,5,38.929450582470416,3.7812904493343193
m1,img_11_12_14,rf_clicks,3+6 clicks,1,0.40347666971637697,1,0,4,1,5,0.9556155232988165,3.7812904493343193
m1,img_11_12_14,dino_clicks,3+6 clicks,2,0.799371339831983,5,3,0,8,5,3.9397651627218937,3.7812904493343193
m1,img_11_12_14,sam,3+6 clicks,2,0.8145385560609654,3,0,2,3,5,2.919864090236686,3.7812904493343193
m1,img_11_12_14,microsam,3+6 clicks,2,0.08563861343465466,1,2,4,3,5,81.689453125,3.7812904493343193
m1,img_11_12_14,rf_clicks,3+6 clicks,2,0.8105744384814152,4,0,1,4,5,2.759800295857988,3.7812904493343193
m1,img_11_12_14,dino_clicks,10+20 clicks,0,0.8665361535515173,5,0,0,5,5,3.0075524685650885,3.7812904493343193
m1,img_11_12_14,sam,10+20 clicks,0,0.8015721358464345,3,0,2,3,5,2.8714693509615383,3.7812904493343193
m1,img_11_12_14,microsam,10+20 clicks,0,0.09579344995782448,2,4,3,6,5,74.99956661427515,3.7812904493343193
m1,img_11_12_14,rf_clicks,10+20 clicks,0,0.5597146979555169,2,0,3,2,5,1.525228827662722,3.7812904493343193
m1,img_11_12_14,dino_clicks,10+20 clicks,1,0.8724360997159988,5,1,0,6,5,3.5435061482988166,3.7812904493343193
m1,img_11_12_14,sam,10+20 clicks,1,0.8110067983166073,3,0,2,3,5,2.912352071005917,3.7812904493343193
m1,img_11_12_14,microsam,10+20 clicks,1,0.09147487062615021,1,4,4,5,5,78.87677977071006,3.7812904493343193
m1,img_11_12_14,rf_clicks,10+20 clicks,1,0.776257976369762,5,2,0,7,5,5.523356601331361,3.7812904493343193
m1,img_11_12_14,dino_clicks,10+20 clicks,2,0.8386620650734735,4,0,1,4,5,2.8742141272189348,3.7812904493343193
m1,img_11_12_14,sam,10+20 clicks,2,0.8156233788690991,3,0,2,3,5,2.9020952755177514,3.7812904493343193
m1,img_11_12_14,microsam,10+20 clicks,2,0.1467862854291191,3,4,2,7,5,47.16695751664201,3.7812904493343193
m1,img_11_12_14,rf_clicks,10+20 clicks,2,0.6269005241035753,2,0,3,2,5,1.7865604197485205,3.7812904493343193
m1,img_13_11_9,otsu,no input,0,0.598128930013803,2,0,4,2,6,1.7364321375739646,3.915206638313609
m1,img_13_11_9,dino_clicks,3+6 clicks,0,0.6712895963981348,5,4,1,9,6,3.272062222633136,3.915206638313609
m1,img_13_11_9,sam,3+6 clicks,0,0.3968823258330161,2,3,4,5,6,3.2947427422337277,3.915206638313609
m1,img_13_11_9,microsam,3+6 clicks,0,0.09344000220979977,1,3,5,4,6,79.7626201923077,3.915206638313609
m1,img_13_11_9,rf_clicks,3+6 clicks,0,0.6402044879199744,2,1,4,3,6,1.9625150240384617,3.915206638313609
m1,img_13_11_9,dino_clicks,3+6 clicks,1,0.7323403399687562,6,6,0,12,6,5.424689117973372,3.915206638313609
m1,img_13_11_9,sam,3+6 clicks,1,0.12591928058404198,0,2,6,2,6,49.86825073964497,3.915206638313609
m1,img_13_11_9,microsam,3+6 clicks,1,0.08442885446910318,0,1,6,1,6,88.83049417529585,3.915206638313609
m1,img_13_11_9,rf_clicks,3+6 clicks,1,0.5486522746676424,3,6,3,9,6,7.929225221893491,3.915206638313609
m1,img_13_11_9,dino_clicks,3+6 clicks,2,0.6718722334360282,5,4,1,9,6,4.243713017751479,3.915206638313609
m1,img_13_11_9,sam,3+6 clicks,2,0.6963894850925474,3,0,3,3,6,2.8827373798076925,3.915206638313609
m1,img_13_11_9,microsam,3+6 clicks,2,0.1352609416514627,0,4,6,4,6,37.73345044378698,3.915206638313609
m1,img_13_11_9,rf_clicks,3+6 clicks,2,0.6818895390323961,3,0,3,3,6,2.158260909763314,3.915206638313609
m1,img_13_11_9,dino_clicks,10+20 clicks,0,0.7255477619495263,6,6,0,12,6,6.073612009985207,3.915206638313609
m1,img_13_11_9,sam,10+20 clicks,0,0.2450149938471464,2,6,4,8,6,20.268005732248522,3.915206638313609
m1,img_13_11_9,microsam,10+20 clicks,0,0.08588146380648627,0,1,6,1,6,87.26178231323965,3.915206638313609
m1,img_13_11_9,rf_clicks,10+20 clicks,0,0.692649072281762,3,0,3,3,6,2.204488720414201,3.915206638313609
m1,img_13_11_9,dino_clicks,10+20 clicks,1,0.7217574827321566,6,4,0,10,6,3.6141480214497044,3.915206638313609
m1,img_13_11_9,sam,10+20 clicks,1,0.13704284243133588,0,3,6,3,6,31.014671551405325,3.915206638313609
m1,img_13_11_9,microsam,10+20 clicks,1,0.08822452297981566,0,1,6,1,6,84.84031180658283,3.915206638313609
m1,img_13_11_9,rf_clicks,10+20 clicks,1,0.8068747501907634,5,1,1,6,6,4.036265717455621,3.915206638313609
m1,img_13_11_9,dino_clicks,10+20 clicks,2,0.7290623832648487,6,4,0,10,6,3.8192839312130173,3.915206638313609
m1,img_13_11_9,sam,10+20 clicks,2,0.2016715830875123,1,4,5,5,6,19.591635077662723,3.915206638313609
m1,img_13_11_9,microsam,10+20 clicks,2,0.08348697191070942,0,1,6,1,6,89.87683177699705,3.915206638313609
m1,img_13_11_9,rf_clicks,10+20 clicks,2,0.5593689599331348,2,0,4,2,6,1.6156619822485205,3.915206638313609
m1,img_7_17_4,otsu,no input,0,0.10868126413325244,1,1,0,2,1,9.860680935650889,0.616274500739645
m1,img_7_17_4,dino_clicks,3+6 clicks,0,0.9269044473800088,1,0,0,1,1,0.6960174741124261,0.616274500739645
m1,img_7_17_4,sam,3+6 clicks,0,0.9410002304678498,1,0,0,1,1,0.6373659393491125,0.616274500739645
m1,img_7_17_4,microsam,3+6 clicks,0,0.9328071906171216,1,0,0,1,1,0.701651488535503,0.616274500739645
m1,img_7_17_4,rf_clicks,3+6 clicks,0,0.9647334504979497,1,0,0,1,1,0.616707886464497,0.616274500739645
m1,img_7_17_4,dino_clicks,3+6 clicks,1,0.9477532727916028,1,0,0,1,1,0.6086180196005917,0.616274500739645
m1,img_7_17_4,sam,3+6 clicks,1,0.938827626233314,1,0,0,1,1,0.6282648391272189,0.616274500739645
m1,img_7_17_4,microsam,3+6 clicks,1,0.9394273127753304,1,0,0,1,1,0.6954396264792899,0.616274500739645
m1,img_7_17_4,rf_clicks,3+6 clicks,1,0.5202863961813843,1,1,0,2,1,0.8969639885355031,0.616274500739645
m1,img_7_17_4,dino_clicks,3+6 clicks,2,0.9189904111098864,1,0,0,1,1,0.6944283931213018,0.616274500739645
m1,img_7_17_4,sam,3+6 clicks,2,0.9414440022740194,1,0,0,1,1,0.6542679826183432,0.616274500739645
m1,img_7_17_4,microsam,3+6 clicks,2,0.03657720998027952,0,5,1,5,1,33.080910225591715,0.616274500739645
m1,img_7_17_4,rf_clicks,3+6 clicks,2,0.4451530612244898,1,2,0,3,1,1.422371948964497,0.616274500739645
m1,img_7_17_4,dino_clicks,10+20 clicks,0,0.9452537593984962,1,0,0,1,1,0.6133852625739645,0.616274500739645
m1,img_7_17_4,sam,10+20 clicks,0,0.9402519357448283,1,0,0,1,1,0.6337543916420117,0.616274500739645
m1,img_7_17_4,microsam,10+20 clicks,0,0.9278328072276042,1,0,0,1,1,0.7108970506656805,0.616274500739645
m1,img_7_17_4,rf_clicks,10+20 clicks,0,0.9399310684391925,1,0,0,1,1,0.5573340421597633,0.616274500739645
m1,img_7_17_4,dino_clicks,10+20 clicks,1,0.9500299580587178,1,0,0,1,1,0.5892601238905325,0.616274500739645
m1,img_7_17_4,sam,10+20 clicks,1,0.944060773480663,1,0,0,1,1,0.6388105584319527,0.616274500739645
m1,img_7_17_4,microsam,10+20 clicks,1,0.9497940554380496,1,0,0,1,1,0.6814268213757396,0.616274500739645
m1,img_7_17_4,rf_clicks,10+20 clicks,1,0.7983098591549296,1,0,0,1,1,0.4094050480769231,0.616274500739645
m1,img_7_17_4,dino_clicks,10+20 clicks,2,0.9547537901045952,1,0,0,1,1,0.6129518768491125,0.616274500739645
m1,img_7_17_4,sam,10+20 clicks,2,0.9414857142857143,1,0,0,1,1,0.6477671967455622,0.616274500739645
m1,img_7_17_4,microsam,10+20 clicks,2,0.9257651400043412,1,0,0,1,1,0.7147975221893491,0.616274500739645
m1,img_7_17_4,rf_clicks,10+20 clicks,2,0.9417819970261924,1,0,0,1,1,0.6467559633875739,0.616274500739645
m1,img_1_12_0,otsu,no input,0,0.0,0,1,1,1,1,0.6032729289940828,0.5239633413461539
m1,img_1_12_0,dino_clicks,3+6 clicks,0,0.5704624095627556,1,3,0,4,1,1.313014284393491,0.5239633413461539
m1,img_1_12_0,sam,3+6 clicks,0,0.9324960753532182,1,0,0,1,1,0.5803034855769231,0.5239633413461539
m1,img_1_12_0,microsam,3+6 clicks,0,0.6022434565849605,0,1,1,1,1,1.214635724852071,0.5239633413461539
m1,img_1_12_0,rf_clicks,3+6 clicks,0,0.44866402770905495,1,1,0,2,1,1.8116967917899407,0.5239633413461539
m1,img_1_12_0,dino_clicks,3+6 clicks,1,0.6565894279507604,1,2,0,3,1,1.0720518213757397,0.5239633413461539
m1,img_1_12_0,sam,3+6 clicks,1,0.928636422721955,1,0,0,1,1,0.5873821190828402,0.5239633413461539
m1,img_1_12_0,microsam,3+6 clicks,1,0.6807591131153702,1,0,0,1,1,1.013689210428994,0.5239633413461539
m1,img_1_12_0,rf_clicks,3+6 clicks,1,0.8518108492804048,1,0,0,1,1,0.3894693047337278,0.5239633413461539
m1,img_1_12_0,dino_clicks,3+6 clicks,2,0.37310976237012655,0,5,1,5,1,2.2846650795118344,0.5239633413461539
m1,img_1_12_0,sam,3+6 clicks,2,0.9155703154936774,1,0,0,1,1,0.6070289386094675,0.5239633413461539
m1,img_1_12_0,microsam,3+6 clicks,2,0.8899803536345776,1,0,0,1,1,0.6525344397189349,0.5239633413461539
m1,img_1_12_0,rf_clicks,3+6 clicks,2,0.0,0,1,1,1,1,0.6057287814349113,0.5239633413461539
m1,img_1_12_0,dino_clicks,10+20 clicks,0,0.8201275045537341,1,1,0,2,1,0.7449900610207101,0.5239633413461539
m1,img_1_12_0,sam,10+20 clicks,0,0.9010989010989011,1,0,0,1,1,0.6328876201923077,0.5239633413461539
m1,img_1_12_0,microsam,10+20 clicks,0,0.702100881014619,1,0,0,1,1,0.9681837093195266,0.5239633413461539
m1,img_1_12_0,rf_clicks,10+20 clicks,0,0.2886283327979441,1,1,0,2,1,3.0737160225591715,0.5239633413461539
m1,img_1_12_0,dino_clicks,10+20 clicks,1,0.6406429391504018,1,2,0,3,1,1.1117788461538463,0.5239633413461539
m1,img_1_12_0,sam,10+20 clicks,1,0.9162523900573614,1,0,0,1,1,0.6093403291420117,0.5239633413461539
m1,img_1_12_0,microsam,10+20 clicks,1,0.9103933643332914,1,0,0,1,1,0.6255200628698225,0.5239633413461539
m1,img_1_12_0,rf_clicks,10+20 clicks,1,0.916712479384277,1,0,0,1,1,0.5271415033284024,0.5239633413461539
m1,img_1_12_0,dino_clicks,10+20 clicks,2,0.9653679653679653,1,0,0,1,1,0.5438990846893491,0.5239633413461539
m1,img_1_12_0,sam,10+20 clicks,2,0.919431279620853,1,0,0,1,1,0.6038507766272189,0.5239633413461539
m1,img_1_12_0,microsam,10+20 clicks,2,0.9265290421848955,1,0,0,1,1,0.6026950813609467,0.5239633413461539
m1,img_1_12_0,rf_clicks,10+20 clicks,2,0.9076183244748165,1,0,0,1,1,0.6175746579142012,0.5239633413461539
m1,img_7_15_13,otsu,no input,0,0.8346654587430776,2,0,4,2,6,4.284451275887574,5.602088341346153
m1,img_7_15_13,dino_clicks,3+6 clicks,0,0.31167822015009305,4,1,2,5,6,1.4625323594674557,5.602088341346153
m1,img_7_15_13,sam,3+6 clicks,0,0.2752726201002063,3,4,3,7,6,2.2404597355769234,5.602088341346153
m1,img_7_15_13,microsam,3+6 clicks,0,0.11970941616749123,0,3,6,3,6,44.271363026997044,5.602088341346153
m1,img_7_15_13,rf_clicks,3+6 clicks,0,0.5116372832899608,1,1,5,2,6,2.280620146079882,5.602088341346153
m1,img_7_15_13,dino_clicks,3+6 clicks,1,0.7795599199854519,4,6,2,10,6,6.313852163461539,5.602088341346153
m1,img_7_15_13,sam,3+6 clicks,1,0.11579952339069184,0,1,6,1,6,90.48169378698225,5.602088341346153
m1,img_7_15_13,microsam,3+6 clicks,1,0.12906559973326664,1,2,5,3,6,81.05338734282545,5.602088341346153
m1,img_7_15_13,rf_clicks,3+6 clicks,1,0.8612371797162564,4,1,2,5,6,6.525344397189349,5.602088341346153
m1,img_7_15_13,dino_clicks,3+6 clicks,2,0.5485472718804858,4,9,2,13,6,14.55973788831361,5.602088341346153
m1,img_7_15_13,sam,3+6 clicks,2,0.1076455975710737,0,4,6,4,6,1.7253085706360947,5.602088341346153
m1,img_7_15_13,microsam,3+6 clicks,2,0.14313542008795685,1,2,5,3,6,64.33206592085799,5.602088341346153
m1,img_7_15_13,rf_clicks,3+6 clicks,2,0.6784850784462524,2,8,4,10,6,10.769201876849111,5.602088341346153
m1,img_7_15_13,dino_clicks,10+20 clicks,0,0.8525941952075764,4,1,2,5,6,5.014561760355029,5.602088341346153
m1,img_7_15_13,sam,10+20 clicks,0,0.7756423647378317,3,2,3,5,6,6.845616447855029,5.602088341346153
m1,img_7_15_13,microsam,10+20 clicks,0,0.18283483904920622,2,5,4,7,6,53.69027944711539,5.602088341346153
m1,img_7_15_13,rf_clicks,10+20 clicks,0,0.8492737697758618,2,0,4,2,6,4.652251294378698,5.602088341346153
m1,img_7_15_13,dino_clicks,10+20 clicks,1,0.797950236036824,5,5,1,10,6,7.281169101331361,5.602088341346153
m1,img_7_15_13,sam,10+20 clicks,1,0.787855009365666,2,1,4,3,6,5.812135955991124,5.602088341346153
m1,img_7_15_13,microsam,10+20 clicks,1,0.13691676394637234,1,2,5,3,6,76.07378536427515,5.602088341346153
m1,img_7_15_13,rf_clicks,10+20 clicks,1,0.8526579569771371,2,0,4,2,6,4.659329927884615,5.602088341346153
m1,img_7_15_13,dino_clicks,10+20 clicks,2,0.8363501432066698,5,3,1,8,6,6.856162167159763,5.602088341346153
m1,img_7_15_13,sam,10+20 clicks,2,0.7094998182101491,3,4,3,7,6,8.304537259615383,5.602088341346153
m1,img_7_15_13,microsam,10+20 clicks,2,0.1505943491677558,1,1,5,2,6,68.78611547707101,5.602088341346153
m1,img_7_15_13,rf_clicks,10+20 clicks,2,0.8160495489430456,2,1,4,3,6,5.127097586908284,5.602088341346153
m1,img_9_7_13,otsu,no input,0,0.0,0,0,4,0,4,0.0,1.2537849019970415
m1,img_9_7_13,dino_clicks,3+6 clicks,0,0.942412539754657,4,0,0,4,4,1.2899003790680474,1.2537849019970415
m1,img_9_7_13,sam,3+6 clicks,0,0.8000506361162099,3,0,1,3,4,1.0285687869822484,1.2537849019970415
m1,img_9_7_13,microsam,3+6 clicks,0,0.029000277338750907,0,2,4,2,4,85.21331245377219,1.2537849019970415
m1,img_9_7_13,rf_clicks,3+6 clicks,0,0.8070997656678467,4,0,0,4,4,1.6436875924556213,1.2537849019970415
m1,img_9_7_13,dino_clicks,3+6 clicks,1,0.7462472168354521,3,0,1,3,4,0.7575582470414202,1.2537849019970415
m1,img_9_7_13,sam,3+6 clicks,1,0.8109024517475222,3,0,1,3,4,0.9616829234467457,1.2537849019970415
m1,img_9_7_13,microsam,3+6 clicks,1,0.028790700991701817,0,2,4,2,4,85.84273298816568,1.2537849019970415
m1,img_9_7_13,rf_clicks,3+6 clicks,1,0.5751719145855954,2,0,2,2,4,0.7419563609467456,1.2537849019970415
m1,img_9_7_13,dino_clicks,3+6 clicks,2,0.8436961421185205,4,0,0,4,4,0.9255674463757397,1.2537849019970415
m1,img_9_7_13,sam,3+6 clicks,2,0.4312836886737391,2,4,2,6,4,2.953957100591716,1.2537849019970415
m1,img_9_7_13,microsam,3+6 clicks,2,0.07734188210220913,0,1,4,1,4,31.011204465606507,1.2537849019970415
m1,img_9_7_13,rf_clicks,3+6 clicks,2,0.6911243977477216,3,0,1,3,4,1.2348603920118344,1.2537849019970415
m1,img_9_7_13,dino_clicks,10+20 clicks,0,0.9375558068932675,4,0,0,4,4,1.1730306952662723,1.2537849019970415
m1,img_9_7_13,sam,10+20 clicks,0,0.037902732249599676,0,3,4,3,4,33.20875901442308,1.2537849019970415
m1,img_9_7_13,microsam,10+20 clicks,0,0.03728349027424565,0,12,4,12,4,66.00305681397928,1.2537849019970415
m1,img_9_7_13,rf_clicks,10+20 clicks,0,0.5685548602693051,0,4,4,4,4,3.155625924556213,1.2537849019970415
m1,img_9_7_13,dino_clicks,10+20 clicks,1,0.8807292335344717,4,0,0,4,4,0.9966427052514792,1.2537849019970415
m1,img_9_7_13,sam,10+20 clicks,1,0.07874647752157109,1,5,3,6,4,15.304583487426035,1.2537849019970415
m1,img_9_7_13,microsam,10+20 clicks,1,0.035214353531173165,0,2,4,2,4,69.95495677699705,1.2537849019970415
m1,img_9_7_13,rf_clicks,10+20 clicks,1,0.5620422384981867,2,0,2,2,4,0.7777829142011835,1.2537849019970415
m1,img_9_7_13,dino_clicks,10+20 clicks,2,0.9061407888167748,4,0,0,4,4,1.0610727163461537,1.2537849019970415
m1,img_9_7_13,sam,10+20 clicks,2,0.06486118390597921,0,3,4,3,4,36.50696884245562,1.2537849019970415
m1,img_9_7_13,microsam,10+20 clicks,2,0.03931694787412597,0,1,4,1,4,62.52455852440828,1.2537849019970415
m1,img_9_7_13,rf_clicks,10+20 clicks,2,0.7739146099801838,4,0,0,4,4,1.9538473095414202,1.2537849019970415
m1,img_9_14_0,otsu,no input,0,0.0,0,1,1,1,1,0.7464346801035503,0.3105931028106509
m1,img_9_14_0,dino_clicks,3+6 clicks,0,0.5487558843308675,0,1,1,1,1,0.7634811852810651,0.3105931028106509
m1,img_9_14_0,sam,3+6 clicks,0,0.7631246617355223,1,0,0,1,1,0.4901592548076923,0.3105931028106509
m1,img_9_14_0,microsam,3+6 clicks,0,0.686046511627907,1,0,0,1,1,0.5839150332840237,0.3105931028106509
m1,img_9_14_0,rf_clicks,3+6 clicks,0,0.3135639331519627,1,2,0,3,1,1.5479093472633136,0.3105931028106509
m1,img_9_14_0,dino_clicks,3+6 clicks,1,0.6041387524192348,0,1,1,1,1,0.6597575351331362,0.3105931028106509
m1,img_9_14_0,sam,3+6 clicks,1,0.7456078706957133,1,0,0,1,1,0.5116840791420117,0.3105931028106509
m1,img_9_14_0,microsam,3+6 clicks,1,0.4520591678195169,0,2,1,2,1,1.0469154493343196,0.3105931028106509
m1,img_9_14_0,rf_clicks,3+6 clicks,1,0.19344970307719994,0,4,1,4,1,2.9005061945266273,0.3105931028106509
m1,img_9_14_0,dino_clicks,3+6 clicks,2,0.7260869565217392,1,0,0,1,1,0.4868366309171598,0.3105931028106509
m1,img_9_14_0,sam,3+6 clicks,2,0.8280881195908734,1,0,0,1,1,0.4238512389053255,0.3105931028106509
m1,img_9_14_0,microsam,3+6 clicks,2,0.6813733620832643,1,0,0,1,1,0.5603677422337279,0.3105931028106509
m1,img_9_14_0,rf_clicks,3+6 clicks,2,0.7188845601804388,1,0,0,1,1,0.3939476238905325,0.3105931028106509
m1,img_9_14_0,dino_clicks,10+20 clicks,0,0.5584712690082089,0,1,1,1,1,0.762903337647929,0.3105931028106509
m1,img_9_14_0,sam,10+20 clicks,0,0.724987260064549,1,0,0,1,1,0.5398541512573964,0.3105931028106509
m1,img_9_14_0,microsam,10+20 clicks,0,0.8075487349647449,1,0,0,1,1,0.38600221893491127,0.3105931028106509
m1,img_9_14_0,rf_clicks,10+20 clicks,0,0.3883138241269227,1,1,0,2,1,1.1827096431213018,0.3105931028106509
m1,img_9_14_0,dino_clicks,10+20 clicks,1,0.6574983628028814,0,1,1,1,1,0.5717802329881657,0.3105931028106509
m1,img_9_14_0,sam,10+20 clicks,1,0.7523910733262487,1,0,0,1,1,0.5050388313609467,0.3105931028106509
m1,img_9_14_0,microsam,10+20 clicks,1,0.638755980861244,0,1,1,1,1,0.6555681397928994,0.3105931028106509
m1,img_9_14_0,rf_clicks,10+20 clicks,1,0.0,0,1,1,1,1,0.6271091438609467,0.3105931028106509
m1,img_9_14_0,dino_clicks,10+20 clicks,2,0.6288263344100907,0,1,1,1,1,0.628553762943787,0.3105931028106509
m1,img_9_14_0,sam,10+20 clicks,2,0.7375714533171661,1,0,0,1,1,0.5233854937130178,0.3105931028106509
m1,img_9_14_0,microsam,10+20 clicks,2,0.8031620553359684,1,0,0,1,1,0.42038415310650884,0.3105931028106509
m1,img_9_14_0,rf_clicks,10+20 clicks,2,0.20923556031336674,0,3,1,3,1,2.6582435743343193,0.3105931028106509
m1,img_5_6_12,otsu,no input,0,0.22668047286219692,0,4,3,4,3,1.9526916142751478,1.3956464959319526
m1,img_5_6_12,dino_clicks,3+6 clicks,0,0.7802168738428987,3,2,0,5,3,1.8816163553994083,1.3956464959319526
m1,img_5_6_12,sam,3+6 clicks,0,0.7309147047472019,3,3,0,6,3,2.347361547707101,1.3956464959319526
m1,img_5_6_12,microsam,3+6 clicks,0,0.05276049161571838,0,1,3,1,3,51.50933801775148,1.3956464959319526
m1,img_5_6_12,rf_clicks,3+6 clicks,0,0.25488513964350396,1,4,2,5,3,3.151003143491124,1.3956464959319526
m1,img_5_6_12,dino_clicks,3+6 clicks,1,0.603396986853469,3,3,0,6,3,1.6152285965236688,1.3956464959319526
m1,img_5_6_12,sam,3+6 clicks,1,0.17575372422945365,2,8,1,10,3,14.062066614275148,1.3956464959319526
m1,img_5_6_12,microsam,3+6 clicks,1,0.06217920044280395,0,2,3,2,3,43.495458117603555,1.3956464959319526
m1,img_5_6_12,rf_clicks,3+6 clicks,1,0.0,0,1,3,1,3,0.5368204511834319,1.3956464959319526
m1,img_5_6_12,dino_clicks,3+6 clicks,2,0.6872157166360205,2,2,1,4,3,1.5898033006656807,1.3956464959319526
m1,img_5_6_12,sam,3+6 clicks,2,0.10437264627038995,1,5,2,6,3,25.226082886464496,1.3956464959319526
m1,img_5_6_12,microsam,3+6 clicks,2,0.046771819748639594,0,3,3,3,3,58.28330135909763,1.3956464959319526
m1,img_5_6_12,rf_clicks,3+6 clicks,2,0.19900966753124263,0,5,3,5,3,2.892994175295858,1.3956464959319526
m1,img_5_6_12,dino_clicks,10+20 clicks,0,0.7262787602205742,2,2,1,4,3,1.6432542067307692,1.3956464959319526
m1,img_5_6_12,sam,10+20 clicks,0,0.5683429693465692,1,1,2,2,3,2.577200443786982,1.3956464959319526
m1,img_5_6_12,microsam,10+20 clicks,0,0.24609989889811745,1,5,2,6,3,9.892462555473374,1.3956464959319526
m1,img_5_6_12,rf_clicks,10+20 clicks,0,0.4691398023651385,1,2,2,3,3,2.1714069434171597,1.3956464959319526
m1,img_5_6_12,dino_clicks,10+20 clicks,1,0.691057266792271,2,2,1,4,3,1.9014076368343193,1.3956464959319526
m1,img_5_6_12,sam,10+20 clicks,1,0.7950984575992197,1,0,2,1,3,0.9739621856508877,1.3956464959319526
m1,img_5_6_12,microsam,10+20 clicks,1,0.6742138364779874,3,2,0,5,3,2.7388533191568047,1.3956464959319526
m1,img_5_6_12,rf_clicks,10+20 clicks,1,0.5690065129742582,1,1,2,2,3,1.3991135817307692,1.3956464959319526
m1,img_5_6_12,dino_clicks,10+20 clicks,2,0.7141364111419094,2,2,1,4,3,1.7835267196745563,1.3956464959319526
m1,img_5_6_12,sam,10+20 clicks,2,0.5154004106776181,1,1,2,2,3,2.262706869452663,1.3956464959319526
m1,img_5_6_12,microsam,10+20 clicks,2,0.33371948696731485,1,2,2,3,3,5.587642150517751,1.3956464959319526
m1,img_5_6_12,rf_clicks,10+20 clicks,2,0.3070662426561742,1,5,2,6,3,3.9647570728550297,1.3956464959319526
m1,img_5_13_12,otsu,no input,0,0.5440889289469731,1,0,2,1,3,0.5904158191568047,1.3329500277366864
m1,img_5_13_12,dino_clicks,3+6 clicks,0,0.9124793079510867,3,0,0,3,3,1.372388128698225,1.3329500277366864
m1,img_5_13_12,sam,3+6 clicks,0,0.6747539666599719,3,2,0,5,3,2.263429178994083,1.3329500277366864
m1,img_5_13_12,microsam,3+6 clicks,0,0.14962985786217578,0,1,3,1,3,16.483681582840237,1.3329500277366864
m1,img_5_13_12,rf_clicks,3+6 clicks,0,0.5382806759735489,1,0,2,1,3,0.6331765440088758,1.3329500277366864
m1,img_5_13_12,dino_clicks,3+6 clicks,1,0.9083153287906487,3,0,0,3,3,1.274731878698225,1.3329500277366864
m1,img_5_13_12,sam,3+6 clicks,1,0.38166744877209446,3,2,0,5,3,5.131864829881657,1.3329500277366864
m1,img_5_13_12,microsam,3+6 clicks,1,0.06411356585242137,0,7,3,7,3,40.2479544193787,1.3329500277366864
m1,img_5_13_12,rf_clicks,3+6 clicks,1,0.545821497981761,1,0,2,1,3,0.5996613812869822,1.3329500277366864
m1,img_5_13_12,dino_clicks,3+6 clicks,2,0.9108031462357536,3,0,0,3,3,1.366898576183432,1.3329500277366864
m1,img_5_13_12,sam,3+6 clicks,2,0.3073596572768056,3,2,0,5,3,5.815891965606509,1.3329500277366864
m1,img_5_13_12,microsam,3+6 clicks,2,0.2045399126598834,0,1,3,1,3,11.700692261464498,1.3329500277366864
m1,img_5_13_12,rf_clicks,3+6 clicks,2,0.5233859837448244,1,0,2,1,3,0.5511221801035503,1.3329500277366864
m1,img_5_13_12,dino_clicks,10+20 clicks,0,0.8958747091868581,3,0,0,3,3,1.2129021819526626,1.3329500277366864
m1,img_5_13_12,sam,10+20 clicks,0,0.2252266638278242,2,2,1,4,3,6.8090675850591715,1.3329500277366864
m1,img_5_13_12,microsam,10+20 clicks,0,0.13922293474160694,0,3,3,3,3,17.81547591531065,1.3329500277366864
m1,img_5_13_12,rf_clicks,10+20 clicks,0,0.7305072804133396,2,0,1,2,3,1.1275251941568047,1.3329500277366864
m1,img_5_13_12,dino_clicks,10+20 clicks,1,0.8949183720395493,3,0,0,3,3,1.1801093287721893,1.3329500277366864
m1,img_5_13_12,sam,10+20 clicks,1,0.06777362939673806,0,1,3,1,3,13.370382997411243,1.3329500277366864
m1,img_5_13_12,microsam,10+20 clicks,1,0.24432028808981623,0,3,3,3,3,9.578546828772188,1.3329500277366864
m1,img_5_13_12,rf_clicks,10+20 clicks,1,0.5420887690401575,1,0,2,1,3,0.6492118158284024,1.3329500277366864
m1,img_5_13_12,dino_clicks,10+20 clicks,2,0.8868530081111047,3,0,0,3,3,1.1426936945266273,1.3329500277366864
m1,img_5_13_12,sam,10+20 clicks,2,0.7597811868236414,2,0,1,2,3,1.0966103457840235,1.3329500277366864
m1,img_5_13_12,microsam,10+20 clicks,2,0.17306898750797164,0,2,3,2,3,14.070734328772188,1.3329500277366864
m1,img_5_13_12,rf_clicks,10+20 clicks,2,0.5552277469957545,1,0,2,1,3,0.6746371116863905,1.3329500277366864
m1,img_5_0_8,dino_labels,labels from same batch,0,0.43198727247204155,1,6,0,7,1,2.417570035133136,0.6697254068047337
m1,img_5_0_8,rf_labels,labels from same batch,0,0.3502636270530668,1,7,0,8,1,3.1387238812869827,0.6697254068047337
m1,img_5_16_5,dino_labels,labels from same batch,0,0.8319828944406932,3,1,0,4,3,1.4672996024408282,1.1000774315828403
m1,img_5_16_5,rf_labels,labels from same batch,0,0.7424948520645931,3,1,0,4,3,1.5658226238905326,1.1000774315828403
m1,img_15_2_6,dino_labels,labels from same batch,0,0.4602684277801449,2,6,0,8,2,2.0770733173076925,0.6353434726331362
m1,img_15_2_6,rf_labels,labels from same batch,0,0.434152578491263,1,4,1,5,2,1.398391272189349,0.6353434726331362
m1,img_3_12_12,dino_labels,labels from same batch,0,0.0,0,2,1,2,1,1.5350522374260356,0.14503975591715976
m1,img_3_12_12,rf_labels,labels from same batch,0,0.18052427709215385,1,2,0,3,1,1.458631887943787,0.14503975591715976
m1,img_21_12_1,dino_labels,labels from same batch,0,0.5691547749725576,2,6,0,8,2,2.5786450628698225,1.1062892936390532
m1,img_21_12_1,rf_labels,labels from same batch,0,0.46273417164644204,2,5,0,7,2,2.8341981786242605,1.1062892936390532
m1,img_1_5_11,dino_labels,labels from same batch,0,0.5349076788969015,3,5,1,8,4,2.570555196005917,1.0753744452662723
m1,img_1_5_11,rf_labels,labels from same batch,0,0.5251637704467893,3,4,1,7,4,2.6073929826183435,1.0753744452662723
m1,img_21_5_18,dino_labels,labels from same batch,0,0.507563025210084,1,5,1,6,2,2.7187731139053253,1.0632396449704142
m1,img_21_5_18,rf_labels,labels from same batch,0,0.31627709106378954,1,6,1,7,2,5.049088156434911,1.0632396449704142
m1,img_17_15_13,dino_labels,labels from same batch,0,0.814222833562586,5,5,1,10,6,5.943307368713017,4.559073363535503
m1,img_17_15_13,rf_labels,labels from same batch,0,0.801645522280717,5,3,1,8,6,5.4842074241863905,4.559073363535503
m1,img_11_5_9,dino_labels,labels from same batch,0,0.49356174485223214,2,7,0,9,2,3.7843241494082838,1.3091138128698225
m1,img_11_5_9,rf_labels,labels from same batch,0,0.6299881607354273,2,3,0,5,2,2.839543269230769,1.3091138128698225
m1,img_9_1_4,dino_labels,labels from same batch,0,0.6472369417108251,1,3,1,4,2,1.5457424186390532,0.7442677514792899
m1,img_9_1_4,rf_labels,labels from same batch,0,0.35832230195777887,1,7,1,8,2,3.4026557877218937,0.7442677514792899
m1,img_3_11_16,dino_labels,labels from same batch,0,0.45149835440845315,2,6,0,8,2,2.582689996301775,0.7532243897928994
m1,img_3_11_16,rf_labels,labels from same batch,0,0.4472044350853066,2,5,0,7,2,2.608259754068047,0.7532243897928994
m1,img_11_12_14,dino_labels,labels from same batch,0,0.7762666626681262,5,4,0,9,5,5.853018676035503,3.7812904493343193
m1,img_11_12_14,rf_labels,labels from same batch,0,0.7873663347345875,5,3,0,8,5,5.256679918639053,3.7812904493343193
m1,img_13_11_9,dino_labels,labels from same batch,0,0.6999890865437084,6,7,0,13,6,6.674429086538461,3.915206638313609
m1,img_13_11_9,rf_labels,labels from same batch,0,0.7383155169934327,6,5,0,11,6,5.125652967825444,3.915206638313609
m1,img_7_17_4,dino_labels,labels from same batch,0,0.7136866823213687,1,2,0,3,1,1.1062892936390532,0.616274500739645
m1,img_7_17_4,rf_labels,labels from same batch,0,0.27119290550205016,1,6,0,7,1,3.9286415957840237,0.616274500739645
m1,img_1_12_0,dino_labels,labels from same batch,0,0.5054131452119858,1,3,0,4,1,1.544297799556213,0.5239633413461539
m1,img_1_12_0,rf_labels,labels from same batch,0,0.0,0,1,1,1,1,0.3611547707100592,0.5239633413461539
m1,img_7_15_13,dino_labels,labels from same batch,0,0.8511381383966452,5,3,1,8,6,6.145120654585798,5.602088341346153
m1,img_7_15_13,rf_labels,labels from same batch,0,0.8474028948332722,5,3,1,8,6,7.013481185281065,5.602088341346153
m1,img_9_7_13,dino_labels,labels from same batch,0,0.8123327054624765,4,2,0,6,4,1.6605896357248522,1.2537849019970415
m1,img_9_7_13,rf_labels,labels from same batch,0,0.8837181481038402,4,0,0,4,4,1.1613292806952664,1.2537849019970415
m1,img_9_14_0,dino_labels,labels from same batch,0,0.7529453138737472,1,0,0,1,1,0.5109617696005917,0.3105931028106509
m1,img_9_14_0,rf_labels,labels from same batch,0,0.0,0,1,1,1,1,0.5040275980029586,0.3105931028106509
m1,img_5_6_12,dino_labels,labels from same batch,0,0.41202667570928,3,8,0,11,3,4.994626017011834,1.3956464959319526
m1,img_5_6_12,rf_labels,labels from same batch,0,0.44802507836990596,3,5,0,8,3,3.2126883783284024,1.3956464959319526
m1,img_5_13_12,dino_labels,labels from same batch,0,0.8425701666904117,3,1,0,4,3,1.708984375,1.3329500277366864
m1,img_5_13_12,rf_labels,labels from same batch,0,0.910613417897136,3,0,0,3,3,1.5825802052514795,1.3329500277366864
m1,img_5_0_8,dino_labels,labels from other batches,0,0.2559205078664091,1,11,0,12,1,4.564129530325444,0.6697254068047337
m1,img_5_0_8,rf_labels,labels from other batches,0,0.24201294633535184,1,7,0,8,1,4.864899223372781,0.6697254068047337
m1,img_5_16_5,dino_labels,labels from other batches,0,0.8207417203945556,3,1,0,4,3,1.5214728180473374,1.1000774315828403
m1,img_5_16_5,rf_labels,labels from other batches,0,0.7206868277625043,3,2,0,5,3,1.8950513128698225,1.1000774315828403
m1,img_15_2_6,dino_labels,labels from other batches,0,0.4766027397260274,2,4,0,6,2,2.0010863535502956,0.6353434726331362
m1,img_15_2_6,rf_labels,labels from other batches,0,0.4748690816822329,2,5,0,7,2,2.0405244545118344,0.6353434726331362
m1,img_3_12_12,dino_labels,labels from other batches,0,0.14292991776435485,1,3,0,4,1,1.8400113258136095,0.14503975591715976
m1,img_3_12_12,rf_labels,labels from other batches,0,0.15463996919522527,1,2,0,3,1,1.7307981231508875,0.14503975591715976
m1,img_21_12_1,dino_labels,labels from other batches,0,0.6217991353508481,2,4,0,6,2,2.36888637204142,1.1062892936390532
m1,img_21_12_1,rf_labels,labels from other batches,0,0.3768099087050067,2,7,0,9,2,3.862333579881657,1.1062892936390532
m1,img_1_5_11,dino_labels,labels from other batches,0,0.41793238608525235,3,8,1,11,4,3.6421736316568047,1.0753744452662723
m1,img_1_5_11,rf_labels,labels from other batches,0,0.45147819170091474,3,5,1,8,4,3.2833302514792897,1.0753744452662723
m1,img_21_5_18,dino_labels,labels from other batches,0,0.5260143198090692,1,5,1,6,2,2.5685327292899407,1.0632396449704142
m1,img_21_5_18,rf_labels,labels from other batches,0,0.21998057236792945,2,9,0,11,2,8.60342894785503,1.0632396449704142
m1,img_17_15_13,dino_labels,labels from other batches,0,0.7961452733709191,5,5,1,10,6,6.459036381286983,4.559073363535503
m1,img_17_15_13,rf_labels,labels from other batches,0,0.7141967987035102,5,8,1,13,6,7.742291512573965,4.559073363535503
m1,img_11_5_9,dino_labels,labels from other batches,0,0.5003205396214845,2,7,0,9,2,3.8737460706360944,1.3091138128698225
m1,img_11_5_9,rf_labels,labels from other batches,0,0.5271209609399994,2,6,0,8,2,3.6579199796597637,1.3091138128698225
m1,img_9_1_4,dino_labels,labels from other batches,0,0.5924260764309182,1,4,1,5,2,1.7620018953402365,0.7442677514792899
m1,img_9_1_4,rf_labels,labels from other batches,0,0.3711213739356328,1,6,1,7,2,3.2596384985207103,0.7442677514792899
m1,img_3_11_16,dino_labels,labels from other batches,0,0.5041242115477923,2,6,0,8,2,2.2241355399408285,0.7532243897928994
m1,img_3_11_16,rf_labels,labels from other batches,0,0.42237535468179976,2,5,0,7,2,2.8106508875739644,0.7532243897928994
m1,img_11_12_14,dino_labels,labels from other batches,0,0.7337022161053843,4,6,1,10,5,6.5052641919378695,3.7812904493343193
m1,img_11_12_14,rf_labels,labels from other batches,0,0.7737783075089392,5,2,0,7,5,5.914992834689349,3.7812904493343193
m1,img_13_11_9,dino_labels,labels from other batches,0,0.6976242773787547,6,6,0,12,6,6.805167113535503,3.915206638313609
m1,img_13_11_9,rf_labels,labels from other batches,0,0.7149421009690394,6,7,0,13,6,6.177335660133136,3.915206638313609
m1,img_7_17_4,dino_labels,labels from other batches,0,0.6486568754280496,1,3,0,4,1,1.28209943602071,0.616274500739645
m1,img_7_17_4,rf_labels,labels from other batches,0,0.1969983837450935,1,6,0,7,1,5.64037074704142,0.616274500739645
m1,img_1_12_0,dino_labels,labels from other batches,0,0.49701461807700226,1,3,0,4,1,1.5809911242603552,0.5239633413461539
m1,img_1_12_0,rf_labels,labels from other batches,0,0.6254870284139504,1,2,0,3,1,0.9962093195266272,0.5239633413461539
m1,img_7_15_13,dino_labels,labels from other batches,0,0.7869756702441527,5,5,1,10,6,7.9120342548076925,5.602088341346153
m1,img_7_15_13,rf_labels,labels from other batches,0,0.7932014833127318,5,5,1,10,6,8.422273714866863,5.602088341346153
m1,img_9_7_13,dino_labels,labels from other batches,0,0.9217285856024694,4,0,0,4,4,1.367043038091716,1.2537849019970415
m1,img_9_7_13,rf_labels,labels from other batches,0,0.9159323133481105,4,0,0,4,4,1.4183270155325443,1.2537849019970415
m1,img_9_14_0,dino_labels,labels from other batches,0,0.5515649050795279,1,1,0,2,1,0.8156319341715977,0.3105931028106509
m1,img_9_14_0,rf_labels,labels from other batches,0,0.0,0,0,1,0,1,0.0,0.3105931028106509
m1,img_5_6_12,dino_labels,labels from other batches,0,0.38732980256082467,3,9,0,12,3,5.723580806213017,1.3956464959319526
m1,img_5_6_12,rf_labels,labels from other batches,0,0.39935787180369225,3,10,0,13,3,4.9036150147929,1.3956464959319526
m1,img_5_13_12,dino_labels,labels from other batches,0,0.8410142513418472,3,1,0,4,3,1.789160734097633,1.3329500277366864
m1,img_5_13_12,rf_labels,labels from other batches,0,0.8911927138843135,3,0,0,3,3,1.64903268306213,1.3329500277366864
m2,img_17_14_13,otsu,no input,0,0.0,0,0,2,0,2,0.0,0.1269820173816568
m2,img_17_14_13,dino_clicks,3+6 clicks,0,0.26193441261934414,0,2,2,2,2,0.5690354567307692,0.1269820173816568
m2,img_17_14_13,sam,3+6 clicks,0,0.0023771910940233658,0,1,2,1,2,95.16038161057693,0.1269820173816568
m2,img_17_14_13,microsam,3+6 clicks,0,0.0035491920439954454,0,2,2,2,2,71.42846824149409,0.1269820173816568
m2,img_17_14_13,rf_clicks,3+6 clicks,0,0.0,0,0,2,0,2,0.0,0.1269820173816568
m2,img_17_14_13,dino_clicks,3+6 clicks,1,0.23864278982092366,0,2,2,2,2,0.6393884060650887,0.1269820173816568
m2,img_17_14_13,sam,3+6 clicks,1,0.002412476073706216,0,1,2,1,2,65.38302630362426,0.1269820173816568
m2,img_17_14_13,microsam,3+6 clicks,1,0.003271884683745731,0,1,2,1,2,77.49312361316568,0.1269820173816568
m2,img_17_14_13,rf_clicks,3+6 clicks,1,0.0,0,2,2,2,2,0.8851181120562129,0.1269820173816568
m2,img_17_14_13,dino_clicks,3+6 clicks,2,0.2719033232628399,0,2,2,2,2,0.5424544656065089,0.1269820173816568
m2,img_17_14_13,sam,3+6 clicks,2,0.0021709404744992187,0,1,2,1,2,64.95252981693787,0.1269820173816568
m2,img_17_14_13,microsam,3+6 clicks,2,0.0042181437767982895,0,1,2,1,2,60.08055196005917,0.1269820173816568
m2,img_17_14_13,rf_clicks,3+6 clicks,2,0.0,0,2,2,2,2,0.9317793084319527,0.1269820173816568
m2,img_17_14_13,dino_clicks,10+20 clicks,0,0.24143868375741342,0,2,2,2,2,0.6281203772189349,0.1269820173816568
m2,img_17_14_13,sam,10+20 clicks,0,0.0005130543837646791,0,3,2,3,2,10.009621163091715,0.1269820173816568
m2,img_17_14_13,microsam,10+20 clicks,0,0.00329750717461032,0,1,2,1,2,76.88999514607988,0.1269820173816568
m2,img_17_14_13,rf_clicks,10+20 clicks,0,0.0,0,0,2,0,2,0.0,0.1269820173816568
m2,img_17_14_13,dino_clicks,10+20 clicks,1,0.2,0,1,2,1,2,0.2934021357248521,0.1269820173816568
m2,img_17_14_13,sam,10+20 clicks,1,0.00036040537413559024,0,3,2,3,2,70.41940181213018,0.1269820173816568
m2,img_17_14_13,microsam,10+20 clicks,1,0.002700834216711988,0,1,2,1,2,93.90471870377219,0.1269820173816568
m2,img_17_14_13,rf_clicks,10+20 clicks,1,0.0,0,0,2,0,2,0.0,0.1269820173816568
m2,img_17_14_13,dino_clicks,10+20 clicks,2,0.2842342342342342,0,2,2,2,2,0.5144288553994083,0.1269820173816568
m2,img_17_14_13,sam,10+20 clicks,2,6.292711781214997e-06,0,1,2,1,2,91.7010967548077,0.1269820173816568
m2,img_17_14_13,microsam,10+20 clicks,2,0.0032232573233763164,0,5,2,5,2,78.66413184171599,0.1269820173816568
m2,img_17_14_13,rf_clicks,10+20 clicks,2,0.0,0,0,2,0,2,0.0,0.1269820173816568
m2,img_21_10_0,otsu,no input,0,0.3044279578289731,1,1,0,2,1,15.414663461538462,3.083683894230769
m2,img_21_10_0,dino_clicks,3+6 clicks,0,0.9696098657827025,1,0,0,1,1,3.1482583672337277,3.083683894230769
m2,img_21_10_0,sam,3+6 clicks,0,0.9788623232655362,1,0,0,1,1,3.0672152366863905,3.083683894230769
m2,img_21_10_0,microsam,3+6 clicks,0,0.9633942676596705,1,0,0,1,1,3.3174232618343193,3.083683894230769
m2,img_21_10_0,rf_clicks,3+6 clicks,0,0.4376165311503624,1,2,0,3,1,10.01048793454142,3.083683894230769
m2,img_21_10_0,dino_clicks,3+6 clicks,1,0.9569676297183131,1,0,0,1,1,3.3115003235946747,3.083683894230769
m2,img_21_10_0,sam,3+6 clicks,1,0.9856140599532279,1,0,0,1,1,3.0318220691568047,3.083683894230769
m2,img_21_10_0,microsam,3+6 clicks,1,0.25137931237524364,0,1,1,1,1,21.450426451553252,3.083683894230769
m2,img_21_10_0,rf_clicks,3+6 clicks,1,0.3443600787413229,1,4,0,5,1,6.676596015162723,3.083683894230769
m2,img_21_10_0,dino_clicks,3+6 clicks,2,0.9313357059306637,1,0,0,1,1,2.7209400425295858,3.083683894230769
m2,img_21_10_0,sam,3+6 clicks,2,0.9846736045411542,1,0,0,1,1,3.0241655880177514,3.083683894230769
m2,img_21_10_0,microsam,3+6 clicks,2,0.9660082995079253,1,0,0,1,1,3.286941799186391,3.083683894230769
m2,img_21_10_0,rf_clicks,3+6 clicks,2,0.19652798124816875,0,6,1,6,1,4.805091993343195,3.083683894230769
m2,img_21_10_0,dino_clicks,10+20 clicks,0,0.9678173823556928,1,0,0,1,1,3.0929294563609466,3.083683894230769
m2,img_21_10_0,sam,10+20 clicks,0,0.9843804557834214,1,0,0,1,1,3.1222552237426036,3.083683894230769
m2,img_21_10_0,microsam,10+20 clicks,0,0.9820107288198299,1,0,0,1,1,3.1640047152366866,3.083683894230769
m2,img_21_10_0,rf_clicks,10+20 clicks,0,0.3524869996110687,1,1,0,2,1,6.945006240754438,3.083683894230769
m2,img_21_10_0,dino_clicks,10+20 clicks,1,0.9634880116692497,1,0,0,1,1,3.2547267936390534,3.083683894230769
m2,img_21_10_0,sam,10+20 clicks,1,0.9769715503660458,1,0,0,1,1,3.151869914940828,3.083683894230769
m2,img_21_10_0,microsam,10+20 clicks,1,0.9832735120932742,1,0,0,1,1,3.0742938701923075,3.083683894230769
m2,img_21_10_0,rf_clicks,10+20 clicks,1,0.4711828973180406,1,5,0,6,1,7.005102394600591,3.083683894230769
m2,img_21_10_0,dino_clicks,10+20 clicks,2,0.9696213262999246,1,0,0,1,1,3.050746579142012,3.083683894230769
m2,img_21_10_0,sam,10+20 clicks,2,0.9829714179658501,1,0,0,1,1,3.143202200443787,3.083683894230769
m2,img_21_10_0,microsam,10+20 clicks,2,0.9861374102905767,1,0,0,1,1,3.0959631564349115,3.083683894230769
m2,img_21_10_0,rf_clicks,10+20 clicks,2,0.4376520742423938,1,3,0,4,1,4.100262342825444,3.083683894230769
m2,img_11_7_8,otsu,no input,0,0.812364581828687,1,1,3,2,4,3.2018537352071004,2.7988050110946747
m2,img_11_7_8,dino_clicks,3+6 clicks,0,0.6963710949826444,1,2,3,3,4,4.0681917991863905,2.7988050110946747
m2,img_11_7_8,sam,3+6 clicks,0,0.7659724673490999,1,2,3,3,4,4.15862495377219,2.7988050110946747
m2,img_11_7_8,microsam,3+6 clicks,0,0.17598980613452261,0,3,4,3,4,28.945254715236686,2.7988050110946747
m2,img_11_7_8,rf_clicks,3+6 clicks,0,0.6698016082806979,0,1,4,1,4,2.393011510724852,2.7988050110946747
m2,img_11_7_8,dino_clicks,3+6 clicks,1,0.6442637068223137,2,1,2,3,4,4.750052006286983,2.7988050110946747
m2,img_11_7_8,sam,3+6 clicks,1,0.8330505520046485,1,1,3,2,4,3.416668592825444,2.7988050110946747
m2,img_11_7_8,microsam,3+6 clicks,1,0.20490999750949834,0,1,4,1,4,24.46361293454142,2.7988050110946747
m2,img_11_7_8,rf_clicks,3+6 clicks,1,0.8061702621201577,1,1,3,2,4,3.4289478550295858,2.7988050110946747
m2,img_11_7_8,dino_clicks,3+6 clicks,2,0.5882294047956749,0,2,4,2,4,5.85865269045858,2.7988050110946747
m2,img_11_7_8,sam,3+6 clicks,2,0.7398078215825062,1,2,3,3,4,4.507789386094674,2.7988050110946747
m2,img_11_7_8,microsam,3+6 clicks,2,0.08285714897874794,0,3,4,3,4,64.62604590421599,2.7988050110946747
m2,img_11_7_8,rf_clicks,3+6 clicks,2,0.8041369472182597,1,1,3,2,4,3.2772628513313613,2.7988050110946747
m2,img_11_7_8,dino_clicks,10+20 clicks,0,0.6163914231820457,1,1,3,2,4,4.706568971893491,2.7988050110946747
m2,img_11_7_8,sam,10+20 clicks,0,0.1091905793995303,1,2,3,3,4,45.05766919378698,2.7988050110946747
m2,img_11_7_8,microsam,10+20 clicks,0,0.10437364209276277,0,4,4,4,4,50.72649893676036,2.7988050110946747
m2,img_11_7_8,rf_clicks,10+20 clicks,0,0.7544430416626202,1,1,3,2,4,3.151292067307692,2.7988050110946747
m2,img_11_7_8,dino_clicks,10+20 clicks,1,0.7998297062432697,2,0,2,2,4,2.9697034485946747,2.7988050110946747
m2,img_11_7_8,sam,10+20 clicks,1,0.770102536427415,0,1,4,1,4,3.0903291420118344,2.7988050110946747
m2,img_11_7_8,microsam,10+20 clicks,1,0.6093427810894912,0,1,4,1,4,4.907659948224852,2.7988050110946747
m2,img_11_7_8,rf_clicks,10+20 clicks,1,0.7650488694995595,1,1,3,2,4,4.088849852071006,2.7988050110946747
m2,img_11_7_8,dino_clicks,10+20 clicks,2,0.6153684835986788,0,2,4,2,4,5.467449842825444,2.7988050110946747
m2,img_11_7_8,sam,10+20 clicks,2,0.40748874492148895,1,4,3,5,4,10.357340976331361,2.7988050110946747
m2,img_11_7_8,microsam,10+20 clicks,2,0.2529300962745919,0,3,4,3,4,19.28884291789941,2.7988050110946747
m2,img_11_7_8,rf_clicks,10+20 clicks,2,0.6862976276060389,0,1,4,1,4,2.2248578494822486,2.7988050110946747
m2,img_13_11_7,otsu,no input,0,0.7384468173020464,2,1,3,3,5,3.0292217548076925,3.613570173816568
m2,img_13_11_7,dino_clicks,3+6 clicks,0,0.7018362552538635,4,3,1,7,5,5.425844813239645,3.613570173816568
m2,img_13_11_7,sam,3+6 clicks,0,0.07553853148577933,0,1,5,1,5,45.000317816198226,3.613570173816568
m2,img_13_11_7,microsam,3+6 clicks,0,0.08756226568325101,0,5,5,5,5,78.92358542899409,3.613570173816568
m2,img_13_11_7,rf_clicks,3+6 clicks,0,0.651145388683866,2,1,3,3,5,4.880934495192308,3.613570173816568
m2,img_13_11_7,dino_clicks,3+6 clicks,1,0.6767987614930051,3,2,2,5,5,4.038143722263313,3.613570173816568
m2,img_13_11_7,sam,3+6 clicks,1,0.4658250241235124,1,5,4,6,5,3.5725429918639056,3.613570173816568
m2,img_13_11_7,microsam,3+6 clicks,1,0.09977941207248009,0,4,5,4,5,65.41235207100591,3.613570173816568
m2,img_13_11_7,rf_clicks,3+6 clicks,1,0.7292457281174999,2,1,3,3,5,3.428803393121302,3.613570173816568
m2,img_13_11_7,dino_clicks,3+6 clicks,2,0.7503786797795974,2,1,3,3,5,2.967103134245562,3.613570173816568
m2,img_13_11_7,sam,3+6 clicks,2,0.6566070615259708,2,1,3,3,5,3.681611732618343,3.613570173816568
m2,img_13_11_7,microsam,3+6 clicks,2,0.10813508567626019,0,7,5,7,5,62.381830159023664,3.613570173816568
m2,img_13_11_7,rf_clicks,3+6 clicks,2,0.6515469000369777,2,1,3,3,5,2.246527135724852,3.613570173816568
m2,img_13_11_7,dino_clicks,10+20 clicks,0,0.7790709736312524,3,4,2,7,5,3.349638267381657,3.613570173816568
m2,img_13_11_7,sam,10+20 clicks,0,0.09533118709627278,0,2,5,2,5,44.71457216161242,3.613570173816568
m2,img_13_11_7,microsam,10+20 clicks,0,0.11310312396851163,0,8,5,8,5,60.28511002218935,3.613570173816568
m2,img_13_11_7,rf_clicks,10+20 clicks,0,0.7222912414588695,2,1,3,3,5,2.898194803994083,3.613570173816568
m2,img_13_11_7,dino_clicks,10+20 clicks,1,0.6995069573792045,3,4,2,7,5,2.978949010724852,3.613570173816568
m2,img_13_11_7,sam,10+20 clicks,1,0.4070337144007696,3,6,2,9,5,9.30103550295858,3.613570173816568
m2,img_13_11_7,microsam,10+20 clicks,1,0.13818702678300224,0,3,5,3,5,48.226152228180474,3.613570173816568
m2,img_13_11_7,rf_clicks,10+20 clicks,1,0.7395844188324545,2,1,3,3,5,3.317856647559172,3.613570173816568
m2,img_13_11_7,dino_clicks,10+20 clicks,2,0.7399466153240275,3,3,2,6,5,2.989205806213018,3.613570173816568
m2,img_13_11_7,sam,10+20 clicks,2,0.28408773009567506,0,4,5,4,5,6.714300573224852,3.613570173816568
m2,img_13_11_7,microsam,10+20 clicks,2,0.11586441592997136,0,4,5,4,5,56.3259869637574,3.613570173816568
m2,img_13_11_7,rf_clicks,10+20 clicks,2,0.6287613261676662,2,1,3,3,5,1.9506691475591715,3.613570173816568
m2,img_3_19_7,otsu,no input,0,0.2510389584483114,2,1,2,3,4,18.6803693602071,3.045401488535503
m2,img_3_19_7,dino_clicks,3+6 clicks,0,0.7518286705376669,2,4,2,6,4,4.617435974482249,3.045401488535503
m2,img_3_19_7,sam,3+6 clicks,0,0.39941262848751835,0,7,4,7,4,5.513533191568047,3.045401488535503
m2,img_3_19_7,microsam,3+6 clicks,0,0.07777439221443543,0,5,4,5,4,75.18288877588756,3.045401488535503
m2,img_3_19_7,rf_clicks,3+6 clicks,0,0.604972270032511,2,2,2,4,4,4.508511695636094,3.045401488535503
m2,img_3_19_7,dino_clicks,3+6 clicks,1,0.4276164294626645,1,12,3,13,4,11.195508968195266,3.045401488535503
m2,img_3_19_7,sam,3+6 clicks,1,0.7032981978918735,3,6,1,9,4,5.451847956730769,3.045401488535503
m2,img_3_19_7,microsam,3+6 clicks,1,0.14602367577077863,0,1,4,1,4,38.66566313794378,3.045401488535503
m2,img_3_19_7,rf_clicks,3+6 clicks,1,0.4086716433173126,0,5,4,5,4,11.081528522559172,3.045401488535503
m2,img_3_19_7,dino_clicks,3+6 clicks,2,0.41169723646416423,1,12,3,13,4,11.6907243897929,3.045401488535503
m2,img_3_19_7,sam,3+6 clicks,2,0.4156987140613581,2,12,2,14,4,6.245088295118343,3.045401488535503
m2,img_3_19_7,microsam,3+6 clicks,2,0.12147141696485678,0,2,4,2,4,47.09646010539941,3.045401488535503
m2,img_3_19_7,rf_clicks,3+6 clicks,2,0.6315458812225138,1,2,3,3,4,4.77258806397929,3.045401488535503
m2,img_3_19_7,dino_clicks,10+20 clicks,0,0.7773348746362658,3,3,1,6,4,4.2028302977071,3.045401488535503
m2,img_3_19_7,sam,10+20 clicks,0,0.858029109997614,3,0,1,3,4,3.6144369452662723,3.045401488535503
m2,img_3_19_7,microsam,10+20 clicks,0,0.15260715655969712,0,1,4,1,4,36.86624560835799,3.045401488535503
m2,img_3_19_7,rf_clicks,10+20 clicks,0,0.8023455377574371,3,1,1,4,4,4.025142150517751,3.045401488535503
m2,img_3_19_7,dino_clicks,10+20 clicks,1,0.7225519016926252,3,4,1,7,4,4.866343842455621,3.045401488535503
m2,img_3_19_7,sam,10+20 clicks,1,0.8546576879910214,3,0,1,3,4,3.6478076460798814,3.045401488535503
m2,img_3_19_7,microsam,10+20 clicks,1,0.1648343055533835,0,2,4,2,4,33.9039097170858,3.045401488535503
m2,img_3_19_7,rf_clicks,10+20 clicks,1,0.8571361951174016,3,0,1,3,4,3.1501363720414197,3.045401488535503
m2,img_3_19_7,dino_clicks,10+20 clicks,2,0.8131323912393801,3,2,1,5,4,3.72206106693787,3.045401488535503
m2,img_3_19_7,sam,10+20 clicks,2,0.8525628595436623,3,0,1,3,4,3.6595090606508873,3.045401488535503
m2,img_3_19_7,microsam,10+20 clicks,2,0.1657643631388368,0,1,4,1,4,33.698340421597635,3.045401488535503
m2,img_3_19_7,rf_clicks,10+20 clicks,2,0.7291324271544307,3,1,1,4,4,4.426023946005917,3.045401488535503
m2,img_5_18_12,otsu,no input,0,0.6719300956689097,4,1,4,5,8,5.731526211168639,4.551705806213017
m2,img_5_18_12,dino_clicks,3+6 clicks,0,0.8283757125770825,6,3,2,9,8,4.748607387204142,4.551705806213017
m2,img_5_18_12,sam,3+6 clicks,0,0.21145718858558965,0,8,8,8,8,15.034873104659763,4.551705806213017
m2,img_5_18_12,microsam,3+6 clicks,0,0.11610649073084607,0,3,8,3,8,73.17963549371301,4.551705806213017
m2,img_5_18_12,rf_clicks,3+6 clicks,0,0.8610210636943618,6,0,2,6,8,5.207707331730769,4.551705806213017
m2,img_5_18_12,dino_clicks,3+6 clicks,1,0.847503944564634,6,2,2,8,8,4.329378929363906,4.551705806213017
m2,img_5_18_12,sam,3+6 clicks,1,0.5211607454678223,3,3,5,6,8,4.548527644230769,4.551705806213017
m2,img_5_18_12,microsam,3+6 clicks,1,0.12435204269598032,1,7,7,8,8,67.99056374815089,4.551705806213017
m2,img_5_18_12,rf_clicks,3+6 clicks,1,0.7564994647499618,5,0,3,5,8,3.0053855399408285,4.551705806213017
m2,img_5_18_12,dino_clicks,3+6 clicks,2,0.7506147977460643,6,0,2,6,8,2.9087405232988166,4.551705806213017
m2,img_5_18_12,sam,3+6 clicks,2,0.34413244237555374,3,7,5,10,8,3.1446468195266273,4.551705806213017
m2,img_5_18_12,microsam,3+6 clicks,2,0.09762850757387634,0,2,8,2,8,88.52799093934911,4.551705806213017
m2,img_5_18_12,rf_clicks,3+6 clicks,2,0.7650429354493082,5,1,3,6,8,4.751496625369823,4.551705806213017
m2,img_5_18_12,dino_clicks,10+20 clicks,0,0.8139831951856478,7,3,1,10,8,5.626502403846153,4.551705806213017
m2,img_5_18_12,sam,10+20 clicks,0,0.5386157921848554,4,7,4,11,8,11.153037167159763,4.551705806213017
m2,img_5_18_12,microsam,10+20 clicks,0,0.11684553461642762,0,3,8,3,8,73.22456314718934,4.551705806213017
m2,img_5_18_12,rf_clicks,10+20 clicks,0,0.6913521738045946,5,2,3,7,8,7.0315389238165675,4.551705806213017
m2,img_5_18_12,dino_clicks,10+20 clicks,1,0.8392918400525005,7,2,1,9,8,5.134031758505917,4.551705806213017
m2,img_5_18_12,sam,10+20 clicks,1,0.15868998377767773,0,2,8,2,8,46.47469605214497,4.551705806213017
m2,img_5_18_12,microsam,10+20 clicks,1,0.1163561566805274,0,2,8,2,8,73.54671320266272,4.551705806213017
m2,img_5_18_12,rf_clicks,10+20 clicks,1,0.7258513704988518,5,1,3,6,8,7.2751017011834325,4.551705806213017
m2,img_5_18_12,dino_clicks,10+20 clicks,2,0.8460939838371745,7,1,1,8,8,5.101238905325444,4.551705806213017
m2,img_5_18_12,sam,10+20 clicks,2,0.7342545253558104,5,1,3,6,8,5.903002496301775,4.551705806213017
m2,img_5_18_12,microsam,10+20 clicks,2,0.11475565350009852,0,6,8,6,8,74.63595599112426,4.551705806213017
m2,img_5_18_12,rf_clicks,10+20 clicks,2,0.8892122920432611,6,0,2,6,8,4.878478642751479,4.551705806213017
m2,img_13_3_8,otsu,no input,0,0.7271755827155547,2,0,2,2,4,0.8560812684911243,1.3069468842455623
m2,img_13_3_8,dino_clicks,3+6 clicks,0,0.6922118647708235,3,4,1,7,4,2.055981878698225,1.3069468842455623
m2,img_13_3_8,sam,3+6 clicks,0,0.15073505531859613,0,6,4,6,4,5.365315273668639,1.3069468842455623
m2,img_13_3_8,microsam,3+6 clicks,0,0.028121949854836403,0,1,4,1,4,91.64157844859467,1.3069468842455623
m2,img_13_3_8,rf_clicks,3+6 clicks,0,0.6612025621599283,2,0,2,2,4,0.7904955621301776,1.3069468842455623
m2,img_13_3_8,dino_clicks,3+6 clicks,1,0.5724734965973798,2,1,2,3,4,1.813574796597633,1.3069468842455623
m2,img_13_3_8,sam,3+6 clicks,1,0.5749128919860628,1,1,3,2,4,0.7660814996301775,1.3069468842455623
m2,img_13_3_8,microsam,3+6 clicks,1,0.05024022976164913,0,11,4,11,4,41.749635955991124,1.3069468842455623
m2,img_13_3_8,rf_clicks,3+6 clicks,1,0.8794671177838866,3,0,1,3,4,1.4256945728550297,1.3069468842455623
m2,img_13_3_8,dino_clicks,3+6 clicks,2,0.7968419423086847,3,1,1,4,4,1.4925804363905326,1.3069468842455623
m2,img_13_3_8,sam,3+6 clicks,2,0.048387165077899696,0,5,4,5,4,32.805854752218934,1.3069468842455623
m2,img_13_3_8,microsam,3+6 clicks,2,0.030797805054276955,0,2,4,2,4,65.27222401997041,1.3069468842455623
m2,img_13_3_8,rf_clicks,3+6 clicks,2,0.7140061162079511,2,0,2,2,4,1.055005316198225,1.3069468842455623
m2,img_13_3_8,dino_clicks,10+20 clicks,0,0.8442477876106195,3,1,1,4,4,1.4681663738905326,1.3069468842455623
m2,img_13_3_8,sam,10+20 clicks,0,0.6875985120736398,2,0,2,2,4,0.9843634430473372,1.3069468842455623
m2,img_13_3_8,microsam,10+20 clicks,0,0.051394980944847915,0,10,4,10,4,30.83756125184911,1.3069468842455623
m2,img_13_3_8,rf_clicks,10+20 clicks,0,0.7150809061488673,2,0,2,2,4,0.9249895987426036,1.3069468842455623
m2,img_13_3_8,dino_clicks,10+20 clicks,1,0.8516401462485195,3,1,1,4,4,1.4983589127218935,1.3069468842455623
m2,img_13_3_8,sam,10+20 clicks,1,0.5203404255319148,2,1,2,3,4,2.087907960428994,1.3069468842455623
m2,img_13_3_8,microsam,10+20 clicks,1,0.1149265880792306,0,10,4,10,4,13.068024223372781,1.3069468842455623
m2,img_13_3_8,rf_clicks,10+20 clicks,1,0.7106820305200872,2,0,2,2,4,1.0123890532544377,1.3069468842455623
m2,img_13_3_8,dino_clicks,10+20 clicks,2,0.8981714661119019,3,0,1,3,4,1.3317943324704142,1.3069468842455623
m2,img_13_3_8,sam,10+20 clicks,2,0.46147173630186494,1,0,3,1,4,0.6915391549556213,1.3069468842455623
m2,img_13_3_8,microsam,10+20 clicks,2,0.058889600993716595,0,2,4,2,4,42.42196167714497,1.3069468842455623
m2,img_13_3_8,rf_clicks,10+20 clicks,2,0.6466018688782977,3,2,1,5,4,2.5425295857988166,1.3069468842455623
m2,img_7_8_5,otsu,no input,0,0.8399773641851107,4,1,4,5,8,8.180733404215976,10.199444110576923
m2,img_7_8_5,dino_clicks,3+6 clicks,0,0.8420839048461582,4,1,4,5,8,7.599852071005918,10.199444110576923
m2,img_7_8_5,sam,3+6 clicks,0,0.31557355493609635,2,9,6,11,8,9.027135724852071,10.199444110576923
m2,img_7_8_5,microsam,3+6 clicks,0,0.19003361437300512,0,2,8,2,8,97.11220645340237,10.199444110576923
m2,img_7_8_5,rf_clicks,3+6 clicks,0,0.8476135183034896,4,1,4,5,8,8.71119753143491,10.199444110576923
m2,img_7_8_5,dino_clicks,3+6 clicks,1,0.8797829745702144,3,3,5,6,8,8.59837278106509,10.199444110576923
m2,img_7_8_5,sam,3+6 clicks,1,0.8135369941136253,2,0,6,2,8,7.1270282451923075,10.199444110576923
m2,img_7_8_5,microsam,3+6 clicks,1,0.2222110438606455,1,2,7,3,8,78.82809610761834,10.199444110576923
m2,img_7_8_5,rf_clicks,3+6 clicks,1,0.6102701330156064,2,1,6,3,8,4.592588526257396,10.199444110576923
m2,img_7_8_5,dino_clicks,3+6 clicks,2,0.8107773822059536,4,0,4,4,8,7.086578910872782,10.199444110576923
m2,img_7_8_5,sam,3+6 clicks,2,0.6048874244920374,5,0,3,5,8,4.532203448594674,10.199444110576923
m2,img_7_8_5,microsam,3+6 clicks,2,0.26966758523677203,1,1,7,2,8,27.387666420118347,10.199444110576923
m2,img_7_8_5,rf_clicks,3+6 clicks,2,0.5957026621376096,2,1,6,3,8,4.430502265162722,10.199444110576923
m2,img_7_8_5,dino_clicks,10+20 clicks,0,0.9112115146877023,7,1,1,8,8,9.432351377588757,10.199444110576923
m2,img_7_8_5,sam,10+20 clicks,0,0.8051721973469473,4,0,4,4,8,7.061587000739646,10.199444110576923
m2,img_7_8_5,microsam,10+20 clicks,0,0.2157850391408919,0,4,8,4,8,84.10095575998521,10.199444110576923
m2,img_7_8_5,rf_clicks,10+20 clicks,0,0.8697918961389904,5,0,3,5,8,9.473667483357987,10.199444110576923
m2,img_7_8_5,dino_clicks,10+20 clicks,1,0.828527422928352,4,2,4,6,8,7.340109559911243,10.199444110576923
m2,img_7_8_5,sam,10+20 clicks,1,0.83989923614497,4,0,4,4,8,7.578038322855029,10.199444110576923
m2,img_7_8_5,microsam,10+20 clicks,1,0.19997790643659147,0,2,8,2,8,91.80337578587277,10.199444110576923
m2,img_7_8_5,rf_clicks,10+20 clicks,1,0.817493474694745,4,1,4,5,8,7.677572577662723,10.199444110576923
m2,img_7_8_5,dino_clicks,10+20 clicks,2,0.9079802844986168,7,1,1,8,8,10.375687638683432,10.199444110576923
m2,img_7_8_5,sam,10+20 clicks,2,0.8939507267609978,5,0,3,5,8,8.535098465236686,10.199444110576923
m2,img_7_8_5,microsam,10+20 clicks,2,0.19776138216164435,0,1,8,1,8,92.94809194711539,10.199444110576923
m2,img_7_8_5,rf_clicks,10+20 clicks,2,0.8743261366923502,6,1,2,7,8,11.774367834689349,10.199444110576923
m2,img_13_7_8,otsu,no input,0,0.6503161174063101,4,1,9,5,13,3.565030972633136,5.894623705621302
m2,img_13_7_8,dino_clicks,3+6 clicks,0,0.25252583347711893,2,6,11,8,13,1.6406538923816567,5.894623705621302
m2,img_13_7_8,sam,3+6 clicks,0,0.11705107730973636,0,2,13,2,13,27.21344535872781,5.894623705621302
m2,img_13_7_8,microsam,3+6 clicks,0,0.2106627804053752,0,9,13,9,13,26.420638406065088,5.894623705621302
m2,img_13_7_8,rf_clicks,3+6 clicks,0,0.7703281351157957,10,1,3,11,13,6.8242360854289945,5.894623705621302
m2,img_13_7_8,dino_clicks,3+6 clicks,1,0.7541358993490622,12,6,1,18,13,5.334978272928994,5.894623705621302
m2,img_13_7_8,sam,3+6 clicks,1,0.09640210035448221,0,2,13,2,13,55.071768676035504,5.894623705621302
m2,img_13_7_8,microsam,3+6 clicks,1,0.11434800702274546,0,1,13,1,13,97.20509546042899,5.894623705621302
m2,img_13_7_8,rf_clicks,3+6 clicks,1,0.5627767263382703,3,1,10,4,13,2.4253709781804735,5.894623705621302
m2,img_13_7_8,dino_clicks,3+6 clicks,2,0.4958832335329341,7,2,6,9,13,2.5974251109467454,5.894623705621302
m2,img_13_7_8,sam,3+6 clicks,2,0.42511518588296743,3,0,10,3,13,1.8498347355769231,5.894623705621302
m2,img_13_7_8,microsam,3+6 clicks,2,0.2225039013981337,0,5,13,5,13,16.785173585428996,5.894623705621302
m2,img_13_7_8,rf_clicks,3+6 clicks,2,0.5491468939301893,3,1,10,4,13,2.428260216346154,5.894623705621302
m2,img_13_7_8,dino_clicks,10+20 clicks,0,0.7202048280907096,11,2,2,13,13,3.9793477255917162,5.894623705621302
m2,img_13_7_8,sam,10+20 clicks,0,0.11250913041035342,1,2,12,3,13,71.23792298446746,5.894623705621302
m2,img_13_7_8,microsam,10+20 clicks,0,0.11252305687177618,0,3,13,3,13,98.7385586168639,5.894623705621302
m2,img_13_7_8,rf_clicks,10+20 clicks,0,0.7007420783837928,6,0,7,6,13,4.345125277366864,5.894623705621302
m2,img_13_7_8,dino_clicks,10+20 clicks,1,0.7984722534261963,12,7,1,19,13,6.3223754160502965,5.894623705621302
m2,img_13_7_8,sam,10+20 clicks,1,0.10471790312217089,1,2,12,3,13,74.36942377034023,5.894623705621302
m2,img_13_7_8,microsam,10+20 clicks,1,0.1118553698335355,0,1,13,1,13,99.5026176497781,5.894623705621302
m2,img_13_7_8,rf_clicks,10+20 clicks,1,0.7801790801790802,12,1,1,13,13,8.303092640532544,5.894623705621302
m2,img_13_7_8,dino_clicks,10+20 clicks,2,0.7949137941494073,12,6,1,18,13,6.011782313239645,5.894623705621302
m2,img_13_7_8,sam,10+20 clicks,2,0.11377757332943776,0,1,13,1,13,87.06170257026628,5.894623705621302
m2,img_13_7_8,microsam,10+20 clicks,2,0.11238866218214544,0,1,13,1,13,98.92794817862426,5.894623705621302
m2,img_13_7_8,rf_clicks,10+20 clicks,2,0.6319866818309186,4,0,9,4,13,2.86973580806213,5.894623705621302
m2,img_9_19_12,otsu,no input,0,0.18159417893170168,0,1,1,1,1,15.865818001109467,1.6054051867603552
m2,img_9_19_12,dino_clicks,3+6 clicks,0,0.8110354975170131,1,0,0,1,1,2.3217917899408285,1.6054051867603552
m2,img_9_19_12,sam,3+6 clicks,0,0.8354554358472086,1,0,0,1,1,2.229480630547337,1.6054051867603552
m2,img_9_19_12,microsam,3+6 clicks,0,0.8086661064630448,1,0,0,1,1,2.3486617048816565,1.6054051867603552
m2,img_9_19_12,rf_clicks,3+6 clicks,0,0.7021182877507708,1,0,0,1,1,2.002242048816568,1.6054051867603552
m2,img_9_19_12,dino_clicks,3+6 clicks,1,0.7763373982319438,1,0,0,1,1,2.528950166420118,1.6054051867603552
m2,img_9_19_12,sam,3+6 clicks,1,0.8326386541999925,1,0,0,1,1,2.2417598927514795,1.6054051867603552
m2,img_9_19_12,microsam,3+6 clicks,1,0.7350596950755697,1,0,0,1,1,2.762689534023669,1.6054051867603552
m2,img_9_19_12,rf_clicks,3+6 clicks,1,0.7072765373220609,1,0,0,1,1,2.393011510724852,1.6054051867603552
m2,img_9_19_12,dino_clicks,3+6 clicks,2,0.7558503401360545,1,0,0,1,1,2.6417749167899407,1.6054051867603552
m2,img_9_19_12,sam,3+6 clicks,2,0.8067789213368731,1,0,0,1,1,2.366863905325444,1.6054051867603552
m2,img_9_19_12,microsam,3+6 clicks,2,0.34985046434755235,0,1,1,1,1,7.572259846523669,1.6054051867603552
m2,img_9_19_12,rf_clicks,3+6 clicks,2,0.6297333878938588,0,1,1,1,1,2.984005177514793,1.6054051867603552
m2,img_9_19_12,dino_clicks,10+20 clicks,0,0.766935985083903,1,0,0,1,1,2.5785006009615383,1.6054051867603552
m2,img_9_19_12,sam,10+20 clicks,0,0.8579067694811485,1,0,0,1,1,2.122723280325444,1.6054051867603552
m2,img_9_19_12,microsam,10+20 clicks,0,0.763203674065827,1,0,0,1,1,2.5467189811390534,1.6054051867603552
m2,img_9_19_12,rf_clicks,10+20 clicks,0,0.7190181302693427,1,0,0,1,1,2.2670407267011834,1.6054051867603552
m2,img_9_19_12,dino_clicks,10+20 clicks,1,0.755405956752346,1,0,0,1,1,2.643508459689349,1.6054051867603552
m2,img_9_19_12,sam,10+20 clicks,1,0.8293503870750589,1,0,0,1,1,2.257361778846154,1.6054051867603552
m2,img_9_19_12,microsam,10+20 clicks,1,0.5938969645147499,0,1,1,1,1,3.8009372688609466,1.6054051867603552
m2,img_9_19_12,rf_clicks,10+20 clicks,1,0.7005395385786634,1,0,0,1,1,2.758933524408284,1.6054051867603552
m2,img_9_19_12,dino_clicks,10+20 clicks,2,0.7710032272616858,1,0,0,1,1,2.557553624260355,1.6054051867603552
m2,img_9_19_12,sam,10+20 clicks,2,0.8202321969977077,1,0,0,1,1,2.301711584689349,1.6054051867603552
m2,img_9_19_12,microsam,10+20 clicks,2,0.6943889027743064,1,0,0,1,1,3.0185315735946747,1.6054051867603552
m2,img_9_19_12,rf_clicks,10+20 clicks,2,0.7229071564645412,1,0,0,1,1,2.413669563609467,1.6054051867603552
m2,img_11_18_4,otsu,no input,0,0.0,0,1,2,1,2,20.00364044008876,0.329517612795858
m2,img_11_18_4,dino_clicks,3+6 clicks,0,0.6472314615535121,1,1,1,2,2,0.40882720044378695,0.329517612795858
m2,img_11_18_4,sam,3+6 clicks,0,0.8861226371599815,1,0,1,1,2,0.2971581453402367,0.329517612795858
m2,img_11_18_4,microsam,3+6 clicks,0,0.8910891089108911,1,0,1,1,2,0.3124711076183432,0.329517612795858
m2,img_11_18_4,rf_clicks,3+6 clicks,0,0.0,0,0,2,0,2,0.0,0.329517612795858
m2,img_11_18_4,dino_clicks,3+6 clicks,1,0.4476924847508344,1,2,1,3,2,0.9257119082840236,0.329517612795858
m2,img_11_18_4,sam,3+6 clicks,1,0.8898439267134133,1,0,1,1,2,0.3091484837278107,0.329517612795858
m2,img_11_18_4,microsam,3+6 clicks,1,0.8881987577639752,1,0,1,1,2,0.3217166697485207,0.329517612795858
m2,img_11_18_4,rf_clicks,3+6 clicks,1,0.0,0,0,2,0,2,0.0,0.329517612795858
m2,img_11_18_4,dino_clicks,3+6 clicks,2,0.46225042972365465,1,2,1,3,2,0.763047799556213,0.329517612795858
m2,img_11_18_4,sam,3+6 clicks,2,0.8888888888888888,1,0,1,1,2,0.30235877403846156,0.329517612795858
m2,img_11_18_4,microsam,3+6 clicks,2,0.885850991114149,1,0,1,1,2,0.3045257026627219,0.329517612795858
m2,img_11_18_4,rf_clicks,3+6 clicks,2,0.0,0,0,2,0,2,0.0,0.329517612795858
m2,img_11_18_4,dino_clicks,10+20 clicks,0,0.4556235176632131,1,2,1,3,2,0.8277667344674557,0.329517612795858
m2,img_11_18_4,sam,10+20 clicks,0,0.0,0,0,2,0,2,0.0,0.329517612795858
m2,img_11_18_4,microsam,10+20 clicks,0,0.8905908096280087,1,0,1,1,2,0.3306733080621302,0.329517612795858
m2,img_11_18_4,rf_clicks,10+20 clicks,0,0.0,0,0,2,0,2,0.0,0.329517612795858
m2,img_11_18_4,dino_clicks,10+20 clicks,1,0.4628013029315961,1,2,1,3,2,0.7792275332840237,0.329517612795858
m2,img_11_18_4,sam,10+20 clicks,1,0.0,0,0,2,0,2,0.0,0.329517612795858
m2,img_11_18_4,microsam,10+20 clicks,1,0.8751740139211137,1,0,1,1,2,0.29311321190828404,0.329517612795858
m2,img_11_18_4,rf_clicks,10+20 clicks,1,0.0,0,0,2,0,2,0.0,0.329517612795858
m2,img_11_18_4,dino_clicks,10+20 clicks,2,0.49505553019930015,1,2,1,3,2,0.6200305103550295,0.329517612795858
m2,img_11_18_4,sam,10+20 clicks,2,0.0,0,0,2,0,2,0.0,0.329517612795858
m2,img_11_18_4,microsam,10+20 clicks,2,0.0,0,0,2,0,2,0.0,0.329517612795858
m2,img_11_18_4,rf_clicks,10+20 clicks,2,0.0,0,0,2,0,2,0.0,0.329517612795858
m2,img_7_19_7,otsu,no input,0,0.06052521153135549,0,1,2,1,2,22.367904031065088,0.6981844027366864
m2,img_7_19_7,dino_clicks,3+6 clicks,0,0.8413470533208606,2,1,0,3,2,0.8461133968195266,0.6981844027366864
m2,img_7_19_7,sam,3+6 clicks,0,0.9056137012369172,2,0,0,2,2,0.8201102533284023,0.6981844027366864
m2,img_7_19_7,microsam,3+6 clicks,0,0.09312407873059915,0,1,2,1,2,14.296528291420119,0.6981844027366864
m2,img_7_19_7,rf_clicks,3+6 clicks,0,0.0,0,0,2,0,2,0.0,0.6981844027366864
m2,img_7_19_7,dino_clicks,3+6 clicks,1,0.8332108743570904,2,1,0,3,2,0.8747168546597633,0.6981844027366864
m2,img_7_19_7,sam,3+6 clicks,1,0.7477948637889313,2,1,0,3,2,1.152517104289941,0.6981844027366864
m2,img_7_19_7,microsam,3+6 clicks,1,0.0860377761558044,0,1,2,1,2,15.531533145340237,0.6981844027366864
m2,img_7_19_7,rf_clicks,3+6 clicks,1,0.0,0,0,2,0,2,0.0,0.6981844027366864
m2,img_7_19_7,dino_clicks,3+6 clicks,2,0.7906781792270936,2,1,0,3,2,1.025101701183432,0.6981844027366864
m2,img_7_19_7,sam,3+6 clicks,2,0.8685309605956056,2,0,0,2,2,0.8929190551035504,0.6981844027366864
m2,img_7_19_7,microsam,3+6 clicks,2,0.07938111310946315,0,1,2,1,2,16.892508783284025,0.6981844027366864
m2,img_7_19_7,rf_clicks,3+6 clicks,2,0.605679012345679,1,0,1,1,2,0.47195705436390534,0.6981844027366864
m2,img_7_19_7,dino_clicks,10+20 clicks,0,0.7034371327849589,2,2,0,4,2,1.2688089404585798,0.6981844027366864
m2,img_7_19_7,sam,10+20 clicks,0,0.8573984612631955,2,0,0,2,2,0.9166108080621302,0.6981844027366864
m2,img_7_19_7,microsam,10+20 clicks,0,0.1510820615461596,0,2,2,2,2,8.540443555843195,0.6981844027366864
m2,img_7_19_7,rf_clicks,10+20 clicks,0,0.5929335318803303,1,0,1,1,2,0.36895571375739644,0.6981844027366864
m2,img_7_19_7,dino_clicks,10+20 clicks,1,0.8340971585701191,2,1,0,3,2,0.8778950166420117,0.6981844027366864
m2,img_7_19_7,sam,10+20 clicks,1,0.8586547085201793,2,0,0,2,2,0.9125658746301776,0.6981844027366864
m2,img_7_19_7,microsam,10+20 clicks,1,0.08448931427822211,0,2,2,2,2,15.82898021449704,0.6981844027366864
m2,img_7_19_7,rf_clicks,10+20 clicks,1,0.0,0,0,2,0,2,0.0,0.6981844027366864
m2,img_7_19_7,dino_clicks,10+20 clicks,2,0.9224238565212777,2,0,0,2,2,0.6630801590236687,0.6981844027366864
m2,img_7_19_7,sam,10+20 clicks,2,0.8749885352655232,2,0,0,2,2,0.8768837832840236,0.6981844027366864
m2,img_7_19_7,microsam,10+20 clicks,2,0.14555036892034331,1,1,1,2,2,8.895530926405325,0.6981844027366864
m2,img_7_19_7,rf_clicks,10+20 clicks,2,0.5948813154754011,1,0,1,1,2,0.3912028476331361,0.6981844027366864
m2,img_13_0_8,otsu,no input,0,0.1611280822264603,2,1,1,3,3,15.562303531804734,1.556721523668639
m2,img_13_0_8,dino_clicks,3+6 clicks,0,0.7549946398986453,2,1,1,3,3,1.4079257581360947,1.556721523668639
m2,img_13_0_8,sam,3+6 clicks,0,0.8116888045540797,3,2,0,5,3,2.2498497596153846,1.556721523668639
m2,img_13_0_8,microsam,3+6 clicks,0,0.10905282119526992,0,1,3,1,3,26.993140948594675,1.556721523668639
m2,img_13_0_8,rf_clicks,3+6 clicks,0,0.5134982491810686,2,1,1,3,3,2.2800422984467454,1.556721523668639
m2,img_13_0_8,dino_clicks,3+6 clicks,1,0.7558341759352881,2,2,1,4,3,2.015099158653846,1.556721523668639
m2,img_13_0_8,sam,3+6 clicks,1,0.9276851408420045,3,0,0,3,3,1.7614240477071008,1.556721523668639
m2,img_13_0_8,microsam,3+6 clicks,1,0.03784511808161495,0,1,3,1,3,80.71130154400888,1.556721523668639
m2,img_13_0_8,rf_clicks,3+6 clicks,1,0.357767474617055,1,1,2,2,3,0.9047649315828403,1.556721523668639
m2,img_13_0_8,dino_clicks,3+6 clicks,2,0.7359789431058918,2,1,1,3,3,1.2972679363905326,1.556721523668639
m2,img_13_0_8,sam,3+6 clicks,2,0.8159506868079601,3,2,0,5,3,2.239881887943787,1.556721523668639
m2,img_13_0_8,microsam,3+6 clicks,2,0.05049802127046386,0,1,3,1,3,60.09803185096154,1.556721523668639
m2,img_13_0_8,rf_clicks,3+6 clicks,2,0.0,0,0,3,0,3,0.0,1.556721523668639
m2,img_13_0_8,dino_clicks,10+20 clicks,0,0.8046079259885247,2,1,1,3,3,1.691215560281065,1.556721523668639
m2,img_13_0_8,sam,10+20 clicks,0,0.8688015133090123,2,0,1,2,3,1.6507662259615383,1.556721523668639
m2,img_13_0_8,microsam,10+20 clicks,0,0.06776143898735132,0,2,3,2,3,44.39039963942308,1.556721523668639
m2,img_13_0_8,rf_clicks,10+20 clicks,0,0.510220261280204,2,2,1,4,3,2.6342628975591715,1.556721523668639
m2,img_13_0_8,dino_clicks,10+20 clicks,1,0.6762259194395797,1,2,2,3,3,1.0828864644970415,1.556721523668639
m2,img_13_0_8,sam,10+20 clicks,1,0.29996656423647045,1,3,2,4,3,7.516497549926035,1.556721523668639
m2,img_13_0_8,microsam,10+20 clicks,1,0.06258439397503245,0,4,3,4,3,48.191192446375744,1.556721523668639
m2,img_13_0_8,rf_clicks,10+20 clicks,1,0.6234021632251721,2,1,1,3,3,2.2631402551775146,1.556721523668639
m2,img_13_0_8,dino_clicks,10+20 clicks,2,0.81212884649991,2,1,1,3,3,1.6543777736686391,1.556721523668639
m2,img_13_0_8,sam,10+20 clicks,2,0.8840878858767947,2,0,1,2,3,1.5926925388313609,1.556721523668639
m2,img_13_0_8,microsam,10+20 clicks,2,0.10641333919251868,0,5,3,5,3,27.70129322300296,1.556721523668639
m2,img_13_0_8,rf_clicks,10+20 clicks,2,0.8120481927710843,2,0,1,2,3,1.081152921597633,1.556721523668639
m2,img_9_12_2,otsu,no input,0,0.8184492825781922,3,0,1,3,4,1.373399362056213,1.818197577662722
m2,img_9_12_2,dino_clicks,3+6 clicks,0,0.8359627447253374,4,2,0,6,4,1.9818729197485205,1.818197577662722
m2,img_9_12_2,sam,3+6 clicks,0,0.7622771917060749,3,0,1,3,4,1.3588087093195267,1.818197577662722
m2,img_9_12_2,microsam,3+6 clicks,0,0.043776044746526785,0,4,4,4,4,81.24335475221893,1.818197577662722
m2,img_9_12_2,rf_clicks,3+6 clicks,0,0.9198544989407204,4,0,0,4,4,1.795805981878698,1.818197577662722
m2,img_9_12_2,dino_clicks,3+6 clicks,1,0.8109119700568632,4,3,0,7,4,2.1958210059171597,1.818197577662722
m2,img_9_12_2,sam,3+6 clicks,1,0.8203519776964628,3,0,1,3,4,1.4980699889053255,1.818197577662722
m2,img_9_12_2,microsam,3+6 clicks,1,0.05132617773717865,0,2,4,2,4,69.03054502588756,1.818197577662722
m2,img_9_12_2,rf_clicks,3+6 clicks,1,0.6317079669597655,2,0,2,2,4,0.8926301312869823,1.818197577662722
m2,img_9_12_2,dino_clicks,3+6 clicks,2,0.8775851519477871,4,1,0,5,4,1.7232861039201182,1.818197577662722
m2,img_9_12_2,sam,3+6 clicks,2,0.7290274684484038,3,1,1,4,4,1.4898356601331362,1.818197577662722
m2,img_9_12_2,microsam,3+6 clicks,2,0.06453994902851634,0,9,4,9,4,54.52512481508875,1.818197577662722
m2,img_9_12_2,rf_clicks,3+6 clicks,2,0.6149286498353458,2,0,2,2,4,0.8138983912721893,1.818197577662722
m2,img_9_12_2,dino_clicks,10+20 clicks,0,0.8340989532344303,4,2,0,6,4,2.0184217825443787,1.818197577662722
m2,img_9_12_2,sam,10+20 clicks,0,0.6661508304962344,2,0,2,2,4,0.982340976331361,1.818197577662722
m2,img_9_12_2,microsam,10+20 clicks,0,0.03883950544897956,0,1,4,1,4,91.80799856693787,1.818197577662722
m2,img_9_12_2,rf_clicks,10+20 clicks,0,0.6162492497408195,2,0,2,2,4,0.8293558154585798,1.818197577662722
m2,img_9_12_2,dino_clicks,10+20 clicks,1,0.8194007228634721,4,2,0,6,4,1.8989517843934913,1.818197577662722
m2,img_9_12_2,sam,10+20 clicks,1,0.9330040377905837,4,0,0,4,4,1.866881240754438,1.818197577662722
m2,img_9_12_2,microsam,10+20 clicks,1,0.04895733251387695,0,3,4,3,4,72.45862610946746,1.818197577662722
m2,img_9_12_2,rf_clicks,10+20 clicks,1,0.6238312676668841,2,0,2,2,4,0.8393236871301776,1.818197577662722
m2,img_9_12_2,dino_clicks,10+20 clicks,2,0.8114182021217197,4,3,0,7,4,2.3215028661242605,1.818197577662722
m2,img_9_12_2,sam,10+20 clicks,2,0.9206229210765043,4,0,0,4,4,2.0036866678994083,1.818197577662722
m2,img_9_12_2,microsam,10+20 clicks,2,0.03771781167166384,0,1,4,1,4,94.59235738720415,1.818197577662722
m2,img_9_12_2,rf_clicks,10+20 clicks,2,0.7895515973449214,3,0,1,3,4,1.2069792437130178,1.818197577662722
m2,img_3_5_6,otsu,no input,0,0.632417096311663,1,1,3,2,4,1.9927075628698225,2.7426093287721893
m2,img_3_5_6,dino_clicks,3+6 clicks,0,0.5200623295675886,1,1,3,2,4,0.9657278568786983,2.7426093287721893
m2,img_3_5_6,sam,3+6 clicks,0,0.05007688006709533,0,1,4,1,4,38.59661034578402,2.7426093287721893
m2,img_3_5_6,microsam,3+6 clicks,0,0.08352587546155099,0,4,4,4,4,62.907527043269226,2.7426093287721893
m2,img_3_5_6,rf_clicks,3+6 clicks,0,0.8107892214293322,3,0,1,3,4,2.6828020987426036,2.7426093287721893
m2,img_3_5_6,dino_clicks,3+6 clicks,1,0.8831975816609287,3,0,1,3,4,2.4185812684911245,2.7426093287721893
m2,img_3_5_6,sam,3+6 clicks,1,0.8571259539726676,2,0,2,2,4,2.1410699426775146,2.7426093287721893
m2,img_3_5_6,microsam,3+6 clicks,1,0.1508049854236658,1,3,3,4,4,29.120342548076923,2.7426093287721893
m2,img_3_5_6,rf_clicks,3+6 clicks,1,0.6615829284791833,1,1,3,2,4,1.9555808524408285,2.7426093287721893
m2,img_3_5_6,dino_clicks,3+6 clicks,2,0.7915142648134601,3,0,1,3,4,1.7994175295857988,2.7426093287721893
m2,img_3_5_6,sam,3+6 clicks,2,0.2360071064472745,3,9,1,12,4,5.957898021449704,2.7426093287721893
m2,img_3_5_6,microsam,3+6 clicks,2,0.05555953884265837,0,1,4,1,4,95.98424787352072,2.7426093287721893
m2,img_3_5_6,rf_clicks,3+6 clicks,2,0.6807609525793238,1,0,3,1,4,1.4187604012573964,2.7426093287721893
m2,img_3_5_6,dino_clicks,10+20 clicks,0,0.8611666571444895,3,0,1,3,4,2.3144242326183435,2.7426093287721893
m2,img_3_5_6,sam,10+20 clicks,0,0.13195322943288382,1,7,3,8,4,25.463722725591715,2.7426093287721893
m2,img_3_5_6,microsam,10+20 clicks,0,0.12345457922105486,0,4,4,4,4,40.81785664755917,2.7426093287721893
m2,img_3_5_6,rf_clicks,10+20 clicks,0,0.7135734415162119,1,0,3,1,4,1.922210151627219,2.7426093287721893
m2,img_3_5_6,dino_clicks,10+20 clicks,1,0.8339558045440398,3,1,1,4,4,2.8272640070266273,2.7426093287721893
m2,img_3_5_6,sam,10+20 clicks,1,0.1096120020693223,1,5,3,6,4,39.144120978180474,2.7426093287721893
m2,img_3_5_6,microsam,10+20 clicks,1,0.08483409461335695,0,1,4,1,4,61.87130177514793,2.7426093287721893
m2,img_3_5_6,rf_clicks,10+20 clicks,1,0.7673095439558837,2,0,2,2,4,2.208533653846154,2.7426093287721893
m2,img_3_5_6,dino_clicks,10+20 clicks,2,0.8167137033552838,3,0,1,3,4,2.7856589774408285,2.7426093287721893
m2,img_3_5_6,sam,10+20 clicks,2,0.30459605141453766,1,7,3,8,4,10.845333302514792,2.7426093287721893
m2,img_3_5_6,microsam,10+20 clicks,2,0.12448611564417279,0,4,4,4,4,41.07658792529586,2.7426093287721893
m2,img_3_5_6,rf_clicks,10+20 clicks,2,0.7168690095846645,1,0,3,1,4,1.7790484005177514,2.7426093287721893
m2,img_9_19_10,otsu,no input,0,0.05435798292250685,0,1,3,1,3,16.62843241494083,1.3050688794378698
m2,img_9_19_10,dino_clicks,3+6 clicks,0,0.45252029450632436,2,6,1,8,3,3.2862194896449703,1.3050688794378698
m2,img_9_19_10,sam,3+6 clicks,0,0.6596385542168675,2,1,1,3,3,1.092998798076923,1.3050688794378698
m2,img_9_19_10,microsam,3+6 clicks,0,0.0599302172433992,0,1,3,1,3,38.40071999815089,1.3050688794378698
m2,img_9_19_10,rf_clicks,3+6 clicks,0,0.21757214251168788,0,2,3,2,3,3.175417205991124,1.3050688794378698
m2,img_9_19_10,dino_clicks,3+6 clicks,1,0.1270475144582867,0,12,3,12,3,18.952968981139055,1.3050688794378698
m2,img_9_19_10,sam,3+6 clicks,1,0.5488872584984104,2,2,1,4,3,1.6484548354289938,1.3050688794378698
m2,img_9_19_10,microsam,3+6 clicks,1,0.027431690501480845,0,2,3,2,3,93.76112356693787,1.3050688794378698
m2,img_9_19_10,rf_clicks,3+6 clicks,1,0.4298096992019644,2,5,1,7,3,4.578142335428994,1.3050688794378698
m2,img_9_19_10,dino_clicks,3+6 clicks,2,0.5536449194448876,2,5,1,7,3,3.2230896357248517,1.3050688794378698
m2,img_9_19_10,sam,3+6 clicks,2,0.5984068233022208,2,5,1,7,3,2.2856763128698225,1.3050688794378698
m2,img_9_19_10,microsam,3+6 clicks,2,0.03552853314036602,0,3,3,3,3,72.16089011649409,1.3050688794378698
m2,img_9_19_10,rf_clicks,3+6 clicks,2,0.521616049724607,2,4,1,6,3,3.3897986778846154,1.3050688794378698
m2,img_9_19_10,dino_clicks,10+20 clicks,0,0.30335024546556294,1,13,2,14,3,5.727770201553255,1.3050688794378698
m2,img_9_19_10,sam,10+20 clicks,0,0.7211184694628403,2,0,1,2,3,0.8544921875,1.3050688794378698
m2,img_9_19_10,microsam,10+20 clicks,0,0.06192667909716107,0,2,3,2,3,39.21548516087278,1.3050688794378698
m2,img_9_19_10,rf_clicks,10+20 clicks,0,0.5081293654986206,2,4,1,6,3,3.617326183431953,1.3050688794378698
m2,img_9_19_10,dino_clicks,10+20 clicks,1,0.40642676935333955,2,8,1,10,3,4.134644276997041,1.3050688794378698
m2,img_9_19_10,sam,10+20 clicks,1,0.4783819194235179,1,0,2,1,3,0.45909994452662717,1.3050688794378698
m2,img_9_19_10,microsam,10+20 clicks,1,0.06856701440939823,0,1,3,1,3,36.47114228920118,1.3050688794378698
m2,img_9_19_10,rf_clicks,10+20 clicks,1,0.5309935450387622,2,4,1,6,3,3.1485472910502956,1.3050688794378698
m2,img_9_19_10,dino_clicks,10+20 clicks,2,0.31918975342774925,2,6,1,8,3,3.815527921597633,1.3050688794378698
m2,img_9_19_10,sam,10+20 clicks,2,0.7058183055461041,2,0,1,2,3,0.817798862795858,1.3050688794378698
m2,img_9_19_10,microsam,10+20 clicks,2,0.05910945466148008,0,1,3,1,3,41.254276072485204,1.3050688794378698
m2,img_9_19_10,rf_clicks,10+20 clicks,2,0.690538016491276,3,1,0,4,3,1.8660144693047338,1.3050688794378698
m2,img_7_15_12,otsu,no input,0,0.7119601016279289,2,1,3,3,5,2.1690955528846154,2.4364945451183435
m2,img_7_15_12,dino_clicks,3+6 clicks,0,0.8722859233959502,5,0,0,5,5,2.300700351331361,2.4364945451183435
m2,img_7_15_12,sam,3+6 clicks,0,0.06891488327330814,1,10,4,11,5,41.244886048446745,2.4364945451183435
m2,img_7_15_12,microsam,3+6 clicks,0,0.08619031514869692,1,8,4,9,5,52.240604197485204,2.4364945451183435
m2,img_7_15_12,rf_clicks,3+6 clicks,0,0.5397303727200634,1,1,4,2,5,1.2068347818047336,2.4364945451183435
m2,img_7_15_12,dino_clicks,3+6 clicks,1,0.8339539832424524,4,0,1,4,5,1.9083418084319528,2.4364945451183435
m2,img_7_15_12,sam,3+6 clicks,1,0.12322189363941657,0,3,5,3,5,26.38510077662722,2.4364945451183435
m2,img_7_15_12,microsam,3+6 clicks,1,0.13842677560041836,0,6,5,6,5,26.84477856878698,2.4364945451183435
m2,img_7_15_12,rf_clicks,3+6 clicks,1,0.6954296929763073,2,1,3,3,5,1.6852926220414202,2.4364945451183435
m2,img_7_15_12,dino_clicks,3+6 clicks,2,0.8840868048116066,5,0,0,5,5,2.283220460428994,2.4364945451183435
m2,img_7_15_12,sam,3+6 clicks,2,0.7511604566553758,3,1,2,4,5,2.169528938609467,2.4364945451183435
m2,img_7_15_12,microsam,3+6 clicks,2,0.05863783332753885,0,2,5,2,5,80.66666281434911,2.4364945451183435
m2,img_7_15_12,rf_clicks,3+6 clicks,2,0.5369941735174395,1,1,4,2,5,1.183431952662722,2.4364945451183435
m2,img_7_15_12,dino_clicks,10+20 clicks,0,0.8214249415591015,4,0,1,4,5,1.8275876017011834,2.4364945451183435
m2,img_7_15_12,sam,10+20 clicks,0,0.4651477344278352,2,2,3,4,5,3.758176544008876,2.4364945451183435
m2,img_7_15_12,microsam,10+20 clicks,0,0.07689414403632708,0,5,5,5,5,60.936199842825445,2.4364945451183435
m2,img_7_15_12,rf_clicks,10+20 clicks,0,0.8115198679401014,3,1,2,4,5,2.4642312315088755,2.4364945451183435
m2,img_7_15_12,dino_clicks,10+20 clicks,1,0.8414480239123215,4,0,1,4,5,1.9132535133136095,2.4364945451183435
m2,img_7_15_12,sam,10+20 clicks,1,0.08370911826147183,2,2,3,4,5,36.35860646264793,2.4364945451183435
m2,img_7_15_12,microsam,10+20 clicks,1,0.06859708667774296,0,2,5,2,5,68.60134869637574,2.4364945451183435
m2,img_7_15_12,rf_clicks,10+20 clicks,1,0.7736798451755599,3,1,2,4,5,2.788692677514793,2.4364945451183435
m2,img_7_15_12,dino_clicks,10+20 clicks,2,0.7897209367550133,4,0,1,4,5,1.6841369267751478,2.4364945451183435
m2,img_7_15_12,sam,10+20 clicks,2,0.2472069287485109,2,3,3,5,5,11.024032683062131,2.4364945451183435
m2,img_7_15_12,microsam,10+20 clicks,2,0.08735850082743511,0,1,5,1,5,53.34501548631657,2.4364945451183435
m2,img_7_15_12,rf_clicks,10+20 clicks,2,0.7028113866450316,2,1,3,3,5,1.6588560928254437,2.4364945451183435
m2,img_21_7_18,otsu,no input,0,0.0,0,1,1,1,1,15.737680288461538,0.23633968195266275
m2,img_21_7_18,dino_clicks,3+6 clicks,0,0.4515218073423282,1,2,0,3,1,0.6844605214497042,0.23633968195266275
m2,img_21_7_18,sam,3+6 clicks,0,0.36263484048657335,0,4,1,4,1,1.0225013868343196,0.23633968195266275
m2,img_21_7_18,microsam,3+6 clicks,0,0.85194957490472,1,0,0,1,1,0.256419887204142,0.23633968195266275
m2,img_21_7_18,rf_clicks,3+6 clicks,0,0.0,0,0,1,0,1,0.0,0.23633968195266275
m2,img_21_7_18,dino_clicks,3+6 clicks,1,0.7741935483870968,1,0,0,1,1,0.24731878698224852,0.23633968195266275
m2,img_21_7_18,sam,3+6 clicks,1,0.20262617462194288,0,3,1,3,1,2.085018722263314,0.23633968195266275
m2,img_21_7_18,microsam,3+6 clicks,1,0.09761485417475149,0,1,1,1,1,4.602989783653847,0.23633968195266275
m2,img_21_7_18,rf_clicks,3+6 clicks,1,0.0,0,1,1,1,1,0.5703356139053255,0.23633968195266275
m2,img_21_7_18,dino_clicks,3+6 clicks,2,0.4758317639673572,1,2,0,3,1,0.6841715976331362,0.23633968195266275
m2,img_21_7_18,sam,3+6 clicks,2,0.04205313629932401,0,6,1,6,1,10.790726701183432,0.23633968195266275
m2,img_21_7_18,microsam,3+6 clicks,2,0.018336695808114773,0,1,1,1,1,25.541443232248522,0.23633968195266275
m2,img_21_7_18,rf_clicks,3+6 clicks,2,0.3915771858876028,0,2,1,2,1,0.7995966623520709,0.23633968195266275
m2,img_21_7_18,dino_clicks,10+20 clicks,0,0.5484818805093046,1,1,0,2,1,0.5011383598372782,0.23633968195266275
m2,img_21_7_18,sam,10+20 clicks,0,0.375475394721678,0,2,1,2,1,1.0171562962278107,0.23633968195266275
m2,img_21_7_18,microsam,10+20 clicks,0,0.16988289625597888,0,1,1,1,1,2.391277967825444,0.23633968195266275
m2,img_21_7_18,rf_clicks,10+20 clicks,0,0.0,0,0,1,0,1,0.0,0.23633968195266275
m2,img_21_7_18,dino_clicks,10+20 clicks,1,0.7567127746135069,1,0,0,1,1,0.29629137389053256,0.23633968195266275
m2,img_21_7_18,sam,10+20 clicks,1,0.3487090850167441,0,2,1,2,1,1.1009442030325443,0.23633968195266275
m2,img_21_7_18,microsam,10+20 clicks,1,0.8179487179487179,1,0,0,1,1,0.2143814718934911,0.23633968195266275
m2,img_21_7_18,rf_clicks,10+20 clicks,1,0.0,0,0,1,0,1,0.0,0.23633968195266275
m2,img_21_7_18,dino_clicks,10+20 clicks,2,0.7299610894941634,1,0,0,1,1,0.3205609744822485,0.23633968195266275
m2,img_21_7_18,sam,10+20 clicks,2,0.5990284005979073,0,1,1,1,1,0.5368204511834319,0.23633968195266275
m2,img_21_7_18,microsam,10+20 clicks,2,0.8435557957308836,1,0,0,1,1,0.2983138406065089,0.23633968195266275
m2,img_21_7_18,rf_clicks,10+20 clicks,2,0.0,0,0,1,0,1,0.0,0.23633968195266275
m2,img_3_2_11,otsu,no input,0,0.7975456806141205,2,0,4,2,6,4.298608542899409,6.390416974852071
m2,img_3_2_11,dino_clicks,3+6 clicks,0,0.38703848061795765,3,3,3,6,6,1.7635909763313609,6.390416974852071
m2,img_3_2_11,sam,3+6 clicks,0,0.15182867852050572,0,2,6,2,6,77.39878998705622,6.390416974852071
m2,img_3_2_11,microsam,3+6 clicks,0,0.18663178879196685,0,3,6,3,6,62.08958371856509,6.390416974852071
m2,img_3_2_11,rf_clicks,3+6 clicks,0,0.7598914949583516,3,0,3,3,6,4.154146634615385,6.390416974852071
m2,img_3_2_11,dino_clicks,3+6 clicks,1,0.9044798531742722,6,3,0,9,6,7.462902181952663,6.390416974852071
m2,img_3_2_11,sam,3+6 clicks,1,0.6238787865890639,3,2,3,5,6,7.186546551405325,6.390416974852071
m2,img_3_2_11,microsam,3+6 clicks,1,0.8441342804709054,2,0,4,2,6,5.181126340606509,6.390416974852071
m2,img_3_2_11,rf_clicks,3+6 clicks,1,0.795768007212211,5,1,1,6,6,7.550590560281065,6.390416974852071
m2,img_3_2_11,dino_clicks,3+6 clicks,2,0.8687627167910086,3,1,3,4,6,5.537513868343195,6.390416974852071
m2,img_3_2_11,sam,3+6 clicks,2,0.874477597434153,3,1,3,4,6,5.500531619822485,6.390416974852071
m2,img_3_2_11,microsam,3+6 clicks,2,0.8260268782455593,2,1,4,3,6,6.573305750739646,6.390416974852071
m2,img_3_2_11,rf_clicks,3+6 clicks,2,0.7501195802031456,2,0,4,2,6,3.8782243897928996,6.390416974852071
m2,img_3_2_11,dino_clicks,10+20 clicks,0,0.9157172088968532,4,0,2,4,6,5.540836492233728,6.390416974852071
m2,img_3_2_11,sam,10+20 clicks,0,0.805620067708875,2,1,4,3,6,6.112327801405326,6.390416974852071
m2,img_3_2_11,microsam,10+20 clicks,0,0.8335720143453408,2,0,4,2,6,5.411976470044379,6.390416974852071
m2,img_3_2_11,rf_clicks,10+20 clicks,0,0.7148321905449296,2,0,4,2,6,3.6171817215236683,6.390416974852071
m2,img_3_2_11,dino_clicks,10+20 clicks,1,0.9237112012312255,5,3,1,8,6,6.469148714866864,6.390416974852071
m2,img_3_2_11,sam,10+20 clicks,1,0.4682306940371456,1,7,5,8,6,13.412710336538462,6.390416974852071
m2,img_3_2_11,microsam,10+20 clicks,1,0.7688380641208904,4,5,2,9,6,7.758182322485208,6.390416974852071
m2,img_3_2_11,rf_clicks,10+20 clicks,1,0.8335918150042823,4,1,2,5,6,6.091380824704142,6.390416974852071
m2,img_3_2_11,dino_clicks,10+20 clicks,2,0.9130603190253178,5,1,1,6,6,5.917304225221893,6.390416974852071
m2,img_3_2_11,sam,10+20 clicks,2,0.8360162282423766,1,0,5,1,6,4.647917437130177,6.390416974852071
m2,img_3_2_11,microsam,10+20 clicks,2,0.8136603352913433,4,3,2,7,6,7.086723372781065,6.390416974852071
m2,img_3_2_11,rf_clicks,10+20 clicks,2,0.8686610596543526,4,0,2,4,6,5.821959365754438,6.390416974852071
m2,img_19_8_2,otsu,no input,0,0.892554107794088,2,0,2,2,4,3.5388833672337277,4.343969582100591
m2,img_19_8_2,dino_clicks,3+6 clicks,0,0.9292005032597507,3,0,1,3,4,4.497243666789941,4.343969582100591
m2,img_19_8_2,sam,3+6 clicks,0,0.1601169792927784,0,2,4,2,4,41.59563956176036,4.343969582100591
m2,img_19_8_2,microsam,3+6 clicks,0,0.10635054978007023,0,4,4,4,4,77.07317284578401,4.343969582100591
m2,img_19_8_2,rf_clicks,3+6 clicks,0,0.7655341792877609,2,0,2,2,4,2.7144392566568047,4.343969582100591
m2,img_19_8_2,dino_clicks,3+6 clicks,1,0.9177921697529859,3,0,1,3,4,4.533792529585798,4.343969582100591
m2,img_19_8_2,sam,3+6 clicks,1,0.16002785903329156,1,2,3,3,4,47.5106323964497,4.343969582100591
m2,img_19_8_2,microsam,3+6 clicks,1,0.08977606737832686,0,1,4,1,4,92.42947369637574,4.343969582100591
m2,img_19_8_2,rf_clicks,3+6 clicks,1,0.9265538599491872,3,0,1,3,4,4.355670996671598,4.343969582100591
m2,img_19_8_2,dino_clicks,3+6 clicks,2,0.907870437282202,3,0,1,3,4,4.651817908653847,4.343969582100591
m2,img_19_8_2,sam,3+6 clicks,2,0.9038051644012719,3,0,1,3,4,3.924741124260355,4.343969582100591
m2,img_19_8_2,microsam,3+6 clicks,2,0.15767163627239955,1,2,3,3,4,50.354365061020715,4.343969582100591
m2,img_19_8_2,rf_clicks,3+6 clicks,2,0.9322757779133618,3,0,1,3,4,4.416633921967455,4.343969582100591
m2,img_19_8_2,dino_clicks,10+20 clicks,0,0.9212125338280599,3,0,1,3,4,4.143600915310651,4.343969582100591
m2,img_19_8_2,sam,10+20 clicks,0,0.49192595510043324,1,5,3,6,4,11.794736963757396,4.343969582100591
m2,img_19_8_2,microsam,10+20 clicks,0,0.1269523837950546,1,3,3,4,4,63.41473280325444,4.343969582100591
m2,img_19_8_2,rf_clicks,10+20 clicks,0,0.9076346771316447,2,0,2,2,4,3.754564996301775,4.343969582100591
m2,img_19_8_2,dino_clicks,10+20 clicks,1,0.9203646399598562,3,0,1,3,4,4.292685604659764,4.343969582100591
m2,img_19_8_2,sam,10+20 clicks,1,0.9234827614992904,2,0,2,2,4,4.308576414571006,4.343969582100591
m2,img_19_8_2,microsam,10+20 clicks,1,0.13454776224234224,1,3,3,4,4,59.6218854012574,4.343969582100591
m2,img_19_8_2,rf_clicks,10+20 clicks,1,0.9010679277191445,3,0,1,3,4,4.881656804733728,4.343969582100591
m2,img_19_8_2,dino_clicks,10+20 clicks,2,0.9175173138149473,3,0,1,3,4,4.458672337278107,4.343969582100591
m2,img_19_8_2,sam,10+20 clicks,2,0.9248039675624958,2,0,2,2,4,4.278094951923077,4.343969582100591
m2,img_19_8_2,microsam,10+20 clicks,2,0.09904821602362139,0,2,4,2,4,83.23317307692307,4.343969582100591
m2,img_19_8_2,rf_clicks,10+20 clicks,2,0.9060214636897105,2,0,2,2,4,3.8538103272928996,4.343969582100591
m2,img_17_14_13,dino_labels,labels from same batch,0,0.0488305594251778,0,8,2,8,2,1.8433339497041419,0.1269820173816568
m2,img_17_14_13,rf_labels,labels from same batch,0,0.0636042402826855,0,6,2,6,2,1.5900922244822486,0.1269820173816568
m2,img_21_10_0,dino_labels,labels from same batch,0,0.877365678864886,1,3,0,4,1,3.931241910133136,3.083683894230769
m2,img_21_10_0,rf_labels,labels from same batch,0,0.3183083150615618,0,10,1,10,1,3.768433339497041,3.083683894230769
m2,img_11_7_8,dino_labels,labels from same batch,0,0.545033600432972,1,5,3,6,4,6.810367742233728,2.7988050110946747
m2,img_11_7_8,rf_labels,labels from same batch,0,0.8115823073415412,1,1,3,2,4,3.537294286242604,2.7988050110946747
m2,img_13_11_7,dino_labels,labels from same batch,0,0.6916725200967767,4,4,1,8,5,5.641381980399409,3.613570173816568
m2,img_13_11_7,rf_labels,labels from same batch,0,0.7588788795480754,4,4,1,8,5,5.03001918454142,3.613570173816568
m2,img_3_19_7,dino_labels,labels from same batch,0,0.8057246877157743,3,2,1,5,4,3.8588664940828403,3.045401488535503
m2,img_3_19_7,rf_labels,labels from same batch,0,0.8103024654748793,3,2,1,5,4,3.774934125369823,3.045401488535503
m2,img_5_18_12,dino_labels,labels from same batch,0,0.7419095320893779,7,8,1,15,8,6.58139561760355,4.551705806213017
m2,img_5_18_12,rf_labels,labels from same batch,0,0.7647036650793452,6,4,2,10,8,6.945873012204141,4.551705806213017
m2,img_13_3_8,dino_labels,labels from same batch,0,0.6391961986288948,3,3,1,6,4,2.675723465236686,1.3069468842455623
m2,img_13_3_8,rf_labels,labels from same batch,0,0.6801760716976643,3,3,1,6,4,2.335949056952663,1.3069468842455623
m2,img_7_8_5,dino_labels,labels from same batch,0,0.8935907314465802,6,1,2,7,8,10.611305011094675,10.199444110576923
m2,img_7_8_5,rf_labels,labels from same batch,0,0.8497156162919418,5,2,3,7,8,8.722898946005918,10.199444110576923
m2,img_13_7_8,dino_labels,labels from same batch,0,0.7322057165269402,12,7,1,19,13,8.838324010724852,5.894623705621302
m2,img_13_7_8,rf_labels,labels from same batch,0,0.8769692164500672,12,2,1,14,13,6.677462786612426,5.894623705621302
m2,img_9_19_12,dino_labels,labels from same batch,0,0.6415726120717028,0,1,1,1,1,3.3991887019230766,1.6054051867603552
m2,img_9_19_12,rf_labels,labels from same batch,0,0.7760620458356624,1,0,0,1,1,2.5296724759615383,1.6054051867603552
m2,img_11_18_4,dino_labels,labels from same batch,0,0.49377162629757787,1,1,1,2,2,0.5054722170857988,0.329517612795858
m2,img_11_18_4,rf_labels,labels from same batch,0,0.8459740811557255,1,0,1,1,2,0.3504645894970414,0.329517612795858
m2,img_7_19_7,dino_labels,labels from same batch,0,0.6946754194018965,2,2,0,4,2,1.282388359837278,0.6981844027366864
m2,img_7_19_7,rf_labels,labels from same batch,0,0.6767012041444973,2,1,0,3,2,1.3653094951923077,0.6981844027366864
m2,img_13_0_8,dino_labels,labels from same batch,0,0.5551133685919254,3,8,0,11,3,3.9608566013313613,1.556721523668639
m2,img_13_0_8,rf_labels,labels from same batch,0,0.7332979288369623,3,3,0,6,3,2.5236050758136095,1.556721523668639
m2,img_9_12_2,dino_labels,labels from same batch,0,0.7142565894859473,3,4,1,7,4,3.1419020432692304,1.818197577662722
m2,img_9_12_2,rf_labels,labels from same batch,0,0.6985677806150772,4,4,0,8,4,3.386476053994083,1.818197577662722
m2,img_3_5_6,dino_labels,labels from same batch,0,0.8247461989418998,4,1,0,5,4,3.3193012666420123,2.7426093287721893
m2,img_3_5_6,rf_labels,labels from same batch,0,0.8249156445825077,3,1,1,4,4,2.6518872503698225,2.7426093287721893
m2,img_9_19_10,dino_labels,labels from same batch,0,0.4841260744985673,2,5,1,7,3,2.47622156989645,1.3050688794378698
m2,img_9_19_10,rf_labels,labels from same batch,0,0.5251137531190372,2,5,1,7,3,3.616026026257396,1.3050688794378698
m2,img_7_15_12,dino_labels,labels from same batch,0,0.8517878882251352,4,1,1,5,5,2.6660445173816565,2.4364945451183435
m2,img_7_15_12,rf_labels,labels from same batch,0,0.7990017825311942,4,2,1,6,5,3.641740245931953,2.4364945451183435
m2,img_21_7_18,dino_labels,labels from same batch,0,0.5316809216268109,1,1,0,2,1,0.5912825906065089,0.23633968195266275
m2,img_21_7_18,rf_labels,labels from same batch,0,0.24912440992843002,1,5,0,6,1,1.6610230214497042,0.23633968195266275
m2,img_3_2_11,dino_labels,labels from same batch,0,0.8757985700324057,6,3,0,9,6,7.65200281989645,6.390416974852071
m2,img_3_2_11,rf_labels,labels from same batch,0,0.7976877231956239,6,1,0,7,6,5.704945220044379,6.390416974852071
m2,img_19_8_2,dino_labels,labels from same batch,0,0.9398231801755291,3,0,1,3,4,4.610357340976331,4.343969582100591
m2,img_19_8_2,rf_labels,labels from same batch,0,0.8852148509606895,3,1,1,4,4,4.655862842085798,4.343969582100591
m2,img_17_14_13,dino_labels,labels from other batches,0,0.04860649295689499,0,9,2,9,2,2.2625624075443787,0.1269820173816568
m2,img_17_14_13,rf_labels,labels from other batches,0,0.03627906976744186,0,10,2,10,2,2.978949010724852,0.1269820173816568
m2,img_21_10_0,dino_labels,labels from other batches,0,0.8300880130851312,1,4,0,5,1,4.33530186760355,3.083683894230769
m2,img_21_10_0,rf_labels,labels from other batches,0,0.27481364089921934,1,5,0,6,1,14.14469882581361,3.083683894230769
m2,img_11_7_8,dino_labels,labels from other batches,0,0.5605227981583246,1,6,3,7,4,6.927815273668639,2.7988050110946747
m2,img_11_7_8,rf_labels,labels from other batches,0,0.7136495716819503,1,5,3,6,4,4.857387204142012,2.7988050110946747
m2,img_13_11_7,dino_labels,labels from other batches,0,0.6755119367975709,4,6,1,10,5,6.42523229474852,3.613570173816568
m2,img_13_11_7,rf_labels,labels from other batches,0,0.7023781070745698,4,4,1,8,5,6.057287814349112,3.613570173816568
m2,img_3_19_7,dino_labels,labels from other batches,0,0.796184471782695,3,2,1,5,4,4.011996116863906,3.045401488535503
m2,img_3_19_7,rf_labels,labels from other batches,0,0.6870880569470077,3,4,1,7,4,5.721702801405326,3.045401488535503
m2,img_5_18_12,dino_labels,labels from other batches,0,0.794468338516509,7,4,1,11,8,6.364558293269231,4.551705806213017
m2,img_5_18_12,rf_labels,labels from other batches,0,0.6161259990597086,6,7,2,13,8,10.197277181952662,4.551705806213017
m2,img_13_3_8,dino_labels,labels from other batches,0,0.5797073170731707,2,6,2,8,4,3.1352567954881656,1.3069468842455623
m2,img_13_3_8,rf_labels,labels from other batches,0,0.5921061448770355,3,4,1,7,4,3.0046632303994083,1.3069468842455623
m2,img_7_8_5,dino_labels,labels from other batches,0,0.8939665533463823,5,2,3,7,8,10.834932045118343,10.199444110576923
m2,img_7_8_5,rf_labels,labels from other batches,0,0.919493451084929,6,2,2,8,8,11.098430565828403,10.199444110576923
m2,img_13_7_8,dino_labels,labels from other batches,0,0.7207152626699346,12,11,1,23,13,9.842912120931953,5.894623705621302
m2,img_13_7_8,rf_labels,labels from other batches,0,0.7798014042319583,12,8,1,20,13,9.104711769600591,5.894623705621302
m2,img_9_19_12,dino_labels,labels from other batches,0,0.6566996602156892,0,1,1,1,1,3.283908099112426,1.6054051867603552
m2,img_9_19_12,rf_labels,labels from other batches,0,0.5606821220453571,0,1,1,1,1,4.121209319526628,1.6054051867603552
m2,img_11_18_4,dino_labels,labels from other batches,0,0.5268699276157052,1,1,1,2,2,0.3290842270710059,0.329517612795858
m2,img_11_18_4,rf_labels,labels from other batches,0,0.08485186809681407,0,6,2,6,2,6.916402782914201,0.329517612795858
m2,img_7_19_7,dino_labels,labels from other batches,0,0.6622644105103865,2,2,0,4,2,1.4020028198964496,0.6981844027366864
m2,img_7_19_7,rf_labels,labels from other batches,0,0.21996677514052296,0,8,2,8,2,5.649905232988166,0.6981844027366864
m2,img_13_0_8,dino_labels,labels from other batches,0,0.5411337319306744,3,8,0,11,3,4.169604058801775,1.556721523668639
m2,img_13_0_8,rf_labels,labels from other batches,0,0.293380646922342,2,8,1,10,3,9.028002496301776,1.556721523668639
m2,img_9_12_2,dino_labels,labels from other batches,0,0.6484431571325127,4,5,0,9,4,3.7678554918639056,1.818197577662722
m2,img_9_12_2,rf_labels,labels from other batches,0,0.6725446190018168,4,4,0,8,4,3.5887227255917162,1.818197577662722
m2,img_3_5_6,dino_labels,labels from other batches,0,0.7118677118677119,4,6,0,10,4,4.665686251849112,2.7426093287721893
m2,img_3_5_6,rf_labels,labels from other batches,0,0.7976610720086627,4,3,0,7,4,3.927919286242604,2.7426093287721893
m2,img_9_19_10,dino_labels,labels from other batches,0,0.46357171199218633,2,6,1,8,3,3.4279366216715976,1.3050688794378698
m2,img_9_19_10,rf_labels,labels from other batches,0,0.23282305035822895,2,5,1,7,3,9.905753051035502,1.3050688794378698
m2,img_7_15_12,dino_labels,labels from other batches,0,0.7360882783470329,4,4,1,8,5,3.9783364922337277,2.4364945451183435
m2,img_7_15_12,rf_labels,labels from other batches,0,0.6688614322828867,4,5,1,9,5,4.847708256286983,2.4364945451183435
m2,img_21_7_18,dino_labels,labels from other batches,0,0.511744127936032,1,1,0,2,1,0.6308651534763313,0.23633968195266275
m2,img_21_7_18,rf_labels,labels from other batches,0,0.03967503334545895,1,2,0,3,1,11.67743389423077,0.23633968195266275
m2,img_3_2_11,dino_labels,labels from other batches,0,0.8550765437371982,5,4,1,9,6,8.491037583210058,6.390416974852071
m2,img_3_2_11,rf_labels,labels from other batches,0,0.8542108837762119,6,2,0,8,6,7.222517566568047,6.390416974852071
m2,img_19_8_2,dino_labels,labels from other batches,0,0.8879719104495528,3,1,1,4,4,5.283549833579881,4.343969582100591
m2,img_19_8_2,rf_labels,labels from other batches,0,0.8679780977489353,3,1,1,4,4,5.628813794378698,4.343969582100591
m3,img_13_10_12,otsu,no input,0,0.3978377065111759,2,0,7,2,9,0.9504148946005917,3.80642682137574
m3,img_13_10_12,dino_clicks,3+6 clicks,0,0.679203445482069,6,4,3,10,9,2.9691256009615383,3.80642682137574
m3,img_13_10_12,sam,3+6 clicks,0,0.059607944519429926,0,1,9,1,9,92.30610322670118,3.80642682137574
m3,img_13_10_12,microsam,3+6 clicks,0,0.07333701655920832,0,1,9,1,9,100.0,3.80642682137574
m3,img_13_10_12,rf_clicks,3+6 clicks,0,0.49272417769479987,3,0,6,3,9,1.4551648021449703,3.80642682137574
m3,img_13_10_12,dino_clicks,3+6 clicks,1,0.6869510926118626,6,3,3,9,9,3.1349678716715976,3.80642682137574
m3,img_13_10_12,sam,3+6 clicks,1,0.06901169560411698,2,3,7,5,9,54.877034023668635,3.80642682137574
m3,img_13_10_12,microsam,3+6 clicks,1,0.07955255649653549,0,1,9,1,9,91.88947508321006,3.80642682137574
m3,img_13_10_12,rf_clicks,3+6 clicks,1,0.1940370116518163,1,0,8,1,9,0.408971662352071,3.80642682137574
m3,img_13_10_12,dino_clicks,3+6 clicks,2,0.7002541352713005,6,2,3,8,9,2.673845460428994,3.80642682137574
m3,img_13_10_12,sam,3+6 clicks,2,0.1110311095662537,1,1,8,2,9,31.10452685835799,3.80642682137574
m3,img_13_10_12,microsam,3+6 clicks,2,0.0913128386585871,0,2,9,2,9,79.56152921597634,3.80642682137574
m3,img_13_10_12,rf_clicks,3+6 clicks,2,0.4953683910503064,3,0,6,3,9,1.2620192307692308,3.80642682137574
m3,img_13_10_12,dino_clicks,10+20 clicks,0,0.7293585319591398,5,3,4,8,9,2.515081823224852,3.80642682137574
m3,img_13_10_12,sam,10+20 clicks,0,0.1352440584315077,3,6,6,9,9,45.65993088942308,3.80642682137574
m3,img_13_10_12,microsam,10+20 clicks,0,0.08300356497780984,1,4,8,5,9,87.53134823409763,3.80642682137574
m3,img_13_10_12,rf_clicks,10+20 clicks,0,0.24321172746959854,1,0,8,1,9,0.5295973557692308,3.80642682137574
m3,img_13_10_12,dino_clicks,10+20 clicks,1,0.7522970985140811,6,2,3,8,9,2.9698479105029585,3.80642682137574
m3,img_13_10_12,sam,10+20 clicks,1,0.5831174247690305,7,5,2,12,9,7.623832747781065,3.80642682137574
m3,img_13_10_12,microsam,10+20 clicks,1,0.07606052164776148,0,1,9,1,9,96.28299509985207,3.80642682137574
m3,img_13_10_12,rf_clicks,10+20 clicks,1,0.3559618144381356,2,0,7,2,9,0.8241551867603549,3.80642682137574
m3,img_13_10_12,dino_clicks,10+20 clicks,2,0.7591378902808518,6,2,3,8,9,2.91639700443787,3.80642682137574
m3,img_13_10_12,sam,10+20 clicks,2,0.19549917045202092,4,3,5,7,9,26.75607895710059,3.80642682137574
m3,img_13_10_12,microsam,10+20 clicks,2,0.07380930704856613,0,1,9,1,9,99.33576414571006,3.80642682137574
m3,img_13_10_12,rf_clicks,10+20 clicks,2,0.5734743992839603,4,1,5,5,9,2.4882119082840237,3.80642682137574
m3,img_9_5_7,otsu,no input,0,0.7938072227873856,2,0,3,2,5,1.8205089681952662,2.723684818786982
m3,img_9_5_7,dino_clicks,3+6 clicks,0,0.8970893970893971,3,0,2,3,5,2.557264700443787,2.723684818786982
m3,img_9_5_7,sam,3+6 clicks,0,0.0,0,1,5,1,5,0.19459019045857986,2.723684818786982
m3,img_9_5_7,microsam,3+6 clicks,0,0.09778082035484055,0,1,5,1,5,52.98631656804734,2.723684818786982
m3,img_9_5_7,rf_clicks,3+6 clicks,0,0.8711709880665486,2,0,3,2,5,2.2517277644230766,2.723684818786982
m3,img_9_5_7,dino_clicks,3+6 clicks,1,0.4715458183544733,3,2,2,5,5,7.925324750369822,2.723684818786982
m3,img_9_5_7,sam,3+6 clicks,1,0.6086362127219108,2,2,3,4,5,4.673198271079881,2.723684818786982
m3,img_9_5_7,microsam,3+6 clicks,1,0.2609267014463382,0,1,5,1,5,15.524598973742604,2.723684818786982
m3,img_9_5_7,rf_clicks,3+6 clicks,1,0.8736249458640104,2,0,3,2,5,2.2797533746301775,2.723684818786982
m3,img_9_5_7,dino_clicks,3+6 clicks,2,0.8850410254912839,3,0,2,3,5,2.2237021542159763,2.723684818786982
m3,img_9_5_7,sam,3+6 clicks,2,0.9067807873262274,3,1,2,4,5,2.7111166327662723,2.723684818786982
m3,img_9_5_7,microsam,3+6 clicks,2,0.07546273235614709,0,2,5,2,5,66.59101678069527,2.723684818786982
m3,img_9_5_7,rf_clicks,3+6 clicks,2,0.8318840579710145,2,0,3,2,5,2.6589658838757395,2.723684818786982
m3,img_9_5_7,dino_clicks,10+20 clicks,0,0.8732543483740862,3,1,2,4,5,3.0071190828402363,2.723684818786982
m3,img_9_5_7,sam,10+20 clicks,0,0.2588674661662996,1,3,4,4,5,13.213208441198224,2.723684818786982
m3,img_9_5_7,microsam,10+20 clicks,0,0.17552804757554855,1,3,4,4,5,28.27264007026627,2.723684818786982
m3,img_9_5_7,rf_clicks,10+20 clicks,0,0.9295605685226236,3,0,2,3,5,2.815707054363905,2.723684818786982
m3,img_9_5_7,dino_clicks,10+20 clicks,1,0.5494955863808323,3,2,2,5,5,6.44097864275148,2.723684818786982
m3,img_9_5_7,sam,10+20 clicks,1,0.7996132982437295,2,1,3,3,5,2.6557877218934913,2.723684818786982
m3,img_9_5_7,microsam,10+20 clicks,1,0.0987257394350525,0,1,5,1,5,52.45310766457101,2.723684818786982
m3,img_9_5_7,rf_clicks,10+20 clicks,1,0.824186826235768,3,0,2,3,5,3.4808096801035506,2.723684818786982
m3,img_9_5_7,dino_clicks,10+20 clicks,2,0.8715030315923837,3,1,2,4,5,2.708660780325444,2.723684818786982
m3,img_9_5_7,sam,10+20 clicks,2,0.4043786220218931,1,3,4,4,5,7.596384985207101,2.723684818786982
m3,img_9_5_7,microsam,10+20 clicks,2,0.42328727525004334,1,5,4,6,5,9.770103319156805,2.723684818786982
m3,img_9_5_7,rf_clicks,10+20 clicks,2,0.8593022150394524,3,0,2,3,5,3.3546944341715976,2.723684818786982
m3,img_11_3_9,otsu,no input,0,0.8008263755607985,4,0,1,4,5,4.746295996671598,7.0711214866863905
m3,img_11_3_9,dino_clicks,3+6 clicks,0,0.8729341207709563,5,0,0,5,5,5.550804363905326,7.0711214866863905
m3,img_11_3_9,sam,3+6 clicks,0,0.6811648510478842,4,1,1,5,5,3.723361224112426,7.0711214866863905
m3,img_11_3_9,microsam,3+6 clicks,0,0.14866492230080136,0,1,5,1,5,88.05718958025149,7.0711214866863905
m3,img_11_3_9,rf_clicks,3+6 clicks,0,0.549096831507255,2,1,3,3,5,2.685835798816568,7.0711214866863905
m3,img_11_3_9,dino_clicks,3+6 clicks,1,0.7762507590974915,3,1,2,4,5,8.391358866494082,7.0711214866863905
m3,img_11_3_9,sam,3+6 clicks,1,0.8052572988113621,3,0,2,3,5,4.997370793269231,7.0711214866863905
m3,img_11_3_9,microsam,3+6 clicks,1,0.21503560151074236,0,2,5,2,5,51.25898553069527,7.0711214866863905
m3,img_11_3_9,rf_clicks,3+6 clicks,1,0.6785180799095668,2,1,3,3,5,3.663698455991124,7.0711214866863905
m3,img_11_3_9,dino_clicks,3+6 clicks,2,0.8531664160576284,4,1,1,5,5,5.322410086908284,7.0711214866863905
m3,img_11_3_9,sam,3+6 clicks,2,0.73027541801077,2,1,3,3,5,4.169315134985207,7.0711214866863905
m3,img_11_3_9,microsam,3+6 clicks,2,0.15047195404807615,0,1,5,1,5,86.91478480954143,7.0711214866863905
m3,img_11_3_9,rf_clicks,3+6 clicks,2,0.34951325496008356,1,1,4,2,5,1.5061598557692308,7.0711214866863905
m3,img_11_3_9,dino_clicks,10+20 clicks,0,0.9161539813675514,5,0,0,5,5,6.9002230491863905,7.0711214866863905
m3,img_11_3_9,sam,10+20 clicks,0,0.9413258826517653,4,0,1,4,5,6.578795303254438,7.0711214866863905
m3,img_11_3_9,microsam,10+20 clicks,0,0.15842007146186113,0,2,5,2,5,82.1994036612426,7.0711214866863905
m3,img_11_3_9,rf_clicks,10+20 clicks,0,0.840696523207734,4,0,1,4,5,5.331655649038462,7.0711214866863905
m3,img_11_3_9,dino_clicks,10+20 clicks,1,0.8698214595250476,5,0,0,5,5,6.2632904955621305,7.0711214866863905
m3,img_11_3_9,sam,10+20 clicks,1,0.8872543564863241,4,0,1,4,5,5.911092363165681,7.0711214866863905
m3,img_11_3_9,microsam,10+20 clicks,1,0.21849910246220072,0,5,5,5,5,57.63221153846154,7.0711214866863905
m3,img_11_3_9,rf_clicks,10+20 clicks,1,0.7523633790000506,3,0,2,3,5,4.359282544378698,7.0711214866863905
m3,img_11_3_9,dino_clicks,10+20 clicks,2,0.8899759209752953,4,0,1,4,5,8.167587370562131,7.0711214866863905
m3,img_11_3_9,sam,10+20 clicks,2,0.9656487369495089,4,0,1,4,5,6.945584088387574,7.0711214866863905
m3,img_11_3_9,microsam,10+20 clicks,2,0.18397744360902255,1,4,4,5,5,69.7826137204142,7.0711214866863905
m3,img_11_3_9,rf_clicks,10+20 clicks,2,0.877562999696387,5,0,0,5,5,7.203159670857988,7.0711214866863905
m3,img_1_4_18,otsu,no input,0,0.13812876302124813,1,2,0,3,1,8.338774731878699,0.7308327940088758
m3,img_1_4_18,dino_clicks,3+6 clicks,0,0.8999000999000999,1,0,0,1,1,0.7152309079142012,0.7308327940088758
m3,img_1_4_18,sam,3+6 clicks,0,0.9208552138034508,1,0,0,1,1,0.8097089959319527,0.7308327940088758
m3,img_1_4_18,microsam,3+6 clicks,0,0.9159457244331117,1,0,0,1,1,0.8555034208579883,0.7308327940088758
m3,img_1_4_18,rf_clicks,3+6 clicks,0,0.33688205887798556,1,3,0,4,1,2.3901222725591715,0.7308327940088758
m3,img_1_4_18,dino_clicks,3+6 clicks,1,0.7420250694288073,1,1,0,2,1,1.1938332100591718,0.7308327940088758
m3,img_1_4_18,sam,3+6 clicks,1,0.9152135805886152,1,0,0,1,1,0.8349898298816568,0.7308327940088758
m3,img_1_4_18,microsam,3+6 clicks,1,0.838152210036557,1,0,0,1,1,1.007910734097633,0.7308327940088758
m3,img_1_4_18,rf_clicks,3+6 clicks,1,0.545006993006993,1,2,0,3,1,1.8514238165680472,0.7308327940088758
m3,img_1_4_18,dino_clicks,3+6 clicks,2,0.8627327892864616,1,0,0,1,1,0.6499341253698225,0.7308327940088758
m3,img_1_4_18,sam,3+6 clicks,2,0.9290248124639354,1,0,0,1,1,0.7712821283284024,0.7308327940088758
m3,img_1_4_18,microsam,3+6 clicks,2,0.9208260024076304,1,0,0,1,1,0.8292113535502958,0.7308327940088758
m3,img_1_4_18,rf_clicks,3+6 clicks,2,0.5232765917426878,1,1,0,2,1,0.8052306767751479,0.7308327940088758
m3,img_1_4_18,dino_clicks,10+20 clicks,0,0.9044326962179748,1,0,0,1,1,0.6900945358727811,0.7308327940088758
m3,img_1_4_18,sam,10+20 clicks,0,0.9183976261127597,1,0,0,1,1,0.8270444249260356,0.7308327940088758
m3,img_1_4_18,microsam,10+20 clicks,0,0.8886734244160424,1,0,0,1,1,0.9080875554733728,0.7308327940088758
m3,img_1_4_18,rf_clicks,10+20 clicks,0,0.8313544668587897,1,0,0,1,1,0.5223742603550295,0.7308327940088758
m3,img_1_4_18,dino_clicks,10+20 clicks,1,0.8936215076436479,1,0,0,1,1,0.6393884060650887,0.7308327940088758
m3,img_1_4_18,sam,10+20 clicks,1,0.9196536635322595,1,0,0,1,1,0.8208325628698224,0.7308327940088758
m3,img_1_4_18,microsam,10+20 clicks,1,0.8001266524182696,1,1,0,2,1,1.0941544933431953,0.7308327940088758
m3,img_1_4_18,rf_clicks,10+20 clicks,1,0.8315043438500228,1,0,0,1,1,0.5329199796597633,0.7308327940088758
m3,img_1_4_18,dino_clicks,10+20 clicks,2,0.7427047619047619,1,1,0,2,1,1.165229752218935,0.7308327940088758
m3,img_1_4_18,sam,10+20 clicks,2,0.9157603686635944,1,0,0,1,1,0.836578910872781,0.7308327940088758
m3,img_1_4_18,microsam,10+20 clicks,2,0.8272861599080611,1,1,0,2,1,1.0290021727071006,0.7308327940088758
m3,img_1_4_18,rf_clicks,10+20 clicks,2,0.8878396810408142,1,0,0,1,1,0.6460336538461539,0.7308327940088758
m3,img_1_13_9,otsu,no input,0,0.0,0,0,2,0,2,0.0,0.6474782729289941
m3,img_1_13_9,dino_clicks,3+6 clicks,0,0.8151619285639904,2,1,0,3,2,0.7397894323224852,0.6474782729289941
m3,img_1_13_9,sam,3+6 clicks,0,0.6480438060471391,2,2,0,4,2,1.1728862333579881,0.6474782729289941
m3,img_1_13_9,microsam,3+6 clicks,0,0.022404902884593753,0,4,2,4,2,57.15043107433432,0.6474782729289941
m3,img_1_13_9,rf_clicks,3+6 clicks,0,0.67297259702323,1,0,1,1,2,0.3910583857248521,0.6474782729289941
m3,img_1_13_9,dino_clicks,3+6 clicks,1,0.8324758180695616,2,1,0,3,2,0.7564025517751479,0.6474782729289941
m3,img_1_13_9,sam,3+6 clicks,1,0.25613647886903873,0,1,2,1,2,4.196185049926036,0.6474782729289941
m3,img_1_13_9,microsam,3+6 clicks,1,0.0212175222080993,0,1,2,1,2,60.384933200813606,0.6474782729289941
m3,img_1_13_9,rf_clicks,3+6 clicks,1,0.0,0,0,2,0,2,0.0,0.6474782729289941
m3,img_1_13_9,dino_clicks,3+6 clicks,2,0.8043293718166383,2,1,0,3,2,0.713930750739645,0.6474782729289941
m3,img_1_13_9,sam,3+6 clicks,2,0.8136554827350093,2,1,0,3,2,0.8293558154585798,0.6474782729289941
m3,img_1_13_9,microsam,3+6 clicks,2,0.0661149710138514,0,1,2,1,2,18.938956176035504,0.6474782729289941
m3,img_1_13_9,rf_clicks,3+6 clicks,2,0.5657025734456843,1,0,1,1,2,0.6211862056213018,0.6474782729289941
m3,img_1_13_9,dino_clicks,10+20 clicks,0,0.8781397662273066,2,0,0,2,2,0.5142843934911242,0.6474782729289941
m3,img_1_13_9,sam,10+20 clicks,0,0.28275571950943273,0,1,2,1,2,3.8168280787721893,0.6474782729289941
m3,img_1_13_9,microsam,10+20 clicks,0,0.03828527742304719,0,10,2,10,2,33.17639954696745,0.6474782729289941
m3,img_1_13_9,rf_clicks,10+20 clicks,0,0.6713556750792994,1,0,1,1,2,0.4000150240384615,0.6474782729289941
m3,img_1_13_9,dino_clicks,10+20 clicks,1,0.8477535301668806,2,0,0,2,2,0.4778799926035503,0.6474782729289941
m3,img_1_13_9,sam,10+20 clicks,1,0.0,0,0,2,0,2,0.0,0.6474782729289941
m3,img_1_13_9,microsam,10+20 clicks,1,0.022562863399531827,0,1,2,1,2,56.745793269230774,0.6474782729289941
m3,img_1_13_9,rf_clicks,10+20 clicks,1,0.6677654168383463,1,0,1,1,2,0.4043488812869822,0.6474782729289941
m3,img_1_13_9,dino_clicks,10+20 clicks,2,0.8554354736172918,2,0,0,2,2,0.4887146357248521,0.6474782729289941
m3,img_1_13_9,sam,10+20 clicks,2,0.16041737360027147,0,1,2,1,2,2.758355676775148,0.6474782729289941
m3,img_1_13_9,microsam,10+20 clicks,2,0.04004037985652644,0,3,2,3,2,31.693786982248522,0.6474782729289941
m3,img_1_13_9,rf_clicks,10+20 clicks,2,0.6005873715124816,1,0,1,1,2,0.5330644415680473,0.6474782729289941
m3,img_17_1_10,otsu,no input,0,0.9369595187366838,1,0,0,1,1,0.5418766179733728,0.6107849482248521
m3,img_17_1_10,dino_clicks,3+6 clicks,0,0.7720302128633555,1,1,0,2,1,0.6515232063609467,0.6107849482248521
m3,img_17_1_10,sam,3+6 clicks,0,0.9555240123018689,1,0,0,1,1,0.610496024408284,0.6107849482248521
m3,img_17_1_10,microsam,3+6 clicks,0,0.8017085904129093,1,0,0,1,1,0.9111212555473372,0.6107849482248521
m3,img_17_1_10,rf_clicks,3+6 clicks,0,0.8900381726388376,1,0,0,1,1,0.5623902089497042,0.6107849482248521
m3,img_17_1_10,dino_clicks,3+6 clicks,1,0.7079756795422032,1,2,0,3,1,1.0048770340236686,0.6107849482248521
m3,img_17_1_10,sam,3+6 clicks,1,0.9547548730064973,1,0,0,1,1,0.6120851053994083,0.6107849482248521
m3,img_17_1_10,microsam,3+6 clicks,1,0.5053724495955572,0,1,1,1,1,1.782371024408284,0.6107849482248521
m3,img_17_1_10,rf_clicks,3+6 clicks,1,0.8609625668449198,1,0,0,1,1,0.46979012573964496,0.6107849482248521
m3,img_17_1_10,dino_clicks,3+6 clicks,2,0.780421172453045,1,1,0,2,1,0.6583129160502958,0.6107849482248521
m3,img_17_1_10,sam,3+6 clicks,2,0.9567682494684621,1,0,0,1,1,0.6122295673076923,0.6107849482248521
m3,img_17_1_10,microsam,3+6 clicks,2,0.9101524489133961,1,0,0,1,1,0.7253432414940828,0.6107849482248521
m3,img_17_1_10,rf_clicks,3+6 clicks,2,0.7895791583166333,1,0,0,1,1,0.39842594304733725,0.6107849482248521
m3,img_17_1_10,dino_clicks,10+20 clicks,0,0.6971952908587258,1,2,0,3,1,1.0580390162721893,0.6107849482248521
m3,img_17_1_10,sam,10+20 clicks,0,0.943737825140369,1,0,0,1,1,0.6499341253698225,0.6107849482248521
m3,img_17_1_10,microsam,10+20 clicks,0,0.3777220181019805,0,2,1,2,1,2.613315920857988,0.6107849482248521
m3,img_17_1_10,rf_clicks,10+20 clicks,0,0.9199017199017199,1,0,0,1,1,0.5651349852071006,0.6107849482248521
m3,img_17_1_10,dino_clicks,10+20 clicks,1,0.8100594227504244,1,1,0,2,1,0.750624075443787,0.6107849482248521
m3,img_17_1_10,sam,10+20 clicks,1,0.9505431014559741,1,0,0,1,1,0.6393884060650887,0.6107849482248521
m3,img_17_1_10,microsam,10+20 clicks,1,0.679951397326853,1,1,0,2,1,1.1725973095414202,0.6107849482248521
m3,img_17_1_10,rf_clicks,10+20 clicks,1,0.8623655913978494,1,0,0,1,1,0.46401164940828404,0.6107849482248521
m3,img_17_1_10,dino_clicks,10+20 clicks,2,0.7853342586167014,1,1,0,2,1,0.6382327107988165,0.6107849482248521
m3,img_17_1_10,sam,10+20 clicks,2,0.9527947393142321,1,0,0,1,1,0.6194526627218935,0.6107849482248521
m3,img_17_1_10,microsam,10+20 clicks,2,0.7197929437406347,1,0,0,1,1,0.44970992048816566,0.6107849482248521
m3,img_17_1_10,rf_clicks,10+20 clicks,2,0.8782675550999487,1,0,0,1,1,0.5165957840236687,0.6107849482248521
m3,img_3_10_4,otsu,no input,0,0.0,0,0,2,0,2,0.0,0.7730156712278107
m3,img_3_10_4,dino_clicks,3+6 clicks,0,0.6385563074787437,2,2,0,4,2,0.8920522836538461,0.7730156712278107
m3,img_3_10_4,sam,3+6 clicks,0,0.8599517074853398,2,1,0,3,2,0.9021646172337278,0.7730156712278107
m3,img_3_10_4,microsam,3+6 clicks,0,0.09841191021361509,0,1,2,1,2,14.93678346893491,0.7730156712278107
m3,img_3_10_4,rf_clicks,3+6 clicks,0,0.9100786811539903,2,0,0,2,2,0.7692596616124261,0.7730156712278107
m3,img_3_10_4,dino_clicks,3+6 clicks,1,0.6872367518855912,2,1,0,3,2,0.701795950443787,0.7730156712278107
m3,img_3_10_4,sam,3+6 clicks,1,0.9486664754803557,2,0,0,2,2,0.738200351331361,0.7730156712278107
m3,img_3_10_4,microsam,3+6 clicks,1,0.05306557580265278,0,3,2,3,2,28.361339681952664,0.7730156712278107
m3,img_3_10_4,rf_clicks,3+6 clicks,1,0.0,0,0,2,0,2,0.0,0.7730156712278107
m3,img_3_10_4,dino_clicks,3+6 clicks,2,0.7224609375,2,1,0,3,2,0.7062742696005917,0.7730156712278107
m3,img_3_10_4,sam,3+6 clicks,2,0.708229770781552,2,3,0,5,2,1.3193706083579881,0.7730156712278107
m3,img_3_10_4,microsam,3+6 clicks,2,0.07420195801092715,0,3,2,3,2,20.062436436760358,0.7730156712278107
m3,img_3_10_4,rf_clicks,3+6 clicks,2,0.8991062379065696,2,0,0,2,2,0.7948294193786983,0.7730156712278107
m3,img_3_10_4,dino_clicks,10+20 clicks,0,0.7221080171930481,2,1,0,3,2,0.7730156712278107,0.7730156712278107
m3,img_3_10_4,sam,10+20 clicks,0,0.6737864077669903,1,0,1,1,2,0.41735045303254437,0.7730156712278107
m3,img_3_10_4,microsam,10+20 clicks,0,0.5569725677996981,1,2,1,3,2,2.002242048816568,0.7730156712278107
m3,img_3_10_4,rf_clicks,10+20 clicks,0,0.8812571731261587,2,0,0,2,2,0.8633043639053255,0.7730156712278107
m3,img_3_10_4,dino_clicks,10+20 clicks,1,0.6594594594594595,2,2,0,4,2,0.9374133228550297,0.7730156712278107
m3,img_3_10_4,sam,10+20 clicks,1,0.6851104250771788,1,0,1,1,2,0.4436425203402367,0.7730156712278107
m3,img_3_10_4,microsam,10+20 clicks,1,0.11278322267889135,0,3,2,3,2,12.934974805843193,0.7730156712278107
m3,img_3_10_4,rf_clicks,10+20 clicks,1,0.676717811874583,2,1,0,3,2,1.3924683339497042,0.7730156712278107
m3,img_3_10_4,dino_clicks,10+20 clicks,2,0.7063204508856683,2,1,0,3,2,0.6623578494822485,0.7730156712278107
m3,img_3_10_4,sam,10+20 clicks,2,0.6728949284154332,1,0,1,1,2,0.41763937684911245,0.7730156712278107
m3,img_3_10_4,microsam,10+20 clicks,2,0.444306057209283,0,3,2,3,2,2.706638313609467,0.7730156712278107
m3,img_3_10_4,rf_clicks,10+20 clicks,2,0.9077973819009676,2,0,0,2,2,0.7499017659023668,0.7730156712278107
m3,img_21_11_14,otsu,no input,0,0.790599173553719,1,0,0,1,1,1.105566984097633,1.691215560281065
m3,img_21_11_14,dino_clicks,3+6 clicks,0,0.9484742371185593,1,0,0,1,1,1.7741366956360947,1.691215560281065
m3,img_21_11_14,sam,3+6 clicks,0,0.9664169237549581,1,0,0,1,1,1.586625138683432,1.691215560281065
m3,img_21_11_14,microsam,3+6 clicks,0,0.9284637957014831,1,0,0,1,1,1.9518248428254437,1.691215560281065
m3,img_21_11_14,rf_clicks,3+6 clicks,0,0.6819226231137056,1,3,0,4,1,2.961324657914201,1.691215560281065
m3,img_21_11_14,dino_clicks,3+6 clicks,1,0.8848299579671379,1,1,0,2,1,2.0893525795118344,1.691215560281065
m3,img_21_11_14,sam,3+6 clicks,1,0.9697660152484445,1,0,0,1,1,1.6056941105769231,1.691215560281065
m3,img_21_11_14,microsam,3+6 clicks,1,0.9519394974383996,1,0,0,1,1,1.861680612056213,1.691215560281065
m3,img_21_11_14,rf_clicks,3+6 clicks,1,0.7848876433649904,1,0,0,1,1,1.092420950443787,1.691215560281065
m3,img_21_11_14,dino_clicks,3+6 clicks,2,0.7952662721893491,1,0,0,1,1,1.116401627218935,1.691215560281065
m3,img_21_11_14,sam,3+6 clicks,2,0.9757602085143353,1,0,0,1,1,1.6342975684171597,1.691215560281065
m3,img_21_11_14,microsam,3+6 clicks,2,0.9511016463264804,1,0,0,1,1,1.8362553161982247,1.691215560281065
m3,img_21_11_14,rf_clicks,3+6 clicks,2,0.5876462782000241,0,1,1,1,1,0.7036739552514792,1.691215560281065
m3,img_21_11_14,dino_clicks,10+20 clicks,0,0.9435602953240361,1,0,0,1,1,1.830765763683432,1.691215560281065
m3,img_21_11_14,sam,10+20 clicks,0,0.9777681473456121,1,0,0,1,1,1.642242973372781,1.691215560281065
m3,img_21_11_14,microsam,10+20 clicks,0,0.9480503704903429,1,0,0,1,1,1.8765601886094674,1.691215560281065
m3,img_21_11_14,rf_clicks,10+20 clicks,0,0.6882193431756554,1,3,0,4,1,3.1034751756656807,1.691215560281065
m3,img_21_11_14,dino_clicks,10+20 clicks,1,0.9544062308567428,1,0,0,1,1,1.6103168916420119,1.691215560281065
m3,img_21_11_14,sam,10+20 clicks,1,0.9791259818600009,1,0,0,1,1,1.6376201923076923,1.691215560281065
m3,img_21_11_14,microsam,10+20 clicks,1,0.9498843484965305,1,0,0,1,1,1.86875924556213,1.691215560281065
m3,img_21_11_14,rf_clicks,10+20 clicks,1,0.8194556451612903,1,0,0,1,1,1.1749087000739644,1.691215560281065
m3,img_21_11_14,dino_clicks,10+20 clicks,2,0.9571410294682076,1,0,0,1,1,1.6962717270710062,1.691215560281065
m3,img_21_11_14,sam,10+20 clicks,2,0.9755970019173784,1,0,0,1,1,1.6238963110207099,1.691215560281065
m3,img_21_11_14,microsam,10+20 clicks,2,0.9657449442839455,1,0,0,1,1,1.8090964774408285,1.691215560281065
m3,img_21_11_14,rf_clicks,10+20 clicks,2,0.864963674712913,1,0,0,1,1,1.3908792529585798,1.691215560281065
m3,img_13_5_6,otsu,no input,0,0.0,0,4,1,4,1,1.9404123520710062,0.4161947577662721
m3,img_13_5_6,dino_clicks,3+6 clicks,0,0.7862675319238015,1,0,0,1,1,0.2738997781065089,0.4161947577662721
m3,img_13_5_6,sam,3+6 clicks,0,0.9223642764498796,1,0,0,1,1,0.36346616124260356,0.4161947577662721
m3,img_13_5_6,microsam,3+6 clicks,0,0.735136514416943,1,0,0,1,1,0.7160976793639053,0.4161947577662721
m3,img_13_5_6,rf_clicks,3+6 clicks,0,0.0,0,0,1,0,1,0.0,0.4161947577662721
m3,img_13_5_6,dino_clicks,3+6 clicks,1,0.0,0,1,1,1,1,0.14662883690828404,0.4161947577662721
m3,img_13_5_6,sam,3+6 clicks,1,0.9463869463869464,1,0,0,1,1,0.3894693047337278,0.4161947577662721
m3,img_13_5_6,microsam,3+6 clicks,1,0.6474414038532336,0,1,1,1,1,0.7610253328402367,0.4161947577662721
m3,img_13_5_6,rf_clicks,3+6 clicks,1,0.0,0,1,1,1,1,0.5044609837278107,0.4161947577662721
m3,img_13_5_6,dino_clicks,3+6 clicks,2,0.715939447907391,1,0,0,1,1,0.23272813424556213,0.4161947577662721
m3,img_13_5_6,sam,3+6 clicks,2,0.9467646531636494,1,0,0,1,1,0.38975822855029585,0.4161947577662721
m3,img_13_5_6,microsam,3+6 clicks,2,0.7384339356657695,1,0,0,1,1,0.7110415125739645,0.4161947577662721
m3,img_13_5_6,rf_clicks,3+6 clicks,2,0.20771644009026363,0,4,1,4,1,2.208533653846154,0.4161947577662721
m3,img_13_5_6,dino_clicks,10+20 clicks,0,0.598171238570241,1,1,0,2,1,0.45274362056213013,0.4161947577662721
m3,img_13_5_6,sam,10+20 clicks,0,0.7774971941638609,1,0,0,1,1,0.6135297244822485,0.4161947577662721
m3,img_13_5_6,microsam,10+20 clicks,0,0.8138281002220108,1,0,0,1,1,0.4947820358727811,0.4161947577662721
m3,img_13_5_6,rf_clicks,10+20 clicks,0,0.6160350767303476,0,1,1,1,1,0.506338988535503,0.4161947577662721
m3,img_13_5_6,dino_clicks,10+20 clicks,1,0.6718652526512788,1,1,0,2,1,0.5100949981508875,0.4161947577662721
m3,img_13_5_6,sam,10+20 clicks,1,0.6113054270563015,1,1,0,2,1,0.8641711353550297,0.4161947577662721
m3,img_13_5_6,microsam,10+20 clicks,1,0.7603106588109266,1,0,0,1,1,0.6626467732988165,0.4161947577662721
m3,img_13_5_6,rf_clicks,10+20 clicks,1,0.3446606139213143,0,2,1,2,1,1.2545072115384617,0.4161947577662721
m3,img_13_5_6,dino_clicks,10+20 clicks,2,0.6042889966811336,1,1,0,2,1,0.7155198317307692,0.4161947577662721
m3,img_13_5_6,sam,10+20 clicks,2,0.9536332179930795,1,0,0,1,1,0.4187950721153846,0.4161947577662721
m3,img_13_5_6,microsam,10+20 clicks,2,0.6313342631334263,0,1,1,1,1,0.20528037167159763,0.4161947577662721
m3,img_13_5_6,rf_clicks,10+20 clicks,2,0.36560204671123214,0,2,1,2,1,1.3342501849112427,0.4161947577662721
m3,img_11_4_18,otsu,no input,0,0.23136222396166892,1,2,1,3,2,10.239315597263314,1.9414235854289938
m3,img_11_4_18,dino_clicks,3+6 clicks,0,0.8055085448813671,2,2,0,4,2,2.4119360207100593,1.9414235854289938
m3,img_11_4_18,sam,3+6 clicks,0,0.23576959530749836,0,1,2,1,2,14.214907313239644,1.9414235854289938
m3,img_11_4_18,microsam,3+6 clicks,0,0.0998629012182843,0,2,2,2,2,36.94035456730769,1.9414235854289938
m3,img_11_4_18,rf_clicks,3+6 clicks,0,0.426001664917297,1,2,1,3,2,2.0499144785502956,1.9414235854289938
m3,img_11_4_18,dino_clicks,3+6 clicks,1,0.7975525239596666,2,2,0,4,2,2.686124722633136,1.9414235854289938
m3,img_11_4_18,sam,3+6 clicks,1,0.2455341375913155,0,1,2,1,2,13.601810974482248,1.9414235854289938
m3,img_11_4_18,microsam,3+6 clicks,1,0.21259692989397055,0,2,2,2,2,16.315672383505916,1.9414235854289938
m3,img_11_4_18,rf_clicks,3+6 clicks,1,0.4887655006477883,1,2,1,3,2,1.9612148668639053,1.9414235854289938
m3,img_11_4_18,dino_clicks,3+6 clicks,2,0.9033999355462455,1,1,1,2,2,1.6446988258136095,1.9414235854289938
m3,img_11_4_18,sam,3+6 clicks,2,0.19062462193186588,0,1,2,1,2,18.35793038091716,1.9414235854289938
m3,img_11_4_18,microsam,3+6 clicks,2,0.14810202608508785,0,2,2,2,2,24.275956915680474,1.9414235854289938
m3,img_11_4_18,rf_clicks,3+6 clicks,2,0.0,0,0,2,0,2,0.0,1.9414235854289938
m3,img_11_4_18,dino_clicks,10+20 clicks,0,0.9194184425413264,1,1,1,2,2,1.6852926220414202,1.9414235854289938
m3,img_11_4_18,sam,10+20 clicks,0,0.7794470488354066,1,1,1,2,2,1.9721939718934913,1.9414235854289938
m3,img_11_4_18,microsam,10+20 clicks,0,0.28835961806673105,0,1,2,1,2,11.523870885724852,1.9414235854289938
m3,img_11_4_18,rf_clicks,10+20 clicks,0,0.3269903350757775,1,2,1,3,2,5.741349620931953,1.9414235854289938
m3,img_11_4_18,dino_clicks,10+20 clicks,1,0.8549041954555168,2,1,0,3,2,2.1147778753698225,1.9414235854289938
m3,img_11_4_18,sam,10+20 clicks,1,0.6957891645082909,2,2,0,4,2,3.4688193417159763,1.9414235854289938
m3,img_11_4_18,microsam,10+20 clicks,1,0.2484447936405232,0,1,2,1,2,13.687187962278108,1.9414235854289938
m3,img_11_4_18,rf_clicks,10+20 clicks,1,0.466512576478586,1,3,1,4,2,3.3711630917159763,1.9414235854289938
m3,img_11_4_18,dino_clicks,10+20 clicks,2,0.8088605915903966,2,2,0,4,2,2.4149697207840237,1.9414235854289938
m3,img_11_4_18,sam,10+20 clicks,2,0.4506795415886325,1,5,1,6,2,6.466403938609468,1.9414235854289938
m3,img_11_4_18,microsam,10+20 clicks,2,0.30697099990851706,0,2,2,2,2,10.691481370192307,1.9414235854289938
m3,img_11_4_18,rf_clicks,10+20 clicks,2,0.4003066364897423,0,2,2,2,2,2.01596593010355,1.9414235854289938
m3,img_5_9_10,otsu,no input,0,0.7316196385482838,2,0,5,2,7,2.1465594951923075,3.7206164478550297
m3,img_5_9_10,dino_clicks,3+6 clicks,0,0.40155159038013966,2,0,5,2,7,0.9346685465976331,3.7206164478550297
m3,img_5_9_10,sam,3+6 clicks,0,0.5937016004130098,2,0,5,2,7,1.5960151627218935,3.7206164478550297
m3,img_5_9_10,microsam,3+6 clicks,0,0.24111210622639306,1,2,6,3,7,11.119088618713018,3.7206164478550297
m3,img_5_9_10,rf_clicks,3+6 clicks,0,0.8097418541376336,3,0,4,3,7,2.8100730399408285,3.7206164478550297
m3,img_5_9_10,dino_clicks,3+6 clicks,1,0.8127140820798673,2,1,5,3,7,3.0695266272189348,3.7206164478550297
m3,img_5_9_10,sam,3+6 clicks,1,0.8536292474648639,2,0,5,2,7,2.7755466438609466,3.7206164478550297
m3,img_5_9_10,microsam,3+6 clicks,1,0.84706749672346,2,0,5,2,7,3.3337474574704142,3.7206164478550297
m3,img_5_9_10,rf_clicks,3+6 clicks,1,0.7254969664085237,2,0,5,2,7,2.136736085428994,3.7206164478550297
m3,img_5_9_10,dino_clicks,3+6 clicks,2,0.8671596597112077,3,0,4,3,7,3.2925758136094676,3.7206164478550297
m3,img_5_9_10,sam,3+6 clicks,2,0.6030352303523036,2,0,5,2,7,1.6100279678254437,3.7206164478550297
m3,img_5_9_10,microsam,3+6 clicks,2,0.4366720974711341,2,1,5,3,7,12.594333626109467,3.7206164478550297
m3,img_5_9_10,rf_clicks,3+6 clicks,2,0.6850846851145038,2,4,5,6,7,5.968732664571006,3.7206164478550297
m3,img_5_9_10,dino_clicks,10+20 clicks,0,0.8622823244243158,2,1,5,3,7,3.0735715606508873,3.7206164478550297
m3,img_5_9_10,sam,10+20 clicks,0,0.8533600356030263,2,0,5,2,7,2.771501710428994,3.7206164478550297
m3,img_5_9_10,microsam,10+20 clicks,0,0.9121691529186027,4,2,3,6,7,3.9588341346153846,3.7206164478550297
m3,img_5_9_10,rf_clicks,10+20 clicks,0,0.8271921271626493,2,0,5,2,7,2.650298169378698,3.7206164478550297
m3,img_5_9_10,dino_clicks,10+20 clicks,1,0.8645680513056965,2,1,5,3,7,3.172239044008876,3.7206164478550297
m3,img_5_9_10,sam,10+20 clicks,1,0.8510533942704269,2,0,5,2,7,2.759222448224852,3.7206164478550297
m3,img_5_9_10,microsam,10+20 clicks,1,0.8971831492607116,4,2,3,6,7,4.310598881286983,3.7206164478550297
m3,img_5_9_10,rf_clicks,10+20 clicks,1,0.8914148223434486,3,0,4,3,7,3.2440366124260356,3.7206164478550297
m3,img_5_9_10,dino_clicks,10+20 clicks,2,0.8733526264287648,3,0,4,3,7,3.218033468934911,3.7206164478550297
m3,img_5_9_10,sam,10+20 clicks,2,0.922557237582885,3,0,4,3,7,3.207487749630177,3.7206164478550297
m3,img_5_9_10,microsam,10+20 clicks,2,0.9218606782768103,4,1,3,5,7,3.8445647651627217,3.7206164478550297
m3,img_5_9_10,rf_clicks,10+20 clicks,2,0.8924362895005097,3,0,4,3,7,3.3652401534763317,3.7206164478550297
m3,img_33_18_11,otsu,no input,0,0.11145962506382669,1,1,0,2,1,7.380992279955621,0.5407209227071006
m3,img_33_18_11,dino_clicks,3+6 clicks,0,0.8924885695623775,1,0,0,1,1,0.5651349852071006,0.5407209227071006
m3,img_33_18_11,sam,3+6 clicks,0,0.9180506398039749,1,0,0,1,1,0.5204962555473372,0.5407209227071006
m3,img_33_18_11,microsam,3+6 clicks,0,0.9149377593360996,1,0,0,1,1,0.5733693139792899,0.5407209227071006
m3,img_33_18_11,rf_clicks,3+6 clicks,0,0.13066242713301537,1,1,0,2,1,6.274269600591715,0.5407209227071006
m3,img_33_18_11,dino_clicks,3+6 clicks,1,0.7686472819216182,1,0,0,1,1,0.3734340329142012,0.5407209227071006
m3,img_33_18_11,sam,3+6 clicks,1,0.9175104630754691,1,0,0,1,1,0.5293084319526628,0.5407209227071006
m3,img_33_18_11,microsam,3+6 clicks,1,0.8914549653579676,1,0,0,1,1,0.6477671967455622,0.5407209227071006
m3,img_33_18_11,rf_clicks,3+6 clicks,1,0.16329113924050634,1,2,0,3,1,3.7960255639792897,0.5407209227071006
m3,img_33_18_11,dino_clicks,3+6 clicks,2,0.8771884321099728,1,0,0,1,1,0.5732248520710059,0.5407209227071006
m3,img_33_18_11,sam,3+6 clicks,2,0.9192081326912788,1,0,0,1,1,0.5392763036242604,0.5407209227071006
m3,img_33_18_11,microsam,3+6 clicks,2,0.3063277624933273,0,1,1,1,1,2.9773599297337277,0.5407209227071006
m3,img_33_18_11,rf_clicks,3+6 clicks,2,0.8073112878470768,1,0,0,1,1,0.49463757396449703,0.5407209227071006
m3,img_33_18_11,dino_clicks,10+20 clicks,0,0.8753874767513949,1,0,0,1,1,0.6243643676035503,0.5407209227071006
m3,img_33_18_11,sam,10+20 clicks,0,0.919748229740362,1,0,0,1,1,0.5609455898668638,0.5407209227071006
m3,img_33_18_11,microsam,10+20 clicks,0,0.8897173782321106,1,0,0,1,1,0.6604798446745562,0.5407209227071006
m3,img_33_18_11,rf_clicks,10+20 clicks,0,0.8784916201117319,1,0,0,1,1,0.49362634060650884,0.5407209227071006
m3,img_33_18_11,dino_clicks,10+20 clicks,1,0.8883814640698455,1,0,0,1,1,0.5347979844674556,0.5407209227071006
m3,img_33_18_11,sam,10+20 clicks,1,0.918453799311623,1,0,0,1,1,0.5505443324704141,0.5407209227071006
m3,img_33_18_11,microsam,10+20 clicks,1,0.8932509390524658,1,0,0,1,1,0.6515232063609467,0.5407209227071006
m3,img_33_18_11,rf_clicks,10+20 clicks,1,0.8052023966096741,1,0,0,1,1,0.44783191568047337,0.5407209227071006
m3,img_33_18_11,dino_clicks,10+20 clicks,2,0.8948458948458948,1,0,0,1,1,0.5748139330621301,0.5407209227071006
m3,img_33_18_11,sam,10+20 clicks,2,0.9182141446068748,1,0,0,1,1,0.5561783468934911,0.5407209227071006
m3,img_33_18_11,microsam,10+20 clicks,2,0.8673253352152435,1,0,0,1,1,0.6874942215236687,0.5407209227071006
m3,img_33_18_11,rf_clicks,10+20 clicks,2,0.8357836338418863,1,0,0,1,1,0.5008494360207101,0.5407209227071006
m3,img_15_7_4,otsu,no input,0,0.6432739674118985,1,0,1,1,2,0.6139631102071006,1.2922117696005917
m3,img_15_7_4,dino_clicks,3+6 clicks,0,0.8851241064895593,2,0,0,2,2,1.274442954881657,1.2922117696005917
m3,img_15_7_4,sam,3+6 clicks,0,0.9178104138851803,2,1,0,3,2,1.4128374630177516,1.2922117696005917
m3,img_15_7_4,microsam,3+6 clicks,0,0.03780994006205142,0,2,2,2,2,67.0608069064349,1.2922117696005917
m3,img_15_7_4,rf_clicks,3+6 clicks,0,0.6259716506630086,1,0,1,1,2,0.6034173909023668,1.2922117696005917
m3,img_15_7_4,dino_clicks,3+6 clicks,1,0.8419361121932216,2,0,0,2,2,1.6744579789201182,1.2922117696005917
m3,img_15_7_4,sam,3+6 clicks,1,0.034233675001783204,0,6,2,6,2,73.64436945266272,1.2922117696005917
m3,img_15_7_4,microsam,3+6 clicks,1,0.0388989150051097,0,1,2,1,2,65.14726446930473,1.2922117696005917
m3,img_15_7_4,rf_clicks,3+6 clicks,1,0.9029330005105803,2,0,0,2,2,1.2542182877218935,1.2922117696005917
m3,img_15_7_4,dino_clicks,3+6 clicks,2,0.8335589990471892,2,1,0,3,2,1.5885031434911243,1.2922117696005917
m3,img_15_7_4,sam,3+6 clicks,2,0.9648246973087737,2,0,0,2,2,1.2253259060650887,1.2922117696005917
m3,img_15_7_4,microsam,3+6 clicks,2,0.1218714661362181,0,2,2,2,2,19.913929595044376,1.2922117696005917
m3,img_15_7_4,rf_clicks,3+6 clicks,2,0.6034687222057515,1,0,1,1,2,0.6568682969674556,1.2922117696005917
m3,img_15_7_4,dino_clicks,10+20 clicks,0,0.8878971416427585,2,0,0,2,2,1.4268502681213018,1.2922117696005917
m3,img_15_7_4,sam,10+20 clicks,0,0.7684494382022472,2,1,0,3,2,1.922065689718935,1.2922117696005917
m3,img_15_7_4,microsam,10+20 clicks,0,0.46175475136683153,0,3,2,3,2,4.256570127588757,1.2922117696005917
m3,img_15_7_4,rf_clicks,10+20 clicks,0,0.6596302118422037,1,0,1,1,2,0.6376548631656805,1.2922117696005917
m3,img_15_7_4,dino_clicks,10+20 clicks,1,0.8231408078520196,2,0,0,2,2,1.769224990754438,1.2922117696005917
m3,img_15_7_4,sam,10+20 clicks,1,0.26115677087333894,2,6,0,8,2,8.111536150147929,1.2922117696005917
m3,img_15_7_4,microsam,10+20 clicks,1,0.6885927751675268,2,0,0,2,2,2.458886140902367,1.2922117696005917
m3,img_15_7_4,rf_clicks,10+20 clicks,1,0.8370579567779961,2,0,0,2,2,1.0607837925295858,1.2922117696005917
m3,img_15_7_4,dino_clicks,10+20 clicks,2,0.8917795074101716,2,0,0,2,2,1.4176047059911243,1.2922117696005917
m3,img_15_7_4,sam,10+20 clicks,2,0.960848842487517,2,0,0,2,2,1.2537849019970415,1.2922117696005917
m3,img_15_7_4,microsam,10+20 clicks,2,0.6918687011778039,1,1,1,2,2,2.277008598372781,1.2922117696005917
m3,img_15_7_4,rf_clicks,10+20 clicks,2,0.8213624305520797,2,0,0,2,2,1.5939926960059172,1.2922117696005917
m3,img_23_4_7,otsu,no input,0,0.7659366445052797,1,0,1,1,2,0.5658572947485208,0.9116991031804734
m3,img_23_4_7,dino_clicks,3+6 clicks,0,0.9431818181818182,2,0,0,2,2,0.9189221985946745,0.9116991031804734
m3,img_23_4_7,sam,3+6 clicks,0,0.9622888998196426,2,0,0,2,2,0.8504472540680473,0.9116991031804734
m3,img_23_4_7,microsam,3+6 clicks,0,0.40934351420955134,0,1,2,1,2,2.2856763128698225,0.9116991031804734
m3,img_23_4_7,rf_clicks,3+6 clicks,0,0.8426784993949173,2,0,0,2,2,1.2370273206360947,0.9116991031804734
m3,img_23_4_7,dino_clicks,3+6 clicks,1,0.9519369876225687,2,0,0,2,2,0.885695959689349,0.9116991031804734
m3,img_23_4_7,sam,3+6 clicks,1,0.7855769230769231,1,0,1,1,2,0.5907047429733728,0.9116991031804734
m3,img_23_4_7,microsam,3+6 clicks,1,0.5678717384470292,0,1,2,1,2,1.385967548076923,0.9116991031804734
m3,img_23_4_7,rf_clicks,3+6 clicks,1,0.714925677051517,1,0,1,1,2,0.5072057599852071,0.9116991031804734
m3,img_23_4_7,dino_clicks,3+6 clicks,2,0.9314006404854205,2,0,0,2,2,0.8024859005177515,0.9116991031804734
m3,img_23_4_7,sam,3+6 clicks,2,0.9678887895293066,2,0,0,2,2,0.8653268306213017,0.9116991031804734
m3,img_23_4_7,microsam,3+6 clicks,2,0.33312219583003433,0,1,2,1,2,4.561962601701183,0.9116991031804734
m3,img_23_4_7,rf_clicks,3+6 clicks,2,0.7441058079355952,1,0,1,1,2,0.5956164478550295,0.9116991031804734
m3,img_23_4_7,dino_clicks,10+20 clicks,0,0.947088240038716,2,0,0,2,2,0.8793396357248521,0.9116991031804734
m3,img_23_4_7,sam,10+20 clicks,0,0.798936271250831,1,0,1,1,2,0.6093403291420117,0.9116991031804734
m3,img_23_4_7,microsam,10+20 clicks,0,0.7620430888404744,2,0,0,2,2,1.4753894693047336,0.9116991031804734
m3,img_23_4_7,rf_clicks,10+20 clicks,0,0.7235379691591505,2,1,0,3,2,1.5708787906804733,0.9116991031804734
m3,img_23_4_7,dino_clicks,10+20 clicks,1,0.9265143148415598,2,0,0,2,2,0.7887620192307692,0.9116991031804734
m3,img_23_4_7,sam,10+20 clicks,1,0.8075799000659941,1,0,1,1,2,0.6206083579881657,0.9116991031804734
m3,img_23_4_7,microsam,10+20 clicks,1,0.7951107984523391,1,0,1,1,2,0.7311217178254438,0.9116991031804734
m3,img_23_4_7,rf_clicks,10+20 clicks,1,0.6657505285412262,1,0,1,1,2,0.4549105491863905,0.9116991031804734
m3,img_23_4_7,dino_clicks,10+20 clicks,2,0.9439895185063871,2,0,0,2,2,0.8524697207840236,0.9116991031804734
m3,img_23_4_7,sam,10+20 clicks,2,0.8119425406065158,1,0,1,1,2,0.6269646819526628,0.9116991031804734
m3,img_23_4_7,microsam,10+20 clicks,2,0.8034507292778371,1,0,1,1,2,0.7126305935650887,0.9116991031804734
m3,img_23_4_7,rf_clicks,10+20 clicks,2,0.7626233313987232,1,0,1,1,2,0.5817481046597633,0.9116991031804734
m3,img_13_9_9,otsu,no input,0,0.0,0,2,4,2,4,1.697571884245562,1.483045950443787
m3,img_13_9_9,dino_clicks,3+6 clicks,0,0.24462662736428395,2,19,2,21,4,7.926624907544379,1.483045950443787
m3,img_13_9_9,sam,3+6 clicks,0,0.4872590407405524,2,2,2,4,4,1.3572196283284024,1.483045950443787
m3,img_13_9_9,microsam,3+6 clicks,0,0.038169812162584214,0,1,4,1,4,76.22474805843196,1.483045950443787
m3,img_13_9_9,rf_clicks,3+6 clicks,0,0.0,0,1,4,1,4,0.6921170025887574,1.483045950443787
m3,img_13_9_9,dino_clicks,3+6 clicks,1,0.20207572958440348,0,20,4,20,4,8.135083441198224,1.483045950443787
m3,img_13_9_9,sam,3+6 clicks,1,0.09317843905839837,0,4,4,4,4,18.823820035133135,1.483045950443787
m3,img_13_9_9,microsam,3+6 clicks,1,0.03668949767603352,0,2,4,2,4,79.23403406989645,1.483045950443787
m3,img_13_9_9,rf_clicks,3+6 clicks,1,0.12790987789664687,1,12,3,13,4,17.624208348742602,1.483045950443787
m3,img_13_9_9,dino_clicks,3+6 clicks,2,0.2863966198218058,2,15,2,17,4,4.807981231508876,1.483045950443787
m3,img_13_9_9,sam,3+6 clicks,2,0.667009183739002,2,0,2,2,4,0.7663704234467456,1.483045950443787
m3,img_13_9_9,microsam,3+6 clicks,2,0.0392500405855344,0,3,4,3,4,45.6795777089497,1.483045950443787
m3,img_13_9_9,rf_clicks,3+6 clicks,2,0.0,0,1,4,1,4,0.970928485576923,1.483045950443787
m3,img_13_9_9,dino_clicks,10+20 clicks,0,0.40507759279566674,2,10,2,12,4,2.864246255547337,1.483045950443787
m3,img_13_9_9,sam,10+20 clicks,0,0.3808985707409965,1,7,3,8,4,5.420355260724852,1.483045950443787
m3,img_13_9_9,microsam,10+20 clicks,0,0.0905518029527358,0,3,4,3,4,29.613535502958584,1.483045950443787
m3,img_13_9_9,rf_clicks,10+20 clicks,0,0.0,0,0,4,0,4,0.0,1.483045950443787
m3,img_13_9_9,dino_clicks,10+20 clicks,1,0.39672521734722327,3,11,1,14,4,4.216409717085798,1.483045950443787
m3,img_13_9_9,sam,10+20 clicks,1,0.17897622883631534,1,9,3,10,4,13.849707609097633,1.483045950443787
m3,img_13_9_9,microsam,10+20 clicks,1,0.054502932473476415,0,4,4,4,4,50.21828194341717,1.483045950443787
m3,img_13_9_9,rf_clicks,10+20 clicks,1,0.19392703201970443,2,6,2,8,4,6.024350499260355,1.483045950443787
m3,img_13_9_9,dino_clicks,10+20 clicks,2,0.4511949437092633,2,7,2,9,4,2.1740072577662723,1.483045950443787
m3,img_13_9_9,sam,10+20 clicks,2,0.1995989247770619,3,8,1,11,4,12.059969027366863,1.483045950443787
m3,img_13_9_9,microsam,10+20 clicks,2,0.037473581234737346,0,4,4,4,4,77.6685003698225,1.483045950443787
m3,img_13_9_9,rf_clicks,10+20 clicks,2,0.0,0,1,4,1,4,0.8427907729289941,1.483045950443787
m3,img_21_17_4,otsu,no input,0,0.0,0,1,1,1,1,7.967218703772189,0.004767242973372781
m3,img_21_17_4,dino_clicks,3+6 clicks,0,0.06327900287631831,0,1,1,1,1,0.1459065273668639,0.004767242973372781
m3,img_21_17_4,sam,3+6 clicks,0,0.00036064982541269815,0,7,1,7,1,26.43219535872781,0.004767242973372781
m3,img_21_17_4,microsam,3+6 clicks,0,0.0,0,0,1,0,1,0.0,0.004767242973372781
m3,img_21_17_4,rf_clicks,3+6 clicks,0,0.0,0,0,1,0,1,0.0,0.004767242973372781
m3,img_21_17_4,dino_clicks,3+6 clicks,1,0.0,0,0,1,0,1,0.0,0.004767242973372781
m3,img_21_17_4,sam,3+6 clicks,1,0.0002095670535189801,0,2,1,2,1,45.49134384245562,0.004767242973372781
m3,img_21_17_4,microsam,3+6 clicks,1,0.024184683034078416,0,1,1,1,1,0.3894693047337278,0.004767242973372781
m3,img_21_17_4,rf_clicks,3+6 clicks,1,0.0,0,0,1,0,1,0.0,0.004767242973372781
m3,img_21_17_4,dino_clicks,3+6 clicks,2,0.049253731343283584,0,1,1,1,1,0.18881171412721895,0.004767242973372781
m3,img_21_17_4,sam,3+6 clicks,2,0.000771415547529717,0,2,1,2,1,12.35496024408284,0.004767242973372781
m3,img_21_17_4,microsam,3+6 clicks,2,0.0,0,0,1,0,1,0.0,0.004767242973372781
m3,img_21_17_4,rf_clicks,3+6 clicks,2,0.0,0,0,1,0,1,0.0,0.004767242973372781
m3,img_21_17_4,dino_clicks,10+20 clicks,0,0.020859671302149177,0,2,1,2,1,0.4523102348372781,0.004767242973372781
m3,img_21_17_4,sam,10+20 clicks,0,0.0001936841363888473,0,1,1,1,1,49.22221708579882,0.004767242973372781
m3,img_21_17_4,microsam,10+20 clicks,0,0.0,0,0,1,0,1,0.0,0.004767242973372781
m3,img_21_17_4,rf_clicks,10+20 clicks,0,0.0,0,0,1,0,1,0.0,0.004767242973372781
m3,img_21_17_4,dino_clicks,10+20 clicks,1,0.0,0,0,1,0,1,0.0,0.004767242973372781
m3,img_21_17_4,sam,10+20 clicks,1,0.0005513968720759257,0,5,1,5,1,17.286745330991124,0.004767242973372781
m3,img_21_17_4,microsam,10+20 clicks,1,0.005257288513621157,0,3,1,3,1,1.8088075536242605,0.004767242973372781
m3,img_21_17_4,rf_clicks,10+20 clicks,1,0.0,0,0,1,0,1,0.0,0.004767242973372781
m3,img_21_17_4,dino_clicks,10+20 clicks,2,0.0,0,0,1,0,1,0.0,0.004767242973372781
m3,img_21_17_4,sam,10+20 clicks,2,0.00017352621034531717,0,2,1,2,1,54.9407417252219,0.004767242973372781
m3,img_21_17_4,microsam,10+20 clicks,2,0.00016452288363745139,0,5,1,5,1,57.94757188424556,0.004767242973372781
m3,img_21_17_4,rf_clicks,10+20 clicks,2,0.0,0,0,1,0,1,0.0,0.004767242973372781
m3,img_15_10_13,otsu,no input,0,0.8050894001342528,3,0,1,3,4,1.9071861131656807,2.8274084689349115
m3,img_15_10_13,dino_clicks,3+6 clicks,0,0.8619405029310251,4,1,0,5,4,2.4463179548816565,2.8274084689349115
m3,img_15_10_13,sam,3+6 clicks,0,0.22226526471130786,2,11,2,13,4,12.835151627218936,2.8274084689349115
m3,img_15_10_13,microsam,3+6 clicks,0,0.0888174912189942,0,1,4,1,4,60.84042159763313,2.8274084689349115
m3,img_15_10_13,rf_clicks,3+6 clicks,0,0.6488800602781012,2,0,2,2,4,1.3905903291420119,2.8274084689349115
m3,img_15_10_13,dino_clicks,3+6 clicks,1,0.8314405794509523,3,1,1,4,4,2.019144092085799,2.8274084689349115
m3,img_15_10_13,sam,3+6 clicks,1,0.0897906203694442,0,3,4,3,4,59.275176821375744,2.8274084689349115
m3,img_15_10_13,microsam,3+6 clicks,1,0.09404438422118594,0,1,4,1,4,57.30182715421598,2.8274084689349115
m3,img_15_10_13,rf_clicks,3+6 clicks,1,0.6324356421810052,2,0,2,2,4,1.3083915033284024,2.8274084689349115
m3,img_15_10_13,dino_clicks,3+6 clicks,2,0.8712147380541163,4,0,0,4,4,2.191198224852071,2.8274084689349115
m3,img_15_10_13,sam,3+6 clicks,2,0.46470767755155423,3,9,1,12,4,3.799637111686391,2.8274084689349115
m3,img_15_10_13,microsam,3+6 clicks,2,0.28036456162040163,2,2,2,4,4,17.270998982988164,2.8274084689349115
m3,img_15_10_13,rf_clicks,3+6 clicks,2,0.562520656604605,1,1,3,2,4,1.1064337555473374,2.8274084689349115
m3,img_15_10_13,dino_clicks,10+20 clicks,0,0.8985699503860338,4,1,0,5,4,2.617505316198225,2.8274084689349115
m3,img_15_10_13,sam,10+20 clicks,0,0.14395844872830954,2,1,2,3,4,28.991482525887573,2.8274084689349115
m3,img_15_10_13,microsam,10+20 clicks,0,0.29504711647191856,3,18,1,21,4,16.33546366494083,2.8274084689349115
m3,img_15_10_13,rf_clicks,10+20 clicks,0,0.8568482718219098,4,0,0,4,4,3.3375034670857984,2.8274084689349115
m3,img_15_10_13,dino_clicks,10+20 clicks,1,0.903545068217401,4,0,0,4,4,2.339705066568047,2.8274084689349115
m3,img_15_10_13,sam,10+20 clicks,1,0.11161304576896276,1,1,3,2,4,39.67256263868343,2.8274084689349115
m3,img_15_10_13,microsam,10+20 clicks,1,0.5824627198857041,4,12,0,16,4,6.879564996301775,2.8274084689349115
m3,img_15_10_13,rf_clicks,10+20 clicks,1,0.7029474027031428,2,0,2,2,4,1.6082944249260354,2.8274084689349115
m3,img_15_10_13,dino_clicks,10+20 clicks,2,0.8446355977140164,3,1,1,4,4,2.076495469674556,2.8274084689349115
m3,img_15_10_13,sam,10+20 clicks,2,0.31443252501577573,2,4,2,6,4,11.59523506841716,2.8274084689349115
m3,img_15_10_13,microsam,10+20 clicks,2,0.8058399608181542,3,3,1,6,4,3.366684772559172,2.8274084689349115
m3,img_15_10_13,rf_clicks,10+20 clicks,2,0.8142756515613994,3,0,1,3,4,2.0946976701183435,2.8274084689349115
m3,img_25_7_13,otsu,no input,0,0.8331104822911161,1,0,0,1,1,1.935356185281065,2.710394323224852
m3,img_25_7_13,dino_clicks,3+6 clicks,0,0.8369945778466306,1,0,0,1,1,1.9521137666420119,2.710394323224852
m3,img_25_7_13,sam,3+6 clicks,0,0.9515548737972389,1,0,0,1,1,2.4692873982988166,2.710394323224852
m3,img_25_7_13,microsam,3+6 clicks,0,0.9705960264900663,1,0,0,1,1,2.7430427144970415,2.710394323224852
m3,img_25_7_13,rf_clicks,3+6 clicks,0,0.8566109125852076,1,0,0,1,1,2.10033168454142,2.710394323224852
m3,img_25_7_13,dino_clicks,3+6 clicks,1,0.8806048269845885,1,0,0,1,1,2.257650702662722,2.710394323224852
m3,img_25_7_13,sam,3+6 clicks,1,0.9446101749576715,1,0,0,1,1,2.6648888221153846,2.710394323224852
m3,img_25_7_13,microsam,3+6 clicks,1,0.673656242145704,1,0,0,1,1,5.336422892011834,2.710394323224852
m3,img_25_7_13,rf_clicks,3+6 clicks,1,0.7818069668538778,1,0,0,1,1,1.7394658376479288,2.710394323224852
m3,img_25_7_13,dino_clicks,3+6 clicks,2,0.9235085571454077,1,0,0,1,1,2.953523714866864,2.710394323224852
m3,img_25_7_13,sam,3+6 clicks,2,0.9605920852779543,1,0,0,1,1,2.520715837647929,2.710394323224852
m3,img_25_7_13,microsam,3+6 clicks,2,0.8977702784138846,1,0,0,1,1,3.28260794193787,2.710394323224852
m3,img_25_7_13,rf_clicks,3+6 clicks,2,0.7611722695290215,1,2,0,3,1,4.126554410133136,2.710394323224852
m3,img_25_7_13,dino_clicks,10+20 clicks,0,0.915113766365832,1,0,0,1,1,2.972014839127219,2.710394323224852
m3,img_25_7_13,sam,10+20 clicks,0,0.9475825293422391,1,0,0,1,1,2.545274362056213,2.710394323224852
m3,img_25_7_13,microsam,10+20 clicks,0,0.44344801476503715,0,2,1,2,1,9.500104012573965,2.710394323224852
m3,img_25_7_13,rf_clicks,10+20 clicks,0,0.8380738967686079,1,1,0,2,1,2.9627692769970415,2.710394323224852
m3,img_25_7_13,dino_clicks,10+20 clicks,1,0.9044516829533116,1,0,0,1,1,2.3454835428994083,2.710394323224852
m3,img_25_7_13,sam,10+20 clicks,1,0.9520597580690117,1,0,0,1,1,2.472610022189349,2.710394323224852
m3,img_25_7_13,microsam,10+20 clicks,1,0.9200977148964324,1,0,0,1,1,2.96666974852071,2.710394323224852
m3,img_25_7_13,rf_clicks,10+20 clicks,1,0.8385838955251593,1,0,0,1,1,1.9577477810650885,2.710394323224852
m3,img_25_7_13,dino_clicks,10+20 clicks,2,0.8938035853468433,1,0,0,1,1,3.2206337832840237,2.710394323224852
m3,img_25_7_13,sam,10+20 clicks,2,0.9511081779684321,1,0,0,1,1,2.543107433431953,2.710394323224852
m3,img_25_7_13,microsam,10+20 clicks,2,0.7039267555955798,1,0,0,1,1,4.989569850221893,2.710394323224852
m3,img_25_7_13,rf_clicks,10+20 clicks,2,0.933595064498037,1,0,0,1,1,2.441117326183432,2.710394323224852
m3,img_29_14_1,otsu,no input,0,0.2829597208256935,1,1,1,2,2,16.142462555473372,3.3968773113905324
m3,img_29_14_1,dino_clicks,3+6 clicks,0,0.8862838915470495,2,1,0,3,2,3.8493320081360944,3.3968773113905324
m3,img_29_14_1,sam,3+6 clicks,0,0.6201633042453492,2,4,0,6,2,6.900078587278107,3.3968773113905324
m3,img_29_14_1,microsam,3+6 clicks,0,0.9317891923629811,2,0,0,2,2,3.7382408006656807,3.3968773113905324
m3,img_29_14_1,rf_clicks,3+6 clicks,0,0.656678871900942,1,1,1,2,2,1.7715363812869822,3.3968773113905324
m3,img_29_14_1,dino_clicks,3+6 clicks,1,0.8435148159540654,2,2,0,4,2,3.6478076460798814,3.3968773113905324
m3,img_29_14_1,sam,3+6 clicks,1,0.134962833637542,0,2,2,2,2,45.75296435835799,3.3968773113905324
m3,img_29_14_1,microsam,3+6 clicks,1,0.07255694257374416,0,1,2,1,2,90.23654192862426,3.3968773113905324
m3,img_29_14_1,rf_clicks,3+6 clicks,1,0.8646075500940994,2,0,0,2,2,3.127744776257396,3.3968773113905324
m3,img_29_14_1,dino_clicks,3+6 clicks,2,0.8511422429067542,2,0,0,2,2,2.718050804363905,3.3968773113905324
m3,img_29_14_1,sam,3+6 clicks,2,0.14489437522432447,0,3,2,3,2,41.68217224482248,3.3968773113905324
m3,img_29_14_1,microsam,3+6 clicks,2,0.20827136102293162,1,2,1,3,2,29.141000600961537,3.3968773113905324
m3,img_29_14_1,rf_clicks,3+6 clicks,2,0.5567709050833448,0,2,2,2,2,1.8463676497781065,3.3968773113905324
m3,img_29_14_1,dino_clicks,10+20 clicks,0,0.9463540129054026,2,0,0,2,2,3.453795303254438,3.3968773113905324
m3,img_29_14_1,sam,10+20 clicks,0,0.9392248130418478,2,0,0,2,2,3.1517254530325447,3.3968773113905324
m3,img_29_14_1,microsam,10+20 clicks,0,0.12842733730816608,0,7,2,7,2,49.495972401997044,3.3968773113905324
m3,img_29_14_1,rf_clicks,10+20 clicks,0,0.8560484870333236,2,0,0,2,2,3.01477556397929,3.3968773113905324
m3,img_29_14_1,dino_clicks,10+20 clicks,1,0.9386127752932242,2,0,0,2,2,3.4511949889053253,3.3968773113905324
m3,img_29_14_1,sam,10+20 clicks,1,0.6720276969077033,2,2,0,4,2,5.782954650517751,3.3968773113905324
m3,img_29_14_1,microsam,10+20 clicks,1,0.8471511491239173,2,1,0,3,2,4.5922996024408285,3.3968773113905324
m3,img_29_14_1,rf_clicks,10+20 clicks,1,0.7652636890365911,2,2,0,4,2,4.90578194341716,3.3968773113905324
m3,img_29_14_1,dino_clicks,10+20 clicks,2,0.9405739022351757,2,0,0,2,2,3.344148714866864,3.3968773113905324
m3,img_29_14_1,sam,10+20 clicks,2,0.9385521699799219,2,0,0,2,2,3.1505697577662723,3.3968773113905324
m3,img_29_14_1,microsam,10+20 clicks,2,0.9268922246048765,2,0,0,2,2,3.8788022374260356,3.3968773113905324
m3,img_29_14_1,rf_clicks,10+20 clicks,2,0.8099091741529932,2,0,0,2,2,2.440395016642012,3.3968773113905324
m3,img_33_6_3,otsu,no input,0,0.5956102143650184,1,0,2,1,3,0.5129842363165681,1.178520247781065
m3,img_33_6_3,dino_clicks,3+6 clicks,0,0.8884017536867278,3,0,0,3,3,0.9962093195266272,1.178520247781065
m3,img_33_6_3,sam,3+6 clicks,0,0.08490615415214228,0,2,3,2,3,26.42208302514793,1.178520247781065
m3,img_33_6_3,microsam,3+6 clicks,0,0.042812685317841416,0,1,3,1,3,53.87620192307693,1.178520247781065
m3,img_33_6_3,rf_clicks,3+6 clicks,0,0.5963151834183253,1,0,2,1,3,0.5778476331360947,1.178520247781065
m3,img_33_6_3,dino_clicks,3+6 clicks,1,0.8990393329708175,3,0,0,3,3,1.2124687962278107,1.178520247781065
m3,img_33_6_3,sam,3+6 clicks,1,0.7816023738872404,3,3,0,6,3,1.7424995377218935,1.178520247781065
m3,img_33_6_3,microsam,3+6 clicks,1,0.03571921144520945,0,1,3,1,3,64.80951252773669,1.178520247781065
m3,img_33_6_3,rf_clicks,3+6 clicks,1,0.6679325622878186,0,1,3,1,3,1.3320832562869822,1.178520247781065
m3,img_33_6_3,dino_clicks,3+6 clicks,2,0.8534740056916776,3,0,0,3,3,0.9027424648668638,1.178520247781065
m3,img_33_6_3,sam,3+6 clicks,2,0.8534076581060456,3,0,0,3,3,0.9983762481508877,1.178520247781065
m3,img_33_6_3,microsam,3+6 clicks,2,0.03553685347690954,0,1,3,1,3,65.14813124075444,1.178520247781065
m3,img_33_6_3,rf_clicks,3+6 clicks,2,0.5836645307810853,1,0,2,1,3,0.6025506194526628,1.178520247781065
m3,img_33_6_3,dino_clicks,10+20 clicks,0,0.8981262390484108,3,0,0,3,3,1.080430612056213,1.178520247781065
m3,img_33_6_3,sam,10+20 clicks,0,0.615396901453442,1,0,2,1,3,0.6304317677514792,1.178520247781065
m3,img_33_6_3,microsam,10+20 clicks,0,0.0711948126750853,0,2,3,2,3,31.928393121301774,1.178520247781065
m3,img_33_6_3,rf_clicks,10+20 clicks,0,0.5786163522012578,1,0,2,1,3,0.7049741124260355,1.178520247781065
m3,img_33_6_3,dino_clicks,10+20 clicks,1,0.873015873015873,3,0,0,3,3,1.0421482063609468,1.178520247781065
m3,img_33_6_3,sam,10+20 clicks,1,0.6152127065208716,1,0,2,1,3,0.6314430011094675,1.178520247781065
m3,img_33_6_3,microsam,10+20 clicks,1,0.04041845336741999,0,3,3,3,3,57.13742950258875,1.178520247781065
m3,img_33_6_3,rf_clicks,10+20 clicks,1,0.5924196435520274,1,0,2,1,3,0.677670811760355,1.178520247781065
m3,img_33_6_3,dino_clicks,10+20 clicks,2,0.9047113884555382,3,0,0,3,3,1.1364818324704142,1.178520247781065
m3,img_33_6_3,sam,10+20 clicks,2,0.612609736632083,1,0,2,1,3,0.6315874630177515,1.178520247781065
m3,img_33_6_3,microsam,10+20 clicks,2,0.04203637862626887,0,5,3,5,3,54.89292483357988,1.178520247781065
m3,img_33_6_3,rf_clicks,10+20 clicks,2,0.5448571428571428,1,0,2,1,3,0.8439464681952663,1.178520247781065
m3,img_13_10_12,dino_labels,labels from same batch,0,0.7554551968213301,6,1,3,7,9,2.8470552884615383,3.80642682137574
m3,img_13_10_12,rf_labels,labels from same batch,0,0.7946560620501528,9,4,0,13,9,4.984658145340236,3.80642682137574
m3,img_9_5_7,dino_labels,labels from same batch,0,0.5035305147812839,3,2,2,5,5,7.137573964497042,2.723684818786982
m3,img_9_5_7,rf_labels,labels from same batch,0,0.9360729407486298,3,0,2,3,5,2.8376652644230766,2.723684818786982
m3,img_11_3_9,dino_labels,labels from same batch,0,0.9067024292114968,5,1,0,6,5,7.147830759985208,7.0711214866863905
m3,img_11_3_9,rf_labels,labels from same batch,0,0.8937942754754274,5,3,0,8,5,8.569913785133137,7.0711214866863905
m3,img_1_4_18,dino_labels,labels from same batch,0,0.5156520371244298,1,3,0,4,1,2.0242002588757395,0.7308327940088758
m3,img_1_4_18,rf_labels,labels from same batch,0,0.0950930339698568,1,2,0,3,1,14.633991309171599,0.7308327940088758
m3,img_1_13_9,dino_labels,labels from same batch,0,0.8276292520545095,2,1,0,3,2,0.7412340514053255,0.6474782729289941
m3,img_1_13_9,rf_labels,labels from same batch,0,0.6792424010997403,2,3,0,5,2,1.2441059541420119,0.6474782729289941
m3,img_17_1_10,dino_labels,labels from same batch,0,0.5760660247592847,1,3,0,4,1,1.4896911982248522,0.6107849482248521
m3,img_17_1_10,rf_labels,labels from same batch,0,0.43919817089381613,1,4,0,5,1,2.106110160872781,0.6107849482248521
m3,img_3_10_4,dino_labels,labels from same batch,0,0.6240891555936562,2,3,0,5,2,1.2491621209319526,0.7730156712278107
m3,img_3_10_4,rf_labels,labels from same batch,0,0.59398838665604,2,4,0,6,2,1.764602209689349,0.7730156712278107
m3,img_21_11_14,dino_labels,labels from same batch,0,0.8640178239881173,1,1,0,2,1,2.1991436298076925,1.691215560281065
m3,img_21_11_14,rf_labels,labels from same batch,0,0.6947412908289561,1,4,0,5,1,3.094229613535503,1.691215560281065
m3,img_13_5_6,dino_labels,labels from same batch,0,0.12619118082272862,0,9,1,9,1,2.0244891826923075,0.4161947577662721
m3,img_13_5_6,rf_labels,labels from same batch,0,0.1068477429227238,1,16,0,17,1,7.136273807322485,0.4161947577662721
m3,img_11_4_18,dino_labels,labels from same batch,0,0.7635666226498145,2,2,0,4,2,2.653331869452663,1.9414235854289938
m3,img_11_4_18,rf_labels,labels from same batch,0,0.20384612441363056,2,1,0,3,2,16.936425203402365,1.9414235854289938
m3,img_5_9_10,dino_labels,labels from same batch,0,0.8446308724832214,3,1,4,4,7,4.0283203125,3.7206164478550297
m3,img_5_9_10,rf_labels,labels from same batch,0,0.8514298398135474,3,2,4,5,7,4.089283237795858,3.7206164478550297
m3,img_33_18_11,dino_labels,labels from same batch,0,0.8685481820493263,1,0,0,1,1,0.5956164478550295,0.5407209227071006
m3,img_33_18_11,rf_labels,labels from same batch,0,0.0705016233926439,1,2,0,3,1,14.097748705621301,0.5407209227071006
m3,img_15_7_4,dino_labels,labels from same batch,0,0.8669394841269841,2,0,0,2,2,1.037669887204142,1.2922117696005917
m3,img_15_7_4,rf_labels,labels from same batch,0,0.6423296853107131,2,6,0,8,2,2.5225938424556213,1.2922117696005917
m3,img_23_4_7,dino_labels,labels from same batch,0,0.8959027932133067,2,0,0,2,2,1.038103272928994,0.9116991031804734
m3,img_23_4_7,rf_labels,labels from same batch,0,0.7882434041486495,2,2,0,4,2,1.3934795673076923,0.9116991031804734
m3,img_13_9_9,dino_labels,labels from same batch,0,0.31622746185852985,1,2,3,3,4,1.6416651257396448,1.483045950443787
m3,img_13_9_9,rf_labels,labels from same batch,0,0.19324423425176226,3,13,1,16,4,8.169465375369821,1.483045950443787
m3,img_21_17_4,dino_labels,labels from same batch,0,0.0,0,2,1,2,1,0.32475036982248523,0.004767242973372781
m3,img_21_17_4,rf_labels,labels from same batch,0,0.0,0,6,1,6,1,16.425752357618343,0.004767242973372781
m3,img_15_10_13,dino_labels,labels from same batch,0,0.8138041733547352,4,4,0,8,4,4.012573964497041,2.8274084689349115
m3,img_15_10_13,rf_labels,labels from same batch,0,0.8119588575243579,4,4,0,8,4,4.096795257026628,2.8274084689349115
m3,img_25_7_13,dino_labels,labels from same batch,0,0.7544919894544717,1,2,0,3,1,4.413022374260355,2.710394323224852
m3,img_25_7_13,rf_labels,labels from same batch,0,0.8091372139060032,1,4,0,5,1,3.784468611316568,2.710394323224852
m3,img_29_14_1,dino_labels,labels from same batch,0,0.9122771678920334,2,0,0,2,2,3.774934125369823,3.3968773113905324
m3,img_29_14_1,rf_labels,labels from same batch,0,0.2259926821968856,1,3,1,4,2,26.530718380177515,3.3968773113905324
m3,img_33_6_3,dino_labels,labels from same batch,0,0.8944288984991097,3,0,0,3,3,1.092998798076923,1.178520247781065
m3,img_33_6_3,rf_labels,labels from same batch,0,0.900304156809733,3,0,0,3,3,1.386256471893491,1.178520247781065
m3,img_13_10_12,dino_labels,labels from other batches,0,0.8123734962764941,8,1,1,9,9,3.7590433154585803,3.80642682137574
m3,img_13_10_12,rf_labels,labels from other batches,0,0.7365642317380353,7,3,2,10,9,3.3624953772189348,3.80642682137574
m3,img_9_5_7,dino_labels,labels from other batches,0,0.8157663693914329,3,2,2,5,5,3.52891549556213,2.723684818786982
m3,img_9_5_7,rf_labels,labels from other batches,0,0.9054387794303277,3,0,2,3,5,2.5407960428994083,2.723684818786982
m3,img_11_3_9,dino_labels,labels from other batches,0,0.9092692029399444,5,1,0,6,5,8.10257951183432,7.0711214866863905
m3,img_11_3_9,rf_labels,labels from other batches,0,0.9273979017425699,5,1,0,6,5,7.428375785872782,7.0711214866863905
m3,img_1_4_18,dino_labels,labels from other batches,0,0.7004382381341454,1,2,0,3,1,1.214057877218935,0.7308327940088758
m3,img_1_4_18,rf_labels,labels from other batches,0,0.2955772578408521,1,6,0,7,1,4.165414663461538,0.7308327940088758
m3,img_1_13_9,dino_labels,labels from other batches,0,0.8173254345925998,2,1,0,3,2,0.8400459966715977,0.6474782729289941
m3,img_1_13_9,rf_labels,labels from other batches,0,0.9416482009074602,2,0,0,2,2,0.7215872318786982,0.6474782729289941
m3,img_17_1_10,dino_labels,labels from other batches,0,0.46920821114369504,1,4,0,5,1,1.9508136094674555,0.6107849482248521
m3,img_17_1_10,rf_labels,labels from other batches,0,0.6425139196094882,1,2,0,3,1,1.2832551312869822,0.6107849482248521
m3,img_3_10_4,dino_labels,labels from other batches,0,0.5858057770226114,2,4,0,6,2,1.4375404493343196,0.7730156712278107
m3,img_3_10_4,rf_labels,labels from other batches,0,0.7052228602679792,2,2,0,4,2,1.3401731231508875,0.7730156712278107
m3,img_21_11_14,dino_labels,labels from other batches,0,0.7858695652173913,1,3,0,4,1,2.5617430196005917,1.691215560281065
m3,img_21_11_14,rf_labels,labels from other batches,0,0.7854535340541668,1,3,0,4,1,2.4639423076923075,1.691215560281065
m3,img_13_5_6,dino_labels,labels from other batches,0,0.13926881720430107,1,8,0,9,1,2.942544609837278,0.4161947577662721
m3,img_13_5_6,rf_labels,labels from other batches,0,0.13424043175858005,1,8,0,9,1,3.3847425110946747,0.4161947577662721
m3,img_11_4_18,dino_labels,labels from other batches,0,0.7825681037644626,1,3,1,4,2,2.3911335059171597,1.9414235854289938
m3,img_11_4_18,rf_labels,labels from other batches,0,0.4862823290323818,2,4,0,6,2,5.593565088757396,1.9414235854289938
m3,img_5_9_10,dino_labels,labels from other batches,0,0.8896097513024673,3,0,4,3,7,3.6274385170118344,3.7206164478550297
m3,img_5_9_10,rf_labels,labels from other batches,0,0.8427215828790632,3,1,4,4,7,3.4345818694526624,3.7206164478550297
m3,img_33_18_11,dino_labels,labels from other batches,0,0.7475546763380592,1,1,0,2,1,0.7737379807692308,0.5407209227071006
m3,img_33_18_11,rf_labels,labels from other batches,0,0.3032017729994813,1,5,0,6,1,2.5228827662721893,0.5407209227071006
m3,img_15_7_4,dino_labels,labels from other batches,0,0.8719567177637512,2,0,0,2,2,1.2711203309911243,1.2922117696005917
m3,img_15_7_4,rf_labels,labels from other batches,0,0.9279238440616501,2,0,0,2,2,1.257251987795858,1.2922117696005917
m3,img_23_4_7,dino_labels,labels from other batches,0,0.8355289963330165,2,1,0,3,2,1.215646958210059,0.9116991031804734
m3,img_23_4_7,rf_labels,labels from other batches,0,0.9308919078558772,2,0,0,2,2,1.044892982618343,0.9116991031804734
m3,img_13_9_9,dino_labels,labels from other batches,0,0.2843401759530792,2,4,2,6,4,2.211567353920118,1.483045950443787
m3,img_13_9_9,rf_labels,labels from other batches,0,0.09151826139450649,1,6,3,7,4,3.302977071005917,1.483045950443787
m3,img_21_17_4,dino_labels,labels from other batches,0,0.0,0,1,1,1,1,0.14576206545857986,0.004767242973372781
m3,img_21_17_4,rf_labels,labels from other batches,0,0.0,0,1,1,1,1,0.3120377218934911,0.004767242973372781
m3,img_15_10_13,dino_labels,labels from other batches,0,0.7955478666861204,4,4,0,8,4,4.103440504807692,2.8274084689349115
m3,img_15_10_13,rf_labels,labels from other batches,0,0.9252524285782648,4,1,0,5,4,3.210232525887574,2.8274084689349115
m3,img_25_7_13,dino_labels,labels from other batches,0,0.8064166015455414,1,1,0,2,1,3.9446768676035506,2.710394323224852
m3,img_25_7_13,rf_labels,labels from other batches,0,0.8869216300940439,1,1,0,2,1,3.0500242696005917,2.710394323224852
m3,img_29_14_1,dino_labels,labels from other batches,0,0.9322181945233,2,0,0,2,2,3.218611316568047,3.3968773113905324
m3,img_29_14_1,rf_labels,labels from other batches,0,0.8327788092130659,2,2,0,4,2,4.461994961168639,3.3968773113905324
m3,img_33_6_3,dino_labels,labels from other batches,0,0.7828495230280029,3,2,0,5,3,1.6381980399408285,1.178520247781065
m3,img_33_6_3,rf_labels,labels from other batches,0,0.9086781910249695,3,0,0,3,3,1.3034797984467457,1.178520247781065
m4,img_19_6_14,otsu,no input,0,0.88406745771991,4,1,1,5,5,5.770819850221893,6.367303069526627
m4,img_19_6_14,dino_clicks,3+6 clicks,0,0.8802607273540174,5,1,0,6,5,5.910947901257396,6.367303069526627
m4,img_19_6_14,sam,3+6 clicks,0,0.5847245015373588,4,16,1,20,5,8.949415218195266,6.367303069526627
m4,img_19_6_14,microsam,3+6 clicks,0,0.14010951022386814,0,1,5,1,5,84.52307345599112,6.367303069526627
m4,img_19_6_14,rf_clicks,3+6 clicks,0,0.8762490575972619,4,1,1,5,5,5.704367372411243,6.367303069526627
m4,img_19_6_14,dino_clicks,3+6 clicks,1,0.8934916753987658,4,1,1,5,5,6.040530232988166,6.367303069526627
m4,img_19_6_14,sam,3+6 clicks,1,0.8359788359788359,3,0,2,3,5,4.717837000739645,6.367303069526627
m4,img_19_6_14,microsam,3+6 clicks,1,0.27819134156405906,0,1,5,1,5,28.466652413091715,6.367303069526627
m4,img_19_6_14,rf_clicks,3+6 clicks,1,0.8099257984729541,3,1,2,4,5,4.379507211538462,6.367303069526627
m4,img_19_6_14,dino_clicks,3+6 clicks,2,0.7561184997537119,3,1,2,4,5,3.8974378235946747,6.367303069526627
m4,img_19_6_14,sam,3+6 clicks,2,0.4891220754362278,1,0,4,1,5,2.08559656989645,6.367303069526627
m4,img_19_6_14,microsam,3+6 clicks,2,0.16437561560815023,1,5,4,6,5,70.33893652921599,6.367303069526627
m4,img_19_6_14,rf_clicks,3+6 clicks,2,0.6634841984409934,2,2,3,4,5,3.195497411242604,6.367303069526627
m4,img_19_6_14,dino_clicks,10+20 clicks,0,0.8080547641454705,4,1,1,5,5,4.838462694156805,6.367303069526627
m4,img_19_6_14,sam,10+20 clicks,0,0.8421539528967351,3,1,2,4,5,4.876022790310651,6.367303069526627
m4,img_19_6_14,microsam,10+20 clicks,0,0.1474232045381569,0,1,5,1,5,80.0139839127219,6.367303069526627
m4,img_19_6_14,rf_clicks,10+20 clicks,0,0.8891143680320681,4,0,1,4,5,5.165091068786983,6.367303069526627
m4,img_19_6_14,dino_clicks,10+20 clicks,1,0.8854611245128966,5,1,0,6,5,6.088780510355029,6.367303069526627
m4,img_19_6_14,sam,10+20 clicks,1,0.8041894353369763,3,0,2,3,5,4.418800850591716,6.367303069526627
m4,img_19_6_14,microsam,10+20 clicks,1,0.15114191502897012,0,1,5,1,5,77.88100383690828,6.367303069526627
m4,img_19_6_14,rf_clicks,10+20 clicks,1,0.8711626721060683,4,0,1,4,5,4.96428901627219,6.367303069526627
m4,img_19_6_14,dino_clicks,10+20 clicks,2,0.8686581604886013,5,3,0,8,5,7.966496394230769,6.367303069526627
m4,img_19_6_14,sam,10+20 clicks,2,0.9018640283243483,4,0,1,4,5,5.342923677884615,6.367303069526627
m4,img_19_6_14,microsam,10+20 clicks,2,0.15318035111868897,0,1,5,1,5,76.7504449426775,6.367303069526627
m4,img_19_6_14,rf_clicks,10+20 clicks,2,0.8755015782997164,4,2,1,6,5,7.133384569156805,6.367303069526627
m4,img_23_8_3,otsu,no input,0,0.17203656998738967,1,1,0,2,1,16.59289478550296,1.7364321375739646
m4,img_23_8_3,dino_clicks,3+6 clicks,0,0.9548585784909636,1,0,0,1,1,1.8285988350591715,1.7364321375739646
m4,img_23_8_3,sam,3+6 clicks,0,0.9247745707580187,1,1,0,2,1,1.7721142289201182,1.7364321375739646
m4,img_23_8_3,microsam,3+6 clicks,0,0.9463460855146275,1,0,0,1,1,1.9226435373520712,1.7364321375739646
m4,img_23_8_3,rf_clicks,3+6 clicks,0,0.6859811022464061,1,2,0,3,1,2.1927873058431953,1.7364321375739646
m4,img_23_8_3,dino_clicks,3+6 clicks,1,0.8748849707365554,1,1,0,2,1,2.1881645247781063,1.7364321375739646
m4,img_23_8_3,sam,3+6 clicks,1,0.9505849484896106,1,0,0,1,1,1.5729012573964498,1.7364321375739646
m4,img_23_8_3,microsam,3+6 clicks,1,0.9409724958625582,1,0,0,1,1,1.9297221708579881,1.7364321375739646
m4,img_23_8_3,rf_clicks,3+6 clicks,1,0.4182613058123701,1,4,0,5,1,6.326275887573965,1.7364321375739646
m4,img_23_8_3,dino_clicks,3+6 clicks,2,0.9735728944172216,1,0,0,1,1,1.7128848465236688,1.7364321375739646
m4,img_23_8_3,sam,3+6 clicks,2,0.9508139484135644,1,0,0,1,1,1.57362356693787,1.7364321375739646
m4,img_23_8_3,microsam,3+6 clicks,2,0.9662385474626616,1,0,0,1,1,1.7166408561390532,1.7364321375739646
m4,img_23_8_3,rf_clicks,3+6 clicks,2,0.5821924046021675,1,2,0,3,1,3.0222875832100593,1.7364321375739646
m4,img_23_8_3,dino_clicks,10+20 clicks,0,0.9474020272966717,1,0,0,1,1,1.8834943602071008,1.7364321375739646
m4,img_23_8_3,sam,10+20 clicks,0,0.9671631540541701,1,0,0,1,1,1.629096939718935,1.7364321375739646
m4,img_23_8_3,microsam,10+20 clicks,0,0.9062072113190324,1,0,0,1,1,2.0617603550295858,1.7364321375739646
m4,img_23_8_3,rf_clicks,10+20 clicks,0,0.6556603773584906,1,3,0,4,1,3.2862194896449703,1.7364321375739646
m4,img_23_8_3,dino_clicks,10+20 clicks,1,0.9205246311187446,1,1,0,2,1,1.964393028846154,1.7364321375739646
m4,img_23_8_3,sam,10+20 clicks,1,0.9785306943978531,1,0,0,1,1,1.708695451183432,1.7364321375739646
m4,img_23_8_3,microsam,10+20 clicks,1,0.9280485905622177,1,0,0,1,1,1.9739275147928992,1.7364321375739646
m4,img_23_8_3,rf_clicks,10+20 clicks,1,0.9514462809917356,1,0,0,1,1,1.6197069156804733,1.7364321375739646
m4,img_23_8_3,dino_clicks,10+20 clicks,2,0.965485271187155,1,0,0,1,1,1.691504484097633,1.7364321375739646
m4,img_23_8_3,sam,10+20 clicks,2,0.9724536643427989,1,0,0,1,1,1.6618897928994083,1.7364321375739646
m4,img_23_8_3,microsam,10+20 clicks,2,0.9118328584995251,1,0,0,1,1,2.0665275980029585,1.7364321375739646
m4,img_23_8_3,rf_clicks,10+20 clicks,2,0.7674558829440848,1,1,0,2,1,1.8573467548076923,1.7364321375739646
m4,img_9_8_2,otsu,no input,0,0.3417388652119793,1,2,1,3,2,14.019305889423078,3.5052237426035506
m4,img_9_8_2,dino_clicks,3+6 clicks,0,0.7588420115261186,1,7,1,8,2,5.092715652736687,3.5052237426035506
m4,img_9_8_2,sam,3+6 clicks,0,0.8931394554503758,1,3,1,4,2,3.8962821283284024,3.5052237426035506
m4,img_9_8_2,microsam,3+6 clicks,0,0.17214716119615256,0,2,2,2,2,35.09355353180473,3.5052237426035506
m4,img_9_8_2,rf_clicks,3+6 clicks,0,0.37920679299989646,1,2,1,3,2,9.0503940920858,3.5052237426035506
m4,img_9_8_2,dino_clicks,3+6 clicks,1,0.5397676496872207,1,6,1,7,2,9.427006286982248,3.5052237426035506
m4,img_9_8_2,sam,3+6 clicks,1,0.9046222479243257,1,1,1,2,2,3.489332932692308,3.5052237426035506
m4,img_9_8_2,microsam,3+6 clicks,1,0.12908344145380019,0,2,2,2,2,48.93748266457101,3.5052237426035506
m4,img_9_8_2,rf_clicks,3+6 clicks,1,0.6265351138666985,1,6,1,7,2,6.187592455621302,3.5052237426035506
m4,img_9_8_2,dino_clicks,3+6 clicks,2,0.8356374266946093,1,3,1,4,2,4.697756795488166,3.5052237426035506
m4,img_9_8_2,sam,3+6 clicks,2,0.03286712098295464,0,2,2,2,2,21.996492464866865,3.5052237426035506
m4,img_9_8_2,microsam,3+6 clicks,2,0.08138292225485685,0,2,2,2,2,78.14175758136095,3.5052237426035506
m4,img_9_8_2,rf_clicks,3+6 clicks,2,0.27797987197309604,1,2,1,3,2,13.849129761464496,3.5052237426035506
m4,img_9_8_2,dino_clicks,10+20 clicks,0,0.7982693716251895,1,5,1,6,2,4.975701507026628,3.5052237426035506
m4,img_9_8_2,sam,10+20 clicks,0,0.8968356374807988,1,1,1,2,2,3.5481289293639056,3.5052237426035506
m4,img_9_8_2,microsam,10+20 clicks,0,0.9215902816123689,1,0,1,1,2,3.2969096708579877,3.5052237426035506
m4,img_9_8_2,rf_clicks,10+20 clicks,0,0.6741441966889498,1,3,1,4,2,6.15451067862426,3.5052237426035506
m4,img_9_8_2,dino_clicks,10+20 clicks,1,0.8219513640583948,1,3,1,4,2,3.8075825166420123,3.5052237426035506
m4,img_9_8_2,sam,10+20 clicks,1,0.8881493271596006,1,1,1,2,2,3.4834099944526624,3.5052237426035506
m4,img_9_8_2,microsam,10+20 clicks,1,0.9231751708282777,1,0,1,1,2,3.2811633228550297,3.5052237426035506
m4,img_9_8_2,rf_clicks,10+20 clicks,1,0.5215096594303924,1,2,1,3,2,5.198895155325444,3.5052237426035506
m4,img_9_8_2,dino_clicks,10+20 clicks,2,0.8259879243645829,1,5,1,6,2,4.486120099852071,3.5052237426035506
m4,img_9_8_2,sam,10+20 clicks,2,0.9059342774070743,1,1,1,2,2,3.4010667067307696,3.5052237426035506
m4,img_9_8_2,microsam,10+20 clicks,2,0.8704127789238602,1,0,1,1,2,4.127710105399409,3.5052237426035506
m4,img_9_8_2,rf_clicks,10+20 clicks,2,0.7684575082141906,1,3,1,4,2,4.628704003328402,3.5052237426035506
m4,img_3_18_20,otsu,no input,0,0.285398499908531,0,2,1,2,1,16.18363419933432,2.768612472263314
m4,img_3_18_20,dino_clicks,3+6 clicks,0,0.9330477793075315,1,0,0,1,1,2.897472494452663,2.768612472263314
m4,img_3_18_20,sam,3+6 clicks,0,0.9258689633958782,1,0,0,1,1,2.3974898298816565,2.768612472263314
m4,img_3_18_20,microsam,3+6 clicks,0,0.8919200990267226,1,0,0,1,1,3.1833626109467454,2.768612472263314
m4,img_3_18_20,rf_clicks,3+6 clicks,0,0.5471546581000459,1,4,0,5,1,7.304427468565089,2.768612472263314
m4,img_3_18_20,dino_clicks,3+6 clicks,1,0.9495151770657673,1,0,0,1,1,2.714005870931953,2.768612472263314
m4,img_3_18_20,sam,3+6 clicks,1,0.9395473577625133,1,0,0,1,1,2.5101701183431953,2.768612472263314
m4,img_3_18_20,microsam,3+6 clicks,1,0.6453805956266595,0,1,1,1,1,5.77356462647929,2.768612472263314
m4,img_3_18_20,rf_clicks,3+6 clicks,1,0.6895347709417736,1,0,0,1,1,1.6997388128698225,2.768612472263314
m4,img_3_18_20,dino_clicks,3+6 clicks,2,0.9132954450012598,1,0,0,1,1,2.3914224297337277,2.768612472263314
m4,img_3_18_20,sam,3+6 clicks,2,0.9391461808604039,1,0,0,1,1,2.496735160872781,2.768612472263314
m4,img_3_18_20,microsam,3+6 clicks,2,0.9443368957012914,1,0,0,1,1,2.6789016272189348,2.768612472263314
m4,img_3_18_20,rf_clicks,3+6 clicks,2,0.5382745155824062,0,1,1,1,1,1.1529504900147929,2.768612472263314
m4,img_3_18_20,dino_clicks,10+20 clicks,0,0.9391860996799268,1,0,0,1,1,2.6023368158284024,2.768612472263314
m4,img_3_18_20,sam,10+20 clicks,0,0.9139248357720826,1,0,0,1,1,2.355306952662722,2.768612472263314
m4,img_3_18_20,microsam,10+20 clicks,0,0.8892894412294848,1,0,0,1,1,3.32247942862426,2.768612472263314
m4,img_3_18_20,rf_clicks,10+20 clicks,0,0.5774650219389023,1,4,0,5,1,5.956164478550296,2.768612472263314
m4,img_3_18_20,dino_clicks,10+20 clicks,1,0.9319281940641164,1,0,0,1,1,2.454118897928994,2.768612472263314
m4,img_3_18_20,sam,10+20 clicks,1,0.941366561686978,1,0,0,1,1,2.5064141087278107,2.768612472263314
m4,img_3_18_20,microsam,10+20 clicks,1,0.8978716224359438,1,0,0,1,1,3.2246787167159763,2.768612472263314
m4,img_3_18_20,rf_clicks,10+20 clicks,1,0.7067717070477566,1,2,0,3,1,4.034532174556213,2.768612472263314
m4,img_3_18_20,dino_clicks,10+20 clicks,2,0.9305901222277528,1,0,0,1,1,2.45541905510355,2.768612472263314
m4,img_3_18_20,sam,10+20 clicks,2,0.9268565672393531,1,0,0,1,1,2.3941672059911245,2.768612472263314
m4,img_3_18_20,microsam,10+20 clicks,2,0.9117301478507784,1,0,0,1,1,3.1329454049556213,2.768612472263314
m4,img_3_18_20,rf_clicks,10+20 clicks,2,0.7497102009273571,1,0,0,1,1,3.2132662259615383,2.768612472263314
m4,img_9_16_9,otsu,no input,0,0.71759697256386,1,1,4,2,5,2.5961249537721893,3.5117245284763317
m4,img_9_16_9,dino_clicks,3+6 clicks,0,0.7576354182442324,5,0,0,5,5,2.211567353920118,3.5117245284763317
m4,img_9_16_9,sam,3+6 clicks,0,0.35367260246996934,3,2,2,5,5,1.6234629252958581,3.5117245284763317
m4,img_9_16_9,microsam,3+6 clicks,0,0.10529031168727619,0,8,5,8,5,58.08986686390533,3.5117245284763317
m4,img_9_16_9,rf_clicks,3+6 clicks,0,0.6811511649985081,1,0,4,1,5,1.8141526442307692,3.5117245284763317
m4,img_9_16_9,dino_clicks,3+6 clicks,1,0.8385571927433779,3,3,2,6,5,3.272784532174556,3.5117245284763317
m4,img_9_16_9,sam,3+6 clicks,1,0.09991368148467847,0,5,5,5,5,59.41530487241125,3.5117245284763317
m4,img_9_16_9,microsam,3+6 clicks,1,0.07951250386376013,0,2,5,2,5,84.81965375369822,3.5117245284763317
m4,img_9_16_9,rf_clicks,3+6 clicks,1,0.7503931016992138,1,0,4,1,5,2.184408515162722,3.5117245284763317
m4,img_9_16_9,dino_clicks,3+6 clicks,2,0.8604888204549891,3,0,2,3,5,3.1495585244082838,3.5117245284763317
m4,img_9_16_9,sam,3+6 clicks,2,0.8894711972163752,3,0,2,3,5,3.2141329974112427,3.5117245284763317
m4,img_9_16_9,microsam,3+6 clicks,2,0.07233648113624427,0,2,5,2,5,93.58242418639054,3.5117245284763317
m4,img_9_16_9,rf_clicks,3+6 clicks,2,0.7095524842825689,1,0,4,1,5,1.9340560281065087,3.5117245284763317
m4,img_9_16_9,dino_clicks,10+20 clicks,0,0.8722449775697289,4,1,1,5,5,3.1541813054733727,3.5117245284763317
m4,img_9_16_9,sam,10+20 clicks,0,0.3910365196193334,3,5,2,8,5,11.895860299556213,3.5117245284763317
m4,img_9_16_9,microsam,10+20 clicks,0,0.10643099979641114,0,2,5,2,5,62.47890856139053,3.5117245284763317
m4,img_9_16_9,rf_clicks,10+20 clicks,0,0.7373516310924586,1,0,4,1,5,2.099031527366864,3.5117245284763317
m4,img_9_16_9,dino_clicks,10+20 clicks,1,0.8882381649585164,3,1,2,4,5,3.0003293731508873,3.5117245284763317
m4,img_9_16_9,sam,10+20 clicks,1,0.21390446591446524,0,1,5,1,5,26.422805334689347,3.5117245284763317
m4,img_9_16_9,microsam,10+20 clicks,1,0.08645982084901986,0,2,5,2,5,77.72195127588756,3.5117245284763317
m4,img_9_16_9,rf_clicks,10+20 clicks,1,0.8077710521630764,2,0,3,2,5,2.979815782174556,3.5117245284763317
m4,img_9_16_9,dino_clicks,10+20 clicks,2,0.8487020655078829,4,1,1,5,5,3.4613073224852067,3.5117245284763317
m4,img_9_16_9,sam,10+20 clicks,2,0.6176591375770021,2,1,3,3,5,4.930629391642012,3.5117245284763317
m4,img_9_16_9,microsam,10+20 clicks,2,0.12440825601211891,0,2,5,2,5,52.943122457470416,3.5117245284763317
m4,img_9_16_9,rf_clicks,10+20 clicks,2,0.7412153171356759,1,0,4,1,5,2.350828633505917,3.5117245284763317
m4,img_3_15_20,otsu,no input,0,0.49468139569278374,2,1,0,3,2,8.980185604659763,3.717871671597633
m4,img_3_15_20,dino_clicks,3+6 clicks,0,0.8927009323860121,2,0,0,2,2,3.0529135077662723,3.717871671597633
m4,img_3_15_20,sam,3+6 clicks,0,0.8185937929140346,1,1,1,2,2,2.593958025147929,3.717871671597633
m4,img_3_15_20,microsam,3+6 clicks,0,0.06624707511580154,0,1,2,1,2,71.91154886279585,3.717871671597633
m4,img_3_15_20,rf_clicks,3+6 clicks,0,0.5538581868843644,0,3,2,3,2,2.1924983820266273,3.717871671597633
m4,img_3_15_20,dino_clicks,3+6 clicks,1,0.8548577468510525,2,2,0,4,2,4.482508552144971,3.717871671597633
m4,img_3_15_20,sam,3+6 clicks,1,0.7279073769081389,1,1,1,2,2,2.158983219304734,3.717871671597633
m4,img_3_15_20,microsam,3+6 clicks,1,0.6170283174963362,1,1,1,2,2,2.3937338202662723,3.717871671597633
m4,img_3_15_20,rf_clicks,3+6 clicks,1,0.6415456618264731,2,3,0,5,2,5.912536982248521,3.717871671597633
m4,img_3_15_20,dino_clicks,3+6 clicks,2,0.6190590815480489,1,1,1,2,2,1.6834146172337277,3.717871671597633
m4,img_3_15_20,sam,3+6 clicks,2,0.6042304005882121,2,4,0,6,2,7.284780649038461,3.717871671597633
m4,img_3_15_20,microsam,3+6 clicks,2,0.08670735425661483,0,2,2,2,2,82.03890648113905,3.717871671597633
m4,img_3_15_20,rf_clicks,3+6 clicks,2,0.573127778740112,2,2,0,4,2,3.7879356971153846,3.717871671597633
m4,img_3_15_20,dino_clicks,10+20 clicks,0,0.9018225681813898,2,1,0,3,2,3.9468437962278107,3.717871671597633
m4,img_3_15_20,sam,10+20 clicks,0,0.9446423845104547,2,0,0,2,2,3.3776638775887573,3.717871671597633
m4,img_3_15_20,microsam,10+20 clicks,0,0.09193738349659449,0,1,2,1,2,77.11333325628699,3.717871671597633
m4,img_3_15_20,rf_clicks,10+20 clicks,0,0.7777269323571012,2,1,0,3,2,3.227279031065089,3.717871671597633
m4,img_3_15_20,dino_clicks,10+20 clicks,1,0.9095153790782281,2,1,0,3,2,3.7076148761094676,3.717871671597633
m4,img_3_15_20,sam,10+20 clicks,1,0.9471911024516967,2,0,0,2,2,3.400055473372781,3.717871671597633
m4,img_3_15_20,microsam,10+20 clicks,1,0.1669161212903815,0,1,2,1,2,40.58411727995562,3.717871671597633
m4,img_3_15_20,rf_clicks,10+20 clicks,1,0.6281575283431678,2,2,0,4,2,4.997804178994083,3.717871671597633
m4,img_3_15_20,dino_clicks,10+20 clicks,2,0.9083189377068287,2,0,0,2,2,3.2230896357248517,3.717871671597633
m4,img_3_15_20,sam,10+20 clicks,2,0.9436143793510565,2,0,0,2,2,3.3789640347633134,3.717871671597633
m4,img_3_15_20,microsam,10+20 clicks,2,0.1645720875846935,0,1,2,1,2,41.376635308801774,3.717871671597633
m4,img_3_15_20,rf_clicks,10+20 clicks,2,0.6147720554995305,2,2,0,4,2,4.590710521449704,3.717871671597633
m4,img_13_6_8,otsu,no input,0,0.9458056451921483,4,0,1,4,5,5.365170811760355,5.961076183431953
m4,img_13_6_8,dino_clicks,3+6 clicks,0,0.8610111538514567,3,1,2,4,5,4.516890486316568,5.961076183431953
m4,img_13_6_8,sam,3+6 clicks,0,0.4794959614644957,3,0,2,3,5,1.9263995469674555,5.961076183431953
m4,img_13_6_8,microsam,3+6 clicks,0,0.16565234845443597,0,2,5,2,5,66.00984652366864,5.961076183431953
m4,img_13_6_8,rf_clicks,3+6 clicks,0,0.7685512631123447,2,0,3,2,5,3.7203275240384617,5.961076183431953
m4,img_13_6_8,dino_clicks,3+6 clicks,1,0.8749385608961536,4,2,1,6,5,6.677173862795859,5.961076183431953
m4,img_13_6_8,sam,3+6 clicks,1,0.8370509328262322,3,2,2,5,5,5.282105214497041,5.961076183431953
m4,img_13_6_8,microsam,3+6 clicks,1,0.2360357165329108,0,3,5,3,5,44.54887435281065,5.961076183431953
m4,img_13_6_8,rf_clicks,3+6 clicks,1,0.8922466734902763,3,0,2,3,5,5.330066568047338,5.961076183431953
m4,img_13_6_8,dino_clicks,3+6 clicks,2,0.8995259511365018,4,2,1,6,5,5.923805011094674,5.961076183431953
m4,img_13_6_8,sam,3+6 clicks,2,0.9042661015387451,3,0,2,3,5,5.0138394508136095,5.961076183431953
m4,img_13_6_8,microsam,3+6 clicks,2,0.15360376047810517,0,2,5,2,5,71.6081788553994,5.961076183431953
m4,img_13_6_8,rf_clicks,3+6 clicks,2,0.8966002404645571,3,0,2,3,5,5.333244730029586,5.961076183431953
m4,img_13_6_8,dino_clicks,10+20 clicks,0,0.8814573204504893,4,3,1,7,5,5.77573155510355,5.961076183431953
m4,img_13_6_8,sam,10+20 clicks,0,0.9438772337806076,4,0,1,4,5,5.655539247411243,5.961076183431953
m4,img_13_6_8,microsam,10+20 clicks,0,0.17536947906373845,0,1,5,1,5,62.02197554548816,5.961076183431953
m4,img_13_6_8,rf_clicks,10+20 clicks,0,0.8423216208280317,2,0,3,2,5,4.370695035133136,5.961076183431953
m4,img_13_6_8,dino_clicks,10+20 clicks,1,0.9208327775824229,5,2,0,7,5,5.952841854659764,5.961076183431953
m4,img_13_6_8,sam,10+20 clicks,1,0.8734184982022113,2,1,3,3,5,5.810980260724852,5.961076183431953
m4,img_13_6_8,microsam,10+20 clicks,1,0.18238816625244708,0,2,5,2,5,59.198323086168635,5.961076183431953
m4,img_13_6_8,rf_clicks,10+20 clicks,1,0.9317507418397626,4,0,1,4,5,5.723002958579881,5.961076183431953
m4,img_13_6_8,dino_clicks,10+20 clicks,2,0.9040828007249833,5,2,0,7,5,6.154077292899409,5.961076183431953
m4,img_13_6_8,sam,10+20 clicks,2,0.872005768152322,2,0,3,2,5,4.858253975591716,5.961076183431953
m4,img_13_6_8,microsam,10+20 clicks,2,0.1700118452902096,0,1,5,1,5,64.16434564534023,5.961076183431953
m4,img_13_6_8,rf_clicks,10+20 clicks,2,0.8611833326455092,2,0,3,2,5,4.54029331545858,5.961076183431953
m4,img_5_20_6,otsu,no input,0,0.09894048295176358,2,3,1,5,3,13.517156296227812,1.2355827015532543
m4,img_5_20_6,dino_clicks,3+6 clicks,0,0.8820445609436435,3,0,0,3,3,1.189354890902367,1.2355827015532543
m4,img_5_20_6,sam,3+6 clicks,0,0.11525078502927948,1,10,2,11,3,19.190753282174555,1.2355827015532543
m4,img_5_20_6,microsam,3+6 clicks,0,0.05359929311349664,0,2,3,2,3,44.868857479659766,1.2355827015532543
m4,img_5_20_6,rf_clicks,3+6 clicks,0,0.0,0,0,3,0,3,0.0,1.2355827015532543
m4,img_5_20_6,dino_clicks,3+6 clicks,1,0.879095773462394,3,0,0,3,3,1.1672522189349113,1.2355827015532543
m4,img_5_20_6,sam,3+6 clicks,1,0.5970011534025375,3,1,0,4,3,2.521871532914201,1.2355827015532543
m4,img_5_20_6,microsam,3+6 clicks,1,0.045426541039504574,0,2,3,2,3,53.16357132951184,1.2355827015532543
m4,img_5_20_6,rf_clicks,3+6 clicks,1,0.0,0,0,3,0,3,0.0,1.2355827015532543
m4,img_5_20_6,dino_clicks,3+6 clicks,2,0.8782319625707954,3,0,0,3,3,1.111056536612426,1.2355827015532543
m4,img_5_20_6,sam,3+6 clicks,2,0.14233576642335766,2,6,1,8,3,15.864084458210058,1.2355827015532543
m4,img_5_20_6,microsam,3+6 clicks,2,0.03218504992577457,0,5,3,5,3,75.5443324704142,1.2355827015532543
m4,img_5_20_6,rf_clicks,3+6 clicks,2,0.0,0,0,3,0,3,0.0,1.2355827015532543
m4,img_5_20_6,dino_clicks,10+20 clicks,0,0.8803074670571011,3,0,0,3,3,1.1324368990384617,1.2355827015532543
m4,img_5_20_6,sam,10+20 clicks,0,0.14109394572025052,1,4,2,5,3,16.06373081545858,1.2355827015532543
m4,img_5_20_6,microsam,10+20 clicks,0,0.04592769596327073,0,1,3,1,3,52.569977348372774,1.2355827015532543
m4,img_5_20_6,rf_clicks,10+20 clicks,0,0.7057130522377321,2,0,1,2,3,0.7721488997781065,1.2355827015532543
m4,img_5_20_6,dino_clicks,10+20 clicks,1,0.8861021489011992,3,0,0,3,3,1.1374930658284024,1.2355827015532543
m4,img_5_20_6,sam,10+20 clicks,1,0.8830505770355794,3,0,0,3,3,1.4807345599112427,1.2355827015532543
m4,img_5_20_6,microsam,10+20 clicks,1,0.04229206893908864,0,1,3,1,3,57.19535872781065,1.2355827015532543
m4,img_5_20_6,rf_clicks,10+20 clicks,1,0.8451944240645635,3,0,0,3,3,1.324137851331361,1.2355827015532543
m4,img_5_20_6,dino_clicks,10+20 clicks,2,0.8581024349286314,3,0,0,3,3,1.001121024408284,1.2355827015532543
m4,img_5_20_6,sam,10+20 clicks,2,0.4464569954443164,3,3,0,6,3,4.0283203125,1.2355827015532543
m4,img_5_20_6,microsam,10+20 clicks,2,0.04130587013739647,0,1,3,1,3,58.59042737610947,1.2355827015532543
m4,img_5_20_6,rf_clicks,10+20 clicks,2,0.4343379978471475,1,0,2,1,3,0.3748786519970414,1.2355827015532543
m4,img_19_12_16,otsu,no input,0,0.12534683990310505,0,2,2,2,2,3.072560327292899,0.20744730029585798
m4,img_19_12_16,dino_clicks,3+6 clicks,0,0.492780798799925,0,1,2,1,2,0.5629680565828402,0.20744730029585798
m4,img_19_12_16,sam,3+6 clicks,0,0.484610123119015,0,1,2,1,2,0.6373659393491125,0.20744730029585798
m4,img_19_12_16,microsam,3+6 clicks,0,0.005147765238962417,0,1,2,1,2,80.38958487426035,0.20744730029585798
m4,img_19_12_16,rf_clicks,3+6 clicks,0,0.5191786129407207,0,1,2,1,2,0.5382650702662721,0.20744730029585798
m4,img_19_12_16,dino_clicks,3+6 clicks,1,0.4648048342315858,0,1,2,1,2,0.6770929641272189,0.20744730029585798
m4,img_19_12_16,sam,3+6 clicks,1,0.39196256537297,0,2,2,2,2,0.842212925295858,0.20744730029585798
m4,img_19_12_16,microsam,3+6 clicks,1,0.15056833201163097,0,3,2,3,2,2.52504969489645,0.20744730029585798
m4,img_19_12_16,rf_clicks,3+6 clicks,1,0.5507598784194528,0,1,2,1,2,0.5054722170857988,0.20744730029585798
m4,img_19_12_16,dino_clicks,3+6 clicks,2,0.5167883211678832,0,1,2,1,2,0.48524754992603547,0.20744730029585798
m4,img_19_12_16,sam,3+6 clicks,2,0.49379695963655423,0,1,2,1,2,0.6193082008136095,0.20744730029585798
m4,img_19_12_16,microsam,3+6 clicks,2,0.016038654960550992,0,3,2,3,2,25.444798215606507,0.20744730029585798
m4,img_19_12_16,rf_clicks,3+6 clicks,2,0.5038032902883425,0,1,2,1,2,0.6091958672337279,0.20744730029585798
m4,img_19_12_16,dino_clicks,10+20 clicks,0,0.4798717491984325,0,1,2,1,2,0.6035618528106509,0.20744730029585798
m4,img_19_12_16,sam,10+20 clicks,0,0.2865191146881288,0,1,2,1,2,1.2285040680473374,0.20744730029585798
m4,img_19_12_16,microsam,10+20 clicks,0,0.004496084711746491,0,1,2,1,2,92.07164154955622,0.20744730029585798
m4,img_19_12_16,rf_clicks,10+20 clicks,0,0.6214539007092199,0,1,2,1,2,0.4443648298816568,0.20744730029585798
m4,img_19_12_16,dino_clicks,10+20 clicks,1,0.4969917958067457,0,1,2,1,2,0.5849262666420117,0.20744730029585798
m4,img_19_12_16,sam,10+20 clicks,1,0.1317055123936367,0,3,2,3,2,2.91639700443787,0.20744730029585798
m4,img_19_12_16,microsam,10+20 clicks,1,0.008890331764206425,0,2,2,2,2,46.070636094674555,0.20744730029585798
m4,img_19_12_16,rf_clicks,10+20 clicks,1,0.49745658656376074,0,1,2,1,2,0.616130038831361,0.20744730029585798
m4,img_19_12_16,dino_clicks,10+20 clicks,2,0.5300581771170007,0,1,2,1,2,0.46300041605029585,0.20744730029585798
m4,img_19_12_16,sam,10+20 clicks,2,0.12207981482275279,0,3,2,3,2,3.16270455806213,0.20744730029585798
m4,img_19_12_16,microsam,10+20 clicks,2,0.021276122885907533,0,3,2,3,2,19.293032313239642,0.20744730029585798
m4,img_19_12_16,rf_clicks,10+20 clicks,2,0.49031786627694557,0,1,2,1,2,0.5833371856508875,0.20744730029585798
m4,img_1_12_7,otsu,no input,0,0.8902973415808259,4,0,1,4,5,10.154083071375739,12.593177930843193
m4,img_1_12_7,dino_clicks,3+6 clicks,0,0.8515253979712017,4,3,1,7,5,10.221113396819527,12.593177930843193
m4,img_1_12_7,sam,3+6 clicks,0,0.5395958127605537,2,0,3,2,5,4.698479105029586,12.593177930843193
m4,img_1_12_7,microsam,3+6 clicks,0,0.34208947755041813,0,3,5,3,5,32.4418107433432,12.593177930843193
m4,img_1_12_7,rf_clicks,3+6 clicks,0,0.8836862291808963,5,2,0,7,5,14.90225707285503,12.593177930843193
m4,img_1_12_7,dino_clicks,3+6 clicks,1,0.7829475964126142,3,1,2,4,5,9.683859559911243,12.593177930843193
m4,img_1_12_7,sam,3+6 clicks,1,0.4150351116944268,0,5,5,5,5,8.76031458025148,12.593177930843193
m4,img_1_12_7,microsam,3+6 clicks,1,0.4303224749971191,0,3,5,3,5,35.04486986871302,12.593177930843193
m4,img_1_12_7,rf_clicks,3+6 clicks,1,0.8439974008407485,4,0,1,4,5,9.194278152736686,12.593177930843193
m4,img_1_12_7,dino_clicks,3+6 clicks,2,0.89577222273468,4,0,1,4,5,10.898495284763314,12.593177930843193
m4,img_1_12_7,sam,3+6 clicks,2,0.8447836144006643,3,0,2,3,5,9.327905417899409,12.593177930843193
m4,img_1_12_7,microsam,3+6 clicks,2,0.2784021410390299,0,5,5,5,5,77.87435858912723,12.593177930843193
m4,img_1_12_7,rf_clicks,3+6 clicks,2,0.8622141725152819,4,0,1,4,5,9.739910780325443,12.593177930843193
m4,img_1_12_7,dino_clicks,10+20 clicks,0,0.8630094891587591,4,3,1,7,5,10.912508089866863,12.593177930843193
m4,img_1_12_7,sam,10+20 clicks,0,0.8994733449286644,4,1,1,5,5,11.161271495931953,12.593177930843193
m4,img_1_12_7,microsam,10+20 clicks,0,0.33009947705438863,0,1,5,1,5,63.70611247226331,12.593177930843193
m4,img_1_12_7,rf_clicks,10+20 clicks,0,0.9196530975451284,5,0,0,5,5,12.975857525887575,12.593177930843193
m4,img_1_12_7,dino_clicks,10+20 clicks,1,0.9155508135502801,5,1,0,6,5,11.778268306213018,12.593177930843193
m4,img_1_12_7,sam,10+20 clicks,1,0.2406848343632864,0,1,5,1,5,72.96583186945266,12.593177930843193
m4,img_1_12_7,microsam,10+20 clicks,1,0.2799160633923683,0,3,5,3,5,77.38506610576923,12.593177930843193
m4,img_1_12_7,rf_clicks,10+20 clicks,1,0.914617399633036,5,0,0,5,5,12.444093241494082,12.593177930843193
m4,img_1_12_7,dino_clicks,10+20 clicks,2,0.8789165565057868,5,2,0,7,5,14.180669840976332,12.593177930843193
m4,img_1_12_7,sam,10+20 clicks,2,0.9454090110048884,4,0,1,4,5,11.403100730399409,12.593177930843193
m4,img_1_12_7,microsam,10+20 clicks,2,0.34547356823829206,0,2,5,2,5,60.31067977995562,12.593177930843193
m4,img_1_12_7,rf_clicks,10+20 clicks,2,0.9212636570366867,4,0,1,4,5,12.753964034763312,12.593177930843193
m4,img_7_11_17,otsu,no input,0,0.9611387479682806,2,0,0,2,2,1.427717039571006,1.5052930843195267
m4,img_7_11_17,dino_clicks,3+6 clicks,0,0.8036630036630037,2,2,0,4,2,2.0441360022189348,1.5052930843195267
m4,img_7_11_17,sam,3+6 clicks,0,0.03570324256354229,0,1,2,1,2,82.59060650887574,1.5052930843195267
m4,img_7_11_17,microsam,3+6 clicks,0,0.061045626039884705,0,2,2,2,2,47.81169101331361,1.5052930843195267
m4,img_7_11_17,rf_clicks,3+6 clicks,0,0.7925507380073801,1,0,1,1,2,1.0002542529585798,1.5052930843195267
m4,img_7_11_17,dino_clicks,3+6 clicks,1,0.9127616408530853,2,0,0,2,2,1.4141376201923077,1.5052930843195267
m4,img_7_11_17,sam,3+6 clicks,1,0.05181070290760979,1,5,1,6,2,55.81025795118343,1.5052930843195267
m4,img_7_11_17,microsam,3+6 clicks,1,0.05555674038687112,0,4,2,4,2,52.68410225591717,1.5052930843195267
m4,img_7_11_17,rf_clicks,3+6 clicks,1,0.7836298104871526,1,0,1,1,2,0.9797406619822485,1.5052930843195267
m4,img_7_11_17,dino_clicks,3+6 clicks,2,0.8722086154732748,2,0,0,2,2,1.5028372318786982,1.5052930843195267
m4,img_7_11_17,sam,3+6 clicks,2,0.04891918079821958,0,1,2,1,2,59.77097009060651,1.5052930843195267
m4,img_7_11_17,microsam,3+6 clicks,2,0.06995049089535957,0,2,2,2,2,41.533520941198226,1.5052930843195267
m4,img_7_11_17,rf_clicks,3+6 clicks,2,0.7869555143651529,1,0,1,1,2,0.988697300295858,1.5052930843195267
m4,img_7_11_17,dino_clicks,10+20 clicks,0,0.8702194958305377,2,0,0,2,2,1.5090490939349113,1.5052930843195267
m4,img_7_11_17,sam,10+20 clicks,0,0.17760371836804958,2,3,0,5,2,15.278291420118343,1.5052930843195267
m4,img_7_11_17,microsam,10+20 clicks,0,0.08134016111909075,0,1,2,1,2,35.50700351331361,1.5052930843195267
m4,img_7_11_17,rf_clicks,10+20 clicks,0,0.9268645908761767,2,0,0,2,2,1.4872353457840235,1.5052930843195267
m4,img_7_11_17,dino_clicks,10+20 clicks,1,0.8536585365853658,2,0,0,2,2,1.4087925295857988,1.5052930843195267
m4,img_7_11_17,sam,10+20 clicks,1,0.1216235427921524,2,5,0,7,2,22.88218842455621,1.5052930843195267
m4,img_7_11_17,microsam,10+20 clicks,1,0.08757443196382722,0,1,2,1,2,32.8721627681213,1.5052930843195267
m4,img_7_11_17,rf_clicks,10+20 clicks,1,0.7562083407066595,1,0,1,1,2,0.9437696468195266,1.5052930843195267
m4,img_7_11_17,dino_clicks,10+20 clicks,2,0.8815802372316439,2,0,0,2,2,1.4420187684911243,1.5052930843195267
m4,img_7_11_17,sam,10+20 clicks,2,0.8310158284912843,2,1,0,3,2,2.099753836908284,1.5052930843195267
m4,img_7_11_17,microsam,10+20 clicks,2,0.09749007983936511,0,1,2,1,2,28.711804271449704,1.5052930843195267
m4,img_7_11_17,rf_clicks,10+20 clicks,2,0.7989675939202753,1,0,1,1,2,1.013400286612426,1.5052930843195267
m4,img_1_18_4,otsu,no input,0,0.7845501830090541,5,3,1,8,6,8.076865292159763,6.921170025887574
m4,img_1_18_4,dino_clicks,3+6 clicks,0,0.7259339744775292,5,3,1,8,6,5.576518583579881,6.921170025887574
m4,img_1_18_4,sam,3+6 clicks,0,0.48485471088934545,3,1,3,4,6,2.922464404585799,6.921170025887574
m4,img_1_18_4,microsam,3+6 clicks,0,0.15767414996322254,0,2,6,2,6,80.86963179548816,6.921170025887574
m4,img_1_18_4,rf_clicks,3+6 clicks,0,0.6721043593862516,4,0,2,4,6,3.510713295118343,6.921170025887574
m4,img_1_18_4,dino_clicks,3+6 clicks,1,0.7721889368817054,6,6,0,12,6,10.704482941937869,6.921170025887574
m4,img_1_18_4,sam,3+6 clicks,1,0.694900299982354,2,0,4,2,6,3.721483219304734,6.921170025887574
m4,img_1_18_4,microsam,3+6 clicks,1,0.34195148451708907,0,2,6,2,6,23.659249029215975,6.921170025887574
m4,img_1_18_4,rf_clicks,3+6 clicks,1,0.8099697698809304,6,0,0,6,6,4.786745330991124,6.921170025887574
m4,img_1_18_4,dino_clicks,3+6 clicks,2,0.8866988889586341,5,4,1,9,6,6.887365939349112,6.921170025887574
m4,img_1_18_4,sam,3+6 clicks,2,0.5462836424487519,3,2,3,5,6,3.4381934171597637,6.921170025887574
m4,img_1_18_4,microsam,3+6 clicks,2,0.21318963654068912,0,2,6,2,6,52.56723257211539,6.921170025887574
m4,img_1_18_4,rf_clicks,3+6 clicks,2,0.7287075466183434,3,2,3,5,6,5.4353792991863905,6.921170025887574
m4,img_1_18_4,dino_clicks,10+20 clicks,0,0.8489205896338564,5,4,1,9,6,8.268999630177515,6.921170025887574
m4,img_1_18_4,sam,10+20 clicks,0,0.2623953322019159,2,4,4,6,6,34.27763267381657,6.921170025887574
m4,img_1_18_4,microsam,10+20 clicks,0,0.19276691538735446,0,1,6,1,6,64.88752195821006,6.921170025887574
m4,img_1_18_4,rf_clicks,10+20 clicks,0,0.8989302576967397,6,2,0,8,6,7.244909162352071,6.921170025887574
m4,img_1_18_4,dino_clicks,10+20 clicks,1,0.8863326427998875,5,3,1,8,6,6.955985345784025,6.921170025887574
m4,img_1_18_4,sam,10+20 clicks,1,0.2894694287611518,2,3,4,5,6,35.06653915495562,6.921170025887574
m4,img_1_18_4,microsam,10+20 clicks,1,0.22770274926747194,0,1,6,1,6,53.86883436575444,6.921170025887574
m4,img_1_18_4,rf_clicks,10+20 clicks,1,0.8865350702542807,6,0,0,6,6,5.776309402736687,6.921170025887574
m4,img_1_18_4,dino_clicks,10+20 clicks,2,0.8705396575393489,5,2,1,7,6,6.653482109837277,6.921170025887574
m4,img_1_18_4,sam,10+20 clicks,2,0.34300486640827554,2,3,4,5,6,31.5809622318787,6.921170025887574
m4,img_1_18_4,microsam,10+20 clicks,2,0.18591637837533687,0,2,6,2,6,67.53348627034023,6.921170025887574
m4,img_1_18_4,rf_clicks,10+20 clicks,2,0.8818524010493898,6,0,0,6,6,5.743805473372781,6.921170025887574
m4,img_9_11_9,otsu,no input,0,0.9408377600259519,5,0,1,5,6,8.398581961908285,9.414293639053255
m4,img_9_11_9,dino_clicks,3+6 clicks,0,0.9005260988677964,6,1,0,7,6,8.461567353920119,9.414293639053255
m4,img_9_11_9,sam,3+6 clicks,0,0.19940302709020838,0,2,6,2,6,85.01048793454143,9.414293639053255
m4,img_9_11_9,microsam,3+6 clicks,0,0.1976503843488362,0,1,6,1,6,85.84778915495562,9.414293639053255
m4,img_9_11_9,rf_clicks,3+6 clicks,0,0.9102116635707086,5,0,1,5,6,7.928213988535503,9.414293639053255
m4,img_9_11_9,dino_clicks,3+6 clicks,1,0.619573620833907,3,2,3,5,6,4.226233126849112,9.414293639053255
m4,img_9_11_9,sam,3+6 clicks,1,0.7248104432111311,2,0,4,2,6,5.370515902366864,9.414293639053255
m4,img_9_11_9,microsam,3+6 clicks,1,0.21325918432047236,0,6,6,6,6,62.12598811945266,9.414293639053255
m4,img_9_11_9,rf_clicks,3+6 clicks,1,0.8692408229683294,4,0,2,4,6,7.275824010724852,9.414293639053255
m4,img_9_11_9,dino_clicks,3+6 clicks,2,0.5994011529404243,3,1,3,4,6,4.143023067677515,9.414293639053255
m4,img_9_11_9,sam,3+6 clicks,2,0.48165020337013364,1,1,5,2,6,3.016653568786982,9.414293639053255
m4,img_9_11_9,microsam,3+6 clicks,2,0.24704887981471113,0,1,6,1,6,56.38882789386095,9.414293639053255
m4,img_9_11_9,rf_clicks,3+6 clicks,2,0.9093591545467957,5,0,1,5,6,9.189944295488166,9.414293639053255
m4,img_9_11_9,dino_clicks,10+20 clicks,0,0.8649263384524564,5,2,1,7,6,7.226129114275148,9.414293639053255
m4,img_9_11_9,sam,10+20 clicks,0,0.740400892582333,2,0,4,2,6,5.605122041420119,9.414293639053255
m4,img_9_11_9,microsam,10+20 clicks,0,0.24597731519051844,0,1,6,1,6,67.13173770340237,9.414293639053255
m4,img_9_11_9,rf_clicks,10+20 clicks,0,0.9210907139721305,5,0,1,5,6,8.354810003698224,9.414293639053255
m4,img_9_11_9,dino_clicks,10+20 clicks,1,0.9048190848860936,6,0,0,6,6,7.789530556582839,9.414293639053255
m4,img_9_11_9,sam,10+20 clicks,1,0.9312758640314149,5,0,1,5,6,8.354376617973374,9.414293639053255
m4,img_9_11_9,microsam,10+20 clicks,1,0.21576378818278738,0,1,6,1,6,77.85052237426035,9.414293639053255
m4,img_9_11_9,rf_clicks,10+20 clicks,1,0.9065757686070754,4,0,2,4,6,8.046528291420119,9.414293639053255
m4,img_9_11_9,dino_clicks,10+20 clicks,2,0.8218373724547231,4,3,2,7,6,6.62661219489645,9.414293639053255
m4,img_9_11_9,sam,10+20 clicks,2,0.8059449140987183,4,0,2,4,6,6.477960891272189,9.414293639053255
m4,img_9_11_9,microsam,10+20 clicks,2,0.2564795847083572,0,1,6,1,6,63.997347679363905,9.414293639053255
m4,img_9_11_9,rf_clicks,10+20 clicks,2,0.9322947125468822,5,0,1,5,6,9.112512712647929,9.414293639053255
m4,img_3_5_9,otsu,no input,0,0.9359911850145247,5,0,2,5,7,10.803872734837277,12.270738951553255
m4,img_3_5_9,dino_clicks,3+6 clicks,0,0.8825581026665399,7,2,0,9,7,15.066365800665679,12.270738951553255
m4,img_3_5_9,sam,3+6 clicks,0,0.5196413575482022,2,2,5,4,7,4.759730954142012,12.270738951553255
m4,img_3_5_9,microsam,3+6 clicks,0,0.38329083563991834,0,3,7,3,7,11.580933339497042,12.270738951553255
m4,img_3_5_9,rf_clicks,3+6 clicks,0,0.9073049381567935,6,1,1,7,7,12.58364344489645,12.270738951553255
m4,img_3_5_9,dino_clicks,3+6 clicks,1,0.9412832858866669,5,2,2,7,7,12.391509106878699,12.270738951553255
m4,img_3_5_9,sam,3+6 clicks,1,0.5208037804485366,1,1,6,2,7,4.328945543639053,12.270738951553255
m4,img_3_5_9,microsam,3+6 clicks,1,0.7146969191831445,0,3,7,3,7,18.494302422337277,12.270738951553255
m4,img_3_5_9,rf_clicks,3+6 clicks,1,0.9100225088015186,4,0,3,4,7,10.256506564349111,12.270738951553255
m4,img_3_5_9,dino_clicks,3+6 clicks,2,0.6668077170216434,4,4,3,8,7,6.164623012204142,12.270738951553255
m4,img_3_5_9,sam,3+6 clicks,2,0.12652130946127615,0,2,7,2,7,20.18147304918639,12.270738951553255
m4,img_3_5_9,microsam,3+6 clicks,2,0.3071965493677393,1,3,6,4,7,10.77194665310651,12.270738951553255
m4,img_3_5_9,rf_clicks,3+6 clicks,2,0.8359381508038729,6,0,1,6,7,10.273553069526626,12.270738951553255
m4,img_3_5_9,dino_clicks,10+20 clicks,0,0.9192651509819103,5,2,2,7,7,12.357705020340237,12.270738951553255
m4,img_3_5_9,sam,10+20 clicks,0,0.24202520676822617,1,1,6,2,7,81.08849158653845,12.270738951553255
m4,img_3_5_9,microsam,10+20 clicks,0,0.8400881437953681,3,0,4,3,7,14.476672291050296,12.270738951553255
m4,img_3_5_9,rf_clicks,10+20 clicks,0,0.9293365011429952,6,1,1,7,7,13.449403661242604,12.270738951553255
m4,img_3_5_9,dino_clicks,10+20 clicks,1,0.9395517428864858,5,0,2,5,7,11.642040726701183,12.270738951553255
m4,img_3_5_9,sam,10+20 clicks,1,0.48061677460676533,2,3,5,5,7,30.132731601331358,12.270738951553255
m4,img_3_5_9,microsam,10+20 clicks,1,0.7437818313856268,3,2,4,5,7,17.966005223742602,12.270738951553255
m4,img_3_5_9,rf_clicks,10+20 clicks,1,0.9147834933553761,4,0,3,4,7,10.448785364275148,12.270738951553255
m4,img_3_5_9,dino_clicks,10+20 clicks,2,0.943027739003708,5,0,2,5,7,11.222089959319527,12.270738951553255
m4,img_3_5_9,sam,10+20 clicks,2,0.7643688451208595,5,4,2,9,7,16.774772328032544,12.270738951553255
m4,img_3_5_9,microsam,10+20 clicks,2,0.8985673219852741,4,0,3,4,7,12.70571375739645,12.270738951553255
m4,img_3_5_9,rf_clicks,10+20 clicks,2,0.9337400228762868,5,0,2,5,7,10.841866216715976,12.270738951553255
m4,img_13_11_14,otsu,no input,0,0.8641460234680574,3,0,3,3,6,2.667344674556213,3.4267809264053253
m4,img_13_11_14,dino_clicks,3+6 clicks,0,0.8773840750455697,5,1,1,6,6,3.0719824796597637,3.4267809264053253
m4,img_13_11_14,sam,3+6 clicks,0,0.15575797310294562,0,1,6,1,6,39.980988812869825,3.4267809264053253
m4,img_13_11_14,microsam,3+6 clicks,0,0.1034739301664729,0,8,6,8,6,60.06870608357988,3.4267809264053253
m4,img_13_11_14,rf_clicks,3+6 clicks,0,0.6620029661135518,2,0,4,2,6,1.7358542899408285,3.4267809264053253
m4,img_13_11_14,dino_clicks,3+6 clicks,1,0.8309230581636385,4,1,2,5,6,2.4968796227810652,3.4267809264053253
m4,img_13_11_14,sam,3+6 clicks,1,0.8173266973066939,3,0,3,3,6,2.6396079881656807,3.4267809264053253
m4,img_13_11_14,microsam,3+6 clicks,1,0.47552313303897104,0,2,6,2,6,7.108248197115384,3.4267809264053253
m4,img_13_11_14,rf_clicks,3+6 clicks,1,0.6450661904356947,2,0,4,2,6,1.6694018121301775,3.4267809264053253
m4,img_13_11_14,dino_clicks,3+6 clicks,2,0.7480083857442348,3,1,3,4,6,2.085885493713018,3.4267809264053253
m4,img_13_11_14,sam,3+6 clicks,2,0.758836618553453,3,1,3,4,6,3.9094281619822486,3.4267809264053253
m4,img_13_11_14,microsam,3+6 clicks,2,0.12070582174137043,0,3,6,3,6,52.65333186945266,3.4267809264053253
m4,img_13_11_14,rf_clicks,3+6 clicks,2,0.6988718227538399,2,0,4,2,6,1.8872503698224852,3.4267809264053253
m4,img_13_11_14,dino_clicks,10+20 clicks,0,0.9087055070517126,5,1,1,6,6,3.4565400795118344,3.4267809264053253
m4,img_13_11_14,sam,10+20 clicks,0,0.45292194003227726,1,2,5,3,6,10.17921944341716,3.4267809264053253
m4,img_13_11_14,microsam,10+20 clicks,0,0.09664526327797787,0,1,6,1,6,67.4878363073225,3.4267809264053253
m4,img_13_11_14,rf_clicks,10+20 clicks,0,0.7041818920016241,2,0,4,2,6,1.9103642751479288,3.4267809264053253
m4,img_13_11_14,dino_clicks,10+20 clicks,1,0.9155201063476238,5,0,1,5,6,3.093507303994083,3.4267809264053253
m4,img_13_11_14,sam,10+20 clicks,1,0.53167882693366,0,1,6,1,6,4.710902829142012,3.4267809264053253
m4,img_13_11_14,microsam,10+20 clicks,1,0.10501221844453888,0,2,6,2,6,61.837642150517745,3.4267809264053253
m4,img_13_11_14,rf_clicks,10+20 clicks,1,0.7415095309047937,2,0,4,2,6,2.19654331545858,3.4267809264053253
m4,img_13_11_14,dino_clicks,10+20 clicks,2,0.9032952075695374,5,0,1,5,6,3.1536034578402363,3.4267809264053253
m4,img_13_11_14,sam,10+20 clicks,2,0.6175421763812265,1,2,5,3,6,5.607144508136094,3.4267809264053253
m4,img_13_11_14,microsam,10+20 clicks,2,0.0936149556610587,0,1,6,1,6,69.78333602995562,3.4267809264053253
m4,img_13_11_14,rf_clicks,10+20 clicks,2,0.7038440714672441,2,0,4,2,6,1.9096419656065087,3.4267809264053253
m4,img_11_10_18,otsu,no input,0,0.9557440103804625,2,0,1,2,3,1.5096269415680474,1.6077165772928992
m4,img_11_10_18,dino_clicks,3+6 clicks,0,0.8343123776194642,2,2,1,4,3,1.8598026072485205,1.6077165772928992
m4,img_11_10_18,sam,3+6 clicks,0,0.9615297270291139,2,0,1,2,3,1.5729012573964498,1.6077165772928992
m4,img_11_10_18,microsam,3+6 clicks,0,0.8815805133494664,2,0,1,2,3,2.0337347448224854,1.6077165772928992
m4,img_11_10_18,rf_clicks,3+6 clicks,0,0.754963924156832,1,0,2,1,3,0.9751178809171597,1.6077165772928992
m4,img_11_10_18,dino_clicks,3+6 clicks,1,0.8744883450385627,2,1,1,3,3,1.7450998520710062,1.6077165772928992
m4,img_11_10_18,sam,3+6 clicks,1,0.7928536938676968,1,0,2,1,3,1.0849089312130178,1.6077165772928992
m4,img_11_10_18,microsam,3+6 clicks,1,0.28441035474592524,0,2,3,2,3,9.692816198224852,1.6077165772928992
m4,img_11_10_18,rf_clicks,3+6 clicks,1,0.9245052741696452,2,0,1,2,3,1.7065285225591715,1.6077165772928992
m4,img_11_10_18,dino_clicks,3+6 clicks,2,0.9005825242718447,2,0,1,2,3,1.3681987333579881,1.6077165772928992
m4,img_11_10_18,sam,3+6 clicks,2,0.9404874687796055,2,0,1,2,3,1.746977856878698,1.6077165772928992
m4,img_11_10_18,microsam,3+6 clicks,2,0.22583592179791706,0,2,3,2,3,12.623803855399407,1.6077165772928992
m4,img_11_10_18,rf_clicks,3+6 clicks,2,0.7421539850982163,1,0,2,1,3,0.9515705898668638,1.6077165772928992
m4,img_11_10_18,dino_clicks,10+20 clicks,0,0.8850085178875639,2,0,1,2,3,1.4450524685650887,1.6077165772928992
m4,img_11_10_18,sam,10+20 clicks,0,0.793522702819023,1,0,2,1,3,1.0775413738905326,1.6077165772928992
m4,img_11_10_18,microsam,10+20 clicks,0,0.9196951193835011,2,0,1,2,3,1.8228203587278107,1.6077165772928992
m4,img_11_10_18,rf_clicks,10+20 clicks,0,0.7773510369801383,1,0,2,1,3,1.025246163091716,1.6077165772928992
m4,img_11_10_18,dino_clicks,10+20 clicks,1,0.9019753315403877,2,0,1,2,3,1.507748936760355,1.6077165772928992
m4,img_11_10_18,sam,10+20 clicks,1,0.8039143473457148,1,0,2,1,3,1.1380709134615383,1.6077165772928992
m4,img_11_10_18,microsam,10+20 clicks,1,0.8888143551903405,2,0,1,2,3,1.837988859097633,1.6077165772928992
m4,img_11_10_18,rf_clicks,10+20 clicks,1,0.939932318104907,2,0,1,2,3,1.4658549833579881,1.6077165772928992
m4,img_11_10_18,dino_clicks,10+20 clicks,2,0.8302415962177971,2,2,1,4,3,1.9979081915680472,1.6077165772928992
m4,img_11_10_18,sam,10+20 clicks,2,0.8559502244624715,2,1,1,3,3,2.0607491216715976,1.6077165772928992
m4,img_11_10_18,microsam,10+20 clicks,2,0.8125342390708886,2,0,1,2,3,2.347794933431953,1.6077165772928992
m4,img_11_10_18,rf_clicks,10+20 clicks,2,0.9276894248786816,2,0,1,2,3,1.3989691198224852,1.6077165772928992
m4,img_23_9_20,otsu,no input,0,0.5423466607286216,7,2,0,9,7,16.854515301405325,7.798053809171597
m4,img_23_9_20,dino_clicks,3+6 clicks,0,0.9161367212595786,7,1,0,8,7,7.7172996024408285,7.798053809171597
m4,img_23_9_20,sam,3+6 clicks,0,0.21900902346193105,0,3,7,3,7,54.33515740569527,7.798053809171597
m4,img_23_9_20,microsam,3+6 clicks,0,0.26250507595081374,1,6,6,7,7,51.612339358357985,7.798053809171597
m4,img_23_9_20,rf_clicks,3+6 clicks,0,0.7789683475130189,6,2,1,8,7,5.683998243343195,7.798053809171597
m4,img_23_9_20,dino_clicks,3+6 clicks,1,0.7256964050442312,4,5,3,9,7,4.482364090236687,7.798053809171597
m4,img_23_9_20,sam,3+6 clicks,1,0.38498515852793613,3,2,4,5,7,14.20002773668639,7.798053809171597
m4,img_23_9_20,microsam,3+6 clicks,1,0.4416187641141449,1,3,6,4,7,14.719512758875739,7.798053809171597
m4,img_23_9_20,rf_clicks,3+6 clicks,1,0.6981917719243305,5,1,2,6,7,4.657018537352071,7.798053809171597
m4,img_23_9_20,dino_clicks,3+6 clicks,2,0.8807305473257446,7,2,0,9,7,7.024893676035503,7.798053809171597
m4,img_23_9_20,sam,3+6 clicks,2,0.46636708129657545,4,0,3,4,7,2.4568636741863905,7.798053809171597
m4,img_23_9_20,microsam,3+6 clicks,2,0.27040224222120035,0,2,7,2,7,44.98139330621302,7.798053809171597
m4,img_23_9_20,rf_clicks,3+6 clicks,2,0.7280094228504123,6,1,1,7,7,4.466762204142012,7.798053809171597
m4,img_23_9_20,dino_clicks,10+20 clicks,0,0.8949638261543066,7,4,0,11,7,8.615419286242604,7.798053809171597
m4,img_23_9_20,sam,10+20 clicks,0,0.5315226938300615,5,4,2,9,7,17.53103041789941,7.798053809171597
m4,img_23_9_20,microsam,10+20 clicks,0,0.3169793593470155,0,1,7,1,7,41.40422753328402,7.798053809171597
m4,img_23_9_20,rf_clicks,10+20 clicks,0,0.8939185981268074,7,1,0,8,7,8.937135955991124,7.798053809171597
m4,img_23_9_20,dino_clicks,10+20 clicks,1,0.8891919889502763,7,4,0,11,7,8.936413646449704,7.798053809171597
m4,img_23_9_20,sam,10+20 clicks,1,0.9377740925004606,7,1,0,8,7,7.881841715976331,7.798053809171597
m4,img_23_9_20,microsam,10+20 clicks,1,0.2068670827257555,0,1,7,1,7,67.59387134800295,7.798053809171597
m4,img_23_9_20,rf_clicks,10+20 clicks,1,0.8884468782769354,7,1,0,8,7,9.560200166420119,7.798053809171597
m4,img_23_9_20,dino_clicks,10+20 clicks,2,0.9011024125259626,7,3,0,10,7,8.477313701923077,7.798053809171597
m4,img_23_9_20,sam,10+20 clicks,2,0.7960365174794033,7,2,0,9,7,10.367742233727812,7.798053809171597
m4,img_23_9_20,microsam,10+20 clicks,2,0.321330860397198,0,1,7,1,7,40.7271345691568,7.798053809171597
m4,img_23_9_20,rf_clicks,10+20 clicks,2,0.8658821209033234,7,1,0,8,7,9.780649038461538,7.798053809171597
m4,img_15_21_13,otsu,no input,0,0.8466757741347906,2,1,1,3,3,6.376700916412108,6.3281033046376
m4,img_15_21_13,dino_clicks,3+6 clicks,0,0.8875144955546965,3,0,0,3,3,6.393767934832917,6.3281033046376
m4,img_15_21_13,sam,3+6 clicks,0,0.9233721696077763,3,1,0,4,3,6.408810052763121,6.3281033046376
m4,img_15_21_13,microsam,3+6 clicks,0,0.44144221407203,0,4,3,4,3,22.342028834582987,6.3281033046376
m4,img_15_21_13,rf_clicks,3+6 clicks,0,0.8374591206395349,2,0,1,2,3,6.409099324261779,6.3281033046376
m4,img_15_21_13,dino_clicks,3+6 clicks,1,0.697804957310408,2,1,1,3,3,3.463447653429603,6.3281033046376
m4,img_15_21_13,sam,3+6 clicks,1,0.7299064676264723,2,3,1,5,3,10.017038091270944,6.3281033046376
m4,img_15_21_13,microsam,3+6 clicks,1,0.49202010999763807,0,1,3,1,3,19.391314912524297,6.3281033046376
m4,img_15_21_13,rf_clicks,3+6 clicks,1,0.7778387974303631,2,0,1,2,3,4.996731232065168,6.3281033046376
m4,img_15_21_13,dino_clicks,3+6 clicks,2,0.8740007870032043,3,0,0,3,3,6.536523419420531,6.3281033046376
m4,img_15_21_13,sam,3+6 clicks,2,0.8888968132273057,3,1,0,4,3,5.839957650652596,6.3281033046376
m4,img_15_21_13,microsam,3+6 clicks,2,0.6828306625111454,0,2,3,2,3,11.35318314357123,6.3281033046376
m4,img_15_21_13,rf_clicks,3+6 clicks,2,0.7739741457919863,2,0,1,2,3,7.154118069054892,6.3281033046376
m4,img_15_21_13,dino_clicks,10+20 clicks,0,0.8736698808848553,3,0,0,3,3,6.421537998704063,6.3281033046376
m4,img_15_21_13,sam,10+20 clicks,0,0.9085654034608944,2,0,1,2,3,5.331707627510877,6.3281033046376
m4,img_15_21_13,microsam,10+20 clicks,0,0.6718196875710435,0,2,3,2,3,11.485814125705822,6.3281033046376
m4,img_15_21_13,rf_clicks,10+20 clicks,0,0.8613991491133345,2,0,1,2,3,4.788745024530223,6.3281033046376
m4,img_15_21_13,dino_clicks,10+20 clicks,1,0.8819827259133618,3,0,0,3,3,6.633284735721559,6.3281033046376
m4,img_15_21_13,sam,10+20 clicks,1,0.8529538398785379,2,1,1,3,3,6.437158659631584,6.3281033046376
m4,img_15_21_13,microsam,10+20 clicks,1,0.6314773279910575,0,1,3,1,3,13.598219244654263,6.3281033046376
m4,img_15_21_13,rf_clicks,10+20 clicks,1,0.8147330143113699,2,0,1,2,3,6.638346986948069,6.3281033046376
m4,img_15_21_13,dino_clicks,10+20 clicks,2,0.8835547770774035,3,0,0,3,3,6.223242386374155,6.3281033046376
m4,img_15_21_13,sam,10+20 clicks,2,0.9088741524476567,2,0,1,2,3,5.318835045820605,6.3281033046376
m4,img_15_21_13,microsam,10+20 clicks,2,0.6749315124504232,0,2,3,2,3,11.358679302045728,6.3281033046376
m4,img_15_21_13,rf_clicks,10+20 clicks,2,0.8682194263655302,2,0,1,2,3,5.961162408590207,6.3281033046376
m4,img_5_16_15,otsu,no input,0,0.5388647866955893,1,0,2,1,3,0.4892924833579882,1.1090340698964496
m4,img_5_16_15,dino_clicks,3+6 clicks,0,0.58111778747222,3,6,0,9,3,2.4011013775887573,1.1090340698964496
m4,img_5_16_15,sam,3+6 clicks,0,0.06806915188718077,1,9,2,10,3,31.17935812684911,1.1090340698964496
m4,img_5_16_15,microsam,3+6 clicks,0,0.03462381497884777,0,2,3,2,3,62.952888082470416,1.1090340698964496
m4,img_5_16_15,rf_clicks,3+6 clicks,0,0.0,0,0,3,0,3,0.0,1.1090340698964496
m4,img_5_16_15,dino_clicks,3+6 clicks,1,0.5982896612213573,3,4,0,7,3,1.52624006102071,1.1090340698964496
m4,img_5_16_15,sam,3+6 clicks,1,0.16783110571081408,1,3,2,4,3,6.500063563239646,1.1090340698964496
m4,img_5_16_15,microsam,3+6 clicks,1,0.028323187603763143,0,1,3,1,3,77.20376641087277,1.1090340698964496
m4,img_5_16_15,rf_clicks,3+6 clicks,1,0.0,0,0,3,0,3,0.0,1.1090340698964496
m4,img_5_16_15,dino_clicks,3+6 clicks,2,0.6322610084417066,3,5,0,8,3,2.056848650147929,1.1090340698964496
m4,img_5_16_15,sam,3+6 clicks,2,0.22662071535022354,3,13,0,16,3,8.196624214127219,1.1090340698964496
m4,img_5_16_15,microsam,3+6 clicks,2,0.030795273805966108,0,7,3,7,3,70.91721754807693,1.1090340698964496
m4,img_5_16_15,rf_clicks,3+6 clicks,2,0.6372465496677457,2,1,1,3,3,1.434506749260355,1.1090340698964496
m4,img_5_16_15,dino_clicks,10+20 clicks,0,0.6913418970897743,2,1,1,3,3,0.8815065643491123,1.1090340698964496
m4,img_5_16_15,sam,10+20 clicks,0,0.1681320990521694,1,12,2,13,3,11.952778291420119,1.1090340698964496
m4,img_5_16_15,microsam,10+20 clicks,0,0.03987244142745106,0,1,3,1,3,54.52006864829882,1.1090340698964496
m4,img_5_16_15,rf_clicks,10+20 clicks,0,0.5117953576504026,1,0,2,1,3,0.41576137204142016,1.1090340698964496
m4,img_5_16_15,dino_clicks,10+20 clicks,1,0.5925593904078889,3,6,0,9,3,2.113911103920118,1.1090340698964496
m4,img_5_16_15,sam,10+20 clicks,1,0.2731410478404987,2,6,1,8,3,4.730983034393491,1.1090340698964496
m4,img_5_16_15,microsam,10+20 clicks,1,0.04173972613911611,0,1,3,1,3,52.03142335428994,1.1090340698964496
m4,img_5_16_15,rf_clicks,10+20 clicks,1,0.5091684434968017,1,0,2,1,3,0.5847818047337279,1.1090340698964496
m4,img_5_16_15,dino_clicks,10+20 clicks,2,0.5851608818281241,2,4,1,6,3,1.4007026627218935,1.1090340698964496
m4,img_5_16_15,sam,10+20 clicks,2,0.13739053646331592,2,7,1,9,3,10.669523160133137,1.1090340698964496
m4,img_5_16_15,microsam,10+20 clicks,2,0.03927004872309679,0,1,3,1,3,55.37340514053254,1.1090340698964496
m4,img_5_16_15,rf_clicks,10+20 clicks,2,0.5232016560289805,1,0,2,1,3,0.5658572947485208,1.1090340698964496
m4,img_19_17_14,otsu,no input,0,0.21201385915054308,1,5,1,6,2,3.026043592825444,0.6847494452662721
m4,img_19_17_14,dino_clicks,3+6 clicks,0,0.6977494692144374,2,1,0,3,2,1.0162895247781065,0.6847494452662721
m4,img_19_17_14,sam,3+6 clicks,0,0.6437241563291983,1,0,1,1,2,0.39828148113905326,0.6847494452662721
m4,img_19_17_14,microsam,3+6 clicks,0,0.10711936676419224,0,3,2,3,2,12.054190551035502,0.6847494452662721
m4,img_19_17_14,rf_clicks,3+6 clicks,0,0.4526633165829146,1,1,1,2,2,0.7526465421597633,0.6847494452662721
m4,img_19_17_14,dino_clicks,3+6 clicks,1,0.7213527612880014,2,1,0,3,2,0.9213780510355031,0.6847494452662721
m4,img_19_17_14,sam,3+6 clicks,1,0.645409857845091,1,0,1,1,2,0.40261533838757396,0.6847494452662721
m4,img_19_17_14,microsam,3+6 clicks,1,0.5783783783783784,2,1,0,3,2,1.667090421597633,0.6847494452662721
m4,img_19_17_14,rf_clicks,3+6 clicks,1,0.35772588544254386,1,2,1,3,2,1.3505743805473374,0.6847494452662721
m4,img_19_17_14,dino_clicks,3+6 clicks,2,0.7059147685525349,2,1,0,3,2,0.8881518121301776,0.6847494452662721
m4,img_19_17_14,sam,3+6 clicks,2,0.8912652196929592,2,0,0,2,2,0.6796932784763313,0.6847494452662721
m4,img_19_17_14,microsam,3+6 clicks,2,0.07285102092261155,0,3,2,3,2,17.65382303994083,0.6847494452662721
m4,img_19_17_14,rf_clicks,3+6 clicks,2,0.0,0,0,2,0,2,0.0,0.6847494452662721
m4,img_19_17_14,dino_clicks,10+20 clicks,0,0.6436131534297487,2,2,0,4,2,1.1032555935650887,0.6847494452662721
m4,img_19_17_14,sam,10+20 clicks,0,0.6494493969585736,1,0,1,1,2,0.4172059911242604,0.6847494452662721
m4,img_19_17_14,microsam,10+20 clicks,0,0.016026264139205347,0,2,2,2,2,84.76865870007396,0.6847494452662721
m4,img_19_17_14,rf_clicks,10+20 clicks,0,0.6516058126755404,1,0,1,1,2,0.49824912167159763,0.6847494452662721
m4,img_19_17_14,dino_clicks,10+20 clicks,1,0.7087512652986104,2,1,0,3,2,0.8851181120562129,0.6847494452662721
m4,img_19_17_14,sam,10+20 clicks,1,0.7004619802721938,1,0,1,1,2,0.47224597818047337,0.6847494452662721
m4,img_19_17_14,microsam,10+20 clicks,1,0.015434862600416155,0,1,2,1,2,88.04288785133136,0.6847494452662721
m4,img_19_17_14,rf_clicks,10+20 clicks,1,0.6524118620338551,1,0,1,1,2,0.4502877681213018,0.6847494452662721
m4,img_19_17_14,dino_clicks,10+20 clicks,2,0.6847774282718521,2,1,0,3,2,0.8308004345414202,0.6847494452662721
m4,img_19_17_14,sam,10+20 clicks,2,0.6825339584084625,1,0,1,1,2,0.5170291697485208,0.6847494452662721
m4,img_19_17_14,microsam,10+20 clicks,2,0.023306183759916804,0,6,2,6,2,58.07643190643491,0.6847494452662721
m4,img_19_17_14,rf_clicks,10+20 clicks,2,0.47759410476000796,1,1,1,2,2,0.7659370377218935,0.6847494452662721
m4,img_19_6_14,dino_labels,labels from same batch,0,0.8649379887826842,5,2,0,7,5,8.262643306213018,6.367303069526627
m4,img_19_6_14,rf_labels,labels from same batch,0,0.9065197696577147,5,2,0,7,5,7.50551844489645,6.367303069526627
m4,img_23_8_3,dino_labels,labels from same batch,0,0.9259171410499684,1,1,0,2,1,1.917876294378698,1.7364321375739646
m4,img_23_8_3,rf_labels,labels from same batch,0,0.23384069346802266,1,4,0,5,1,13.07914779031065,1.7364321375739646
m4,img_9_8_2,dino_labels,labels from same batch,0,0.8699174849718104,1,2,1,3,2,4.233022836538462,3.5052237426035506
m4,img_9_8_2,rf_labels,labels from same batch,0,0.3868716385042138,1,2,1,3,2,13.550671458949704,3.5052237426035506
m4,img_3_18_20,dino_labels,labels from same batch,0,0.9260651285287098,1,0,0,1,1,2.497168546597633,2.768612472263314
m4,img_3_18_20,rf_labels,labels from same batch,0,0.46770699467596843,1,6,0,7,1,9.03464774408284,2.768612472263314
m4,img_9_16_9,dino_labels,labels from same batch,0,0.7695642025941115,5,4,0,9,5,5.153389654215976,3.5117245284763317
m4,img_9_16_9,rf_labels,labels from same batch,0,0.8054620088799531,5,6,0,11,5,5.110484467455621,3.5117245284763317
m4,img_3_15_20,dino_labels,labels from same batch,0,0.9202592498880866,2,1,0,3,2,3.704436714127219,3.717871671597633
m4,img_3_15_20,rf_labels,labels from same batch,0,0.5234219608433411,2,4,0,6,2,9.718674879807693,3.717871671597633
m4,img_13_6_8,dino_labels,labels from same batch,0,0.8794733665645886,5,3,0,8,5,6.964508598372782,5.961076183431953
m4,img_13_6_8,rf_labels,labels from same batch,0,0.9141455255087817,5,2,0,7,5,6.9935454419378695,5.961076183431953
m4,img_5_20_6,dino_labels,labels from same batch,0,0.8294889190411578,3,0,0,3,3,1.0002542529585798,1.2355827015532543
m4,img_5_20_6,rf_labels,labels from same batch,0,0.2138634426927993,3,2,0,5,3,9.614084458210058,1.2355827015532543
m4,img_19_12_16,dino_labels,labels from same batch,0,0.25035320712065556,0,5,2,5,2,1.3263047799556213,0.20744730029585798
m4,img_19_12_16,rf_labels,labels from same batch,0,0.13978600176695788,0,9,2,9,2,2.7358196190828403,0.20744730029585798
m4,img_1_12_7,dino_labels,labels from same batch,0,0.9206356247019816,5,3,0,8,5,13.461682923446746,12.593177930843193
m4,img_1_12_7,rf_labels,labels from same batch,0,0.9381380449360985,5,3,0,8,5,13.472662028476332,12.593177930843193
m4,img_7_11_17,dino_labels,labels from same batch,0,0.7470868449981678,2,2,0,4,2,2.4370723927514795,1.5052930843195267
m4,img_7_11_17,rf_labels,labels from same batch,0,0.7868307785245036,2,3,0,5,2,2.3209250184911245,1.5052930843195267
m4,img_1_18_4,dino_labels,labels from same batch,0,0.8548925737891628,6,3,0,9,6,8.045950443786982,6.921170025887574
m4,img_1_18_4,rf_labels,labels from same batch,0,0.8387941399118315,5,7,1,12,6,9.299735345784024,6.921170025887574
m4,img_9_11_9,dino_labels,labels from same batch,0,0.9004221469186147,6,3,0,9,6,10.707516642011834,9.414293639053255
m4,img_9_11_9,rf_labels,labels from same batch,0,0.9575193430765127,6,1,0,7,6,10.078240569526626,9.414293639053255
m4,img_3_5_9,dino_labels,labels from same batch,0,0.91746754341595,6,2,1,8,7,11.719761233357987,12.270738951553255
m4,img_3_5_9,rf_labels,labels from same batch,0,0.8283434780676978,7,3,0,10,7,10.489668084319527,12.270738951553255
m4,img_13_11_14,dino_labels,labels from same batch,0,0.785761149336339,5,3,1,8,6,5.160468287721893,3.4267809264053253
m4,img_13_11_14,rf_labels,labels from same batch,0,0.8331584470094439,5,2,1,7,6,4.695878790680473,3.4267809264053253
m4,img_11_10_18,dino_labels,labels from same batch,0,0.7868031203034423,2,2,1,4,3,2.429415911612426,1.6077165772928992
m4,img_11_10_18,rf_labels,labels from same batch,0,0.809991988930158,2,2,1,4,3,2.3594963480029585,1.6077165772928992
m4,img_23_9_20,dino_labels,labels from same batch,0,0.9182188645540649,7,2,0,9,7,7.729001017011834,7.798053809171597
m4,img_23_9_20,rf_labels,labels from same batch,0,0.7533598787836076,7,4,0,11,7,12.700368666789942,7.798053809171597
m4,img_15_21_13,dino_labels,labels from same batch,0,0.9148882205877025,2,0,1,2,3,5.647302832546515,6.3281033046376
m4,img_15_21_13,rf_labels,labels from same batch,0,0.8386155086709333,3,4,0,7,3,7.8420056928630935,6.3281033046376
m4,img_5_16_15,dino_labels,labels from same batch,0,0.5261848488617987,3,5,0,8,3,2.374953772189349,1.1090340698964496
m4,img_5_16_15,rf_labels,labels from same batch,0,0.5088215024121295,3,6,0,9,3,3.083250508505917,1.1090340698964496
m4,img_19_17_14,dino_labels,labels from same batch,0,0.4060306732518846,2,3,0,5,2,2.0939753605769234,0.6847494452662721
m4,img_19_17_14,rf_labels,labels from same batch,0,0.17455670330884385,2,18,0,20,2,7.160832331730769,0.6847494452662721
m4,img_19_6_14,dino_labels,labels from other batches,0,0.7646640412206589,5,4,0,9,5,10.286554641272188,6.367303069526627
m4,img_19_6_14,rf_labels,labels from other batches,0,0.7871091302869212,5,3,0,8,5,9.77458163831361,6.367303069526627
m4,img_23_8_3,dino_labels,labels from other batches,0,0.8982993325540178,1,1,0,2,1,2.0945532082100593,1.7364321375739646
m4,img_23_8_3,rf_labels,labels from other batches,0,0.5945932576488339,1,6,0,7,1,4.104307276257396,1.7364321375739646
m4,img_9_8_2,dino_labels,labels from other batches,0,0.818954954954955,1,3,1,4,2,4.512412167159764,3.5052237426035506
m4,img_9_8_2,rf_labels,labels from other batches,0,0.5222852949429108,1,6,1,7,2,9.880905602810651,3.5052237426035506
m4,img_3_18_20,dino_labels,labels from other batches,0,0.9238686320144816,1,0,0,1,1,2.817729521079882,2.768612472263314
m4,img_3_18_20,rf_labels,labels from other batches,0,0.6051466868993425,1,4,0,5,1,6.370625693417161,2.768612472263314
m4,img_9_16_9,dino_labels,labels from other batches,0,0.6998871480705251,5,7,0,12,5,6.345055935650888,3.5117245284763317
m4,img_9_16_9,rf_labels,labels from other batches,0,0.6131900563774642,5,9,0,14,5,7.942226793639054,3.5117245284763317
m4,img_3_15_20,dino_labels,labels from other batches,0,0.8207413742064927,2,4,0,6,2,5.06627912352071,3.717871671597633
m4,img_3_15_20,rf_labels,labels from other batches,0,0.570363383191843,2,7,0,9,2,9.146750184911243,3.717871671597633
m4,img_13_6_8,dino_labels,labels from other batches,0,0.7719459879653355,5,5,0,10,5,9.09171019785503,5.961076183431953
m4,img_13_6_8,rf_labels,labels from other batches,0,0.7660860722648779,5,4,0,9,5,9.523651303624261,5.961076183431953
m4,img_5_20_6,dino_labels,labels from other batches,0,0.8658290329818263,3,0,0,3,3,1.3398841993343196,1.2355827015532543
m4,img_5_20_6,rf_labels,labels from other batches,0,0.3426013891527857,2,9,1,11,3,5.607144508136094,1.2355827015532543
m4,img_19_12_16,dino_labels,labels from other batches,0,0.03384834799144283,0,10,2,10,2,11.947577662721894,0.20744730029585798
m4,img_19_12_16,rf_labels,labels from other batches,0,0.05386797805939096,0,18,2,18,2,7.430253790680473,0.20744730029585798
m4,img_1_12_7,dino_labels,labels from other batches,0,0.8365061371276679,5,4,0,9,5,16.971818370931953,12.593177930843193
m4,img_1_12_7,rf_labels,labels from other batches,0,0.8425961459056928,5,5,0,10,5,17.145606046597635,12.593177930843193
m4,img_7_11_17,dino_labels,labels from other batches,0,0.6341686761698361,2,4,0,6,2,3.2274234929733727,1.5052930843195267
m4,img_7_11_17,rf_labels,labels from other batches,0,0.5013110100791417,1,7,1,8,2,4.500132904955621,1.5052930843195267
m4,img_1_18_4,dino_labels,labels from other batches,0,0.8504860475225913,6,4,0,10,6,8.697618112056213,6.921170025887574
m4,img_1_18_4,rf_labels,labels from other batches,0,0.7065279119679615,5,9,1,14,6,12.665986732618343,6.921170025887574
m4,img_9_11_9,dino_labels,labels from other batches,0,0.8455653382458027,6,4,0,10,6,12.621492464866865,9.414293639053255
m4,img_9_11_9,rf_labels,labels from other batches,0,0.838914709693223,6,2,0,8,6,12.995937731139055,9.414293639053255
m4,img_3_5_9,dino_labels,labels from other batches,0,0.9276510505170997,7,2,0,9,7,13.4033203125,12.270738951553255
m4,img_3_5_9,rf_labels,labels from other batches,0,0.7522703703925717,6,4,1,10,7,11.828829974112425,12.270738951553255
m4,img_13_11_14,dino_labels,labels from other batches,0,0.6937401182877555,4,6,2,10,6,6.441123104659763,3.4267809264053253
m4,img_13_11_14,rf_labels,labels from other batches,0,0.5621178366592406,5,11,1,16,6,8.764070589866863,3.4267809264053253
m4,img_11_10_18,dino_labels,labels from other batches,0,0.44275507970307865,2,8,1,10,3,5.651349852071006,1.6077165772928992
m4,img_11_10_18,rf_labels,labels from other batches,0,0.6466877888556231,2,3,1,5,3,3.362206453402367,1.6077165772928992
m4,img_23_9_20,dino_labels,labels from other batches,0,0.896118102030094,7,3,0,10,7,8.974407128328403,7.798053809171597
m4,img_23_9_20,rf_labels,labels from other batches,0,0.7608885878002654,5,8,2,13,7,12.673354289940827,7.798053809171597
m4,img_15_21_13,dino_labels,labels from other batches,0,0.8895205276500477,3,2,0,5,3,6.851250809960197,6.3281033046376
m4,img_15_21_13,rf_labels,labels from other batches,0,0.7047006894774148,2,8,1,10,3,11.628714246042767,6.3281033046376
m4,img_5_16_15,dino_labels,labels from other batches,0,0.47588778984919733,3,6,0,9,3,3.3454488720414197,1.1090340698964496
m4,img_5_16_15,rf_labels,labels from other batches,0,0.3294819232202758,2,8,1,10,3,5.480018028846153,1.1090340698964496
m4,img_19_17_14,dino_labels,labels from other batches,0,0.26076034678185217,2,4,0,6,2,4.030920626849112,0.6847494452662721
m4,img_19_17_14,rf_labels,labels from other batches,0,0.09287834700055844,2,28,0,30,2,14.060333071375739,0.6847494452662721
m5,img_7_8_10,otsu,no input,0,0.37013252061280577,1,1,9,2,10,0.9824854382396451,4.326345229289941
m5,img_7_8_10,dino_clicks,3+6 clicks,0,0.45620493940788465,3,2,7,5,10,1.324137851331361,4.326345229289941
m5,img_7_8_10,sam,3+6 clicks,0,0.08473788560342806,0,1,10,1,10,97.31777574889054,4.326345229289941
m5,img_7_8_10,microsam,3+6 clicks,0,0.14611561025464945,0,9,10,9,10,49.52717617418639,4.326345229289941
m5,img_7_8_10,rf_clicks,3+6 clicks,0,0.7291885432885542,6,0,4,6,10,3.652863812869823,4.326345229289941
m5,img_7_8_10,dino_clicks,3+6 clicks,1,0.5116875103823062,3,1,7,4,10,1.7611351238905326,4.326345229289941
m5,img_7_8_10,sam,3+6 clicks,1,0.08419375372826596,0,4,10,4,10,31.757494683801774,4.326345229289941
m5,img_7_8_10,microsam,3+6 clicks,1,0.1158696287201018,1,1,9,2,10,54.029620469674555,4.326345229289941
m5,img_7_8_10,rf_clicks,3+6 clicks,1,0.6998676234933463,5,2,5,7,10,6.040963618713017,4.326345229289941
m5,img_7_8_10,dino_clicks,3+6 clicks,2,0.7165722114965436,5,1,5,6,10,2.6325293546597637,4.326345229289941
m5,img_7_8_10,sam,3+6 clicks,2,0.16220212158547945,2,7,8,9,10,19.709949380547336,4.326345229289941
m5,img_7_8_10,microsam,3+6 clicks,2,0.10739798386867255,0,2,10,2,10,46.43265763683432,4.326345229289941
m5,img_7_8_10,rf_clicks,3+6 clicks,2,0.6164185736503,5,4,5,9,10,8.678115754437869,4.326345229289941
m5,img_7_8_10,dino_clicks,10+20 clicks,0,0.8497166380535711,8,0,2,8,10,3.4993008043639056,4.326345229289941
m5,img_7_8_10,sam,10+20 clicks,0,0.13439930591620894,2,5,8,7,10,42.9615269045858,4.326345229289941
m5,img_7_8_10,microsam,10+20 clicks,0,0.0970678858960342,0,3,10,3,10,82.87953032544378,4.326345229289941
m5,img_7_8_10,rf_clicks,10+20 clicks,0,0.7681879381586889,6,1,4,7,10,5.008349898298817,4.326345229289941
m5,img_7_8_10,dino_clicks,10+20 clicks,1,0.8390972730122245,8,1,2,9,10,3.9695243158284024,4.326345229289941
m5,img_7_8_10,sam,10+20 clicks,1,0.09652945679442773,1,2,9,3,10,71.91429363905326,4.326345229289941
m5,img_7_8_10,microsam,10+20 clicks,1,0.09649422118150842,0,5,10,5,10,85.00586515347634,4.326345229289941
m5,img_7_8_10,rf_clicks,10+20 clicks,1,0.6452116818608965,4,4,6,8,10,7.510719073594675,4.326345229289941
m5,img_7_8_10,dino_clicks,10+20 clicks,2,0.7795605232057369,6,1,4,7,10,2.8856266179733727,4.326345229289941
m5,img_7_8_10,sam,10+20 clicks,2,0.4680057264326927,2,4,8,6,10,5.663629114275148,4.326345229289941
m5,img_7_8_10,microsam,10+20 clicks,2,0.10322118724568642,0,5,10,5,10,77.1883089866864,4.326345229289941
m5,img_7_8_10,rf_clicks,10+20 clicks,2,0.6186841720715354,3,6,7,9,10,8.525419517381657,4.326345229289941
m5,img_1_2_9,otsu,no input,0,0.7412665699819352,1,1,6,2,7,2.148581961908284,3.529204419378698
m5,img_1_2_9,dino_clicks,3+6 clicks,0,0.7529824142120253,2,5,5,7,7,3.7243724574704142,3.529204419378698
m5,img_1_2_9,sam,3+6 clicks,0,0.515686757292625,2,16,5,18,7,7.618487657174557,3.529204419378698
m5,img_1_2_9,microsam,3+6 clicks,0,0.12850905622770922,1,10,6,11,7,47.06150032359467,3.529204419378698
m5,img_1_2_9,rf_clicks,3+6 clicks,0,0.7224592394437654,1,2,6,3,7,2.73509730954142,3.529204419378698
m5,img_1_2_9,dino_clicks,3+6 clicks,1,0.587559863827823,2,1,5,3,7,1.4781342455621302,3.529204419378698
m5,img_1_2_9,sam,3+6 clicks,1,0.28311759845772516,0,5,7,5,7,17.97698432877219,3.529204419378698
m5,img_1_2_9,microsam,3+6 clicks,1,0.09805388570384611,0,6,7,6,7,62.89264746671598,3.529204419378698
m5,img_1_2_9,rf_clicks,3+6 clicks,1,0.7206293344374288,1,1,6,2,7,2.0533815643491127,3.529204419378698
m5,img_1_2_9,dino_clicks,3+6 clicks,2,0.7264950618244032,3,0,4,3,7,2.043702616494083,3.529204419378698
m5,img_1_2_9,sam,3+6 clicks,2,0.7594445947164368,1,3,6,4,7,2.8797036797337277,3.529204419378698
m5,img_1_2_9,microsam,3+6 clicks,2,0.39830101285771946,0,4,7,4,7,11.503790680473374,3.529204419378698
m5,img_1_2_9,rf_clicks,3+6 clicks,2,0.7510281987775228,1,1,6,2,7,2.828419702292899,3.529204419378698
m5,img_1_2_9,dino_clicks,10+20 clicks,0,0.6928787961298989,1,7,6,8,7,4.429057646079881,3.529204419378698
m5,img_1_2_9,sam,10+20 clicks,0,0.6396589906255724,0,2,7,2,7,5.146744406434911,3.529204419378698
m5,img_1_2_9,microsam,10+20 clicks,0,0.22503540623865595,0,4,7,4,7,24.72566683616864,3.529204419378698
m5,img_1_2_9,rf_clicks,10+20 clicks,0,0.7252924256951102,1,2,6,3,7,4.004484097633136,3.529204419378698
m5,img_1_2_9,dino_clicks,10+20 clicks,1,0.777542059302383,1,1,6,2,7,2.3269924186390534,3.529204419378698
m5,img_1_2_9,sam,10+20 clicks,1,0.8333333333333334,1,1,6,2,7,2.8311644785502956,3.529204419378698
m5,img_1_2_9,microsam,10+20 clicks,1,0.2892232194743979,0,6,7,6,7,18.843611316568047,3.529204419378698
m5,img_1_2_9,rf_clicks,10+20 clicks,1,0.7581575297466968,2,0,5,2,7,2.4077466253698225,3.529204419378698
m5,img_1_2_9,dino_clicks,10+20 clicks,2,0.7557586221417443,1,4,6,5,7,3.3318694526627217,3.529204419378698
m5,img_1_2_9,sam,10+20 clicks,2,0.7366467231404142,1,1,6,2,7,3.7867800018491127,3.529204419378698
m5,img_1_2_9,microsam,10+20 clicks,2,0.3325470386872851,0,4,7,4,7,14.65956106693787,3.529204419378698
m5,img_1_2_9,rf_clicks,10+20 clicks,2,0.7395550006688366,1,2,6,3,7,2.950490014792899,3.529204419378698
m5,img_3_13_14,otsu,no input,0,0.2954002911208151,1,7,8,8,9,5.941140440088757,3.9833926590236683
m5,img_3_13_14,dino_clicks,3+6 clicks,0,0.4631671009237833,2,3,7,5,9,3.9451102533284024,3.9833926590236683
m5,img_3_13_14,sam,3+6 clicks,0,0.08497911941637197,0,2,9,2,9,46.590698964497044,3.9833926590236683
m5,img_3_13_14,microsam,3+6 clicks,0,0.08726363554561464,0,6,9,6,9,85.92160919008876,3.9833926590236683
m5,img_3_13_14,rf_clicks,3+6 clicks,0,0.3724888102425315,2,0,7,2,9,1.5679895525147929,3.9833926590236683
m5,img_3_13_14,dino_clicks,3+6 clicks,1,0.17347720063569272,0,4,9,4,9,18.469021588387573,3.9833926590236683
m5,img_3_13_14,sam,3+6 clicks,1,0.09321127821845693,0,1,9,1,9,38.57811922152367,3.9833926590236683
m5,img_3_13_14,microsam,3+6 clicks,1,0.06915435261525577,0,2,9,2,9,76.73888799001479,3.9833926590236683
m5,img_3_13_14,rf_clicks,3+6 clicks,1,0.18678141598870437,1,10,8,11,9,28.24533676960059,3.9833926590236683
m5,img_3_13_14,dino_clicks,3+6 clicks,2,0.5929814604615967,3,0,6,3,9,2.1256125184911245,3.9833926590236683
m5,img_3_13_14,sam,3+6 clicks,2,0.09687049690083357,0,1,9,1,9,37.92182877218935,3.9833926590236683
m5,img_3_13_14,microsam,3+6 clicks,2,0.08571864956257114,0,3,9,3,9,83.97931883321006,3.9833926590236683
m5,img_3_13_14,rf_clicks,3+6 clicks,2,0.4420873087788497,1,1,8,2,9,1.4371070636094674,3.9833926590236683
m5,img_3_13_14,dino_clicks,10+20 clicks,0,0.2817313915857605,2,8,7,10,9,13.872099204881657,3.9833926590236683
m5,img_3_13_14,sam,10+20 clicks,0,0.08080583063545778,0,1,9,1,9,94.58686783468934,3.9833926590236683
m5,img_3_13_14,microsam,10+20 clicks,0,0.08265388722270864,0,1,9,1,9,92.20815805288461,3.9833926590236683
m5,img_3_13_14,rf_clicks,10+20 clicks,0,0.6052841908154644,3,0,6,3,9,2.342738766642012,3.9833926590236683
m5,img_3_13_14,dino_clicks,10+20 clicks,1,0.36978743004988385,2,7,7,9,9,10.757067076553255,3.9833926590236683
m5,img_3_13_14,sam,10+20 clicks,1,0.08140857302371746,0,1,9,1,9,93.8251201923077,3.9833926590236683
m5,img_3_13_14,microsam,10+20 clicks,1,0.08196119411415821,0,3,9,3,9,93.20090028661244,3.9833926590236683
m5,img_3_13_14,rf_clicks,10+20 clicks,1,0.607100617164484,3,0,6,3,9,2.734519461908284,3.9833926590236683
m5,img_3_13_14,dino_clicks,10+20 clicks,2,0.44657129006997875,2,10,7,12,9,7.639001248150888,3.9833926590236683
m5,img_3_13_14,sam,10+20 clicks,2,0.07935605597235634,0,2,9,2,9,96.39495307877219,3.9833926590236683
m5,img_3_13_14,microsam,10+20 clicks,2,0.08215353581702871,0,1,9,1,9,92.98391850036982,3.9833926590236683
m5,img_3_13_14,rf_clicks,10+20 clicks,2,0.5639407014421705,1,3,8,4,9,4.621191984097633,3.9833926590236683
m5,img_1_5_17,otsu,no input,0,0.0,0,2,5,2,5,3.9336977625739644,1.6403649685650885
m5,img_1_5_17,dino_clicks,3+6 clicks,0,0.5731897825628035,3,3,2,6,5,1.7812153291420119,1.6403649685650885
m5,img_1_5_17,sam,3+6 clicks,0,0.05055992163323463,0,2,5,2,5,63.247590375369825,1.6403649685650885
m5,img_1_5_17,microsam,3+6 clicks,0,0.0575729947861774,0,7,5,7,5,55.24310049926036,1.6403649685650885
m5,img_1_5_17,rf_clicks,3+6 clicks,0,0.21075661421658118,1,6,4,7,5,8.330107017381657,1.6403649685650885
m5,img_1_5_17,dino_clicks,3+6 clicks,1,0.19446652885991414,0,1,5,1,5,0.17667691383136094,1.6403649685650885
m5,img_1_5_17,sam,3+6 clicks,1,0.26429097419755404,1,6,4,7,5,8.364633413461538,1.6403649685650885
m5,img_1_5_17,microsam,3+6 clicks,1,0.08561383069465538,0,8,5,8,5,33.078887758875744,1.6403649685650885
m5,img_1_5_17,rf_clicks,3+6 clicks,1,0.0,0,1,5,1,5,0.7805276904585798,1.6403649685650885
m5,img_1_5_17,dino_clicks,3+6 clicks,2,0.6021579205492888,3,1,2,4,5,1.3052133413461537,1.6403649685650885
m5,img_1_5_17,sam,3+6 clicks,2,0.07893130913056659,0,7,5,7,5,35.051948502218934,1.6403649685650885
m5,img_1_5_17,microsam,3+6 clicks,2,0.05718078541297539,0,13,5,13,5,51.03015786797337,1.6403649685650885
m5,img_1_5_17,rf_clicks,3+6 clicks,2,0.28724074995852,2,7,3,9,5,7.066354243713017,1.6403649685650885
m5,img_1_5_17,dino_clicks,10+20 clicks,0,0.5595937787373556,3,3,2,6,5,1.9727718195266273,1.6403649685650885
m5,img_1_5_17,sam,10+20 clicks,0,0.10691145884377076,1,4,4,5,5,24.8923758783284,1.6403649685650885
m5,img_1_5_17,microsam,10+20 clicks,0,0.05032229758625809,0,10,5,10,5,63.553994082840234,1.6403649685650885
m5,img_1_5_17,rf_clicks,10+20 clicks,0,0.0,0,1,5,1,5,0.4452316013313609,1.6403649685650885
m5,img_1_5_17,dino_clicks,10+20 clicks,1,0.37907397827211586,0,3,5,3,5,0.5935939811390533,1.6403649685650885
m5,img_1_5_17,sam,10+20 clicks,1,0.07810835673477293,0,7,5,7,5,22.229365061020708,1.6403649685650885
m5,img_1_5_17,microsam,10+20 clicks,1,0.06705449364834382,0,14,5,14,5,47.03174117048817,1.6403649685650885
m5,img_1_5_17,rf_clicks,10+20 clicks,1,0.0,0,1,5,1,5,0.4468206823224852,1.6403649685650885
m5,img_1_5_17,dino_clicks,10+20 clicks,2,0.589281913761546,3,2,2,5,5,1.7534786427514795,1.6403649685650885
m5,img_1_5_17,sam,10+20 clicks,2,0.07005485754733676,0,1,5,1,5,39.1773472170858,1.6403649685650885
m5,img_1_5_17,microsam,10+20 clicks,2,0.052779094737429234,0,6,5,6,5,60.519282775517745,1.6403649685650885
m5,img_1_5_17,rf_clicks,10+20 clicks,2,0.2790467508790207,2,5,3,7,5,3.90625,1.6403649685650885
m5,img_7_7_2,otsu,no input,0,0.0,0,0,2,0,2,0.0,0.7952628051035504
m5,img_7_7_2,dino_clicks,3+6 clicks,0,0.6941372519315255,2,1,0,3,2,1.1119233080621302,0.7952628051035504
m5,img_7_7_2,sam,3+6 clicks,0,0.7734468828474724,2,0,0,2,2,0.5278638128698225,0.7952628051035504
m5,img_7_7_2,microsam,3+6 clicks,0,0.8273279352226721,2,0,0,2,2,0.6320208487426036,0.7952628051035504
m5,img_7_7_2,rf_clicks,3+6 clicks,0,0.48097658290979906,2,2,0,4,2,2.24609375,0.7952628051035504
m5,img_7_7_2,dino_clicks,3+6 clicks,1,0.46142472408512436,0,3,2,3,2,1.9404123520710062,0.7952628051035504
m5,img_7_7_2,sam,3+6 clicks,1,0.0515971340250653,0,2,2,2,2,29.34743666789941,0.7952628051035504
m5,img_7_7_2,microsam,3+6 clicks,1,0.5410987775748208,0,2,2,2,2,1.2610079974112427,0.7952628051035504
m5,img_7_7_2,rf_clicks,3+6 clicks,1,0.5451007326007326,1,0,1,1,2,0.4667564256656805,0.7952628051035504
m5,img_7_7_2,dino_clicks,3+6 clicks,2,0.4593688913711254,1,0,1,1,2,0.23937338202662722,0.7952628051035504
m5,img_7_7_2,sam,3+6 clicks,2,0.6848189548103564,2,1,0,3,2,0.7168199889053255,0.7952628051035504
m5,img_7_7_2,microsam,3+6 clicks,2,0.29508301404853127,1,1,1,2,2,3.7292841623520707,0.7952628051035504
m5,img_7_7_2,rf_clicks,3+6 clicks,2,0.0,0,0,2,0,2,0.0,0.7952628051035504
m5,img_7_7_2,dino_clicks,10+20 clicks,0,0.7670747150696496,2,1,0,3,2,0.9158884985207101,0.7952628051035504
m5,img_7_7_2,sam,10+20 clicks,0,0.0,0,0,2,0,2,0.0,0.7952628051035504
m5,img_7_7_2,microsam,10+20 clicks,0,0.7614561711639789,2,1,0,3,2,1.0142670580621302,0.7952628051035504
m5,img_7_7_2,rf_clicks,10+20 clicks,0,0.3943503731642725,1,1,1,2,2,1.0048770340236686,0.7952628051035504
m5,img_7_7_2,dino_clicks,10+20 clicks,1,0.781111231452399,2,0,0,2,2,0.5385539940828402,0.7952628051035504
m5,img_7_7_2,sam,10+20 clicks,1,0.0,0,0,2,0,2,0.0,0.7952628051035504
m5,img_7_7_2,microsam,10+20 clicks,1,0.8590361445783132,2,0,0,2,2,0.6435778014053255,0.7952628051035504
m5,img_7_7_2,rf_clicks,10+20 clicks,1,0.5487214927436075,1,0,1,1,2,0.4589554826183432,0.7952628051035504
m5,img_7_7_2,dino_clicks,10+20 clicks,2,0.42466733438260124,1,0,1,1,2,0.2143814718934911,0.7952628051035504
m5,img_7_7_2,sam,10+20 clicks,2,0.0,0,0,2,0,2,0.0,0.7952628051035504
m5,img_7_7_2,microsam,10+20 clicks,2,0.8437849374936477,2,0,0,2,2,0.6260979105029586,0.7952628051035504
m5,img_7_7_2,rf_clicks,10+20 clicks,2,0.0,0,0,2,0,2,0.0,0.7952628051035504
m5,img_9_11_2,otsu,no input,0,0.09034742838802856,1,7,6,8,7,30.096760586168642,2.3109571468195265
m5,img_9_11_2,dino_clicks,3+6 clicks,0,0.4116935747434473,1,11,6,12,7,6.529533792529587,2.3109571468195265
m5,img_9_11_2,sam,3+6 clicks,0,0.03957824568660361,0,3,7,3,7,70.33200235761834,2.3109571468195265
m5,img_9_11_2,microsam,3+6 clicks,0,0.03206139223356285,0,4,7,4,7,80.85691914755917,2.3109571468195265
m5,img_9_11_2,rf_clicks,3+6 clicks,0,0.42534371209057825,1,4,6,5,7,3.4051116401627217,2.3109571468195265
m5,img_9_11_2,dino_clicks,3+6 clicks,1,0.23656023320452851,0,10,7,10,7,14.736703725961538,2.3109571468195265
m5,img_9_11_2,sam,3+6 clicks,1,0.04086322550023882,0,1,7,1,7,93.86918107433432,2.3109571468195265
m5,img_9_11_2,microsam,3+6 clicks,1,0.04547942167756719,0,1,7,1,7,99.31553947855029,2.3109571468195265
m5,img_9_11_2,rf_clicks,3+6 clicks,1,0.42317800675816614,1,4,6,5,7,4.614835660133136,2.3109571468195265
m5,img_9_11_2,dino_clicks,3+6 clicks,2,0.6061298640412565,1,7,6,8,7,2.619238859097633,2.3109571468195265
m5,img_9_11_2,sam,3+6 clicks,2,0.11185272208523218,1,27,6,28,7,20.06879276072485,2.3109571468195265
m5,img_9_11_2,microsam,3+6 clicks,2,0.042231891476836446,0,1,7,1,7,66.54738928439349,2.3109571468195265
m5,img_9_11_2,rf_clicks,3+6 clicks,2,0.0,0,0,7,0,7,0.0,2.3109571468195265
m5,img_9_11_2,dino_clicks,10+20 clicks,0,0.6612512469716403,2,2,5,4,7,1.7437996948964498,2.3109571468195265
m5,img_9_11_2,sam,10+20 clicks,0,0.22337434094903338,1,3,6,4,7,2.6209724019970415,2.3109571468195265
m5,img_9_11_2,microsam,10+20 clicks,0,0.043189776469540045,0,4,7,4,7,83.62408700073965,2.3109571468195265
m5,img_9_11_2,rf_clicks,10+20 clicks,0,0.34292793590011744,1,3,6,4,7,6.667783838757396,2.3109571468195265
m5,img_9_11_2,dino_clicks,10+20 clicks,1,0.5263455747114821,2,6,5,8,7,4.836584689349112,2.3109571468195265
m5,img_9_11_2,sam,10+20 clicks,1,0.13574862025992523,1,16,6,17,7,26.900974251109467,2.3109571468195265
m5,img_9_11_2,microsam,10+20 clicks,1,0.04788646384941672,0,2,7,2,7,94.20722193971893,2.3109571468195265
m5,img_9_11_2,rf_clicks,10+20 clicks,1,0.508241847210078,2,2,5,4,7,2.1498821190828403,2.3109571468195265
m5,img_9_11_2,dino_clicks,10+20 clicks,2,0.5789661319073084,1,6,6,7,7,4.172493296967455,2.3109571468195265
m5,img_9_11_2,sam,10+20 clicks,2,0.07609244724477879,0,7,7,7,7,50.88136210244083,2.3109571468195265
m5,img_9_11_2,microsam,10+20 clicks,2,0.047974784522831285,0,1,7,1,7,94.02953379252959,2.3109571468195265
m5,img_9_11_2,rf_clicks,10+20 clicks,2,0.683340132425393,3,1,4,4,7,2.2926104844674553,2.3109571468195265
m5,img_3_14_11,otsu,no input,0,0.38820538572594315,2,2,12,4,14,1.8157417252218935,7.389948918269231
m5,img_3_14_11,dino_clicks,3+6 clicks,0,0.3334573874209155,0,11,14,11,14,14.347523345044378,7.389948918269231
m5,img_3_14_11,sam,3+6 clicks,0,0.1433185173397757,0,3,14,3,14,32.55420210798817,7.389948918269231
m5,img_3_14_11,microsam,3+6 clicks,0,0.16649199102127027,1,3,13,4,14,64.5616158931213,7.389948918269231
m5,img_3_14_11,rf_clicks,3+6 clicks,0,0.5477448191791955,2,12,12,14,14,13.230254946375739,7.389948918269231
m5,img_3_14_11,dino_clicks,3+6 clicks,1,0.5051078030927048,9,9,5,18,14,9.62202986316568,7.389948918269231
m5,img_3_14_11,sam,3+6 clicks,1,0.12934028679312468,0,1,14,1,14,89.97809957470415,7.389948918269231
m5,img_3_14_11,microsam,3+6 clicks,1,0.16297283216753355,0,4,14,4,14,60.26849690273669,7.389948918269231
m5,img_3_14_11,rf_clicks,3+6 clicks,1,0.569352971699996,6,1,8,7,14,3.4676636464497044,7.389948918269231
m5,img_3_14_11,dino_clicks,3+6 clicks,2,0.39030205148910807,3,13,11,16,14,7.63726770525148,7.389948918269231
m5,img_3_14_11,sam,3+6 clicks,2,0.13063598353555922,0,1,14,1,14,94.8467548076923,7.389948918269231
m5,img_3_14_11,microsam,3+6 clicks,2,0.15467787494076887,1,3,13,4,14,86.50971361871301,7.389948918269231
m5,img_3_14_11,rf_clicks,3+6 clicks,2,0.45364118118545255,3,9,11,12,14,17.662490754437872,7.389948918269231
m5,img_3_14_11,dino_clicks,10+20 clicks,0,0.6441526066693161,8,6,6,14,14,8.604295719304734,7.389948918269231
m5,img_3_14_11,sam,10+20 clicks,0,0.15840091597738054,0,4,14,4,14,73.10697115384616,7.389948918269231
m5,img_3_14_11,microsam,10+20 clicks,0,0.1419518661872157,0,1,14,1,14,95.69720206176035,7.389948918269231
m5,img_3_14_11,rf_clicks,10+20 clicks,0,0.6680353315841128,7,3,7,10,14,7.035150471523669,7.389948918269231
m5,img_3_14_11,dino_clicks,10+20 clicks,1,0.6233440019446582,9,11,5,20,14,6.8730642104289945,7.389948918269231
m5,img_3_14_11,sam,10+20 clicks,1,0.1771161145897544,0,4,14,4,14,63.85404146634615,7.389948918269231
m5,img_3_14_11,microsam,10+20 clicks,1,0.14471568484139746,0,4,14,4,14,93.41297036797337,7.389948918269231
m5,img_3_14_11,rf_clicks,10+20 clicks,1,0.5644600184695568,6,1,8,7,14,4.029620469674556,7.389948918269231
m5,img_3_14_11,dino_clicks,10+20 clicks,2,0.711116879184106,9,2,5,11,14,5.96743250739645,7.389948918269231
m5,img_3_14_11,sam,10+20 clicks,2,0.14665680291350858,0,2,14,2,14,88.88134476701184,7.389948918269231
m5,img_3_14_11,microsam,10+20 clicks,2,0.15103740103740104,0,3,14,3,14,89.97622156989645,7.389948918269231
m5,img_3_14_11,rf_clicks,10+20 clicks,2,0.6683496998369975,6,3,8,9,14,7.144652598002958,7.389948918269231
m5,img_3_8_13,otsu,no input,0,0.3488431222984999,1,0,4,1,5,0.3964034763313609,1.8762712647928992
m5,img_3_8_13,dino_clicks,3+6 clicks,0,0.6960772528749449,4,2,1,6,5,1.7290645802514795,1.8762712647928992
m5,img_3_8_13,sam,3+6 clicks,0,0.03865068192097233,0,1,5,1,5,88.83598372781066,1.8762712647928992
m5,img_3_8_13,microsam,3+6 clicks,0,0.03693250888265511,0,1,5,1,5,99.72913392196746,1.8762712647928992
m5,img_3_8_13,rf_clicks,3+6 clicks,0,0.6456724703507444,2,0,3,2,5,0.9862414478550297,1.8762712647928992
m5,img_3_8_13,dino_clicks,3+6 clicks,1,0.5430965869188632,2,2,3,4,5,1.2092906342455623,1.8762712647928992
m5,img_3_8_13,sam,3+6 clicks,1,0.5431099873577749,1,2,4,3,5,2.1231566660502956,1.8762712647928992
m5,img_3_8_13,microsam,3+6 clicks,1,0.0379252746334012,0,1,5,1,5,81.06349967640533,1.8762712647928992
m5,img_3_8_13,rf_clicks,3+6 clicks,1,0.5891915168478846,2,0,3,2,5,0.8075420673076924,1.8762712647928992
m5,img_3_8_13,dino_clicks,3+6 clicks,2,0.5641378046545721,2,2,3,4,5,1.2770432692307692,1.8762712647928992
m5,img_3_8_13,sam,3+6 clicks,2,0.09892322048292565,1,2,4,3,5,25.680415588017752,1.8762712647928992
m5,img_3_8_13,microsam,3+6 clicks,2,0.03963078203988178,0,1,5,1,5,92.51239483173077,1.8762712647928992
m5,img_3_8_13,rf_clicks,3+6 clicks,2,0.34243429446287316,1,0,4,1,5,0.38831360946745563,1.8762712647928992
m5,img_3_8_13,dino_clicks,10+20 clicks,0,0.5607033848116258,2,2,3,4,5,1.2948120839497042,1.8762712647928992
m5,img_3_8_13,sam,10+20 clicks,0,0.05313677006061744,0,4,5,4,5,53.50869082840237,1.8762712647928992
m5,img_3_8_13,microsam,10+20 clicks,0,0.03722007213036769,0,1,5,1,5,98.94412791235207,1.8762712647928992
m5,img_3_8_13,rf_clicks,10+20 clicks,0,0.6146967545105465,2,0,3,2,5,0.8700940735946745,1.8762712647928992
m5,img_3_8_13,dino_clicks,10+20 clicks,1,0.5666340247485089,2,2,3,4,5,1.3692099667159765,1.8762712647928992
m5,img_3_8_13,sam,10+20 clicks,1,0.3241852487135506,2,6,3,8,5,4.524546967455621,1.8762712647928992
m5,img_3_8_13,microsam,10+20 clicks,1,0.03761236215364656,0,1,5,1,5,97.89258968195266,1.8762712647928992
m5,img_3_8_13,rf_clicks,10+20 clicks,1,0.5235206509499074,2,1,3,3,5,2.100620608357988,1.8762712647928992
m5,img_3_8_13,dino_clicks,10+20 clicks,2,0.659816320385426,4,3,1,7,5,1.9617927144970415,1.8762712647928992
m5,img_3_8_13,sam,10+20 clicks,2,0.39831862126944095,2,4,3,6,5,3.2788519323224854,1.8762712647928992
m5,img_3_8_13,microsam,10+20 clicks,2,0.039970260131489625,0,2,5,2,5,91.97095159948225,1.8762712647928992
m5,img_3_8_13,rf_clicks,10+20 clicks,2,0.3297325102880658,1,0,4,1,5,0.3704003328402367,1.8762712647928992
m5,img_3_5_7,otsu,no input,0,0.6070863433092535,1,0,1,1,2,0.6402551775147929,1.459498659393491
m5,img_3_5_7,dino_clicks,3+6 clicks,0,0.7938843545235085,1,1,1,2,2,1.0538496209319526,1.459498659393491
m5,img_3_5_7,sam,3+6 clicks,0,0.9141877583946758,2,0,0,2,2,1.4057588295118344,1.459498659393491
m5,img_3_5_7,microsam,3+6 clicks,0,0.20954857106912964,0,2,2,2,2,12.32014492418639,1.459498659393491
m5,img_3_5_7,rf_clicks,3+6 clicks,0,0.7830235236058563,1,1,1,2,2,1.1750531619822484,1.459498659393491
m5,img_3_5_7,dino_clicks,3+6 clicks,1,0.6746559390218082,1,2,1,3,2,1.9519693047337277,1.459498659393491
m5,img_3_5_7,sam,3+6 clicks,1,0.9074654472589015,2,0,0,2,2,1.3521634615384617,1.459498659393491
m5,img_3_5_7,microsam,3+6 clicks,1,0.39659261601707646,0,3,2,3,2,5.849696052144971,1.459498659393491
m5,img_3_5_7,rf_clicks,3+6 clicks,1,0.5821865176388403,1,0,1,1,2,0.6084735576923077,1.459498659393491
m5,img_3_5_7,dino_clicks,3+6 clicks,2,0.7662350597609562,1,1,1,2,2,1.4412964589497042,1.459498659393491
m5,img_3_5_7,sam,3+6 clicks,2,0.8968782518210198,2,0,0,2,2,1.3170592178254437,1.459498659393491
m5,img_3_5_7,microsam,3+6 clicks,2,0.5211206016966446,0,1,2,1,2,3.4959781804733727,1.459498659393491
m5,img_3_5_7,rf_clicks,3+6 clicks,2,0.7592375202638493,1,1,1,2,2,1.1247804178994083,1.459498659393491
m5,img_3_5_7,dino_clicks,10+20 clicks,0,0.695752009184845,1,0,1,1,2,0.9312014607988165,1.459498659393491
m5,img_3_5_7,sam,10+20 clicks,0,0.8201823036552803,2,0,0,2,2,1.6785029123520712,1.459498659393491
m5,img_3_5_7,microsam,10+20 clicks,0,0.8417277090174287,2,0,0,2,2,1.4001248150887573,1.459498659393491
m5,img_3_5_7,rf_clicks,10+20 clicks,0,0.6466472761575348,1,2,1,3,2,2.215901211168639,1.459498659393491
m5,img_3_5_7,dino_clicks,10+20 clicks,1,0.6897240062489152,1,2,1,3,2,1.8694815551035502,1.459498659393491
m5,img_3_5_7,sam,10+20 clicks,1,0.9195669769324161,2,0,0,2,2,1.3962243435650887,1.459498659393491
m5,img_3_5_7,microsam,10+20 clicks,1,0.31822772027265844,0,2,2,2,2,7.695919240014792,1.459498659393491
m5,img_3_5_7,rf_clicks,10+20 clicks,1,0.681848893128254,1,2,1,3,2,2.1753074149408285,1.459498659393491
m5,img_3_5_7,dino_clicks,10+20 clicks,2,0.5651577503429356,1,1,1,2,2,1.8051960059171597,1.459498659393491
m5,img_3_5_7,sam,10+20 clicks,2,0.9204826426664029,2,0,0,2,2,1.4618100499260356,1.459498659393491
m5,img_3_5_7,microsam,10+20 clicks,2,0.7925058548009367,1,1,1,2,2,1.624763082470414,1.459498659393491
m5,img_3_5_7,rf_clicks,10+20 clicks,2,0.6523854362837413,1,2,1,3,2,2.2225464589497044,1.459498659393491
m5,img_9_15_5,otsu,no input,0,0.20783969101245497,0,9,11,9,11,23.022316475591715,3.608369545118343
m5,img_9_15_5,dino_clicks,3+6 clicks,0,0.1549328170822871,1,22,10,23,11,11.465074889053255,3.608369545118343
m5,img_9_15_5,sam,3+6 clicks,0,0.06819457472095712,0,3,11,3,11,73.08963572485207,3.608369545118343
m5,img_9_15_5,microsam,3+6 clicks,0,0.07672126301397704,0,1,11,1,11,90.21877311390533,3.608369545118343
m5,img_9_15_5,rf_clicks,3+6 clicks,0,0.39426961630014634,1,3,10,4,11,3.0066856971153846,3.608369545118343
m5,img_9_15_5,dino_clicks,3+6 clicks,1,0.054274572164167804,0,6,11,6,11,11.653742141272188,3.608369545118343
m5,img_9_15_5,sam,3+6 clicks,1,0.03798459924030802,0,5,11,5,11,25.71407521264793,3.608369545118343
m5,img_9_15_5,microsam,3+6 clicks,1,0.07387427354598287,0,1,11,1,11,94.08110669378699,3.608369545118343
m5,img_9_15_5,rf_clicks,3+6 clicks,1,0.36223801834495845,0,5,11,5,11,5.069601747411243,3.608369545118343
m5,img_9_15_5,dino_clicks,3+6 clicks,2,0.23898661552470205,2,21,9,23,11,14.319208811020708,3.608369545118343
m5,img_9_15_5,sam,3+6 clicks,2,0.13682090226086152,0,10,11,10,11,21.349736501479292,3.608369545118343
m5,img_9_15_5,microsam,3+6 clicks,2,0.0763223553275886,0,1,11,1,11,90.82652436205622,3.608369545118343
m5,img_9_15_5,rf_clicks,3+6 clicks,2,0.040442809673578904,0,9,11,9,11,20.781278892381657,3.608369545118343
m5,img_9_15_5,dino_clicks,10+20 clicks,0,0.25361974571286366,1,11,10,12,11,21.933651534763314,3.608369545118343
m5,img_9_15_5,sam,10+20 clicks,0,0.1710033310987429,0,4,11,4,11,24.190291004068047,3.608369545118343
m5,img_9_15_5,microsam,10+20 clicks,0,0.08733106934585473,0,2,11,2,11,67.0915772928994,3.608369545118343
m5,img_9_15_5,rf_clicks,10+20 clicks,0,0.48088898432467253,1,2,10,3,11,1.7737033099112427,3.608369545118343
m5,img_9_15_5,dino_clicks,10+20 clicks,1,0.20470093947578574,0,16,11,16,11,24.792697161612427,3.608369545118343
m5,img_9_15_5,sam,10+20 clicks,1,0.29300737648369923,0,8,11,8,11,12.724782729289942,3.608369545118343
m5,img_9_15_5,microsam,10+20 clicks,1,0.0790063007667198,0,1,11,1,11,87.73547291050295,3.608369545118343
m5,img_9_15_5,rf_clicks,10+20 clicks,1,0.39610542879622346,1,4,10,5,11,3.7360738720414197,3.608369545118343
m5,img_9_15_5,dino_clicks,10+20 clicks,2,0.1670763431536251,0,14,11,14,11,36.708348742603555,3.608369545118343
m5,img_9_15_5,sam,10+20 clicks,2,0.3712590189130342,1,7,10,8,11,6.542824288091715,3.608369545118343
m5,img_9_15_5,microsam,10+20 clicks,2,0.08070840381343815,0,2,11,2,11,85.8090733635355,3.608369545118343
m5,img_9_15_5,rf_clicks,10+20 clicks,2,0.44558967125962895,0,3,11,3,11,1.7176520894970415,3.608369545118343
m5,img_3_12_16,otsu,no input,0,0.2962873499359888,2,4,5,6,7,9.02424648668639,2.936910595414201
m5,img_3_12_16,dino_clicks,3+6 clicks,0,0.49526355820868,3,7,4,10,7,3.330858219304734,2.936910595414201
m5,img_3_12_16,sam,3+6 clicks,0,0.07613715442525464,0,1,7,1,7,24.465202015532544,2.936910595414201
m5,img_3_12_16,microsam,3+6 clicks,0,0.05838673671236301,0,2,7,2,7,97.6254796135355,2.936910595414201
m5,img_3_12_16,rf_clicks,3+6 clicks,0,0.0,0,0,7,0,7,0.0,2.936910595414201
m5,img_3_12_16,dino_clicks,3+6 clicks,1,0.5514571662365456,2,2,5,4,7,1.653222078402367,2.936910595414201
m5,img_3_12_16,sam,3+6 clicks,1,0.08285964145168342,0,3,7,3,7,41.99536566198225,2.936910595414201
m5,img_3_12_16,microsam,3+6 clicks,1,0.0581541862571017,0,3,7,3,7,86.71990569526628,2.936910595414201
m5,img_3_12_16,rf_clicks,3+6 clicks,1,0.34340433847957785,1,0,6,1,7,0.7591473280325444,2.936910595414201
m5,img_3_12_16,dino_clicks,3+6 clicks,2,0.176593613244521,2,9,5,11,7,21.72230376294379,2.936910595414201
m5,img_3_12_16,sam,3+6 clicks,2,0.06111541260681965,0,4,7,4,7,77.85153360761834,2.936910595414201
m5,img_3_12_16,microsam,3+6 clicks,2,0.05738099371010603,0,1,7,1,7,99.42836422892012,2.936910595414201
m5,img_3_12_16,rf_clicks,3+6 clicks,2,0.4412219865879521,2,5,5,7,7,4.624370146079881,2.936910595414201
m5,img_3_12_16,dino_clicks,10+20 clicks,0,0.3565623414674549,3,12,4,15,7,11.016520663831361,2.936910595414201
m5,img_3_12_16,sam,10+20 clicks,0,0.13639972193542815,0,8,7,8,7,32.183079465606504,2.936910595414201
m5,img_3_12_16,microsam,10+20 clicks,0,0.05768750567511123,0,2,7,2,7,98.88446514423077,2.936910595414201
m5,img_3_12_16,rf_clicks,10+20 clicks,0,0.5400417718756819,2,1,5,3,7,1.6972829604289938,2.936910595414201
m5,img_3_12_16,dino_clicks,10+20 clicks,1,0.6544968206668388,5,4,2,9,7,3.219911473742604,2.936910595414201
m5,img_3_12_16,sam,10+20 clicks,1,0.07842481087832583,0,2,7,2,7,58.36261094674556,2.936910595414201
m5,img_3_12_16,microsam,10+20 clicks,1,0.05957836711032169,0,2,7,2,7,94.4987460706361,2.936910595414201
m5,img_3_12_16,rf_clicks,10+20 clicks,1,0.5452538036892419,2,1,5,3,7,2.427682368713018,2.936910595414201
m5,img_3_12_16,dino_clicks,10+20 clicks,2,0.5558103410015534,5,8,2,13,7,4.875011556952662,2.936910595414201
m5,img_3_12_16,sam,10+20 clicks,2,0.08935160218031803,0,3,7,3,7,44.47678786057692,2.936910595414201
m5,img_3_12_16,microsam,10+20 clicks,2,0.0593834493969168,0,2,7,2,7,94.99858427329882,2.936910595414201
m5,img_3_12_16,rf_clicks,10+20 clicks,2,0.4646548350712428,2,3,5,5,7,3.3389480861686387,2.936910595414201
m5,img_1_3_14,otsu,no input,0,0.33262369070935877,1,1,7,2,8,1.0019877958579881,2.3908445821005917
m5,img_1_3_14,dino_clicks,3+6 clicks,0,0.4022295054589483,3,13,5,16,8,4.529314210428994,2.3908445821005917
m5,img_1_3_14,sam,3+6 clicks,0,0.059113870123546956,0,2,8,2,8,45.08222771819527,2.3908445821005917
m5,img_1_3_14,microsam,3+6 clicks,0,0.15571228235390458,0,2,8,2,8,11.722072623890533,2.3908445821005917
m5,img_1_3_14,rf_clicks,3+6 clicks,0,0.5789246782041018,3,1,5,4,8,2.300411427514793,2.3908445821005917
m5,img_1_3_14,dino_clicks,3+6 clicks,1,0.47878135951976125,3,4,5,7,8,1.7724031527366864,2.3908445821005917
m5,img_1_3_14,sam,3+6 clicks,1,0.18385170122078498,0,8,8,8,8,19.063337879068047,2.3908445821005917
m5,img_1_3_14,microsam,3+6 clicks,1,0.06720933614804564,0,8,8,8,8,63.16683616863905,2.3908445821005917
m5,img_1_3_14,rf_clicks,3+6 clicks,1,0.38470169276550076,3,7,5,10,8,6.493129391642012,2.3908445821005917
m5,img_1_3_14,dino_clicks,3+6 clicks,2,0.5450706880301602,3,2,5,5,8,1.4410075351331362,2.3908445821005917
m5,img_1_3_14,sam,3+6 clicks,2,0.47371111435665253,1,1,7,2,8,1.5656781619822486,2.3908445821005917
m5,img_1_3_14,microsam,3+6 clicks,2,0.04775252936924824,0,2,8,2,8,97.7439383783284,2.3908445821005917
m5,img_1_3_14,rf_clicks,3+6 clicks,2,0.3452457875639942,1,0,7,1,8,0.5155845506656805,2.3908445821005917
m5,img_1_3_14,dino_clicks,10+20 clicks,0,0.27718038082284935,3,32,5,35,8,11.204754530325443,2.3908445821005917
m5,img_1_3_14,sam,10+20 clicks,0,0.5710273812309853,2,0,6,2,8,1.3128698224852071,2.3908445821005917
m5,img_1_3_14,microsam,10+20 clicks,0,0.06612721350238988,0,10,8,10,8,68.96712624815089,2.3908445821005917
m5,img_1_3_14,rf_clicks,10+20 clicks,0,0.557956557169753,3,2,5,5,8,2.7501213480029585,2.3908445821005917
m5,img_1_3_14,dino_clicks,10+20 clicks,1,0.48602610001154867,3,7,5,10,8,2.612738073224852,2.3908445821005917
m5,img_1_3_14,sam,10+20 clicks,1,0.16357760299042132,1,2,7,3,8,19.869579789201183,2.3908445821005917
m5,img_1_3_14,microsam,10+20 clicks,1,0.07214598336501073,0,5,8,5,8,63.88712324334319,2.3908445821005917
m5,img_1_3_14,rf_clicks,10+20 clicks,1,0.499181361891725,3,3,5,6,8,2.991372734837278,2.3908445821005917
m5,img_1_3_14,dino_clicks,10+20 clicks,2,0.4785995430899232,4,8,4,12,8,2.8576010077662723,2.3908445821005917
m5,img_1_3_14,sam,10+20 clicks,2,0.3680077391452797,0,3,8,3,8,2.6864136464497044,2.3908445821005917
m5,img_1_3_14,microsam,10+20 clicks,2,0.06097904219706603,0,5,8,5,8,69.97864852995562,2.3908445821005917
m5,img_1_3_14,rf_clicks,10+20 clicks,2,0.33795462067443827,1,2,7,3,8,1.5375080898668638,2.3908445821005917
m5,img_7_10_12,otsu,no input,0,0.5384076377332049,2,0,4,2,6,0.8894519693047337,2.409191244452663
m5,img_7_10_12,dino_clicks,3+6 clicks,0,0.7506967411095834,3,1,3,4,6,1.4784231693786982,2.409191244452663
m5,img_7_10_12,sam,3+6 clicks,0,0.5064741373466206,3,2,3,5,6,1.8527239737426033,2.409191244452663
m5,img_7_10_12,microsam,3+6 clicks,0,0.07748696199757157,1,5,5,6,6,39.11335059171598,2.409191244452663
m5,img_7_10_12,rf_clicks,3+6 clicks,0,0.6733405633881149,2,1,4,3,6,2.7858034393491127,2.409191244452663
m5,img_7_10_12,dino_clicks,3+6 clicks,1,0.46233981746104913,2,0,4,2,6,0.7247653938609467,2.409191244452663
m5,img_7_10_12,sam,3+6 clicks,1,0.13254379293276833,2,5,4,7,6,21.5232352533284,2.409191244452663
m5,img_7_10_12,microsam,3+6 clicks,1,0.05271534441039387,0,2,6,2,6,88.99460290310651,2.409191244452663
m5,img_7_10_12,rf_clicks,3+6 clicks,1,0.0,0,0,6,0,6,0.0,2.409191244452663
m5,img_7_10_12,dino_clicks,3+6 clicks,2,0.7407723794269443,3,1,3,4,6,1.6494660687869822,2.409191244452663
m5,img_7_10_12,sam,3+6 clicks,2,0.058097683584228614,0,1,6,1,6,77.42349297337277,2.409191244452663
m5,img_7_10_12,microsam,3+6 clicks,2,0.05588087332729651,0,4,6,4,6,83.73922314164201,2.409191244452663
m5,img_7_10_12,rf_clicks,3+6 clicks,2,0.6473507967796328,2,2,4,4,6,3.6736663276627217,2.409191244452663
m5,img_7_10_12,dino_clicks,10+20 clicks,0,0.6356481670268728,3,0,3,3,6,1.1334481323964496,2.409191244452663
m5,img_7_10_12,sam,10+20 clicks,0,0.19010084778633568,1,5,5,6,6,18.44764122596154,2.409191244452663
m5,img_7_10_12,microsam,10+20 clicks,0,0.07814298104205056,0,11,6,11,6,57.721200073964496,2.409191244452663
m5,img_7_10_12,rf_clicks,10+20 clicks,0,0.625123031496063,3,0,3,3,6,2.2875543176775146,2.409191244452663
m5,img_7_10_12,dino_clicks,10+20 clicks,1,0.7524480712166172,4,0,2,4,6,1.4855018028846154,2.409191244452663
m5,img_7_10_12,sam,10+20 clicks,1,0.5631547260686334,3,2,3,5,6,2.3898333487426036,2.409191244452663
m5,img_7_10_12,microsam,10+20 clicks,1,0.06362758294316846,0,4,6,4,6,72.07450189534023,2.409191244452663
m5,img_7_10_12,rf_clicks,10+20 clicks,1,0.5840949925787048,2,0,4,2,6,1.2893225314349113,2.409191244452663
m5,img_7_10_12,dino_clicks,10+20 clicks,2,0.7670679886685552,4,0,2,4,6,1.6704130454881658,2.409191244452663
m5,img_7_10_12,sam,10+20 clicks,2,0.5403684638309402,4,3,2,7,6,3.9893155972633134,2.409191244452663
m5,img_7_10_12,microsam,10+20 clicks,2,0.06788900106777682,0,9,6,9,6,67.13101539386095,2.409191244452663
m5,img_7_10_12,rf_clicks,10+20 clicks,2,0.650189783559818,3,1,3,4,6,2.576622596153846,2.409191244452663
m5,img_5_19_10,otsu,no input,0,0.08393003455523494,1,1,4,2,5,10.52101631841716,1.6445543639053255
m5,img_5_19_10,dino_clicks,3+6 clicks,0,0.35083769286802197,2,0,3,2,5,0.536964913091716,1.6445543639053255
m5,img_5_19_10,sam,3+6 clicks,0,0.056880726158598946,0,1,5,1,5,32.39803878513314,1.6445543639053255
m5,img_5_19_10,microsam,3+6 clicks,0,0.0547403751139022,0,1,5,1,5,58.44105376294378,1.6445543639053255
m5,img_5_19_10,rf_clicks,3+6 clicks,0,0.3259363077162657,1,3,4,4,5,2.0660942122781063,1.6445543639053255
m5,img_5_19_10,dino_clicks,3+6 clicks,1,0.5037958115183246,1,1,4,2,5,0.5628235946745562,1.6445543639053255
m5,img_5_19_10,sam,3+6 clicks,1,0.4705508250008833,3,5,2,8,5,2.4441510262573964,1.6445543639053255
m5,img_5_19_10,microsam,3+6 clicks,1,0.27482599180557155,0,2,5,2,5,7.134829188239646,1.6445543639053255
m5,img_5_19_10,rf_clicks,3+6 clicks,1,0.21495914519170334,1,4,4,5,5,2.722384661612426,1.6445543639053255
m5,img_5_19_10,dino_clicks,3+6 clicks,2,0.6582859766947936,2,0,3,2,5,0.872116540310651,1.6445543639053255
m5,img_5_19_10,sam,3+6 clicks,2,0.1615745014970189,0,2,5,2,5,15.098147420488164,1.6445543639053255
m5,img_5_19_10,microsam,3+6 clicks,2,0.06906404188903434,0,7,5,7,5,44.264284393491124,1.6445543639053255
m5,img_5_19_10,rf_clicks,3+6 clicks,2,0.3016894237445036,1,2,4,3,5,1.476545164571006,1.6445543639053255
m5,img_5_19_10,dino_clicks,10+20 clicks,0,0.47826996860830134,2,10,3,12,5,4.568030001849112,1.6445543639053255
m5,img_5_19_10,sam,10+20 clicks,0,0.12849835543642388,0,2,5,2,5,23.039074056952664,1.6445543639053255
m5,img_5_19_10,microsam,10+20 clicks,0,0.07015770693257242,0,2,5,2,5,45.237090883875744,1.6445543639053255
m5,img_5_19_10,rf_clicks,10+20 clicks,0,0.30034798804097435,1,6,4,7,5,7.19781458025148,1.6445543639053255
m5,img_5_19_10,dino_clicks,10+20 clicks,1,0.6683162748847149,2,0,3,2,5,0.9242672892011835,1.6445543639053255
m5,img_5_19_10,sam,10+20 clicks,1,0.2727096003776834,1,7,4,8,5,8.75930334689349,1.6445543639053255
m5,img_5_19_10,microsam,10+20 clicks,1,0.06445859367701058,0,1,5,1,5,49.382136418269226,1.6445543639053255
m5,img_5_19_10,rf_clicks,10+20 clicks,1,0.23895646042658206,1,4,4,5,5,2.453107664571006,1.6445543639053255
m5,img_5_19_10,dino_clicks,10+20 clicks,2,0.5333631509797893,4,8,1,12,5,3.5232814811390534,1.6445543639053255
m5,img_5_19_10,sam,10+20 clicks,2,0.30753955746075773,0,2,5,2,5,7.521842640532545,1.6445543639053255
m5,img_5_19_10,microsam,10+20 clicks,2,0.17832798556901808,0,4,5,4,5,16.454500277366865,1.6445543639053255
m5,img_5_19_10,rf_clicks,10+20 clicks,2,0.4564755202874682,2,2,3,4,5,3.179751063239645,1.6445543639053255
m5,img_7_9_8,otsu,no input,0,0.17307944845699277,1,0,11,1,12,0.38282405695266275,4.017485669378698
m5,img_7_9_8,dino_clicks,3+6 clicks,0,0.5313846077235266,4,0,8,4,12,1.7845379530325445,4.017485669378698
m5,img_7_9_8,sam,3+6 clicks,0,0.04623992246354465,0,3,12,3,12,28.773922892011832,4.017485669378698
m5,img_7_9_8,microsam,3+6 clicks,0,0.11653121026151379,1,5,11,6,12,48.24016503328402,4.017485669378698
m5,img_7_9_8,rf_clicks,3+6 clicks,0,0.6945403311025009,6,1,6,7,12,4.185061482988166,4.017485669378698
m5,img_7_9_8,dino_clicks,3+6 clicks,1,0.6663347981323812,8,5,4,13,12,4.398287259615385,4.017485669378698
m5,img_7_9_8,sam,3+6 clicks,1,0.06535671576595607,0,2,12,2,12,36.33043639053255,4.017485669378698
m5,img_7_9_8,microsam,3+6 clicks,1,0.09872127473404664,0,1,12,1,12,52.44660687869822,4.017485669378698
m5,img_7_9_8,rf_clicks,3+6 clicks,1,0.6523531875140933,6,1,6,7,12,4.951576368343195,4.017485669378698
m5,img_7_9_8,dino_clicks,3+6 clicks,2,0.6053243045873996,5,2,7,7,12,2.510603504068047,4.017485669378698
m5,img_7_9_8,sam,3+6 clicks,2,0.19971318838907479,0,5,12,5,12,4.746584920488166,4.017485669378698
m5,img_7_9_8,microsam,3+6 clicks,2,0.10380910643854362,1,4,11,5,12,60.59223603920118,4.017485669378698
m5,img_7_9_8,rf_clicks,3+6 clicks,2,0.646523689951838,6,3,6,9,12,6.510753744452663,4.017485669378698
m5,img_7_9_8,dino_clicks,10+20 clicks,0,0.7333555084819944,8,4,4,12,12,4.234322993713017,4.017485669378698
m5,img_7_9_8,sam,10+20 clicks,0,0.17051795727727928,1,3,11,4,12,27.747232109837277,4.017485669378698
m5,img_7_9_8,microsam,10+20 clicks,0,0.09590008201912395,0,3,12,3,12,79.46907359467455,4.017485669378698
m5,img_7_9_8,rf_clicks,10+20 clicks,0,0.6830338631651693,6,1,6,7,12,4.343969582100591,4.017485669378698
m5,img_7_9_8,dino_clicks,10+20 clicks,1,0.7422701733825101,8,4,4,12,12,4.364483173076923,4.017485669378698
m5,img_7_9_8,sam,10+20 clicks,1,0.10043549410190669,1,2,11,3,12,50.18548909023669,4.017485669378698
m5,img_7_9_8,microsam,10+20 clicks,1,0.08263001748571208,0,3,12,3,12,93.2228584966716,4.017485669378698
m5,img_7_9_8,rf_clicks,10+20 clicks,1,0.628711193623009,6,2,6,8,12,5.786999583949704,4.017485669378698
m5,img_7_9_8,dino_clicks,10+20 clicks,2,0.7229112761872966,8,4,4,12,12,4.63650494637574,4.017485669378698
m5,img_7_9_8,sam,10+20 clicks,2,0.12461536575498645,0,8,12,8,12,43.11812361316568,4.017485669378698
m5,img_7_9_8,microsam,10+20 clicks,2,0.08180831379562924,0,2,12,2,12,94.19956545857988,4.017485669378698
m5,img_7_9_8,rf_clicks,10+20 clicks,2,0.6278747822980396,5,3,7,8,12,5.687320867233728,4.017485669378698
m5,img_1_19_3,otsu,no input,0,0.0024580090126997134,0,1,1,1,1,2.820975654910673,0.003471257983893363
m5,img_1_19_3,dino_clicks,3+6 clicks,0,0.017843866171003718,0,1,1,1,1,0.38559890771082106,0.003471257983893363
m5,img_1_19_3,sam,3+6 clicks,0,0.03513909224011713,0,1,1,1,1,0.19410117559937054,0.003471257983893363
m5,img_1_19_3,microsam,3+6 clicks,0,0.0,0,0,1,0,1,0.0,0.003471257983893363
m5,img_1_19_3,rf_clicks,3+6 clicks,0,0.0,0,1,1,1,1,0.7220216606498195,0.003471257983893363
m5,img_1_19_3,dino_clicks,3+6 clicks,1,0.006423982869379015,0,2,1,2,1,1.0772470610015736,0.003471257983893363
m5,img_1_19_3,sam,3+6 clicks,1,0.018597442851607904,0,1,1,1,1,0.36983361103397205,0.003471257983893363
m5,img_1_19_3,microsam,3+6 clicks,1,0.0,0,0,1,0,1,0.0,0.003471257983893363
m5,img_1_19_3,rf_clicks,3+6 clicks,1,0.0019246190858059342,0,3,1,3,1,3.6037443302786265,0.003471257983893363
m5,img_1_19_3,dino_clicks,3+6 clicks,2,0.0117618230825778,0,1,1,1,1,0.5867872350273072,0.003471257983893363
m5,img_1_19_3,sam,3+6 clicks,2,0.036458333333333336,0,1,1,1,1,0.16314912524298805,0.003471257983893363
m5,img_1_19_3,microsam,3+6 clicks,2,0.0038706555922909443,0,2,1,2,1,1.790156669443673,0.003471257983893363
m5,img_1_19_3,rf_clicks,3+6 clicks,2,0.004756713903478347,0,2,1,2,1,1.4560480884939369,0.003471257983893363
m5,img_1_19_3,dino_clicks,10+20 clicks,0,0.02902055622732769,0,1,1,1,1,0.2357562714060909,0.003471257983893363
m5,img_1_19_3,sam,10+20 clicks,0,0.015857284440039643,0,1,1,1,1,0.43434115523465705,0.003471257983893363
m5,img_1_19_3,microsam,10+20 clicks,0,0.0,0,0,1,0,1,0.0,0.003471257983893363
m5,img_1_19_3,rf_clicks,10+20 clicks,0,0.0,0,0,1,0,1,0.0,0.003471257983893363
m5,img_1_19_3,dino_clicks,10+20 clicks,1,0.02577873254564984,0,1,1,1,1,0.26584050726650005,0.003471257983893363
m5,img_1_19_3,sam,10+20 clicks,1,0.012628255722178374,0,1,1,1,1,0.5462892252152179,0.003471257983893363
m5,img_1_19_3,microsam,10+20 clicks,1,0.0,0,0,1,0,1,0.0,0.003471257983893363
m5,img_1_19_3,rf_clicks,10+20 clicks,1,0.0,0,1,1,1,1,0.842358604091456,0.003471257983893363
m5,img_1_19_3,dino_clicks,10+20 clicks,2,0.0,0,0,1,0,1,0.0,0.003471257983893363
m5,img_1_19_3,sam,10+20 clicks,2,0.0138328530259366,0,1,1,1,1,0.49841479218735535,0.003471257983893363
m5,img_1_19_3,microsam,10+20 clicks,2,0.0,0,0,1,0,1,0.0,0.003471257983893363
m5,img_1_19_3,rf_clicks,10+20 clicks,2,0.0,0,1,1,1,1,0.7220216606498195,0.003471257983893363
m5,img_1_12_0,otsu,no input,0,0.0,0,1,1,1,1,10.924642890162723,0.2528083394970414
m5,img_1_12_0,dino_clicks,3+6 clicks,0,0.35237873134328357,0,3,1,3,1,0.9860969859467457,0.2528083394970414
m5,img_1_12_0,sam,3+6 clicks,0,0.2628603206970062,1,5,0,6,1,1.30579118897929,0.2528083394970414
m5,img_1_12_0,microsam,3+6 clicks,0,0.6806417112299465,1,1,0,2,1,0.4225510817307692,0.2528083394970414
m5,img_1_12_0,rf_clicks,3+6 clicks,0,0.0,0,0,1,0,1,0.0,0.2528083394970414
m5,img_1_12_0,dino_clicks,3+6 clicks,1,0.22763765541740674,0,6,1,6,1,1.7804930196005917,0.2528083394970414
m5,img_1_12_0,sam,3+6 clicks,1,0.4013566986998304,1,2,0,3,1,0.7694041235207101,0.2528083394970414
m5,img_1_12_0,microsam,3+6 clicks,1,0.48582175925925924,1,1,0,2,1,0.7457123705621301,0.2528083394970414
m5,img_1_12_0,rf_clicks,3+6 clicks,1,0.0,0,0,1,0,1,0.0,0.2528083394970414
m5,img_1_12_0,dino_clicks,3+6 clicks,2,0.0,0,2,1,2,1,0.37430080436390534,0.2528083394970414
m5,img_1_12_0,sam,3+6 clicks,2,0.4307116104868914,1,2,0,3,1,0.6729035687869822,0.2528083394970414
m5,img_1_12_0,microsam,3+6 clicks,2,0.5463867969876622,1,1,0,2,1,0.6487784301035503,0.2528083394970414
m5,img_1_12_0,rf_clicks,3+6 clicks,2,0.06670435274166196,1,7,0,8,1,6.902678901627218,0.2528083394970414
m5,img_1_12_0,dino_clicks,10+20 clicks,0,0.0,0,1,1,1,1,0.15558547522189348,0.2528083394970414
m5,img_1_12_0,sam,10+20 clicks,0,0.0,0,0,1,0,1,0.0,0.2528083394970414
m5,img_1_12_0,microsam,10+20 clicks,0,0.7378421171680615,1,0,0,1,1,0.3858577570266272,0.2528083394970414
m5,img_1_12_0,rf_clicks,10+20 clicks,0,0.0,0,0,1,0,1,0.0,0.2528083394970414
m5,img_1_12_0,dino_clicks,10+20 clicks,1,0.4166666666666667,1,2,0,3,1,0.5099505362426036,0.2528083394970414
m5,img_1_12_0,sam,10+20 clicks,1,0.2500396384969082,1,2,0,3,1,1.569434171597633,0.2528083394970414
m5,img_1_12_0,microsam,10+20 clicks,1,0.8844884488448845,1,0,0,1,1,0.2724551590236686,0.2528083394970414
m5,img_1_12_0,rf_clicks,10+20 clicks,1,0.0,0,1,1,1,1,0.4450871394230769,0.2528083394970414
m5,img_1_12_0,dino_clicks,10+20 clicks,2,0.39005942733657484,1,2,0,3,1,0.549388637204142,0.2528083394970414
m5,img_1_12_0,sam,10+20 clicks,2,0.6544707091469681,0,1,1,1,1,0.44999884430473375,0.2528083394970414
m5,img_1_12_0,microsam,10+20 clicks,2,0.9144698301113063,1,0,0,1,1,0.2403846153846154,0.2528083394970414
m5,img_1_12_0,rf_clicks,10+20 clicks,2,0.09525364685390812,0,8,1,8,1,5.055300018491124,0.2528083394970414
m5,img_3_5_13,otsu,no input,0,0.45988398272984926,2,1,6,3,8,1.3590976331360947,4.094772790310651
m5,img_3_5_13,dino_clicks,3+6 clicks,0,0.5627212135141347,4,11,4,15,8,5.333533653846153,4.094772790310651
m5,img_3_5_13,sam,3+6 clicks,0,0.14313730640261252,0,2,8,2,8,28.90581661427515,4.094772790310651
m5,img_3_5_13,microsam,3+6 clicks,0,0.10239875727032983,0,7,8,7,8,75.88222887389054,4.094772790310651
m5,img_3_5_13,rf_clicks,3+6 clicks,0,0.6179355000942981,4,3,4,7,8,5.097049509985207,4.094772790310651
m5,img_3_5_13,dino_clicks,3+6 clicks,1,0.4808014242818803,2,2,6,4,8,1.3417622041420119,4.094772790310651
m5,img_3_5_13,sam,3+6 clicks,1,0.2360003385570957,0,4,8,4,8,18.093565088757398,4.094772790310651
m5,img_3_5_13,microsam,3+6 clicks,1,0.12569020275176815,0,5,8,5,8,48.623566937869825,4.094772790310651
m5,img_3_5_13,rf_clicks,3+6 clicks,1,0.47373075322513525,2,1,6,3,8,1.459498659393491,4.094772790310651
m5,img_3_5_13,dino_clicks,3+6 clicks,2,0.6858409830290723,4,4,4,8,8,2.876814441568047,4.094772790310651
m5,img_3_5_13,sam,3+6 clicks,2,0.16828380557475237,0,3,8,3,8,27.260684402736686,4.094772790310651
m5,img_3_5_13,microsam,3+6 clicks,2,0.18008792109878596,1,11,7,12,8,27.616783006656803,4.094772790310651
m5,img_3_5_13,rf_clicks,3+6 clicks,2,0.0,0,0,8,0,8,0.0,4.094772790310651
m5,img_3_5_13,dino_clicks,10+20 clicks,0,0.7169654369255085,5,3,3,8,8,2.8518225314349115,4.094772790310651
m5,img_3_5_13,sam,10+20 clicks,0,0.392017380270317,2,2,6,4,8,3.4191244452662723,4.094772790310651
m5,img_3_5_13,microsam,10+20 clicks,0,0.1380928751096955,0,10,8,10,8,55.002715883875744,4.094772790310651
m5,img_3_5_13,rf_clicks,10+20 clicks,0,0.6205256418074273,4,4,4,8,8,5.381350545488166,4.094772790310651
m5,img_3_5_13,dino_clicks,10+20 clicks,1,0.7053023570733359,4,4,4,8,8,2.7327859190088755,4.094772790310651
m5,img_3_5_13,sam,10+20 clicks,1,0.34794271493077805,1,4,7,5,8,5.59905464127219,4.094772790310651
m5,img_3_5_13,microsam,10+20 clicks,1,0.11035345124780152,0,6,8,6,8,70.07529354659763,4.094772790310651
m5,img_3_5_13,rf_clicks,10+20 clicks,1,0.6223259299632102,4,3,4,7,8,4.386874768860947,4.094772790310651
m5,img_3_5_13,dino_clicks,10+20 clicks,2,0.7489524320337904,7,5,1,12,8,4.524113581730769,4.094772790310651
m5,img_3_5_13,sam,10+20 clicks,2,0.2510944097935149,1,5,7,6,8,10.821208163831361,4.094772790310651
m5,img_3_5_13,microsam,10+20 clicks,2,0.17905287683025983,0,3,8,3,8,38.19182807877219,4.094772790310651
m5,img_3_5_13,rf_clicks,10+20 clicks,2,0.6881378494305576,4,2,4,6,8,3.7188829049556213,4.094772790310651
m5,img_5_8_10,otsu,no input,0,0.34492101925515967,2,0,9,2,11,0.8643155972633136,4.147356924926036
m5,img_5_8_10,dino_clicks,3+6 clicks,0,0.5974195798099555,5,2,6,7,11,2.4811332747781063,4.147356924926036
m5,img_5_8_10,sam,3+6 clicks,0,0.09263902215894045,0,3,11,3,11,37.85682091346153,4.147356924926036
m5,img_5_8_10,microsam,3+6 clicks,0,0.14065194095377234,2,5,9,7,11,34.81214173446745,4.147356924926036
m5,img_5_8_10,rf_clicks,3+6 clicks,0,0.6173254566703489,6,3,5,9,11,4.876167252218934,4.147356924926036
m5,img_5_8_10,dino_clicks,3+6 clicks,1,0.6957284484517156,6,2,5,8,11,2.9344547429733727,4.147356924926036
m5,img_5_8_10,sam,3+6 clicks,1,0.12679766236195972,0,3,11,3,11,25.194445728550296,4.147356924926036
m5,img_5_8_10,microsam,3+6 clicks,1,0.0934279353294551,0,3,11,3,11,84.03464774408283,4.147356924926036
m5,img_5_8_10,rf_clicks,3+6 clicks,1,0.6035074921734902,6,3,5,9,11,5.35852556397929,4.147356924926036
m5,img_5_8_10,dino_clicks,3+6 clicks,2,0.6957789522380946,9,7,2,16,11,6.157544378698225,4.147356924926036
m5,img_5_8_10,sam,3+6 clicks,2,0.33935693534886013,3,3,8,6,11,1.720396865754438,4.147356924926036
m5,img_5_8_10,microsam,3+6 clicks,2,0.17478993804896956,0,3,11,3,11,17.842201368343193,4.147356924926036
m5,img_5_8_10,rf_clicks,3+6 clicks,2,0.4464830005978458,1,11,10,12,11,10.592524963017752,4.147356924926036
m5,img_5_8_10,dino_clicks,10+20 clicks,0,0.7436863543788187,7,4,4,11,11,4.364338711168639,4.147356924926036
m5,img_5_8_10,sam,10+20 clicks,0,0.12086774050831581,2,2,9,4,11,54.30063100961539,4.147356924926036
m5,img_5_8_10,microsam,10+20 clicks,0,0.10394053713532653,0,6,11,6,11,75.65513475406804,4.147356924926036
m5,img_5_8_10,rf_clicks,10+20 clicks,0,0.6800105346326046,6,2,5,8,11,5.177514792899409,4.147356924926036
m5,img_5_8_10,dino_clicks,10+20 clicks,1,0.7127896743913171,8,6,3,14,11,5.702055981878698,4.147356924926036
m5,img_5_8_10,sam,10+20 clicks,1,0.11757131068701086,1,2,10,3,11,50.82299949149408,4.147356924926036
m5,img_5_8_10,microsam,10+20 clicks,1,0.09842045269500081,0,1,11,1,11,80.13099805843196,4.147356924926036
m5,img_5_8_10,rf_clicks,10+20 clicks,1,0.6745100831212288,6,2,5,8,11,3.968946468195266,4.147356924926036
m5,img_5_8_10,dino_clicks,10+20 clicks,2,0.7608589995139776,7,3,4,10,11,3.8779354659763317,4.147356924926036
m5,img_5_8_10,sam,10+20 clicks,2,0.17656878959028927,3,5,8,8,11,32.88920927329882,4.147356924926036
m5,img_5_8_10,microsam,10+20 clicks,2,0.10778971502698137,0,3,11,3,11,72.47032752403845,4.147356924926036
m5,img_5_8_10,rf_clicks,10+20 clicks,2,0.7535744995700602,6,0,5,6,11,3.076749722633136,4.147356924926036
m5,img_1_5_11,otsu,no input,0,0.5971933861970633,2,2,4,4,6,1.7923388960798818,3.9828148113905324
m5,img_1_5_11,dino_clicks,3+6 clicks,0,0.7154315046519089,5,1,1,6,6,2.771501710428994,3.9828148113905324
m5,img_1_5_11,sam,3+6 clicks,0,0.5633973907339472,3,0,3,3,6,1.9633817954881658,3.9828148113905324
m5,img_1_5_11,microsam,3+6 clicks,0,0.4930928626247122,2,2,4,4,6,2.040668916420118,3.9828148113905324
m5,img_1_5_11,rf_clicks,3+6 clicks,0,0.6781571956197758,4,0,2,4,6,2.7056270802514795,3.9828148113905324
m5,img_1_5_11,dino_clicks,3+6 clicks,1,0.7408697094059611,5,1,1,6,6,2.9868944156804735,3.9828148113905324
m5,img_1_5_11,sam,3+6 clicks,1,0.4480902621385461,2,5,4,7,6,8.846558339497042,3.9828148113905324
m5,img_1_5_11,microsam,3+6 clicks,1,0.11474639483414288,0,3,6,3,6,59.03854821560651,3.9828148113905324
m5,img_1_5_11,rf_clicks,3+6 clicks,1,0.7609030931368349,4,0,2,4,6,2.7612449149408285,3.9828148113905324
m5,img_1_5_11,dino_clicks,3+6 clicks,2,0.7701921210945081,5,1,1,6,6,3.4613073224852067,3.9828148113905324
m5,img_1_5_11,sam,3+6 clicks,2,0.4248183055548422,2,4,4,6,6,7.267589681952663,3.9828148113905324
m5,img_1_5_11,microsam,3+6 clicks,2,0.16035541937954806,2,7,4,9,6,43.16594050480769,3.9828148113905324
m5,img_1_5_11,rf_clicks,3+6 clicks,2,0.6030854009520822,1,7,5,8,6,6.608121070636094,3.9828148113905324
m5,img_1_5_11,dino_clicks,10+20 clicks,0,0.7526944852170266,5,1,1,6,6,2.906573594674556,3.9828148113905324
m5,img_1_5_11,sam,10+20 clicks,0,0.6956014467390036,3,3,3,6,6,4.684466299926036,3.9828148113905324
m5,img_1_5_11,microsam,10+20 clicks,0,0.6405285546203277,3,4,3,7,6,3.997983311760355,3.9828148113905324
m5,img_1_5_11,rf_clicks,10+20 clicks,0,0.7466407504436745,4,0,2,4,6,2.8548562315088755,3.9828148113905324
m5,img_1_5_11,dino_clicks,10+20 clicks,1,0.7473589898526869,5,1,1,6,6,2.9503455528846154,3.9828148113905324
m5,img_1_5_11,sam,10+20 clicks,1,0.18948870437039714,0,3,6,3,6,26.79436136279586,3.9828148113905324
m5,img_1_5_11,microsam,10+20 clicks,1,0.4493548576001874,1,3,5,4,6,10.818463387573965,3.9828148113905324
m5,img_1_5_11,rf_clicks,10+20 clicks,1,0.771650167589056,4,0,2,4,6,3.430392474112426,3.9828148113905324
m5,img_1_5_11,dino_clicks,10+20 clicks,2,0.7548105739619287,5,1,1,6,6,3.0066856971153846,3.9828148113905324
m5,img_1_5_11,sam,10+20 clicks,2,0.4468599307879957,2,2,4,4,6,8.749335475221894,3.9828148113905324
m5,img_1_5_11,microsam,10+20 clicks,2,0.38549417679157133,2,13,4,15,6,15.528643907174555,3.9828148113905324
m5,img_1_5_11,rf_clicks,10+20 clicks,2,0.7549254090885628,5,0,1,5,6,4.412877912352071,3.9828148113905324
m5,img_7_8_10,dino_labels,labels from same batch,0,0.8477813265024886,8,1,2,9,10,4.584209735576923,4.326345229289941
m5,img_7_8_10,rf_labels,labels from same batch,0,0.8527767825152275,7,0,3,7,10,3.73751849112426,4.326345229289941
m5,img_1_2_9,dino_labels,labels from same batch,0,0.7301066447908121,1,5,6,6,7,4.043055427144971,3.529204419378698
m5,img_1_2_9,rf_labels,labels from same batch,0,0.7643569911433495,1,2,6,3,7,3.680311575443787,3.529204419378698
m5,img_3_13_14,dino_labels,labels from same batch,0,0.5969882007254029,3,0,6,3,9,2.3096569896449703,3.9833926590236683
m5,img_3_13_14,rf_labels,labels from same batch,0,0.40790782685144483,3,12,6,15,9,8.504761464497042,3.9833926590236683
m5,img_1_5_17,dino_labels,labels from same batch,0,0.5149413531912174,3,5,2,8,5,2.8797036797337277,1.6403649685650885
m5,img_1_5_17,rf_labels,labels from same batch,0,0.2684224205145976,3,8,2,11,5,6.697254068047337,1.6403649685650885
m5,img_7_7_2,dino_labels,labels from same batch,0,0.374906470287087,2,7,0,9,2,2.873058431952663,0.7952628051035504
m5,img_7_7_2,rf_labels,labels from same batch,0,0.5430573702339946,1,0,1,1,2,0.42096200073964496,0.7952628051035504
m5,img_9_11_2,dino_labels,labels from same batch,0,0.5974235754956992,1,2,6,3,7,1.2663530880177516,2.3109571468195265
m5,img_9_11_2,rf_labels,labels from same batch,0,0.09486860679262216,0,14,7,14,7,44.04788045488166,2.3109571468195265
m5,img_3_14_11,dino_labels,labels from same batch,0,0.5512417025136401,4,4,10,8,14,3.1215329142011834,7.389948918269231
m5,img_3_14_11,rf_labels,labels from same batch,0,0.7239462033948092,7,5,7,12,14,6.380449103180473,7.389948918269231
m5,img_3_8_13,dino_labels,labels from same batch,0,0.5843101361126694,4,3,1,7,5,3.016509106878698,1.8762712647928992
m5,img_3_8_13,rf_labels,labels from same batch,0,0.5472611942630379,3,4,2,7,5,2.74694318602071,1.8762712647928992
m5,img_3_5_7,dino_labels,labels from same batch,0,0.6705034844569728,2,2,0,4,2,2.2303474019970415,1.459498659393491
m5,img_3_5_7,rf_labels,labels from same batch,0,0.7723290887744966,2,1,0,3,2,1.739754761464497,1.459498659393491
m5,img_9_15_5,dino_labels,labels from same batch,0,0.4990171300196574,1,4,10,5,11,2.564776719674556,3.608369545118343
m5,img_9_15_5,rf_labels,labels from same batch,0,0.13365395682781833,0,11,11,11,11,42.82992210613905,3.608369545118343
m5,img_3_12_16,dino_labels,labels from same batch,0,0.6259970457902511,3,2,4,5,7,1.953125,2.936910595414201
m5,img_3_12_16,rf_labels,labels from same batch,0,0.20605810838656502,1,15,6,16,7,22.301740477071004,2.936910595414201
m5,img_1_3_14,dino_labels,labels from same batch,0,0.47396678165908934,2,9,6,11,8,3.9323976053994083,2.3908445821005917
m5,img_1_3_14,rf_labels,labels from same batch,0,0.5329081499294265,3,3,5,6,8,3.1359791050295858,2.3908445821005917
m5,img_7_10_12,dino_labels,labels from same batch,0,0.7837615330021291,5,1,1,6,6,2.679479474852071,2.409191244452663
m5,img_7_10_12,rf_labels,labels from same batch,0,0.681926237859132,3,1,3,4,6,1.844634106878698,2.409191244452663
m5,img_5_19_10,dino_labels,labels from same batch,0,0.6832682531496354,3,3,2,6,5,2.277008598372781,1.6445543639053255
m5,img_5_19_10,rf_labels,labels from same batch,0,0.1652133274059889,2,2,3,4,5,11.028944387943787,1.6445543639053255
m5,img_7_9_8,dino_labels,labels from same batch,0,0.7919176972131206,9,3,3,12,12,4.18303901627219,4.017485669378698
m5,img_7_9_8,rf_labels,labels from same batch,0,0.7970998201438849,8,1,4,9,12,3.693313147189349,4.017485669378698
m5,img_1_19_3,dino_labels,labels from same batch,0,0.0,0,0,1,0,1,0.0,0.003471257983893363
m5,img_1_19_3,rf_labels,labels from same batch,0,0.0018787428079376884,0,1,1,1,1,3.6918275016199202,0.003471257983893363
m5,img_1_12_0,dino_labels,labels from same batch,0,0.0,0,2,1,2,1,0.8321005917159764,0.2528083394970414
m5,img_1_12_0,rf_labels,labels from same batch,0,0.0,0,5,1,5,1,4.775477302144971,0.2528083394970414
m5,img_3_5_13,dino_labels,labels from same batch,0,0.7756986966784114,6,3,2,9,8,4.351337139423077,4.094772790310651
m5,img_3_5_13,rf_labels,labels from same batch,0,0.747350240887192,6,2,2,8,8,3.8513544748520707,4.094772790310651
m5,img_5_8_10,dino_labels,labels from same batch,0,0.7373212977253948,7,2,4,9,11,5.118863258136094,4.147356924926036
m5,img_5_8_10,rf_labels,labels from same batch,0,0.7441961670432672,7,4,4,11,11,4.483519785502959,4.147356924926036
m5,img_1_5_11,dino_labels,labels from same batch,0,0.7653941881889,5,2,1,7,6,4.955621301775148,3.9828148113905324
m5,img_1_5_11,rf_labels,labels from same batch,0,0.747572981181007,5,3,1,8,6,4.484242095044379,3.9828148113905324
m5,img_7_8_10,dino_labels,labels from other batches,0,0.7938229444215109,7,0,3,7,10,3.3726077107988166,4.326345229289941
m5,img_7_8_10,rf_labels,labels from other batches,0,0.8377404073004548,7,0,3,7,10,3.3276800573224854,4.326345229289941
m5,img_1_2_9,dino_labels,labels from other batches,0,0.7609587562081623,1,3,6,4,7,3.160826553254438,3.529204419378698
m5,img_1_2_9,rf_labels,labels from other batches,0,0.768483606557377,1,2,6,3,7,3.520536704881657,3.529204419378698
m5,img_3_13_14,dino_labels,labels from other batches,0,0.5747889458113861,3,0,6,3,9,2.0229001017011834,3.9833926590236683
m5,img_3_13_14,rf_labels,labels from other batches,0,0.5034367238491307,4,9,5,13,9,6.020883413461538,3.9833926590236683
m5,img_1_5_17,dino_labels,labels from other batches,0,0.5293344485601625,3,4,2,7,5,1.9866401627218935,1.6403649685650885
m5,img_1_5_17,rf_labels,labels from other batches,0,0.2869070464262869,2,5,3,7,5,2.650587093195266,1.6403649685650885
m5,img_7_7_2,dino_labels,labels from other batches,0,0.49359064656993945,1,4,1,5,2,1.2558073687130178,0.7952628051035504
m5,img_7_7_2,rf_labels,labels from other batches,0,0.4896254378873619,1,0,1,1,2,0.27693347818047337,0.7952628051035504
m5,img_9_11_2,dino_labels,labels from other batches,0,0.36090605723531194,1,1,6,2,7,0.5462104752218935,2.3109571468195265
m5,img_9_11_2,rf_labels,labels from other batches,0,0.3876405219478827,1,10,6,11,7,8.881807045118343,2.3109571468195265
m5,img_3_14_11,dino_labels,labels from other batches,0,0.4284888496759865,2,6,12,8,14,2.106688008505917,7.389948918269231
m5,img_3_14_11,rf_labels,labels from other batches,0,0.6938683192726122,9,2,5,11,14,5.384239783653847,7.389948918269231
m5,img_3_8_13,dino_labels,labels from other batches,0,0.6751566875583411,5,3,0,8,5,2.4570081360946747,1.8762712647928992
m5,img_3_8_13,rf_labels,labels from other batches,0,0.6037474482356372,3,3,2,6,5,2.086607803254438,1.8762712647928992
m5,img_3_5_7,dino_labels,labels from other batches,0,0.7390767477203647,1,2,1,3,2,1.5822912814349115,1.459498659393491
m5,img_3_5_7,rf_labels,labels from other batches,0,0.8453996236505893,2,0,0,2,2,1.4577651164940828,1.459498659393491
m5,img_9_15_5,dino_labels,labels from other batches,0,0.35592022371777143,0,3,11,3,11,1.092565412352071,3.608369545118343
m5,img_9_15_5,rf_labels,labels from other batches,0,0.2934780735762902,0,6,11,6,11,13.159324149408283,3.608369545118343
m5,img_3_12_16,dino_labels,labels from other batches,0,0.5121583298135521,2,3,5,5,7,1.8514238165680472,2.936910595414201
m5,img_3_12_16,rf_labels,labels from other batches,0,0.4282121937630814,4,8,3,12,7,6.656949195636094,2.936910595414201
m5,img_1_3_14,dino_labels,labels from other batches,0,0.5190332663540969,3,5,5,8,8,2.7855145155325447,2.3908445821005917
m5,img_1_3_14,rf_labels,labels from other batches,0,0.5681427403669983,3,2,5,5,8,2.734230538091716,2.3908445821005917
m5,img_7_10_12,dino_labels,labels from other batches,0,0.7539482719157702,4,0,2,4,6,2.008887296597633,2.409191244452663
m5,img_7_10_12,rf_labels,labels from other batches,0,0.7202626299471092,3,0,3,3,6,1.5512319711538463,2.409191244452663
m5,img_5_19_10,dino_labels,labels from other batches,0,0.6792652027027027,2,0,3,2,5,1.092132026627219,1.6445543639053255
m5,img_5_19_10,rf_labels,labels from other batches,0,0.44533802462930383,2,5,3,7,5,2.953957100591716,1.6445543639053255
m5,img_7_9_8,dino_labels,labels from other batches,0,0.7393227801656358,7,2,5,9,12,2.8726250462278107,4.017485669378698
m5,img_7_9_8,rf_labels,labels from other batches,0,0.7764573194928883,7,0,5,7,12,2.899206037352071,4.017485669378698
m5,img_1_19_3,dino_labels,labels from other batches,0,0.0,0,0,1,0,1,0.0,0.003471257983893363
m5,img_1_19_3,rf_labels,labels from other batches,0,0.0026883225987118452,0,1,1,1,1,2.5790000462834395,0.003471257983893363
m5,img_1_12_0,dino_labels,labels from other batches,0,0.0,0,0,1,0,1,0.0,0.2528083394970414
m5,img_1_12_0,rf_labels,labels from other batches,0,0.0,0,2,1,2,1,1.1041223650147929,0.2528083394970414
m5,img_3_5_13,dino_labels,labels from other batches,0,0.7247700859019707,6,2,2,8,8,3.05248012204142,4.094772790310651
m5,img_3_5_13,rf_labels,labels from other batches,0,0.7433005359571234,5,1,3,6,8,3.1289004715236683,4.094772790310651
m5,img_5_8_10,dino_labels,labels from other batches,0,0.72215233839626,7,3,4,10,11,3.547117696005917,4.147356924926036
m5,img_5_8_10,rf_labels,labels from other batches,0,0.759991256512077,7,3,4,10,11,3.7833129160502956,4.147356924926036
m5,img_1_5_11,dino_labels,labels from other batches,0,0.7564264796268846,5,2,1,7,6,4.008529031065089,3.9828148113905324
m5,img_1_5_11,rf_labels,labels from other batches,0,0.7946659302073265,5,0,1,5,6,3.340392705251479,3.9828148113905324
