image,camera,method,condition,seed,official,n_cells,tp,fp,fn,n_pred,dice_local,dice_nucleus,dice_cytoplasm
102,nikon,otsu,no input,0,0.1644046629787868,8,1,657,7,658,0.8838476744235907,,
102,nikon,dino_labels,5 labelled training images,0,0.5800470776418267,8,4,15,4,19,0.9524310223204184,,
102,nikon,dino_clicks,3+6 clicks,0,0.2348697106451888,8,2,75,6,77,0.8663043832757159,,
102,nikon,sam,3+6 clicks,0,0.3017606294340604,8,2,136,6,138,0.8306611309466131,,
102,nikon,microsam,3+6 clicks,0,0.408537603072174,8,2,103,6,105,0.7838487811725073,,
102,nikon,rf_clicks,3+6 clicks,0,0.4428302588398086,8,3,142,5,145,0.8718725735229909,,
102,nikon,dino_multi,3+6 clicks,0,0.3606415403033602,8,1,77,7,78,0.6327980169120748,0.3909683893627697,0.4422353499122859
102,nikon,dino_clicks,3+6 clicks,1,0.8049165521125596,8,8,32,0,40,0.9011972438799768,,
102,nikon,sam,3+6 clicks,1,0.3536629209476852,8,3,42,5,45,0.6039177682239183,,
102,nikon,microsam,3+6 clicks,1,0.035201678958199,8,0,204,8,204,0.8889367478270834,,
102,nikon,rf_clicks,3+6 clicks,1,0.151180778642933,8,0,519,8,519,0.4327244847930452,,
102,nikon,dino_multi,3+6 clicks,1,0.3255266406087562,8,1,126,7,127,0.6162415535399038,0.6719279244476024,0.4049794743888145
102,nikon,dino_clicks,3+6 clicks,2,0.6050737677068903,8,5,68,3,73,0.8061146771227885,,
102,nikon,sam,3+6 clicks,2,0.5703463225593388,8,4,146,4,150,0.8686582163180341,,
102,nikon,microsam,3+6 clicks,2,0.1429481797206903,8,1,225,7,226,0.8515300239706284,,
102,nikon,rf_clicks,3+6 clicks,2,0.4607214369964486,8,3,22,5,25,0.767235331632653,,
102,nikon,dino_multi,3+6 clicks,2,0.1522401195022373,8,0,52,8,52,0.6378011605545805,0.3643787045824902,0.3765488894430447
102,nikon,dino_clicks,10+20 clicks,0,0.7029672686985289,8,6,65,2,71,0.871602574072634,,
102,nikon,sam,10+20 clicks,0,0.5688576304459263,8,5,92,3,97,0.776235595390525,,
102,nikon,microsam,10+20 clicks,0,0.0528051859244063,8,0,261,8,261,0.8566380907010974,,
102,nikon,rf_clicks,10+20 clicks,0,0.3173704797421027,8,1,367,7,368,0.8714321820074451,,
102,nikon,dino_multi,10+20 clicks,0,0.5211666655036775,8,5,70,3,75,0.7354205821171038,0.6356366618823047,0.6431776862357029
102,nikon,dino_clicks,10+20 clicks,1,0.7432493869276917,8,7,68,1,75,0.9129110007405208,,
102,nikon,sam,10+20 clicks,1,0.517842066870849,8,2,89,6,91,0.7644082895851666,,
102,nikon,microsam,10+20 clicks,1,0.3171509159893895,8,2,166,6,168,0.894994647412776,,
102,nikon,rf_clicks,10+20 clicks,1,0.3449136153668042,8,2,198,6,200,0.8953398348806495,,
102,nikon,dino_multi,10+20 clicks,1,0.474553577321257,8,4,78,4,82,0.8442061250827424,0.7600941069874954,0.5445700627259843
102,nikon,dino_clicks,10+20 clicks,2,0.5717173563392943,8,5,62,3,67,0.7881539802425048,,
102,nikon,sam,10+20 clicks,2,0.7427801233577936,8,5,143,3,148,0.9107042672254644,,
102,nikon,microsam,10+20 clicks,2,0.0254954594175177,8,0,103,8,103,0.8961749721778152,,
102,nikon,rf_clicks,10+20 clicks,2,0.4163756418079485,8,3,44,5,47,0.8293822439063306,,
102,nikon,dino_multi,10+20 clicks,2,0.6168962181386652,8,5,46,3,51,0.7796267254714103,0.8400067777169521,0.5840746709392554
104,nikon,otsu,no input,0,0.3772960385102146,4,1,764,3,765,0.8953757037326304,,
104,nikon,dino_labels,5 labelled training images,0,0.871023849570425,4,4,22,0,26,0.9471087283753068,,
104,nikon,dino_clicks,3+6 clicks,0,0.5675637139761042,4,2,109,2,111,0.926308078958336,,
104,nikon,sam,3+6 clicks,0,0.5210726119632804,4,2,30,2,32,0.7173631257329794,,
104,nikon,microsam,3+6 clicks,0,0.1983348919548246,4,0,39,4,39,0.7888801217135808,,
104,nikon,rf_clicks,3+6 clicks,0,0.3764147021258937,4,1,76,3,77,0.8755297858572353,,
104,nikon,dino_multi,3+6 clicks,0,0.3941673764664133,4,1,95,3,96,0.9227672549161458,0.1848309105972734,0.6844979092519139
104,nikon,dino_clicks,3+6 clicks,1,0.6501520553800346,4,2,48,2,50,0.9459891199215724,,
104,nikon,sam,3+6 clicks,1,0.2573717322715099,4,0,106,4,106,0.6019577709874365,,
104,nikon,microsam,3+6 clicks,1,0.3432865351325658,4,1,141,3,142,0.7953477349049559,,
104,nikon,rf_clicks,3+6 clicks,1,0.3340540754804208,4,1,31,3,32,0.8303222885648635,,
104,nikon,dino_multi,3+6 clicks,1,0.3904196141879875,4,1,34,3,35,0.6643120466167202,0.3870080371198939,0.6632938282647585
104,nikon,dino_clicks,3+6 clicks,2,0.6339539770600372,4,2,93,2,95,0.9382850851862546,,
104,nikon,sam,3+6 clicks,2,0.5460281583929785,4,2,22,2,24,0.702193327707964,,
104,nikon,microsam,3+6 clicks,2,0.1809083154223779,4,0,16,4,16,0.7948538935687449,,
104,nikon,rf_clicks,3+6 clicks,2,0.3629472121953518,4,1,11,3,12,0.8398539525888169,,
104,nikon,dino_multi,3+6 clicks,2,0.4122952416070656,4,1,66,3,67,0.9269179976577878,0.7033238004448681,0.6352703908863588
104,nikon,dino_clicks,10+20 clicks,0,0.9168956970390564,4,4,46,0,50,0.9483938125303988,,
104,nikon,sam,10+20 clicks,0,0.8571540081090812,4,4,93,0,97,0.9416915623184297,,
104,nikon,microsam,10+20 clicks,0,0.8485039380635089,4,4,8,0,12,0.9177069253399062,,
104,nikon,rf_clicks,10+20 clicks,0,0.3571518327387134,4,1,76,3,77,0.8421234607303386,,
104,nikon,dino_multi,10+20 clicks,0,0.8574692146734928,4,4,38,0,42,0.9205785213779808,0.8973347029247987,0.8240989779451318
104,nikon,dino_clicks,10+20 clicks,1,0.8432193948988236,4,4,42,0,46,0.946663891101296,,
104,nikon,sam,10+20 clicks,1,0.7454458126834698,4,4,42,0,46,0.8667676977783061,,
104,nikon,microsam,10+20 clicks,1,0.8498813648037843,4,4,10,0,14,0.9143213228584782,,
104,nikon,rf_clicks,10+20 clicks,1,0.3314437829204304,4,1,181,3,182,0.858260794486786,,
104,nikon,dino_multi,10+20 clicks,1,0.8411035482913843,4,4,29,0,33,0.9411775562086768,0.840452907874421,0.7858069641202171
104,nikon,dino_clicks,10+20 clicks,2,0.8971744946746009,4,4,40,0,44,0.938255454009434,,
104,nikon,sam,10+20 clicks,2,0.9105650963194012,4,4,63,0,67,0.9468514376628469,,
104,nikon,microsam,10+20 clicks,2,0.4059644704387998,4,1,20,3,21,0.9244209285746664,,
104,nikon,rf_clicks,10+20 clicks,2,0.3359481843539679,4,1,22,3,23,0.8443908619069026,,
104,nikon,dino_multi,10+20 clicks,2,0.6164248829976606,4,2,48,2,50,0.9410096921372428,0.8605237319188995,0.7861471312806457
110,nikon,otsu,no input,0,0.1093151647029377,4,0,349,4,349,0.8632333322487229,,
110,nikon,dino_labels,5 labelled training images,0,0.5600326717326405,4,2,11,2,13,0.8864931263394491,,
110,nikon,dino_clicks,3+6 clicks,0,0.45577368951315,4,2,76,2,78,0.9063758432435446,,
110,nikon,sam,3+6 clicks,0,0.4665971581428687,4,2,27,2,29,0.6306851316624263,,
110,nikon,microsam,3+6 clicks,0,0.3900279828066998,4,1,77,3,78,0.7753600636711954,,
110,nikon,rf_clicks,3+6 clicks,0,0.3659495018736918,4,0,41,4,41,0.7858662182967344,,
110,nikon,dino_multi,3+6 clicks,0,0.7182470917056657,4,3,21,1,24,0.8457077608673818,0.4776856643961679,0.6395371356637939
110,nikon,dino_clicks,3+6 clicks,1,0.6369899616894132,4,2,29,2,31,0.9419354838709676,,
110,nikon,sam,3+6 clicks,1,0.573610193223212,4,3,49,1,52,0.7580410979963446,,
110,nikon,microsam,3+6 clicks,1,0.0980764915047971,4,0,132,4,132,0.8720924047577158,,
110,nikon,rf_clicks,3+6 clicks,1,0.2697223467188149,4,0,48,4,48,0.8256969655011271,,
110,nikon,dino_multi,3+6 clicks,1,0.5232895477113372,4,2,39,2,41,0.6880961048416454,0.4748992897704292,0.3801580069891558
110,nikon,dino_clicks,3+6 clicks,2,0.6173214970667582,4,2,82,2,84,0.9316204808221692,,
110,nikon,sam,3+6 clicks,2,0.3116155445163723,4,1,83,3,84,0.761125877462005,,
110,nikon,microsam,3+6 clicks,2,0.4287871893226853,4,1,65,3,66,0.7801980603602773,,
110,nikon,rf_clicks,3+6 clicks,2,0.2169109496050059,4,0,45,4,45,0.8572934040311003,,
110,nikon,dino_multi,3+6 clicks,2,0.5622629260308877,4,2,61,2,63,0.902500399049792,0.7467078472229568,0.6692548087503851
110,nikon,dino_clicks,10+20 clicks,0,0.671544056289075,4,3,34,1,37,0.9398569351779644,,
110,nikon,sam,10+20 clicks,0,0.4993512632669217,4,2,37,2,39,0.818248639089226,,
110,nikon,microsam,10+20 clicks,0,0.4209199274370926,4,2,267,2,269,0.8891424940535163,,
110,nikon,rf_clicks,10+20 clicks,0,0.300263601005588,4,0,149,4,149,0.8372578464573691,,
110,nikon,dino_multi,10+20 clicks,0,0.8114834989817777,4,4,26,0,30,0.89721769262128,0.5047669134404035,0.6230497824638742
110,nikon,dino_clicks,10+20 clicks,1,0.6387211998208401,4,2,62,2,64,0.942820193062676,,
110,nikon,sam,10+20 clicks,1,0.7031693886922429,4,3,117,1,120,0.8642460469301012,,
110,nikon,microsam,10+20 clicks,1,0.5800716075167972,4,2,153,2,155,0.9109176446080132,,
110,nikon,rf_clicks,10+20 clicks,1,0.3428162835615479,4,1,218,3,219,0.8878437919520843,,
110,nikon,dino_multi,10+20 clicks,1,0.8381571890145864,4,4,34,0,38,0.9222151796111496,0.5380075662042875,0.5761318209886575
110,nikon,dino_clicks,10+20 clicks,2,0.6692464618483088,4,3,38,1,41,0.9385233478480526,,
110,nikon,sam,10+20 clicks,2,0.8199901624613674,4,4,94,0,98,0.9056258854714136,,
110,nikon,microsam,10+20 clicks,2,0.4219032455365656,4,2,168,2,170,0.8987847757174635,,
110,nikon,rf_clicks,10+20 clicks,2,0.2800715909938852,4,0,59,4,59,0.833322174163397,,
110,nikon,dino_multi,10+20 clicks,2,0.6260369967202825,4,4,14,0,18,0.7664829486737857,0.8042476682773345,0.5663718920720313
113,nikon,otsu,no input,0,0.3704801487795543,3,1,654,2,655,0.9238673055147624,,
113,nikon,dino_labels,5 labelled training images,0,0.6004798800383998,3,1,8,2,9,0.9456595633750262,,
113,nikon,dino_clicks,3+6 clicks,0,0.7499446436054242,3,3,19,0,22,0.8533246296397033,,
113,nikon,sam,3+6 clicks,0,0.3346857245355117,3,1,7,2,8,0.4799159926573735,,
113,nikon,microsam,3+6 clicks,0,0.8895617159316794,3,3,110,0,113,0.94098144901619,,
113,nikon,rf_clicks,3+6 clicks,0,0.8275198163490703,3,3,78,0,81,0.9354369762271252,,
113,nikon,dino_multi,3+6 clicks,0,0.926727856580104,3,3,23,0,26,0.961919171470278,0.4747882210568778,0.6964976006398294
113,nikon,dino_clicks,3+6 clicks,1,0.9191035368097654,3,3,39,0,42,0.9566372439797756,,
113,nikon,sam,3+6 clicks,1,0.5827724617357845,3,2,23,1,25,0.7414857878537949,,
113,nikon,microsam,3+6 clicks,1,0.5535658134788108,3,1,104,2,105,0.9091403039814488,,
113,nikon,rf_clicks,3+6 clicks,1,0.7287587015279353,3,3,30,0,33,0.9247334754797442,,
113,nikon,dino_multi,3+6 clicks,1,0.6354276495338061,3,2,25,1,27,0.7601775159497168,0.5100850779084217,0.5930425400123883
113,nikon,dino_clicks,3+6 clicks,2,0.7358605748176933,3,3,46,0,49,0.8423755385204114,,
113,nikon,sam,3+6 clicks,2,0.7352317169495389,3,2,29,1,31,0.8335635101340002,,
113,nikon,microsam,3+6 clicks,2,0.888553996756527,3,3,32,0,35,0.941444247929898,,
113,nikon,rf_clicks,3+6 clicks,2,0.452787010094944,3,1,18,2,19,0.900094581238908,,
113,nikon,dino_multi,3+6 clicks,2,0.3920384223189829,3,0,139,3,139,0.7589923123648785,0.6690971039182283,0.5359978337395072
113,nikon,dino_clicks,10+20 clicks,0,0.8726564084991623,3,3,50,0,53,0.927809689323237,,
113,nikon,sam,10+20 clicks,0,0.8070723953870358,3,3,62,0,65,0.8966381364157769,,
113,nikon,microsam,10+20 clicks,0,0.8113266138883887,3,3,19,0,22,0.9056497268938952,,
113,nikon,rf_clicks,10+20 clicks,0,0.7261439734403684,3,3,48,0,51,0.9328472193162322,,
113,nikon,dino_multi,10+20 clicks,0,0.8702796871054677,3,3,35,0,38,0.9295894033747358,0.7111086023933167,0.6270867730691616
113,nikon,dino_clicks,10+20 clicks,1,0.8780888101985739,3,3,26,0,29,0.9323958535975322,,
113,nikon,sam,10+20 clicks,1,0.5395107611829513,3,2,48,1,50,0.7009605034362838,,
113,nikon,microsam,10+20 clicks,1,0.6891515986404558,3,2,47,1,49,0.8497535688560944,,
113,nikon,rf_clicks,10+20 clicks,1,0.4542847182557192,3,1,14,2,15,0.905032629598882,,
113,nikon,dino_multi,10+20 clicks,1,0.8420196095493626,3,3,10,0,13,0.9153843929800214,0.903865071783978,0.8269542637124295
113,nikon,dino_clicks,10+20 clicks,2,0.89275352044273,3,3,47,0,50,0.941344186410546,,
113,nikon,sam,10+20 clicks,2,0.738577310789398,3,3,29,0,32,0.8632907865005179,,
113,nikon,microsam,10+20 clicks,2,0.6107242303199278,3,1,3,2,4,0.9547561966784066,,
113,nikon,rf_clicks,10+20 clicks,2,0.4114557119318008,3,1,59,2,60,0.9091981132075472,,
113,nikon,dino_multi,10+20 clicks,2,0.9309960998264704,3,3,61,0,64,0.964214487300094,0.7867003816494166,0.8305356834141482
115,nikon,otsu,no input,0,0.3658319906825751,4,1,332,3,333,0.8988941825917266,,
115,nikon,dino_labels,5 labelled training images,0,0.453371348457952,4,1,15,3,16,0.8749219066695281,,
115,nikon,dino_clicks,3+6 clicks,0,0.6443170610326151,4,3,57,1,60,0.8443566560022256,,
115,nikon,sam,3+6 clicks,0,0.3396894743831481,4,1,60,3,61,0.8191557206171589,,
115,nikon,microsam,3+6 clicks,0,0.3487431080871956,4,1,42,3,43,0.8578146651409589,,
115,nikon,rf_clicks,3+6 clicks,0,0.4030150398891612,4,2,72,2,74,0.8650838186405112,,
115,nikon,dino_multi,3+6 clicks,0,0.4305591487089237,4,2,36,2,38,0.7256383533090152,0.4817853858668741,0.6036077122369174
115,nikon,dino_clicks,3+6 clicks,1,0.7788137813624783,4,4,59,0,63,0.902979413534228,,
115,nikon,sam,3+6 clicks,1,0.4509400876769495,4,2,48,2,50,0.8922982994468334,,
115,nikon,microsam,3+6 clicks,1,0.0388124011302846,4,0,136,4,136,0.8411817279860935,,
115,nikon,rf_clicks,3+6 clicks,1,0.3860773108447433,4,2,73,2,75,0.7996052353314378,,
115,nikon,dino_multi,3+6 clicks,1,0.3723997133416188,4,2,55,2,57,0.4840374521416388,0.4137296159915833,0.3233069806116119
115,nikon,dino_clicks,3+6 clicks,2,0.4997192976626472,4,3,14,1,17,0.7412303248390493,,
115,nikon,sam,3+6 clicks,2,0.2771030914193266,4,1,13,3,14,0.7308761998523259,,
115,nikon,microsam,3+6 clicks,2,0.3106596292110665,4,0,43,4,43,0.8617428288438757,,
115,nikon,rf_clicks,3+6 clicks,2,0.2745818385588511,4,1,304,3,305,0.6702898337847604,,
115,nikon,dino_multi,3+6 clicks,2,0.5753651149146665,4,3,130,1,133,0.6970278984190703,0.1135288124080153,0.5426463609301523
115,nikon,dino_clicks,10+20 clicks,0,0.8068015647770557,4,4,66,0,70,0.9177213578140518,,
115,nikon,sam,10+20 clicks,0,0.416751634249994,4,1,326,3,327,0.8853400051927207,,
115,nikon,microsam,10+20 clicks,0,0.1355111477568997,4,0,169,4,169,0.8697421635874957,,
115,nikon,rf_clicks,10+20 clicks,0,0.3722569175486452,4,1,221,3,222,0.8851379562297763,,
115,nikon,dino_multi,10+20 clicks,0,0.6152249200150559,4,3,43,1,46,0.8198626399896501,0.6786430960344004,0.5719166306168403
115,nikon,dino_clicks,10+20 clicks,1,0.6092268301410523,4,3,40,1,43,0.8213125480044378,,
115,nikon,sam,10+20 clicks,1,0.6685412152638084,4,3,152,1,155,0.9491928226596332,,
115,nikon,microsam,10+20 clicks,1,0.0511724013031546,4,0,172,4,172,0.8613891314569759,,
115,nikon,rf_clicks,10+20 clicks,1,0.421578211760138,4,1,124,3,125,0.7279262133918796,,
115,nikon,dino_multi,10+20 clicks,1,0.7305388009894709,4,3,55,1,58,0.8667586415029264,0.7372018676649981,0.5769318388919263
115,nikon,dino_clicks,10+20 clicks,2,0.7852953252577709,4,4,66,0,70,0.9123916203331944,,
115,nikon,sam,10+20 clicks,2,0.3795280425380007,4,1,217,3,218,0.8763722925357657,,
115,nikon,microsam,10+20 clicks,2,0.309372553649044,4,1,200,3,201,0.8788486250321255,,
115,nikon,rf_clicks,10+20 clicks,2,0.3686229842716987,4,2,37,2,39,0.8801448369282068,,
115,nikon,dino_multi,10+20 clicks,2,0.6872650299189543,4,3,53,1,56,0.8674948687479745,0.7970579474371606,0.7037117340354138
1693,olympus,otsu,no input,0,0.7192282819573184,1,1,175,0,176,0.961492741615936,,
1693,olympus,dino_labels,5 labelled training images,0,0.4078530006642435,1,0,2,1,2,0.8836551211150998,,
1693,olympus,dino_clicks,3+6 clicks,0,0.6730081763417983,1,1,28,0,29,0.9196910022143714,,
1693,olympus,sam,3+6 clicks,0,0.9622116800261736,1,1,13,0,14,0.9820055694844064,,
1693,olympus,microsam,3+6 clicks,0,0.9468839884947268,1,1,0,0,1,0.9727174234216488,,
1693,olympus,rf_clicks,3+6 clicks,0,0.7002624199233323,1,1,22,0,23,0.95408936755672,,
1693,olympus,dino_multi,3+6 clicks,0,0.717849955351788,1,1,5,0,6,0.9290143420178866,0.7926358999875607,0.8247215121130641
1693,olympus,dino_clicks,3+6 clicks,1,0.38513365893538,1,0,22,1,22,0.8665392818349759,,
1693,olympus,sam,3+6 clicks,1,0.9579355120301162,1,1,25,0,26,0.9788952748813846,,
1693,olympus,microsam,3+6 clicks,1,0.9144868035190616,1,1,2,0,3,0.9553336192635256,,
1693,olympus,rf_clicks,3+6 clicks,1,0.697718036886527,1,1,21,0,22,0.9508999893492384,,
1693,olympus,dino_multi,3+6 clicks,1,0.6107447807233225,1,1,31,0,32,0.8802035934895183,0.8934632168202054,0.7895424836601307
1693,olympus,dino_clicks,3+6 clicks,2,0.5800010890675766,1,1,9,0,10,0.7249428018303414,,
1693,olympus,sam,3+6 clicks,2,0.3957399308287738,1,0,4,1,4,0.567744302769005,,
1693,olympus,microsam,3+6 clicks,2,0.9465397290369828,1,1,0,0,1,0.972535741158766,,
1693,olympus,rf_clicks,3+6 clicks,2,0.5325733574976136,1,1,7,0,8,0.8026897414512093,,
1693,olympus,dino_multi,3+6 clicks,2,0.6325616390785971,1,1,4,0,5,0.9069063088629442,0.8680967835562944,0.8038147469575452
1693,olympus,dino_clicks,10+20 clicks,0,0.6909303626837581,1,1,9,0,10,0.9323540515495762,,
1693,olympus,sam,10+20 clicks,0,0.953331146585028,1,1,16,0,17,0.9761080687744308,,
1693,olympus,microsam,10+20 clicks,0,0.9530129188036448,1,1,0,0,1,0.9759412338013932,,
1693,olympus,rf_clicks,10+20 clicks,0,0.6948865204420906,1,1,32,0,33,0.9463350902468926,,
1693,olympus,dino_multi,10+20 clicks,0,0.8464498021097778,1,1,8,0,9,0.914692225772098,0.9126208789849876,0.8332117358903538
1693,olympus,dino_clicks,10+20 clicks,1,0.7119585972582535,1,1,3,0,4,0.9434923737391364,,
1693,olympus,sam,10+20 clicks,1,0.9187484045074944,1,1,20,0,21,0.9576372655225498,,
1693,olympus,microsam,10+20 clicks,1,0.9532278268847368,1,1,1,0,2,0.9760539080636276,,
1693,olympus,rf_clicks,10+20 clicks,1,0.6628574575594444,1,1,38,0,39,0.9052259634812192,,
1693,olympus,dino_multi,10+20 clicks,1,0.9285029376383828,1,1,7,0,8,0.9537863660377696,0.8971013532905049,0.8841673824269548
1693,olympus,dino_clicks,10+20 clicks,2,0.6926572132382034,1,1,19,0,20,0.9375880030752486,,
1693,olympus,sam,10+20 clicks,2,0.9611902857558352,1,1,50,0,51,0.9802111429339414,,
1693,olympus,microsam,10+20 clicks,2,0.9340353956413632,1,1,0,0,1,0.9658927626106028,,
1693,olympus,rf_clicks,10+20 clicks,2,0.7047730220492866,1,1,23,0,24,0.9565117896089492,,
1693,olympus,dino_multi,10+20 clicks,2,0.6698544493043714,1,1,8,0,9,0.9245698108702696,0.9024408599453126,0.8266391407740351
1694,olympus,otsu,no input,0,0.4256039850725285,7,3,174,4,177,0.9125668563043898,,
1694,olympus,dino_labels,5 labelled training images,0,0.7053887248837185,7,5,5,2,10,0.9400269704241492,,
1694,olympus,dino_clicks,3+6 clicks,0,0.4129475653536543,7,3,25,4,28,0.8973763321247039,,
1694,olympus,sam,3+6 clicks,0,0.1859864553158483,7,0,96,7,96,0.3694332712664726,,
1694,olympus,microsam,3+6 clicks,0,0.1761026260703467,7,1,160,6,161,0.7719290239921371,,
1694,olympus,rf_clicks,3+6 clicks,0,0.4293622338627695,7,3,24,4,27,0.9194956507100056,,
1694,olympus,dino_multi,3+6 clicks,0,0.6371054227600672,7,5,32,2,37,0.884411010509,0.6481698936848036,0.6484104157412394
1694,olympus,dino_clicks,3+6 clicks,1,0.7747633647777393,7,6,22,1,28,0.941858580932701,,
1694,olympus,sam,3+6 clicks,1,0.3773509589881922,7,2,56,5,58,0.6614694646853911,,
1694,olympus,microsam,3+6 clicks,1,0.3733583091054456,7,2,160,5,162,0.8843147236101069,,
1694,olympus,rf_clicks,3+6 clicks,1,0.4281232598752499,7,3,17,4,20,0.9177456145857984,,
1694,olympus,dino_multi,3+6 clicks,1,0.5824011877539326,7,4,39,3,43,0.8048203069206157,0.7347275836794527,0.6584296432264574
1694,olympus,dino_clicks,3+6 clicks,2,0.5912762381223804,7,4,30,3,34,0.9386150448469228,,
1694,olympus,sam,3+6 clicks,2,0.5190224324560252,7,5,78,2,83,0.6706856388634888,,
1694,olympus,microsam,3+6 clicks,2,0.3535174623785024,7,2,76,5,78,0.8363980345986852,,
1694,olympus,rf_clicks,3+6 clicks,2,0.4106809950016769,7,2,13,5,15,0.8073120924723843,,
1694,olympus,dino_multi,3+6 clicks,2,0.7071047573826751,7,6,65,1,71,0.8307022964389389,0.7160717981523641,0.650264823708717
1694,olympus,dino_clicks,10+20 clicks,0,0.6836818873098566,7,5,31,2,36,0.9378428649528394,,
1694,olympus,sam,10+20 clicks,0,0.255979002243926,7,2,210,5,212,0.4989101477355291,,
1694,olympus,microsam,10+20 clicks,0,0.5509376204853405,7,3,115,4,118,0.9186229951844628,,
1694,olympus,rf_clicks,10+20 clicks,0,0.4235631683386023,7,3,45,4,48,0.9448892061362756,,
1694,olympus,dino_multi,10+20 clicks,0,0.6884917938713978,7,5,24,2,29,0.9174601509723392,0.9158855307910382,0.8164701264668364
1694,olympus,dino_clicks,10+20 clicks,1,0.8106897359372482,7,6,44,1,50,0.9362655518964432,,
1694,olympus,sam,10+20 clicks,1,0.6225739144877371,7,5,115,2,120,0.8091536440610019,,
1694,olympus,microsam,10+20 clicks,1,0.4007034606077974,7,2,184,5,186,0.9364944632903448,,
1694,olympus,rf_clicks,10+20 clicks,1,0.4072721707492173,7,3,13,4,16,0.8815628570184167,,
1694,olympus,dino_multi,10+20 clicks,1,0.7410265812912814,7,6,50,1,56,0.8729936216443541,0.9112800558714956,0.7536554273694945
1694,olympus,dino_clicks,10+20 clicks,2,0.8193522080214724,7,7,52,0,59,0.8922504934653357,,
1694,olympus,sam,10+20 clicks,2,0.5234529833086726,7,3,132,4,135,0.6875946023948292,,
1694,olympus,microsam,10+20 clicks,2,0.2071731072135687,7,1,211,6,212,0.8873809038470216,,
1694,olympus,rf_clicks,10+20 clicks,2,0.4531962257686761,7,2,33,5,35,0.7603381293859313,,
1694,olympus,dino_multi,10+20 clicks,2,0.6493292933410747,7,5,46,2,51,0.8453722143365356,0.9164482959116216,0.6628758094942412
1704,olympus,otsu,no input,0,0.3942269304115846,2,1,204,1,205,0.902242510414328,,
1704,olympus,dino_labels,5 labelled training images,0,0.79376253634506,2,2,4,0,6,0.9308014271991216,,
1704,olympus,dino_clicks,3+6 clicks,0,0.8791854458441635,2,2,62,0,64,0.9403185157381092,,
1704,olympus,sam,3+6 clicks,0,0.8648176786406504,2,2,234,0,236,0.9298924946080758,,
1704,olympus,microsam,3+6 clicks,0,0.6343867438742388,2,1,22,1,23,0.9129280068496952,,
1704,olympus,rf_clicks,3+6 clicks,0,0.384158864278983,2,1,60,1,61,0.8920759389186959,,
1704,olympus,dino_multi,3+6 clicks,0,0.7793341910963302,2,2,38,0,40,0.924629206489603,0.8417886920811383,0.7959935271469226
1704,olympus,dino_clicks,3+6 clicks,1,0.5728910269914398,2,1,36,1,37,0.8399300095240204,,
1704,olympus,sam,3+6 clicks,1,0.9444841067228942,2,2,11,0,13,0.972630462639742,,
1704,olympus,microsam,3+6 clicks,1,0.8739125901185429,2,2,48,0,50,0.940069737626471,,
1704,olympus,rf_clicks,3+6 clicks,1,0.4823121198133279,2,1,107,1,108,0.8675754961173425,,
1704,olympus,dino_multi,3+6 clicks,1,0.5252237100866727,2,1,13,1,14,0.7461378408735201,0.5317377466581795,0.6588552849518434
1704,olympus,dino_clicks,3+6 clicks,2,0.9051067332763628,2,2,4,0,6,0.9458346476010234,,
1704,olympus,sam,3+6 clicks,2,0.9407422953067954,2,2,49,0,51,0.9608953258722844,,
1704,olympus,microsam,3+6 clicks,2,0.6595997964543492,2,1,81,1,82,0.9214875041012796,,
1704,olympus,rf_clicks,3+6 clicks,2,0.4945449388248663,2,1,21,1,22,0.7348821318756406,,
1704,olympus,dino_multi,3+6 clicks,2,0.9070799331407988,2,2,14,0,16,0.9535044500258164,0.5102200267157295,0.7339198090270103
1704,olympus,dino_clicks,10+20 clicks,0,0.6766730905692913,2,1,3,1,4,0.9059512158397952,,
1704,olympus,sam,10+20 clicks,0,0.7874934301942575,2,2,90,0,92,0.8896241591108511,,
1704,olympus,microsam,10+20 clicks,0,0.4287002205500635,2,1,38,1,39,0.9110643482113192,,
1704,olympus,rf_clicks,10+20 clicks,0,0.4307895796824846,2,1,48,1,49,0.8671475643423279,,
1704,olympus,dino_multi,10+20 clicks,0,0.7181314105138077,2,2,3,0,5,0.9357645937406224,0.9175577250891058,0.8224283747459517
1704,olympus,dino_clicks,10+20 clicks,1,0.6791587367818087,2,1,3,1,4,0.8985818610129565,,
1704,olympus,sam,10+20 clicks,1,0.9323247754876616,2,2,40,0,42,0.9567716208210651,,
1704,olympus,microsam,10+20 clicks,1,0.8552806130108901,2,2,36,0,38,0.930135625257478,,
1704,olympus,rf_clicks,10+20 clicks,1,0.4082154762481201,2,1,61,1,62,0.8793506648686479,,
1704,olympus,dino_multi,10+20 clicks,1,0.7809494311769024,2,2,11,0,13,0.8638764104389315,0.8515415366080719,0.569852790421126
1704,olympus,dino_clicks,10+20 clicks,2,0.8226672745862236,2,2,2,0,4,0.9103390539974884,,
1704,olympus,sam,10+20 clicks,2,0.9395973253876728,2,2,18,0,20,0.9683835771724112,,
1704,olympus,microsam,10+20 clicks,2,0.4901420527419166,2,1,65,1,66,0.8994385049706758,,
1704,olympus,rf_clicks,10+20 clicks,2,0.6202766896025684,2,2,347,0,349,0.8898314894742935,,
1704,olympus,dino_multi,10+20 clicks,2,0.8897987341688112,2,2,11,0,13,0.9453266140534372,0.9111789118611304,0.8264587686867063
1705,olympus,otsu,no input,0,0.3170078568585528,3,0,224,3,224,0.7762954804582367,,
1705,olympus,dino_labels,5 labelled training images,0,0.7638536140945238,3,3,27,0,30,0.9243110585683127,,
1705,olympus,dino_clicks,3+6 clicks,0,0.696263695762242,3,3,22,0,25,0.8133988059369804,,
1705,olympus,sam,3+6 clicks,0,0.6585759173334312,3,2,55,1,57,0.7806003578172248,,
1705,olympus,microsam,3+6 clicks,0,0.6625508788030058,3,2,56,1,58,0.7999175247320606,,
1705,olympus,rf_clicks,3+6 clicks,0,0.4477038881435861,3,0,179,3,179,0.6385446696386468,,
1705,olympus,dino_multi,3+6 clicks,0,0.2708582585583269,3,0,65,3,65,0.601345462326533,0.7257527915895425,0.4780256183745583
1705,olympus,dino_clicks,3+6 clicks,1,0.8013686888083759,3,3,55,0,58,0.8892123716503881,,
1705,olympus,sam,3+6 clicks,1,0.8070315489809291,3,3,78,0,81,0.8823517215354695,,
1705,olympus,microsam,3+6 clicks,1,0.8453776968575518,3,3,18,0,21,0.9573773842459103,,
1705,olympus,rf_clicks,3+6 clicks,1,0.3547339261804704,3,1,35,2,36,0.8469529454801167,,
1705,olympus,dino_multi,3+6 clicks,1,0.4299813005007967,3,1,50,2,51,0.7551404570224708,0.9081941841710252,0.3182184952528901
1705,olympus,dino_clicks,3+6 clicks,2,0.4695512999491682,3,1,29,2,30,0.8988498085281494,,
1705,olympus,sam,3+6 clicks,2,0.6684257763313668,3,2,143,1,145,0.8005217977508415,,
1705,olympus,microsam,3+6 clicks,2,0.8484656227211728,3,3,0,0,3,0.960660603579366,,
1705,olympus,rf_clicks,3+6 clicks,2,0.3150184870518075,3,0,17,3,17,0.7141590581656053,,
1705,olympus,dino_multi,3+6 clicks,2,0.6133282621620756,3,2,43,1,45,0.8894122684937373,0.791399623708384,0.7163039678127454
1705,olympus,dino_clicks,10+20 clicks,0,0.8293607647552333,3,3,60,0,63,0.9130951213399152,,
1705,olympus,sam,10+20 clicks,0,0.8928173569362796,3,3,45,0,48,0.942768194545063,,
1705,olympus,microsam,10+20 clicks,0,0.8262535695430282,3,3,69,0,72,0.9498790479627532,,
1705,olympus,rf_clicks,10+20 clicks,0,0.4547595532712316,3,1,149,2,150,0.7018241503089179,,
1705,olympus,dino_multi,10+20 clicks,0,0.403341042386047,3,0,55,3,55,0.8240648755574422,0.9154615604458416,0.6571020282229909
1705,olympus,dino_clicks,10+20 clicks,1,0.8174967008520367,3,3,33,0,36,0.9020621553224224,,
1705,olympus,sam,10+20 clicks,1,0.6235808169397999,3,2,51,1,53,0.7720437127317699,,
1705,olympus,microsam,10+20 clicks,1,0.8851994656786876,3,3,3,0,6,0.9385229140462834,,
1705,olympus,rf_clicks,10+20 clicks,1,0.3502308960598673,3,1,85,2,86,0.8238611570490373,,
1705,olympus,dino_multi,10+20 clicks,1,0.5173182391227752,3,1,76,2,77,0.8822150235973614,0.9063824932980968,0.7355659931630583
1705,olympus,dino_clicks,10+20 clicks,2,0.757992477063845,3,3,47,0,50,0.8537397583211065,,
1705,olympus,sam,10+20 clicks,2,0.7113311653600644,3,2,41,1,43,0.8015852071191186,,
1705,olympus,microsam,10+20 clicks,2,0.8927702152261507,3,3,4,0,7,0.944667623877314,,
1705,olympus,rf_clicks,10+20 clicks,2,0.4091865830633299,3,1,225,2,226,0.8009848487744826,,
1705,olympus,dino_multi,10+20 clicks,2,0.5650834517933969,3,1,76,2,77,0.885519196189025,0.8706361881619815,0.772628988693696
1709,olympus,otsu,no input,0,0.3381594333611632,5,2,106,3,108,0.8512372124462915,,
1709,olympus,dino_labels,5 labelled training images,0,0.4022347287832596,5,1,9,4,10,0.8867067322841412,,
1709,olympus,dino_clicks,3+6 clicks,0,0.665309126737375,5,3,44,2,47,0.90443214536124,,
1709,olympus,sam,3+6 clicks,0,0.3426960716636801,5,1,34,4,35,0.7746642258923243,,
1709,olympus,microsam,3+6 clicks,0,0.2975674531082762,5,1,7,4,8,0.8303898106704104,,
1709,olympus,rf_clicks,3+6 clicks,0,0.3124063692393524,5,1,81,4,82,0.8392820935048018,,
1709,olympus,dino_multi,3+6 clicks,0,0.5752600757260081,5,3,29,2,32,0.7575169539995098,0.887749162055675,0.3685740925109436
1709,olympus,dino_clicks,3+6 clicks,1,0.5770223881350589,5,4,13,1,17,0.7066757579483511,,
1709,olympus,sam,3+6 clicks,1,0.2142505658365993,5,0,105,5,105,0.3827764108976579,,
1709,olympus,microsam,3+6 clicks,1,0.3051937818728825,5,1,71,4,72,0.6816016506022878,,
1709,olympus,rf_clicks,3+6 clicks,1,0.2693414032290165,5,1,147,4,148,0.4426285468651885,,
1709,olympus,dino_multi,3+6 clicks,1,0.2142020151568744,5,0,113,5,113,0.6339149498083357,0.4763628491015371,0.4488797832264887
1709,olympus,dino_clicks,3+6 clicks,2,0.5347599751773471,5,3,46,2,49,0.7100944803580308,,
1709,olympus,sam,3+6 clicks,2,0.3336030229232779,5,1,109,4,110,0.5705940547416026,,
1709,olympus,microsam,3+6 clicks,2,0.2373579968249691,5,0,23,5,23,0.7230869918405067,,
1709,olympus,rf_clicks,3+6 clicks,2,0.1330759255510482,5,0,388,5,388,0.4039567211426186,,
1709,olympus,dino_multi,3+6 clicks,2,0.3703394827600738,5,2,59,3,61,0.7166447201089494,0.841362623368354,0.3844419073392814
1709,olympus,dino_clicks,10+20 clicks,0,0.6659992669857421,5,3,44,2,47,0.90197761523406,,
1709,olympus,sam,10+20 clicks,0,0.7282256305350956,5,4,144,1,148,0.8423409907107052,,
1709,olympus,microsam,10+20 clicks,0,0.4579312325275602,5,2,19,3,21,0.915500652644894,,
1709,olympus,rf_clicks,10+20 clicks,0,0.3911310736010438,5,1,348,4,349,0.7243392208442941,,
1709,olympus,dino_multi,10+20 clicks,0,0.2596703135316961,5,1,68,4,69,0.8939985284238139,0.9242210510873122,0.704838915878292
1709,olympus,dino_clicks,10+20 clicks,1,0.7465687010028912,5,5,33,0,38,0.8512043537273595,,
1709,olympus,sam,10+20 clicks,1,0.4479114716946363,5,2,125,3,127,0.6307905553580487,,
1709,olympus,microsam,10+20 clicks,1,0.3674651958620419,5,1,10,4,11,0.8778958023116686,,
1709,olympus,rf_clicks,10+20 clicks,1,0.3512413960426425,5,2,139,3,141,0.9028877122113652,,
1709,olympus,dino_multi,10+20 clicks,1,0.2047705064174048,5,1,106,4,107,0.8394084692427234,0.859414050327824,0.6561544666574184
1709,olympus,dino_clicks,10+20 clicks,2,0.5588138413240069,5,3,17,2,20,0.8777999887907038,,
1709,olympus,sam,10+20 clicks,2,0.3164318573835517,5,1,189,4,190,0.6467731967864395,,
1709,olympus,microsam,10+20 clicks,2,0.1439772995192728,5,0,39,5,39,0.8467799964022307,,
1709,olympus,rf_clicks,10+20 clicks,2,0.3654042007516422,5,2,64,3,66,0.9075903687442848,,
1709,olympus,dino_multi,10+20 clicks,2,0.4132837687179921,5,2,44,3,46,0.9019316814101976,0.9113847646250438,0.7226734290577203
1715,olympus,otsu,no input,0,0.5392463606647289,10,5,135,5,140,0.9017441108622106,,
1715,olympus,dino_labels,5 labelled training images,0,0.2917482649301789,10,1,30,9,31,0.9179995598632248,,
1715,olympus,dino_clicks,3+6 clicks,0,0.2241521957647281,10,0,85,10,85,0.8167982413914829,,
1715,olympus,sam,3+6 clicks,0,0.2048557229757532,10,1,257,9,258,0.4591751951701588,,
1715,olympus,microsam,3+6 clicks,0,0.0494542558418452,10,0,135,10,135,0.687742536348114,,
1715,olympus,rf_clicks,3+6 clicks,0,0.4055928848317872,10,3,160,7,163,0.7037480123421712,,
1715,olympus,dino_multi,3+6 clicks,0,0.3379249956195448,10,2,107,8,109,0.6974517666201767,0.5038262250854124,0.7289119731473159
1715,olympus,dino_clicks,3+6 clicks,1,0.4037032508213408,10,2,60,8,62,0.8873187895847995,,
1715,olympus,sam,3+6 clicks,1,0.1858531411649845,10,2,49,8,51,0.3428833267254658,,
1715,olympus,microsam,3+6 clicks,1,0.0852384753888101,10,0,92,10,92,0.7646218470342336,,
1715,olympus,rf_clicks,3+6 clicks,1,0.5189326564047957,10,4,158,6,162,0.92029385950655,,
1715,olympus,dino_multi,3+6 clicks,1,0.557687305145579,10,6,54,4,60,0.7615526188465881,0.6645175913566878,0.3932449179660766
1715,olympus,dino_clicks,3+6 clicks,2,0.3880670744493553,10,2,35,8,37,0.9304498976334532,,
1715,olympus,sam,3+6 clicks,2,0.2508262081075353,10,1,20,9,21,0.709479116849992,,
1715,olympus,microsam,3+6 clicks,2,0.1379791684513556,10,0,129,10,129,0.8428008159757084,,
1715,olympus,rf_clicks,3+6 clicks,2,0.3326598581130816,10,2,114,8,116,0.9235765728501396,,
1715,olympus,dino_multi,3+6 clicks,2,0.3068977659567823,10,2,63,8,65,0.8221898314600676,0.3886135452060394,0.5506702643077238
1715,olympus,dino_clicks,10+20 clicks,0,0.5184478944275251,10,5,65,5,70,0.8151580570893104,,
1715,olympus,sam,10+20 clicks,0,0.6610430606736044,10,6,81,4,87,0.8928315802742934,,
1715,olympus,microsam,10+20 clicks,0,0.0329268648371372,10,0,78,10,78,0.8521378151260505,,
1715,olympus,rf_clicks,10+20 clicks,0,0.3427301727842414,10,2,122,8,124,0.9154860712394578,,
1715,olympus,dino_multi,10+20 clicks,0,0.6524970409559494,10,6,95,4,101,0.9043823739936786,0.8617924549707974,0.7618573403290774
1715,olympus,dino_clicks,10+20 clicks,1,0.5088700968508394,10,4,48,6,52,0.9249962327599196,,
1715,olympus,sam,10+20 clicks,1,0.5155372814374919,10,6,121,4,127,0.8084875039449708,,
1715,olympus,microsam,10+20 clicks,1,0.1063841420275114,10,0,115,10,115,0.8636762365869249,,
1715,olympus,rf_clicks,10+20 clicks,1,0.2440182122011056,10,0,88,10,88,0.9059580463677298,,
1715,olympus,dino_multi,10+20 clicks,1,0.2445843982384476,10,0,85,10,85,0.8683656553955541,0.8395099350992558,0.7140728429377884
1715,olympus,dino_clicks,10+20 clicks,2,0.7931797365443776,10,9,32,1,41,0.8817038968178637,,
1715,olympus,sam,10+20 clicks,2,0.7428558623746397,10,8,60,2,68,0.95538503190247,,
1715,olympus,microsam,10+20 clicks,2,0.2343959767124297,10,1,293,9,294,0.8422547849605923,,
1715,olympus,rf_clicks,10+20 clicks,2,0.2361639705948472,10,0,100,10,100,0.8886930276438074,,
1715,olympus,dino_multi,10+20 clicks,2,0.7953357500332124,10,9,44,1,53,0.8975961221394183,0.8205760339412008,0.7311402124522803
1716,olympus,otsu,no input,0,0.5346026564655976,3,1,89,2,90,0.7152774529158051,,
1716,olympus,dino_labels,5 labelled training images,0,0.5993987235523428,3,1,14,2,15,0.9429180399601952,,
1716,olympus,dino_clicks,3+6 clicks,0,0.6073693310789643,3,1,20,2,21,0.9496750284262392,,
1716,olympus,sam,3+6 clicks,0,0.7983816271952072,3,3,29,0,32,0.8712248940105743,,
1716,olympus,microsam,3+6 clicks,0,0.5947784135561309,3,1,126,2,127,0.9414140024420864,,
1716,olympus,rf_clicks,3+6 clicks,0,0.5087016644006966,3,1,45,2,46,0.8690408273135611,,
1716,olympus,dino_multi,3+6 clicks,0,0.5255392650579725,3,2,17,1,19,0.8391362181321566,0.8604191225899477,0.5504857602448997
1716,olympus,dino_clicks,3+6 clicks,1,0.6124759424577403,3,1,45,2,46,0.9533864513715886,,
1716,olympus,sam,3+6 clicks,1,0.5685641273541476,3,1,247,2,248,0.925843190946293,,
1716,olympus,microsam,3+6 clicks,1,0.5811454210278981,3,1,107,2,108,0.9314668801823932,,
1716,olympus,rf_clicks,3+6 clicks,1,0.418637929740552,3,1,35,2,36,0.904476097278098,,
1716,olympus,dino_multi,3+6 clicks,1,0.6486493940827264,3,2,26,1,28,0.8188241522257942,0.7721965347289264,0.7443145365205642
1716,olympus,dino_clicks,3+6 clicks,2,0.8552802120584229,3,3,11,0,14,0.9204308855166892,,
1716,olympus,sam,3+6 clicks,2,0.9286984420762158,3,3,169,0,172,0.969735701588141,,
1716,olympus,microsam,3+6 clicks,2,0.5765805712003718,3,1,107,2,108,0.9281478827053232,,
1716,olympus,rf_clicks,3+6 clicks,2,0.5002134756553377,3,1,142,2,143,0.8575122114206616,,
1716,olympus,dino_multi,3+6 clicks,2,0.8534659672093007,3,3,40,0,43,0.9292796623037444,0.4140348893098476,0.7451102481334011
1716,olympus,dino_clicks,10+20 clicks,0,0.928745291645208,3,3,14,0,17,0.9640512523621746,,
1716,olympus,sam,10+20 clicks,0,0.8288030563262123,3,3,107,0,110,0.9005181552877648,,
1716,olympus,microsam,10+20 clicks,0,0.6028643063127169,3,1,79,2,80,0.9495152146165474,,
1716,olympus,rf_clicks,10+20 clicks,0,0.4965877507421477,3,1,53,2,54,0.9163835616438356,,
1716,olympus,dino_multi,10+20 clicks,0,0.5872482807801389,3,1,30,2,31,0.9367785303851996,0.8709895855655081,0.751701596909831
1716,olympus,dino_clicks,10+20 clicks,1,0.6242924339447974,3,3,20,0,23,0.8049099071823396,,
1716,olympus,sam,10+20 clicks,1,0.8998362445408022,3,3,83,0,86,0.9464224093799652,,
1716,olympus,microsam,10+20 clicks,1,0.6051863661371878,3,1,83,2,84,0.9517901846702218,,
1716,olympus,rf_clicks,10+20 clicks,1,0.8049651018092975,3,3,94,0,97,0.9113436081478722,,
1716,olympus,dino_multi,10+20 clicks,1,0.4457205145755226,3,1,22,2,23,0.8832395133466497,0.90735556340394,0.7407902633958079
1716,olympus,dino_clicks,10+20 clicks,2,0.6098350945449135,3,1,15,2,16,0.9489625720735616,,
1716,olympus,sam,10+20 clicks,2,0.8675244183272803,3,3,101,0,104,0.927002501059936,,
1716,olympus,microsam,10+20 clicks,2,0.6169987246355172,3,1,31,2,32,0.9590487652512732,,
1716,olympus,rf_clicks,10+20 clicks,2,0.4833101898241654,3,1,20,2,21,0.8268324791561447,,
1716,olympus,dino_multi,10+20 clicks,2,0.905957357691865,3,3,17,0,20,0.9494598981362288,0.8114519177998658,0.7725976312125469
1719,olympus,otsu,no input,0,0.4271174887039897,8,3,627,5,630,0.8207469553450609,,
1719,olympus,dino_labels,5 labelled training images,0,0.5352661539906771,8,4,15,4,19,0.9031233727115858,,
1719,olympus,dino_clicks,3+6 clicks,0,0.167393141353892,8,0,74,8,74,0.804230404486043,,
1719,olympus,sam,3+6 clicks,0,0.1188265703487299,8,1,217,7,218,0.255244518173312,,
1719,olympus,microsam,3+6 clicks,0,0.1747850033624797,8,0,118,8,118,0.716111852226669,,
1719,olympus,rf_clicks,3+6 clicks,0,0.2601419240675825,8,1,124,7,125,0.8332396138120336,,
1719,olympus,dino_multi,3+6 clicks,0,0.4707597454851544,8,4,25,4,29,0.8745195968121237,0.6407523238010928,0.6193005773318631
1719,olympus,dino_clicks,3+6 clicks,1,0.5825443972630472,8,5,25,3,30,0.8572244210152881,,
1719,olympus,sam,3+6 clicks,1,0.2805862562608699,8,3,83,5,86,0.4183008158334574,,
1719,olympus,microsam,3+6 clicks,1,0.2305868441316324,8,1,75,7,76,0.7800805443088235,,
1719,olympus,rf_clicks,3+6 clicks,1,0.4874582749034212,8,3,37,5,40,0.6884928812745228,,
1719,olympus,dino_multi,3+6 clicks,1,0.4785996879372677,8,4,35,4,39,0.7113748840086607,0.4487232100233666,0.2732015029757823
1719,olympus,dino_clicks,3+6 clicks,2,0.5632171762403491,8,6,23,2,29,0.6883337474768448,,
1719,olympus,sam,3+6 clicks,2,0.2296480906759262,8,1,83,7,84,0.2929408068931472,,
1719,olympus,microsam,3+6 clicks,2,0.3742673531103702,8,3,129,5,132,0.6837739054906946,,
1719,olympus,rf_clicks,3+6 clicks,2,0.4204600080186795,8,3,24,5,27,0.5590741767939085,,
1719,olympus,dino_multi,3+6 clicks,2,0.3902611274230229,8,3,89,5,92,0.6767984121109295,0.286316070373406,0.6022985474316319
1719,olympus,dino_clicks,10+20 clicks,0,0.5914235057287305,8,6,54,2,60,0.882143783287786,,
1719,olympus,sam,10+20 clicks,0,0.3692882882425091,8,2,377,6,379,0.565742141042771,,
1719,olympus,microsam,10+20 clicks,0,0.4296909710655787,8,3,163,5,166,0.8598977631654154,,
1719,olympus,rf_clicks,10+20 clicks,0,0.3253901084090267,8,1,83,7,84,0.7754338513365779,,
1719,olympus,dino_multi,10+20 clicks,0,0.7451722113483312,8,6,28,2,34,0.881263863854555,0.8710109825625212,0.674150639667881
1719,olympus,dino_clicks,10+20 clicks,1,0.7696940501751244,8,7,22,1,29,0.8653376589134846,,
1719,olympus,sam,10+20 clicks,1,0.6022816380377642,8,5,209,3,214,0.8409706979565642,,
1719,olympus,microsam,10+20 clicks,1,0.2710247285212229,8,0,104,8,104,0.7864940620064879,,
1719,olympus,rf_clicks,10+20 clicks,1,0.4266065442020587,8,2,57,6,59,0.7642789193026145,,
1719,olympus,dino_multi,10+20 clicks,1,0.6193639221263818,8,6,38,2,44,0.8385165629655595,0.8361995451961342,0.5920927664273882
1719,olympus,dino_clicks,10+20 clicks,2,0.598923459654053,8,6,67,2,73,0.8962178001224272,,
1719,olympus,sam,10+20 clicks,2,0.6202568155135655,8,6,177,2,183,0.86055543258603,,
1719,olympus,microsam,10+20 clicks,2,0.3333722938176804,8,3,148,5,151,0.8173093647366967,,
1719,olympus,rf_clicks,10+20 clicks,2,0.2443999749965338,8,1,185,7,186,0.8336881121100934,,
1719,olympus,dino_multi,10+20 clicks,2,0.6560707856879571,8,7,29,1,36,0.8381649261290209,0.7558447620224318,0.6352124585639658
1738,olympus,otsu,no input,0,0.8013125891387661,5,4,97,1,101,0.8772185239496847,,
1738,olympus,dino_labels,5 labelled training images,0,0.5754730549217311,5,3,21,2,24,0.8838194094788075,,
1738,olympus,dino_clicks,3+6 clicks,0,0.7354325275815039,5,4,70,1,74,0.8533965595664896,,
1738,olympus,sam,3+6 clicks,0,0.6518352640424927,5,4,100,1,104,0.8249063567961077,,
1738,olympus,microsam,3+6 clicks,0,0.4957402864468946,5,3,101,2,104,0.8810547302670247,,
1738,olympus,rf_clicks,3+6 clicks,0,0.4951196518900463,5,3,25,2,28,0.8626550877168428,,
1738,olympus,dino_multi,3+6 clicks,0,0.4686490319596925,5,3,112,2,115,0.7698899817688317,0.5520338935072042,0.4153664048208328
1738,olympus,dino_clicks,3+6 clicks,1,0.7061343420947802,5,5,39,0,44,0.820440724997048,,
1738,olympus,sam,3+6 clicks,1,0.4211063679525003,5,3,58,2,61,0.6685391853710171,,
1738,olympus,microsam,3+6 clicks,1,0.4552200155641171,5,3,88,2,91,0.7535845581871932,,
1738,olympus,rf_clicks,3+6 clicks,1,0.4483811388387465,5,2,75,3,77,0.8020058378863858,,
1738,olympus,dino_multi,3+6 clicks,1,0.4965373013025128,5,2,99,3,101,0.6419217164445323,0.7630577191764204,0.4114910979911763
1738,olympus,dino_clicks,3+6 clicks,2,0.0673816642181514,5,0,54,5,54,0.6445699343496161,,
1738,olympus,sam,3+6 clicks,2,0.2295068154442075,5,0,70,5,70,0.5620665357872485,,
1738,olympus,microsam,3+6 clicks,2,0.2871720827862026,5,1,27,4,28,0.6478272688439284,,
1738,olympus,rf_clicks,3+6 clicks,2,0.3288418159684107,5,1,172,4,173,0.7435657248157248,,
1738,olympus,dino_multi,3+6 clicks,2,0.1477976226840244,5,0,101,5,101,0.6938296512996402,0.5781775111462055,0.3302584008378648
1738,olympus,dino_clicks,10+20 clicks,0,0.8800303738446165,5,5,114,0,119,0.9194065656565656,,
1738,olympus,sam,10+20 clicks,0,0.6975786973077517,5,3,154,2,157,0.9472478340419545,,
1738,olympus,microsam,10+20 clicks,0,0.626881139856778,5,3,70,2,73,0.9016209638868368,,
1738,olympus,rf_clicks,10+20 clicks,0,0.6581312738602508,5,4,179,1,183,0.8099154703731606,,
1738,olympus,dino_multi,10+20 clicks,0,0.6872875205286363,5,4,56,1,60,0.9247499942451816,0.8915191135084428,0.6969991997866097
1738,olympus,dino_clicks,10+20 clicks,1,0.6323486711834783,5,3,42,2,45,0.7969255539369777,,
1738,olympus,sam,10+20 clicks,1,0.8538835489868719,5,5,146,0,151,0.9302510534353186,,
1738,olympus,microsam,10+20 clicks,1,0.256797842709686,5,0,177,5,177,0.8722548716362512,,
1738,olympus,rf_clicks,10+20 clicks,1,0.386370532455642,5,2,109,3,111,0.9143704777465204,,
1738,olympus,dino_multi,10+20 clicks,1,0.6478938416347169,5,4,95,1,99,0.913169647185042,0.8426283303383076,0.76875751076663
1738,olympus,dino_clicks,10+20 clicks,2,0.685133781063773,5,3,40,2,43,0.9042892602903226,,
1738,olympus,sam,10+20 clicks,2,0.7496999462709357,5,4,105,1,109,0.8481985588470776,,
1738,olympus,microsam,10+20 clicks,2,0.6226183541740005,5,3,120,2,123,0.901562259482035,,
1738,olympus,rf_clicks,10+20 clicks,2,0.7994693324398028,5,4,50,1,54,0.8748636609926184,,
1738,olympus,dino_multi,10+20 clicks,2,0.5550664788149445,5,2,112,3,114,0.8878949394807132,0.8842555226736017,0.680057880915376
1739,olympus,otsu,no input,0,0.4792134626625184,3,1,163,2,164,0.9505237162564932,,
1739,olympus,dino_labels,5 labelled training images,0,0.4523808422156623,3,1,14,2,15,0.9279556958853306,,
1739,olympus,dino_clicks,3+6 clicks,0,0.3654100943145135,3,0,74,3,74,0.8773218317137529,,
1739,olympus,sam,3+6 clicks,0,0.4725623384839472,3,0,46,3,46,0.8414561130403545,,
1739,olympus,microsam,3+6 clicks,0,0.2221569555738691,3,0,56,3,56,0.8859145655733406,,
1739,olympus,rf_clicks,3+6 clicks,0,0.4548096423393291,3,0,143,3,143,0.937815019762846,,
1739,olympus,dino_multi,3+6 clicks,0,0.6159207229656114,3,2,46,1,48,0.8799110849246097,0.8880674718867139,0.7190457740632091
1739,olympus,dino_clicks,3+6 clicks,1,0.3923626069772871,3,0,105,3,105,0.8907758165718642,,
1739,olympus,sam,3+6 clicks,1,0.5585936588327037,3,2,67,1,69,0.9188753248364616,,
1739,olympus,microsam,3+6 clicks,1,0.5271209032557921,3,1,11,2,12,0.9115323949405958,,
1739,olympus,rf_clicks,3+6 clicks,1,0.1388772109642965,3,0,112,3,112,0.846527321522032,,
1739,olympus,dino_multi,3+6 clicks,1,0.4103618821709672,3,0,51,3,51,0.8134823492509428,0.8128727704440738,0.5630858161583966
1739,olympus,dino_clicks,3+6 clicks,2,0.5366706449059852,3,1,26,2,27,0.890423002259867,,
1739,olympus,sam,3+6 clicks,2,0.3863098308998693,3,1,82,2,83,0.8059411168076918,,
1739,olympus,microsam,3+6 clicks,2,0.3989642196530849,3,0,56,3,56,0.8915250063036174,,
1739,olympus,rf_clicks,3+6 clicks,2,0.3756345778065756,3,0,54,3,54,0.9067658099394724,,
1739,olympus,dino_multi,3+6 clicks,2,0.5353528865961003,3,3,27,0,30,0.8658266303034488,0.9216587637697422,0.6934699352002973
1739,olympus,dino_clicks,10+20 clicks,0,0.5889311746617878,3,2,16,1,18,0.935372717179065,,
1739,olympus,sam,10+20 clicks,0,0.3541637312399164,3,0,103,3,103,0.6249577391530493,,
1739,olympus,microsam,10+20 clicks,0,0.5570954302538819,3,1,24,2,25,0.9144098078612076,,
1739,olympus,rf_clicks,10+20 clicks,0,0.4381430042629939,3,0,48,3,48,0.8956046467588269,,
1739,olympus,dino_multi,10+20 clicks,0,0.7460318312727502,3,3,45,0,48,0.9145676679730884,0.9230030564566182,0.7608120788194148
1739,olympus,dino_clicks,10+20 clicks,1,0.564092714579009,3,1,28,2,29,0.9154788391481872,,
1739,olympus,sam,10+20 clicks,1,0.4775176695978871,3,1,181,2,182,0.8927542343102115,,
1739,olympus,microsam,10+20 clicks,1,0.5338392545745944,3,1,10,2,11,0.9136767189819852,,
1739,olympus,rf_clicks,10+20 clicks,1,0.4256348906594719,3,0,64,3,64,0.8937012187655085,,
1739,olympus,dino_multi,10+20 clicks,1,0.1455732229171858,3,0,60,3,60,0.8145620144655773,0.9024223347475024,0.616974043715847
1739,olympus,dino_clicks,10+20 clicks,2,0.5950590721311754,3,2,11,1,13,0.9344398121966936,,
1739,olympus,sam,10+20 clicks,2,0.6319312463729615,3,2,207,1,209,0.9674760683266151,,
1739,olympus,microsam,10+20 clicks,2,0.5763699044472914,3,1,30,2,31,0.9281923521886304,,
1739,olympus,rf_clicks,10+20 clicks,2,0.4491633290912564,3,1,125,2,126,0.9167761512554604,,
1739,olympus,dino_multi,10+20 clicks,2,0.5549334854566691,3,1,71,2,72,0.8963219532433571,0.8411028954460645,0.7261999345702669
1742,olympus,otsu,no input,0,0.5360254154883273,6,4,81,2,85,0.7391080979422585,,
1742,olympus,dino_labels,5 labelled training images,0,0.5631670768413827,6,2,19,4,21,0.8382435585225048,,
1742,olympus,dino_clicks,3+6 clicks,0,0.3664344568541945,6,2,29,4,31,0.8803059903656983,,
1742,olympus,sam,3+6 clicks,0,0.3208653168070567,6,2,18,4,20,0.6469664707440806,,
1742,olympus,microsam,3+6 clicks,0,0.1059296255013415,6,0,25,6,25,0.7151026357731521,,
1742,olympus,rf_clicks,3+6 clicks,0,0.5027260966490181,6,2,49,4,51,0.8772946707723325,,
1742,olympus,dino_multi,3+6 clicks,0,0.2100761401213755,6,1,47,5,48,0.752954102273058,0.7098885914154935,0.5550480500614594
1742,olympus,dino_clicks,3+6 clicks,1,0.4483384724524311,6,2,13,4,15,0.8759257064490459,,
1742,olympus,sam,3+6 clicks,1,0.0529743302826453,6,0,220,6,220,0.7886819155697372,,
1742,olympus,microsam,3+6 clicks,1,0.0385204906199926,6,0,232,6,232,0.8137377590941122,,
1742,olympus,rf_clicks,3+6 clicks,1,0.3378479395462065,6,2,15,4,17,0.8478775979960734,,
1742,olympus,dino_multi,3+6 clicks,1,0.4729715441209918,6,3,98,3,101,0.7300002286080058,0.8054822220973993,0.3676061843133849
1742,olympus,dino_clicks,3+6 clicks,2,0.4844791397504187,6,2,30,4,32,0.6729922761843267,,
1742,olympus,sam,3+6 clicks,2,0.4209894016014676,6,3,60,3,63,0.7603751359188111,,
1742,olympus,microsam,3+6 clicks,2,0.1032101989069376,6,0,82,6,82,0.7873334300178416,,
1742,olympus,rf_clicks,3+6 clicks,2,0.255162291756195,6,0,630,6,630,0.5967558379775029,,
1742,olympus,dino_multi,3+6 clicks,2,0.3448449516884794,6,1,79,5,80,0.6737001364367056,0.6317182243374088,0.6618229747211352
1742,olympus,dino_clicks,10+20 clicks,0,0.8430260670160726,6,6,21,0,27,0.9080392624078586,,
1742,olympus,sam,10+20 clicks,0,0.7138702413228254,6,5,48,1,53,0.9221002789179068,,
1742,olympus,microsam,10+20 clicks,0,0.0413220106625107,6,0,314,6,314,0.8234878245206347,,
1742,olympus,rf_clicks,10+20 clicks,0,0.3781120020049864,6,2,103,4,105,0.8817321118295744,,
1742,olympus,dino_multi,10+20 clicks,0,0.6994473953257557,6,5,53,1,58,0.8467205870338599,0.7466416540924106,0.7159942640036663
1742,olympus,dino_clicks,10+20 clicks,1,0.6571570415461966,6,5,23,1,28,0.8840162915060316,,
1742,olympus,sam,10+20 clicks,1,0.7550538989466539,6,5,48,1,53,0.9418219267858816,,
1742,olympus,microsam,10+20 clicks,1,0.3111346685006914,6,2,351,4,353,0.8489920869077461,,
1742,olympus,rf_clicks,10+20 clicks,1,0.382236384616641,6,2,109,4,111,0.8678210498107639,,
1742,olympus,dino_multi,10+20 clicks,1,0.7594221054542131,6,6,43,0,49,0.8905608249859646,0.8815600162036067,0.7278054033509644
1742,olympus,dino_clicks,10+20 clicks,2,0.6671873711832191,6,5,22,1,27,0.8892939341046355,,
1742,olympus,sam,10+20 clicks,2,0.7576413284958895,6,5,45,1,50,0.9416443128505912,,
1742,olympus,microsam,10+20 clicks,2,0.3284903570232163,6,2,255,4,257,0.8564762959312335,,
1742,olympus,rf_clicks,10+20 clicks,2,0.5454367639401471,6,2,173,4,175,0.9341380292843212,,
1742,olympus,dino_multi,10+20 clicks,2,0.4880826558095145,6,1,57,5,58,0.8204845099694745,0.8724308150186814,0.6969092472184895
1745,olympus,otsu,no input,0,0.4355519460877003,4,1,86,3,87,0.58092378467666,,
1745,olympus,dino_labels,5 labelled training images,0,0.4853364512889166,4,1,8,3,9,0.898501779396354,,
1745,olympus,dino_clicks,3+6 clicks,0,0.7130926576119261,4,4,68,0,72,0.8606440388821796,,
1745,olympus,sam,3+6 clicks,0,0.0812362110159555,4,0,221,4,221,0.5813321545122411,,
1745,olympus,microsam,3+6 clicks,0,0.4096555739822283,4,2,113,2,115,0.5858036106801725,,
1745,olympus,rf_clicks,3+6 clicks,0,0.3679420267672315,4,0,45,4,45,0.8682161647340971,,
1745,olympus,dino_multi,3+6 clicks,0,0.4001016959532322,4,0,156,4,156,0.7462068577887832,0.7820119652103966,0.6713502381520013
1745,olympus,dino_clicks,3+6 clicks,1,0.3308315043132823,4,0,57,4,57,0.6427351460830398,,
1745,olympus,sam,3+6 clicks,1,0.2751227377761244,4,0,403,4,403,0.7185714330102879,,
1745,olympus,microsam,3+6 clicks,1,0.7512016306277739,4,3,18,1,21,0.8542654940629534,,
1745,olympus,rf_clicks,3+6 clicks,1,0.4382252888966739,4,1,214,3,215,0.7669279351071042,,
1745,olympus,dino_multi,3+6 clicks,1,0.3343082652397331,4,1,93,3,94,0.5780838873553878,0.6491975355594433,0.4862286720891337
1745,olympus,dino_clicks,3+6 clicks,2,0.6751549719226483,4,3,49,1,52,0.8247735284084449,,
1745,olympus,sam,3+6 clicks,2,0.5279085853801538,4,3,101,1,104,0.6828347866874187,,
1745,olympus,microsam,3+6 clicks,2,0.5282615381416959,4,3,58,1,61,0.7868059108927371,,
1745,olympus,rf_clicks,3+6 clicks,2,0.8224734380740819,4,4,44,0,48,0.9386329712306172,,
1745,olympus,dino_multi,3+6 clicks,2,0.5171775157427626,4,2,107,2,109,0.7352555571333745,0.8461862889428242,0.4836072129493481
1745,olympus,dino_clicks,10+20 clicks,0,0.7902307458295852,4,4,42,0,46,0.897038056908847,,
1745,olympus,sam,10+20 clicks,0,0.7195026346400549,4,3,341,1,344,0.8624208679734574,,
1745,olympus,microsam,10+20 clicks,0,0.082671326566094,4,0,130,4,130,0.7490758778798309,,
1745,olympus,rf_clicks,10+20 clicks,0,0.414234429550145,4,1,51,3,52,0.9218251953019482,,
1745,olympus,dino_multi,10+20 clicks,0,0.5644579096689539,4,2,112,2,114,0.8248566169289684,0.902660967875362,0.660560753656334
1745,olympus,dino_clicks,10+20 clicks,1,0.4700670383249867,4,1,38,3,39,0.7735066605731309,,
1745,olympus,sam,10+20 clicks,1,0.6300967148354143,4,3,139,1,142,0.8046221633177116,,
1745,olympus,microsam,10+20 clicks,1,0.431153899961425,4,1,98,3,99,0.8530128962517911,,
1745,olympus,rf_clicks,10+20 clicks,1,0.3512934380595789,4,0,71,4,71,0.853071450405471,,
1745,olympus,dino_multi,10+20 clicks,1,0.3341602376666154,4,0,33,4,33,0.8835827183341233,0.9032926700464724,0.7135034521567863
1745,olympus,dino_clicks,10+20 clicks,2,0.72123252294646,4,3,62,1,65,0.8378562136956191,,
1745,olympus,sam,10+20 clicks,2,0.6532541508472797,4,2,169,2,171,0.8078055554645767,,
1745,olympus,microsam,10+20 clicks,2,0.730868338338435,4,4,129,0,133,0.8594483028077496,,
1745,olympus,rf_clicks,10+20 clicks,2,0.6307425425538075,4,3,64,1,67,0.9275410178932132,,
1745,olympus,dino_multi,10+20 clicks,2,0.449567698283365,4,1,97,3,98,0.848546644796146,0.9219894561598224,0.6990244759152523
1747,olympus,otsu,no input,0,0.4072831487909825,8,2,131,6,133,0.5795648888358589,,
1747,olympus,dino_labels,5 labelled training images,0,0.5214917383163321,8,3,20,5,23,0.9070861049104636,,
1747,olympus,dino_clicks,3+6 clicks,0,0.3646057957006628,8,2,35,6,37,0.8233218506109489,,
1747,olympus,sam,3+6 clicks,0,0.1845350901563708,8,0,177,8,177,0.5124937346273662,,
1747,olympus,microsam,3+6 clicks,0,0.1864105479697763,8,0,37,8,37,0.4706162174905071,,
1747,olympus,rf_clicks,3+6 clicks,0,0.4097060205430595,8,2,64,6,66,0.6601272944968086,,
1747,olympus,dino_multi,3+6 clicks,0,0.3016611778771157,8,0,89,8,89,0.7392612239617027,0.4555082978900842,0.6861644504719362
1747,olympus,dino_clicks,3+6 clicks,1,0.1680878784080571,8,0,80,8,80,0.3960598991786819,,
1747,olympus,sam,3+6 clicks,1,0.1894734512491397,8,1,144,7,145,0.3857401102220412,,
1747,olympus,microsam,3+6 clicks,1,0.311722316612943,8,1,66,7,67,0.8559545135914012,,
1747,olympus,rf_clicks,3+6 clicks,1,0.0677459712280972,8,0,25,8,25,0.8818133689347205,,
1747,olympus,dino_multi,3+6 clicks,1,0.1449973007552829,8,0,109,8,109,0.3563056907144447,0.4560386795228341,0.2716584681440911
1747,olympus,dino_clicks,3+6 clicks,2,0.3674074774874835,8,1,80,7,81,0.5942450747644762,,
1747,olympus,sam,3+6 clicks,2,0.2474154198936952,8,2,93,6,95,0.3911489337981684,,
1747,olympus,microsam,3+6 clicks,2,0.1212819162489418,8,0,73,8,73,0.8177858309605206,,
1747,olympus,rf_clicks,3+6 clicks,2,0.3650370138820865,8,2,298,6,300,0.6695889469047466,,
1747,olympus,dino_multi,3+6 clicks,2,0.2220272889129032,8,0,127,8,127,0.5162201899488473,0.6435101242631074,0.3056586287795035
1747,olympus,dino_clicks,10+20 clicks,0,0.3251167598699211,8,1,41,7,42,0.920859355769396,,
1747,olympus,sam,10+20 clicks,0,0.8730984670740214,8,8,52,0,60,0.9357342915552194,,
1747,olympus,microsam,10+20 clicks,0,0.2134908599790838,8,1,61,7,62,0.8675561655646911,,
1747,olympus,rf_clicks,10+20 clicks,0,0.0654076188781309,8,0,52,8,52,0.8990671975451576,,
1747,olympus,dino_multi,10+20 clicks,0,0.482936768787838,8,3,77,5,80,0.8140198143805709,0.8547226725542347,0.6567382188437639
1747,olympus,dino_clicks,10+20 clicks,1,0.6310369402674421,8,5,58,3,63,0.9127691519405154,,
1747,olympus,sam,10+20 clicks,1,0.7258361863924527,8,6,126,2,132,0.8674253140090299,,
1747,olympus,microsam,10+20 clicks,1,0.4493552098733463,8,2,40,6,42,0.8780882613575943,,
1747,olympus,rf_clicks,10+20 clicks,1,0.289967934190534,8,2,118,6,120,0.8479144189333283,,
1747,olympus,dino_multi,10+20 clicks,1,0.3325175152381502,8,0,68,8,68,0.7642045356199523,0.8606661389320933,0.6212989478680484
1747,olympus,dino_clicks,10+20 clicks,2,0.8447403029188985,8,8,40,0,48,0.9118951549183004,,
1747,olympus,sam,10+20 clicks,2,0.6745488057705873,8,6,141,2,147,0.8243225109532148,,
1747,olympus,microsam,10+20 clicks,2,0.229327328434484,8,1,28,7,29,0.8759534827384419,,
1747,olympus,rf_clicks,10+20 clicks,2,0.0962835392126763,8,0,360,8,360,0.9039179543997568,,
1747,olympus,dino_multi,10+20 clicks,2,0.4275242320033272,8,2,125,6,127,0.893425677833053,0.886300791412965,0.7801033605343982
1762,olympus,otsu,no input,0,0.4252965521242905,4,0,64,4,64,0.5873894339987433,,
1762,olympus,dino_labels,5 labelled training images,0,0.7311939713008562,4,3,16,1,19,0.9369035386021584,,
1762,olympus,dino_clicks,3+6 clicks,0,0.2998070712843927,4,1,41,3,42,0.8889439168867014,,
1762,olympus,sam,3+6 clicks,0,0.7135336881895793,4,3,67,1,70,0.8153122229849971,,
1762,olympus,microsam,3+6 clicks,0,0.1765652658697538,4,0,21,4,21,0.7879338213726261,,
1762,olympus,rf_clicks,3+6 clicks,0,0.2253171387885251,4,0,16,4,16,0.9031889762709284,,
1762,olympus,dino_multi,3+6 clicks,0,0.3683010166760716,4,0,74,4,74,0.7622349330357143,0.6724478986003168,0.5365220276160296
1762,olympus,dino_clicks,3+6 clicks,1,0.332933274745615,4,1,27,3,28,0.9085439325446952,,
1762,olympus,sam,3+6 clicks,1,0.7959718349992704,4,3,86,1,89,0.8959723707336259,,
1762,olympus,microsam,3+6 clicks,1,0.4105601956759284,4,1,5,3,6,0.94077260296563,,
1762,olympus,rf_clicks,3+6 clicks,1,0.240735809020954,4,0,32,4,32,0.9001504190244252,,
1762,olympus,dino_multi,3+6 clicks,1,0.3630726235126337,4,0,144,4,144,0.7592860522830871,0.8610129564193169,0.6010186545011406
1762,olympus,dino_clicks,3+6 clicks,2,0.7665215627475673,4,4,59,0,63,0.9146857518629592,,
1762,olympus,sam,3+6 clicks,2,0.4222465850583886,4,2,100,2,102,0.7159087613468287,,
1762,olympus,microsam,3+6 clicks,2,0.2043575194081383,4,0,39,4,39,0.8007030196512174,,
1762,olympus,rf_clicks,3+6 clicks,2,0.3917235938432556,4,1,103,3,104,0.9073464749177412,,
1762,olympus,dino_multi,3+6 clicks,2,0.522244016470434,4,2,140,2,142,0.7220390414486894,0.8259758159512152,0.4480095541401274
1762,olympus,dino_clicks,10+20 clicks,0,0.4338389702474038,4,1,72,3,73,0.845330786855219,,
1762,olympus,sam,10+20 clicks,0,0.8066930753242193,4,4,178,0,182,0.8965681645794956,,
1762,olympus,microsam,10+20 clicks,0,0.4489534627708924,4,1,33,3,34,0.8355827570840487,,
1762,olympus,rf_clicks,10+20 clicks,0,0.4337202956500821,4,1,123,3,124,0.8241155439678872,,
1762,olympus,dino_multi,10+20 clicks,0,0.4936176739830389,4,1,70,3,71,0.8612309171167297,0.9130017337486962,0.7091408761877391
1762,olympus,dino_clicks,10+20 clicks,1,0.7349281283891812,4,3,69,1,72,0.8535717763136542,,
1762,olympus,sam,10+20 clicks,1,0.2411516028172446,4,0,401,4,401,0.6220967676641286,,
1762,olympus,microsam,10+20 clicks,1,0.5418360927708206,4,2,34,2,36,0.8490190648088903,,
1762,olympus,rf_clicks,10+20 clicks,1,0.3823745588909746,4,0,319,4,319,0.8024979625629018,,
1762,olympus,dino_multi,10+20 clicks,1,0.4557567366856738,4,1,96,3,97,0.8530841480391059,0.8896007810473968,0.7568868010581046
1762,olympus,dino_clicks,10+20 clicks,2,0.6126889344487348,4,2,54,2,56,0.8173492509046637,,
1762,olympus,sam,10+20 clicks,2,0.3829755581557378,4,1,204,3,205,0.6717632331902719,,
1762,olympus,microsam,10+20 clicks,2,0.3225961669261156,4,1,21,3,22,0.8859706052965602,,
1762,olympus,rf_clicks,10+20 clicks,2,0.358025554022528,4,1,53,3,54,0.8630858984533553,,
1762,olympus,dino_multi,10+20 clicks,2,0.47177857688792,4,1,78,3,79,0.8668918664845013,0.90629634229193,0.7244618146760496
1766,olympus,otsu,no input,0,0.0564115954401972,4,0,203,4,203,0.8331841634200273,,
1766,olympus,dino_labels,5 labelled training images,0,0.6062340695651764,4,2,20,2,22,0.9182031109242688,,
1766,olympus,dino_clicks,3+6 clicks,0,0.5901972490453777,4,3,24,1,27,0.8907716689016214,,
1766,olympus,sam,3+6 clicks,0,0.4747859855158181,4,2,75,2,77,0.8233294517567075,,
1766,olympus,microsam,3+6 clicks,0,0.0759786189110284,4,0,52,4,52,0.7529972479095711,,
1766,olympus,rf_clicks,3+6 clicks,0,0.6526333513684845,4,4,230,0,234,0.7903743250400258,,
1766,olympus,dino_multi,3+6 clicks,0,0.5182424244070986,4,2,38,2,40,0.6865929933094417,0.7804459031526045,0.4449718446888174
1766,olympus,dino_clicks,3+6 clicks,1,0.6118522236416549,4,4,44,0,48,0.7777805711987128,,
1766,olympus,sam,3+6 clicks,1,0.2965966788847643,4,0,215,4,215,0.4482438451159889,,
1766,olympus,microsam,3+6 clicks,1,0.0481901135968053,4,0,70,4,70,0.8331121189456072,,
1766,olympus,rf_clicks,3+6 clicks,1,0.0565853978948206,4,0,119,4,119,0.7312046161493484,,
1766,olympus,dino_multi,3+6 clicks,1,0.2700715171539604,4,1,107,3,108,0.6531202013308309,0.3402680067001675,0.3468249757230526
1766,olympus,dino_clicks,3+6 clicks,2,0.9009513127929336,4,4,82,0,86,0.9445020535968444,,
1766,olympus,sam,3+6 clicks,2,0.4609352924448066,4,2,119,2,121,0.8090781248153531,,
1766,olympus,microsam,3+6 clicks,2,0.0716041856342423,4,0,29,4,29,0.753473944100362,,
1766,olympus,rf_clicks,3+6 clicks,2,0.1095138603969593,4,0,269,4,269,0.8207319715472453,,
1766,olympus,dino_multi,3+6 clicks,2,0.8329660638276969,4,4,47,0,51,0.9117122868619156,0.8530853502067135,0.7914827206550438
1766,olympus,dino_clicks,10+20 clicks,0,0.9132312509973626,4,4,25,0,29,0.9536130317346098,,
1766,olympus,sam,10+20 clicks,0,0.4312637636481923,4,1,140,3,141,0.813045592423646,,
1766,olympus,microsam,10+20 clicks,0,0.1061060198065202,4,0,285,4,285,0.8216732972594971,,
1766,olympus,rf_clicks,10+20 clicks,0,0.2989209144389096,4,1,175,3,176,0.8148512680064404,,
1766,olympus,dino_multi,10+20 clicks,0,0.736649729748396,4,4,36,0,40,0.8810978550073466,0.8671245284749532,0.7509740925558821
1766,olympus,dino_clicks,10+20 clicks,1,0.7003599297716585,4,4,33,0,37,0.8291101452044326,,
1766,olympus,sam,10+20 clicks,1,0.6376857077785641,4,3,163,1,166,0.9567776214550384,,
1766,olympus,microsam,10+20 clicks,1,0.1167097902966475,4,0,132,4,132,0.7615717291358217,,
1766,olympus,rf_clicks,10+20 clicks,1,0.2961733166847733,4,1,253,3,254,0.7861034140220631,,
1766,olympus,dino_multi,10+20 clicks,1,0.8241707729423955,4,4,41,0,45,0.9362353002802442,0.8950735342610301,0.8499722376457524
1766,olympus,dino_clicks,10+20 clicks,2,0.6880943152157769,4,3,59,1,62,0.8528917800118273,,
1766,olympus,sam,10+20 clicks,2,0.6018419417790041,4,3,192,1,195,0.8963665035872098,,
1766,olympus,microsam,10+20 clicks,2,0.4506834718759122,4,2,147,2,149,0.8654406417650368,,
1766,olympus,rf_clicks,10+20 clicks,2,0.5029788635459393,4,1,196,3,197,0.7447900620251472,,
1766,olympus,dino_multi,10+20 clicks,2,0.6272142271138663,4,3,52,1,55,0.8611059171497051,0.7806481361062177,0.7712943716480816
1770,olympus,otsu,no input,0,0.4727387117543745,3,1,87,2,88,0.6242485488002633,,
1770,olympus,dino_labels,5 labelled training images,0,0.4028905398167138,3,1,30,2,31,0.8490808037622916,,
1770,olympus,dino_clicks,3+6 clicks,0,0.2895530682557855,3,0,70,3,70,0.8288996065490545,,
1770,olympus,sam,3+6 clicks,0,0.0619079055004696,3,0,285,3,285,0.7743640699523052,,
1770,olympus,microsam,3+6 clicks,0,0.5956590461504933,3,2,141,1,143,0.8073451898669011,,
1770,olympus,rf_clicks,3+6 clicks,0,0.3592489930303649,3,1,73,2,74,0.7540929010967385,,
1770,olympus,dino_multi,3+6 clicks,0,0.379934359055442,3,1,77,2,78,0.5771973200323279,0.5792320231450995,0.2895814355775158
1770,olympus,dino_clicks,3+6 clicks,1,0.6987726755183602,3,2,43,1,45,0.8262899938984755,,
1770,olympus,sam,3+6 clicks,1,0.3472802350411655,3,0,34,3,34,0.54541142503609,,
1770,olympus,microsam,3+6 clicks,1,0.6985360179209611,3,2,112,1,114,0.9147715500303648,,
1770,olympus,rf_clicks,3+6 clicks,1,0.4112452247043569,3,0,115,3,115,0.6691447769471576,,
1770,olympus,dino_multi,3+6 clicks,1,0.2165974850206495,3,0,173,3,173,0.7183128546044553,0.4477726129342622,0.6143949194401975
1770,olympus,dino_clicks,3+6 clicks,2,0.3156759046364521,3,0,62,3,62,0.4937370737657103,,
1770,olympus,sam,3+6 clicks,2,0.5695686631209985,3,1,176,2,177,0.7394957242740517,,
1770,olympus,microsam,3+6 clicks,2,0.1505077488700549,3,0,59,3,59,0.895486554122976,,
1770,olympus,rf_clicks,3+6 clicks,2,0.3499105295978024,3,1,93,2,94,0.7792588978682887,,
1770,olympus,dino_multi,3+6 clicks,2,0.2668930485554841,3,0,148,3,148,0.6335182386480731,0.4391899132049862,0.7195022439820481
1770,olympus,dino_clicks,10+20 clicks,0,0.4857224118343146,3,1,75,2,76,0.8990262771775377,,
1770,olympus,sam,10+20 clicks,0,0.0694907239054864,3,0,417,3,417,0.7233534482430825,,
1770,olympus,microsam,10+20 clicks,0,0.1831650187884072,3,0,106,3,106,0.9237123535292672,,
1770,olympus,rf_clicks,10+20 clicks,0,0.2613478406339803,3,1,115,2,116,0.7952208197163674,,
1770,olympus,dino_multi,10+20 clicks,0,0.2692130262435588,3,0,119,3,119,0.8720378219758722,0.869945551758531,0.7014569931655027
1770,olympus,dino_clicks,10+20 clicks,1,0.6695762444850794,3,2,38,1,40,0.8206412704794451,,
1770,olympus,sam,10+20 clicks,1,0.0778410621971015,3,0,349,3,349,0.217263674197384,,
1770,olympus,microsam,10+20 clicks,1,0.1226651001358083,3,0,40,3,40,0.8942235704771072,,
1770,olympus,rf_clicks,10+20 clicks,1,0.3635780429077211,3,1,30,2,31,0.7872583544901118,,
1770,olympus,dino_multi,10+20 clicks,1,0.2311764213282051,3,0,122,3,122,0.8522097769570922,0.9068003878493176,0.6739134142528213
1770,olympus,dino_clicks,10+20 clicks,2,0.6198583470879037,3,2,49,1,51,0.8471852996469704,,
1770,olympus,sam,10+20 clicks,2,0.6094863918661395,3,2,462,1,464,0.8740693942896526,,
1770,olympus,microsam,10+20 clicks,2,0.1393344987030374,3,0,67,3,67,0.9050264164934256,,
1770,olympus,rf_clicks,10+20 clicks,2,0.3595961195231151,3,0,884,3,884,0.826122117362963,,
1770,olympus,dino_multi,10+20 clicks,2,0.3886735589974681,3,0,80,3,80,0.8013640929268055,0.8856195607128057,0.7040438678528892
1774,olympus,otsu,no input,0,0.678628269334001,6,3,122,3,125,0.7649487336185238,,
1774,olympus,dino_labels,5 labelled training images,0,0.2411832930712231,6,0,21,6,21,0.9129054368985275,,
1774,olympus,dino_clicks,3+6 clicks,0,0.3839771852314145,6,2,40,4,42,0.8231603343100052,,
1774,olympus,sam,3+6 clicks,0,0.3553793305794175,6,2,57,4,59,0.4749967928159076,,
1774,olympus,microsam,3+6 clicks,0,0.0763119212982495,6,0,49,6,49,0.8322788043606411,,
1774,olympus,rf_clicks,3+6 clicks,0,0.6608648342979074,6,3,94,3,97,0.8075439825575685,,
1774,olympus,dino_multi,3+6 clicks,0,0.2349337187410897,6,1,98,5,99,0.3857520165607823,0.3716083332623854,0.0981193630681979
1774,olympus,dino_clicks,3+6 clicks,1,0.5269034452436626,6,3,99,3,102,0.7502331232868971,,
1774,olympus,sam,3+6 clicks,1,0.0316266003561895,6,0,147,6,147,0.7210330872879943,,
1774,olympus,microsam,3+6 clicks,1,0.1372521612271721,6,1,149,5,150,0.8231706992891739,,
1774,olympus,rf_clicks,3+6 clicks,1,0.16719589252134,6,0,175,6,175,0.4458215995340057,,
1774,olympus,dino_multi,3+6 clicks,1,0.2381120566602621,6,0,72,6,72,0.4400966350899676,0.4641938690185065,0.0749884586820818
1774,olympus,dino_clicks,3+6 clicks,2,0.6192231388812517,6,3,31,3,34,0.6747805490277866,,
1774,olympus,sam,3+6 clicks,2,0.4191148268546967,6,2,121,4,123,0.5027203482045702,,
1774,olympus,microsam,3+6 clicks,2,0.1951651059642545,6,0,47,6,47,0.7420223911872119,,
1774,olympus,rf_clicks,3+6 clicks,2,0.4314433375505628,6,2,57,4,59,0.548252443806713,,
1774,olympus,dino_multi,3+6 clicks,2,0.3421376436007926,6,2,96,4,98,0.4020562286368761,0.1060104305062563,0.0686832890351432
1774,olympus,dino_clicks,10+20 clicks,0,0.8475151581247964,6,6,51,0,57,0.9219067025689542,,
1774,olympus,sam,10+20 clicks,0,0.7657109638101033,6,5,173,1,178,0.8398396478234436,,
1774,olympus,microsam,10+20 clicks,0,0.1735731979571166,6,0,166,6,166,0.7947172556590839,,
1774,olympus,rf_clicks,10+20 clicks,0,0.3634378234504739,6,2,80,4,82,0.9063803884677109,,
1774,olympus,dino_multi,10+20 clicks,0,0.8484007558751884,6,6,89,0,95,0.9273631100414113,0.8902900519915107,0.7743888750690151
1774,olympus,dino_clicks,10+20 clicks,1,0.7464520358538284,6,6,42,0,48,0.8222990857569705,,
1774,olympus,sam,10+20 clicks,1,0.6810992123816791,6,4,152,2,156,0.8730405707899078,,
1774,olympus,microsam,10+20 clicks,1,0.120147111929697,6,0,116,6,116,0.8792098024506126,,
1774,olympus,rf_clicks,10+20 clicks,1,0.569110056450186,6,3,87,3,90,0.8694939625887717,,
1774,olympus,dino_multi,10+20 clicks,1,0.660899183579391,6,4,52,2,56,0.7362264344437418,0.8431557620974287,0.2475597161608421
1774,olympus,dino_clicks,10+20 clicks,2,0.5559999668147065,6,3,40,3,43,0.917591267259452,,
1774,olympus,sam,10+20 clicks,2,0.5437525142775937,6,3,139,3,142,0.5980054626449163,,
1774,olympus,microsam,10+20 clicks,2,0.1402787925810963,6,0,125,6,125,0.867780099145764,,
1774,olympus,rf_clicks,10+20 clicks,2,0.4140278348130195,6,2,55,4,57,0.9451027448627568,,
1774,olympus,dino_multi,10+20 clicks,2,0.7049118017024188,6,5,54,1,59,0.786154698294876,0.8388547355466277,0.4059563371547598
1776,olympus,otsu,no input,0,0.412412849955608,7,3,146,4,149,0.5804458441095763,,
1776,olympus,dino_labels,5 labelled training images,0,0.3600078016165559,7,2,46,5,48,0.7510632409754585,,
1776,olympus,dino_clicks,3+6 clicks,0,0.3173825358860607,7,1,155,6,156,0.7467870036101083,,
1776,olympus,sam,3+6 clicks,0,0.0384060024512566,7,0,195,7,195,0.7353363003875252,,
1776,olympus,microsam,3+6 clicks,0,0.169239521296918,7,1,160,6,161,0.7717966138863164,,
1776,olympus,rf_clicks,3+6 clicks,0,0.4844149656094874,7,2,176,5,178,0.6239881125777372,,
1776,olympus,dino_multi,3+6 clicks,0,0.3430740103245294,7,1,67,6,68,0.5058326855782261,0.7194084227153449,0.0515455108623672
1776,olympus,dino_clicks,3+6 clicks,1,0.3691523884799235,7,2,125,5,127,0.8261798851501561,,
1776,olympus,sam,3+6 clicks,1,0.1218087473230461,7,1,218,6,219,0.6541266506271113,,
1776,olympus,microsam,3+6 clicks,1,0.0379987606566493,7,0,85,7,85,0.7780887706686948,,
1776,olympus,rf_clicks,3+6 clicks,1,0.3266283865385903,7,0,214,7,214,0.7905845121792654,,
1776,olympus,dino_multi,3+6 clicks,1,0.3501942513825436,7,3,202,4,205,0.7322349251422456,0.7567494267610149,0.5528136047957743
1776,olympus,dino_clicks,3+6 clicks,2,0.2947784687649811,7,0,42,7,42,0.6506752797725985,,
1776,olympus,sam,3+6 clicks,2,0.4020076767393433,7,3,152,4,155,0.5894323220792905,,
1776,olympus,microsam,3+6 clicks,2,0.0457277441271711,7,0,34,7,34,0.7091130904183536,,
1776,olympus,rf_clicks,3+6 clicks,2,0.1819056295007098,7,1,156,6,157,0.7273395062921653,,
1776,olympus,dino_multi,3+6 clicks,2,0.3644398910247849,7,2,291,5,293,0.5219749984714495,0.5988732394366197,0.3067222703071314
1776,olympus,dino_clicks,10+20 clicks,0,0.183101550734047,7,1,56,6,57,0.8267054292860495,,
1776,olympus,sam,10+20 clicks,0,0.0402356202103607,7,0,185,7,185,0.6477124071966157,,
1776,olympus,microsam,10+20 clicks,0,0.1232940552056096,7,1,145,6,146,0.8440640273072846,,
1776,olympus,rf_clicks,10+20 clicks,0,0.3011863718462129,7,1,238,6,239,0.7059945899521565,,
1776,olympus,dino_multi,10+20 clicks,0,0.188966877454423,7,1,129,6,130,0.8241167420252082,0.7897625367673434,0.6209968223975495
1776,olympus,dino_clicks,10+20 clicks,1,0.5460588903841125,7,3,70,4,73,0.6392088238413406,,
1776,olympus,sam,10+20 clicks,1,0.0294379286418471,7,0,202,7,202,0.731917929731189,,
1776,olympus,microsam,10+20 clicks,1,0.0837682355647759,7,0,123,7,123,0.8167917747776499,,
1776,olympus,rf_clicks,10+20 clicks,1,0.2920913329555731,7,0,294,7,294,0.6592593854081262,,
1776,olympus,dino_multi,10+20 clicks,1,0.0271876275252533,7,0,38,7,38,0.8229958699655183,0.8115958881808456,0.6744252408165784
1776,olympus,dino_clicks,10+20 clicks,2,0.3611820230912779,7,1,88,6,89,0.7627922676227228,,
1776,olympus,sam,10+20 clicks,2,0.3516692861141242,7,1,271,6,272,0.6815368257162929,,
1776,olympus,microsam,10+20 clicks,2,0.249534036011042,7,2,99,5,101,0.8424809045017083,,
1776,olympus,rf_clicks,10+20 clicks,2,0.2480033890767081,7,1,648,6,649,0.5154476282259601,,
1776,olympus,dino_multi,10+20 clicks,2,0.4102429369078281,7,2,157,5,159,0.7934863237329813,0.86498557433699,0.660921604618898
1808,olympus,otsu,no input,0,0.4564649392643587,5,2,346,3,348,0.7298347354859543,,
1808,olympus,dino_labels,5 labelled training images,0,0.6111275339208705,5,3,14,2,17,0.9297420196617964,,
1808,olympus,dino_clicks,3+6 clicks,0,0.5187982941070517,5,3,71,2,74,0.8878614474823461,,
1808,olympus,sam,3+6 clicks,0,0.4399749633325749,5,2,172,3,174,0.6654312820175332,,
1808,olympus,microsam,3+6 clicks,0,0.1080048210887448,5,0,80,5,80,0.6626068867091593,,
1808,olympus,rf_clicks,3+6 clicks,0,0.5505757351391465,5,4,168,1,172,0.7243956763838847,,
1808,olympus,dino_multi,3+6 clicks,0,0.7358275948606764,5,5,28,0,33,0.9037433155080212,0.5405206613510278,0.6268900430823732
1808,olympus,dino_clicks,3+6 clicks,1,0.8181104794661543,5,5,28,0,33,0.92444923039349,,
1808,olympus,sam,3+6 clicks,1,0.3283340652642793,5,1,93,4,94,0.5276365056756532,,
1808,olympus,microsam,3+6 clicks,1,0.2638615084575068,5,1,65,4,66,0.8816867811057862,,
1808,olympus,rf_clicks,3+6 clicks,1,0.4204346513323161,5,0,69,5,69,0.6084952945224951,,
1808,olympus,dino_multi,3+6 clicks,1,0.6088464904182398,5,3,72,2,75,0.8203029389878664,0.7515332938842285,0.5644006440635385
1808,olympus,dino_clicks,3+6 clicks,2,0.6973309981464008,5,4,24,1,28,0.8345567580582428,,
1808,olympus,sam,3+6 clicks,2,0.3590895711990689,5,1,85,4,86,0.6472672531935894,,
1808,olympus,microsam,3+6 clicks,2,0.0929649689771751,5,0,35,5,35,0.7981944376532837,,
1808,olympus,rf_clicks,3+6 clicks,2,0.2292426700637374,5,0,654,5,654,0.5722295054531255,,
1808,olympus,dino_multi,3+6 clicks,2,0.5008762683321916,5,2,111,3,113,0.8589318253713043,0.5329338178768607,0.6698478688472265
1808,olympus,dino_clicks,10+20 clicks,0,0.7783243649685943,5,5,15,0,20,0.9277058855379284,,
1808,olympus,sam,10+20 clicks,0,0.3567611816765411,5,1,158,4,159,0.6450921854927717,,
1808,olympus,microsam,10+20 clicks,0,0.2479523744667426,5,1,75,4,76,0.8774413572728446,,
1808,olympus,rf_clicks,10+20 clicks,0,0.5132059677311266,5,2,66,3,68,0.7845650303573998,,
1808,olympus,dino_multi,10+20 clicks,0,0.7903452744658409,5,5,30,0,35,0.9073130320516484,0.8670382065443017,0.7262872628726287
1808,olympus,dino_clicks,10+20 clicks,1,0.7647417423408972,5,5,18,0,23,0.8832671401908839,,
1808,olympus,sam,10+20 clicks,1,0.2725523963578842,5,1,96,4,97,0.4962340355856348,,
1808,olympus,microsam,10+20 clicks,1,0.3324727510799598,5,1,119,4,120,0.8650752200243406,,
1808,olympus,rf_clicks,10+20 clicks,1,0.5187459510523487,5,3,119,2,122,0.7549094372528389,,
1808,olympus,dino_multi,10+20 clicks,1,0.8284195232909839,5,5,50,0,55,0.9018957563517018,0.7885456496025087,0.6946238543396691
1808,olympus,dino_clicks,10+20 clicks,2,0.6922173561335004,5,4,28,1,32,0.8442667590850579,,
1808,olympus,sam,10+20 clicks,2,0.4525864357092839,5,3,111,2,114,0.6495764973261061,,
1808,olympus,microsam,10+20 clicks,2,0.1439577766910111,5,0,45,5,45,0.838805341079032,,
1808,olympus,rf_clicks,10+20 clicks,2,0.3010736749768647,5,1,305,4,306,0.6752919827539159,,
1808,olympus,dino_multi,10+20 clicks,2,0.8514473858910877,5,5,68,0,73,0.9272904440746256,0.8835028227808529,0.8051991656916111
1812,olympus,otsu,no input,0,0.3801867822785859,5,0,190,5,190,0.6307090426780182,,
1812,olympus,dino_labels,5 labelled training images,0,0.2578541799678696,5,1,18,4,19,0.8837094419137383,,
1812,olympus,dino_clicks,3+6 clicks,0,0.1701226661759342,5,0,87,5,87,0.3989177254625741,,
1812,olympus,sam,3+6 clicks,0,0.123627601628304,5,0,136,5,136,0.5238637493624679,,
1812,olympus,microsam,3+6 clicks,0,0.1317080713890513,5,0,7,5,7,0.574414907090084,,
1812,olympus,rf_clicks,3+6 clicks,0,0.2847475233315644,5,0,100,5,100,0.5003814476832329,,
1812,olympus,dino_multi,3+6 clicks,0,0.2390661570474316,5,1,121,4,122,0.7782630368273509,0.5358901515151515,0.6036099213498904
1812,olympus,dino_clicks,3+6 clicks,1,0.2053531228176128,5,1,89,4,90,0.7696203361112476,,
1812,olympus,sam,3+6 clicks,1,0.2064673905153794,5,0,129,5,129,0.5140156754264638,,
1812,olympus,microsam,3+6 clicks,1,0.3712539129575383,5,2,7,3,9,0.6669574903083021,,
1812,olympus,rf_clicks,3+6 clicks,1,0.2587999472082298,5,0,745,5,745,0.5986644437653367,,
1812,olympus,dino_multi,3+6 clicks,1,0.1445428559358594,5,0,222,5,222,0.3838711258287418,0.6252998441277219,0.223760040442622
1812,olympus,dino_clicks,3+6 clicks,2,0.1177313075624425,5,0,165,5,165,0.7840109149090387,,
1812,olympus,sam,3+6 clicks,2,0.2517041986294358,5,1,166,4,167,0.7035490377204825,,
1812,olympus,microsam,3+6 clicks,2,0.2928190689145555,5,1,21,4,22,0.80395067887303,,
1812,olympus,rf_clicks,3+6 clicks,2,0.1630567001501916,5,0,159,5,159,0.8358974245439873,,
1812,olympus,dino_multi,3+6 clicks,2,0.122990817921576,5,0,150,5,150,0.6669307050581852,0.524465941152761,0.6237521289615026
1812,olympus,dino_clicks,10+20 clicks,0,0.1212560827273263,5,0,78,5,78,0.7581398988425943,,
1812,olympus,sam,10+20 clicks,0,0.1926117097091483,5,0,268,5,268,0.4788606505122998,,
1812,olympus,microsam,10+20 clicks,0,0.1426407566087038,5,0,44,5,44,0.7860998388443392,,
1812,olympus,rf_clicks,10+20 clicks,0,0.1422254059851005,5,0,554,5,554,0.6803505270209305,,
1812,olympus,dino_multi,10+20 clicks,0,0.1866442393451064,5,1,122,4,123,0.8277171231848308,0.7533206373695248,0.6639944808123944
1812,olympus,dino_clicks,10+20 clicks,1,0.1606101897386303,5,0,98,5,98,0.7709200912406533,,
1812,olympus,sam,10+20 clicks,1,0.3395806395729981,5,0,323,5,323,0.5614164931383125,,
1812,olympus,microsam,10+20 clicks,1,0.2356885039068088,5,0,21,5,21,0.8614905686482498,,
1812,olympus,rf_clicks,10+20 clicks,1,0.2053458093554457,5,0,655,5,655,0.739734971284789,,
1812,olympus,dino_multi,10+20 clicks,1,0.2326527201294309,5,0,142,5,142,0.7639047945555207,0.8005738045132492,0.6153003958318978
1812,olympus,dino_clicks,10+20 clicks,2,0.2193255569434948,5,1,28,4,29,0.8378301901741471,,
1812,olympus,sam,10+20 clicks,2,0.4564221183556367,5,2,390,3,392,0.677717848483349,,
1812,olympus,microsam,10+20 clicks,2,0.2422933040153582,5,1,40,4,41,0.8695944902133036,,
1812,olympus,rf_clicks,10+20 clicks,2,0.1918952239915976,5,0,506,5,506,0.7130552342928965,,
1812,olympus,dino_multi,10+20 clicks,2,0.1433559610342048,5,0,99,5,99,0.8203427527453978,0.8313754614983611,0.6673328987382403
1815,olympus,otsu,no input,0,0.4960494790677653,4,1,59,3,60,0.653018793202765,,
1815,olympus,dino_labels,5 labelled training images,0,0.234828848764046,4,0,28,4,28,0.9308657864873092,,
1815,olympus,dino_clicks,3+6 clicks,0,0.3223220688125894,4,0,104,4,104,0.6325979349116402,,
1815,olympus,sam,3+6 clicks,0,0.4703409701904743,4,1,40,3,41,0.7978582171864033,,
1815,olympus,microsam,3+6 clicks,0,0.2885669684029491,4,0,8,4,8,0.8341691127064399,,
1815,olympus,rf_clicks,3+6 clicks,0,0.2538039853864586,4,0,63,4,63,0.7452169782671328,,
1815,olympus,dino_multi,3+6 clicks,0,0.1325226770216329,4,0,99,4,99,0.7241745836265541,0.3819388576025744,0.5223058492629824
1815,olympus,dino_clicks,3+6 clicks,1,0.2948100732786421,4,1,83,3,84,0.7612480217047253,,
1815,olympus,sam,3+6 clicks,1,0.4157661610611344,4,2,26,2,28,0.821904889147366,,
1815,olympus,microsam,3+6 clicks,1,0.2213891796185554,4,0,7,4,7,0.9396370787295864,,
1815,olympus,rf_clicks,3+6 clicks,1,0.2606017659902686,4,0,23,4,23,0.4044167210553909,,
1815,olympus,dino_multi,3+6 clicks,1,0.1448579736406789,4,0,132,4,132,0.8434319507813618,0.3621317200334464,0.7689441355419057
1815,olympus,dino_clicks,3+6 clicks,2,0.5937846105856264,4,2,70,2,72,0.7458947535598307,,
1815,olympus,sam,3+6 clicks,2,0.3661733099210523,4,1,47,3,48,0.6835880964695349,,
1815,olympus,microsam,3+6 clicks,2,0.2244890903487758,4,0,1,4,1,0.7896376097439871,,
1815,olympus,rf_clicks,3+6 clicks,2,0.2545134668380301,4,0,510,4,510,0.6708796292366587,,
1815,olympus,dino_multi,3+6 clicks,2,0.1588862457044836,4,0,125,4,125,0.624909476459543,0.2976150916387617,0.678261826031362
1815,olympus,dino_clicks,10+20 clicks,0,0.5530480022695542,4,2,83,2,85,0.8986685742649421,,
1815,olympus,sam,10+20 clicks,0,0.4695389248520913,4,1,28,3,29,0.9180004622540664,,
1815,olympus,microsam,10+20 clicks,0,0.22538320932546,4,0,2,4,2,0.9474533829903524,,
1815,olympus,rf_clicks,10+20 clicks,0,0.2195331213433896,4,0,108,4,108,0.9170646094639314,,
1815,olympus,dino_multi,10+20 clicks,0,0.2257307653436383,4,0,111,4,111,0.9337042432712148,0.9252872253988504,0.8353475400457666
1815,olympus,dino_clicks,10+20 clicks,1,0.2325926560777818,4,0,56,4,56,0.9404419250425318,,
1815,olympus,sam,10+20 clicks,1,0.4351756148658213,4,1,72,3,73,0.8715416498331613,,
1815,olympus,microsam,10+20 clicks,1,0.2254963208403566,4,0,5,4,5,0.9469476281945276,,
1815,olympus,rf_clicks,10+20 clicks,1,0.2062749228796029,4,0,132,4,132,0.9279342969154324,,
1815,olympus,dino_multi,10+20 clicks,1,0.2370398199254563,4,0,53,4,53,0.9329620051720708,0.9103940489034078,0.796842678279804
1815,olympus,dino_clicks,10+20 clicks,2,0.640466627529894,4,2,44,2,46,0.9364565581772946,,
1815,olympus,sam,10+20 clicks,2,0.8260345844708472,4,4,39,0,43,0.9367092173606832,,
1815,olympus,microsam,10+20 clicks,2,0.3170225528905157,4,0,13,4,13,0.9223725829067076,,
1815,olympus,rf_clicks,10+20 clicks,2,0.2358667663463445,4,0,245,4,245,0.7952207255961575,,
1815,olympus,dino_multi,10+20 clicks,2,0.2176456801655808,4,0,88,4,88,0.8950268785454202,0.8705838631754983,0.6842930627337795
1816,olympus,otsu,no input,0,0.565365800307998,9,4,135,5,139,0.7031266237590151,,
1816,olympus,dino_labels,5 labelled training images,0,0.276105602763929,9,2,29,7,31,0.8493977350625547,,
1816,olympus,dino_clicks,3+6 clicks,0,0.1313898704578426,9,0,65,9,65,0.8183492360693814,,
1816,olympus,sam,3+6 clicks,0,0.1388583480328203,9,1,263,8,264,0.734894317954402,,
1816,olympus,microsam,3+6 clicks,0,0.2332486754309946,9,1,136,8,137,0.7229958971121982,,
1816,olympus,rf_clicks,3+6 clicks,0,0.0331464520809204,9,0,126,9,126,0.8449890359264642,,
1816,olympus,dino_multi,3+6 clicks,0,0.0511975863556014,9,0,112,9,112,0.7153364318296439,0.6260354976450145,0.3909948658922594
1816,olympus,dino_clicks,3+6 clicks,1,0.2303794685053182,9,1,119,8,120,0.8392204119445819,,
1816,olympus,sam,3+6 clicks,1,0.0524826601960895,9,0,146,9,146,0.3230861589520244,,
1816,olympus,microsam,3+6 clicks,1,0.1532159477535623,9,0,69,9,69,0.6151084398228794,,
1816,olympus,rf_clicks,3+6 clicks,1,0.4544997346665166,9,5,262,4,267,0.7223759726464237,,
1816,olympus,dino_multi,3+6 clicks,1,0.3183943084887095,9,1,271,8,272,0.5053992510755699,0.7084166151833412,0.1742736798960204
1816,olympus,dino_clicks,3+6 clicks,2,0.524405371697746,9,6,127,3,133,0.8419165937478966,,
1816,olympus,sam,3+6 clicks,2,0.1131029110112119,9,0,190,9,190,0.5547352706599317,,
1816,olympus,microsam,3+6 clicks,2,0.1408150095489695,9,0,44,9,44,0.6283982942070221,,
1816,olympus,rf_clicks,3+6 clicks,2,0.2019521756312831,9,1,186,8,187,0.5797326967430929,,
1816,olympus,dino_multi,3+6 clicks,2,0.3023493414938658,9,1,226,8,227,0.6318367873142746,0.7647390760322873,0.2268940446551616
1816,olympus,dino_clicks,10+20 clicks,0,0.4987413223853393,9,5,71,4,76,0.822847765034922,,
1816,olympus,sam,10+20 clicks,0,0.6395701649023396,9,7,252,2,259,0.8063448974251511,,
1816,olympus,microsam,10+20 clicks,0,0.038496601207441,9,0,97,9,97,0.817458854262689,,
1816,olympus,rf_clicks,10+20 clicks,0,0.5978272334207538,9,7,459,2,466,0.7307487604105528,,
1816,olympus,dino_multi,10+20 clicks,0,0.3479162084930559,9,2,157,7,159,0.7768932394545687,0.8778830367924061,0.4731390585143387
1816,olympus,dino_clicks,10+20 clicks,1,0.6007857217676214,9,7,38,2,45,0.7047676937918903,,
1816,olympus,sam,10+20 clicks,1,0.6670125066984274,9,8,202,1,210,0.816984063769683,,
1816,olympus,microsam,10+20 clicks,1,0.112500559787211,9,0,92,9,92,0.848062032656919,,
1816,olympus,rf_clicks,10+20 clicks,1,0.5496555368218403,9,6,268,3,274,0.7376531597834146,,
1816,olympus,dino_multi,10+20 clicks,1,0.3576041325257364,9,1,240,8,241,0.7072736583875044,0.9050076902825313,0.2458825991419901
1816,olympus,dino_clicks,10+20 clicks,2,0.2493785081162028,9,2,106,7,108,0.8550661229193112,,
1816,olympus,sam,10+20 clicks,2,0.1251032827091553,9,1,371,8,372,0.3069872111531917,,
1816,olympus,microsam,10+20 clicks,2,0.156487636313621,9,1,111,8,112,0.8184490774509866,,
1816,olympus,rf_clicks,10+20 clicks,2,0.0853667260371851,9,0,176,9,176,0.7691786902990672,,
1816,olympus,dino_multi,10+20 clicks,2,0.0879105089985249,9,0,149,9,149,0.7606598726485041,0.8888211661606045,0.4499652892373875
1837,olympus,otsu,no input,0,0.4533660613349446,5,2,122,3,124,0.6428771497395104,,
1837,olympus,dino_labels,5 labelled training images,0,0.4850119233342638,5,2,34,3,36,0.9222962273619794,,
1837,olympus,dino_clicks,3+6 clicks,0,0.4739906849965624,5,1,75,4,76,0.6458165467983725,,
1837,olympus,sam,3+6 clicks,0,0.549383761851401,5,4,227,1,231,0.8514424219872451,,
1837,olympus,microsam,3+6 clicks,0,0.181109990236831,5,1,153,4,154,0.694053723286556,,
1837,olympus,rf_clicks,3+6 clicks,0,0.4655697451077746,5,2,94,3,96,0.8141912505694446,,
1837,olympus,dino_multi,3+6 clicks,0,0.2578315317518959,5,0,120,5,120,0.5325765844429892,0.6381642638478244,0.4427276835023597
1837,olympus,dino_clicks,3+6 clicks,1,0.4287706549214851,5,1,19,4,20,0.5834157376662399,,
1837,olympus,sam,3+6 clicks,1,0.4882731357647681,5,3,171,2,174,0.6642399608983098,,
1837,olympus,microsam,3+6 clicks,1,0.1616957149899353,5,0,268,5,268,0.6821075428466173,,
1837,olympus,rf_clicks,3+6 clicks,1,0.3636675117357112,5,0,61,5,61,0.5180322861018478,,
1837,olympus,dino_multi,3+6 clicks,1,0.2995547554969508,5,0,84,5,84,0.5229523540038744,0.7655980940249569,0.303296940579495
1837,olympus,dino_clicks,3+6 clicks,2,0.394919801641291,5,1,38,4,39,0.575938725292315,,
1837,olympus,sam,3+6 clicks,2,0.4373486265690222,5,2,146,3,148,0.6094186042539819,,
1837,olympus,microsam,3+6 clicks,2,0.24177040513051,5,1,217,4,218,0.8173319094920514,,
1837,olympus,rf_clicks,3+6 clicks,2,0.3163901725801227,5,0,229,5,229,0.6691447609067452,,
1837,olympus,dino_multi,3+6 clicks,2,0.0618787328835159,5,0,48,5,48,0.1900415570209847,0.1563109204976429,0.0988864786695589
1837,olympus,dino_clicks,10+20 clicks,0,0.814152510649358,5,4,74,1,78,0.9264069710219236,,
1837,olympus,sam,10+20 clicks,0,0.6585230802774694,5,3,151,2,154,0.8131960105084509,,
1837,olympus,microsam,10+20 clicks,0,0.2890470339944253,5,1,194,4,195,0.7652137629991013,,
1837,olympus,rf_clicks,10+20 clicks,0,0.6060444980083706,5,3,179,2,182,0.8712434284865492,,
1837,olympus,dino_multi,10+20 clicks,0,0.5570906684966576,5,2,96,3,98,0.903600631568297,0.9010554731389382,0.7728162772551271
1837,olympus,dino_clicks,10+20 clicks,1,0.7822061441534283,5,5,77,0,82,0.9008736532810968,,
1837,olympus,sam,10+20 clicks,1,0.4291482015681689,5,3,309,2,312,0.5867837642260377,,
1837,olympus,microsam,10+20 clicks,1,0.3860899020967742,5,1,177,4,178,0.8465772454969696,,
1837,olympus,rf_clicks,10+20 clicks,1,0.4703335626018372,5,2,192,3,194,0.7295828054379959,,
1837,olympus,dino_multi,10+20 clicks,1,0.3823184826934531,5,0,110,5,110,0.7801250269454624,0.7736454419228567,0.762289310282003
1837,olympus,dino_clicks,10+20 clicks,2,0.4112405358459085,5,2,89,3,91,0.7206740976645435,,
1837,olympus,sam,10+20 clicks,2,0.1711969782894877,5,1,520,4,521,0.7079558661061451,,
1837,olympus,microsam,10+20 clicks,2,0.1329611455879792,5,0,213,5,213,0.8276800891202258,,
1837,olympus,rf_clicks,10+20 clicks,2,0.4386603728829439,5,2,134,3,136,0.8000246803624794,,
1837,olympus,dino_multi,10+20 clicks,2,0.5479101678904914,5,3,114,2,117,0.8359048487825416,0.8408860554959825,0.6125546845180422
1838,olympus,otsu,no input,0,0.4557516637529221,7,2,159,5,161,0.6089089378384831,,
1838,olympus,dino_labels,5 labelled training images,0,0.2029304738671977,7,0,29,7,29,0.8373425527575725,,
1838,olympus,dino_clicks,3+6 clicks,0,0.534488778793089,7,4,133,3,137,0.8253045091554408,,
1838,olympus,sam,3+6 clicks,0,0.0704105989457266,7,0,366,7,366,0.4999054758084016,,
1838,olympus,microsam,3+6 clicks,0,0.1864629021600927,7,1,65,6,66,0.5359120993381457,,
1838,olympus,rf_clicks,3+6 clicks,0,0.4073306537870504,7,2,95,5,97,0.7109142071265528,,
1838,olympus,dino_multi,3+6 clicks,0,0.2019398860768696,7,0,190,7,190,0.5309282551411263,0.60152437025869,0.4688543937908823
1838,olympus,dino_clicks,3+6 clicks,1,0.4404827544418004,7,2,34,5,36,0.5911740259472072,,
1838,olympus,sam,3+6 clicks,1,0.2311626027050362,7,1,92,6,93,0.3550424122458149,,
1838,olympus,microsam,3+6 clicks,1,0.152873842210106,7,0,134,7,134,0.6683260522833897,,
1838,olympus,rf_clicks,3+6 clicks,1,0.2094397741897043,7,0,46,7,46,0.335745404445989,,
1838,olympus,dino_multi,3+6 clicks,1,0.2703949026944225,7,0,292,7,292,0.6646486622178525,0.8490461721662784,0.3720666344760985
1838,olympus,dino_clicks,3+6 clicks,2,0.0447425709468055,7,0,147,7,147,0.4450690228888482,,
1838,olympus,sam,3+6 clicks,2,0.0451032836397957,7,0,69,7,69,0.5700178140129616,,
1838,olympus,microsam,3+6 clicks,2,0.1354559736754979,7,0,118,7,118,0.5906962419762787,,
1838,olympus,rf_clicks,3+6 clicks,2,0.1218353477769681,7,0,501,7,501,0.5624341428973048,,
1838,olympus,dino_multi,3+6 clicks,2,0.2858423249232976,7,0,155,7,155,0.7078589744660592,0.8140305511660202,0.4826014184048879
1838,olympus,dino_clicks,10+20 clicks,0,0.3369302242693978,7,1,106,6,107,0.861125941056769,,
1838,olympus,sam,10+20 clicks,0,0.5825802046965085,7,5,311,2,316,0.804558223307377,,
1838,olympus,microsam,10+20 clicks,0,0.13881815130327,7,1,110,6,111,0.8666314232396491,,
1838,olympus,rf_clicks,10+20 clicks,0,0.3759897730562751,7,2,468,5,470,0.5537982984428447,,
1838,olympus,dino_multi,10+20 clicks,0,0.4349630404846794,7,2,200,5,202,0.8387988022462666,0.865964892942765,0.7316820410027749
1838,olympus,dino_clicks,10+20 clicks,1,0.5934453384508692,7,4,119,3,123,0.7822591392610815,,
1838,olympus,sam,10+20 clicks,1,0.5006406158533545,7,4,261,3,265,0.683361917819999,,
1838,olympus,microsam,10+20 clicks,1,0.1236978308316853,7,0,110,7,110,0.8652317771233828,,
1838,olympus,rf_clicks,10+20 clicks,1,0.2559061198016558,7,0,739,7,739,0.5606633292276137,,
1838,olympus,dino_multi,10+20 clicks,1,0.034095128159383,7,0,74,7,74,0.8320609576989632,0.9025215700050552,0.6666863063376236
1838,olympus,dino_clicks,10+20 clicks,2,0.229728600689085,7,1,199,6,200,0.8162671538557955,,
1838,olympus,sam,10+20 clicks,2,0.1817784554709509,7,0,339,7,339,0.4097710653728905,,
1838,olympus,microsam,10+20 clicks,2,0.1887611337064476,7,1,83,6,84,0.8239489324235086,,
1838,olympus,rf_clicks,10+20 clicks,2,0.1851324224998493,7,0,659,7,659,0.5755005222416368,,
1838,olympus,dino_multi,10+20 clicks,2,0.3063094954173007,7,0,188,7,188,0.7349996224420449,0.782844789086923,0.6313517785948694
1839,olympus,otsu,no input,0,0.4194306358642068,3,0,67,3,67,0.5769742115862123,,
1839,olympus,dino_labels,5 labelled training images,0,0.1099980147593965,3,0,23,3,23,0.916366147721757,,
1839,olympus,dino_clicks,3+6 clicks,0,0.0967573079535695,3,0,46,3,46,0.8714593733371473,,
1839,olympus,sam,3+6 clicks,0,0.2204804069426278,3,0,118,3,118,0.8569409980700303,,
1839,olympus,microsam,3+6 clicks,0,0.2685504135728575,3,0,12,3,12,0.9521367809315252,,
1839,olympus,rf_clicks,3+6 clicks,0,0.123321291406865,3,0,268,3,268,0.8091684192145042,,
1839,olympus,dino_multi,3+6 clicks,0,0.259004406946496,3,0,99,3,99,0.8754573069333275,0.6889798614961716,0.8097355017424717
1839,olympus,dino_clicks,3+6 clicks,1,0.2603776546922457,3,0,105,3,105,0.8700805999232382,,
1839,olympus,sam,3+6 clicks,1,0.2597956764616904,3,0,85,3,85,0.8023758348933416,,
1839,olympus,microsam,3+6 clicks,1,0.3092987538496563,3,0,10,3,10,0.873000061300803,,
1839,olympus,rf_clicks,3+6 clicks,1,0.1524604159475366,3,0,304,3,304,0.6493014942634477,,
1839,olympus,dino_multi,3+6 clicks,1,0.1767486118276385,3,0,59,3,59,0.4971245745543983,0.3393328116395676,0.5608072730734447
1839,olympus,dino_clicks,3+6 clicks,2,0.1150542180579989,3,0,65,3,65,0.8806367365698085,,
1839,olympus,sam,3+6 clicks,2,0.2204277720310542,3,0,77,3,77,0.7514618285152194,,
1839,olympus,microsam,3+6 clicks,2,0.2628434989660286,3,0,11,3,11,0.9245966719860624,,
1839,olympus,rf_clicks,3+6 clicks,2,0.0766453404324955,3,0,46,3,46,0.918110365964178,,
1839,olympus,dino_multi,3+6 clicks,2,0.1760220354125875,3,0,125,3,125,0.8289097121206995,0.2776377609757615,0.6534979776146553
1839,olympus,dino_clicks,10+20 clicks,0,0.2622214609263715,3,0,44,3,44,0.946423835204668,,
1839,olympus,sam,10+20 clicks,0,0.5815152349294538,3,1,184,2,185,0.9281678831070131,,
1839,olympus,microsam,10+20 clicks,0,0.3063454341376309,3,0,31,3,31,0.9563086255513468,,
1839,olympus,rf_clicks,10+20 clicks,0,0.1300969972157741,3,0,111,3,111,0.8570350497881316,,
1839,olympus,dino_multi,10+20 clicks,0,0.1055784102775641,3,0,82,3,82,0.8740087345396491,0.8954070709139315,0.7473486970463808
1839,olympus,dino_clicks,10+20 clicks,1,0.2859255085275425,3,0,53,3,53,0.9452847870604976,,
1839,olympus,sam,10+20 clicks,1,0.1840419572180729,3,0,254,3,254,0.6500529996977528,,
1839,olympus,microsam,10+20 clicks,1,0.313420158428804,3,0,10,3,10,0.964585836400128,,
1839,olympus,rf_clicks,10+20 clicks,1,0.1771925315973193,3,0,662,3,662,0.636620258715194,,
1839,olympus,dino_multi,10+20 clicks,1,0.3407646827721908,3,0,91,3,91,0.9041722286915276,0.8827370224835288,0.7688337456518191
1839,olympus,dino_clicks,10+20 clicks,2,0.1486703892303791,3,0,74,3,74,0.8846515392434589,,
1839,olympus,sam,10+20 clicks,2,0.2409887860924292,3,0,298,3,298,0.5886660623079134,,
1839,olympus,microsam,10+20 clicks,2,0.3079820109051072,3,0,17,3,17,0.9338975062282278,,
1839,olympus,rf_clicks,10+20 clicks,2,0.0750097955529896,3,0,79,3,79,0.8488849916610788,,
1839,olympus,dino_multi,10+20 clicks,2,0.1304415037991873,3,0,120,3,120,0.8851833520246098,0.878850961682122,0.7264434817640593
1844,olympus,otsu,no input,0,0.4442105501741958,4,1,131,3,132,0.6032214881029494,,
1844,olympus,dino_labels,5 labelled training images,0,0.5431840596178285,4,2,25,2,27,0.872037288647343,,
1844,olympus,dino_clicks,3+6 clicks,0,0.4112107153725036,4,0,75,4,75,0.6710811322774854,,
1844,olympus,sam,3+6 clicks,0,0.4297705064084222,4,3,184,1,187,0.683515489235807,,
1844,olympus,microsam,3+6 clicks,0,0.410723285013629,4,2,74,2,76,0.7768957663451233,,
1844,olympus,rf_clicks,3+6 clicks,0,0.45353526908121,4,1,116,3,117,0.7091317053612047,,
1844,olympus,dino_multi,3+6 clicks,0,0.2841524772481861,4,0,138,4,138,0.6401982648282024,0.7824108762965705,0.4192614841217152
1844,olympus,dino_clicks,3+6 clicks,1,0.5514995440378121,4,2,88,2,90,0.8664770283720187,,
1844,olympus,sam,3+6 clicks,1,0.0655924518474348,4,0,239,4,239,0.8020193670288144,,
1844,olympus,microsam,3+6 clicks,1,0.5132382706871704,4,1,71,3,72,0.8654153475965073,,
1844,olympus,rf_clicks,3+6 clicks,1,0.4491253269245187,4,2,124,2,126,0.7642636861215368,,
1844,olympus,dino_multi,3+6 clicks,1,0.1708773991121593,4,0,192,4,192,0.4495337916014428,0.5778319898175647,0.334258025002702
1844,olympus,dino_clicks,3+6 clicks,2,0.5728021803765461,4,4,57,0,61,0.7161002586065714,,
1844,olympus,sam,3+6 clicks,2,0.3450737176380877,4,1,47,3,48,0.5987296140241145,,
1844,olympus,microsam,3+6 clicks,2,0.0731359186096297,4,0,34,4,34,0.7518834918807757,,
1844,olympus,rf_clicks,3+6 clicks,2,0.5072164308287587,4,2,425,2,427,0.789268394794683,,
1844,olympus,dino_multi,3+6 clicks,2,0.0815147498316779,4,0,151,4,151,0.8228601841166459,0.5879291530261059,0.5764765223346707
1844,olympus,dino_clicks,10+20 clicks,0,0.5893750158817036,4,3,59,1,62,0.8060319441946416,,
1844,olympus,sam,10+20 clicks,0,0.3842865654916335,4,1,161,3,162,0.5762832901143926,,
1844,olympus,microsam,10+20 clicks,0,0.56019265668297,4,3,62,1,65,0.8601620928122164,,
1844,olympus,rf_clicks,10+20 clicks,0,0.6214181976178279,4,3,200,1,203,0.8214710158992853,,
1844,olympus,dino_multi,10+20 clicks,0,0.1725168087250166,4,0,126,4,126,0.8215826100050553,0.9272337004226568,0.673495256605838
1844,olympus,dino_clicks,10+20 clicks,1,0.3518799250528208,4,1,112,3,113,0.8411321747174249,,
1844,olympus,sam,10+20 clicks,1,0.3835574087793527,4,1,370,3,371,0.6277648286091506,,
1844,olympus,microsam,10+20 clicks,1,0.5973091336262701,4,2,115,2,117,0.9098285724235802,,
1844,olympus,rf_clicks,10+20 clicks,1,0.5530254665942516,4,2,350,2,352,0.8241948035989788,,
1844,olympus,dino_multi,10+20 clicks,1,0.2788144695528984,4,0,157,4,157,0.8276682362173827,0.9318008010963966,0.725091716801676
1844,olympus,dino_clicks,10+20 clicks,2,0.4930089995217084,4,1,60,3,61,0.7166491708533954,,
1844,olympus,sam,10+20 clicks,2,0.3340841201629408,4,0,225,4,225,0.5836159816039092,,
1844,olympus,microsam,10+20 clicks,2,0.0930721136828072,4,0,90,4,90,0.7935680270058473,,
1844,olympus,rf_clicks,10+20 clicks,2,0.6163413081334739,4,4,340,0,344,0.7543761432886061,,
1844,olympus,dino_multi,10+20 clicks,2,0.1961938662452776,4,0,153,4,153,0.8043743034091301,0.9021980559027474,0.6815874911370676
1847,olympus,otsu,no input,0,0.6653825699849775,3,2,271,1,273,0.8054873441632037,,
1847,olympus,dino_labels,5 labelled training images,0,0.8446504931291071,3,3,25,0,28,0.9412086845262692,,
1847,olympus,dino_clicks,3+6 clicks,0,0.5685525918276496,3,3,46,0,49,0.7565325540218477,,
1847,olympus,sam,3+6 clicks,0,0.7091754282990871,3,2,134,1,136,0.8452773630216701,,
1847,olympus,microsam,3+6 clicks,0,0.7017369877074023,3,3,91,0,94,0.8718754662555329,,
1847,olympus,rf_clicks,3+6 clicks,0,0.5870356991232214,3,2,45,1,47,0.7845280714567943,,
1847,olympus,dino_multi,3+6 clicks,0,0.4277162435137634,3,1,54,2,55,0.5868312644559104,0.3876931032253894,0.6053266947721331
1847,olympus,dino_clicks,3+6 clicks,1,0.5249136421210231,3,2,16,1,18,0.6822297936287909,,
1847,olympus,sam,3+6 clicks,1,0.5698222336583193,3,2,110,1,112,0.7385334241534945,,
1847,olympus,microsam,3+6 clicks,1,0.3771986961546871,3,1,179,2,180,0.8975505355086199,,
1847,olympus,rf_clicks,3+6 clicks,1,0.5665094271938885,3,2,20,1,22,0.7674203294025923,,
1847,olympus,dino_multi,3+6 clicks,1,0.2910284754089957,3,0,100,3,100,0.5596448913169825,0.7207921317038255,0.3396883770444208
1847,olympus,dino_clicks,3+6 clicks,2,0.3997450303936636,3,1,61,2,62,0.8443050696766462,,
1847,olympus,sam,3+6 clicks,2,0.7204871774961448,3,2,140,1,142,0.8281109704155635,,
1847,olympus,microsam,3+6 clicks,2,0.6878281725307192,3,2,171,1,173,0.90296740642748,,
1847,olympus,rf_clicks,3+6 clicks,2,0.6700456670321969,3,2,39,1,41,0.8570009053370724,,
1847,olympus,dino_multi,3+6 clicks,2,0.2807565914286211,3,0,193,3,193,0.5675071277448599,0.6251090549391135,0.1947967020990139
1847,olympus,dino_clicks,10+20 clicks,0,0.8560547640564926,3,3,48,0,51,0.9264689647196128,,
1847,olympus,sam,10+20 clicks,0,0.4721661591360744,3,0,189,3,189,0.7773772680381091,,
1847,olympus,microsam,10+20 clicks,0,0.8415119549645732,3,3,91,0,94,0.9227636519896284,,
1847,olympus,rf_clicks,10+20 clicks,0,0.5503201276759767,3,2,390,1,392,0.813097376532943,,
1847,olympus,dino_multi,10+20 clicks,0,0.7469213333524555,3,3,108,0,111,0.8975381999124559,0.8567637151379737,0.7947826905871828
1847,olympus,dino_clicks,10+20 clicks,1,0.5041435438461181,3,2,27,1,29,0.672682133157018,,
1847,olympus,sam,10+20 clicks,1,0.5119529469533178,3,1,241,2,242,0.7403805925681758,,
1847,olympus,microsam,10+20 clicks,1,0.6757916329174979,3,2,139,1,141,0.9222741389440698,,
1847,olympus,rf_clicks,10+20 clicks,1,0.5755448838225474,3,2,89,1,91,0.7601860783140622,,
1847,olympus,dino_multi,10+20 clicks,1,0.7859487899949297,3,3,57,0,60,0.9063068366992924,0.8943190825978967,0.752926914856286
1847,olympus,dino_clicks,10+20 clicks,2,0.7904752762079256,3,3,53,0,56,0.8864345397822719,,
1847,olympus,sam,10+20 clicks,2,0.5375170487316596,3,2,338,1,340,0.7244221283933712,,
1847,olympus,microsam,10+20 clicks,2,0.9118019066051224,3,3,32,0,35,0.9521509521800486,,
1847,olympus,rf_clicks,10+20 clicks,2,0.6039029753354959,3,2,282,1,284,0.8855542891124436,,
1847,olympus,dino_multi,10+20 clicks,2,0.2283464929821728,3,0,84,3,84,0.8259658565013198,0.8309555918328719,0.6602635316617682
1853,olympus,otsu,no input,0,0.4102739576719525,8,1,61,7,62,0.625386351797187,,
1853,olympus,dino_labels,5 labelled training images,0,0.375685403272143,8,1,23,7,24,0.9237290051314512,,
1853,olympus,dino_clicks,3+6 clicks,0,0.3147351018850783,8,1,160,7,161,0.6811129563680607,,
1853,olympus,sam,3+6 clicks,0,0.0902433847096062,8,0,93,8,93,0.2775587229974192,,
1853,olympus,microsam,3+6 clicks,0,0.1721820627910657,8,1,68,7,69,0.6192036220747789,,
1853,olympus,rf_clicks,3+6 clicks,0,0.2438097360970868,8,1,35,7,36,0.8641716325572796,,
1853,olympus,dino_multi,3+6 clicks,0,0.1847011813415715,8,0,178,8,178,0.6783152242312371,0.5077030519724708,0.6446470853534784
1853,olympus,dino_clicks,3+6 clicks,1,0.4487990819720246,8,3,68,5,71,0.7172177147804893,,
1853,olympus,sam,3+6 clicks,1,0.1575022693104556,8,0,64,8,64,0.3306562277928888,,
1853,olympus,microsam,3+6 clicks,1,0.110314257262393,8,0,122,8,122,0.8045387955519522,,
1853,olympus,rf_clicks,3+6 clicks,1,0.3775760319905669,8,2,98,6,100,0.7307822254865957,,
1853,olympus,dino_multi,3+6 clicks,1,0.2725392574776051,8,1,185,7,186,0.5355342508527321,0.1165781131401526,0.5720708249829549
1853,olympus,dino_clicks,3+6 clicks,2,0.7002206367956936,8,6,77,2,83,0.8933262037929676,,
1853,olympus,sam,3+6 clicks,2,0.25291447061767,8,0,90,8,90,0.41971378555293,,
1853,olympus,microsam,3+6 clicks,2,0.0618240381478636,8,0,172,8,172,0.8344814819474374,,
1853,olympus,rf_clicks,3+6 clicks,2,0.2683008744587318,8,1,322,7,323,0.8751532246628086,,
1853,olympus,dino_multi,3+6 clicks,2,0.6009578908343095,8,6,109,2,115,0.8038598412263893,0.6348876392201483,0.5498564343513443
1853,olympus,dino_clicks,10+20 clicks,0,0.6940167139324466,8,7,96,1,103,0.8949761305007294,,
1853,olympus,sam,10+20 clicks,0,0.0966907824121411,8,0,470,8,470,0.312604887995372,,
1853,olympus,microsam,10+20 clicks,0,0.1545215103963857,8,1,90,7,91,0.8316061464534832,,
1853,olympus,rf_clicks,10+20 clicks,0,0.2284534422810565,8,0,142,8,142,0.8032277182925849,,
1853,olympus,dino_multi,10+20 clicks,0,0.1366119305032624,8,0,153,8,153,0.8370136077909505,0.8583582150599206,0.6856908133185136
1853,olympus,dino_clicks,10+20 clicks,1,0.7003617179801762,8,8,48,0,56,0.8261997212795609,,
1853,olympus,sam,10+20 clicks,1,0.4147235941826739,8,1,170,7,171,0.6817535652593578,,
1853,olympus,microsam,10+20 clicks,1,0.2487230991834431,8,1,53,7,54,0.8397780858867391,,
1853,olympus,rf_clicks,10+20 clicks,1,0.3326756489328523,8,0,180,8,180,0.6684506994928706,,
1853,olympus,dino_multi,10+20 clicks,1,0.573430073872677,8,5,117,3,122,0.7932362891679329,0.8724181531017163,0.5380223607038123
1853,olympus,dino_clicks,10+20 clicks,2,0.6874625077776034,8,7,36,1,43,0.8219647106610212,,
1853,olympus,sam,10+20 clicks,2,0.280312601821535,8,1,187,7,188,0.4260348207079442,,
1853,olympus,microsam,10+20 clicks,2,0.1487338591013972,8,1,65,7,66,0.779468464647958,,
1853,olympus,rf_clicks,10+20 clicks,2,0.4431068655011018,8,2,311,6,313,0.7830850615000162,,
1853,olympus,dino_multi,10+20 clicks,2,0.1168071601947323,8,0,110,8,110,0.8308787440923396,0.8601850758738433,0.6712947579232862
1854,olympus,otsu,no input,0,0.5314924519164463,6,2,94,4,96,0.7161876773151152,,
1854,olympus,dino_labels,5 labelled training images,0,0.3722220370979103,6,1,29,5,30,0.9135668330454916,,
1854,olympus,dino_clicks,3+6 clicks,0,0.5472282265499708,6,3,37,3,40,0.9168591001345026,,
1854,olympus,sam,3+6 clicks,0,0.4187887142171578,6,3,43,3,46,0.6994288303156805,,
1854,olympus,microsam,3+6 clicks,0,0.4434790106961833,6,1,81,5,82,0.8604977785317105,,
1854,olympus,rf_clicks,3+6 clicks,0,0.2045113675464743,6,0,39,6,39,0.917922385234264,,
1854,olympus,dino_multi,3+6 clicks,0,0.2615730842213908,6,0,61,6,61,0.7542830309138012,0.8835278317767326,0.4833262353993904
1854,olympus,dino_clicks,3+6 clicks,1,0.2502164316578197,6,0,32,6,32,0.8971542074990351,,
1854,olympus,sam,3+6 clicks,1,0.2361795581904883,6,1,42,5,43,0.5107872669543271,,
1854,olympus,microsam,3+6 clicks,1,0.3263893636270281,6,1,56,5,57,0.7221114101701432,,
1854,olympus,rf_clicks,3+6 clicks,1,0.1515500580718504,6,0,125,6,125,0.8434395281638546,,
1854,olympus,dino_multi,3+6 clicks,1,0.482298156615812,6,1,71,5,72,0.868249996505305,0.8805182255784406,0.7394992578789422
1854,olympus,dino_clicks,3+6 clicks,2,0.3540785278817189,6,0,70,6,70,0.7337107350738021,,
1854,olympus,sam,3+6 clicks,2,0.2733936516478799,6,0,26,6,26,0.5018962729449027,,
1854,olympus,microsam,3+6 clicks,2,0.2865941983496315,6,0,47,6,47,0.8442334304066753,,
1854,olympus,rf_clicks,3+6 clicks,2,0.2896723431098448,6,1,370,5,371,0.7402818357801585,,
1854,olympus,dino_multi,3+6 clicks,2,0.2995991456011531,6,0,104,6,104,0.7158564498990373,0.6596180563731839,0.6761539160457932
1854,olympus,dino_clicks,10+20 clicks,0,0.5946236504293093,6,3,32,3,35,0.9155355246403152,,
1854,olympus,sam,10+20 clicks,0,0.3991907713208287,6,1,295,5,296,0.6391597997287994,,
1854,olympus,microsam,10+20 clicks,0,0.4465239068566747,6,1,34,5,35,0.8627233702959124,,
1854,olympus,rf_clicks,10+20 clicks,0,0.2103686624609567,6,0,25,6,25,0.9094599138358528,,
1854,olympus,dino_multi,10+20 clicks,0,0.386426250416156,6,2,61,4,63,0.7663504323734364,0.8783799406543437,0.4797996121525533
1854,olympus,dino_clicks,10+20 clicks,1,0.7450616436207494,6,5,18,1,23,0.9286598664477058,,
1854,olympus,sam,10+20 clicks,1,0.6465131128628433,6,3,99,3,102,0.9193241684591166,,
1854,olympus,microsam,10+20 clicks,1,0.4029081123368374,6,1,66,5,67,0.9170606415557656,,
1854,olympus,rf_clicks,10+20 clicks,1,0.2253341951622317,6,0,121,6,121,0.8646068556525739,,
1854,olympus,dino_multi,10+20 clicks,1,0.599681104405284,6,3,38,3,41,0.9281443327615868,0.8611315775004124,0.8093908749940654
1854,olympus,dino_clicks,10+20 clicks,2,0.6647074833185946,6,3,41,3,44,0.9228462518515448,,
1854,olympus,sam,10+20 clicks,2,0.6916076362420366,6,5,120,1,125,0.9234275743332016,,
1854,olympus,microsam,10+20 clicks,2,0.4081066318617337,6,1,56,5,57,0.9157574446471906,,
1854,olympus,rf_clicks,10+20 clicks,2,0.2387028696504902,6,0,81,6,81,0.7923559342089693,,
1854,olympus,dino_multi,10+20 clicks,2,0.4951876426768092,6,2,71,4,73,0.8939711365308037,0.8712790008274316,0.7954784891452652
1855,olympus,otsu,no input,0,0.5819602570174708,3,1,125,2,126,0.6146930307126466,,
1855,olympus,dino_labels,5 labelled training images,0,0.4483248899448937,3,1,36,2,37,0.9060549793940492,,
1855,olympus,dino_clicks,3+6 clicks,0,0.8372569666520923,3,3,64,0,67,0.8894243875842194,,
1855,olympus,sam,3+6 clicks,0,0.1482180234751876,3,0,162,3,162,0.603744924488067,,
1855,olympus,microsam,3+6 clicks,0,0.0875396879205719,3,0,67,3,67,0.8515434239594568,,
1855,olympus,rf_clicks,3+6 clicks,0,0.4837296652872403,3,1,463,2,464,0.7566131025957973,,
1855,olympus,dino_multi,3+6 clicks,0,0.4534628995722933,3,0,133,3,133,0.672503065001845,0.5727675308482738,0.4586404762416453
1855,olympus,dino_clicks,3+6 clicks,1,0.6992282954025909,3,2,93,1,95,0.9041705020179848,,
1855,olympus,sam,3+6 clicks,1,0.285259179964527,3,1,266,2,267,0.8456294020148546,,
1855,olympus,microsam,3+6 clicks,1,0.1750185503650519,3,0,92,3,92,0.8579668465440915,,
1855,olympus,rf_clicks,3+6 clicks,1,0.3546907696134316,3,1,333,2,334,0.6116883116883117,,
1855,olympus,dino_multi,3+6 clicks,1,0.2765291697074195,3,0,188,3,188,0.4861371555376759,0.7211678032481582,0.1784115158318017
1855,olympus,dino_clicks,3+6 clicks,2,0.4931143331339429,3,2,72,1,74,0.5942026182971399,,
1855,olympus,sam,3+6 clicks,2,0.3723974149831471,3,1,255,2,256,0.5717251174478313,,
1855,olympus,microsam,3+6 clicks,2,0.2470754816416312,3,1,96,2,97,0.8562610940777796,,
1855,olympus,rf_clicks,3+6 clicks,2,0.5967098240599092,3,2,80,1,82,0.7366489681263904,,
1855,olympus,dino_multi,3+6 clicks,2,0.1383099636872817,3,0,146,3,146,0.7852198213666003,0.4197263975679783,0.5595116199695926
1855,olympus,dino_clicks,10+20 clicks,0,0.7128761903005477,3,3,54,0,57,0.8355693559612399,,
1855,olympus,sam,10+20 clicks,0,0.7408654398250175,3,3,123,0,126,0.8530629400021015,,
1855,olympus,microsam,10+20 clicks,0,0.1660803151565792,3,0,32,3,32,0.8645096592460937,,
1855,olympus,rf_clicks,10+20 clicks,0,0.3934031843516945,3,0,282,3,282,0.6396454288305277,,
1855,olympus,dino_multi,10+20 clicks,0,0.4628189956501036,3,2,117,1,119,0.8245993816315841,0.8403046363940219,0.7128272499920858
1855,olympus,dino_clicks,10+20 clicks,1,0.5688091319209673,3,2,70,1,72,0.8014220360469603,,
1855,olympus,sam,10+20 clicks,1,0.1149745887499417,3,0,466,3,466,0.5527525484688981,,
1855,olympus,microsam,10+20 clicks,1,0.1839025890006565,3,0,29,3,29,0.877649018283664,,
1855,olympus,rf_clicks,10+20 clicks,1,0.3215792458808744,3,1,306,2,307,0.7097564793971097,,
1855,olympus,dino_multi,10+20 clicks,1,0.5011788910947147,3,2,179,1,181,0.8262838118241715,0.7821600807506822,0.7224416222859484
1855,olympus,dino_clicks,10+20 clicks,2,0.8824508953654275,3,3,49,0,52,0.9249522353840276,,
1855,olympus,sam,10+20 clicks,2,0.2612778351916347,3,0,103,3,103,0.6824308694008587,,
1855,olympus,microsam,10+20 clicks,2,0.2530037115363311,3,0,56,3,56,0.8763971398506956,,
1855,olympus,rf_clicks,10+20 clicks,2,0.2326120344441227,3,0,77,3,77,0.8159881310817297,,
1855,olympus,dino_multi,10+20 clicks,2,0.4995783786064653,3,2,121,1,123,0.8282900351773997,0.8549386770483777,0.5813600929609763
1863,olympus,otsu,no input,0,0.3970657859095171,4,0,98,4,98,0.5538091833324167,,
1863,olympus,dino_labels,5 labelled training images,0,0.4251237929423076,4,1,17,3,18,0.933409945556017,,
1863,olympus,dino_clicks,3+6 clicks,0,0.622464982472505,4,2,44,2,46,0.9219088397102388,,
1863,olympus,sam,3+6 clicks,0,0.4100196449012088,4,1,80,3,81,0.7796998533020031,,
1863,olympus,microsam,3+6 clicks,0,0.4026058903411484,4,1,15,3,16,0.7368823314392051,,
1863,olympus,rf_clicks,3+6 clicks,0,0.1775067185586796,4,0,51,4,51,0.8950067122510695,,
1863,olympus,dino_multi,3+6 clicks,0,0.7930015292577552,4,4,36,0,40,0.8807744970118719,0.149708066436143,0.5839740142405404
1863,olympus,dino_clicks,3+6 clicks,1,0.3904257675639468,4,0,58,4,58,0.6403093528915946,,
1863,olympus,sam,3+6 clicks,1,0.3906781264568288,4,1,79,3,80,0.7520745700880457,,
1863,olympus,microsam,3+6 clicks,1,0.2659022332994762,4,1,3,3,4,0.7033174938401971,,
1863,olympus,rf_clicks,3+6 clicks,1,0.1940829565560067,4,0,406,4,406,0.5118112229827242,,
1863,olympus,dino_multi,3+6 clicks,1,0.1322138570602165,4,0,107,4,107,0.3920222642931404,0.4302268486693509,0.3225764182603062
1863,olympus,dino_clicks,3+6 clicks,2,0.6380394064462052,4,2,34,2,36,0.9177944238254728,,
1863,olympus,sam,3+6 clicks,2,0.6769088549229032,4,3,55,1,58,0.7641944622331246,,
1863,olympus,microsam,3+6 clicks,2,0.5957555388428548,4,3,25,1,28,0.7269069255593513,,
1863,olympus,rf_clicks,3+6 clicks,2,0.4949899628201887,4,1,326,3,327,0.829144852784538,,
1863,olympus,dino_multi,3+6 clicks,2,0.7549536551631283,4,4,134,0,138,0.8714614919659497,0.4835450824520311,0.7007967894469265
1863,olympus,dino_clicks,10+20 clicks,0,0.7535232315053959,4,3,43,1,46,0.90700621681946,,
1863,olympus,sam,10+20 clicks,0,0.86893351473127,4,4,136,0,140,0.9323835921894116,,
1863,olympus,microsam,10+20 clicks,0,0.7508827530557403,4,3,31,1,34,0.8480461669358916,,
1863,olympus,rf_clicks,10+20 clicks,0,0.6234963925740362,4,2,154,2,156,0.8562229313881924,,
1863,olympus,dino_multi,10+20 clicks,0,0.6896055593165014,4,3,57,1,60,0.8287687254014584,0.8460084913939643,0.6359459426345002
1863,olympus,dino_clicks,10+20 clicks,1,0.3871462305544724,4,0,51,4,51,0.741161387576249,,
1863,olympus,sam,10+20 clicks,1,0.717601907816762,4,3,190,1,193,0.8487733676147624,,
1863,olympus,microsam,10+20 clicks,1,0.4031292826222024,4,1,19,3,20,0.9224577203934048,,
1863,olympus,rf_clicks,10+20 clicks,1,0.21751451729338,4,0,234,4,234,0.5328970235420781,,
1863,olympus,dino_multi,10+20 clicks,1,0.7540514548127629,4,4,49,0,53,0.8591035007856923,0.916347085180606,0.7242260559732713
1863,olympus,dino_clicks,10+20 clicks,2,0.7867083970058983,4,3,28,1,31,0.9267881107486878,,
1863,olympus,sam,10+20 clicks,2,0.7468293959716275,4,3,95,1,98,0.8521124651914843,,
1863,olympus,microsam,10+20 clicks,2,0.6189412960220125,4,2,46,2,48,0.9147160436318466,,
1863,olympus,rf_clicks,10+20 clicks,2,0.190120008441828,4,0,35,4,35,0.912901424514964,,
1863,olympus,dino_multi,10+20 clicks,2,0.6254162795162461,4,2,58,2,60,0.929541295998943,0.8948910537666394,0.7882189188787565
1870,olympus,otsu,no input,0,0.4768514958951503,7,3,111,4,114,0.7618912357476044,,
1870,olympus,dino_labels,5 labelled training images,0,0.4769885803860199,7,3,8,4,11,0.91186055612699,,
1870,olympus,dino_clicks,3+6 clicks,0,0.4353600408378408,7,3,55,4,58,0.9153808317386736,,
1870,olympus,sam,3+6 clicks,0,0.3301085904997785,7,2,26,5,28,0.7883770074243786,,
1870,olympus,microsam,3+6 clicks,0,0.16449983509241,7,1,56,6,57,0.8312715851033645,,
1870,olympus,rf_clicks,3+6 clicks,0,0.2046716711313446,7,0,152,7,152,0.8712799579679101,,
1870,olympus,dino_multi,3+6 clicks,0,0.6910581565974354,7,5,75,2,80,0.8628083947452739,0.7677609066460167,0.7127987729684121
1870,olympus,dino_clicks,3+6 clicks,1,0.7059519075225275,7,5,68,2,73,0.9428263254046616,,
1870,olympus,sam,3+6 clicks,1,0.381037375032948,7,3,38,4,41,0.5604300827966882,,
1870,olympus,microsam,3+6 clicks,1,0.1939127858221882,7,1,61,6,62,0.8429820010806173,,
1870,olympus,rf_clicks,3+6 clicks,1,0.3033850056943097,7,2,56,5,58,0.8986783681626623,,
1870,olympus,dino_multi,3+6 clicks,1,0.6004530314375341,7,4,65,3,69,0.8334865446852451,0.4295059413819614,0.6152521253607988
1870,olympus,dino_clicks,3+6 clicks,2,0.3837322574206497,7,0,18,7,18,0.5595083819733145,,
1870,olympus,sam,3+6 clicks,2,0.6068734114554368,7,5,50,2,55,0.8290206443586677,,
1870,olympus,microsam,3+6 clicks,2,0.3526330907351169,7,2,67,5,69,0.8774237837268473,,
1870,olympus,rf_clicks,3+6 clicks,2,0.3619920503465537,7,1,67,6,68,0.9018906595214592,,
1870,olympus,dino_multi,3+6 clicks,2,0.277116534479026,7,0,71,7,71,0.6964802283373118,0.5343499857626475,0.7018472457135276
1870,olympus,dino_clicks,10+20 clicks,0,0.651053010798013,7,6,72,1,78,0.9068572644966796,,
1870,olympus,sam,10+20 clicks,0,0.6070241225767102,7,4,96,3,100,0.8159414577299446,,
1870,olympus,microsam,10+20 clicks,0,0.4283016103757143,7,3,237,4,240,0.919821675077508,,
1870,olympus,rf_clicks,10+20 clicks,0,0.5531544147741562,7,4,238,3,242,0.7574078198627834,,
1870,olympus,dino_multi,10+20 clicks,0,0.6452271614666717,7,4,49,3,53,0.8715669511090036,0.8795927961811081,0.714730258495856
1870,olympus,dino_clicks,10+20 clicks,1,0.7104556035999451,7,6,76,1,82,0.9390488202997478,,
1870,olympus,sam,10+20 clicks,1,0.504164250106345,7,3,64,4,67,0.7790710759922417,,
1870,olympus,microsam,10+20 clicks,1,0.4554743781982001,7,3,75,4,78,0.9376491111938547,,
1870,olympus,rf_clicks,10+20 clicks,1,0.382141294270164,7,2,491,5,493,0.9026115930547052,,
1870,olympus,dino_multi,10+20 clicks,1,0.6879321923372691,7,5,51,2,56,0.8931549760826313,0.866894825936557,0.7844844257317243
1870,olympus,dino_clicks,10+20 clicks,2,0.6016227031053966,7,6,43,1,49,0.7772454379501914,,
1870,olympus,sam,10+20 clicks,2,0.5777305391598421,7,4,83,3,87,0.7384693648129685,,
1870,olympus,microsam,10+20 clicks,2,0.4645704746392824,7,3,56,4,59,0.9392151317627178,,
1870,olympus,rf_clicks,10+20 clicks,2,0.3657997148432387,7,2,114,5,116,0.7449251634951735,,
1870,olympus,dino_multi,10+20 clicks,2,0.7002493307434731,7,5,72,2,77,0.9076963766199418,0.8759239777735554,0.7915975965217957
1871,olympus,otsu,no input,0,0.4618478421153407,3,1,76,2,77,0.6850492791906002,,
1871,olympus,dino_labels,5 labelled training images,0,0.8658904086321022,3,3,13,0,16,0.9323305430836272,,
1871,olympus,dino_clicks,3+6 clicks,0,0.8985454680767256,3,3,47,0,50,0.9472895187180902,,
1871,olympus,sam,3+6 clicks,0,0.6891938774602027,3,3,118,0,121,0.8077751884852639,,
1871,olympus,microsam,3+6 clicks,0,0.0742642323578708,3,0,154,3,154,0.8659509139242071,,
1871,olympus,rf_clicks,3+6 clicks,0,0.7836965959471552,3,3,15,0,18,0.8782641023358589,,
1871,olympus,dino_multi,3+6 clicks,0,0.7285321786892175,3,3,79,0,82,0.9051636791505774,0.771640053004243,0.674055829228243
1871,olympus,dino_clicks,3+6 clicks,1,0.8859602624625259,3,3,37,0,40,0.9367629079281482,,
1871,olympus,sam,3+6 clicks,1,0.8869721961264849,3,3,78,0,81,0.934413661440404,,
1871,olympus,microsam,3+6 clicks,1,0.11981952081316,3,0,245,3,245,0.8822331487212217,,
1871,olympus,rf_clicks,3+6 clicks,1,0.8088111035911751,3,3,26,0,29,0.9442023044059896,,
1871,olympus,dino_multi,3+6 clicks,1,0.5285867323245405,3,2,177,1,179,0.8243209595877583,0.867282871982743,0.6876589202294364
1871,olympus,dino_clicks,3+6 clicks,2,0.5233587455485224,3,2,34,1,36,0.682182327107765,,
1871,olympus,sam,3+6 clicks,2,0.6631188469693582,3,2,106,1,108,0.7798981675919799,,
1871,olympus,microsam,3+6 clicks,2,0.0846031251333814,3,0,97,3,97,0.8832084878139003,,
1871,olympus,rf_clicks,3+6 clicks,2,0.9190447116450974,3,3,36,0,39,0.9588793801656924,,
1871,olympus,dino_multi,3+6 clicks,2,0.5104358897678415,3,1,63,2,64,0.6980629242527011,0.8637657684189859,0.4558121632024634
1871,olympus,dino_clicks,10+20 clicks,0,0.5179790938155744,3,1,77,2,78,0.904601210070434,,
1871,olympus,sam,10+20 clicks,0,0.808229669976455,3,3,218,0,221,0.8852113331197089,,
1871,olympus,microsam,10+20 clicks,0,0.6621356346711854,3,2,73,1,75,0.9142491634648438,,
1871,olympus,rf_clicks,10+20 clicks,0,0.6715510955243614,3,3,70,0,73,0.8956745322586528,,
1871,olympus,dino_multi,10+20 clicks,0,0.4323468779012395,3,1,108,2,109,0.8736792870446933,0.8851759602435915,0.7171143718326654
1871,olympus,dino_clicks,10+20 clicks,1,0.4870220468602758,3,1,44,2,45,0.85778408385889,,
1871,olympus,sam,10+20 clicks,1,0.0569415224568946,3,0,120,3,120,0.5764977765723617,,
1871,olympus,microsam,10+20 clicks,1,0.1375609625311558,3,0,61,3,61,0.8780314522970708,,
1871,olympus,rf_clicks,10+20 clicks,1,0.9094728818874488,3,3,50,0,53,0.9563586588532152,,
1871,olympus,dino_multi,10+20 clicks,1,0.5697848920112571,3,1,71,2,72,0.905798969072165,0.923378558544428,0.8229588295215858
1871,olympus,dino_clicks,10+20 clicks,2,0.8471571688756568,3,3,51,0,54,0.922488211997726,,
1871,olympus,sam,10+20 clicks,2,0.7249045808243285,3,3,71,0,74,0.8665489878368735,,
1871,olympus,microsam,10+20 clicks,2,0.5136878464521986,3,1,93,2,94,0.905128105707134,,
1871,olympus,rf_clicks,10+20 clicks,2,0.7210190665865014,3,3,17,0,20,0.8376620890690031,,
1871,olympus,dino_multi,10+20 clicks,2,0.3551511406347643,3,0,100,3,100,0.870858817798392,0.9222897635299576,0.6638328582253816
1888,olympus,otsu,no input,0,0.3607073230452611,4,0,80,4,80,0.5367637912805523,,
1888,olympus,dino_labels,5 labelled training images,0,0.5939764313987218,4,3,26,1,29,0.9118086998196472,,
1888,olympus,dino_clicks,3+6 clicks,0,0.4489691205231919,4,1,46,3,47,0.7508410082780685,,
1888,olympus,sam,3+6 clicks,0,0.1679130390801478,4,0,185,4,185,0.54337899543379,,
1888,olympus,microsam,3+6 clicks,0,0.5550763369264465,4,3,215,1,218,0.7885639461215229,,
1888,olympus,rf_clicks,3+6 clicks,0,0.3364543096901518,4,1,88,3,89,0.7620504562533548,,
1888,olympus,dino_multi,3+6 clicks,0,0.2975775734480231,4,2,113,2,115,0.5032337426137092,0.2115114154650964,0.4552112157489918
1888,olympus,dino_clicks,3+6 clicks,1,0.4497941468333278,4,1,53,3,54,0.6292471208388243,,
1888,olympus,sam,3+6 clicks,1,0.102467106041236,4,0,170,4,170,0.6448352789268078,,
1888,olympus,microsam,3+6 clicks,1,0.2104352936429262,4,1,317,3,318,0.852331374976827,,
1888,olympus,rf_clicks,3+6 clicks,1,0.2385477629132141,4,1,28,3,29,0.8135362779355683,,
1888,olympus,dino_multi,3+6 clicks,1,0.1465090268042467,4,0,156,4,156,0.7141314516196192,0.7959072912496108,0.5497540738206236
1888,olympus,dino_clicks,3+6 clicks,2,0.6840856027621988,4,3,105,1,108,0.8381151517082198,,
1888,olympus,sam,3+6 clicks,2,0.0835737759673358,4,0,247,4,247,0.8154825026511134,,
1888,olympus,microsam,3+6 clicks,2,0.2256523800797505,4,1,109,3,110,0.7598299709582702,,
1888,olympus,rf_clicks,3+6 clicks,2,0.3490659207420977,4,0,263,4,263,0.6497120921305183,,
1888,olympus,dino_multi,3+6 clicks,2,0.3893645138079002,4,2,187,2,189,0.7405821817112614,0.6175007255690534,0.6369512592923241
1888,olympus,dino_clicks,10+20 clicks,0,0.5760780223612556,4,3,110,1,113,0.8963011180694286,,
1888,olympus,sam,10+20 clicks,0,0.1570447957036676,4,0,277,4,277,0.6688996269467692,,
1888,olympus,microsam,10+20 clicks,0,0.3945903019690905,4,1,87,3,88,0.7966954893429531,,
1888,olympus,rf_clicks,10+20 clicks,0,0.3265953235568776,4,0,557,4,557,0.6770356991278652,,
1888,olympus,dino_multi,10+20 clicks,0,0.4831452376255712,4,1,144,3,145,0.8331089083210305,0.8952744934113619,0.7240832888414308
1888,olympus,dino_clicks,10+20 clicks,1,0.404296238640406,4,0,53,4,53,0.6268372879633595,,
1888,olympus,sam,10+20 clicks,1,0.4324370593388572,4,2,310,2,312,0.8300098613304941,,
1888,olympus,microsam,10+20 clicks,1,0.4114345354003712,4,1,104,3,105,0.6972864428139023,,
1888,olympus,rf_clicks,10+20 clicks,1,0.218717912785392,4,1,73,3,74,0.8399454056073626,,
1888,olympus,dino_multi,10+20 clicks,1,0.3061932831730198,4,1,138,3,139,0.8575221433653025,0.9357286866359448,0.7158169244739722
1888,olympus,dino_clicks,10+20 clicks,2,0.7517094059795697,4,3,92,1,95,0.900526074523586,,
1888,olympus,sam,10+20 clicks,2,0.3198858809513005,4,1,308,3,309,0.7119390845271217,,
1888,olympus,microsam,10+20 clicks,2,0.0686534207961759,4,0,129,4,129,0.8493000378357927,,
1888,olympus,rf_clicks,10+20 clicks,2,0.4061925442533306,4,2,142,2,144,0.8437798864004923,,
1888,olympus,dino_multi,10+20 clicks,2,0.1734019969548172,4,0,135,4,135,0.8012902004619552,0.8788753003383744,0.6038264993254568
1898,olympus,otsu,no input,0,0.3151350501129256,8,0,152,8,152,0.5044496543764869,,
1898,olympus,dino_labels,5 labelled training images,0,0.472495991339689,8,3,28,5,31,0.8946100342859389,,
1898,olympus,dino_clicks,3+6 clicks,0,0.6324504269884625,8,5,53,3,58,0.8066351603965912,,
1898,olympus,sam,3+6 clicks,0,0.4157187413772664,8,3,206,5,209,0.6527350466365394,,
1898,olympus,microsam,3+6 clicks,0,0.2975603161192303,8,2,54,6,56,0.7011344791735287,,
1898,olympus,rf_clicks,3+6 clicks,0,0.3273348177179093,8,0,234,8,234,0.5807920876553379,,
1898,olympus,dino_multi,3+6 clicks,0,0.1534720330962689,8,0,185,8,185,0.5342835787624081,0.3341497039980536,0.4688111156872948
1898,olympus,dino_clicks,3+6 clicks,1,0.6795873662938942,8,6,80,2,86,0.8335930008786347,,
1898,olympus,sam,3+6 clicks,1,0.2484558867510484,8,1,122,7,123,0.5203790976563745,,
1898,olympus,microsam,3+6 clicks,1,0.2272643935647448,8,1,28,7,29,0.608320196099528,,
1898,olympus,rf_clicks,3+6 clicks,1,0.1270349191822225,8,1,35,7,36,0.8215387990154743,,
1898,olympus,dino_multi,3+6 clicks,1,0.2487664571970382,8,0,113,8,113,0.5581722084699271,0.7258539059857965,0.3714107910691105
1898,olympus,dino_clicks,3+6 clicks,2,0.526644532282716,8,3,60,5,63,0.7602634191994704,,
1898,olympus,sam,3+6 clicks,2,0.0685323457363356,8,0,119,8,119,0.5162195529072368,,
1898,olympus,microsam,3+6 clicks,2,0.2320429471616432,8,1,66,7,67,0.8002987214422551,,
1898,olympus,rf_clicks,3+6 clicks,2,0.4655318287756465,8,3,56,5,59,0.6719370117113138,,
1898,olympus,dino_multi,3+6 clicks,2,0.3019765091859862,8,2,215,6,217,0.6278699617814969,0.4849940095846645,0.4660425473984631
1898,olympus,dino_clicks,10+20 clicks,0,0.7325252009176907,8,6,79,2,85,0.8856535829575651,,
1898,olympus,sam,10+20 clicks,0,0.7684295187912711,8,7,108,1,115,0.8901177178656637,,
1898,olympus,microsam,10+20 clicks,0,0.1913282567452826,8,1,92,7,93,0.9152257055946852,,
1898,olympus,rf_clicks,10+20 clicks,0,0.3277049946311524,8,1,290,7,291,0.6287863557429133,,
1898,olympus,dino_multi,10+20 clicks,0,0.1687631118730633,8,1,74,7,75,0.8809022591022003,0.900066973316063,0.7845138628163439
1898,olympus,dino_clicks,10+20 clicks,1,0.6242504756821663,8,5,67,3,72,0.9343649681934896,,
1898,olympus,sam,10+20 clicks,1,0.5275117541900319,8,4,299,4,303,0.8695205133171795,,
1898,olympus,microsam,10+20 clicks,1,0.2024030215664747,8,1,82,7,83,0.9279493459692516,,
1898,olympus,rf_clicks,10+20 clicks,1,0.155362423306849,8,1,255,7,256,0.8087565268782482,,
1898,olympus,dino_multi,10+20 clicks,1,0.1654273453886426,8,1,60,7,61,0.8937644168758396,0.8976964503321672,0.7995344689469627
1898,olympus,dino_clicks,10+20 clicks,2,0.2753702277835222,8,1,52,7,53,0.9219268468547712,,
1898,olympus,sam,10+20 clicks,2,0.8299631670288496,8,7,256,1,263,0.8915517488780362,,
1898,olympus,microsam,10+20 clicks,2,0.1844505082257986,8,1,64,7,65,0.9083810947753136,,
1898,olympus,rf_clicks,10+20 clicks,2,0.4024773007256115,8,1,598,7,599,0.7369225963052961,,
1898,olympus,dino_multi,10+20 clicks,2,0.6582888545630683,8,7,89,1,96,0.8662410464029897,0.8045776720747875,0.672424318238679
1944,olympus,otsu,no input,0,0.4017847936593746,2,1,199,1,200,0.6581449176812125,,
1944,olympus,dino_labels,5 labelled training images,0,0.6836157558206366,2,2,18,0,20,0.9438947189743488,,
1944,olympus,dino_clicks,3+6 clicks,0,0.0623199227743487,2,0,25,2,25,0.8984124095892281,,
1944,olympus,sam,3+6 clicks,0,0.6074049821096676,2,2,174,0,176,0.8495490027834167,,
1944,olympus,microsam,3+6 clicks,0,0.530847330337226,2,1,170,1,171,0.9337148125793098,,
1944,olympus,rf_clicks,3+6 clicks,0,0.1693511086958603,2,0,26,2,26,0.8636265131110492,,
1944,olympus,dino_multi,3+6 clicks,0,0.8139765754202553,2,2,92,0,94,0.9372461864834832,0.4530892448512585,0.7628568921132693
1944,olympus,dino_clicks,3+6 clicks,1,0.8097010911643385,2,2,66,0,68,0.9173736224151524,,
1944,olympus,sam,3+6 clicks,1,0.4884781807082204,2,1,103,1,104,0.6807216223334212,,
1944,olympus,microsam,3+6 clicks,1,0.7851763356620043,2,2,101,0,103,0.9542270554770796,,
1944,olympus,rf_clicks,3+6 clicks,1,0.4156815591279695,2,1,42,1,43,0.6674284972242963,,
1944,olympus,dino_multi,3+6 clicks,1,0.6478296298125461,2,1,149,1,150,0.9325002395396804,0.3996683577787867,0.7191784512821302
1944,olympus,dino_clicks,3+6 clicks,2,0.4569838393418202,2,1,87,1,88,0.6608680765887961,,
1944,olympus,sam,3+6 clicks,2,0.5909842373026201,2,2,100,0,102,0.7477709007508876,,
1944,olympus,microsam,3+6 clicks,2,0.8483447072284608,2,2,25,0,27,0.9724376613712752,,
1944,olympus,rf_clicks,3+6 clicks,2,0.3150018452915561,2,0,188,2,188,0.6534481607583951,,
1944,olympus,dino_multi,3+6 clicks,2,0.256478134633705,2,0,228,2,228,0.716388158452795,0.1233537127312882,0.5340045298005026
1944,olympus,dino_clicks,10+20 clicks,0,0.7810040368310246,2,2,106,0,108,0.8578421260961917,,
1944,olympus,sam,10+20 clicks,0,0.4679617104284909,2,1,324,1,325,0.6424548032385131,,
1944,olympus,microsam,10+20 clicks,0,0.8027538396622148,2,2,49,0,51,0.9654871251373842,,
1944,olympus,rf_clicks,10+20 clicks,0,0.2033450107075278,2,0,305,2,305,0.8508365356825554,,
1944,olympus,dino_multi,10+20 clicks,0,0.7599558578506531,2,2,72,0,74,0.9304313546486296,0.8546195463206353,0.7856281957633309
1944,olympus,dino_clicks,10+20 clicks,1,0.3307842398114812,2,0,75,2,75,0.6314999862361329,,
1944,olympus,sam,10+20 clicks,1,0.8416739551665395,2,2,184,0,186,0.9109437306158618,,
1944,olympus,microsam,10+20 clicks,1,0.8076416040204418,2,2,72,0,74,0.9684020582782245,,
1944,olympus,rf_clicks,10+20 clicks,1,0.4136838391512763,2,1,296,1,297,0.7273906282462116,,
1944,olympus,dino_multi,10+20 clicks,1,0.4275001998776673,2,1,159,1,160,0.7354529914529915,0.8522127046577549,0.5010752054673462
1944,olympus,dino_clicks,10+20 clicks,2,0.8917417484108245,2,2,75,0,77,0.9307471916337332,,
1944,olympus,sam,10+20 clicks,2,0.5149370470113106,2,1,307,1,308,0.6828153227887771,,
1944,olympus,microsam,10+20 clicks,2,0.8464435459286015,2,2,12,0,14,0.9737268570459792,,
1944,olympus,rf_clicks,10+20 clicks,2,0.6477971595099299,2,1,183,1,184,0.8212064586671912,,
1944,olympus,dino_multi,10+20 clicks,2,0.783312938428909,2,2,54,0,56,0.9453604715963412,0.8429544696596738,0.7811512682564433
1948,olympus,otsu,no input,0,0.4277127006004094,11,2,282,9,284,0.6743915646828641,,
1948,olympus,dino_labels,5 labelled training images,0,0.3979723501874712,11,3,41,8,44,0.794097830665977,,
1948,olympus,dino_clicks,3+6 clicks,0,0.3708269183737557,11,3,51,8,54,0.7817057145604308,,
1948,olympus,sam,3+6 clicks,0,0.1904142288310446,11,2,108,9,110,0.421595289158136,,
1948,olympus,microsam,3+6 clicks,0,0.1402699831135151,11,2,15,9,17,0.2713361190481449,,
1948,olympus,rf_clicks,3+6 clicks,0,0.1722270414970944,11,0,289,11,289,0.7428958687002207,,
1948,olympus,dino_multi,3+6 clicks,0,0.2780459229220322,11,1,218,10,219,0.5996907937443748,0.6436212130556641,0.420847023436208
1948,olympus,dino_clicks,3+6 clicks,1,0.4680347237957587,11,4,85,7,89,0.8385732862715958,,
1948,olympus,sam,3+6 clicks,1,0.0537526291640836,11,0,216,11,216,0.6601800457895615,,
1948,olympus,microsam,3+6 clicks,1,0.1291884563899462,11,0,89,11,89,0.7317805218695099,,
1948,olympus,rf_clicks,3+6 clicks,1,0.2212644144551005,11,0,470,11,470,0.6817673619194611,,
1948,olympus,dino_multi,3+6 clicks,1,0.2656817122705512,11,2,143,9,145,0.8481455714682229,0.1295596828541233,0.4955764006895378
1948,olympus,dino_clicks,3+6 clicks,2,0.0508450905296782,11,0,80,11,80,0.6942783853978597,,
1948,olympus,sam,3+6 clicks,2,0.227949211539899,11,0,112,11,112,0.6999889816875647,,
1948,olympus,microsam,3+6 clicks,2,0.0841809748181316,11,0,35,11,35,0.6827471796329786,,
1948,olympus,rf_clicks,3+6 clicks,2,0.1440478154977414,11,0,298,11,298,0.7953913642745969,,
1948,olympus,dino_multi,3+6 clicks,2,0.1475590372389078,11,0,157,11,157,0.5387317609805773,0.5062328706568827,0.3842260322819313
1948,olympus,dino_clicks,10+20 clicks,0,0.2006643751062465,11,1,75,10,76,0.8731359499879411,,
1948,olympus,sam,10+20 clicks,0,0.0397386327112791,11,0,179,11,179,0.724209044535648,,
1948,olympus,microsam,10+20 clicks,0,0.1885818680966652,11,2,43,9,45,0.8696674462523607,,
1948,olympus,rf_clicks,10+20 clicks,0,0.2530818982784593,11,1,556,10,557,0.725157284768212,,
1948,olympus,dino_multi,10+20 clicks,0,0.4105292409523449,11,2,121,9,123,0.761427637585413,0.8514160025204495,0.6397007101880461
1948,olympus,dino_clicks,10+20 clicks,1,0.2561112932974853,11,3,99,8,102,0.8709050471858782,,
1948,olympus,sam,10+20 clicks,1,0.1964686288358842,11,0,366,11,366,0.7886091419572793,,
1948,olympus,microsam,10+20 clicks,1,0.2249057223392026,11,3,46,8,49,0.9021489977798494,,
1948,olympus,rf_clicks,10+20 clicks,1,0.2018054967264346,11,0,172,11,172,0.8633711432768564,,
1948,olympus,dino_multi,10+20 clicks,1,0.0927746657646191,11,0,156,11,156,0.829403140263765,0.8211415230845929,0.5992881164962357
1948,olympus,dino_clicks,10+20 clicks,2,0.4152165542653208,11,5,66,6,71,0.8787704305070086,,
1948,olympus,sam,10+20 clicks,2,0.4259956504521201,11,3,288,8,291,0.7121896362936877,,
1948,olympus,microsam,10+20 clicks,2,0.1378201891570965,11,0,65,11,65,0.7826726715018921,,
1948,olympus,rf_clicks,10+20 clicks,2,0.3365268710098738,11,2,550,9,552,0.6805032466335984,,
1948,olympus,dino_multi,10+20 clicks,2,0.1187682338436342,11,0,107,11,107,0.8453297733842318,0.8461677580114082,0.6903630221250171
1954,olympus,otsu,no input,0,0.2311948053823991,3,0,331,3,331,0.9402588049960616,,
1954,olympus,dino_labels,5 labelled training images,0,0.2725271499853243,3,0,3,3,3,0.9086080649042594,,
1954,olympus,dino_clicks,3+6 clicks,0,0.2368084911620367,3,0,64,3,64,0.8918545750249885,,
1954,olympus,sam,3+6 clicks,0,0.3104000182062317,3,0,29,3,29,0.830177441101142,,
1954,olympus,microsam,3+6 clicks,0,0.2754020535115404,3,0,10,3,10,0.7386297446201365,,
1954,olympus,rf_clicks,3+6 clicks,0,0.2905108498624915,3,0,16,3,16,0.9592385346462924,,
1954,olympus,dino_multi,3+6 clicks,0,0.2533462285503483,3,0,44,3,44,0.8899834409110878,0.8923488962812597,0.7309192441099005
1954,olympus,dino_clicks,3+6 clicks,1,0.5997162848532361,3,2,58,1,60,0.948562326641584,,
1954,olympus,sam,3+6 clicks,1,0.2941276985947281,3,0,35,3,35,0.941371346812178,,
1954,olympus,microsam,3+6 clicks,1,0.2758080838217997,3,0,25,3,25,0.9223138765414866,,
1954,olympus,rf_clicks,3+6 clicks,1,0.2646701979458907,3,0,39,3,39,0.9504784755740312,,
1954,olympus,dino_multi,3+6 clicks,1,0.5688195542479724,3,1,62,2,63,0.9437345737611544,0.8758939840134623,0.8140126772148837
1954,olympus,dino_clicks,3+6 clicks,2,0.5177930233212834,3,1,46,2,47,0.931097169744065,,
1954,olympus,sam,3+6 clicks,2,0.6478720969530759,3,2,30,1,32,0.9795072990963024,,
1954,olympus,microsam,3+6 clicks,2,0.3052451610518207,3,0,2,3,2,0.9552493829839168,,
1954,olympus,rf_clicks,3+6 clicks,2,0.2433997385975315,3,0,31,3,31,0.9352273444473496,,
1954,olympus,dino_multi,3+6 clicks,2,0.5378164468245716,3,1,33,2,34,0.8613718206822242,0.632936025297981,0.5356964098830596
1954,olympus,dino_clicks,10+20 clicks,0,0.4494304237860289,3,1,11,2,12,0.7818594717653091,,
1954,olympus,sam,10+20 clicks,0,0.4730063909329089,3,1,24,2,25,0.8835724673061073,,
1954,olympus,microsam,10+20 clicks,0,0.2707828089025326,3,0,17,3,17,0.9233725342917408,,
1954,olympus,rf_clicks,10+20 clicks,0,0.3052228122274295,3,0,41,3,41,0.878090601185436,,
1954,olympus,dino_multi,10+20 clicks,0,0.2054627094398501,3,0,66,3,66,0.8803601710299815,0.9192615658362988,0.7218549170095705
1954,olympus,dino_clicks,10+20 clicks,1,0.5487229177163236,3,1,10,2,11,0.8918293497336501,,
1954,olympus,sam,10+20 clicks,1,0.3151320687585515,3,1,173,2,174,0.7369661729462146,,
1954,olympus,microsam,10+20 clicks,1,0.3046939524078491,3,0,5,3,5,0.9543625797537286,,
1954,olympus,rf_clicks,10+20 clicks,1,0.3148848054690793,3,0,38,3,38,0.916806832717274,,
1954,olympus,dino_multi,10+20 clicks,1,0.2523427429539606,3,0,48,3,48,0.8736058798192798,0.9176429481645908,0.7455030713831815
1954,olympus,dino_clicks,10+20 clicks,2,0.6180902726576293,3,1,33,2,34,0.9492574961594628,,
1954,olympus,sam,10+20 clicks,2,0.5113933093952218,3,2,68,1,70,0.8897780139516226,,
1954,olympus,microsam,10+20 clicks,2,0.2992714878509748,3,0,8,3,8,0.9464081893908536,,
1954,olympus,rf_clicks,10+20 clicks,2,0.2280010408368896,3,0,38,3,38,0.9106164547853204,,
1954,olympus,dino_multi,10+20 clicks,2,0.2128851589544906,3,0,58,3,58,0.8882549982092822,0.924386353110688,0.7545896448692602
1957,olympus,otsu,no input,0,0.2833473693353084,4,1,229,3,230,0.9414769593947429,,
1957,olympus,dino_labels,5 labelled training images,0,0.1064849129403716,4,0,10,4,10,0.9026238857686588,,
1957,olympus,dino_clicks,3+6 clicks,0,0.657904855672455,4,4,21,0,25,0.7947833135731575,,
1957,olympus,sam,3+6 clicks,0,0.5295567224497232,4,2,147,2,149,0.8953084715483465,,
1957,olympus,microsam,3+6 clicks,0,0.1826451148652194,4,0,29,4,29,0.8335436694382194,,
1957,olympus,rf_clicks,3+6 clicks,0,0.3923726731626112,4,0,14,4,14,0.5567856363695441,,
1957,olympus,dino_multi,3+6 clicks,0,0.0868325271861849,4,0,25,4,25,0.8385845941375922,0.8641342121030557,0.6171826030693329
1957,olympus,dino_clicks,3+6 clicks,1,0.334587641409133,4,1,44,3,45,0.9286511596091004,,
1957,olympus,sam,3+6 clicks,1,0.562796779561336,4,2,123,2,125,0.8974121840897245,,
1957,olympus,microsam,3+6 clicks,1,0.3256107420525201,4,1,64,3,65,0.8959226777283072,,
1957,olympus,rf_clicks,3+6 clicks,1,0.0600774678113791,4,0,24,4,24,0.9336348429465336,,
1957,olympus,dino_multi,3+6 clicks,1,0.5343832925536042,4,3,72,1,75,0.7474306572118401,0.8677719369187222,0.4605786579136143
1957,olympus,dino_clicks,3+6 clicks,2,0.4636718926311253,4,1,17,3,18,0.6291917379218128,,
1957,olympus,sam,3+6 clicks,2,0.4926915719326583,4,1,69,3,70,0.7704105320312562,,
1957,olympus,microsam,3+6 clicks,2,0.3956677803394911,4,1,38,3,39,0.8197911621959675,,
1957,olympus,rf_clicks,3+6 clicks,2,0.5105482608976126,4,2,45,2,47,0.7189919853263687,,
1957,olympus,dino_multi,3+6 clicks,2,0.3768003561197394,4,0,61,4,61,0.8557340477654883,0.8568951293836389,0.6995211466974425
1957,olympus,dino_clicks,10+20 clicks,0,0.7937351486409332,4,4,21,0,25,0.8783741368487131,,
1957,olympus,sam,10+20 clicks,0,0.6910457583630703,4,3,130,1,133,0.8701293084807334,,
1957,olympus,microsam,10+20 clicks,0,0.2800164638465122,4,0,24,4,24,0.8765379995454988,,
1957,olympus,rf_clicks,10+20 clicks,0,0.4141804042220118,4,0,123,4,123,0.7644442381626481,,
1957,olympus,dino_multi,10+20 clicks,0,0.0943794936083301,4,0,53,4,53,0.828498335899856,0.7954673240776783,0.6576577558763246
1957,olympus,dino_clicks,10+20 clicks,1,0.621057497023841,4,2,25,2,27,0.8981211670884082,,
1957,olympus,sam,10+20 clicks,1,0.4217218233093101,4,1,113,3,114,0.7849419148393479,,
1957,olympus,microsam,10+20 clicks,1,0.1633762805398993,4,0,27,4,27,0.8318813162742072,,
1957,olympus,rf_clicks,10+20 clicks,1,0.3353748601188959,4,0,142,4,142,0.8672711767060585,,
1957,olympus,dino_multi,10+20 clicks,1,0.6627616576924549,4,2,36,2,38,0.9284347238540936,0.8972732632057446,0.8068077633295024
1957,olympus,dino_clicks,10+20 clicks,2,0.7329834486268938,4,4,24,0,28,0.8514627924227895,,
1957,olympus,sam,10+20 clicks,2,0.2659077786805081,4,0,314,4,314,0.5399243543163181,,
1957,olympus,microsam,10+20 clicks,2,0.1938215384455596,4,0,55,4,55,0.8155959653649631,,
1957,olympus,rf_clicks,10+20 clicks,2,0.6353370572202673,4,3,174,1,177,0.8236784269671392,,
1957,olympus,dino_multi,10+20 clicks,2,0.139002214441505,4,0,77,4,77,0.8564400700915448,0.9031992146224116,0.6466244522714296
1959,olympus,otsu,no input,0,0.3554181173909246,2,0,84,2,84,0.5151593573945414,,
1959,olympus,dino_labels,5 labelled training images,0,0.668720787654244,2,2,23,0,25,0.9446478569890158,,
1959,olympus,dino_clicks,3+6 clicks,0,0.8216979076344089,2,2,31,0,33,0.8934804393336574,,
1959,olympus,sam,3+6 clicks,0,0.9227645136289536,2,2,25,0,27,0.9586700704738532,,
1959,olympus,microsam,3+6 clicks,0,0.890767365765492,2,2,9,0,11,0.9432264909790834,,
1959,olympus,rf_clicks,3+6 clicks,0,0.3354930163777911,2,0,257,2,257,0.5528603940944192,,
1959,olympus,dino_multi,3+6 clicks,0,0.8101006415572563,2,2,46,0,48,0.8894340758579169,0.5281338094343169,0.6620233887080323
1959,olympus,dino_clicks,3+6 clicks,1,0.3211797500090831,2,0,136,2,136,0.7012410934662134,,
1959,olympus,sam,3+6 clicks,1,0.7261632258184936,2,2,67,0,69,0.850105725606126,,
1959,olympus,microsam,3+6 clicks,1,0.9051887000831116,2,2,9,0,11,0.9499803211412854,,
1959,olympus,rf_clicks,3+6 clicks,1,0.2047142663038975,2,0,144,2,144,0.805537118654589,,
1959,olympus,dino_multi,3+6 clicks,1,0.6138688522242759,2,2,54,0,56,0.841289119149743,0.6638811964566228,0.5798586365046492
1959,olympus,dino_clicks,3+6 clicks,2,0.502510874059932,2,1,58,1,59,0.728255583195908,,
1959,olympus,sam,3+6 clicks,2,0.9160930321626132,2,2,28,0,30,0.9565482901164976,,
1959,olympus,microsam,3+6 clicks,2,0.8997304533052894,2,2,4,0,6,0.9473818052675193,,
1959,olympus,rf_clicks,3+6 clicks,2,0.3911333551969898,2,0,84,2,84,0.6443152797118036,,
1959,olympus,dino_multi,3+6 clicks,2,0.3103135883407702,2,0,70,2,70,0.7120037247587242,0.610927681329215,0.7105867041134363
1959,olympus,dino_clicks,10+20 clicks,0,0.8188473470837621,2,2,36,0,38,0.8980466251097192,,
1959,olympus,sam,10+20 clicks,0,0.333584006969817,2,0,113,2,113,0.805859244709632,,
1959,olympus,microsam,10+20 clicks,0,0.9054205945900656,2,2,3,0,5,0.9506515588262644,,
1959,olympus,rf_clicks,10+20 clicks,0,0.4542101384201463,2,0,445,2,445,0.6722327266100189,,
1959,olympus,dino_multi,10+20 clicks,0,0.830560186882891,2,2,68,0,70,0.905274769936424,0.7559792027729636,0.7374244814575169
1959,olympus,dino_clicks,10+20 clicks,1,0.8593624237056727,2,2,34,0,36,0.9202101921923084,,
1959,olympus,sam,10+20 clicks,1,0.8842892805144774,2,2,98,0,100,0.9374455413311374,,
1959,olympus,microsam,10+20 clicks,1,0.9248537589340882,2,2,10,0,12,0.9610639851945456,,
1959,olympus,rf_clicks,10+20 clicks,1,0.4826954619579861,2,1,172,1,173,0.83032190866459,,
1959,olympus,dino_multi,10+20 clicks,1,0.5701274664825255,2,1,39,1,40,0.88426894858718,0.8599144649069214,0.7183520656955111
1959,olympus,dino_clicks,10+20 clicks,2,0.6765730969248234,2,2,32,0,34,0.8038193232408397,,
1959,olympus,sam,10+20 clicks,2,0.8554065219330242,2,2,45,0,47,0.916828513707387,,
1959,olympus,microsam,10+20 clicks,2,0.9185087817364354,2,2,8,0,10,0.9576380204481378,,
1959,olympus,rf_clicks,10+20 clicks,2,0.5073616797782182,2,1,70,1,71,0.6695878888801103,,
1959,olympus,dino_multi,10+20 clicks,2,0.2753963939229307,2,0,87,2,87,0.8735325683150335,0.8179173938336242,0.7110482709409728
1963,olympus,otsu,no input,0,0.2845928985809783,7,0,91,7,91,0.5576049013497434,,
1963,olympus,dino_labels,5 labelled training images,0,0.376057820723004,7,3,15,4,18,0.8557465235657472,,
1963,olympus,dino_clicks,3+6 clicks,0,0.7035725084768166,7,6,55,1,61,0.827520677892179,,
1963,olympus,sam,3+6 clicks,0,0.0996413505522372,7,0,48,7,48,0.2582386729214679,,
1963,olympus,microsam,3+6 clicks,0,0.2474562165822239,7,2,8,5,10,0.3263904873653303,,
1963,olympus,rf_clicks,3+6 clicks,0,0.2276922213901228,7,0,47,7,47,0.6972066724236148,,
1963,olympus,dino_multi,3+6 clicks,0,0.4100283549414259,7,2,77,5,79,0.5957603818274873,0.4319649650535256,0.474406384160083
1963,olympus,dino_clicks,3+6 clicks,1,0.3858859474779445,7,3,51,4,54,0.898017843856715,,
1963,olympus,sam,3+6 clicks,1,0.2870415090849872,7,2,60,5,62,0.3897622223495171,,
1963,olympus,microsam,3+6 clicks,1,0.1260172138038626,7,0,100,7,100,0.7657522912992278,,
1963,olympus,rf_clicks,3+6 clicks,1,0.2249668124874987,7,1,47,6,48,0.8144885532628833,,
1963,olympus,dino_multi,3+6 clicks,1,0.6540864461896628,7,5,55,2,60,0.8643430131453468,0.8248463010798686,0.7250842190168912
1963,olympus,dino_clicks,3+6 clicks,2,0.3505933879115268,7,2,74,5,76,0.8641923635583285,,
1963,olympus,sam,3+6 clicks,2,0.380187970533447,7,2,76,5,78,0.6536511423550088,,
1963,olympus,microsam,3+6 clicks,2,0.2457235429321205,7,1,19,6,20,0.5507940383708168,,
1963,olympus,rf_clicks,3+6 clicks,2,0.267955883319823,7,0,32,7,32,0.6569826024156825,,
1963,olympus,dino_multi,3+6 clicks,2,0.405465897281258,7,1,76,6,77,0.8064572667688394,0.8090497828232477,0.5890984815618221
1963,olympus,dino_clicks,10+20 clicks,0,0.6938115096177392,7,5,43,2,48,0.8528074678017559,,
1963,olympus,sam,10+20 clicks,0,0.6790945686396098,7,5,175,2,180,0.8404407676697032,,
1963,olympus,microsam,10+20 clicks,0,0.3064329005132839,7,2,29,5,31,0.8850659240911398,,
1963,olympus,rf_clicks,10+20 clicks,0,0.3188315323639728,7,3,199,4,202,0.8318657248168055,,
1963,olympus,dino_multi,10+20 clicks,0,0.7024250050390418,7,6,90,1,96,0.8212228272002091,0.812574869343058,0.6079588461214993
1963,olympus,dino_clicks,10+20 clicks,1,0.7657614186504148,7,6,41,1,47,0.8594615116294756,,
1963,olympus,sam,10+20 clicks,1,0.6020194479460219,7,4,198,3,202,0.7953072333403766,,
1963,olympus,microsam,10+20 clicks,1,0.6200005669415084,7,5,29,2,34,0.8095226067679443,,
1963,olympus,rf_clicks,10+20 clicks,1,0.2370432039251977,7,1,155,6,156,0.7477854401708168,,
1963,olympus,dino_multi,10+20 clicks,1,0.4088727980451613,7,1,66,6,67,0.8317818137267494,0.9163946273268708,0.7051648925103431
1963,olympus,dino_clicks,10+20 clicks,2,0.8614009503697988,7,7,55,0,62,0.9437237959068084,,
1963,olympus,sam,10+20 clicks,2,0.8159001810532168,7,7,142,0,149,0.9044356676556812,,
1963,olympus,microsam,10+20 clicks,2,0.250012199583841,7,2,83,5,85,0.8510188370347993,,
1963,olympus,rf_clicks,10+20 clicks,2,0.319790638222761,7,2,110,5,112,0.843257563786617,,
1963,olympus,dino_multi,10+20 clicks,2,0.5467328060217449,7,4,72,3,76,0.9139153618309668,0.9347329245890688,0.7778331145017431
1967,olympus,otsu,no input,0,0.3715290026993427,5,0,123,5,123,0.5637030531590639,,
1967,olympus,dino_labels,5 labelled training images,0,0.4821142400434743,5,2,19,3,21,0.9130973976878872,,
1967,olympus,dino_clicks,3+6 clicks,0,0.5145572790244918,5,3,73,2,76,0.850229618819371,,
1967,olympus,sam,3+6 clicks,0,0.5257296892127232,5,3,211,2,214,0.6709470201243392,,
1967,olympus,microsam,3+6 clicks,0,0.0417111342292602,5,0,74,5,74,0.8798170086964028,,
1967,olympus,rf_clicks,3+6 clicks,0,0.4608618687332081,5,2,24,3,26,0.7900576832899249,,
1967,olympus,dino_multi,3+6 clicks,0,0.4110934886711993,5,1,101,4,102,0.6948121737078272,0.6810824108241083,0.4771083571318819
1967,olympus,dino_clicks,3+6 clicks,1,0.4841081058527573,5,2,62,3,64,0.7298677144405578,,
1967,olympus,sam,3+6 clicks,1,0.6994381193217396,5,4,115,1,119,0.8341365540297307,,
1967,olympus,microsam,3+6 clicks,1,0.1906061931709733,5,1,230,4,231,0.7849970115115025,,
1967,olympus,rf_clicks,3+6 clicks,1,0.3803846993969491,5,0,154,5,154,0.7755697134476142,,
1967,olympus,dino_multi,3+6 clicks,1,0.2461278943611556,5,0,99,5,99,0.5666673130748994,0.7767239513764,0.3175617041624113
1967,olympus,dino_clicks,3+6 clicks,2,0.3964603325921401,5,1,99,4,100,0.802787095612238,,
1967,olympus,sam,3+6 clicks,2,0.0826628511945706,5,0,22,5,22,0.2838377216639421,,
1967,olympus,microsam,3+6 clicks,2,0.2795878532218978,5,1,65,4,66,0.6107650257390935,,
1967,olympus,rf_clicks,3+6 clicks,2,0.344323212952926,5,1,173,4,174,0.8073808033567665,,
1967,olympus,dino_multi,3+6 clicks,2,0.5760866278204135,5,2,107,3,109,0.7846483002720621,0.8431597229729243,0.5729193948062937
1967,olympus,dino_clicks,10+20 clicks,0,0.7358189908650427,5,4,109,1,113,0.9001845804344739,,
1967,olympus,sam,10+20 clicks,0,0.570566816157434,5,3,251,2,254,0.790394376968455,,
1967,olympus,microsam,10+20 clicks,0,0.1132508410397589,5,0,190,5,190,0.8525527968344695,,
1967,olympus,rf_clicks,10+20 clicks,0,0.2518216616205029,5,1,319,4,320,0.8188837845762877,,
1967,olympus,dino_multi,10+20 clicks,0,0.433735971357017,5,1,143,4,144,0.8146684409213178,0.8337972166998012,0.6586530940039007
1967,olympus,dino_clicks,10+20 clicks,1,0.7377608342982245,5,5,61,0,66,0.854760021831386,,
1967,olympus,sam,10+20 clicks,1,0.661145926309615,5,4,272,1,276,0.8111373499762706,,
1967,olympus,microsam,10+20 clicks,1,0.0683134512021695,5,0,278,5,278,0.9208186006643094,,
1967,olympus,rf_clicks,10+20 clicks,1,0.3023171528716243,5,0,362,5,362,0.7301782607905057,,
1967,olympus,dino_multi,10+20 clicks,1,0.1003874950630084,5,0,82,5,82,0.8500145616930395,0.8474473477108799,0.6992935872230301
1967,olympus,dino_clicks,10+20 clicks,2,0.7499769882368484,5,5,146,0,151,0.854823112590262,,
1967,olympus,sam,10+20 clicks,2,0.1964526562367838,5,0,403,5,403,0.5317278555707952,,
1967,olympus,microsam,10+20 clicks,2,0.060457650624524,5,0,80,5,80,0.8906211252778102,,
1967,olympus,rf_clicks,10+20 clicks,2,0.2608181045320405,5,1,115,4,116,0.8434183124887266,,
1967,olympus,dino_multi,10+20 clicks,2,0.4078670333373247,5,1,93,4,94,0.7619458950096195,0.8908302894837268,0.6004144467469263
1970,olympus,otsu,no input,0,0.5112812471007537,8,4,81,4,85,0.6887549491366539,,
1970,olympus,dino_labels,5 labelled training images,0,0.1854759170880775,8,0,18,8,18,0.9115673147393298,,
1970,olympus,dino_clicks,3+6 clicks,0,0.1638039215124105,8,0,19,8,19,0.9012797253909004,,
1970,olympus,sam,3+6 clicks,0,0.3209001720198315,8,2,175,6,177,0.6678632093621254,,
1970,olympus,microsam,3+6 clicks,0,0.0962675422806594,8,0,88,8,88,0.8480784781690707,,
1970,olympus,rf_clicks,3+6 clicks,0,0.1802931043863438,8,0,80,8,80,0.912063340062886,,
1970,olympus,dino_multi,3+6 clicks,0,0.5370208456078883,8,3,36,5,39,0.8282118805491657,0.9160864497710416,0.6792979117016084
1970,olympus,dino_clicks,3+6 clicks,1,0.1559305666182928,8,0,6,8,6,0.9045373910858046,,
1970,olympus,sam,3+6 clicks,1,0.269594189728046,8,2,50,6,52,0.4252914823556014,,
1970,olympus,microsam,3+6 clicks,1,0.0601524157233449,8,0,29,8,29,0.6324628566726784,,
1970,olympus,rf_clicks,3+6 clicks,1,0.4270700787126057,8,2,9,6,11,0.9487735258107683,,
1970,olympus,dino_multi,3+6 clicks,1,0.5472235546356088,8,4,57,4,61,0.897908396715251,0.6530614442135636,0.6567207778658766
1970,olympus,dino_clicks,3+6 clicks,2,0.1791425047787719,8,0,19,8,19,0.9238303831822144,,
1970,olympus,sam,3+6 clicks,2,0.1693071105081197,8,0,183,8,183,0.8218730240142829,,
1970,olympus,microsam,3+6 clicks,2,0.1094520500310984,8,1,162,7,163,0.8399015674458141,,
1970,olympus,rf_clicks,3+6 clicks,2,0.4204561048868129,8,2,17,6,19,0.9488709497146276,,
1970,olympus,dino_multi,3+6 clicks,2,0.5462939676356966,8,4,43,4,47,0.8529514424403786,0.8811776884944613,0.7527712698430323
1970,olympus,dino_clicks,10+20 clicks,0,0.804578284650122,8,8,27,0,35,0.8905729990657731,,
1970,olympus,sam,10+20 clicks,0,0.3439036790924095,8,1,245,7,246,0.7934513121303947,,
1970,olympus,microsam,10+20 clicks,0,0.2310721102152981,8,1,88,7,89,0.8635621417395998,,
1970,olympus,rf_clicks,10+20 clicks,0,0.3796113040082952,8,2,50,6,52,0.8856081069650198,,
1970,olympus,dino_multi,10+20 clicks,0,0.3977993926428201,8,0,35,8,35,0.8053721510917494,0.8744388855739661,0.7150698401695831
1970,olympus,dino_clicks,10+20 clicks,1,0.5260276678051008,8,5,38,3,43,0.709337335573119,,
1970,olympus,sam,10+20 clicks,1,0.6612239520248208,8,5,88,3,93,0.8449891523933181,,
1970,olympus,microsam,10+20 clicks,1,0.1863485077763226,8,1,66,7,67,0.9179923525434488,,
1970,olympus,rf_clicks,10+20 clicks,1,0.5222052922969139,8,3,12,5,15,0.8116557956385463,,
1970,olympus,dino_multi,10+20 clicks,1,0.6169277658075291,8,4,76,4,80,0.8662424173874738,0.9267661564081214,0.6956389061600021
1970,olympus,dino_clicks,10+20 clicks,2,0.6684128193341443,8,5,47,3,52,0.9348501202795348,,
1970,olympus,sam,10+20 clicks,2,0.7317101353080004,8,6,136,2,142,0.8622036256521305,,
1970,olympus,microsam,10+20 clicks,2,0.0576273091349761,8,0,110,8,110,0.8832478760135313,,
1970,olympus,rf_clicks,10+20 clicks,2,0.4252933721225962,8,2,26,6,28,0.9547913921983552,,
1970,olympus,dino_multi,10+20 clicks,2,0.2750996086731257,8,1,44,7,45,0.8968645660624837,0.9217722816128388,0.8146746614992748
1972,olympus,otsu,no input,0,0.414467472213671,3,0,98,3,98,0.6545458395984667,,
1972,olympus,dino_labels,5 labelled training images,0,0.2628518475644339,3,0,22,3,22,0.9466846917471262,,
1972,olympus,dino_clicks,3+6 clicks,0,0.2548420592351211,3,0,66,3,66,0.9435954215138944,,
1972,olympus,sam,3+6 clicks,0,0.4043982275314016,3,0,41,3,41,0.7255955854500036,,
1972,olympus,microsam,3+6 clicks,0,0.3058243790532869,3,0,9,3,9,0.951251718751826,,
1972,olympus,rf_clicks,3+6 clicks,0,0.1711030545468428,3,0,101,3,101,0.9252604559867128,,
1972,olympus,dino_multi,3+6 clicks,0,0.6487605071944574,3,2,38,1,40,0.8679179499099309,0.9004326384896983,0.731606029020036
1972,olympus,dino_clicks,3+6 clicks,1,0.5454412899344369,3,1,49,2,50,0.9231416281132492,,
1972,olympus,sam,3+6 clicks,1,0.6022347872914886,3,2,15,1,17,0.7539812875717535,,
1972,olympus,microsam,3+6 clicks,1,0.2696652473301802,3,0,4,3,4,0.9322686643654944,,
1972,olympus,rf_clicks,3+6 clicks,1,0.2506224797926177,3,0,23,3,23,0.9196741629837408,,
1972,olympus,dino_multi,3+6 clicks,1,0.3975790900363469,3,0,97,3,97,0.7607072308255091,0.9062129006727344,0.5368529826209488
1972,olympus,dino_clicks,3+6 clicks,2,0.2564191442645561,3,0,39,3,39,0.94121851422055,,
1972,olympus,sam,3+6 clicks,2,0.6038050750521511,3,3,35,0,38,0.779036855036855,,
1972,olympus,microsam,3+6 clicks,2,0.2723789402989188,3,0,4,3,4,0.9375670847572052,,
1972,olympus,rf_clicks,3+6 clicks,2,0.1629233295245401,3,0,80,3,80,0.9149489799777616,,
1972,olympus,dino_multi,3+6 clicks,2,0.1986737760379809,3,0,39,3,39,0.8094604296235349,0.1029420389013781,0.7188413732683568
1972,olympus,dino_clicks,10+20 clicks,0,0.6081479618836116,3,1,48,2,49,0.9368025794865515,,
1972,olympus,sam,10+20 clicks,0,0.8502688602017758,3,3,76,0,79,0.920683364602336,,
1972,olympus,microsam,10+20 clicks,0,0.3111733422774554,3,0,5,3,5,0.9624981919539016,,
1972,olympus,rf_clicks,10+20 clicks,0,0.1646181463833696,3,0,34,3,34,0.917015746827702,,
1972,olympus,dino_multi,10+20 clicks,0,0.850930766349335,3,3,43,0,46,0.9188924114613132,0.9067608498354346,0.8220971000713098
1972,olympus,dino_clicks,10+20 clicks,1,0.560539717034707,3,1,47,2,48,0.9051491676705492,,
1972,olympus,sam,10+20 clicks,1,0.8370284823890867,3,3,125,0,128,0.9155056044612284,,
1972,olympus,microsam,10+20 clicks,1,0.2957201680951833,3,0,2,3,2,0.951219230101972,,
1972,olympus,rf_clicks,10+20 clicks,1,0.1667306055757574,3,0,34,3,34,0.9133046347114088,,
1972,olympus,dino_multi,10+20 clicks,1,0.514541378803676,3,1,56,2,57,0.934096057188421,0.8111549903446357,0.7783625730994153
1972,olympus,dino_clicks,10+20 clicks,2,0.2564727923497749,3,0,33,3,33,0.9222827763496144,,
1972,olympus,sam,10+20 clicks,2,0.8547980428037502,3,3,128,0,131,0.9250229774500374,,
1972,olympus,microsam,10+20 clicks,2,0.2502209095364087,3,0,2,3,2,0.9399954386498404,,
1972,olympus,rf_clicks,10+20 clicks,2,0.1997668908237893,3,0,81,3,81,0.905569853525244,,
1972,olympus,dino_multi,10+20 clicks,2,0.257674185439726,3,0,52,3,52,0.9295444369398426,0.9103382764261966,0.8271346932736587
1981,olympus,otsu,no input,0,0.5854885925357975,4,3,173,1,176,0.7539243864691576,,
1981,olympus,dino_labels,5 labelled training images,0,0.2545253915037198,4,1,22,3,23,0.907451536533104,,
1981,olympus,dino_clicks,3+6 clicks,0,0.1890589694830654,4,0,159,4,159,0.8088770738111645,,
1981,olympus,sam,3+6 clicks,0,0.5514032289168862,4,3,125,1,128,0.7216933640627758,,
1981,olympus,microsam,3+6 clicks,0,0.1859020238164164,4,1,218,3,219,0.8540623032754049,,
1981,olympus,rf_clicks,3+6 clicks,0,0.3570155075884295,4,1,74,3,75,0.9077634011090572,,
1981,olympus,dino_multi,3+6 clicks,0,0.4713421007080317,4,2,189,2,191,0.8159791826476858,0.8096584940119277,0.6151334522950758
1981,olympus,dino_clicks,3+6 clicks,1,0.5814358572103512,4,3,53,1,56,0.8149230742303047,,
1981,olympus,sam,3+6 clicks,1,0.486440378640589,4,2,149,2,151,0.6909090909090909,,
1981,olympus,microsam,3+6 clicks,1,0.1400049987931969,4,0,166,4,166,0.8514899039783709,,
1981,olympus,rf_clicks,3+6 clicks,1,0.5926258665506129,4,4,209,0,213,0.7375051348760783,,
1981,olympus,dino_multi,3+6 clicks,1,0.1586565902054125,4,0,200,4,200,0.6678494989470783,0.4829092130679432,0.6598700991777294
1981,olympus,dino_clicks,3+6 clicks,2,0.4779919124240277,4,2,89,2,91,0.8968728593748797,,
1981,olympus,sam,3+6 clicks,2,0.4648789737599318,4,2,194,2,196,0.6475079027416052,,
1981,olympus,microsam,3+6 clicks,2,0.0410701427574759,4,0,202,4,202,0.8797355416505035,,
1981,olympus,rf_clicks,3+6 clicks,2,0.2620403015582019,4,1,35,3,36,0.901551360444314,,
1981,olympus,dino_multi,3+6 clicks,2,0.5890143236824178,4,3,164,1,167,0.7896663117108572,0.5458805623422919,0.4382600361137497
1981,olympus,dino_clicks,10+20 clicks,0,0.2114938210297721,4,0,141,4,141,0.8441862432668716,,
1981,olympus,sam,10+20 clicks,0,0.0920911907693374,4,0,369,4,369,0.4641709735996647,,
1981,olympus,microsam,10+20 clicks,0,0.0599663195330399,4,0,85,4,85,0.7499028305872413,,
1981,olympus,rf_clicks,10+20 clicks,0,0.3848091956449287,4,1,176,3,177,0.922892773420321,,
1981,olympus,dino_multi,10+20 clicks,0,0.1660373074827543,4,0,210,4,210,0.8356689782448676,0.834187649639259,0.608197058180155
1981,olympus,dino_clicks,10+20 clicks,1,0.4189441188514905,4,1,62,3,63,0.8343384298549538,,
1981,olympus,sam,10+20 clicks,1,0.3384653462385705,4,2,174,2,176,0.549896964694693,,
1981,olympus,microsam,10+20 clicks,1,0.0693858374326595,4,0,100,4,100,0.9119965742125252,,
1981,olympus,rf_clicks,10+20 clicks,1,0.3484147306888802,4,1,177,3,178,0.8373212865243339,,
1981,olympus,dino_multi,10+20 clicks,1,0.2052521155516232,4,0,268,4,268,0.7884064301610553,0.859910942770165,0.6193961225994239
1981,olympus,dino_clicks,10+20 clicks,2,0.2892956061909317,4,1,75,3,76,0.8857471963020077,,
1981,olympus,sam,10+20 clicks,2,0.3789908712672843,4,1,229,3,230,0.6312774219577386,,
1981,olympus,microsam,10+20 clicks,2,0.2779121162252059,4,0,142,4,142,0.8331655802658486,,
1981,olympus,rf_clicks,10+20 clicks,2,0.2601871346849586,4,1,62,3,63,0.9027732198497472,,
1981,olympus,dino_multi,10+20 clicks,2,0.1676560455480704,4,0,175,4,175,0.8383230123140437,0.8433205757616747,0.630260941313989
1984,olympus,otsu,no input,0,0.6944361331845301,3,3,239,0,242,0.930431955564617,,
1984,olympus,dino_labels,5 labelled training images,0,0.6664615490423628,3,2,26,1,28,0.8501009763034308,,
1984,olympus,dino_clicks,3+6 clicks,0,0.2748615200203079,3,1,80,2,81,0.8772812819271926,,
1984,olympus,sam,3+6 clicks,0,0.4946722192299342,3,1,165,2,166,0.8907969483634551,,
1984,olympus,microsam,3+6 clicks,0,0.3136440249639138,3,1,27,2,28,0.8880456538906631,,
1984,olympus,rf_clicks,3+6 clicks,0,0.4487195288529856,3,1,32,2,33,0.9171856801491696,,
1984,olympus,dino_multi,3+6 clicks,0,0.3243164137290654,3,1,70,2,71,0.8176641357748995,0.795802955118787,0.6239453201648244
1984,olympus,dino_clicks,3+6 clicks,1,0.3278273592806011,3,0,42,3,42,0.4871895676322239,,
1984,olympus,sam,3+6 clicks,1,0.6276507776556607,3,1,54,2,55,0.8276355531353093,,
1984,olympus,microsam,3+6 clicks,1,0.4294949840429971,3,1,49,2,50,0.8562553613196439,,
1984,olympus,rf_clicks,3+6 clicks,1,0.2965958409649701,3,0,35,3,35,0.4462707503248625,,
1984,olympus,dino_multi,3+6 clicks,1,0.0409427791803963,3,0,147,3,147,0.7943465184965407,0.4383917983244711,0.4907715484946869
1984,olympus,dino_clicks,3+6 clicks,2,0.672826456565491,3,2,69,1,71,0.8674723924958574,,
1984,olympus,sam,3+6 clicks,2,0.6251359008801196,3,2,159,1,161,0.7523729113613771,,
1984,olympus,microsam,3+6 clicks,2,0.1233031959038502,3,0,96,3,96,0.7311699197700874,,
1984,olympus,rf_clicks,3+6 clicks,2,0.2143130779328952,3,0,191,3,191,0.7593861693373619,,
1984,olympus,dino_multi,3+6 clicks,2,0.2521021840234491,3,0,179,3,179,0.5662221620523928,0.6533407245573418,0.4548167741482426
1984,olympus,dino_clicks,10+20 clicks,0,0.6675195042744629,3,2,66,1,68,0.9001297862057356,,
1984,olympus,sam,10+20 clicks,0,0.8120815535608493,3,3,199,0,202,0.8874770185961,,
1984,olympus,microsam,10+20 clicks,0,0.3831431440717949,3,1,30,2,31,0.9138235127755524,,
1984,olympus,rf_clicks,10+20 clicks,0,0.3932192923166735,3,0,66,3,66,0.745324609964771,,
1984,olympus,dino_multi,10+20 clicks,0,0.3970471620289108,3,0,125,3,125,0.7985787484639818,0.8625937834941051,0.6930953168955817
1984,olympus,dino_clicks,10+20 clicks,1,0.4377712142280881,3,0,44,3,44,0.6396713615023474,,
1984,olympus,sam,10+20 clicks,1,0.3758349472845374,3,0,151,3,151,0.6575285318394469,,
1984,olympus,microsam,10+20 clicks,1,0.5822768361005238,3,2,30,1,32,0.8566485218800834,,
1984,olympus,rf_clicks,10+20 clicks,1,0.4512656985463114,3,2,216,1,218,0.6883704539047082,,
1984,olympus,dino_multi,10+20 clicks,1,0.2308500461905015,3,0,204,3,204,0.7511781711615382,0.731319072813547,0.4809016906700062
1984,olympus,dino_clicks,10+20 clicks,2,0.5646664029399614,3,1,55,2,56,0.7510211210834632,,
1984,olympus,sam,10+20 clicks,2,0.2968262905996232,3,0,395,3,395,0.5575890289452348,,
1984,olympus,microsam,10+20 clicks,2,0.2980006217227201,3,0,44,3,44,0.8449913111721509,,
1984,olympus,rf_clicks,10+20 clicks,2,0.2593131457911424,3,0,226,3,226,0.6065457729777064,,
1984,olympus,dino_multi,10+20 clicks,2,0.2424121077788018,3,0,174,3,174,0.8092413089424969,0.8267048217039188,0.6245360266356554
1992,olympus,otsu,no input,0,0.2626488502346086,6,0,245,6,245,0.7545436624377732,,
1992,olympus,dino_labels,5 labelled training images,0,0.2421318816577032,6,1,17,5,18,0.8383214683004749,,
1992,olympus,dino_clicks,3+6 clicks,0,0.1693109701588376,6,0,47,6,47,0.8319057794037068,,
1992,olympus,sam,3+6 clicks,0,0.3279550092826605,6,1,70,5,71,0.7614745594037393,,
1992,olympus,microsam,3+6 clicks,0,0.2302563386593615,6,1,32,5,33,0.8548788298553703,,
1992,olympus,rf_clicks,3+6 clicks,0,0.3777603987553037,6,0,77,6,77,0.6483638352390695,,
1992,olympus,dino_multi,3+6 clicks,0,0.4106825874691555,6,1,111,5,112,0.6651844108032943,0.7271065897080548,0.2527826182514639
1992,olympus,dino_clicks,3+6 clicks,1,0.2558940595932357,6,1,57,5,58,0.7318229435703838,,
1992,olympus,sam,3+6 clicks,1,0.2439898575892167,6,1,147,5,148,0.7666616351032826,,
1992,olympus,microsam,3+6 clicks,1,0.2006189975203849,6,1,34,5,35,0.8963469412843863,,
1992,olympus,rf_clicks,3+6 clicks,1,0.2003954596547734,6,0,80,6,80,0.7693063439929333,,
1992,olympus,dino_multi,3+6 clicks,1,0.349751725442517,6,1,71,5,72,0.565861528586546,0.8113179190751445,0.2122220852340443
1992,olympus,dino_clicks,3+6 clicks,2,0.3470434730289234,6,1,42,5,43,0.5940828402366863,,
1992,olympus,sam,3+6 clicks,2,0.1147627088284166,6,0,59,6,59,0.6469123287033565,,
1992,olympus,microsam,3+6 clicks,2,0.2945112681706111,6,1,13,5,14,0.7373972882905644,,
1992,olympus,rf_clicks,3+6 clicks,2,0.2410474062259372,6,0,50,6,50,0.6431710819357143,,
1992,olympus,dino_multi,3+6 clicks,2,0.2153383762965547,6,0,83,6,83,0.5655274064243835,0.6713476656842636,0.4142653326426942
1992,olympus,dino_clicks,10+20 clicks,0,0.2084254420017165,6,1,32,5,33,0.8484576808846279,,
1992,olympus,sam,10+20 clicks,0,0.2308131865520161,6,1,234,5,235,0.8074858458176605,,
1992,olympus,microsam,10+20 clicks,0,0.1662965881681728,6,1,142,5,143,0.8858198531888896,,
1992,olympus,rf_clicks,10+20 clicks,0,0.2025376417083931,6,1,201,5,202,0.8756904177103018,,
1992,olympus,dino_multi,10+20 clicks,0,0.2895092632860733,6,1,48,5,49,0.7959292797873284,0.7828978004959984,0.5901219689898668
1992,olympus,dino_clicks,10+20 clicks,1,0.1847371941507439,6,1,45,5,46,0.8229869540914796,,
1992,olympus,sam,10+20 clicks,1,0.1838668090805726,6,1,195,5,196,0.8351226665851945,,
1992,olympus,microsam,10+20 clicks,1,0.1148506493793338,6,0,29,6,29,0.8523635375784879,,
1992,olympus,rf_clicks,10+20 clicks,1,0.2747557596859768,6,0,175,6,175,0.7517439939158266,,
1992,olympus,dino_multi,10+20 clicks,1,0.2305745428018353,6,1,77,5,78,0.805380260044451,0.7606797553275454,0.5958365637521646
1992,olympus,dino_clicks,10+20 clicks,2,0.1250428629754695,6,0,33,6,33,0.8521713423324616,,
1992,olympus,sam,10+20 clicks,2,0.1378546287542708,6,0,163,6,163,0.6400531151744558,,
1992,olympus,microsam,10+20 clicks,2,0.196725643187647,6,1,59,5,60,0.9085578877368476,,
1992,olympus,rf_clicks,10+20 clicks,2,0.1965222781901717,6,1,133,5,134,0.8909321401938851,,
1992,olympus,dino_multi,10+20 clicks,2,0.2175165295967769,6,0,55,6,55,0.7673279944196278,0.8839856152580221,0.6032119888702151
1993,olympus,otsu,no input,0,0.3912117423228621,13,3,324,10,327,0.6279463675046936,,
1993,olympus,dino_labels,5 labelled training images,0,0.2864202348750796,13,3,19,10,22,0.920294691042086,,
1993,olympus,dino_clicks,3+6 clicks,0,0.549714896679454,13,6,76,7,82,0.8315179552906053,,
1993,olympus,sam,3+6 clicks,0,0.1176230181799531,13,0,249,13,249,0.354027265506849,,
1993,olympus,microsam,3+6 clicks,0,0.1468291130541749,13,1,74,12,75,0.3097679115462294,,
1993,olympus,rf_clicks,3+6 clicks,0,0.1622559580366538,13,2,46,11,48,0.9286495917863068,,
1993,olympus,dino_multi,3+6 clicks,0,0.2658138862805764,13,0,235,13,235,0.557067568049791,0.7499745800207207,0.364201202690903
1993,olympus,dino_clicks,3+6 clicks,1,0.2393659970872089,13,1,114,12,115,0.7541184588214911,,
1993,olympus,sam,3+6 clicks,1,0.0761392399912532,13,0,87,13,87,0.2829986997317464,,
1993,olympus,microsam,3+6 clicks,1,0.1118026498437622,13,0,57,13,57,0.6628752499509266,,
1993,olympus,rf_clicks,3+6 clicks,1,0.1885276445640956,13,1,14,12,15,0.8451470022183751,,
1993,olympus,dino_multi,3+6 clicks,1,0.1031339684521921,13,0,111,13,111,0.7911701178526741,0.4521842075720103,0.6687201437993523
1993,olympus,dino_clicks,3+6 clicks,2,0.1342189123936405,13,1,98,12,99,0.7360138006256486,,
1993,olympus,sam,3+6 clicks,2,0.176953309912927,13,2,58,11,60,0.432285451123303,,
1993,olympus,microsam,3+6 clicks,2,0.0994281508409843,13,0,60,13,60,0.4857534938691467,,
1993,olympus,rf_clicks,3+6 clicks,2,0.1077742600628672,13,1,199,12,200,0.8678357122050685,,
1993,olympus,dino_multi,3+6 clicks,2,0.1170111209279064,13,0,108,13,108,0.5849417607861852,0.1020574964763183,0.6392035847832941
1993,olympus,dino_clicks,10+20 clicks,0,0.2757966239512306,13,2,51,11,53,0.886254392202977,,
1993,olympus,sam,10+20 clicks,0,0.2037108993355808,13,2,183,11,185,0.4392686640821486,,
1993,olympus,microsam,10+20 clicks,0,0.225528888718504,13,1,150,12,151,0.763612968906862,,
1993,olympus,rf_clicks,10+20 clicks,0,0.2548570034336136,13,0,275,13,275,0.781710799933504,,
1993,olympus,dino_multi,10+20 clicks,0,0.0926903405868742,13,1,91,12,92,0.8627746764490535,0.7886716488743096,0.7513775879327261
1993,olympus,dino_clicks,10+20 clicks,1,0.2393534582594223,13,2,122,11,124,0.7263597379716897,,
1993,olympus,sam,10+20 clicks,1,0.2229291421671168,13,1,187,12,188,0.574648280475641,,
1993,olympus,microsam,10+20 clicks,1,0.2228855178542936,13,2,57,11,59,0.7786722403066283,,
1993,olympus,rf_clicks,10+20 clicks,1,0.1919998123686815,13,1,249,12,250,0.8518245828710089,,
1993,olympus,dino_multi,10+20 clicks,1,0.2749769343025862,13,2,84,11,86,0.847986556818447,0.8481049633650593,0.7229381528988543
1993,olympus,dino_clicks,10+20 clicks,2,0.3329699940392734,13,4,102,9,106,0.7502980130717586,,
1993,olympus,sam,10+20 clicks,2,0.1795915328969355,13,1,301,12,302,0.4977620464407919,,
1993,olympus,microsam,10+20 clicks,2,0.0729179796723718,13,0,251,13,251,0.859974663431602,,
1993,olympus,rf_clicks,10+20 clicks,2,0.1608480473352894,13,2,57,11,59,0.91599407539475,,
1993,olympus,dino_multi,10+20 clicks,2,0.1007363771629285,13,1,24,12,25,0.8740646315627351,0.8652729329909249,0.7374524544835508
1994,olympus,otsu,no input,0,0.4146790632702678,10,2,256,8,258,0.7626753071299079,,
1994,olympus,dino_labels,5 labelled training images,0,0.2259572332022435,10,1,20,9,21,0.9172911090072622,,
1994,olympus,dino_clicks,3+6 clicks,0,0.4623295165332476,10,4,88,6,92,0.8510234226630091,,
1994,olympus,sam,3+6 clicks,0,0.1932237812304222,10,1,27,9,28,0.5136899797450256,,
1994,olympus,microsam,3+6 clicks,0,0.1357571419788718,10,0,55,10,55,0.6920621334462926,,
1994,olympus,rf_clicks,3+6 clicks,0,0.1610635447429454,10,0,49,10,49,0.9090109740304,,
1994,olympus,dino_multi,3+6 clicks,0,0.1784283944520866,10,0,166,10,166,0.4279809601089649,0.577647087772829,0.298698972530246
1994,olympus,dino_clicks,3+6 clicks,1,0.4019782399578336,10,2,63,8,65,0.5520695771239867,,
1994,olympus,sam,3+6 clicks,1,0.237124931312772,10,3,94,7,97,0.5416385042601785,,
1994,olympus,microsam,3+6 clicks,1,0.2085621502319134,10,1,36,9,37,0.7714275722668681,,
1994,olympus,rf_clicks,3+6 clicks,1,0.4192746436007494,10,2,214,8,216,0.670957849706374,,
1994,olympus,dino_multi,3+6 clicks,1,0.1933043315970431,10,0,321,10,321,0.4018574712643678,0.5721564563213027,0.2586464964974954
1994,olympus,dino_clicks,3+6 clicks,2,0.4229912717115476,10,2,24,8,26,0.6106071992124615,,
1994,olympus,sam,3+6 clicks,2,0.2679500447923655,10,3,48,7,51,0.3710908303041427,,
1994,olympus,microsam,3+6 clicks,2,0.2303623205897997,10,3,10,7,13,0.5038488941591475,,
1994,olympus,rf_clicks,3+6 clicks,2,0.4300925554647112,10,2,215,8,217,0.5895695918788004,,
1994,olympus,dino_multi,3+6 clicks,2,0.1517245143930781,10,0,118,10,118,0.6023664417890988,0.0365337392637696,0.5817400071434061
1994,olympus,dino_clicks,10+20 clicks,0,0.2976451323392975,10,0,61,10,61,0.8687345615635939,,
1994,olympus,sam,10+20 clicks,0,0.1436824285877305,10,0,299,10,299,0.5136521987806939,,
1994,olympus,microsam,10+20 clicks,0,0.0665802137810755,10,0,120,10,120,0.8214916817247181,,
1994,olympus,rf_clicks,10+20 clicks,0,0.2654937392184519,10,1,153,9,154,0.7887598082717562,,
1994,olympus,dino_multi,10+20 clicks,0,0.4358923953808656,10,5,166,5,171,0.7400701867453617,0.5970605402250397,0.57264539676378
1994,olympus,dino_clicks,10+20 clicks,1,0.5503874640550214,10,7,89,3,96,0.817124622247033,,
1994,olympus,sam,10+20 clicks,1,0.1687591616266753,10,0,272,10,272,0.6024415912439487,,
1994,olympus,microsam,10+20 clicks,1,0.0722091391871138,10,0,130,10,130,0.9185295147903402,,
1994,olympus,rf_clicks,10+20 clicks,1,0.5839865624207378,10,6,89,4,95,0.8870394189301657,,
1994,olympus,dino_multi,10+20 clicks,1,0.1351729210406223,10,0,42,10,42,0.910032992085675,0.8120264426593722,0.7657410797800249
1994,olympus,dino_clicks,10+20 clicks,2,0.4159213692934261,10,3,68,7,71,0.8549974575972532,,
1994,olympus,sam,10+20 clicks,2,0.4738533114394228,10,4,151,6,155,0.6978440142672439,,
1994,olympus,microsam,10+20 clicks,2,0.2302726939844752,10,1,113,9,114,0.9375337713582556,,
1994,olympus,rf_clicks,10+20 clicks,2,0.3124540710483963,10,2,49,8,51,0.7972702987257934,,
1994,olympus,dino_multi,10+20 clicks,2,0.5894267733768666,10,5,79,5,84,0.8718740022089618,0.8927629699619856,0.6879092714205913
2013,olympus,otsu,no input,0,0.4147789088911062,9,1,101,8,102,0.5873876901167303,,
2013,olympus,dino_labels,5 labelled training images,0,0.3072144586502986,9,0,31,9,31,0.9480485950745134,,
2013,olympus,dino_clicks,3+6 clicks,0,0.1641687575834441,9,0,121,9,121,0.8619404944596479,,
2013,olympus,sam,3+6 clicks,0,0.1950556880235856,9,1,47,8,48,0.3293020699496916,,
2013,olympus,microsam,3+6 clicks,0,0.1779782916145355,9,1,87,8,88,0.6731797144333121,,
2013,olympus,rf_clicks,3+6 clicks,0,0.2254745148957013,9,0,162,9,162,0.6838973509038994,,
2013,olympus,dino_multi,3+6 clicks,0,0.129600160435644,9,0,158,9,158,0.7922059822907642,0.3640611064760206,0.5530011949627723
2013,olympus,dino_clicks,3+6 clicks,1,0.2537297196396304,9,1,91,8,92,0.7122605941788569,,
2013,olympus,sam,3+6 clicks,1,0.2001959328992303,9,1,60,8,61,0.3245835363588558,,
2013,olympus,microsam,3+6 clicks,1,0.0965342964598659,9,1,135,8,136,0.7086652466127824,,
2013,olympus,rf_clicks,3+6 clicks,1,0.1417232451023934,9,0,62,9,62,0.907925068600852,,
2013,olympus,dino_multi,3+6 clicks,1,0.6067271103155983,9,6,152,3,158,0.8253842775581905,0.7258840715767862,0.5812740611607468
2013,olympus,dino_clicks,3+6 clicks,2,0.6245965321988756,9,5,104,4,109,0.8046987762249721,,
2013,olympus,sam,3+6 clicks,2,0.4826249183792425,9,5,56,4,61,0.6518367259954704,,
2013,olympus,microsam,3+6 clicks,2,0.3707032711949268,9,3,54,6,57,0.7801610401888192,,
2013,olympus,rf_clicks,3+6 clicks,2,0.1962729339642092,9,0,124,9,124,0.8823348797691702,,
2013,olympus,dino_multi,3+6 clicks,2,0.3841371333156229,9,1,98,8,99,0.7308178602118952,0.6037791980960059,0.5867247988259902
2013,olympus,dino_clicks,10+20 clicks,0,0.5470004542238311,9,5,82,4,87,0.7440514017934459,,
2013,olympus,sam,10+20 clicks,0,0.5670870749568733,9,5,134,4,139,0.7407083058537763,,
2013,olympus,microsam,10+20 clicks,0,0.062053110748259,9,0,135,9,135,0.901031231043547,,
2013,olympus,rf_clicks,10+20 clicks,0,0.4346423575134399,9,2,172,7,174,0.8061742540059068,,
2013,olympus,dino_multi,10+20 clicks,0,0.4281584155421135,9,4,127,5,131,0.8776121017615347,0.853585054017515,0.7438226285806553
2013,olympus,dino_clicks,10+20 clicks,1,0.521060588151362,9,4,142,5,146,0.8035056979250292,,
2013,olympus,sam,10+20 clicks,1,0.2278184235779626,9,0,239,9,239,0.5521522425048595,,
2013,olympus,microsam,10+20 clicks,1,0.0824584611751861,9,0,116,9,116,0.7971600215140677,,
2013,olympus,rf_clicks,10+20 clicks,1,0.2028663898870953,9,0,197,9,197,0.7870352758488436,,
2013,olympus,dino_multi,10+20 clicks,1,0.2685232027671268,9,1,181,8,182,0.8530062174006351,0.691395096070593,0.7558427898838794
2013,olympus,dino_clicks,10+20 clicks,2,0.696728282002022,9,7,99,2,106,0.8331526398484176,,
2013,olympus,sam,10+20 clicks,2,0.414585964987993,9,2,198,7,200,0.6054115107250928,,
2013,olympus,microsam,10+20 clicks,2,0.1301445845696831,9,1,97,8,98,0.8457930332339466,,
2013,olympus,rf_clicks,10+20 clicks,2,0.267840108116687,9,0,124,9,124,0.8135427700496551,,
2013,olympus,dino_multi,10+20 clicks,2,0.4599135480750866,9,2,113,7,115,0.8766599645180366,0.8803294276424759,0.7889893683410301
2015,olympus,otsu,no input,0,0.3970293584861281,12,2,147,10,149,0.5812708422282995,,
2015,olympus,dino_labels,5 labelled training images,0,0.5178878090272651,12,6,16,6,22,0.91482086809827,,
2015,olympus,dino_clicks,3+6 clicks,0,0.287626441057221,12,3,150,9,153,0.8630253801237209,,
2015,olympus,sam,3+6 clicks,0,0.2355032225446655,12,0,323,12,323,0.6199147934212066,,
2015,olympus,microsam,3+6 clicks,0,0.2829368556478907,12,2,119,10,121,0.8621391865676696,,
2015,olympus,rf_clicks,3+6 clicks,0,0.1893728350809464,12,0,171,12,171,0.6954646011941014,,
2015,olympus,dino_multi,3+6 clicks,0,0.3464662245631425,12,1,140,11,141,0.7415659253458,0.8580873610752132,0.5033744919832779
2015,olympus,dino_clicks,3+6 clicks,1,0.3447804339180305,12,4,86,8,90,0.8849048542412988,,
2015,olympus,sam,3+6 clicks,1,0.3131407606216482,12,4,168,8,172,0.6310731549570409,,
2015,olympus,microsam,3+6 clicks,1,0.2491750060982937,12,2,60,10,62,0.6991574454979431,,
2015,olympus,rf_clicks,3+6 clicks,1,0.1278522509622305,12,0,30,12,30,0.905109216006502,,
2015,olympus,dino_multi,3+6 clicks,1,0.4637918297249933,12,3,121,9,124,0.7261718136772585,0.8927520154007146,0.4650836567831374
2015,olympus,dino_clicks,3+6 clicks,2,0.6115128871320256,12,7,89,5,96,0.8001832361992357,,
2015,olympus,sam,3+6 clicks,2,0.3562946264743849,12,3,296,9,299,0.714245584622313,,
2015,olympus,microsam,3+6 clicks,2,0.1275490710503155,12,0,98,12,98,0.6213808161523472,,
2015,olympus,rf_clicks,3+6 clicks,2,0.176601474251825,12,1,195,11,196,0.8585100686976487,,
2015,olympus,dino_multi,3+6 clicks,2,0.2176830304508979,12,0,115,12,115,0.5449977991410139,0.5580928863894397,0.414349839433671
2015,olympus,dino_clicks,10+20 clicks,0,0.270593475748148,12,3,103,9,106,0.9091211522450728,,
2015,olympus,sam,10+20 clicks,0,0.4097311533186592,12,3,343,9,346,0.6884776392439024,,
2015,olympus,microsam,10+20 clicks,0,0.3473990448661097,12,2,68,10,70,0.926924497168547,,
2015,olympus,rf_clicks,10+20 clicks,0,0.2471730616745664,12,2,137,10,139,0.874333645379438,,
2015,olympus,dino_multi,10+20 clicks,0,0.459018213601615,12,5,125,7,130,0.8825447271503617,0.8809183650181437,0.7002090196144006
2015,olympus,dino_clicks,10+20 clicks,1,0.4488237764654308,12,5,93,7,98,0.8576870646673265,,
2015,olympus,sam,10+20 clicks,1,0.4754023821738194,12,5,132,7,137,0.7853511059306508,,
2015,olympus,microsam,10+20 clicks,1,0.4490668726301094,12,5,183,7,188,0.8867329060061596,,
2015,olympus,rf_clicks,10+20 clicks,1,0.1808633401676348,12,1,15,11,16,0.8918299753078415,,
2015,olympus,dino_multi,10+20 clicks,1,0.3113648474380584,12,1,165,11,166,0.7844017016908649,0.9086593126956884,0.5805440603147567
2015,olympus,dino_clicks,10+20 clicks,2,0.4189944663710108,12,1,81,11,82,0.6681784375260692,,
2015,olympus,sam,10+20 clicks,2,0.2264009539619889,12,0,206,12,206,0.4035544543368283,,
2015,olympus,microsam,10+20 clicks,2,0.2437138851665485,12,1,100,11,101,0.796175277695677,,
2015,olympus,rf_clicks,10+20 clicks,2,0.2015618273797684,12,1,85,11,86,0.908272839385064,,
2015,olympus,dino_multi,10+20 clicks,2,0.3330422897008107,12,1,163,11,164,0.7635643330696583,0.8028004603194705,0.6636263422659183
2025,olympus,otsu,no input,0,0.3510884230053571,6,0,50,6,50,0.5070573974610614,,
2025,olympus,dino_labels,5 labelled training images,0,0.0890794145845312,6,0,18,6,18,0.8793149946062567,,
2025,olympus,dino_clicks,3+6 clicks,0,0.4692528039473143,6,2,77,4,79,0.7210490183802735,,
2025,olympus,sam,3+6 clicks,0,0.3597402324746901,6,2,50,4,52,0.6291566806470941,,
2025,olympus,microsam,3+6 clicks,0,0.1242882763107341,6,0,31,6,31,0.8402937935065438,,
2025,olympus,rf_clicks,3+6 clicks,0,0.2286413680040795,6,0,69,6,69,0.7933848104183474,,
2025,olympus,dino_multi,3+6 clicks,0,0.1276020714526325,6,0,227,6,227,0.5318853414122582,0.4762008784727369,0.4495148449162381
2025,olympus,dino_clicks,3+6 clicks,1,0.4502900787930893,6,1,74,5,75,0.7650544789154121,,
2025,olympus,sam,3+6 clicks,1,0.2537926157705848,6,1,142,5,143,0.5796850877008028,,
2025,olympus,microsam,3+6 clicks,1,0.3699675883454613,6,1,54,5,55,0.8321023987877151,,
2025,olympus,rf_clicks,3+6 clicks,1,0.3563434639248088,6,0,169,6,169,0.7039062039967112,,
2025,olympus,dino_multi,3+6 clicks,1,0.1444069762705128,6,0,251,6,251,0.3600356204739315,0.1043820864159698,0.3985133557930286
2025,olympus,dino_clicks,3+6 clicks,2,0.4443135469050097,6,1,98,5,99,0.8516526822672181,,
2025,olympus,sam,3+6 clicks,2,0.0454492196023696,6,0,83,6,83,0.7689365962825304,,
2025,olympus,microsam,3+6 clicks,2,0.2966411924216435,6,1,47,5,48,0.7498867081288871,,
2025,olympus,rf_clicks,3+6 clicks,2,0.2395913256213876,6,0,273,6,273,0.5011838596316327,,
2025,olympus,dino_multi,3+6 clicks,2,0.1920974083769272,6,0,153,6,153,0.5407332126277152,0.6057351202207332,0.4837052760407703
2025,olympus,dino_clicks,10+20 clicks,0,0.3913796250191443,6,2,109,4,111,0.7067255383213987,,
2025,olympus,sam,10+20 clicks,0,0.0525947686783545,6,0,150,6,150,0.7279334374757648,,
2025,olympus,microsam,10+20 clicks,0,0.1543102723917828,6,0,43,6,43,0.7911808298121094,,
2025,olympus,rf_clicks,10+20 clicks,0,0.2114989569525918,6,0,382,6,382,0.7344305618413396,,
2025,olympus,dino_multi,10+20 clicks,0,0.12604583716689,6,0,156,6,156,0.8205384644202687,0.690764117838261,0.7581884135282193
2025,olympus,dino_clicks,10+20 clicks,1,0.2456570110031596,6,1,97,5,98,0.8157348461215546,,
2025,olympus,sam,10+20 clicks,1,0.1169394167959388,6,0,243,6,243,0.5920104667505791,,
2025,olympus,microsam,10+20 clicks,1,0.2797465543362808,6,1,37,5,38,0.8294581247402805,,
2025,olympus,rf_clicks,10+20 clicks,1,0.2157297522903307,6,0,229,6,229,0.7987766856546439,,
2025,olympus,dino_multi,10+20 clicks,1,0.3289815654508903,6,0,146,6,146,0.7601613925784461,0.8398495177212684,0.6745208712206455
2025,olympus,dino_clicks,10+20 clicks,2,0.3561295573318263,6,0,79,6,79,0.8557599684745169,,
2025,olympus,sam,10+20 clicks,2,0.1155269434619175,6,0,186,6,186,0.6925554416715611,,
2025,olympus,microsam,10+20 clicks,2,0.3027471982218558,6,1,25,5,26,0.8585296921819667,,
2025,olympus,rf_clicks,10+20 clicks,2,0.2171747670908791,6,0,328,6,328,0.8393299028730258,,
2025,olympus,dino_multi,10+20 clicks,2,0.3638698988904636,6,1,92,5,93,0.7611678594001672,0.8694864182705672,0.6534569182564965
2026,olympus,otsu,no input,0,0.5888423146165961,5,2,81,3,83,0.6953320876360953,,
2026,olympus,dino_labels,5 labelled training images,0,0.302977667052418,5,1,16,4,17,0.9069211633389338,,
2026,olympus,dino_clicks,3+6 clicks,0,0.6125058615903807,5,4,78,1,82,0.8922624270555731,,
2026,olympus,sam,3+6 clicks,0,0.1118738400270855,5,0,37,5,37,0.7190776161569885,,
2026,olympus,microsam,3+6 clicks,0,0.1910397780785266,5,0,36,5,36,0.6845418353805846,,
2026,olympus,rf_clicks,3+6 clicks,0,0.5078198868461327,5,2,157,3,159,0.6032293883593967,,
2026,olympus,dino_multi,3+6 clicks,0,0.2266534173053019,5,0,152,5,152,0.5102233467025095,0.095387189292543,0.7381540040565968
2026,olympus,dino_clicks,3+6 clicks,1,0.5640524613368227,5,3,50,2,53,0.8721408633302906,,
2026,olympus,sam,3+6 clicks,1,0.1325889516080419,5,0,112,5,112,0.8196362612246666,,
2026,olympus,microsam,3+6 clicks,1,0.1410918489940357,5,0,91,5,91,0.8623270319936465,,
2026,olympus,rf_clicks,3+6 clicks,1,0.5586443509093458,5,2,44,3,46,0.7246930632289749,,
2026,olympus,dino_multi,3+6 clicks,1,0.3391262721981451,5,1,127,4,128,0.774874002411733,0.6333911860386015,0.3854646514638139
2026,olympus,dino_clicks,3+6 clicks,2,0.7038023128418001,5,4,63,1,67,0.8521556569815483,,
2026,olympus,sam,3+6 clicks,2,0.2909302861600643,5,1,42,4,43,0.8061638340044038,,
2026,olympus,microsam,3+6 clicks,2,0.1332172052431344,5,0,15,5,15,0.8115099687954075,,
2026,olympus,rf_clicks,3+6 clicks,2,0.2902626345812995,5,0,366,5,366,0.6808354734752823,,
2026,olympus,dino_multi,3+6 clicks,2,0.2295105447115592,5,0,90,5,90,0.8397587627958322,0.7525723763333517,0.7077419735831971
2026,olympus,dino_clicks,10+20 clicks,0,0.6872914113997517,5,5,45,0,50,0.9050603559077236,,
2026,olympus,sam,10+20 clicks,0,0.4062770749452486,5,3,370,2,373,0.8121904928117978,,
2026,olympus,microsam,10+20 clicks,0,0.1518758103930151,5,0,88,5,88,0.8380192172802372,,
2026,olympus,rf_clicks,10+20 clicks,0,0.4714063683119569,5,1,109,4,110,0.7595398006204259,,
2026,olympus,dino_multi,10+20 clicks,0,0.6754892472579755,5,5,127,0,132,0.87793503938348,0.7602215445889601,0.5706927861404808
2026,olympus,dino_clicks,10+20 clicks,1,0.7604780477986717,5,5,51,0,56,0.8821505009350313,,
2026,olympus,sam,10+20 clicks,1,0.0416415704987237,5,0,474,5,474,0.6464337309920617,,
2026,olympus,microsam,10+20 clicks,1,0.1387983881561317,5,0,125,5,125,0.815313722936474,,
2026,olympus,rf_clicks,10+20 clicks,1,0.454684073143628,5,2,142,3,144,0.7810122466673892,,
2026,olympus,dino_multi,10+20 clicks,1,0.509081516661595,5,3,167,2,170,0.8093318581264403,0.7462042155909953,0.497139356974365
2026,olympus,dino_clicks,10+20 clicks,2,0.7433570496987285,5,4,60,1,64,0.8403743183227982,,
2026,olympus,sam,10+20 clicks,2,0.4889508494754035,5,3,203,2,206,0.8119978575254418,,
2026,olympus,microsam,10+20 clicks,2,0.15710331401383,5,0,57,5,57,0.8640875954808167,,
2026,olympus,rf_clicks,10+20 clicks,2,0.2208133820782765,5,0,196,5,196,0.8226817973377081,,
2026,olympus,dino_multi,10+20 clicks,2,0.5858158348694544,5,3,108,2,111,0.9095247970138302,0.7765677161106724,0.6546564533778725
2033,olympus,otsu,no input,0,0.4178220132303432,5,1,165,4,166,0.6017677254542826,,
2033,olympus,dino_labels,5 labelled training images,0,0.8344070314714724,5,5,8,0,13,0.9345120050027222,,
2033,olympus,dino_clicks,3+6 clicks,0,0.6272844843701499,5,5,37,0,42,0.8030067071555371,,
2033,olympus,sam,3+6 clicks,0,0.5004190232135262,5,2,245,3,247,0.7124938382734306,,
2033,olympus,microsam,3+6 clicks,0,0.6706152603705805,5,3,85,2,88,0.889473903225877,,
2033,olympus,rf_clicks,3+6 clicks,0,0.5236067471703455,5,3,78,2,81,0.7413764338906275,,
2033,olympus,dino_multi,3+6 clicks,0,0.4216446322075174,5,1,64,4,65,0.6288480496740874,0.8044388227470106,0.2803082635351006
2033,olympus,dino_clicks,3+6 clicks,1,0.6982984983280636,5,4,54,1,58,0.8479163402788658,,
2033,olympus,sam,3+6 clicks,1,0.3978515090734626,5,2,40,3,42,0.5332470504977733,,
2033,olympus,microsam,3+6 clicks,1,0.4740925809982391,5,2,99,3,101,0.7121036374438361,,
2033,olympus,rf_clicks,3+6 clicks,1,0.6923554781458592,5,4,36,1,40,0.8786942595579382,,
2033,olympus,dino_multi,3+6 clicks,1,0.6407597091398405,5,3,45,2,48,0.7907783539492418,0.705065131732602,0.5724272542406103
2033,olympus,dino_clicks,3+6 clicks,2,0.3802115192410726,5,2,104,3,106,0.5817427335025069,,
2033,olympus,sam,3+6 clicks,2,0.1663145041455783,5,1,371,4,372,0.5512751133058242,,
2033,olympus,microsam,3+6 clicks,2,0.1898618756354733,5,1,55,4,56,0.8027979553403283,,
2033,olympus,rf_clicks,3+6 clicks,2,0.353279655991098,5,0,274,5,274,0.6633508494578165,,
2033,olympus,dino_multi,3+6 clicks,2,0.3446718681165371,5,2,97,3,99,0.558712611211386,0.392468871083023,0.28318320052354
2033,olympus,dino_clicks,10+20 clicks,0,0.8105432570666051,5,4,88,1,92,0.9096019900497512,,
2033,olympus,sam,10+20 clicks,0,0.6846673794352436,5,4,210,1,214,0.8482488754525618,,
2033,olympus,microsam,10+20 clicks,0,0.2572157113707242,5,1,33,4,34,0.9039779493529128,,
2033,olympus,rf_clicks,10+20 clicks,0,0.7463303381739246,5,5,96,0,101,0.8985998168151237,,
2033,olympus,dino_multi,10+20 clicks,0,0.5400965510835699,5,3,89,2,92,0.9218164442541692,0.8648011318975004,0.7931070560359418
2033,olympus,dino_clicks,10+20 clicks,1,0.6893625490935398,5,4,43,1,47,0.8337941998628702,,
2033,olympus,sam,10+20 clicks,1,0.2555205283605405,5,0,419,5,419,0.549996810749899,,
2033,olympus,microsam,10+20 clicks,1,0.7387748751574824,5,4,86,1,90,0.9183491993756376,,
2033,olympus,rf_clicks,10+20 clicks,1,0.5825742580863631,5,3,88,2,91,0.764495224660099,,
2033,olympus,dino_multi,10+20 clicks,1,0.738909425831529,5,4,124,1,128,0.9082797556904778,0.92348262463611,0.80068493665087
2033,olympus,dino_clicks,10+20 clicks,2,0.4006602020584909,5,1,44,4,45,0.5787289194735462,,
2033,olympus,sam,10+20 clicks,2,0.3562710238865077,5,2,290,3,292,0.5852593867401119,,
2033,olympus,microsam,10+20 clicks,2,0.4200915612812007,5,2,117,3,119,0.909083661493726,,
2033,olympus,rf_clicks,10+20 clicks,2,0.6323143634279048,5,4,63,1,67,0.7985828335305799,,
2033,olympus,dino_multi,10+20 clicks,2,0.8104174615516341,5,4,119,1,123,0.8981582478818338,0.8766157308925795,0.7603623242877546
203,nikon,otsu,no input,0,0.6095817304975005,4,2,1036,2,1038,0.9302492780953504,,
203,nikon,dino_labels,5 labelled training images,0,0.3435962917276917,4,1,18,3,19,0.8036189647672901,,
203,nikon,dino_clicks,3+6 clicks,0,0.5379705736704813,4,2,50,2,52,0.8554694229112834,,
203,nikon,sam,3+6 clicks,0,0.2091943521265293,4,0,43,4,43,0.6770060178648284,,
203,nikon,microsam,3+6 clicks,0,0.2644537851930372,4,0,84,4,84,0.8237680591492966,,
203,nikon,rf_clicks,3+6 clicks,0,0.5007061320240043,4,2,62,2,64,0.8453917980822044,,
203,nikon,dino_multi,3+6 clicks,0,0.1834439296695987,4,0,46,4,46,0.5728100786656415,0.502498508353222,0.4894186879927572
203,nikon,dino_clicks,3+6 clicks,1,0.6864318277838781,4,4,45,0,49,0.8208515696763387,,
203,nikon,sam,3+6 clicks,1,0.4229240893633076,4,0,71,4,71,0.8219123064565271,,
203,nikon,microsam,3+6 clicks,1,0.0537592809824105,4,0,50,4,50,0.8437844888130832,,
203,nikon,rf_clicks,3+6 clicks,1,0.5392238606612398,4,2,60,2,62,0.8807725609409266,,
203,nikon,dino_multi,3+6 clicks,1,0.3590147426100614,4,1,59,3,60,0.5761327185244587,0.4086953050143724,0.3961284569916442
203,nikon,dino_clicks,3+6 clicks,2,0.3918072971922931,4,0,27,4,27,0.5618913984311604,,
203,nikon,sam,3+6 clicks,2,0.3272785469796242,4,0,64,4,64,0.7583036366133451,,
203,nikon,microsam,3+6 clicks,2,0.3713511438008691,4,1,28,3,29,0.8555095533823495,,
203,nikon,rf_clicks,3+6 clicks,2,0.2949917289618628,4,0,17,4,17,0.4570989050764636,,
203,nikon,dino_multi,3+6 clicks,2,0.2309469512202991,4,0,287,4,287,0.4048301968224282,0.5330164345198615,0.2550172523061756
203,nikon,dino_clicks,10+20 clicks,0,0.6536653594585934,4,2,72,2,74,0.9040903201924856,,
203,nikon,sam,10+20 clicks,0,0.6453010342181329,4,2,142,2,144,0.93671928297537,,
203,nikon,microsam,10+20 clicks,0,0.0989836486009169,4,0,60,4,60,0.8773277260940117,,
203,nikon,rf_clicks,10+20 clicks,0,0.4825713397133689,4,2,30,2,32,0.8772886078188572,,
203,nikon,dino_multi,10+20 clicks,0,0.4730260313315576,4,2,156,2,158,0.8460850467042418,0.8375709570957096,0.5992067312320696
203,nikon,dino_clicks,10+20 clicks,1,0.5991751243753908,4,2,102,2,104,0.8939978454112677,,
203,nikon,sam,10+20 clicks,1,0.4383519065042369,4,2,337,2,339,0.8394039922555224,,
203,nikon,microsam,10+20 clicks,1,0.3200463999150876,4,0,56,4,56,0.887437970568104,,
203,nikon,rf_clicks,10+20 clicks,1,0.5381018710599631,4,2,22,2,24,0.8937833292435496,,
203,nikon,dino_multi,10+20 clicks,1,0.6178956976973697,4,2,33,2,35,0.8911141417726879,0.9084646297123176,0.7266684700699463
203,nikon,dino_clicks,10+20 clicks,2,0.7071821348449553,4,4,38,0,42,0.8307162889000285,,
203,nikon,sam,10+20 clicks,2,0.6209392564758284,4,2,126,2,128,0.9349301877708232,,
203,nikon,microsam,10+20 clicks,2,0.0730027687785828,4,0,96,4,96,0.7833585169602384,,
203,nikon,rf_clicks,10+20 clicks,2,0.6785018384709408,4,3,71,1,74,0.8458920275272664,,
203,nikon,dino_multi,10+20 clicks,2,0.4504265069394793,4,1,98,3,99,0.8681986728527616,0.8100695250713691,0.7098321878068374
2046,olympus,otsu,no input,0,0.4332162284060734,4,1,88,3,89,0.6398784469129212,,
2046,olympus,dino_labels,5 labelled training images,0,0.550924521275185,4,3,15,1,18,0.8877447281391563,,
2046,olympus,dino_clicks,3+6 clicks,0,0.5629308894783028,4,3,73,1,76,0.6840146586744694,,
2046,olympus,sam,3+6 clicks,0,0.5728626640506722,4,2,79,2,81,0.7082081508153109,,
2046,olympus,microsam,3+6 clicks,0,0.3285277087328414,4,2,29,2,31,0.7536893951710701,,
2046,olympus,rf_clicks,3+6 clicks,0,0.2913200236420633,4,1,26,3,27,0.7818941715353369,,
2046,olympus,dino_multi,3+6 clicks,0,0.350173336047342,4,1,46,3,47,0.6529138060065728,0.8556799112039006,0.361327866684301
2046,olympus,dino_clicks,3+6 clicks,1,0.1786253424225457,4,0,72,4,72,0.3079642250341139,,
2046,olympus,sam,3+6 clicks,1,0.3702476517531639,4,2,35,2,37,0.368430888976023,,
2046,olympus,microsam,3+6 clicks,1,0.4143883737940474,4,2,27,2,29,0.7696850076964746,,
2046,olympus,rf_clicks,3+6 clicks,1,0.1728432502315171,4,0,320,4,320,0.4353457711287205,,
2046,olympus,dino_multi,3+6 clicks,1,0.1470073091718385,4,0,94,4,94,0.585539893166625,0.1821846119585792,0.6917632766261844
2046,olympus,dino_clicks,3+6 clicks,2,0.3975650442607376,4,1,74,3,75,0.7741862633106183,,
2046,olympus,sam,3+6 clicks,2,0.3565769415256133,4,2,53,2,55,0.708719131331626,,
2046,olympus,microsam,3+6 clicks,2,0.4223728951363865,4,2,11,2,13,0.8209853064819634,,
2046,olympus,rf_clicks,3+6 clicks,2,0.2042238283717707,4,0,58,4,58,0.8470500966213247,,
2046,olympus,dino_multi,3+6 clicks,2,0.235075584977863,4,0,118,4,118,0.4836185146656144,0.7418925330190845,0.2809258337481334
2046,olympus,dino_clicks,10+20 clicks,0,0.5570372907699386,4,3,66,1,69,0.8836874686297473,,
2046,olympus,sam,10+20 clicks,0,0.6557997837785472,4,3,142,1,145,0.912920662766618,,
2046,olympus,microsam,10+20 clicks,0,0.4348197738558711,4,2,20,2,22,0.8319658166424999,,
2046,olympus,rf_clicks,10+20 clicks,0,0.3717923705300678,4,1,216,3,217,0.9063121481501168,,
2046,olympus,dino_multi,10+20 clicks,0,0.3947175899237034,4,2,82,2,84,0.870607995848677,0.878652798415057,0.7109971548418295
2046,olympus,dino_clicks,10+20 clicks,1,0.7725899665361822,4,4,52,0,56,0.8516766262037044,,
2046,olympus,sam,10+20 clicks,1,0.4586404351740076,4,1,113,3,114,0.5344843462246777,,
2046,olympus,microsam,10+20 clicks,1,0.4689147287849068,4,2,16,2,18,0.826402268302403,,
2046,olympus,rf_clicks,10+20 clicks,1,0.429756452875154,4,1,139,3,140,0.6864546579297072,,
2046,olympus,dino_multi,10+20 clicks,1,0.4219938066346173,4,2,127,2,129,0.8533311728645115,0.8663609269821695,0.6844607247957525
2046,olympus,dino_clicks,10+20 clicks,2,0.3919603575991205,4,1,87,3,88,0.7954502971595084,,
2046,olympus,sam,10+20 clicks,2,0.2562868565326996,4,0,347,4,347,0.7710928558712073,,
2046,olympus,microsam,10+20 clicks,2,0.6332339914422739,4,3,16,1,19,0.9398237715404056,,
2046,olympus,rf_clicks,10+20 clicks,2,0.2258303962068478,4,1,43,3,44,0.8955973769696861,,
2046,olympus,dino_multi,10+20 clicks,2,0.3106222373414511,4,1,106,3,107,0.8906657807584897,0.8161817918656824,0.7444692912079675
2047,olympus,otsu,no input,0,0.3330040207519216,8,0,150,8,150,0.606276096262506,,
2047,olympus,dino_labels,5 labelled training images,0,0.5091116244122289,8,4,21,4,25,0.8290642315921657,,
2047,olympus,dino_clicks,3+6 clicks,0,0.043893073071045,8,0,21,8,21,0.8497757764686611,,
2047,olympus,sam,3+6 clicks,0,0.1802706352152969,8,1,169,7,170,0.4248628794083339,,
2047,olympus,microsam,3+6 clicks,0,0.1321201443901809,8,0,58,8,58,0.5779075156209217,,
2047,olympus,rf_clicks,3+6 clicks,0,0.0450301741450285,8,0,33,8,33,0.8670954722542786,,
2047,olympus,dino_multi,3+6 clicks,0,0.0491867512243526,8,0,68,8,68,0.825816972966192,0.8411612674039678,0.6503990008060001
2047,olympus,dino_clicks,3+6 clicks,1,0.4071372773501348,8,2,80,6,82,0.696804843542216,,
2047,olympus,sam,3+6 clicks,1,0.2150564454956806,8,1,128,7,129,0.4068585461159863,,
2047,olympus,microsam,3+6 clicks,1,0.1704061292800351,8,1,53,7,54,0.6345470654222459,,
2047,olympus,rf_clicks,3+6 clicks,1,0.0874438378705328,8,0,33,8,33,0.7603963645471374,,
2047,olympus,dino_multi,3+6 clicks,1,0.1962709723852381,8,0,214,8,214,0.5071379932144633,0.5648480627232468,0.2496905418331176
2047,olympus,dino_clicks,3+6 clicks,2,0.5127382264118353,8,3,93,5,96,0.6964101730290959,,
2047,olympus,sam,3+6 clicks,2,0.1620624158907649,8,1,139,7,140,0.6561823081437199,,
2047,olympus,microsam,3+6 clicks,2,0.1160911087582438,8,0,74,8,74,0.8384457688759797,,
2047,olympus,rf_clicks,3+6 clicks,2,0.4193146199141164,8,0,130,8,130,0.7507007864028412,,
2047,olympus,dino_multi,3+6 clicks,2,0.2443842339859258,8,0,185,8,185,0.6423118041160921,0.8322112556376233,0.3896226447116968
2047,olympus,dino_clicks,10+20 clicks,0,0.0402420521967281,8,0,39,8,39,0.8489038833981281,,
2047,olympus,sam,10+20 clicks,0,0.1613640356338334,8,0,259,8,259,0.5442530199071441,,
2047,olympus,microsam,10+20 clicks,0,0.2510704813161702,8,2,84,6,86,0.8274131841459367,,
2047,olympus,rf_clicks,10+20 clicks,0,0.3355297608230047,8,0,329,8,329,0.6450146219189528,,
2047,olympus,dino_multi,10+20 clicks,0,0.4167332837676699,8,1,153,7,154,0.8064705394378625,0.8934152500352995,0.6408557076449305
2047,olympus,dino_clicks,10+20 clicks,1,0.5588885176833907,8,6,73,2,79,0.8234413919856836,,
2047,olympus,sam,10+20 clicks,1,0.1017583075833391,8,0,307,8,307,0.6030504788956962,,
2047,olympus,microsam,10+20 clicks,1,0.152612152361551,8,0,56,8,56,0.7539922274147074,,
2047,olympus,rf_clicks,10+20 clicks,1,0.3178138603684585,8,0,223,8,223,0.6984533473692734,,
2047,olympus,dino_multi,10+20 clicks,1,0.0381915313017792,8,0,45,8,45,0.839786288719476,0.8385316117476933,0.7080992509363296
2047,olympus,dino_clicks,10+20 clicks,2,0.4366142695184288,8,2,90,6,92,0.754102829725751,,
2047,olympus,sam,10+20 clicks,2,0.288500033030419,8,2,371,6,373,0.6979456153597915,,
2047,olympus,microsam,10+20 clicks,2,0.1407997431659499,8,0,56,8,56,0.8167054013944502,,
2047,olympus,rf_clicks,10+20 clicks,2,0.1796335473647022,8,0,474,8,474,0.7545691115035883,,
2047,olympus,dino_multi,10+20 clicks,2,0.3284046772603859,8,0,175,8,175,0.7206941351740261,0.8346028371935108,0.578292620917191
2052,olympus,otsu,no input,0,0.6301634892605178,4,3,265,1,268,0.8692381300127168,,
2052,olympus,dino_labels,5 labelled training images,0,0.5414117437738253,4,2,8,2,10,0.917048799973734,,
2052,olympus,dino_clicks,3+6 clicks,0,0.7662374691502434,4,4,55,0,59,0.918044480951982,,
2052,olympus,sam,3+6 clicks,0,0.4543001563401136,4,1,21,3,22,0.7085922120500268,,
2052,olympus,microsam,3+6 clicks,0,0.4462223435196566,4,1,10,3,11,0.8368425045135254,,
2052,olympus,rf_clicks,3+6 clicks,0,0.4834073242613306,4,1,53,3,54,0.9179372485357408,,
2052,olympus,dino_multi,3+6 clicks,0,0.6218876475226104,4,2,201,2,203,0.8513141418888444,0.7621418196223425,0.656567272075899
2052,olympus,dino_clicks,3+6 clicks,1,0.7643721104719605,4,4,42,0,46,0.8766472738377546,,
2052,olympus,sam,3+6 clicks,1,0.6775521083545756,4,3,105,1,108,0.8378321207653601,,
2052,olympus,microsam,3+6 clicks,1,0.5563884154425044,4,2,116,2,118,0.9116121722756794,,
2052,olympus,rf_clicks,3+6 clicks,1,0.4820644803857341,4,2,6,2,8,0.7021715933879843,,
2052,olympus,dino_multi,3+6 clicks,1,0.4489740959389846,4,2,27,2,29,0.6308103898907504,0.7595658914728682,0.3335851150745325
2052,olympus,dino_clicks,3+6 clicks,2,0.8353814000472396,4,4,63,0,67,0.9174294998025044,,
2052,olympus,sam,3+6 clicks,2,0.4128242287821391,4,2,71,2,73,0.6237020149163726,,
2052,olympus,microsam,3+6 clicks,2,0.3910004598406382,4,1,10,3,11,0.830601586641849,,
2052,olympus,rf_clicks,3+6 clicks,2,0.507381993488587,4,2,31,2,33,0.8545715140728607,,
2052,olympus,dino_multi,3+6 clicks,2,0.1861887444603427,4,1,65,3,66,0.3225766992392414,0.445852169656483,0.0718585019924739
2052,olympus,dino_clicks,10+20 clicks,0,0.7982563831057443,4,3,25,1,28,0.8968194162932251,,
2052,olympus,sam,10+20 clicks,0,0.1893482296520423,4,1,340,3,341,0.3874743187411103,,
2052,olympus,microsam,10+20 clicks,0,0.3757970557144681,4,1,18,3,19,0.8324352449359178,,
2052,olympus,rf_clicks,10+20 clicks,0,0.4378421559827874,4,1,71,3,72,0.8968954325784138,,
2052,olympus,dino_multi,10+20 clicks,0,0.6691082132813553,4,3,105,1,108,0.8975651643998781,0.903563849433152,0.7746666046155676
2052,olympus,dino_clicks,10+20 clicks,1,0.7279445620356768,4,3,11,1,14,0.8506708159549604,,
2052,olympus,sam,10+20 clicks,1,0.2786343969943594,4,1,256,3,257,0.5147444203867538,,
2052,olympus,microsam,10+20 clicks,1,0.5170280462296015,4,1,76,3,77,0.9042048418422124,,
2052,olympus,rf_clicks,10+20 clicks,1,0.3934232020181589,4,1,79,3,80,0.7323330139847126,,
2052,olympus,dino_multi,10+20 clicks,1,0.7421547348384844,4,4,68,0,72,0.9023769944446812,0.8957090616298184,0.7637634631317316
2052,olympus,dino_clicks,10+20 clicks,2,0.6990294438121003,4,3,62,1,65,0.8728413180273819,,
2052,olympus,sam,10+20 clicks,2,0.1428328353351964,4,0,418,4,418,0.5415238159894696,,
2052,olympus,microsam,10+20 clicks,2,0.3840988386338713,4,1,149,3,150,0.8522021014347474,,
2052,olympus,rf_clicks,10+20 clicks,2,0.3125149045098495,4,0,42,4,42,0.9073759927592422,,
2052,olympus,dino_multi,10+20 clicks,2,0.7569526295712224,4,4,111,0,115,0.8997102452103966,0.928349531520966,0.7597823384802365
2060,olympus,otsu,no input,0,0.5177444789644299,3,1,198,2,199,0.8736846804072672,,
2060,olympus,dino_labels,5 labelled training images,0,0.542030278697534,3,2,10,1,12,0.9159383183008436,,
2060,olympus,dino_clicks,3+6 clicks,0,0.1460998085074709,3,0,176,3,176,0.6849705275629256,,
2060,olympus,sam,3+6 clicks,0,0.3284714693848527,3,1,24,2,25,0.5088446060814736,,
2060,olympus,microsam,3+6 clicks,0,0.6206083416563081,3,2,5,1,7,0.9443752502112897,,
2060,olympus,rf_clicks,3+6 clicks,0,0.3661833439203811,3,1,80,2,81,0.9481752389941048,,
2060,olympus,dino_multi,3+6 clicks,0,0.5558592571629043,3,2,79,1,81,0.7509494258180452,0.6559850414262226,0.5892492824786473
2060,olympus,dino_clicks,3+6 clicks,1,0.4203309908333745,3,1,65,2,66,0.9329408284857108,,
2060,olympus,sam,3+6 clicks,1,0.2736909702050656,3,0,174,3,174,0.8077263309363832,,
2060,olympus,microsam,3+6 clicks,1,0.6141655463778105,3,2,31,1,33,0.9124771611011292,,
2060,olympus,rf_clicks,3+6 clicks,1,0.2501311355939508,3,0,281,3,281,0.5907829202511959,,
2060,olympus,dino_multi,3+6 clicks,1,0.2276616241128886,3,0,92,3,92,0.4897684074303739,0.1437853949329359,0.1008615625611905
2060,olympus,dino_clicks,3+6 clicks,2,0.5660645122453839,3,2,44,1,46,0.9322012305248092,,
2060,olympus,sam,3+6 clicks,2,0.3200950828790033,3,1,10,2,11,0.7297634225811022,,
2060,olympus,microsam,3+6 clicks,2,0.5798645496151934,3,2,23,1,25,0.9505339859236412,,
2060,olympus,rf_clicks,3+6 clicks,2,0.2091401737477828,3,0,28,3,28,0.6707258916101781,,
2060,olympus,dino_multi,3+6 clicks,2,0.2565710201790203,3,0,71,3,71,0.8934620042028286,0.6748997833827154,0.5309260897582927
2060,olympus,dino_clicks,10+20 clicks,0,0.4816185593903837,3,2,61,1,63,0.8791827053456867,,
2060,olympus,sam,10+20 clicks,0,0.4408375482468378,3,2,76,1,78,0.5918460786048012,,
2060,olympus,microsam,10+20 clicks,0,0.502381291147122,3,2,12,1,14,0.785055066890139,,
2060,olympus,rf_clicks,10+20 clicks,0,0.5435039281198901,3,2,82,1,84,0.922072038934942,,
2060,olympus,dino_multi,10+20 clicks,0,0.6744047661861261,3,2,64,1,66,0.869901499306136,0.900043322437084,0.7660184957276979
2060,olympus,dino_clicks,10+20 clicks,1,0.5824527093383857,3,2,56,1,58,0.9474289251448026,,
2060,olympus,sam,10+20 clicks,1,0.4651005100219437,3,2,72,1,74,0.690515480683226,,
2060,olympus,microsam,10+20 clicks,1,0.6653763623425103,3,2,12,1,14,0.8912692300096767,,
2060,olympus,rf_clicks,10+20 clicks,1,0.3988737778621621,3,0,247,3,247,0.8310029374737725,,
2060,olympus,dino_multi,10+20 clicks,1,0.7861756897643198,3,3,51,0,54,0.9074468043731064,0.76644275401161,0.5386552750953163
2060,olympus,dino_clicks,10+20 clicks,2,0.5472814673088733,3,2,69,1,71,0.934145305197564,,
2060,olympus,sam,10+20 clicks,2,0.5420170327179367,3,2,88,1,90,0.7495534219046556,,
2060,olympus,microsam,10+20 clicks,2,0.6361347580686746,3,2,14,1,16,0.9680588233128248,,
2060,olympus,rf_clicks,10+20 clicks,2,0.4238127295140518,3,1,209,2,210,0.7346741167796325,,
2060,olympus,dino_multi,10+20 clicks,2,0.7445308620061931,3,2,62,1,64,0.9178430479659988,0.8972440515712177,0.7242721363412902
2063,olympus,otsu,no input,0,0.3780057238549058,8,0,171,8,171,0.5957386126878594,,
2063,olympus,dino_labels,5 labelled training images,0,0.3579797629248085,8,4,26,4,30,0.8433858554036172,,
2063,olympus,dino_clicks,3+6 clicks,0,0.1693473838005982,8,1,60,7,61,0.8051573116489753,,
2063,olympus,sam,3+6 clicks,0,0.2041868039096931,8,2,192,6,194,0.3682243401115552,,
2063,olympus,microsam,3+6 clicks,0,0.2428181005632976,8,2,52,6,54,0.4674283521713752,,
2063,olympus,rf_clicks,3+6 clicks,0,0.2621683907463565,8,1,181,7,182,0.7114519354952994,,
2063,olympus,dino_multi,3+6 clicks,0,0.239092509530505,8,0,251,8,251,0.5133013303236778,0.6585417380649462,0.2486983260490265
2063,olympus,dino_clicks,3+6 clicks,1,0.3809584543064885,8,3,112,5,115,0.7393517735689227,,
2063,olympus,sam,3+6 clicks,1,0.2672345267772343,8,2,169,6,171,0.4609672238270014,,
2063,olympus,microsam,3+6 clicks,1,0.3250546420586107,8,3,34,5,37,0.5804541836468944,,
2063,olympus,rf_clicks,3+6 clicks,1,0.3003307421091407,8,1,430,7,431,0.7785622563736981,,
2063,olympus,dino_multi,3+6 clicks,1,0.2675901914144575,8,1,132,7,133,0.5473523803508051,0.6993031568336409,0.3902759664040899
2063,olympus,dino_clicks,3+6 clicks,2,0.060867369974367,8,0,166,8,166,0.8074516545482519,,
2063,olympus,sam,3+6 clicks,2,0.0509398820156881,8,0,169,8,169,0.6834028736050479,,
2063,olympus,microsam,3+6 clicks,2,0.3576289366455419,8,4,40,4,44,0.5949423215311144,,
2063,olympus,rf_clicks,3+6 clicks,2,0.1374810368353637,8,0,36,8,36,0.8691077401768429,,
2063,olympus,dino_multi,3+6 clicks,2,0.2331873804348755,8,1,115,7,116,0.7611968655727374,0.4094232064529907,0.7161091762062719
2063,olympus,dino_clicks,10+20 clicks,0,0.5725136809743248,8,5,84,3,89,0.9025129862570198,,
2063,olympus,sam,10+20 clicks,0,0.4868806954982196,8,3,386,5,389,0.7189056646536843,,
2063,olympus,microsam,10+20 clicks,0,0.0745393062666642,8,0,63,8,63,0.9182546392785828,,
2063,olympus,rf_clicks,10+20 clicks,0,0.2652459313543228,8,1,409,7,410,0.6855107415199181,,
2063,olympus,dino_multi,10+20 clicks,0,0.3397541318721434,8,2,164,6,166,0.8772476779206926,0.8679670297550615,0.7127662259877412
2063,olympus,dino_clicks,10+20 clicks,1,0.5023467412634822,8,4,137,4,141,0.812418904664557,,
2063,olympus,sam,10+20 clicks,1,0.1472032966564187,8,0,425,8,425,0.6116810267531679,,
2063,olympus,microsam,10+20 clicks,1,0.4796641447553973,8,4,72,4,76,0.8432933603402639,,
2063,olympus,rf_clicks,10+20 clicks,1,0.3318384194981866,8,1,646,7,647,0.8089130865995802,,
2063,olympus,dino_multi,10+20 clicks,1,0.420321303082129,8,2,146,6,148,0.8363227065029437,0.8426490700496325,0.6192576851753012
2063,olympus,dino_clicks,10+20 clicks,2,0.6003485233408801,8,5,129,3,134,0.809362227070447,,
2063,olympus,sam,10+20 clicks,2,0.6135698445763443,8,6,457,2,463,0.819591332575147,,
2063,olympus,microsam,10+20 clicks,2,0.2581063346761061,8,0,149,8,149,0.9046253212944044,,
2063,olympus,rf_clicks,10+20 clicks,2,0.404207332023516,8,1,416,7,417,0.7263138523365756,,
2063,olympus,dino_multi,10+20 clicks,2,0.5011902787929812,8,4,133,4,137,0.8330268019245741,0.8703589896150971,0.7112829625837448
206,nikon,otsu,no input,0,0.6195885458027216,5,4,487,1,491,0.879514049416962,,
206,nikon,dino_labels,5 labelled training images,0,0.4066826190246868,5,2,38,3,40,0.8259805175972841,,
206,nikon,dino_clicks,3+6 clicks,0,0.519352068261105,5,3,133,2,136,0.8742291502550269,,
206,nikon,sam,3+6 clicks,0,0.6014681419876187,5,3,73,2,76,0.8178936470073113,,
206,nikon,microsam,3+6 clicks,0,0.3221492007297388,5,1,121,4,122,0.7779308338609491,,
206,nikon,rf_clicks,3+6 clicks,0,0.1048465238942307,5,0,150,5,150,0.8296819014797189,,
206,nikon,dino_multi,3+6 clicks,0,0.5197676590529501,5,2,92,3,94,0.7547755831184914,0.4128912875867386,0.4643441521029383
206,nikon,dino_clicks,3+6 clicks,1,0.2868566141518356,5,0,68,5,68,0.5914833331381939,,
206,nikon,sam,3+6 clicks,1,0.3385743842701821,5,0,103,5,103,0.5946002001462208,,
206,nikon,microsam,3+6 clicks,1,0.259394212956875,5,1,42,4,43,0.7875234880497904,,
206,nikon,rf_clicks,3+6 clicks,1,0.5270807569577813,5,2,43,3,45,0.7910924790271031,,
206,nikon,dino_multi,3+6 clicks,1,0.12863273419744,5,0,160,5,160,0.6625457228885477,0.6251427357463419,0.4336284570141409
206,nikon,dino_clicks,3+6 clicks,2,0.6748598366852715,5,3,75,2,78,0.7974580126903678,,
206,nikon,sam,3+6 clicks,2,0.421527655346984,5,2,111,3,113,0.5563272007844093,,
206,nikon,microsam,3+6 clicks,2,0.0881994690028848,5,0,31,5,31,0.6493605154787216,,
206,nikon,rf_clicks,3+6 clicks,2,0.6451876028967594,5,4,93,1,97,0.7955579533355932,,
206,nikon,dino_multi,3+6 clicks,2,0.3198078372072384,5,1,134,4,135,0.7764321290092312,0.779582064976005,0.4239901543478431
206,nikon,dino_clicks,10+20 clicks,0,0.7365437004170757,5,5,74,0,79,0.8507968424188264,,
206,nikon,sam,10+20 clicks,0,0.8172461604753749,5,5,104,0,109,0.9071240333520544,,
206,nikon,microsam,10+20 clicks,0,0.1989000431889254,5,0,80,5,80,0.8668350432942363,,
206,nikon,rf_clicks,10+20 clicks,0,0.5817252711683386,5,3,205,2,208,0.7991598403696702,,
206,nikon,dino_multi,10+20 clicks,0,0.705144431669051,5,5,79,0,84,0.8309681562953063,0.6681716677445728,0.5751319307765292
206,nikon,dino_clicks,10+20 clicks,1,0.8068552010015534,5,5,71,0,76,0.8861856760596838,,
206,nikon,sam,10+20 clicks,1,0.3792220699647806,5,1,119,4,120,0.7255155962047035,,
206,nikon,microsam,10+20 clicks,1,0.1065493403916444,5,0,50,5,50,0.7897502491468608,,
206,nikon,rf_clicks,10+20 clicks,1,0.64341455915271,5,3,169,2,172,0.8083609696856462,,
206,nikon,dino_multi,10+20 clicks,1,0.2293803007913532,5,1,143,4,144,0.8492917414378985,0.746081266891091,0.595220458680628
206,nikon,dino_clicks,10+20 clicks,2,0.7224233148716387,5,5,70,0,75,0.8422949211380273,,
206,nikon,sam,10+20 clicks,2,0.2031220072273035,5,1,124,4,125,0.7054821604676534,,
206,nikon,microsam,10+20 clicks,2,0.1114675799250652,5,0,157,5,157,0.7975147788985189,,
206,nikon,rf_clicks,10+20 clicks,2,0.7153237994917392,5,5,334,0,339,0.8843711797227616,,
206,nikon,dino_multi,10+20 clicks,2,0.6966410689769336,5,4,102,1,106,0.8848064453587816,0.840812585917214,0.7297554779295015
2071,olympus,otsu,no input,0,0.4324097088315236,5,0,127,5,127,0.6188247567057747,,
2071,olympus,dino_labels,5 labelled training images,0,0.4428500672698003,5,1,26,4,27,0.9124772102816936,,
2071,olympus,dino_clicks,3+6 clicks,0,0.3352494082263704,5,1,119,4,120,0.8200272673285546,,
2071,olympus,sam,3+6 clicks,0,0.0450533984814774,5,0,223,5,223,0.7830125198308423,,
2071,olympus,microsam,3+6 clicks,0,0.0746458489199981,5,0,113,5,113,0.8199474019153064,,
2071,olympus,rf_clicks,3+6 clicks,0,0.3093606000781083,5,0,301,5,301,0.7713583872151791,,
2071,olympus,dino_multi,3+6 clicks,0,0.2537567704953029,5,0,173,5,173,0.6690529404739562,0.2310089204360102,0.5997221853391483
2071,olympus,dino_clicks,3+6 clicks,1,0.3664906609433193,5,0,50,5,50,0.5573566037664541,,
2071,olympus,sam,3+6 clicks,1,0.4239755778845554,5,2,101,3,103,0.6135090846883835,,
2071,olympus,microsam,3+6 clicks,1,0.2632404571632262,5,1,90,4,91,0.6784903736598519,,
2071,olympus,rf_clicks,3+6 clicks,1,0.498622539455293,5,2,163,3,165,0.8551064075873236,,
2071,olympus,dino_multi,3+6 clicks,1,0.3476539572955935,5,2,138,3,140,0.5827474998939135,0.4479749253146579,0.3424411659860287
2071,olympus,dino_clicks,3+6 clicks,2,0.539286137623579,5,2,43,3,45,0.7606456522091084,,
2071,olympus,sam,3+6 clicks,2,0.2581046125354612,5,1,213,4,214,0.7011572923796219,,
2071,olympus,microsam,3+6 clicks,2,0.075219896613957,5,0,183,5,183,0.8004092022167805,,
2071,olympus,rf_clicks,3+6 clicks,2,0.2434819806307285,5,1,275,4,276,0.8588731185356644,,
2071,olympus,dino_multi,3+6 clicks,2,0.3503320637536317,5,2,84,3,86,0.6576220764975362,0.3549629752031975,0.5069057398508313
2071,olympus,dino_clicks,10+20 clicks,0,0.3831478419637054,5,2,111,3,113,0.8384792469793355,,
2071,olympus,sam,10+20 clicks,0,0.0758028379389883,5,0,314,5,314,0.5125909859569149,,
2071,olympus,microsam,10+20 clicks,0,0.053585435245374,5,0,109,5,109,0.8807246175886132,,
2071,olympus,rf_clicks,10+20 clicks,0,0.2443057155496715,5,0,405,5,405,0.5024010195798785,,
2071,olympus,dino_multi,10+20 clicks,0,0.3903150523052789,5,1,146,4,147,0.7912623617300375,0.8384619665015859,0.6651069253646792
2071,olympus,dino_clicks,10+20 clicks,1,0.770871666155169,5,4,93,1,97,0.9290177040466392,,
2071,olympus,sam,10+20 clicks,1,0.5534614991715526,5,3,193,2,196,0.7526171473496651,,
2071,olympus,microsam,10+20 clicks,1,0.0675501493631274,5,0,124,5,124,0.91716232526976,,
2071,olympus,rf_clicks,10+20 clicks,1,0.5530697345664438,5,2,182,3,184,0.7970153361935364,,
2071,olympus,dino_multi,10+20 clicks,1,0.167421439297342,5,1,69,4,70,0.8769458306784305,0.8452539824103429,0.661837486907646
2071,olympus,dino_clicks,10+20 clicks,2,0.8030400764668377,5,4,88,1,92,0.9397028588539452,,
2071,olympus,sam,10+20 clicks,2,0.1825242470539185,5,0,465,5,465,0.4946257932476405,,
2071,olympus,microsam,10+20 clicks,2,0.0441346028264062,5,0,153,5,153,0.8630722665351606,,
2071,olympus,rf_clicks,10+20 clicks,2,0.3185538885492104,5,0,227,5,227,0.7723401558276168,,
2071,olympus,dino_multi,10+20 clicks,2,0.6963881961358813,5,4,108,1,112,0.912098757354184,0.8847743631299753,0.7416844514861778
2073,olympus,otsu,no input,0,0.3251036367269155,4,0,105,4,105,0.5450995155571919,,
2073,olympus,dino_labels,5 labelled training images,0,0.1783142453633572,4,0,27,4,27,0.9043738595386808,,
2073,olympus,dino_clicks,3+6 clicks,0,0.388292522825715,4,0,79,4,79,0.5892275893496517,,
2073,olympus,sam,3+6 clicks,0,0.1552167000704865,4,0,108,4,108,0.914553685273454,,
2073,olympus,microsam,3+6 clicks,0,0.2876523431818444,4,0,13,4,13,0.8595742610092064,,
2073,olympus,rf_clicks,3+6 clicks,0,0.2874379536090345,4,1,144,3,145,0.8730460599267906,,
2073,olympus,dino_multi,3+6 clicks,0,0.2896234740230645,4,1,92,3,93,0.5379108184479183,0.717278442506591,0.40383568405694
2073,olympus,dino_clicks,3+6 clicks,1,0.1571746198272164,4,0,79,4,79,0.7836441770235212,,
2073,olympus,sam,3+6 clicks,1,0.1159903689144877,4,0,58,4,58,0.5033426473767224,,
2073,olympus,microsam,3+6 clicks,1,0.232249275926046,4,0,33,4,33,0.8355585881311548,,
2073,olympus,rf_clicks,3+6 clicks,1,0.1077200508859771,4,0,140,4,140,0.9121087627250078,,
2073,olympus,dino_multi,3+6 clicks,1,0.145446765555205,4,0,43,4,43,0.7066654798840344,0.2246578422280302,0.6254763482240611
2073,olympus,dino_clicks,3+6 clicks,2,0.3823928747647143,4,0,110,4,110,0.7503217103606261,,
2073,olympus,sam,3+6 clicks,2,0.1198022564004585,4,0,62,4,62,0.6634558347713546,,
2073,olympus,microsam,3+6 clicks,2,0.1965314065120646,4,0,3,4,3,0.8025646080215096,,
2073,olympus,rf_clicks,3+6 clicks,2,0.2929985170804485,4,1,164,3,165,0.7551816614520146,,
2073,olympus,dino_multi,3+6 clicks,2,0.0956088089892447,4,0,125,4,125,0.5628825820812465,0.2036502027890438,0.6464093476462357
2073,olympus,dino_clicks,10+20 clicks,0,0.144292408628792,4,0,76,4,76,0.883104891382574,,
2073,olympus,sam,10+20 clicks,0,0.1238747470379636,4,0,250,4,250,0.6556296107860595,,
2073,olympus,microsam,10+20 clicks,0,0.1441979610936447,4,0,34,4,34,0.8946053327926994,,
2073,olympus,rf_clicks,10+20 clicks,0,0.2122392666332215,4,0,181,4,181,0.7285811092039227,,
2073,olympus,dino_multi,10+20 clicks,0,0.2428046047824146,4,0,89,4,89,0.852891557736775,0.8486646372487302,0.7706439912877504
2073,olympus,dino_clicks,10+20 clicks,1,0.1636374014142791,4,0,127,4,127,0.888222084884212,,
2073,olympus,sam,10+20 clicks,1,0.0836119064792191,4,0,391,4,391,0.550894785347804,,
2073,olympus,microsam,10+20 clicks,1,0.2008690310704017,4,0,13,4,13,0.9235085562745065,,
2073,olympus,rf_clicks,10+20 clicks,1,0.2078765978700845,4,0,316,4,316,0.6759194287365337,,
2073,olympus,dino_multi,10+20 clicks,1,0.2660937510252693,4,0,89,4,89,0.8094311118011309,0.8243640768299013,0.7135853160095244
2073,olympus,dino_clicks,10+20 clicks,2,0.1585811945729516,4,0,119,4,119,0.8995977346251768,,
2073,olympus,sam,10+20 clicks,2,0.1328163827423782,4,0,315,4,315,0.7037829462475481,,
2073,olympus,microsam,10+20 clicks,2,0.1967261583957224,4,0,14,4,14,0.9229263004181694,,
2073,olympus,rf_clicks,10+20 clicks,2,0.1039633884687595,4,0,268,4,268,0.8477613910455641,,
2073,olympus,dino_multi,10+20 clicks,2,0.2460320854135893,4,0,107,4,107,0.8651328860279509,0.8901678418084726,0.7173351449024202
2078,olympus,otsu,no input,0,0.4403042379499084,7,3,360,4,363,0.7951715122279389,,
2078,olympus,dino_labels,5 labelled training images,0,0.2942818737812547,7,2,14,5,16,0.8939351818638352,,
2078,olympus,dino_clicks,3+6 clicks,0,0.3297151947750558,7,2,102,5,104,0.5497059384588524,,
2078,olympus,sam,3+6 clicks,0,0.1229384305976203,7,0,17,7,17,0.4841433099039821,,
2078,olympus,microsam,3+6 clicks,0,0.2672604974070202,7,2,1,5,3,0.517988958602952,,
2078,olympus,rf_clicks,3+6 clicks,0,0.2689254646941098,7,1,213,6,214,0.4771382893685052,,
2078,olympus,dino_multi,3+6 clicks,0,0.0901000401439626,7,0,163,7,163,0.5899352214001017,0.5269636195848552,0.385255118062379
2078,olympus,dino_clicks,3+6 clicks,1,0.5041578705469629,7,3,52,4,55,0.6410144293834718,,
2078,olympus,sam,3+6 clicks,1,0.3095594639526294,7,2,34,5,36,0.5317782851174655,,
2078,olympus,microsam,3+6 clicks,1,0.3656755459197364,7,3,9,4,12,0.6959289644711639,,
2078,olympus,rf_clicks,3+6 clicks,1,0.364796258821787,7,1,29,6,30,0.6653136979410591,,
2078,olympus,dino_multi,3+6 clicks,1,0.0718328850219891,7,0,119,7,119,0.779648233877386,0.3463785316830309,0.5614872234340916
2078,olympus,dino_clicks,3+6 clicks,2,0.7051884934052364,7,6,56,1,62,0.8287738941846976,,
2078,olympus,sam,3+6 clicks,2,0.3391912821260695,7,2,115,5,117,0.6401074171415841,,
2078,olympus,microsam,3+6 clicks,2,0.2564490375127263,7,1,55,6,56,0.6084924885620634,,
2078,olympus,rf_clicks,3+6 clicks,2,0.081798176501029,7,0,24,7,24,0.8593604861051957,,
2078,olympus,dino_multi,3+6 clicks,2,0.4571887511766642,7,2,113,5,115,0.7379814434608956,0.3220718584716396,0.3436555289441739
2078,olympus,dino_clicks,10+20 clicks,0,0.2000944197026841,7,0,110,7,110,0.6929976295726824,,
2078,olympus,sam,10+20 clicks,0,0.274337697558963,7,1,316,6,317,0.6397528344931158,,
2078,olympus,microsam,10+20 clicks,0,0.2124886769474963,7,1,71,6,72,0.8120766550837539,,
2078,olympus,rf_clicks,10+20 clicks,0,0.1981574982236789,7,1,63,6,64,0.8280096215919843,,
2078,olympus,dino_multi,10+20 clicks,0,0.0546437753608266,7,0,116,7,116,0.8157531948268264,0.7843152190472045,0.5955896787139835
2078,olympus,dino_clicks,10+20 clicks,1,0.2735035714196919,7,1,34,6,35,0.8890565766542697,,
2078,olympus,sam,10+20 clicks,1,0.3927320640045094,7,3,211,4,214,0.6604692501246089,,
2078,olympus,microsam,10+20 clicks,1,0.401125348224323,7,3,27,4,30,0.9168074726836328,,
2078,olympus,rf_clicks,10+20 clicks,1,0.1736340827419748,7,1,122,6,123,0.8234694912389431,,
2078,olympus,dino_multi,10+20 clicks,1,0.045467825366962,7,0,143,7,143,0.8396829385114285,0.8633918106181427,0.6659647442443535
2078,olympus,dino_clicks,10+20 clicks,2,0.470978805450681,7,2,42,5,44,0.8357375074031616,,
2078,olympus,sam,10+20 clicks,2,0.6403776048430668,7,5,86,2,91,0.7956953076610922,,
2078,olympus,microsam,10+20 clicks,2,0.3054395139011933,7,1,46,6,47,0.9036079238531208,,
2078,olympus,rf_clicks,10+20 clicks,2,0.2170119701927195,7,1,179,6,180,0.8164864484677418,,
2078,olympus,dino_multi,10+20 clicks,2,0.4428232909664946,7,2,102,5,104,0.8089146920139217,0.6186401926054068,0.6765585129401466
207,nikon,otsu,no input,0,0.5683534856838476,6,3,523,3,526,0.911963174548406,,
207,nikon,dino_labels,5 labelled training images,0,0.5913729604286282,6,4,43,2,47,0.7800292945972925,,
207,nikon,dino_clicks,3+6 clicks,0,0.2914185700249287,6,1,119,5,120,0.7591184547992464,,
207,nikon,sam,3+6 clicks,0,0.2586832858128314,6,0,66,6,66,0.4388702866057034,,
207,nikon,microsam,3+6 clicks,0,0.0760204117654494,6,0,92,6,92,0.5030808142709111,,
207,nikon,rf_clicks,3+6 clicks,0,0.2583599296713419,6,1,407,5,408,0.7133619304327704,,
207,nikon,dino_multi,3+6 clicks,0,0.1923171997766135,6,0,58,6,58,0.4291824031793239,0.4151184951336252,0.4257521058965102
207,nikon,dino_clicks,3+6 clicks,1,0.4503122488765014,6,2,109,4,111,0.8696865484212514,,
207,nikon,sam,3+6 clicks,1,0.5075317036318815,6,2,364,4,366,0.6679858687644847,,
207,nikon,microsam,3+6 clicks,1,0.031396483830683,6,0,234,6,234,0.7803515191802054,,
207,nikon,rf_clicks,3+6 clicks,1,0.3379817203409542,6,1,28,5,29,0.8578791133387034,,
207,nikon,dino_multi,3+6 clicks,1,0.6383438009175042,6,4,69,2,73,0.8721782877078772,0.6751628433871425,0.5875211335641253
207,nikon,dino_clicks,3+6 clicks,2,0.7473641456733989,6,5,116,1,121,0.8643557653602664,,
207,nikon,sam,3+6 clicks,2,0.5164391086303336,6,3,116,3,119,0.8164557829657149,,
207,nikon,microsam,3+6 clicks,2,0.1173238047276592,6,0,74,6,74,0.7605284363204546,,
207,nikon,rf_clicks,3+6 clicks,2,0.5176047914179485,6,3,37,3,40,0.8740553004964996,,
207,nikon,dino_multi,3+6 clicks,2,0.312935837163732,6,2,124,4,126,0.6245083989699275,0.276249116191374,0.4652173525823143
207,nikon,dino_clicks,10+20 clicks,0,0.5833327750857312,6,3,140,3,143,0.8776420543886655,,
207,nikon,sam,10+20 clicks,0,0.7490692003068012,6,5,110,1,115,0.9156456215051104,,
207,nikon,microsam,10+20 clicks,0,0.1483832139470624,6,1,128,5,129,0.805182694402091,,
207,nikon,rf_clicks,10+20 clicks,0,0.5481266392019677,6,3,98,3,101,0.8941887247225977,,
207,nikon,dino_multi,10+20 clicks,0,0.6172076517008108,6,4,57,2,61,0.7823704249446174,0.748771664596944,0.6078486703188705
207,nikon,dino_clicks,10+20 clicks,1,0.7619037310873055,6,5,124,1,129,0.8819025971737675,,
207,nikon,sam,10+20 clicks,1,0.7341994380599397,6,6,150,0,156,0.9149006520330292,,
207,nikon,microsam,10+20 clicks,1,0.1782027639069377,6,1,190,5,191,0.8299647809118889,,
207,nikon,rf_clicks,10+20 clicks,1,0.4938361917332648,6,4,136,2,140,0.8207043611718527,,
207,nikon,dino_multi,10+20 clicks,1,0.7226018816754851,6,5,106,1,111,0.8368837750387386,0.7648384811430989,0.6001879718661888
207,nikon,dino_clicks,10+20 clicks,2,0.7139971770352086,6,5,111,1,116,0.83172154262682,,
207,nikon,sam,10+20 clicks,2,0.5591821954720254,6,3,234,3,237,0.8502619801331732,,
207,nikon,microsam,10+20 clicks,2,0.3629305764641632,6,2,204,4,206,0.8581893272470383,,
207,nikon,rf_clicks,10+20 clicks,2,0.5517797473214748,6,4,320,2,324,0.894077339594614,,
207,nikon,dino_multi,10+20 clicks,2,0.7193073087297561,6,5,109,1,114,0.8447465060992613,0.7743129994153186,0.7375214192547378
2082,olympus,otsu,no input,0,0.4183785639814237,5,0,112,5,112,0.5998540136026578,,
2082,olympus,dino_labels,5 labelled training images,0,0.2717576472144132,5,0,39,5,39,0.8592143825729408,,
2082,olympus,dino_clicks,3+6 clicks,0,0.4650750686368072,5,2,97,3,99,0.7366325388092787,,
2082,olympus,sam,3+6 clicks,0,0.3872933786298763,5,3,44,2,47,0.6052832789498056,,
2082,olympus,microsam,3+6 clicks,0,0.1674561449000725,5,0,4,5,4,0.8637958322704169,,
2082,olympus,rf_clicks,3+6 clicks,0,0.3991416000470082,5,2,113,3,115,0.7322539778904559,,
2082,olympus,dino_multi,3+6 clicks,0,0.1325288097211469,5,0,208,5,208,0.7522817107686058,0.64101446674699,0.5019343238957182
2082,olympus,dino_clicks,3+6 clicks,1,0.4104316319234958,5,0,37,5,37,0.5623512956207011,,
2082,olympus,sam,3+6 clicks,1,0.3507479331794517,5,1,172,4,173,0.7650258901550362,,
2082,olympus,microsam,3+6 clicks,1,0.0803053710708932,5,0,99,5,99,0.8521975000916389,,
2082,olympus,rf_clicks,3+6 clicks,1,0.3081377943680528,5,1,34,4,35,0.6525618901598014,,
2082,olympus,dino_multi,3+6 clicks,1,0.1088646138328386,5,0,168,5,168,0.6910488426442437,0.7366114209410102,0.4858649106819139
2082,olympus,dino_clicks,3+6 clicks,2,0.3550886927586796,5,1,149,4,150,0.8177491733257942,,
2082,olympus,sam,3+6 clicks,2,0.0560415557891987,5,0,148,5,148,0.7131668877671316,,
2082,olympus,microsam,3+6 clicks,2,0.1895879194996532,5,0,65,5,65,0.7937391342986797,,
2082,olympus,rf_clicks,3+6 clicks,2,0.3825907404454638,5,0,288,5,288,0.7621042591659146,,
2082,olympus,dino_multi,3+6 clicks,2,0.3277942243014741,5,0,240,5,240,0.5263600385506593,0.8267998301760913,0.1738111772834725
2082,olympus,dino_clicks,10+20 clicks,0,0.4191393345651842,5,1,65,4,66,0.8645357686453576,,
2082,olympus,sam,10+20 clicks,0,0.0505083577930717,5,0,345,5,345,0.7790621019317391,,
2082,olympus,microsam,10+20 clicks,0,0.1522778025202893,5,0,51,5,51,0.8349190697479256,,
2082,olympus,rf_clicks,10+20 clicks,0,0.0850883219119673,5,0,337,5,337,0.8544269531900717,,
2082,olympus,dino_multi,10+20 clicks,0,0.3655753693669968,5,0,198,5,198,0.8091160689669799,0.8887771428571428,0.7316855713507355
2082,olympus,dino_clicks,10+20 clicks,1,0.5513809616792221,5,3,71,2,74,0.7357769876978258,,
2082,olympus,sam,10+20 clicks,1,0.5928219106410351,5,2,250,3,252,0.824480812407986,,
2082,olympus,microsam,10+20 clicks,1,0.108455503414755,5,0,88,5,88,0.8766016271324454,,
2082,olympus,rf_clicks,10+20 clicks,1,0.4433530784315039,5,1,112,4,113,0.7812842709475698,,
2082,olympus,dino_multi,10+20 clicks,1,0.2377530836965999,5,0,177,5,177,0.8182502730965436,0.7621408485618449,0.6855677810320413
2082,olympus,dino_clicks,10+20 clicks,2,0.068180510541546,5,0,107,5,107,0.8273974212693858,,
2082,olympus,sam,10+20 clicks,2,0.1354621895992584,5,0,338,5,338,0.5695751834750269,,
2082,olympus,microsam,10+20 clicks,2,0.1828879294152733,5,0,41,5,41,0.8432629816088539,,
2082,olympus,rf_clicks,10+20 clicks,2,0.2136109756638186,5,0,304,5,304,0.7800220170854957,,
2082,olympus,dino_multi,10+20 clicks,2,0.3086653883079507,5,0,185,5,185,0.7243045278390409,0.8286835441221834,0.5506724438692251
2086,olympus,otsu,no input,0,0.6083553507804571,4,3,164,1,167,0.7829132886852309,,
2086,olympus,dino_labels,5 labelled training images,0,0.1129638430687634,4,0,20,4,20,0.9081263026961608,,
2086,olympus,dino_clicks,3+6 clicks,0,0.1446982195011914,4,0,25,4,25,0.9377439375519868,,
2086,olympus,sam,3+6 clicks,0,0.4694918212195202,4,2,103,2,105,0.7297190742620352,,
2086,olympus,microsam,3+6 clicks,0,0.1507588152800719,4,0,58,4,58,0.8003288717330564,,
2086,olympus,rf_clicks,3+6 clicks,0,0.3133923830891579,4,1,171,3,172,0.6851201994031025,,
2086,olympus,dino_multi,3+6 clicks,0,0.343533146447684,4,1,69,3,70,0.7133271579922422,0.4585699004361063,0.4672534823036495
2086,olympus,dino_clicks,3+6 clicks,1,0.4889654909796419,4,1,39,3,40,0.8988716011333698,,
2086,olympus,sam,3+6 clicks,1,0.3702460193426466,4,0,129,4,129,0.8288150933898658,,
2086,olympus,microsam,3+6 clicks,1,0.1469899872281149,4,0,68,4,68,0.9127312112895254,,
2086,olympus,rf_clicks,3+6 clicks,1,0.4260699554711115,4,2,39,2,41,0.7794110771617077,,
2086,olympus,dino_multi,3+6 clicks,1,0.5140450794667817,4,3,104,1,107,0.6592940841257969,0.3193866579402552,0.6437789200956898
2086,olympus,dino_clicks,3+6 clicks,2,0.3638058166620531,4,1,84,3,85,0.6582921959405662,,
2086,olympus,sam,3+6 clicks,2,0.215787587440401,4,0,77,4,77,0.5806851500189898,,
2086,olympus,microsam,3+6 clicks,2,0.1520347369156642,4,0,38,4,38,0.8134964433926831,,
2086,olympus,rf_clicks,3+6 clicks,2,0.1037427627729332,4,0,41,4,41,0.916365590490508,,
2086,olympus,dino_multi,3+6 clicks,2,0.2107352786886003,4,0,169,4,169,0.5890914685745058,0.2810019634676028,0.5851320360190213
2086,olympus,dino_clicks,10+20 clicks,0,0.5820241479665195,4,2,60,2,62,0.9214185246987402,,
2086,olympus,sam,10+20 clicks,0,0.5372028287483288,4,2,283,2,285,0.7453705250264462,,
2086,olympus,microsam,10+20 clicks,0,0.3686617122699564,4,1,32,3,33,0.8197611345859485,,
2086,olympus,rf_clicks,10+20 clicks,0,0.2859682478861688,4,0,188,4,188,0.8603472861804532,,
2086,olympus,dino_multi,10+20 clicks,0,0.8603874124057356,4,4,49,0,53,0.9217980889875494,0.7930150019386203,0.667958615200955
2086,olympus,dino_clicks,10+20 clicks,1,0.6783491735269936,4,3,35,1,38,0.887230133789631,,
2086,olympus,sam,10+20 clicks,1,0.5121321126696965,4,1,391,3,392,0.7081888829263168,,
2086,olympus,microsam,10+20 clicks,1,0.3302176392675009,4,1,36,3,37,0.8430746743635287,,
2086,olympus,rf_clicks,10+20 clicks,1,0.3981820682068482,4,1,127,3,128,0.8556168517922965,,
2086,olympus,dino_multi,10+20 clicks,1,0.66321088412484,4,2,47,2,49,0.9309168696892268,0.7720891301315139,0.7440825857195527
2086,olympus,dino_clicks,10+20 clicks,2,0.6346541062679547,4,2,37,2,39,0.8860655427641948,,
2086,olympus,sam,10+20 clicks,2,0.3832363544688431,4,2,114,2,116,0.7463296490876051,,
2086,olympus,microsam,10+20 clicks,2,0.2043515998203779,4,0,29,4,29,0.7526351165946263,,
2086,olympus,rf_clicks,10+20 clicks,2,0.1431500301051555,4,0,162,4,162,0.9059120345819474,,
2086,olympus,dino_multi,10+20 clicks,2,0.5440343390896938,4,2,109,2,111,0.829828780925389,0.7595763840824011,0.6479121360778165
2087,olympus,otsu,no input,0,0.3876555512790866,10,2,250,8,252,0.7706799415745074,,
2087,olympus,dino_labels,5 labelled training images,0,0.2768423012946273,10,1,22,9,23,0.9279991761035706,,
2087,olympus,dino_clicks,3+6 clicks,0,0.2743947128746671,10,1,138,9,139,0.4513323171449818,,
2087,olympus,sam,3+6 clicks,0,0.1199253330867748,10,1,52,9,53,0.2145034924228034,,
2087,olympus,microsam,3+6 clicks,0,0.1744921028098705,10,1,26,9,27,0.4700838882808486,,
2087,olympus,rf_clicks,3+6 clicks,0,0.2661296512360612,10,0,274,10,274,0.5939382727094893,,
2087,olympus,dino_multi,3+6 clicks,0,0.1581976297800859,10,0,160,10,160,0.4310568753265824,0.4842335896977285,0.3511546150510419
2087,olympus,dino_clicks,3+6 clicks,1,0.4866279111853948,10,5,90,5,95,0.8099128051975931,,
2087,olympus,sam,3+6 clicks,1,0.1870180735031313,10,1,130,9,131,0.4211325172119601,,
2087,olympus,microsam,3+6 clicks,1,0.0810882862952313,10,0,24,10,24,0.5813915060239186,,
2087,olympus,rf_clicks,3+6 clicks,1,0.4030640727190075,10,2,85,8,87,0.6830105063569158,,
2087,olympus,dino_multi,3+6 clicks,1,0.2979028600620522,10,2,172,8,174,0.547030165730059,0.2217417796935298,0.4834575585774888
2087,olympus,dino_clicks,3+6 clicks,2,0.0381684347904338,10,0,62,10,62,0.7440498387236095,,
2087,olympus,sam,3+6 clicks,2,0.3350622589073745,10,4,142,6,146,0.5978030062865244,,
2087,olympus,microsam,3+6 clicks,2,0.2138169624516386,10,1,58,9,59,0.425555398520732,,
2087,olympus,rf_clicks,3+6 clicks,2,0.1568462331015596,10,0,745,10,745,0.5049903468519399,,
2087,olympus,dino_multi,3+6 clicks,2,0.1119610450822052,10,0,173,10,173,0.454583926321135,0.4295716582923729,0.3130827729501233
2087,olympus,dino_clicks,10+20 clicks,0,0.2288631433872454,10,1,53,9,54,0.9248649051938224,,
2087,olympus,sam,10+20 clicks,0,0.4541538218923563,10,4,320,6,324,0.7141754520705409,,
2087,olympus,microsam,10+20 clicks,0,0.1126976947329011,10,0,74,10,74,0.8506587575664535,,
2087,olympus,rf_clicks,10+20 clicks,0,0.2759170971338628,10,2,105,8,107,0.8670598696105837,,
2087,olympus,dino_multi,10+20 clicks,0,0.5793493834661305,10,5,152,5,157,0.8280658023446926,0.6835533191407006,0.6995897526989208
2087,olympus,dino_clicks,10+20 clicks,1,0.6216007197788735,10,6,77,4,83,0.8432275134244047,,
2087,olympus,sam,10+20 clicks,1,0.4377705559874459,10,4,278,6,282,0.764125318527683,,
2087,olympus,microsam,10+20 clicks,1,0.3070935457201892,10,2,48,8,50,0.8713748354976927,,
2087,olympus,rf_clicks,10+20 clicks,1,0.2434090212311217,10,1,117,9,118,0.8274646566010054,,
2087,olympus,dino_multi,10+20 clicks,1,0.2701440984565068,10,1,121,9,122,0.814870766136982,0.7872862526718416,0.6927247227427548
2087,olympus,dino_clicks,10+20 clicks,2,0.2152539809725919,10,1,101,9,102,0.8837696772675184,,
2087,olympus,sam,10+20 clicks,2,0.0823463352382271,10,0,459,10,459,0.5154772828906792,,
2087,olympus,microsam,10+20 clicks,2,0.190437501703884,10,0,93,10,93,0.8297998468500143,,
2087,olympus,rf_clicks,10+20 clicks,2,0.2424308576000016,10,1,186,9,187,0.8307850037009268,,
2087,olympus,dino_multi,10+20 clicks,2,0.2801836655091714,10,1,96,9,97,0.8723441727908802,0.6990889536073774,0.7586836716284104
208,nikon,otsu,no input,0,0.6241578417792407,6,3,676,3,679,0.9527790753577629,,
208,nikon,dino_labels,5 labelled training images,0,0.7665870750701949,6,5,29,1,34,0.905937235538086,,
208,nikon,dino_clicks,3+6 clicks,0,0.5237331789771319,6,2,31,4,33,0.6939010461047556,,
208,nikon,sam,3+6 clicks,0,0.0715744402491443,6,0,168,6,168,0.2287792870016264,,
208,nikon,microsam,3+6 clicks,0,0.0767807509867196,6,0,69,6,69,0.5846584247012117,,
208,nikon,rf_clicks,3+6 clicks,0,0.7996862792718206,6,6,127,0,133,0.9180253358079188,,
208,nikon,dino_multi,3+6 clicks,0,0.4673548437165514,6,3,122,3,125,0.748717397949489,0.3539788173643487,0.6345148917548331
208,nikon,dino_clicks,3+6 clicks,1,0.8282159878940898,6,6,100,0,106,0.9256379761459784,,
208,nikon,sam,3+6 clicks,1,0.5197187236603442,6,3,249,3,252,0.7447220779878674,,
208,nikon,microsam,3+6 clicks,1,0.0370141471177429,6,0,296,6,296,0.776158887038728,,
208,nikon,rf_clicks,3+6 clicks,1,0.6034071016062412,6,5,46,1,51,0.7705393308109777,,
208,nikon,dino_multi,3+6 clicks,1,0.7028639126239938,6,4,184,2,188,0.8757231169556684,0.1338185569373603,0.5855048734938217
208,nikon,dino_clicks,3+6 clicks,2,0.7726135638158347,6,5,73,1,78,0.8670792473436327,,
208,nikon,sam,3+6 clicks,2,0.1151728410860182,6,0,254,6,254,0.5710685051228629,,
208,nikon,microsam,3+6 clicks,2,0.0339108372177718,6,0,417,6,417,0.7651551370422595,,
208,nikon,rf_clicks,3+6 clicks,2,0.1571005991169948,6,0,204,6,204,0.4328756878038357,,
208,nikon,dino_multi,3+6 clicks,2,0.4487983737183792,6,3,89,3,92,0.6290839088744332,0.426682528470699,0.4930454883830271
208,nikon,dino_clicks,10+20 clicks,0,0.8662547766756764,6,6,100,0,106,0.9240640347864268,,
208,nikon,sam,10+20 clicks,0,0.8567446715514283,6,6,438,0,444,0.9123844048235557,,
208,nikon,microsam,10+20 clicks,0,0.0332884579123085,6,0,242,6,242,0.8256763998704659,,
208,nikon,rf_clicks,10+20 clicks,0,0.6057917970941774,6,3,38,3,41,0.9227333631085306,,
208,nikon,dino_multi,10+20 clicks,0,0.7722421838460831,6,6,138,0,144,0.8953302636845161,0.7584082380661489,0.7189847023162121
208,nikon,dino_clicks,10+20 clicks,1,0.8418424001512688,6,6,102,0,108,0.9332964992464166,,
208,nikon,sam,10+20 clicks,1,0.8556479742780678,6,6,428,0,434,0.9447489702297958,,
208,nikon,microsam,10+20 clicks,1,0.0938585152343735,6,0,245,6,245,0.8369196087488271,,
208,nikon,rf_clicks,10+20 clicks,1,0.7557005533094402,6,6,150,0,156,0.8897020193424743,,
208,nikon,dino_multi,10+20 clicks,1,0.831123658213807,6,6,131,0,137,0.9038620597155056,0.7483777807860656,0.6437308563721289
208,nikon,dino_clicks,10+20 clicks,2,0.6293444935430603,6,5,55,1,60,0.78787224411656,,
208,nikon,sam,10+20 clicks,2,0.923923249265224,6,6,107,0,113,0.95330086270925,,
208,nikon,microsam,10+20 clicks,2,0.1093535813195603,6,0,287,6,287,0.8255107975920668,,
208,nikon,rf_clicks,10+20 clicks,2,0.7718581691041302,6,6,128,0,134,0.8948290549010709,,
208,nikon,dino_multi,10+20 clicks,2,0.6679852940691413,6,4,131,2,135,0.9220291766974816,0.7976110626177241,0.7684329448072524
2105,olympus,otsu,no input,0,0.4593672438760573,14,4,210,10,214,0.7609434855593337,,
2105,olympus,dino_labels,5 labelled training images,0,0.1091659277023693,14,0,14,14,14,0.9056116903041924,,
2105,olympus,dino_clicks,3+6 clicks,0,0.2431420728636956,14,1,146,13,147,0.5900433883556649,,
2105,olympus,sam,3+6 clicks,0,0.1489833637814849,14,1,256,13,257,0.6061977748458393,,
2105,olympus,microsam,3+6 clicks,0,0.1460594117509225,14,0,75,14,75,0.7649092098081925,,
2105,olympus,rf_clicks,3+6 clicks,0,0.244948812464373,14,0,318,14,318,0.615583963761196,,
2105,olympus,dino_multi,3+6 clicks,0,0.2218414616324511,14,0,183,14,183,0.5012584712466245,0.6085939474442087,0.30025437773493
2105,olympus,dino_clicks,3+6 clicks,1,0.1154028953621567,14,0,52,14,52,0.9030691368912728,,
2105,olympus,sam,3+6 clicks,1,0.1391882628839775,14,2,110,12,112,0.2732251484020362,,
2105,olympus,microsam,3+6 clicks,1,0.039026065663937,14,0,46,14,46,0.4312932789553094,,
2105,olympus,rf_clicks,3+6 clicks,1,0.3337661520917497,14,0,108,14,108,0.7063213513045005,,
2105,olympus,dino_multi,3+6 clicks,1,0.2729109120974113,14,2,131,12,133,0.701391753061721,0.7536931069677257,0.4854070893387048
2105,olympus,dino_clicks,3+6 clicks,2,0.1925890527809802,14,2,97,12,99,0.4394377768497155,,
2105,olympus,sam,3+6 clicks,2,0.0455212339481006,14,0,52,14,52,0.3177662225266262,,
2105,olympus,microsam,3+6 clicks,2,0.060701044206811,14,0,36,14,36,0.5482119621303899,,
2105,olympus,rf_clicks,3+6 clicks,2,0.1710600808950138,14,0,199,14,199,0.7096928034513936,,
2105,olympus,dino_multi,3+6 clicks,2,0.1287329821197166,14,0,266,14,266,0.4101935199038532,0.1272703087885985,0.417026179461857
2105,olympus,dino_clicks,10+20 clicks,0,0.4054815402405397,14,5,106,9,111,0.8032925246064654,,
2105,olympus,sam,10+20 clicks,0,0.2722467546618239,14,1,481,13,482,0.6126568421153714,,
2105,olympus,microsam,10+20 clicks,0,0.0901925220242139,14,0,96,14,96,0.8705986180337569,,
2105,olympus,rf_clicks,10+20 clicks,0,0.2799930712447738,14,1,169,13,170,0.797464724280483,,
2105,olympus,dino_multi,10+20 clicks,0,0.2848855198225229,14,1,101,13,102,0.6576501969469123,0.6922307380674819,0.573781492867838
2105,olympus,dino_clicks,10+20 clicks,1,0.4944071268311348,14,7,90,7,97,0.6838077974218763,,
2105,olympus,sam,10+20 clicks,1,0.2428161029668502,14,2,239,12,241,0.3696457608184637,,
2105,olympus,microsam,10+20 clicks,1,0.0547519477290181,14,0,91,14,91,0.8450953109416033,,
2105,olympus,rf_clicks,10+20 clicks,1,0.3034065303236279,14,1,109,13,110,0.7045050876625171,,
2105,olympus,dino_multi,10+20 clicks,1,0.2591150277450058,14,1,150,13,151,0.7576198505381044,0.8156241410452743,0.6022778068563438
2105,olympus,dino_clicks,10+20 clicks,2,0.2079521369449653,14,2,75,12,77,0.8706780240297297,,
2105,olympus,sam,10+20 clicks,2,0.3829000059378041,14,5,228,9,233,0.7272021228399457,,
2105,olympus,microsam,10+20 clicks,2,0.0618786266659423,14,0,78,14,78,0.8191735293164477,,
2105,olympus,rf_clicks,10+20 clicks,2,0.1249106931154807,14,0,96,14,96,0.920932911336935,,
2105,olympus,dino_multi,10+20 clicks,2,0.1012256562887618,14,0,63,14,63,0.8757870236828232,0.8457227784467442,0.7264513472711469
2110,olympus,otsu,no input,0,0.3290786836016452,2,0,184,2,184,0.690650872264932,,
2110,olympus,dino_labels,5 labelled training images,0,0.1382843382982284,2,0,7,2,7,0.9044181670083982,,
2110,olympus,dino_clicks,3+6 clicks,0,0.333947855507626,2,0,29,2,29,0.917608528606492,,
2110,olympus,sam,3+6 clicks,0,0.8686171927398398,2,2,5,0,7,0.931829589909887,,
2110,olympus,microsam,3+6 clicks,0,0.4757298319285379,2,1,10,1,11,0.9726774752547948,,
2110,olympus,rf_clicks,3+6 clicks,0,0.0669463202304809,2,0,133,2,133,0.3307097159066698,,
2110,olympus,dino_multi,3+6 clicks,0,0.3402972739698334,2,0,72,2,72,0.7516338730197459,0.7983665610831625,0.7097159461689055
2110,olympus,dino_clicks,3+6 clicks,1,0.115667715212517,2,0,14,2,14,0.9017893877771258,,
2110,olympus,sam,3+6 clicks,1,0.846107432209128,2,2,41,0,43,0.914427128403788,,
2110,olympus,microsam,3+6 clicks,1,0.3045676349631668,2,0,81,2,81,0.946042438531492,,
2110,olympus,rf_clicks,3+6 clicks,1,0.1228930524566194,2,0,13,2,13,0.7900029134546486,,
2110,olympus,dino_multi,3+6 clicks,1,0.1479050848945109,2,0,34,2,34,0.8931569736899341,0.6002713927381883,0.7765601715552648
2110,olympus,dino_clicks,3+6 clicks,2,0.4525048402569906,2,1,40,1,41,0.8964335686573809,,
2110,olympus,sam,3+6 clicks,2,0.4372341116349321,2,1,34,1,35,0.8672486770262829,,
2110,olympus,microsam,3+6 clicks,2,0.4462394038111654,2,1,20,1,21,0.8892085642899553,,
2110,olympus,rf_clicks,3+6 clicks,2,0.1698223288249891,2,0,53,2,53,0.8809614636765986,,
2110,olympus,dino_multi,3+6 clicks,2,0.3443486814412283,2,0,91,2,91,0.7336676907132547,0.8487935656836462,0.6383082091002471
2110,olympus,dino_clicks,10+20 clicks,0,0.4095600674999977,2,0,66,2,66,0.796822888865165,,
2110,olympus,sam,10+20 clicks,0,0.4795834384806259,2,1,98,1,99,0.9626658462485098,,
2110,olympus,microsam,10+20 clicks,0,0.4742059742577428,2,1,7,1,8,0.9698373822289889,,
2110,olympus,rf_clicks,10+20 clicks,0,0.300985623360918,2,0,61,2,61,0.8336202950101078,,
2110,olympus,dino_multi,10+20 clicks,0,0.3673964422351434,2,0,39,2,39,0.867117208151783,0.8952243053648551,0.7690826978603686
2110,olympus,dino_clicks,10+20 clicks,1,0.457608168370041,2,1,63,1,64,0.7878187416457767,,
2110,olympus,sam,10+20 clicks,1,0.1401991329521545,2,0,189,2,189,0.6383270236163692,,
2110,olympus,microsam,10+20 clicks,1,0.479429305981893,2,1,17,1,18,0.9707214433343532,,
2110,olympus,rf_clicks,10+20 clicks,1,0.1260047374597226,2,0,33,2,33,0.7692929325580737,,
2110,olympus,dino_multi,10+20 clicks,1,0.4607022428644547,2,1,71,1,72,0.8501861042183623,0.8101589801643944,0.7374313099041534
2110,olympus,dino_clicks,10+20 clicks,2,0.4203048455616067,2,0,58,2,58,0.9043014363856045,,
2110,olympus,sam,10+20 clicks,2,0.4701103902347655,2,1,85,1,86,0.9383214497105204,,
2110,olympus,microsam,10+20 clicks,2,0.45547192549747,2,1,7,1,8,0.9063707136163972,,
2110,olympus,rf_clicks,10+20 clicks,2,0.2864429838301744,2,0,182,2,182,0.8900279484481256,,
2110,olympus,dino_multi,10+20 clicks,2,0.3341169101412183,2,0,104,2,104,0.8456280749828735,0.8498006332825143,0.7851934507369026
2122,olympus,otsu,no input,0,0.4858704022617842,4,1,234,3,235,0.6676033150741991,,
2122,olympus,dino_labels,5 labelled training images,0,0.3394340787543453,4,1,20,3,21,0.8890633821861849,,
2122,olympus,dino_clicks,3+6 clicks,0,0.251695436036504,4,0,45,4,45,0.8835004491212993,,
2122,olympus,sam,3+6 clicks,0,0.6764754129200081,4,2,46,2,48,0.837858293502493,,
2122,olympus,microsam,3+6 clicks,0,0.2571902883569624,4,0,2,4,2,0.8163771514040181,,
2122,olympus,rf_clicks,3+6 clicks,0,0.2074662842831228,4,0,18,4,18,0.8383483172058521,,
2122,olympus,dino_multi,3+6 clicks,0,0.3597765439404312,4,1,54,3,55,0.8327149232656175,0.8572419899021321,0.616246976002121
2122,olympus,dino_clicks,3+6 clicks,1,0.3770909157795438,4,1,49,3,50,0.9021047339915962,,
2122,olympus,sam,3+6 clicks,1,0.4565297651542641,4,2,73,2,75,0.94401414640704,,
2122,olympus,microsam,3+6 clicks,1,0.4825406191046605,4,1,28,3,29,0.9195854937047392,,
2122,olympus,rf_clicks,3+6 clicks,1,0.2398625624615304,4,0,21,4,21,0.9004858015725948,,
2122,olympus,dino_multi,3+6 clicks,1,0.3874354065513475,4,1,71,3,72,0.7885993975476042,0.7620952396375679,0.536446738553373
2122,olympus,dino_clicks,3+6 clicks,2,0.4445754005361714,4,1,24,3,25,0.6304340194110306,,
2122,olympus,sam,3+6 clicks,2,0.5865348686226025,4,2,31,2,33,0.8275548200248242,,
2122,olympus,microsam,3+6 clicks,2,0.2944574506141154,4,1,6,3,7,0.8255268878687676,,
2122,olympus,rf_clicks,3+6 clicks,2,0.1847598899605125,4,0,94,4,94,0.6660807596411956,,
2122,olympus,dino_multi,3+6 clicks,2,0.2345965396390166,4,0,84,4,84,0.674971328176472,0.3441040335023143,0.4896628046163923
2122,olympus,dino_clicks,10+20 clicks,0,0.5041149598908008,4,2,64,2,66,0.7731701712053315,,
2122,olympus,sam,10+20 clicks,0,0.552674360841365,4,1,323,3,324,0.8278849660644553,,
2122,olympus,microsam,10+20 clicks,0,0.4117510453177722,4,1,22,3,23,0.7463182883422342,,
2122,olympus,rf_clicks,10+20 clicks,0,0.4386929143535145,4,1,277,3,278,0.8625805717647124,,
2122,olympus,dino_multi,10+20 clicks,0,0.3265984982905539,4,1,90,3,91,0.8531296010758547,0.8869791740404627,0.7242014962307323
2122,olympus,dino_clicks,10+20 clicks,1,0.4147858949222637,4,1,67,3,68,0.8738697768979723,,
2122,olympus,sam,10+20 clicks,1,0.2820649907253387,4,0,432,4,432,0.6177868910780934,,
2122,olympus,microsam,10+20 clicks,1,0.4843311296807606,4,1,7,3,8,0.7378517213711946,,
2122,olympus,rf_clicks,10+20 clicks,1,0.3467700379460858,4,0,201,4,201,0.8788656593886905,,
2122,olympus,dino_multi,10+20 clicks,1,0.3055893508719352,4,1,113,3,114,0.7537957576499116,0.8856699062330777,0.5700884368678493
2122,olympus,dino_clicks,10+20 clicks,2,0.651463752922613,4,3,59,1,62,0.8075030589438869,,
2122,olympus,sam,10+20 clicks,2,0.4802108234339969,4,2,238,2,240,0.7057635686182547,,
2122,olympus,microsam,10+20 clicks,2,0.4817293341538855,4,1,22,3,23,0.7486525293033819,,
2122,olympus,rf_clicks,10+20 clicks,2,0.3503924524465758,4,0,224,4,224,0.727528125039106,,
2122,olympus,dino_multi,10+20 clicks,2,0.4188512173383971,4,1,58,3,59,0.8884234905695243,0.8572238944200047,0.7660199114745389
2139,olympus,otsu,no input,0,0.454908401644195,10,3,209,7,212,0.8374002142846364,,
2139,olympus,dino_labels,5 labelled training images,0,0.1344384423199175,10,1,10,9,11,0.91684667765452,,
2139,olympus,dino_clicks,3+6 clicks,0,0.2024015937518613,10,0,35,10,35,0.8876301682672842,,
2139,olympus,sam,3+6 clicks,0,0.2189408186144001,10,2,46,8,48,0.3906413708534255,,
2139,olympus,microsam,3+6 clicks,0,0.1747558789997605,10,0,103,10,103,0.7768610980773715,,
2139,olympus,rf_clicks,3+6 clicks,0,0.2397649624490336,10,1,57,9,58,0.9451503017358868,,
2139,olympus,dino_multi,3+6 clicks,0,0.1635245257417876,10,0,87,10,87,0.7941474937562367,0.736151314929426,0.5487238345083894
2139,olympus,dino_clicks,3+6 clicks,1,0.3743984745840262,10,4,46,6,50,0.9281913699726168,,
2139,olympus,sam,3+6 clicks,1,0.3370133366734975,10,4,29,6,33,0.5342606236999813,,
2139,olympus,microsam,3+6 clicks,1,0.1655985547395141,10,1,17,9,18,0.6612356564107252,,
2139,olympus,rf_clicks,3+6 clicks,1,0.2485538805674966,10,1,26,9,27,0.903630660162363,,
2139,olympus,dino_multi,3+6 clicks,1,0.4035920849677886,10,0,64,10,64,0.7468971315151948,0.8943575010710415,0.5104849325790728
2139,olympus,dino_clicks,3+6 clicks,2,0.1212302712477359,10,1,43,9,44,0.8589415784970975,,
2139,olympus,sam,3+6 clicks,2,0.1039521859315748,10,0,86,10,86,0.3519542024017369,,
2139,olympus,microsam,3+6 clicks,2,0.0880560372123511,10,0,5,10,5,0.6592323240496769,,
2139,olympus,rf_clicks,3+6 clicks,2,0.2389924237590787,10,1,25,9,26,0.9204048821968538,,
2139,olympus,dino_multi,3+6 clicks,2,0.3329940455810821,10,1,77,9,78,0.7414079888664884,0.4798479268524985,0.6248187773607174
2139,olympus,dino_clicks,10+20 clicks,0,0.4500045772611213,10,4,48,6,52,0.8728546272085649,,
2139,olympus,sam,10+20 clicks,0,0.0288714022615587,10,0,286,10,286,0.7405339496815229,,
2139,olympus,microsam,10+20 clicks,0,0.1086487577320465,10,1,196,9,197,0.9022866578029076,,
2139,olympus,rf_clicks,10+20 clicks,0,0.2292842797990915,10,1,27,9,28,0.9123702387124494,,
2139,olympus,dino_multi,10+20 clicks,0,0.2093799091239843,10,1,33,9,34,0.9032171840740588,0.9002487312271857,0.7588716884314912
2139,olympus,dino_clicks,10+20 clicks,1,0.4516583229205044,10,4,41,6,45,0.9154193661163976,,
2139,olympus,sam,10+20 clicks,1,0.0580752271259565,10,0,452,10,452,0.6355754036828372,,
2139,olympus,microsam,10+20 clicks,1,0.2362330468774022,10,2,57,8,59,0.8509473144609975,,
2139,olympus,rf_clicks,10+20 clicks,1,0.2543576533283198,10,1,117,9,118,0.911318446466881,,
2139,olympus,dino_multi,10+20 clicks,1,0.3915801412672468,10,0,191,10,191,0.7965568825861692,0.8949690412317394,0.6683543413673682
2139,olympus,dino_clicks,10+20 clicks,2,0.1285293031342049,10,1,46,9,47,0.8762049145009637,,
2139,olympus,sam,10+20 clicks,2,0.1286499730609568,10,0,362,10,362,0.4720031767387295,,
2139,olympus,microsam,10+20 clicks,2,0.2050635664831772,10,1,24,9,25,0.9308327610892216,,
2139,olympus,rf_clicks,10+20 clicks,2,0.2356047839075858,10,1,50,9,51,0.8721207903695726,,
2139,olympus,dino_multi,10+20 clicks,2,0.1014651852754653,10,0,59,10,59,0.871979485272398,0.9042665425714872,0.742280175822559
2142,olympus,otsu,no input,0,0.4090618467893164,11,2,357,9,359,0.6471435470342537,,
2142,olympus,dino_labels,5 labelled training images,0,0.4524893959313121,11,4,12,7,16,0.9187497783923696,,
2142,olympus,dino_clicks,3+6 clicks,0,0.1962275143652493,11,0,30,11,30,0.8671039973973306,,
2142,olympus,sam,3+6 clicks,0,0.2292697557449416,11,2,300,9,302,0.7062922798008052,,
2142,olympus,microsam,3+6 clicks,0,0.3282562978290549,11,4,122,7,126,0.8818869450223633,,
2142,olympus,rf_clicks,3+6 clicks,0,0.2515877357775653,11,0,66,11,66,0.9194964595140692,,
2142,olympus,dino_multi,3+6 clicks,0,0.3027790595064241,11,3,146,8,149,0.7151268305987999,0.4042890762334765,0.5916095925252205
2142,olympus,dino_clicks,3+6 clicks,1,0.2998343999469932,11,1,118,10,119,0.5278312594335698,,
2142,olympus,sam,3+6 clicks,1,0.0356916246222649,11,0,94,11,94,0.431287769975137,,
2142,olympus,microsam,3+6 clicks,1,0.1763596568532735,11,0,53,11,53,0.4762957959676496,,
2142,olympus,rf_clicks,3+6 clicks,1,0.2106677592361614,11,0,293,11,293,0.4390491086766558,,
2142,olympus,dino_multi,3+6 clicks,1,0.0602921580229609,11,0,254,11,254,0.1885313128371666,0.3079393465569948,0.0891851707412191
2142,olympus,dino_clicks,3+6 clicks,2,0.5056568112046861,11,5,48,6,53,0.8164156897448739,,
2142,olympus,sam,3+6 clicks,2,0.4148584112803515,11,4,149,7,153,0.6182654411689602,,
2142,olympus,microsam,3+6 clicks,2,0.3160326618135965,11,3,80,8,83,0.7687179900045209,,
2142,olympus,rf_clicks,3+6 clicks,2,0.3720408959079462,11,1,130,10,131,0.6065855115258804,,
2142,olympus,dino_multi,3+6 clicks,2,0.3920746065262486,11,2,92,9,94,0.6930397301765169,0.8213480378223713,0.5158201931536684
2142,olympus,dino_clicks,10+20 clicks,0,0.6854394846194495,11,9,45,2,54,0.9032994880978528,,
2142,olympus,sam,10+20 clicks,0,0.7415735681670164,11,10,185,1,195,0.9048309065051994,,
2142,olympus,microsam,10+20 clicks,0,0.4836326544099829,11,6,48,5,54,0.9358446839442724,,
2142,olympus,rf_clicks,10+20 clicks,0,0.5959050930957553,11,7,141,4,148,0.848968409587352,,
2142,olympus,dino_multi,10+20 clicks,0,0.7256223401218062,11,9,86,2,95,0.8840145945100348,0.9054875995960048,0.7659989717430971
2142,olympus,dino_clicks,10+20 clicks,1,0.6662638567453498,11,9,73,2,82,0.8362617267757952,,
2142,olympus,sam,10+20 clicks,1,0.4276014956541654,11,5,539,6,544,0.6339837077913546,,
2142,olympus,microsam,10+20 clicks,1,0.2562508495424218,11,0,224,11,224,0.9065601350968172,,
2142,olympus,rf_clicks,10+20 clicks,1,0.4166576361991315,11,4,142,7,146,0.8316502489471288,,
2142,olympus,dino_multi,10+20 clicks,1,0.3792929684271593,11,2,145,9,147,0.7417984706320837,0.6626348585807316,0.6513646036459555
2142,olympus,dino_clicks,10+20 clicks,2,0.3222568034811333,11,1,51,10,52,0.917410405231823,,
2142,olympus,sam,10+20 clicks,2,0.1559805529021826,11,0,565,11,565,0.4515615995282365,,
2142,olympus,microsam,10+20 clicks,2,0.3855459161399521,11,4,208,7,212,0.8973385825082332,,
2142,olympus,rf_clicks,10+20 clicks,2,0.2544182653020103,11,0,149,11,149,0.925336876535636,,
2142,olympus,dino_multi,10+20 clicks,2,0.4715658835588491,11,4,110,7,114,0.907262189601316,0.8661389718715804,0.7647461777810132
2145,olympus,otsu,no input,0,0.4564218541153774,15,5,187,10,192,0.6283959155275777,,
2145,olympus,dino_labels,5 labelled training images,0,0.2531118203296621,15,2,39,13,41,0.8215100430353752,,
2145,olympus,dino_clicks,3+6 clicks,0,0.16195407766325,15,1,72,14,73,0.8598950859210129,,
2145,olympus,sam,3+6 clicks,0,0.0482294419489809,15,0,216,15,216,0.5380713749731071,,
2145,olympus,microsam,3+6 clicks,0,0.1015462549676847,15,1,35,14,36,0.6096915381834596,,
2145,olympus,rf_clicks,3+6 clicks,0,0.2452263002105837,15,2,224,13,226,0.813087986677757,,
2145,olympus,dino_multi,3+6 clicks,0,0.2869304595892253,15,3,273,12,276,0.5408429879172392,0.1089785150956923,0.2376310291342576
2145,olympus,dino_clicks,3+6 clicks,1,0.2746303996380377,15,2,118,13,120,0.4371113862842853,,
2145,olympus,sam,3+6 clicks,1,0.0710537719053901,15,1,191,14,192,0.3067367800731863,,
2145,olympus,microsam,3+6 clicks,1,0.151135109442754,15,2,58,13,60,0.8654294417899865,,
2145,olympus,rf_clicks,3+6 clicks,1,0.1908557651206053,15,0,56,15,56,0.7990967629999218,,
2145,olympus,dino_multi,3+6 clicks,1,0.1942663104844063,15,0,151,15,151,0.652853243514641,0.6237420261765051,0.451512555196731
2145,olympus,dino_clicks,3+6 clicks,2,0.2508064384554815,15,3,68,12,71,0.8376091233195886,,
2145,olympus,sam,3+6 clicks,2,0.0995357489062742,15,0,369,15,369,0.2473426451274818,,
2145,olympus,microsam,3+6 clicks,2,0.122463155355891,15,1,77,14,78,0.7629661334616499,,
2145,olympus,rf_clicks,3+6 clicks,2,0.1615168271278329,15,0,48,15,48,0.858839073260371,,
2145,olympus,dino_multi,3+6 clicks,2,0.0639943709919751,15,0,74,15,74,0.8538577403298443,0.7823217644856961,0.602655080980095
2145,olympus,dino_clicks,10+20 clicks,0,0.1030530238434549,15,0,81,15,81,0.8360066691336363,,
2145,olympus,sam,10+20 clicks,0,0.3144422085937696,15,4,372,11,376,0.6025075439174948,,
2145,olympus,microsam,10+20 clicks,0,0.079669574377005,15,0,29,15,29,0.8990064589738387,,
2145,olympus,rf_clicks,10+20 clicks,0,0.1328129972947131,15,0,213,15,213,0.7699154895094195,,
2145,olympus,dino_multi,10+20 clicks,0,0.2332063756094289,15,3,168,12,171,0.8177728436384123,0.8581750660988556,0.665082027526949
2145,olympus,dino_clicks,10+20 clicks,1,0.279268262552906,15,2,67,13,69,0.8627504787558661,,
2145,olympus,sam,10+20 clicks,1,0.1497858376010986,15,1,284,14,285,0.3215955814667076,,
2145,olympus,microsam,10+20 clicks,1,0.1184720254978803,15,0,82,15,82,0.8330186871969859,,
2145,olympus,rf_clicks,10+20 clicks,1,0.1715828445919496,15,1,182,14,183,0.7259937260809154,,
2145,olympus,dino_multi,10+20 clicks,1,0.0616687666079119,15,0,108,15,108,0.8250792378938485,0.8342831843614539,0.6367638770096685
2145,olympus,dino_clicks,10+20 clicks,2,0.1449315664411606,15,1,61,14,62,0.8797753437352699,,
2145,olympus,sam,10+20 clicks,2,0.481896066659647,15,7,213,8,220,0.8508839488739258,,
2145,olympus,microsam,10+20 clicks,2,0.1209433133461217,15,1,46,14,47,0.8949933356188496,,
2145,olympus,rf_clicks,10+20 clicks,2,0.1291264080517757,15,1,97,14,98,0.8671361579161009,,
2145,olympus,dino_multi,10+20 clicks,2,0.1426335813891355,15,1,131,14,132,0.7945613938661097,0.858480755912805,0.5587098021524779
2159,olympus,otsu,no input,0,0.4912590785757598,7,2,83,5,85,0.6052367012281172,,
2159,olympus,dino_labels,5 labelled training images,0,0.3523437169566682,7,2,14,5,16,0.9035301346321856,,
2159,olympus,dino_clicks,3+6 clicks,0,0.8243108073734088,7,7,27,0,34,0.8944379293607463,,
2159,olympus,sam,3+6 clicks,0,0.3269389581022096,7,2,241,5,243,0.5858059174570098,,
2159,olympus,microsam,3+6 clicks,0,0.108051927449086,7,0,238,7,238,0.8531239017561608,,
2159,olympus,rf_clicks,3+6 clicks,0,0.4892064099274297,7,4,34,3,38,0.6768700859804673,,
2159,olympus,dino_multi,3+6 clicks,0,0.4405503034848445,7,3,71,4,74,0.6296095456787149,0.7879921372545278,0.2395351339718067
2159,olympus,dino_clicks,3+6 clicks,1,0.5532345071868251,7,4,63,3,67,0.7417909097983297,,
2159,olympus,sam,3+6 clicks,1,0.4510009830660709,7,3,127,4,130,0.6707046639984651,,
2159,olympus,microsam,3+6 clicks,1,0.1475173752473594,7,1,200,6,201,0.7558135606961409,,
2159,olympus,rf_clicks,3+6 clicks,1,0.4669835985525049,7,4,109,3,113,0.6998956259751439,,
2159,olympus,dino_multi,3+6 clicks,1,0.2695497358597478,7,1,159,6,160,0.5521802840127443,0.6759294229040443,0.3944144756067702
2159,olympus,dino_clicks,3+6 clicks,2,0.5585797151372096,7,3,81,4,84,0.8404580546490283,,
2159,olympus,sam,3+6 clicks,2,0.0217587635531824,7,0,269,7,269,0.431563976421763,,
2159,olympus,microsam,3+6 clicks,2,0.2256739667820974,7,1,160,6,161,0.6771657198563247,,
2159,olympus,rf_clicks,3+6 clicks,2,0.4213946480530523,7,2,193,5,195,0.6410109697549462,,
2159,olympus,dino_multi,3+6 clicks,2,0.3526545650200159,7,3,126,4,129,0.6326483304038224,0.1137554970567242,0.6603228831725616
2159,olympus,dino_clicks,10+20 clicks,0,0.5084433609294128,7,4,54,3,58,0.7176811019635135,,
2159,olympus,sam,10+20 clicks,0,0.5544149463232513,7,4,173,3,177,0.7511248197235586,,
2159,olympus,microsam,10+20 clicks,0,0.2130019617439371,7,1,101,6,102,0.8442779628564728,,
2159,olympus,rf_clicks,10+20 clicks,0,0.5702105016283874,7,5,558,2,563,0.808806480296851,,
2159,olympus,dino_multi,10+20 clicks,0,0.6256116170983167,7,5,114,2,119,0.8287800869717757,0.8400323459312223,0.5865364652314917
2159,olympus,dino_clicks,10+20 clicks,1,0.7770965380546224,7,7,38,0,45,0.8577900290339708,,
2159,olympus,sam,10+20 clicks,1,0.6389623866086273,7,5,127,2,132,0.7991507891991001,,
2159,olympus,microsam,10+20 clicks,1,0.4790356657318609,7,3,145,4,148,0.8951008301681294,,
2159,olympus,rf_clicks,10+20 clicks,1,0.7012885006122204,7,6,298,1,304,0.8086290475547968,,
2159,olympus,dino_multi,10+20 clicks,1,0.6737124661914367,7,6,83,1,89,0.8603365084494319,0.8642089202710854,0.6931463540394583
2159,olympus,dino_clicks,10+20 clicks,2,0.5903039744002031,7,4,46,3,50,0.912508212079949,,
2159,olympus,sam,10+20 clicks,2,0.5516374841078603,7,3,333,4,336,0.8736999640062895,,
2159,olympus,microsam,10+20 clicks,2,0.1560767202116345,7,1,66,6,67,0.8515380680563145,,
2159,olympus,rf_clicks,10+20 clicks,2,0.6574897067665376,7,4,216,3,220,0.8537577028143066,,
2159,olympus,dino_multi,10+20 clicks,2,0.6469054365866167,7,6,85,1,91,0.8669532994000754,0.8656334962258581,0.7730681588260854
2160,olympus,otsu,no input,0,0.5299280740131576,11,5,173,6,178,0.6745219839491498,,
2160,olympus,dino_labels,5 labelled training images,0,0.5508589451979584,11,6,18,5,24,0.8958924305877749,,
2160,olympus,dino_clicks,3+6 clicks,0,0.6638482970812511,11,8,98,3,106,0.8534315362951738,,
2160,olympus,sam,3+6 clicks,0,0.0559714921727817,11,0,135,11,135,0.1027844343502986,,
2160,olympus,microsam,3+6 clicks,0,0.2386791698837376,11,3,41,8,44,0.35016886853272,,
2160,olympus,rf_clicks,3+6 clicks,0,0.4934631393587345,11,5,74,6,79,0.8536373840061545,,
2160,olympus,dino_multi,3+6 clicks,0,0.1045096003391904,11,0,158,11,158,0.3076314813380669,0.0931639324040952,0.3323437206547335
2160,olympus,dino_clicks,3+6 clicks,1,0.5182815424025842,11,6,45,5,51,0.6421398188881212,,
2160,olympus,sam,3+6 clicks,1,0.429689671664431,11,4,264,7,268,0.7117654601268639,,
2160,olympus,microsam,3+6 clicks,1,0.3232363835482183,11,4,142,7,146,0.8468778533142206,,
2160,olympus,rf_clicks,3+6 clicks,1,0.4320001855249829,11,3,18,8,21,0.5713530547237892,,
2160,olympus,dino_multi,3+6 clicks,1,0.1968917053982507,11,0,139,11,139,0.4496747931178186,0.5219353025666645,0.3401662450307192
2160,olympus,dino_clicks,3+6 clicks,2,0.0621582184771621,11,0,89,11,89,0.8050285396271042,,
2160,olympus,sam,3+6 clicks,2,0.075326060405508,11,0,163,11,163,0.5985317325356857,,
2160,olympus,microsam,3+6 clicks,2,0.2127193911236841,11,2,233,9,235,0.6885058769846102,,
2160,olympus,rf_clicks,3+6 clicks,2,0.5844272339569275,11,7,125,4,132,0.7692584205039721,,
2160,olympus,dino_multi,3+6 clicks,2,0.1052192525671351,11,0,214,11,214,0.4796268623223698,0.1996839049463717,0.5057347622056985
2160,olympus,dino_clicks,10+20 clicks,0,0.6664677632408208,11,7,85,4,92,0.9000245114984068,,
2160,olympus,sam,10+20 clicks,0,0.4620143624826998,11,4,373,7,377,0.7189180095847578,,
2160,olympus,microsam,10+20 clicks,0,0.1804968918265209,11,0,157,11,157,0.8650138442295654,,
2160,olympus,rf_clicks,10+20 clicks,0,0.499549949737845,11,5,228,6,233,0.8404109307472686,,
2160,olympus,dino_multi,10+20 clicks,0,0.5518847915973945,11,5,179,6,184,0.8660391218674462,0.8623787379082893,0.742531240646513
2160,olympus,dino_clicks,10+20 clicks,1,0.6546938427777305,11,8,73,3,81,0.8065252633276466,,
2160,olympus,sam,10+20 clicks,1,0.2569512523494267,11,2,399,9,401,0.5017636419956634,,
2160,olympus,microsam,10+20 clicks,1,0.2723534214519029,11,2,215,9,217,0.8827635094607121,,
2160,olympus,rf_clicks,10+20 clicks,1,0.5813328205830267,11,8,447,3,455,0.7492052499768664,,
2160,olympus,dino_multi,10+20 clicks,1,0.4608744289908945,11,5,154,6,159,0.855794475192028,0.8702300644018816,0.6796605268976308
2160,olympus,dino_clicks,10+20 clicks,2,0.6558871331219771,11,8,94,3,102,0.8968597036499812,,
2160,olympus,sam,10+20 clicks,2,0.0461031051513042,11,0,590,11,590,0.1432704566356032,,
2160,olympus,microsam,10+20 clicks,2,0.1725527706060419,11,1,144,10,145,0.803982815264089,,
2160,olympus,rf_clicks,10+20 clicks,2,0.3105275920550373,11,4,280,7,284,0.8066181936199839,,
2160,olympus,dino_multi,10+20 clicks,2,0.4789863800590405,11,5,116,6,121,0.8194164405831371,0.8000088898519562,0.5719773349404648
2174,olympus,otsu,no input,0,0.4188768022604465,3,1,186,2,187,0.6335921252365572,,
2174,olympus,dino_labels,5 labelled training images,0,0.7196018875351567,3,2,18,1,20,0.9247003120425846,,
2174,olympus,dino_clicks,3+6 clicks,0,0.5724013743067756,3,2,28,1,30,0.8999699136753917,,
2174,olympus,sam,3+6 clicks,0,0.8631659742399473,3,3,78,0,81,0.911635362728452,,
2174,olympus,microsam,3+6 clicks,0,0.6140060257014087,3,2,33,1,35,0.8930401628927122,,
2174,olympus,rf_clicks,3+6 clicks,0,0.3957660705930529,3,1,166,2,167,0.6341848466475238,,
2174,olympus,dino_multi,3+6 clicks,0,0.6095645257050243,3,2,35,1,37,0.896152045688606,0.8158390949088623,0.7538740650972012
2174,olympus,dino_clicks,3+6 clicks,1,0.5048536123817623,3,1,43,2,44,0.7049443224339694,,
2174,olympus,sam,3+6 clicks,1,0.8163285309201648,3,3,64,0,67,0.909840353853227,,
2174,olympus,microsam,3+6 clicks,1,0.6156802806805796,3,2,59,1,61,0.8991842621710449,,
2174,olympus,rf_clicks,3+6 clicks,1,0.5636097039963689,3,2,55,1,57,0.8285231474510197,,
2174,olympus,dino_multi,3+6 clicks,1,0.4700183731795011,3,1,48,2,49,0.6271981553385192,0.7207244223900882,0.2608404680036
2174,olympus,dino_clicks,3+6 clicks,2,0.9029628648349436,3,3,27,0,30,0.9359874518186452,,
2174,olympus,sam,3+6 clicks,2,0.3238452492646845,3,1,36,2,37,0.4234914628661818,,
2174,olympus,microsam,3+6 clicks,2,0.4298394066883617,3,1,29,2,30,0.7830732167172934,,
2174,olympus,rf_clicks,3+6 clicks,2,0.5126625983006732,3,2,137,1,139,0.7616131941760083,,
2174,olympus,dino_multi,3+6 clicks,2,0.5704741048147101,3,2,68,1,70,0.7635249377012678,0.821663666222326,0.5614821952608295
2174,olympus,dino_clicks,10+20 clicks,0,0.9112651114865096,3,3,30,0,33,0.9395367757353876,,
2174,olympus,sam,10+20 clicks,0,0.7114043928247499,3,2,62,1,64,0.9346454529560156,,
2174,olympus,microsam,10+20 clicks,0,0.7098399293996412,3,2,44,1,46,0.9135603149635356,,
2174,olympus,rf_clicks,10+20 clicks,0,0.5028478770448018,3,1,253,2,254,0.870024566785179,,
2174,olympus,dino_multi,10+20 clicks,0,0.5574363461001471,3,1,56,2,57,0.8783476543736991,0.8752896468625452,0.7637461395616727
2174,olympus,dino_clicks,10+20 clicks,1,0.7338635714586715,3,2,31,1,33,0.9446385168711808,,
2174,olympus,sam,10+20 clicks,1,0.683737579624038,3,2,129,1,131,0.9176935236945908,,
2174,olympus,microsam,10+20 clicks,1,0.7434228869804244,3,3,26,0,29,0.9245676873432676,,
2174,olympus,rf_clicks,10+20 clicks,1,0.5967887248114252,3,2,65,1,67,0.8451985868750669,,
2174,olympus,dino_multi,10+20 clicks,1,0.8225169190971523,3,3,65,0,68,0.8971341335770485,0.7921363487753913,0.7038162110120678
2174,olympus,dino_clicks,10+20 clicks,2,0.8346695111899597,3,3,57,0,60,0.9254215837346692,,
2174,olympus,sam,10+20 clicks,2,0.7301388463772529,3,2,112,1,114,0.9421615444878568,,
2174,olympus,microsam,10+20 clicks,2,0.6511422672843891,3,2,38,1,40,0.893528484575546,,
2174,olympus,rf_clicks,10+20 clicks,2,0.3417901364405651,3,0,215,3,215,0.7437581980825635,,
2174,olympus,dino_multi,10+20 clicks,2,0.5384133079575338,3,1,82,2,83,0.8491488115672772,0.8865257357674383,0.7637889587817973
2178,olympus,otsu,no input,0,0.3971406722964595,3,0,121,3,121,0.5962191675583725,,
2178,olympus,dino_labels,5 labelled training images,0,0.2633650301191887,3,1,29,2,30,0.8463220443658093,,
2178,olympus,dino_clicks,3+6 clicks,0,0.1965261530930176,3,0,39,3,39,0.7354142903352117,,
2178,olympus,sam,3+6 clicks,0,0.1799015909265244,3,0,168,3,168,0.4444484159607296,,
2178,olympus,microsam,3+6 clicks,0,0.0742287310987733,3,0,57,3,57,0.7887235658347832,,
2178,olympus,rf_clicks,3+6 clicks,0,0.332863050267516,3,1,269,2,270,0.7587981601197895,,
2178,olympus,dino_multi,3+6 clicks,0,0.3111408781392218,3,1,126,2,127,0.8038417338351388,0.6510060882598718,0.5591959203993487
2178,olympus,dino_clicks,3+6 clicks,1,0.2297499702324489,3,0,80,3,80,0.7588221040415248,,
2178,olympus,sam,3+6 clicks,1,0.4761597414925861,3,1,90,2,91,0.7067008726693691,,
2178,olympus,microsam,3+6 clicks,1,0.2610672022714204,3,0,78,3,78,0.7722187469413982,,
2178,olympus,rf_clicks,3+6 clicks,1,0.1422837677712118,3,0,180,3,180,0.8426199690554836,,
2178,olympus,dino_multi,3+6 clicks,1,0.2689939311696583,3,0,156,3,156,0.5911762392259543,0.5831201314943186,0.5714016383397905
2178,olympus,dino_clicks,3+6 clicks,2,0.2028478885666969,3,0,57,3,57,0.8474709546636656,,
2178,olympus,sam,3+6 clicks,2,0.2637815382622442,3,0,163,3,163,0.721764797265807,,
2178,olympus,microsam,3+6 clicks,2,0.0688910140742311,3,0,223,3,223,0.8480472502240743,,
2178,olympus,rf_clicks,3+6 clicks,2,0.1604665388066969,3,0,20,3,20,0.8657385724558848,,
2178,olympus,dino_multi,3+6 clicks,2,0.138965460174199,3,0,81,3,81,0.6832803701845348,0.7276848430472098,0.5048441465580237
2178,olympus,dino_clicks,10+20 clicks,0,0.2550147160438563,3,1,73,2,74,0.8600673827977459,,
2178,olympus,sam,10+20 clicks,0,0.411898582724425,3,1,238,2,239,0.746697408393283,,
2178,olympus,microsam,10+20 clicks,0,0.256398943608405,3,0,138,3,138,0.859765518494956,,
2178,olympus,rf_clicks,10+20 clicks,0,0.1765974736760791,3,0,63,3,63,0.8694958947384106,,
2178,olympus,dino_multi,10+20 clicks,0,0.2226047468334646,3,0,182,3,182,0.8203277037082262,0.7719831305679457,0.5345626439552199
2178,olympus,dino_clicks,10+20 clicks,1,0.3881134056700354,3,1,60,2,61,0.8528206772475463,,
2178,olympus,sam,10+20 clicks,1,0.1968258333375205,3,0,200,3,200,0.5055666555352423,,
2178,olympus,microsam,10+20 clicks,1,0.3257286381253636,3,1,74,2,75,0.8856240055240325,,
2178,olympus,rf_clicks,10+20 clicks,1,0.3831802300854676,3,0,192,3,192,0.7253931663336919,,
2178,olympus,dino_multi,10+20 clicks,1,0.4558239882742379,3,1,104,2,105,0.8003337170768994,0.9283332346731388,0.613251348977287
2178,olympus,dino_clicks,10+20 clicks,2,0.2389741628675415,3,0,73,3,73,0.8441069914437678,,
2178,olympus,sam,10+20 clicks,2,0.28355630818208,3,0,183,3,183,0.65540194057614,,
2178,olympus,microsam,10+20 clicks,2,0.1114527521386499,3,0,50,3,50,0.7635497725049963,,
2178,olympus,rf_clicks,10+20 clicks,2,0.2142800331605799,3,0,116,3,116,0.8920620427455027,,
2178,olympus,dino_multi,10+20 clicks,2,0.2057017530166986,3,0,101,3,101,0.8450222297259272,0.868912676056338,0.6899160967691885
2184,olympus,otsu,no input,0,0.3328105984908282,4,1,106,3,107,0.9676962012323622,,
2184,olympus,dino_labels,5 labelled training images,0,0.4246971428804663,4,1,2,3,3,0.93125370284532,,
2184,olympus,dino_clicks,3+6 clicks,0,0.4009474152181363,4,1,47,3,48,0.9199115190333124,,
2184,olympus,sam,3+6 clicks,0,0.2405700507362366,4,0,12,4,12,0.8115216696837397,,
2184,olympus,microsam,3+6 clicks,0,0.2236448884298676,4,0,1,4,1,0.7929139339757447,,
2184,olympus,rf_clicks,3+6 clicks,0,0.3193280978349491,4,1,32,3,33,0.9436225997995014,,
2184,olympus,dino_multi,3+6 clicks,0,0.3746569404903105,4,1,40,3,41,0.6651939905049001,0.7177068083645105,0.3592585098600756
2184,olympus,dino_clicks,3+6 clicks,1,0.4034110731400654,4,1,33,3,34,0.9179644725635722,,
2184,olympus,sam,3+6 clicks,1,0.4815817383847719,4,1,98,3,99,0.9695145764892372,,
2184,olympus,microsam,3+6 clicks,1,0.4498326475131972,4,1,4,3,5,0.9455165397885122,,
2184,olympus,rf_clicks,3+6 clicks,1,0.3298614847962233,4,1,19,3,20,0.9635508202113492,,
2184,olympus,dino_multi,3+6 clicks,1,0.5803472711574145,4,1,47,3,48,0.9325391756804904,0.6472767659589237,0.6654143486742288
2184,olympus,dino_clicks,3+6 clicks,2,0.4173829608913549,4,1,56,3,57,0.9210158016970508,,
2184,olympus,sam,3+6 clicks,2,0.2197359927705483,4,0,66,4,66,0.7011129040307421,,
2184,olympus,microsam,3+6 clicks,2,0.224944592681006,4,0,1,4,1,0.7949142766877408,,
2184,olympus,rf_clicks,3+6 clicks,2,0.4169409261198247,4,1,39,3,40,0.956670015752324,,
2184,olympus,dino_multi,3+6 clicks,2,0.6121783562383052,4,3,65,1,68,0.8224404932606826,0.5253111459844649,0.565871576642082
2184,olympus,dino_clicks,10+20 clicks,0,0.4405200143103248,4,1,57,3,58,0.933309856347424,,
2184,olympus,sam,10+20 clicks,0,0.4728300430495874,4,1,96,3,97,0.9460011536764956,,
2184,olympus,microsam,10+20 clicks,0,0.444922643179951,4,1,56,3,57,0.9418015660940028,,
2184,olympus,rf_clicks,10+20 clicks,0,0.3859566178682675,4,1,150,3,151,0.9501904627307656,,
2184,olympus,dino_multi,10+20 clicks,0,0.351809399632287,4,1,48,3,49,0.8821100200198052,0.8858064848097265,0.7178981761696885
2184,olympus,dino_clicks,10+20 clicks,1,0.458350373056838,4,1,44,3,45,0.9465403736326946,,
2184,olympus,sam,10+20 clicks,1,0.480657214840773,4,1,79,3,80,0.969684121263515,,
2184,olympus,microsam,10+20 clicks,1,0.4397825146971522,4,1,104,3,105,0.9384183599430652,,
2184,olympus,rf_clicks,10+20 clicks,1,0.2421323622968962,4,1,8,3,9,0.9319833064298748,,
2184,olympus,dino_multi,10+20 clicks,1,0.4251076626145857,4,1,68,3,69,0.9269915414720364,0.8962149651415507,0.785986690033828
2184,olympus,dino_clicks,10+20 clicks,2,0.2552837327733394,4,0,39,4,39,0.8346457826468767,,
2184,olympus,sam,10+20 clicks,2,0.2535028551414287,4,1,199,3,200,0.5359400542384413,,
2184,olympus,microsam,10+20 clicks,2,0.4277401820219581,4,1,108,3,109,0.8823246659608052,,
2184,olympus,rf_clicks,10+20 clicks,2,0.4509430959361794,4,1,107,3,108,0.948049523245408,,
2184,olympus,dino_multi,10+20 clicks,2,0.416024484292707,4,1,37,3,38,0.914602389458119,0.8803858705809624,0.76012746318951
2186,olympus,otsu,no input,0,0.3355210280968569,6,1,237,5,238,0.9191322701688556,,
2186,olympus,dino_labels,5 labelled training images,0,0.3639313824594478,6,1,15,5,16,0.9087103268841972,,
2186,olympus,dino_clicks,3+6 clicks,0,0.5231613186372606,6,4,46,2,50,0.7070422773060285,,
2186,olympus,sam,3+6 clicks,0,0.6661959044243191,6,5,57,1,62,0.8392440095887733,,
2186,olympus,microsam,3+6 clicks,0,0.2222062866879588,6,0,15,6,15,0.7737426790780461,,
2186,olympus,rf_clicks,3+6 clicks,0,0.3414958724339538,6,1,41,5,42,0.706570618516964,,
2186,olympus,dino_multi,3+6 clicks,0,0.3216860089197506,6,2,106,4,108,0.746822708659825,0.8975048217838322,0.4295826032307372
2186,olympus,dino_clicks,3+6 clicks,1,0.5462705075106734,6,3,59,3,62,0.7645555669607403,,
2186,olympus,sam,3+6 clicks,1,0.2292353190322981,6,1,115,5,116,0.4078059675646639,,
2186,olympus,microsam,3+6 clicks,1,0.1646152288613404,6,0,107,6,107,0.5819937050385052,,
2186,olympus,rf_clicks,3+6 clicks,1,0.1854117037286249,6,0,455,6,455,0.5477348677793846,,
2186,olympus,dino_multi,3+6 clicks,1,0.2417952773243685,6,0,109,6,109,0.6424469064510336,0.5349913041029144,0.4609869680950374
2186,olympus,dino_clicks,3+6 clicks,2,0.2873906878288191,6,1,27,5,28,0.869414950402784,,
2186,olympus,sam,3+6 clicks,2,0.3798741541611393,6,2,127,4,129,0.8426512461599324,,
2186,olympus,microsam,3+6 clicks,2,0.0688014083897537,6,0,209,6,209,0.9024659942156952,,
2186,olympus,rf_clicks,3+6 clicks,2,0.3867478808536828,6,3,140,3,143,0.7844013734462361,,
2186,olympus,dino_multi,3+6 clicks,2,0.2284336548877158,6,0,63,6,63,0.7449209349404559,0.653060997576108,0.520506146375607
2186,olympus,dino_clicks,10+20 clicks,0,0.7283736276331032,6,6,44,0,50,0.8382180331235122,,
2186,olympus,sam,10+20 clicks,0,0.6137488384473059,6,4,92,2,96,0.7747040100804307,,
2186,olympus,microsam,10+20 clicks,0,0.1277302788570995,6,0,92,6,92,0.8469874082643595,,
2186,olympus,rf_clicks,10+20 clicks,0,0.4278887744575565,6,3,451,3,454,0.8571842975247945,,
2186,olympus,dino_multi,10+20 clicks,0,0.2507557736332094,6,1,88,5,89,0.8587393163255831,0.8952522333854678,0.7043763721327158
2186,olympus,dino_clicks,10+20 clicks,1,0.5569188966901601,6,3,43,3,46,0.92095501919789,,
2186,olympus,sam,10+20 clicks,1,0.8163040651668508,6,5,102,1,107,0.90235025870385,,
2186,olympus,microsam,10+20 clicks,1,0.3525643035294942,6,1,122,5,123,0.912502482786017,,
2186,olympus,rf_clicks,10+20 clicks,1,0.3567762262919494,6,2,151,4,153,0.9239962213810544,,
2186,olympus,dino_multi,10+20 clicks,1,0.3140168322725288,6,1,42,5,43,0.9023772682515122,0.9151756907373731,0.7863181882288318
2186,olympus,dino_clicks,10+20 clicks,2,0.345638462017137,6,1,32,5,33,0.9098797204796883,,
2186,olympus,sam,10+20 clicks,2,0.731443998235186,6,5,105,1,110,0.89137508072893,,
2186,olympus,microsam,10+20 clicks,2,0.1030184104813135,6,0,165,6,165,0.8497073844147265,,
2186,olympus,rf_clicks,10+20 clicks,2,0.3287132082015998,6,1,55,5,56,0.907137441411635,,
2186,olympus,dino_multi,10+20 clicks,2,0.2885513407404917,6,0,63,6,63,0.8987428383358522,0.8592303066746843,0.7720457560511627
2188,olympus,otsu,no input,0,0.7146963401217679,4,4,171,0,175,0.8410260446041719,,
2188,olympus,dino_labels,5 labelled training images,0,0.4373403907506474,4,2,21,2,23,0.8923648066954605,,
2188,olympus,dino_clicks,3+6 clicks,0,0.182284928032444,4,0,47,4,47,0.8599514178955554,,
2188,olympus,sam,3+6 clicks,0,0.5735342190447472,4,2,104,2,106,0.8827092424266293,,
2188,olympus,microsam,3+6 clicks,0,0.3014946872963951,4,0,79,4,79,0.8393262997615254,,
2188,olympus,rf_clicks,3+6 clicks,0,0.2062972168656422,4,0,26,4,26,0.8976774227269843,,
2188,olympus,dino_multi,3+6 clicks,0,0.4318176167494946,4,1,66,3,67,0.8122027123258568,0.8668376774756933,0.6134629314556205
2188,olympus,dino_clicks,3+6 clicks,1,0.6652987910921093,4,4,52,0,56,0.7837015282133477,,
2188,olympus,sam,3+6 clicks,1,0.1456354652646942,4,0,37,4,37,0.6159982890594303,,
2188,olympus,microsam,3+6 clicks,1,0.2827606696410054,4,1,41,3,42,0.5942679445823954,,
2188,olympus,rf_clicks,3+6 clicks,1,0.7362433840161002,4,3,141,1,144,0.8737545054319908,,
2188,olympus,dino_multi,3+6 clicks,1,0.348836133188967,4,1,36,3,37,0.5960104458358242,0.3811074550244807,0.3448898262976971
2188,olympus,dino_clicks,3+6 clicks,2,0.8112791358554283,4,4,72,0,76,0.920326016528174,,
2188,olympus,sam,3+6 clicks,2,0.4837301152520117,4,2,157,2,159,0.8470736211947523,,
2188,olympus,microsam,3+6 clicks,2,0.6459013227382066,4,3,31,1,34,0.8226966193554562,,
2188,olympus,rf_clicks,3+6 clicks,2,0.2158112802784713,4,0,132,4,132,0.8641594662664656,,
2188,olympus,dino_multi,3+6 clicks,2,0.3909114572484819,4,2,46,2,48,0.7836146633203795,0.8211506018695854,0.3970645792563601
2188,olympus,dino_clicks,10+20 clicks,0,0.7368652130015478,4,4,56,0,60,0.8761430684330221,,
2188,olympus,sam,10+20 clicks,0,0.774348515424081,4,3,64,1,67,0.9068229037491208,,
2188,olympus,microsam,10+20 clicks,0,0.5198850868674529,4,2,82,2,84,0.8801483805718656,,
2188,olympus,rf_clicks,10+20 clicks,0,0.5426316030344533,4,2,342,2,344,0.8817482912248354,,
2188,olympus,dino_multi,10+20 clicks,0,0.2502087270706909,4,0,50,4,50,0.8584321537211359,0.8952597259872518,0.6292580815726382
2188,olympus,dino_clicks,10+20 clicks,1,0.7188917485702293,4,4,50,0,54,0.8192209320748738,,
2188,olympus,sam,10+20 clicks,1,0.6488353946143911,4,2,99,2,101,0.7696304767008455,,
2188,olympus,microsam,10+20 clicks,1,0.143446944374977,4,0,38,4,38,0.8871271836757411,,
2188,olympus,rf_clicks,10+20 clicks,1,0.728094293458888,4,4,240,0,244,0.8393164727597919,,
2188,olympus,dino_multi,10+20 clicks,1,0.71433209434862,4,3,98,1,101,0.8758666891344822,0.795183028949677,0.750691374282758
2188,olympus,dino_clicks,10+20 clicks,2,0.5889633347255674,4,2,73,2,75,0.915488728750924,,
2188,olympus,sam,10+20 clicks,2,0.2560192812237745,4,0,332,4,332,0.6466316753844001,,
2188,olympus,microsam,10+20 clicks,2,0.0766056759728475,4,0,167,4,167,0.8785436669271524,,
2188,olympus,rf_clicks,10+20 clicks,2,0.2129627939958325,4,0,138,4,138,0.8779953795279871,,
2188,olympus,dino_multi,10+20 clicks,2,0.3708891988541349,4,1,82,3,83,0.8409027664841618,0.8879270483539641,0.6048366847689626
2189,olympus,otsu,no input,0,0.3830171463174103,7,0,120,7,120,0.58780439077449,,
2189,olympus,dino_labels,5 labelled training images,0,0.4613949450744837,7,4,29,3,33,0.8304327664168422,,
2189,olympus,dino_clicks,3+6 clicks,0,0.4585552467331754,7,3,111,4,114,0.8891032564280884,,
2189,olympus,sam,3+6 clicks,0,0.2280957683308606,7,2,113,5,115,0.4208097039232816,,
2189,olympus,microsam,3+6 clicks,0,0.5074656909933398,7,2,258,5,260,0.8913516169699025,,
2189,olympus,rf_clicks,3+6 clicks,0,0.2851531138572506,7,1,84,6,85,0.9006855233596406,,
2189,olympus,dino_multi,3+6 clicks,0,0.4907652124189808,7,4,150,3,154,0.7763794515561487,0.5974389623038272,0.5874028669928417
2189,olympus,dino_clicks,3+6 clicks,1,0.4950287202672508,7,4,115,3,119,0.8463681818579848,,
2189,olympus,sam,3+6 clicks,1,0.2730618356495401,7,1,116,6,117,0.5072684525977681,,
2189,olympus,microsam,3+6 clicks,1,0.2759936099458343,7,2,94,5,96,0.863121920838091,,
2189,olympus,rf_clicks,3+6 clicks,1,0.4828652853867526,7,3,34,4,37,0.8835016405976235,,
2189,olympus,dino_multi,3+6 clicks,1,0.2220871812307362,7,0,263,7,263,0.5443119154286608,0.6796129615298718,0.3335189864999667
2189,olympus,dino_clicks,3+6 clicks,2,0.5038075150532207,7,3,100,4,103,0.6989023567647119,,
2189,olympus,sam,3+6 clicks,2,0.2556780461215875,7,2,218,5,220,0.4665793112435117,,
2189,olympus,microsam,3+6 clicks,2,0.2919162397464662,7,1,217,6,218,0.7066565140960922,,
2189,olympus,rf_clicks,3+6 clicks,2,0.4199971481955022,7,2,46,5,48,0.7999252632273097,,
2189,olympus,dino_multi,3+6 clicks,2,0.4511274916958485,7,2,113,5,115,0.7238304343165242,0.620512794419201,0.570985132589678
2189,olympus,dino_clicks,10+20 clicks,0,0.6428358842729293,7,6,75,1,81,0.809783723123842,,
2189,olympus,sam,10+20 clicks,0,0.3087789925569827,7,1,156,6,157,0.4889370985042967,,
2189,olympus,microsam,10+20 clicks,0,0.4902681161697186,7,2,15,5,17,0.945312908132692,,
2189,olympus,rf_clicks,10+20 clicks,0,0.5159885189720482,7,4,199,3,203,0.7820434341174012,,
2189,olympus,dino_multi,10+20 clicks,0,0.2619939733847319,7,0,158,7,158,0.6365095298961978,0.7705397960802411,0.4916170400287855
2189,olympus,dino_clicks,10+20 clicks,1,0.5388257242682435,7,4,154,3,158,0.9184689975954906,,
2189,olympus,sam,10+20 clicks,1,0.3484442262996738,7,1,185,6,186,0.5625495408354336,,
2189,olympus,microsam,10+20 clicks,1,0.4575853896655414,7,2,123,5,125,0.9297445900401696,,
2189,olympus,rf_clicks,10+20 clicks,1,0.5042616493995233,7,3,115,4,118,0.8995428344265554,,
2189,olympus,dino_multi,10+20 clicks,1,0.5835843198359338,7,4,133,3,137,0.7983787353910247,0.9016364527192552,0.5465484387692354
2189,olympus,dino_clicks,10+20 clicks,2,0.7258970256347427,7,5,132,2,137,0.9192748367430066,,
2189,olympus,sam,10+20 clicks,2,0.5441425146909552,7,3,205,4,208,0.7599333274156483,,
2189,olympus,microsam,10+20 clicks,2,0.4587379519129801,7,2,60,5,62,0.919762499801022,,
2189,olympus,rf_clicks,10+20 clicks,2,0.4228292258821031,7,2,43,5,45,0.900968652845124,,
2189,olympus,dino_multi,10+20 clicks,2,0.5366205340437258,7,3,144,4,147,0.8119445178682234,0.8846727134339718,0.6432230515234496
2192,olympus,otsu,no input,0,0.4196285690478471,7,2,166,5,168,0.65790998481438,,
2192,olympus,dino_labels,5 labelled training images,0,0.1638735734202245,7,1,8,6,9,0.8553094577317155,,
2192,olympus,dino_clicks,3+6 clicks,0,0.0561893691704908,7,0,42,7,42,0.8527169000518634,,
2192,olympus,sam,3+6 clicks,0,0.1258367729224361,7,0,121,7,121,0.5962261594227447,,
2192,olympus,microsam,3+6 clicks,0,0.3040268630299164,7,1,100,6,101,0.8436287568914901,,
2192,olympus,rf_clicks,3+6 clicks,0,0.4236535245893588,7,2,560,5,562,0.6534261584015335,,
2192,olympus,dino_multi,3+6 clicks,0,0.3285952648191235,7,0,146,7,146,0.6336357592669488,0.8392296674135307,0.3952476140000918
2192,olympus,dino_clicks,3+6 clicks,1,0.4578505953890181,7,4,60,3,64,0.7241275896891863,,
2192,olympus,sam,3+6 clicks,1,0.2650715168414798,7,0,92,7,92,0.6696702275894101,,
2192,olympus,microsam,3+6 clicks,1,0.0992594076766389,7,0,49,7,49,0.8001471767133733,,
2192,olympus,rf_clicks,3+6 clicks,1,0.3821732668785197,7,1,346,6,347,0.683764472448258,,
2192,olympus,dino_multi,3+6 clicks,1,0.2331566903310799,7,0,127,7,127,0.7692464319127685,0.7660697778582524,0.6979104874950446
2192,olympus,dino_clicks,3+6 clicks,2,0.4418727176909474,7,2,38,5,40,0.5962264326246571,,
2192,olympus,sam,3+6 clicks,2,0.4749872210076805,7,3,128,4,131,0.631416191806373,,
2192,olympus,microsam,3+6 clicks,2,0.2090822679974296,7,1,85,6,86,0.8226443907742615,,
2192,olympus,rf_clicks,3+6 clicks,2,0.4195872105182293,7,2,60,5,62,0.6105806381642271,,
2192,olympus,dino_multi,3+6 clicks,2,0.1413958369120404,7,0,126,7,126,0.7845445766980691,0.7396273927327812,0.6661137440758294
2192,olympus,dino_clicks,10+20 clicks,0,0.0650434402809686,7,0,50,7,50,0.8325747610077019,,
2192,olympus,sam,10+20 clicks,0,0.2307149007040747,7,0,170,7,170,0.7176879356652521,,
2192,olympus,microsam,10+20 clicks,0,0.1868203319206966,7,0,36,7,36,0.8525001642229144,,
2192,olympus,rf_clicks,10+20 clicks,0,0.1960898391460682,7,0,148,7,148,0.7483984895307352,,
2192,olympus,dino_multi,10+20 clicks,0,0.3894166030559597,7,1,182,6,183,0.7358146067415731,0.8792858523792312,0.531683179459861
2192,olympus,dino_clicks,10+20 clicks,1,0.3706340072266358,7,1,36,6,37,0.7909137574148165,,
2192,olympus,sam,10+20 clicks,1,0.5274502861784274,7,3,132,4,135,0.8038375602681196,,
2192,olympus,microsam,10+20 clicks,1,0.2530139752238055,7,1,39,6,40,0.8695968445895703,,
2192,olympus,rf_clicks,10+20 clicks,1,0.3674951227023837,7,1,317,6,318,0.6561379923504614,,
2192,olympus,dino_multi,10+20 clicks,1,0.0584350877876019,7,0,61,7,61,0.8406573697239702,0.8946670331114749,0.6529737526723849
2192,olympus,dino_clicks,10+20 clicks,2,0.4512589624882392,7,3,62,4,65,0.763822697508621,,
2192,olympus,sam,10+20 clicks,2,0.1329979236657106,7,0,167,7,167,0.5675542460806005,,
2192,olympus,microsam,10+20 clicks,2,0.1422654815083241,7,0,52,7,52,0.8143952476341784,,
2192,olympus,rf_clicks,10+20 clicks,2,0.3014757168824993,7,0,347,7,347,0.7403655757768735,,
2192,olympus,dino_multi,10+20 clicks,2,0.2568158909459974,7,1,104,6,105,0.8262340728384948,0.8857345693789779,0.6808243825309416
2200,olympus,otsu,no input,0,0.4945998996564392,7,3,127,4,130,0.740306463093655,,
2200,olympus,dino_labels,5 labelled training images,0,0.5792203479493434,7,4,18,3,22,0.9168585214392196,,
2200,olympus,dino_clicks,3+6 clicks,0,0.1811415751131722,7,0,26,7,26,0.8758083223438567,,
2200,olympus,sam,3+6 clicks,0,0.4230960821180278,7,3,155,4,158,0.6804857362712664,,
2200,olympus,microsam,3+6 clicks,0,0.1487108453101562,7,1,218,6,219,0.8154732043100157,,
2200,olympus,rf_clicks,3+6 clicks,0,0.4998879261201526,7,3,48,4,51,0.810823360669482,,
2200,olympus,dino_multi,3+6 clicks,0,0.4162320855894976,7,2,87,5,89,0.7612719283358876,0.6155755634947302,0.5693834953001577
2200,olympus,dino_clicks,3+6 clicks,1,0.5697132837472768,7,4,55,3,59,0.9087784211205636,,
2200,olympus,sam,3+6 clicks,1,0.1348238353068076,7,0,484,7,484,0.5785085951008061,,
2200,olympus,microsam,3+6 clicks,1,0.041688655447223,7,0,214,7,214,0.8432871230527369,,
2200,olympus,rf_clicks,3+6 clicks,1,0.4834946029643039,7,4,9,3,13,0.8771870716431825,,
2200,olympus,dino_multi,3+6 clicks,1,0.4933355741204051,7,3,56,4,59,0.7607844226549263,0.7046452073000745,0.5564313742823607
2200,olympus,dino_clicks,3+6 clicks,2,0.7471017778558627,7,5,35,2,40,0.8785844936354474,,
2200,olympus,sam,3+6 clicks,2,0.2837378243329385,7,2,54,5,56,0.4841762317335965,,
2200,olympus,microsam,3+6 clicks,2,0.2855761963260689,7,2,80,5,82,0.6945077075557242,,
2200,olympus,rf_clicks,3+6 clicks,2,0.3106620130324331,7,1,42,6,43,0.9017939700236162,,
2200,olympus,dino_multi,3+6 clicks,2,0.4713721173228111,7,2,70,5,72,0.7292312575454427,0.7665263353826446,0.3203200604243869
2200,olympus,dino_clicks,10+20 clicks,0,0.6106537101997337,7,4,55,3,59,0.9218097056585202,,
2200,olympus,sam,10+20 clicks,0,0.6241541347281254,7,4,184,3,188,0.8655051294735299,,
2200,olympus,microsam,10+20 clicks,0,0.3671772386611642,7,2,102,5,104,0.8386217738765885,,
2200,olympus,rf_clicks,10+20 clicks,0,0.5086188468471329,7,4,38,3,42,0.9200125564934702,,
2200,olympus,dino_multi,10+20 clicks,0,0.5367044551399761,7,3,59,4,62,0.9074045966543862,0.8871293995260937,0.778786117568914
2200,olympus,dino_clicks,10+20 clicks,1,0.7262172645133396,7,6,25,1,31,0.8409809556180412,,
2200,olympus,sam,10+20 clicks,1,0.6917576074593883,7,4,154,3,158,0.8718440622176,,
2200,olympus,microsam,10+20 clicks,1,0.2681533654803533,7,1,108,6,109,0.8754986053895902,,
2200,olympus,rf_clicks,10+20 clicks,1,0.5234207083691959,7,3,20,4,23,0.8578159878209379,,
2200,olympus,dino_multi,10+20 clicks,1,0.6753251409601467,7,4,41,3,45,0.8716505067214079,0.8914870077445205,0.7162795862841798
2200,olympus,dino_clicks,10+20 clicks,2,0.7351828026649831,7,6,35,1,41,0.8600623458185874,,
2200,olympus,sam,10+20 clicks,2,0.7196470874204516,7,5,272,2,277,0.9296827618650106,,
2200,olympus,microsam,10+20 clicks,2,0.2442060992935884,7,1,265,6,266,0.8674891882487449,,
2200,olympus,rf_clicks,10+20 clicks,2,0.4822781625163568,7,4,70,3,74,0.8742128148446346,,
2200,olympus,dino_multi,10+20 clicks,2,0.7223517983836911,7,6,70,1,76,0.887809356420818,0.8682110829477497,0.772240612881869
2216,olympus,otsu,no input,0,0.5779411149948603,5,3,180,2,183,0.7714105155216923,,
2216,olympus,dino_labels,5 labelled training images,0,0.5056014247427878,5,2,10,3,12,0.940379095740146,,
2216,olympus,dino_clicks,3+6 clicks,0,0.508774804737388,5,1,72,4,73,0.9260183617078172,,
2216,olympus,sam,3+6 clicks,0,0.3233165242772858,5,1,118,4,119,0.6430686169421325,,
2216,olympus,microsam,3+6 clicks,0,0.254155324642467,5,1,244,4,245,0.892670316566425,,
2216,olympus,rf_clicks,3+6 clicks,0,0.5833316040951132,5,3,111,2,114,0.9585662929622776,,
2216,olympus,dino_multi,3+6 clicks,0,0.4878464277473409,5,2,181,3,183,0.7763163546704925,0.6007814177149972,0.6470397053247386
2216,olympus,dino_clicks,3+6 clicks,1,0.3978769391903288,5,1,117,4,118,0.6591421828371552,,
2216,olympus,sam,3+6 clicks,1,0.1073895644452199,5,0,88,5,88,0.5002455316601304,,
2216,olympus,microsam,3+6 clicks,1,0.2650112412911821,5,1,92,4,93,0.6525871995394137,,
2216,olympus,rf_clicks,3+6 clicks,1,0.3634412787661272,5,1,362,4,363,0.7794820432878055,,
2216,olympus,dino_multi,3+6 clicks,1,0.1948619011700136,5,0,120,5,120,0.682117636165073,0.5742146882782122,0.5354653441723333
2216,olympus,dino_clicks,3+6 clicks,2,0.5761943080949145,5,2,77,3,79,0.7864704921094406,,
2216,olympus,sam,3+6 clicks,2,0.1207411913609362,5,0,94,5,94,0.5832305130441678,,
2216,olympus,microsam,3+6 clicks,2,0.0939538135269515,5,0,76,5,76,0.8128031647620383,,
2216,olympus,rf_clicks,3+6 clicks,2,0.6028443090598132,5,3,40,2,43,0.9005940800898301,,
2216,olympus,dino_multi,3+6 clicks,2,0.4949622722730657,5,1,106,4,107,0.8214140238580158,0.7956410424735771,0.6271943724083753
2216,olympus,dino_clicks,10+20 clicks,0,0.8355382409034388,5,5,38,0,43,0.91018540936604,,
2216,olympus,sam,10+20 clicks,0,0.6282791509727198,5,3,88,2,91,0.7557643683530075,,
2216,olympus,microsam,10+20 clicks,0,0.3951254409863743,5,1,169,4,170,0.9200720290271592,,
2216,olympus,rf_clicks,10+20 clicks,0,0.6066773748993045,5,3,77,2,80,0.9109987793045166,,
2216,olympus,dino_multi,10+20 clicks,0,0.4818213023402647,5,1,169,4,170,0.8880811706927929,0.8789491207360998,0.7373243010657782
2216,olympus,dino_clicks,10+20 clicks,1,0.8933936789731,5,5,71,0,76,0.9431249783118436,,
2216,olympus,sam,10+20 clicks,1,0.5199220591073945,5,3,190,2,193,0.6940530050186655,,
2216,olympus,microsam,10+20 clicks,1,0.4008495402406818,5,1,80,4,81,0.8898697776634793,,
2216,olympus,rf_clicks,10+20 clicks,1,0.31698353747658,5,1,21,4,22,0.9155331953132536,,
2216,olympus,dino_multi,10+20 clicks,1,0.4397528502528011,5,1,156,4,157,0.8824182400864898,0.9026137561462088,0.6935271873444752
2216,olympus,dino_clicks,10+20 clicks,2,0.8441705864378213,5,5,65,0,70,0.9190522035703678,,
2216,olympus,sam,10+20 clicks,2,0.6854625651412243,5,3,138,2,141,0.8534780950917974,,
2216,olympus,microsam,10+20 clicks,2,0.2589217281731454,5,1,145,4,146,0.8903272844052225,,
2216,olympus,rf_clicks,10+20 clicks,2,0.5866773324007003,5,4,163,1,167,0.858227792652945,,
2216,olympus,dino_multi,10+20 clicks,2,0.673423374180554,5,3,122,2,125,0.8569221319866239,0.8871301930339908,0.6670542825035423
2221,olympus,otsu,no input,0,0.4056946454572365,3,1,139,2,140,0.596135001481279,,
2221,olympus,dino_labels,5 labelled training images,0,0.1315768627467248,3,0,15,3,15,0.9036090835360908,,
2221,olympus,dino_clicks,3+6 clicks,0,0.1292835815827786,3,0,43,3,43,0.8889712975485847,,
2221,olympus,sam,3+6 clicks,0,0.3572809067624736,3,1,49,2,50,0.4854128477738401,,
2221,olympus,microsam,3+6 clicks,0,0.8532795542218446,3,3,27,0,30,0.961422534172226,,
2221,olympus,rf_clicks,3+6 clicks,0,0.3372461841793983,3,1,42,2,43,0.8867708479211803,,
2221,olympus,dino_multi,3+6 clicks,0,0.761426747316368,3,3,42,0,45,0.9047593429960444,0.8768387454898695,0.7126716479154142
2221,olympus,dino_clicks,3+6 clicks,1,0.85175564257348,3,3,29,0,32,0.9205030298226384,,
2221,olympus,sam,3+6 clicks,1,0.7063194289809891,3,3,45,0,48,0.8306940525544224,,
2221,olympus,microsam,3+6 clicks,1,0.6717697949051832,3,2,73,1,75,0.93476957352514,,
2221,olympus,rf_clicks,3+6 clicks,1,0.3537430086412243,3,0,271,3,271,0.7041182418861077,,
2221,olympus,dino_multi,3+6 clicks,1,0.3428288110569073,3,0,58,3,58,0.7145452177429858,0.8754620688449808,0.547794499221588
2221,olympus,dino_clicks,3+6 clicks,2,0.8791824600090364,3,3,34,0,37,0.940631113846695,,
2221,olympus,sam,3+6 clicks,2,0.7926314463206071,3,3,43,0,46,0.8930587755612234,,
2221,olympus,microsam,3+6 clicks,2,0.5952241864008617,3,2,60,1,62,0.9479722053422812,,
2221,olympus,rf_clicks,3+6 clicks,2,0.4085504034006706,3,0,112,3,112,0.7977419075949651,,
2221,olympus,dino_multi,3+6 clicks,2,0.3425432652946487,3,0,84,3,84,0.7538355518479561,0.8639301874595993,0.6420989938953056
2221,olympus,dino_clicks,10+20 clicks,0,0.13010787642326,3,0,59,3,59,0.8956961346830878,,
2221,olympus,sam,10+20 clicks,0,0.5673293849331634,3,2,85,1,87,0.7229526824121418,,
2221,olympus,microsam,10+20 clicks,0,0.8935717594272378,3,3,8,0,11,0.9464402927857116,,
2221,olympus,rf_clicks,10+20 clicks,0,0.1270873524667678,3,0,96,3,96,0.9161680453450848,,
2221,olympus,dino_multi,10+20 clicks,0,0.8939745209025508,3,3,49,0,52,0.9393288496073804,0.934606236355935,0.7773830537412576
2221,olympus,dino_clicks,10+20 clicks,1,0.5789096722774965,3,2,47,1,49,0.774134232301563,,
2221,olympus,sam,10+20 clicks,1,0.3315706035116835,3,0,177,3,177,0.6533381465350009,,
2221,olympus,microsam,10+20 clicks,1,0.8599028492908856,3,3,12,0,15,0.9379044993177716,,
2221,olympus,rf_clicks,10+20 clicks,1,0.122186880204752,3,0,26,3,26,0.9121556243289332,,
2221,olympus,dino_multi,10+20 clicks,1,0.1856690370602043,3,0,103,3,103,0.870060349501507,0.8592658230184883,0.7282226140911852
2221,olympus,dino_clicks,10+20 clicks,2,0.6606769359841298,3,3,56,0,59,0.8083565870114725,,
2221,olympus,sam,10+20 clicks,2,0.7010695898116515,3,2,100,1,102,0.8882677668661747,,
2221,olympus,microsam,10+20 clicks,2,0.9201751971591275,3,3,25,0,28,0.9613679578718952,,
2221,olympus,rf_clicks,10+20 clicks,2,0.3568607767087123,3,1,39,2,40,0.9021996615905246,,
2221,olympus,dino_multi,10+20 clicks,2,0.6267257283960449,3,2,84,1,86,0.8453758107703445,0.8632433321755663,0.7649168711777644
2227,olympus,otsu,no input,0,0.4765275042612281,4,2,105,2,107,0.6579048776175429,,
2227,olympus,dino_labels,5 labelled training images,0,0.3220938765910072,4,0,10,4,10,0.9042008897198875,,
2227,olympus,dino_clicks,3+6 clicks,0,0.4456950371386579,4,2,31,2,33,0.9064401671700228,,
2227,olympus,sam,3+6 clicks,0,0.5951174069173242,4,2,16,2,18,0.9150572007873432,,
2227,olympus,microsam,3+6 clicks,0,0.135025276845721,4,0,86,4,86,0.9039612478491807,,
2227,olympus,rf_clicks,3+6 clicks,0,0.4577114977040498,4,1,35,3,36,0.8072502630059404,,
2227,olympus,dino_multi,3+6 clicks,0,0.4761391892117397,4,2,60,2,62,0.7083443889996833,0.652416914310641,0.502844236943899
2227,olympus,dino_clicks,3+6 clicks,1,0.5309291354684832,4,2,41,2,43,0.9130117782741548,,
2227,olympus,sam,3+6 clicks,1,0.4902814347319421,4,2,42,2,44,0.8408591121368238,,
2227,olympus,microsam,3+6 clicks,1,0.389730758636842,4,1,139,3,140,0.9211736116899522,,
2227,olympus,rf_clicks,3+6 clicks,1,0.264227756920201,4,0,53,4,53,0.8951362870793662,,
2227,olympus,dino_multi,3+6 clicks,1,0.1998421664679217,4,0,62,4,62,0.7083940345133142,0.6818370567228635,0.5313013739725205
2227,olympus,dino_clicks,3+6 clicks,2,0.8392887387351603,4,4,46,0,50,0.9096435440122006,,
2227,olympus,sam,3+6 clicks,2,0.6545362736520834,4,2,26,2,28,0.9286531186768716,,
2227,olympus,microsam,3+6 clicks,2,0.1582556412084709,4,0,67,4,67,0.9086249945245084,,
2227,olympus,rf_clicks,3+6 clicks,2,0.4668197071784141,4,1,59,3,60,0.8298031378654614,,
2227,olympus,dino_multi,3+6 clicks,2,0.1015204895341115,4,0,101,4,101,0.7872317542261362,0.8554248366013072,0.4545796077842062
2227,olympus,dino_clicks,10+20 clicks,0,0.5495331667476338,4,2,47,2,49,0.920155282761515,,
2227,olympus,sam,10+20 clicks,0,0.6588993846177938,4,3,43,1,46,0.8178548163253746,,
2227,olympus,microsam,10+20 clicks,0,0.1847072134157265,4,0,75,4,75,0.9255079583603508,,
2227,olympus,rf_clicks,10+20 clicks,0,0.4938251772687287,4,2,76,2,78,0.8889829987005606,,
2227,olympus,dino_multi,10+20 clicks,0,0.8537174230298441,4,4,88,0,92,0.9203892022451864,0.8710666064064178,0.7705510205459566
2227,olympus,dino_clicks,10+20 clicks,1,0.639025942630076,4,2,36,2,38,0.9233015003192168,,
2227,olympus,sam,10+20 clicks,1,0.4064227695441316,4,3,69,1,72,0.6109861747653885,,
2227,olympus,microsam,10+20 clicks,1,0.1709556986371035,4,0,49,4,49,0.9115791059958182,,
2227,olympus,rf_clicks,10+20 clicks,1,0.2408426288370473,4,0,26,4,26,0.8862600568154724,,
2227,olympus,dino_multi,10+20 clicks,1,0.126080835951162,4,0,49,4,49,0.8697272203173833,0.883717832374514,0.7075732168820577
2227,olympus,dino_clicks,10+20 clicks,2,0.6473951763160066,4,2,45,2,47,0.930368339213162,,
2227,olympus,sam,10+20 clicks,2,0.4609830596867633,4,2,51,2,53,0.654924887825444,,
2227,olympus,microsam,10+20 clicks,2,0.1627658693589297,4,0,62,4,62,0.8922258125831591,,
2227,olympus,rf_clicks,10+20 clicks,2,0.3283013142970868,4,0,196,4,196,0.7776142522182178,,
2227,olympus,dino_multi,10+20 clicks,2,0.3234131894681098,4,1,59,3,60,0.8935378474513528,0.927870599667722,0.7418171704705453
2258,olympus,otsu,no input,0,0.4800840652271986,10,3,215,7,218,0.6444448795770511,,
2258,olympus,dino_labels,5 labelled training images,0,0.260110865392913,10,2,36,8,38,0.8874786459200602,,
2258,olympus,dino_clicks,3+6 clicks,0,0.3525776060259778,10,4,126,6,130,0.8402265945731003,,
2258,olympus,sam,3+6 clicks,0,0.1618336343518328,10,2,81,8,83,0.3961779294996322,,
2258,olympus,microsam,3+6 clicks,0,0.0933469032393335,10,0,151,10,151,0.7103164916724847,,
2258,olympus,rf_clicks,3+6 clicks,0,0.3104185111934485,10,2,88,8,90,0.8011770819885933,,
2258,olympus,dino_multi,3+6 clicks,0,0.445260530738688,10,3,229,7,232,0.6707657780117189,0.5118054014415423,0.3345523366420566
2258,olympus,dino_clicks,3+6 clicks,1,0.4995665356429533,10,5,97,5,102,0.80191609111972,,
2258,olympus,sam,3+6 clicks,1,0.2028190034859796,10,2,153,8,155,0.4144779184161329,,
2258,olympus,microsam,3+6 clicks,1,0.0513100568431332,10,0,94,10,94,0.8428915142442414,,
2258,olympus,rf_clicks,3+6 clicks,1,0.135814051588218,10,1,54,9,55,0.859937869520398,,
2258,olympus,dino_multi,3+6 clicks,1,0.2448259515551547,10,0,231,10,231,0.4623377779756472,0.6198760034052264,0.2790496760259179
2258,olympus,dino_clicks,3+6 clicks,2,0.1978014177356656,10,1,106,9,107,0.760763960771664,,
2258,olympus,sam,3+6 clicks,2,0.1898960052939397,10,1,142,9,143,0.3511583542833688,,
2258,olympus,microsam,3+6 clicks,2,0.2151675406154818,10,1,34,9,35,0.4504131332425412,,
2258,olympus,rf_clicks,3+6 clicks,2,0.3972042152737364,10,2,176,8,178,0.7693191485035095,,
2258,olympus,dino_multi,3+6 clicks,2,0.2178161295776813,10,2,199,8,201,0.5566231783078341,0.4609057133895557,0.4681950138410783
2258,olympus,dino_clicks,10+20 clicks,0,0.465024400001116,10,5,121,5,126,0.8516554642768235,,
2258,olympus,sam,10+20 clicks,0,0.4684740918772837,10,2,454,8,456,0.7755875423069202,,
2258,olympus,microsam,10+20 clicks,0,0.0453724761669549,10,0,87,10,87,0.8550575435954281,,
2258,olympus,rf_clicks,10+20 clicks,0,0.2392598496691357,10,1,281,9,282,0.8819862520854753,,
2258,olympus,dino_multi,10+20 clicks,0,0.144553684348152,10,1,113,9,114,0.8164701070284273,0.79981360599822,0.5640622692557392
2258,olympus,dino_clicks,10+20 clicks,1,0.4476633339848139,10,5,88,5,93,0.8168381579249284,,
2258,olympus,sam,10+20 clicks,1,0.4655041495033404,10,2,236,8,238,0.7064765434330652,,
2258,olympus,microsam,10+20 clicks,1,0.0803680029814109,10,0,56,10,56,0.8652321482049692,,
2258,olympus,rf_clicks,10+20 clicks,1,0.3119747555368906,10,2,203,8,205,0.780126627469986,,
2258,olympus,dino_multi,10+20 clicks,1,0.1646887625923374,10,1,111,9,112,0.8594924805404819,0.868673127753304,0.657257681718933
2258,olympus,dino_clicks,10+20 clicks,2,0.4503820005836761,10,4,135,6,139,0.7674166981805958,,
2258,olympus,sam,10+20 clicks,2,0.3508217341748373,10,2,322,8,324,0.5717843707130131,,
2258,olympus,microsam,10+20 clicks,2,0.0830633524052273,10,0,33,10,33,0.8399808432616453,,
2258,olympus,rf_clicks,10+20 clicks,2,0.461543665612425,10,4,339,6,343,0.6918444677953783,,
2258,olympus,dino_multi,10+20 clicks,2,0.1126691475797515,10,0,197,10,197,0.7059421302678062,0.4947485481280119,0.6710799877300935
2276,olympus,otsu,no input,0,0.4417432069421632,8,2,200,6,202,0.6245385468744451,,
2276,olympus,dino_labels,5 labelled training images,0,0.1892418600770328,8,0,27,8,27,0.8257996217727347,,
2276,olympus,dino_clicks,3+6 clicks,0,0.063630222101428,8,0,164,8,164,0.4387202709290094,,
2276,olympus,sam,3+6 clicks,0,0.1167602172488672,8,0,152,8,152,0.5201769391676326,,
2276,olympus,microsam,3+6 clicks,0,0.182395158195034,8,1,37,7,38,0.5990290952740097,,
2276,olympus,rf_clicks,3+6 clicks,0,0.3410212153119509,8,1,277,7,278,0.5556756018089499,,
2276,olympus,dino_multi,3+6 clicks,0,0.180473597270036,8,1,377,7,378,0.458495292775123,0.4261337149423792,0.3857104110969042
2276,olympus,dino_clicks,3+6 clicks,1,0.383887568102763,8,2,69,6,71,0.7849431646018925,,
2276,olympus,sam,3+6 clicks,1,0.0709934100404582,8,0,240,8,240,0.4145447622673837,,
2276,olympus,microsam,3+6 clicks,1,0.0749622420536087,8,0,41,8,41,0.7694142842655822,,
2276,olympus,rf_clicks,3+6 clicks,1,0.3147680664716092,8,0,249,8,249,0.5019504036986767,,
2276,olympus,dino_multi,3+6 clicks,1,0.3716369131008448,8,1,210,7,211,0.7186057839758971,0.7226811674619908,0.5789927804743363
2276,olympus,dino_clicks,3+6 clicks,2,0.4824508195445659,8,4,92,4,96,0.6575467511352571,,
2276,olympus,sam,3+6 clicks,2,0.0554248151609469,8,0,131,8,131,0.5539499748979377,,
2276,olympus,microsam,3+6 clicks,2,0.0639452596125453,8,0,8,8,8,0.6284900387487572,,
2276,olympus,rf_clicks,3+6 clicks,2,0.3002430007067737,8,0,581,8,581,0.5493690587687031,,
2276,olympus,dino_multi,3+6 clicks,2,0.0885090068966242,8,0,177,8,177,0.7896015281187471,0.3235248577038133,0.624927811597645
2276,olympus,dino_clicks,10+20 clicks,0,0.3910507754647633,8,3,143,5,146,0.6597426894851542,,
2276,olympus,sam,10+20 clicks,0,0.5052075019081568,8,4,284,4,288,0.8077958837650163,,
2276,olympus,microsam,10+20 clicks,0,0.0637711168511877,8,0,151,8,151,0.8484163471715512,,
2276,olympus,rf_clicks,10+20 clicks,0,0.3374696668609999,8,2,339,6,341,0.6423610900019657,,
2276,olympus,dino_multi,10+20 clicks,0,0.1599984206950826,8,0,111,8,111,0.7880655873175978,0.7916162516010938,0.6896036281548067
2276,olympus,dino_clicks,10+20 clicks,1,0.5946096887524746,8,4,101,4,105,0.8368558838183332,,
2276,olympus,sam,10+20 clicks,1,0.2219265177570769,8,1,309,7,310,0.4816131522690527,,
2276,olympus,microsam,10+20 clicks,1,0.0506266070796861,8,0,111,8,111,0.8428748049807189,,
2276,olympus,rf_clicks,10+20 clicks,1,0.1930836734103005,8,0,202,8,202,0.7842016446390162,,
2276,olympus,dino_multi,10+20 clicks,1,0.0446077920454117,8,0,84,8,84,0.853840349994736,0.8515332712509598,0.7118177932466264
2276,olympus,dino_clicks,10+20 clicks,2,0.5307494480564424,8,4,97,4,101,0.8190044586849257,,
2276,olympus,sam,10+20 clicks,2,0.0532512584528906,8,0,347,8,347,0.5176092682967111,,
2276,olympus,microsam,10+20 clicks,2,0.0620467675263282,8,0,19,8,19,0.854875916977733,,
2276,olympus,rf_clicks,10+20 clicks,2,0.1453360022592017,8,0,511,8,511,0.7377108052215479,,
2276,olympus,dino_multi,10+20 clicks,2,0.1050275226713544,8,0,197,8,197,0.7343993753215133,0.4557735201601373,0.7175235699531669
2295,olympus,otsu,no input,0,0.4050133651553448,12,0,155,12,155,0.6013801086988267,,
2295,olympus,dino_labels,5 labelled training images,0,0.4637465149237276,12,6,40,6,46,0.8212171571894622,,
2295,olympus,dino_clicks,3+6 clicks,0,0.032718397058483,12,0,48,12,48,0.8678550123376447,,
2295,olympus,sam,3+6 clicks,0,0.0317092379150537,12,0,19,12,19,0.8708127001388108,,
2295,olympus,microsam,3+6 clicks,0,0.1780700986647441,12,1,43,11,44,0.8096274130740388,,
2295,olympus,rf_clicks,3+6 clicks,0,0.2061420672359899,12,0,628,12,628,0.6294877883396865,,
2295,olympus,dino_multi,3+6 clicks,0,0.1445290156303931,12,0,227,12,227,0.4048432858759687,0.5022070436414195,0.3260682850913575
2295,olympus,dino_clicks,3+6 clicks,1,0.277756097419304,12,3,131,9,134,0.8897656402308742,,
2295,olympus,sam,3+6 clicks,1,0.1376212218935939,12,0,160,12,160,0.7473547694075046,,
2295,olympus,microsam,3+6 clicks,1,0.130041057989145,12,0,149,12,149,0.768067200670402,,
2295,olympus,rf_clicks,3+6 clicks,1,0.0340145210477264,12,0,20,12,20,0.8849109957630942,,
2295,olympus,dino_multi,3+6 clicks,1,0.3638640367163566,12,0,113,12,113,0.660379315754052,0.6349912046073399,0.2625138181362326
2295,olympus,dino_clicks,3+6 clicks,2,0.0434510598248184,12,0,95,12,95,0.7278993113660105,,
2295,olympus,sam,3+6 clicks,2,0.0591816078745857,12,0,106,12,106,0.5898680522321734,,
2295,olympus,microsam,3+6 clicks,2,0.1711786681378251,12,1,43,11,44,0.4546093374492871,,
2295,olympus,rf_clicks,3+6 clicks,2,0.0601837799802627,12,0,166,12,166,0.7843824562597604,,
2295,olympus,dino_multi,3+6 clicks,2,0.1526249073077414,12,0,180,12,180,0.547098410047593,0.2534181776785048,0.6189228667569502
2295,olympus,dino_clicks,10+20 clicks,0,0.0495832823375519,12,0,125,12,125,0.8231931211232175,,
2295,olympus,sam,10+20 clicks,0,0.0792387651225965,12,0,151,12,151,0.830502835981041,,
2295,olympus,microsam,10+20 clicks,0,0.1267753350808361,12,1,113,11,114,0.8711687084472343,,
2295,olympus,rf_clicks,10+20 clicks,0,0.1637128264387708,12,0,1061,12,1061,0.5483416431823108,,
2295,olympus,dino_multi,10+20 clicks,0,0.3146034183787431,12,1,174,11,175,0.7675188371942688,0.7904801344668827,0.7367126981912866
2295,olympus,dino_clicks,10+20 clicks,1,0.1791399851686101,12,1,48,11,49,0.9082820931345384,,
2295,olympus,sam,10+20 clicks,1,0.3290426401915621,12,3,295,9,298,0.8101502814232818,,
2295,olympus,microsam,10+20 clicks,1,0.1238837057942896,12,1,91,11,92,0.8679793032080028,,
2295,olympus,rf_clicks,10+20 clicks,1,0.2000589231260852,12,0,753,12,753,0.5257487351570371,,
2295,olympus,dino_multi,10+20 clicks,1,0.1654686877639861,12,0,175,12,175,0.7372603216872005,0.8418183064235693,0.5182321044398687
2295,olympus,dino_clicks,10+20 clicks,2,0.0452380958161548,12,0,154,12,154,0.847994892214194,,
2295,olympus,sam,10+20 clicks,2,0.0476358888789963,12,0,193,12,193,0.79099649777351,,
2295,olympus,microsam,10+20 clicks,2,0.147395038426656,12,1,76,11,77,0.8243995438742431,,
2295,olympus,rf_clicks,10+20 clicks,2,0.0405003629405511,12,0,94,12,94,0.8924021823211877,,
2295,olympus,dino_multi,10+20 clicks,2,0.165549046300152,12,0,216,12,216,0.764606766564064,0.5736045992229653,0.6643730462608438
2299,olympus,otsu,no input,0,0.5069115558842426,3,1,136,2,137,0.7356247701490849,,
2299,olympus,dino_labels,5 labelled training images,0,0.8733983523569515,3,3,23,0,26,0.9411297001822098,,
2299,olympus,dino_clicks,3+6 clicks,0,0.8722025875537381,3,3,75,0,78,0.9333333333333332,,
2299,olympus,sam,3+6 clicks,0,0.6686285769909063,3,2,35,1,37,0.8533123913165424,,
2299,olympus,microsam,3+6 clicks,0,0.3145140042054866,3,1,209,2,210,0.8853248122389938,,
2299,olympus,rf_clicks,3+6 clicks,0,0.3328094769315582,3,0,143,3,143,0.8326532168872278,,
2299,olympus,dino_multi,3+6 clicks,0,0.7642923878981911,3,3,122,0,125,0.8907739379437493,0.814254708394595,0.6964555371094666
2299,olympus,dino_clicks,3+6 clicks,1,0.5691353018039035,3,3,34,0,37,0.7447221793527719,,
2299,olympus,sam,3+6 clicks,1,0.5076883271426013,3,1,262,2,263,0.7691061495475635,,
2299,olympus,microsam,3+6 clicks,1,0.3102287882908651,3,1,185,2,186,0.885437908924098,,
2299,olympus,rf_clicks,3+6 clicks,1,0.5963470643659716,3,2,49,1,51,0.8794689575752799,,
2299,olympus,dino_multi,3+6 clicks,1,0.5389102009652537,3,1,62,2,63,0.8307771763621726,0.7504446035522092,0.6891812781312681
2299,olympus,dino_clicks,3+6 clicks,2,0.7569105209735977,3,3,30,0,33,0.8587326278209869,,
2299,olympus,sam,3+6 clicks,2,0.5021260632772505,3,1,97,2,98,0.705297249948134,,
2299,olympus,microsam,3+6 clicks,2,0.5876190946982772,3,2,199,1,201,0.8822520817241174,,
2299,olympus,rf_clicks,3+6 clicks,2,0.2679284589235017,3,0,276,3,276,0.8685899831419152,,
2299,olympus,dino_multi,3+6 clicks,2,0.3457272697652035,3,0,159,3,159,0.8104398480853615,0.800244910454615,0.6272635183216269
2299,olympus,dino_clicks,10+20 clicks,0,0.8657375711114428,3,3,78,0,81,0.934263293872672,,
2299,olympus,sam,10+20 clicks,0,0.6650700368530199,3,3,111,0,114,0.840004397928785,,
2299,olympus,microsam,10+20 clicks,0,0.8118679648350792,3,3,204,0,207,0.9307834648418406,,
2299,olympus,rf_clicks,10+20 clicks,0,0.5551047610297467,3,2,116,1,118,0.8597683055808348,,
2299,olympus,dino_multi,10+20 clicks,0,0.8635284150398759,3,3,96,0,99,0.933169622730194,0.905898309296282,0.7497913536972125
2299,olympus,dino_clicks,10+20 clicks,1,0.7801267674546929,3,3,33,0,36,0.8900002893713889,,
2299,olympus,sam,10+20 clicks,1,0.307067730579992,3,1,142,2,143,0.5309046387892128,,
2299,olympus,microsam,10+20 clicks,1,0.7256186362257089,3,3,25,0,28,0.8692046278253175,,
2299,olympus,rf_clicks,10+20 clicks,1,0.5989789060296086,3,2,17,1,19,0.8317908859412413,,
2299,olympus,dino_multi,10+20 clicks,1,0.8633760089977564,3,3,69,0,72,0.9433048484629032,0.9131043639720756,0.8105780954383015
2299,olympus,dino_clicks,10+20 clicks,2,0.7825097398384209,3,3,31,0,34,0.8884398094198516,,
2299,olympus,sam,10+20 clicks,2,0.4331714054543232,3,2,116,1,118,0.7013974517057131,,
2299,olympus,microsam,10+20 clicks,2,0.3308932749629747,3,1,87,2,88,0.8982058279486053,,
2299,olympus,rf_clicks,10+20 clicks,2,0.6709036347036591,3,2,74,1,76,0.8764681227588134,,
2299,olympus,dino_multi,10+20 clicks,2,0.402000925331198,3,1,98,2,99,0.8591341762903127,0.8910957135479428,0.7005723696644078
2301,olympus,otsu,no input,0,0.4449015990128129,6,1,191,5,192,0.6533327424908701,,
2301,olympus,dino_labels,5 labelled training images,0,0.3668375547422071,6,1,27,5,28,0.8611430794092526,,
2301,olympus,dino_clicks,3+6 clicks,0,0.2656341556955831,6,1,48,5,49,0.7998242527025392,,
2301,olympus,sam,3+6 clicks,0,0.2188215796067866,6,1,17,5,18,0.3509218297294461,,
2301,olympus,microsam,3+6 clicks,0,0.1913436100551654,6,0,7,6,7,0.648399166757165,,
2301,olympus,rf_clicks,3+6 clicks,0,0.2268554535356844,6,1,28,5,29,0.8196203429971086,,
2301,olympus,dino_multi,3+6 clicks,0,0.2947751046719857,6,0,62,6,62,0.6082367369545436,0.7344392899733396,0.4136672505020679
2301,olympus,dino_clicks,3+6 clicks,1,0.3001349804537501,6,0,160,6,160,0.5882640846943661,,
2301,olympus,sam,3+6 clicks,1,0.4158681243591051,6,2,79,4,81,0.5899646360539348,,
2301,olympus,microsam,3+6 clicks,1,0.434844470682014,6,2,8,4,10,0.8486084443110473,,
2301,olympus,rf_clicks,3+6 clicks,1,0.3723052284775129,6,0,25,6,25,0.6899111842823094,,
2301,olympus,dino_multi,3+6 clicks,1,0.2785073638607804,6,1,194,5,195,0.6079098079071737,0.6651273177917554,0.3825986504888535
2301,olympus,dino_clicks,3+6 clicks,2,0.3406127946235533,6,2,70,4,72,0.8325642323990005,,
2301,olympus,sam,3+6 clicks,2,0.3195747597262517,6,2,104,4,106,0.4519351038344705,,
2301,olympus,microsam,3+6 clicks,2,0.5955083408585371,6,3,10,3,13,0.7876831542491786,,
2301,olympus,rf_clicks,3+6 clicks,2,0.237419028099463,6,0,124,6,124,0.7726946927413052,,
2301,olympus,dino_multi,3+6 clicks,2,0.2063560123416434,6,0,94,6,94,0.667181532239946,0.2008597361231598,0.5132505184451962
2301,olympus,dino_clicks,10+20 clicks,0,0.5269593390106977,6,3,68,3,71,0.8307082475581447,,
2301,olympus,sam,10+20 clicks,0,0.5261282194929939,6,3,210,3,213,0.7042451847069648,,
2301,olympus,microsam,10+20 clicks,0,0.4102274921458572,6,2,48,4,50,0.9070990563920238,,
2301,olympus,rf_clicks,10+20 clicks,0,0.2183660336119672,6,0,107,6,107,0.812240430910212,,
2301,olympus,dino_multi,10+20 clicks,0,0.0830747075290895,6,0,95,6,95,0.8633826183661191,0.8989010642822264,0.6684065942442139
2301,olympus,dino_clicks,10+20 clicks,1,0.2512316611382447,6,1,108,5,109,0.8766604889633666,,
2301,olympus,sam,10+20 clicks,1,0.5424201045978185,6,2,343,4,345,0.8178865903740268,,
2301,olympus,microsam,10+20 clicks,1,0.2433237238032087,6,1,79,5,80,0.8825289385042357,,
2301,olympus,rf_clicks,10+20 clicks,1,0.1445360265139946,6,0,28,6,28,0.8156321704153819,,
2301,olympus,dino_multi,10+20 clicks,1,0.0735495604811474,6,0,107,6,107,0.8261328803043173,0.8631496707816994,0.6003958951215722
2301,olympus,dino_clicks,10+20 clicks,2,0.2935747341451868,6,0,62,6,62,0.8239873651322284,,
2301,olympus,sam,10+20 clicks,2,0.5729366459759071,6,4,210,2,214,0.7121052984424233,,
2301,olympus,microsam,10+20 clicks,2,0.4542877840892299,6,2,48,4,50,0.8425177438915287,,
2301,olympus,rf_clicks,10+20 clicks,2,0.2685606947307678,6,1,75,5,76,0.83968001655224,,
2301,olympus,dino_multi,10+20 clicks,2,0.5157420769282427,6,3,166,3,169,0.8602041173479157,0.8561903677159904,0.6277104383762087
2315,olympus,otsu,no input,0,0.4231914481999909,7,2,326,5,328,0.9401601859280336,,
2315,olympus,dino_labels,5 labelled training images,0,0.6924394369972556,7,6,16,1,22,0.9130822852804096,,
2315,olympus,dino_clicks,3+6 clicks,0,0.1752428474384704,7,0,101,7,101,0.7126587601985028,,
2315,olympus,sam,3+6 clicks,0,0.1270243532029341,7,0,84,7,84,0.320514456642523,,
2315,olympus,microsam,3+6 clicks,0,0.3088836708427462,7,3,86,4,89,0.5148962023630851,,
2315,olympus,rf_clicks,3+6 clicks,0,0.2811876428149087,7,2,85,5,87,0.8773595395758484,,
2315,olympus,dino_multi,3+6 clicks,0,0.4430080922772186,7,2,166,5,168,0.7840742539338632,0.4084762168141593,0.7245924726724711
2315,olympus,dino_clicks,3+6 clicks,1,0.3968892880742438,7,3,52,4,55,0.8844457651010846,,
2315,olympus,sam,3+6 clicks,1,0.1209101366455845,7,0,286,7,286,0.3226136062986379,,
2315,olympus,microsam,3+6 clicks,1,0.3443712337523281,7,2,108,5,110,0.7063616203327147,,
2315,olympus,rf_clicks,3+6 clicks,1,0.2336339495989818,7,1,170,6,171,0.9117800374435592,,
2315,olympus,dino_multi,3+6 clicks,1,0.4195642340310749,7,2,132,5,134,0.8080471934451711,0.6798094280556635,0.5789322627605976
2315,olympus,dino_clicks,3+6 clicks,2,0.2015570510073247,7,1,84,6,85,0.6499540276419473,,
2315,olympus,sam,3+6 clicks,2,0.0987243497900972,7,0,162,7,162,0.3066974398687769,,
2315,olympus,microsam,3+6 clicks,2,0.3360162833419632,7,2,14,5,16,0.5667437369093926,,
2315,olympus,rf_clicks,3+6 clicks,2,0.3706092843090817,7,0,277,7,277,0.7975634339804549,,
2315,olympus,dino_multi,3+6 clicks,2,0.2534878896241778,7,0,205,7,205,0.5463948720653595,0.7253220534512593,0.3520714060316458
2315,olympus,dino_clicks,10+20 clicks,0,0.6661361411542216,7,5,74,2,79,0.9251749958357384,,
2315,olympus,sam,10+20 clicks,0,0.1050832608383781,7,0,168,7,168,0.3484562144879762,,
2315,olympus,microsam,10+20 clicks,0,0.2360134987045612,7,1,106,6,107,0.8788127092144377,,
2315,olympus,rf_clicks,10+20 clicks,0,0.4885924572800336,7,4,101,3,105,0.8914161120036722,,
2315,olympus,dino_multi,10+20 clicks,0,0.8137121051150432,7,7,114,0,121,0.9011452781419126,0.8790208119616082,0.7368686808916871
2315,olympus,dino_clicks,10+20 clicks,1,0.828051597780404,7,7,61,0,68,0.906413227996866,,
2315,olympus,sam,10+20 clicks,1,0.609587580015348,7,5,128,2,133,0.7521710023855097,,
2315,olympus,microsam,10+20 clicks,1,0.2475483147588962,7,1,115,6,116,0.8972839878043014,,
2315,olympus,rf_clicks,10+20 clicks,1,0.4604076505503122,7,3,87,4,90,0.880674788973545,,
2315,olympus,dino_multi,10+20 clicks,1,0.412192923460533,7,0,101,7,101,0.8068055549503462,0.9024831047803408,0.5448662056874822
2315,olympus,dino_clicks,10+20 clicks,2,0.6256289575401193,7,5,81,2,86,0.7900476196020445,,
2315,olympus,sam,10+20 clicks,2,0.3569183671887613,7,1,191,6,192,0.7581059250479376,,
2315,olympus,microsam,10+20 clicks,2,0.1446631311509301,7,1,128,6,129,0.8809681726172531,,
2315,olympus,rf_clicks,10+20 clicks,2,0.5110157898687914,7,4,149,3,153,0.8453738695466337,,
2315,olympus,dino_multi,10+20 clicks,2,0.461724383400005,7,3,75,4,78,0.8864515289126456,0.9024316397865254,0.7521283054030015
2318,olympus,otsu,no input,0,0.3937646796195013,8,0,84,8,84,0.62282813876421,,
2318,olympus,dino_labels,5 labelled training images,0,0.2968685592128642,8,1,42,7,43,0.9190662680994904,,
2318,olympus,dino_clicks,3+6 clicks,0,0.372296481112336,8,1,229,7,230,0.7438877106416116,,
2318,olympus,sam,3+6 clicks,0,0.1139856354119103,8,0,104,8,104,0.2891832579783718,,
2318,olympus,microsam,3+6 clicks,0,0.1310479626522302,8,0,38,8,38,0.400202935901314,,
2318,olympus,rf_clicks,3+6 clicks,0,0.1575460980008544,8,1,88,7,89,0.8816087267398228,,
2318,olympus,dino_multi,3+6 clicks,0,0.5597727723537813,8,4,89,4,93,0.7668528761569297,0.1639623804714246,0.4332720799356839
2318,olympus,dino_clicks,3+6 clicks,1,0.3692022702481319,8,0,38,8,38,0.5299611750054941,,
2318,olympus,sam,3+6 clicks,1,0.1893569209613546,8,1,78,7,79,0.3484380053036673,,
2318,olympus,microsam,3+6 clicks,1,0.4079526933283582,8,2,297,6,299,0.7333546256279226,,
2318,olympus,rf_clicks,3+6 clicks,1,0.3024247074987086,8,0,27,8,27,0.496685174346071,,
2318,olympus,dino_multi,3+6 clicks,1,0.2777181702574803,8,1,211,7,212,0.5490438433857981,0.6975025040794157,0.2589705814456183
2318,olympus,dino_clicks,3+6 clicks,2,0.3076399608879457,8,0,68,8,68,0.4950461150989722,,
2318,olympus,sam,3+6 clicks,2,0.2136433251877908,8,1,148,7,149,0.4092541889993556,,
2318,olympus,microsam,3+6 clicks,2,0.1403317425208811,8,0,69,8,69,0.5589566978558157,,
2318,olympus,rf_clicks,3+6 clicks,2,0.378968550820611,8,3,63,5,66,0.8141608961409954,,
2318,olympus,dino_multi,3+6 clicks,2,0.1374560873227676,8,0,163,8,163,0.3923204905136731,0.3989251804907491,0.3648687567690354
2318,olympus,dino_clicks,10+20 clicks,0,0.0519029516234021,8,0,31,8,31,0.853859199188035,,
2318,olympus,sam,10+20 clicks,0,0.0612157005978968,8,0,223,8,223,0.6666622652969604,,
2318,olympus,microsam,10+20 clicks,0,0.1072920138889252,8,0,280,8,280,0.766506019939432,,
2318,olympus,rf_clicks,10+20 clicks,0,0.1404058251660994,8,1,160,7,161,0.806166593279318,,
2318,olympus,dino_multi,10+20 clicks,0,0.2067381907482662,8,1,136,7,137,0.8240780768978844,0.8424985916748734,0.6448031277499218
2318,olympus,dino_clicks,10+20 clicks,1,0.5545259935467346,8,4,68,4,72,0.792417596492433,,
2318,olympus,sam,10+20 clicks,1,0.1503363722805334,8,0,300,8,300,0.5348937810182236,,
2318,olympus,microsam,10+20 clicks,1,0.1743187972940405,8,1,114,7,115,0.9019313252720093,,
2318,olympus,rf_clicks,10+20 clicks,1,0.4514821956717282,8,3,246,5,249,0.6642717404830244,,
2318,olympus,dino_multi,10+20 clicks,1,0.5286118836614678,8,6,175,2,181,0.7765740739118936,0.7531599631780201,0.6464121202272542
2318,olympus,dino_clicks,10+20 clicks,2,0.3910541207078819,8,1,89,7,90,0.5836501114260133,,
2318,olympus,sam,10+20 clicks,2,0.1275408764409741,8,0,313,8,313,0.6048108573081081,,
2318,olympus,microsam,10+20 clicks,2,0.1356779195208959,8,1,172,7,173,0.8519192329544618,,
2318,olympus,rf_clicks,10+20 clicks,2,0.4278442733520116,8,3,390,5,393,0.7936948160988029,,
2318,olympus,dino_multi,10+20 clicks,2,0.2804036638262123,8,0,122,8,122,0.8219659632837297,0.8415919305309825,0.7239693701290753
2335,olympus,otsu,no input,0,0.4103432184037582,6,0,291,6,291,0.6252398068314626,,
2335,olympus,dino_labels,5 labelled training images,0,0.243138944000357,6,0,17,6,17,0.9026442254554778,,
2335,olympus,dino_clicks,3+6 clicks,0,0.6028644455595303,6,5,72,1,77,0.7689303368043805,,
2335,olympus,sam,3+6 clicks,0,0.5059793305084216,6,2,47,4,49,0.7694461613649758,,
2335,olympus,microsam,3+6 clicks,0,0.448053032618178,6,2,25,4,27,0.8527382370641481,,
2335,olympus,rf_clicks,3+6 clicks,0,0.3997111483934992,6,0,46,6,46,0.612277965819465,,
2335,olympus,dino_multi,3+6 clicks,0,0.2017513782795327,6,0,169,6,169,0.6213327919711829,0.5499300922781928,0.5238938053097345
2335,olympus,dino_clicks,3+6 clicks,1,0.0770461933359323,6,0,34,6,34,0.9000439485052149,,
2335,olympus,sam,3+6 clicks,1,0.1353008914930658,6,0,149,6,149,0.6629888059806518,,
2335,olympus,microsam,3+6 clicks,1,0.1290095681137113,6,0,35,6,35,0.6587523680120975,,
2335,olympus,rf_clicks,3+6 clicks,1,0.1695765522851622,6,1,31,5,32,0.9323533763684024,,
2335,olympus,dino_multi,3+6 clicks,1,0.7557334718807903,6,5,82,1,87,0.8858778109931049,0.6272972673150168,0.654216163733913
2335,olympus,dino_clicks,3+6 clicks,2,0.4941459305417695,6,2,59,4,61,0.9048854926263308,,
2335,olympus,sam,3+6 clicks,2,0.4748599196948329,6,3,50,3,53,0.6540876269734427,,
2335,olympus,microsam,3+6 clicks,2,0.2654885657448942,6,1,47,5,48,0.6739775716305346,,
2335,olympus,rf_clicks,3+6 clicks,2,0.4497511523229631,6,3,35,3,38,0.7417865110267787,,
2335,olympus,dino_multi,3+6 clicks,2,0.5340812385807605,6,2,92,4,94,0.8394982275208961,0.5843943744823796,0.6315217483592152
2335,olympus,dino_clicks,10+20 clicks,0,0.5957924345835988,6,3,83,3,86,0.9344264546969724,,
2335,olympus,sam,10+20 clicks,0,0.7370873812796453,6,5,279,1,284,0.8587322709079196,,
2335,olympus,microsam,10+20 clicks,0,0.2514531275977348,6,0,60,6,60,0.9189731412613228,,
2335,olympus,rf_clicks,10+20 clicks,0,0.4150334583019259,6,1,119,5,120,0.7538750666180472,,
2335,olympus,dino_multi,10+20 clicks,0,0.2332140921031089,6,0,100,6,100,0.8863081998093439,0.8522739464743398,0.6971463496717741
2335,olympus,dino_clicks,10+20 clicks,1,0.8196324578975188,6,6,50,0,56,0.8951837687171842,,
2335,olympus,sam,10+20 clicks,1,0.7140234295903346,6,5,233,1,238,0.8256114460200078,,
2335,olympus,microsam,10+20 clicks,1,0.3425653718793602,6,1,46,5,47,0.9206209373371392,,
2335,olympus,rf_clicks,10+20 clicks,1,0.1959401953460795,6,1,210,5,211,0.8877408080990347,,
2335,olympus,dino_multi,10+20 clicks,1,0.5432235659335661,6,2,71,4,73,0.8359330742900912,0.9013527282186912,0.6567040881169244
2335,olympus,dino_clicks,10+20 clicks,2,0.5359801521650139,6,3,46,3,49,0.8901525921713581,,
2335,olympus,sam,10+20 clicks,2,0.758344669632145,6,5,168,1,173,0.8891334826433491,,
2335,olympus,microsam,10+20 clicks,2,0.5012155916629085,6,2,10,4,12,0.907358139359982,,
2335,olympus,rf_clicks,10+20 clicks,2,0.4165769119536941,6,2,266,4,268,0.7644901689776629,,
2335,olympus,dino_multi,10+20 clicks,2,0.6997204990355873,6,5,94,1,99,0.9004732739420935,0.8311094504993446,0.7417056822392132
2339,olympus,otsu,no input,0,0.493842028650391,7,1,217,6,218,0.6722983025592218,,
2339,olympus,dino_labels,5 labelled training images,0,0.4146691687668277,7,1,12,6,13,0.9336573206183606,,
2339,olympus,dino_clicks,3+6 clicks,0,0.5915489870583642,7,3,58,4,61,0.850487097919857,,
2339,olympus,sam,3+6 clicks,0,0.4105758603022115,7,3,81,4,84,0.5618385168995087,,
2339,olympus,microsam,3+6 clicks,0,0.1802134759642328,7,1,59,6,60,0.6613391017717346,,
2339,olympus,rf_clicks,3+6 clicks,0,0.4203065182812925,7,3,44,4,47,0.8347304879134836,,
2339,olympus,dino_multi,3+6 clicks,0,0.4920743723806888,7,3,91,4,94,0.755134175768484,0.766886864827849,0.5700518850131314
2339,olympus,dino_clicks,3+6 clicks,1,0.4367658688740845,7,1,37,6,38,0.5770200206026393,,
2339,olympus,sam,3+6 clicks,1,0.5539477750926451,7,4,184,3,188,0.8712528329886607,,
2339,olympus,microsam,3+6 clicks,1,0.2550763561813922,7,0,80,7,80,0.8941795423620785,,
2339,olympus,rf_clicks,3+6 clicks,1,0.2999982348478006,7,0,78,7,78,0.6525786602021463,,
2339,olympus,dino_multi,3+6 clicks,1,0.1433951252405965,7,0,238,7,238,0.4515260628281505,0.4293744500334905,0.4501331048191671
2339,olympus,dino_clicks,3+6 clicks,2,0.1334983246512782,7,0,50,7,50,0.9154055420468498,,
2339,olympus,sam,3+6 clicks,2,0.2661399004839307,7,1,179,6,180,0.7829763990130154,,
2339,olympus,microsam,3+6 clicks,2,0.3039623406327014,7,1,40,6,41,0.7765856636077791,,
2339,olympus,rf_clicks,3+6 clicks,2,0.1224944585607838,7,0,64,7,64,0.9206555393713636,,
2339,olympus,dino_multi,3+6 clicks,2,0.4280538525940479,7,3,87,4,90,0.7828520103639944,0.8272224626183952,0.6292210853628253
2339,olympus,dino_clicks,10+20 clicks,0,0.6394426544775155,7,4,68,3,72,0.8739977068712103,,
2339,olympus,sam,10+20 clicks,0,0.5512031068363846,7,2,202,5,204,0.7146411474840542,,
2339,olympus,microsam,10+20 clicks,0,0.2757116738836683,7,0,14,7,14,0.9154331627332806,,
2339,olympus,rf_clicks,10+20 clicks,0,0.4479384859520638,7,1,307,6,308,0.7088758867490846,,
2339,olympus,dino_multi,10+20 clicks,0,0.6417018595924846,7,4,79,3,83,0.904397397880606,0.9192106681264915,0.7925211733657511
2339,olympus,dino_clicks,10+20 clicks,1,0.5657893807956864,7,3,68,4,71,0.8953020671195613,,
2339,olympus,sam,10+20 clicks,1,0.2521422365027303,7,1,287,6,288,0.5292658309956652,,
2339,olympus,microsam,10+20 clicks,1,0.274492022135893,7,0,43,7,43,0.9233367041269962,,
2339,olympus,rf_clicks,10+20 clicks,1,0.3338950795827818,7,0,141,7,141,0.767932523986765,,
2339,olympus,dino_multi,10+20 clicks,1,0.5129568248147799,7,3,91,4,94,0.8517804811038525,0.9317236632222804,0.6945328809550422
2339,olympus,dino_clicks,10+20 clicks,2,0.6640487220201537,7,5,51,2,56,0.8435435447251722,,
2339,olympus,sam,10+20 clicks,2,0.2239528201861681,7,1,542,6,543,0.6061605048552502,,
2339,olympus,microsam,10+20 clicks,2,0.2530278904690175,7,0,22,7,22,0.910956896034755,,
2339,olympus,rf_clicks,10+20 clicks,2,0.1407459523847694,7,0,58,7,58,0.923944494338376,,
2339,olympus,dino_multi,10+20 clicks,2,0.3533243798147084,7,1,94,6,95,0.8213184811545468,0.8548694662038879,0.6200427818493226
2351,olympus,otsu,no input,0,0.3024953912020207,8,1,251,7,252,0.6329545877882502,,
2351,olympus,dino_labels,5 labelled training images,0,0.1370957171011515,8,1,11,7,12,0.8765217537202308,,
2351,olympus,dino_clicks,3+6 clicks,0,0.1807617309147908,8,0,104,8,104,0.841222619383143,,
2351,olympus,sam,3+6 clicks,0,0.2129942234020502,8,2,45,6,47,0.3881483624553487,,
2351,olympus,microsam,3+6 clicks,0,0.3003100736308569,8,1,44,7,45,0.7495252221890271,,
2351,olympus,rf_clicks,3+6 clicks,0,0.1334622385692817,8,0,450,8,450,0.3601227827376497,,
2351,olympus,dino_multi,3+6 clicks,0,0.1640803655113811,8,0,149,8,149,0.4247188969402358,0.3998382115016914,0.3742684128179869
2351,olympus,dino_clicks,3+6 clicks,1,0.4963095488578376,8,4,29,4,33,0.8786047220106626,,
2351,olympus,sam,3+6 clicks,1,0.5593335951409288,8,4,100,4,104,0.8481717579325626,,
2351,olympus,microsam,3+6 clicks,1,0.1925322407661204,8,1,27,7,28,0.9161756879274056,,
2351,olympus,rf_clicks,3+6 clicks,1,0.293976608763243,8,1,219,7,220,0.6881769329839676,,
2351,olympus,dino_multi,3+6 clicks,1,0.4665393935943088,8,2,99,6,101,0.785961221269577,0.8167951242381623,0.5228241003240449
2351,olympus,dino_clicks,3+6 clicks,2,0.0494678923211201,8,0,16,8,16,0.8640131539067709,,
2351,olympus,sam,3+6 clicks,2,0.3278180047721608,8,1,122,7,123,0.7729373502225265,,
2351,olympus,microsam,3+6 clicks,2,0.1997039335914461,8,1,56,7,57,0.9253057134037972,,
2351,olympus,rf_clicks,3+6 clicks,2,0.0457991403972782,8,0,29,8,29,0.788478025841278,,
2351,olympus,dino_multi,3+6 clicks,2,0.2606161361568334,8,1,46,7,47,0.8616012816731156,0.7103577200942496,0.7035896243776758
2351,olympus,dino_clicks,10+20 clicks,0,0.639584689599427,8,5,56,3,61,0.8800898076104208,,
2351,olympus,sam,10+20 clicks,0,0.793271164052788,8,8,91,0,99,0.9089713944728304,,
2351,olympus,microsam,10+20 clicks,0,0.2105553845357651,8,1,34,7,35,0.9092367338067964,,
2351,olympus,rf_clicks,10+20 clicks,0,0.3080793117832627,8,0,349,8,349,0.7091809030533395,,
2351,olympus,dino_multi,10+20 clicks,0,0.2315177297751952,8,0,90,8,90,0.8457967442725856,0.7709383703938083,0.6178845613415535
2351,olympus,dino_clicks,10+20 clicks,1,0.530935852593747,8,3,38,5,41,0.9031059907142804,,
2351,olympus,sam,10+20 clicks,1,0.1884065698728508,8,0,381,8,381,0.5937388509094054,,
2351,olympus,microsam,10+20 clicks,1,0.1979402983214753,8,1,29,7,30,0.810724647221739,,
2351,olympus,rf_clicks,10+20 clicks,1,0.1761187504836643,8,0,943,8,943,0.4743819233662801,,
2351,olympus,dino_multi,10+20 clicks,1,0.0485887199915911,8,0,31,8,31,0.849993421984739,0.789757210417638,0.7192077189974362
2351,olympus,dino_clicks,10+20 clicks,2,0.6148235185346189,8,6,64,2,70,0.8363449443242128,,
2351,olympus,sam,10+20 clicks,2,0.410384858188235,8,2,381,6,383,0.6681777670980595,,
2351,olympus,microsam,10+20 clicks,2,0.0903807103950955,8,0,33,8,33,0.9041447742940646,,
2351,olympus,rf_clicks,10+20 clicks,2,0.166631199946736,8,0,449,8,449,0.7095632101441929,,
2351,olympus,dino_multi,10+20 clicks,2,0.2189107802979643,8,2,86,6,88,0.8579998708609465,0.7753063961066362,0.7310901453463338
2355,olympus,otsu,no input,0,0.3843761727474925,7,2,50,5,52,0.5475543800273974,,
2355,olympus,dino_labels,5 labelled training images,0,0.2842315138589136,7,2,21,5,23,0.9076394289706444,,
2355,olympus,dino_clicks,3+6 clicks,0,0.0428606502953868,7,0,40,7,40,0.8389887819523395,,
2355,olympus,sam,3+6 clicks,0,0.1498915738636505,7,0,171,7,171,0.7459034924229073,,
2355,olympus,microsam,3+6 clicks,0,0.1829747975390781,7,1,42,6,43,0.7732960166668702,,
2355,olympus,rf_clicks,3+6 clicks,0,0.4791417631852266,7,3,193,4,196,0.830166738228138,,
2355,olympus,dino_multi,3+6 clicks,0,0.2488467190965325,7,0,90,7,90,0.8122679742480786,0.8789905895758433,0.704225352112676
2355,olympus,dino_clicks,3+6 clicks,1,0.5892392237012185,7,4,126,3,130,0.7715716632723363,,
2355,olympus,sam,3+6 clicks,1,0.3418777097753387,7,3,72,4,75,0.6465475478042803,,
2355,olympus,microsam,3+6 clicks,1,0.2153172257479373,7,1,16,6,17,0.849371670536812,,
2355,olympus,rf_clicks,3+6 clicks,1,0.4184689651005335,7,1,440,6,441,0.7419311859561858,,
2355,olympus,dino_multi,3+6 clicks,1,0.2305632115909512,7,0,83,7,83,0.548332940411639,0.6999064944902766,0.4222620547104608
2355,olympus,dino_clicks,3+6 clicks,2,0.4537787184581838,7,3,107,4,110,0.642411315965089,,
2355,olympus,sam,3+6 clicks,2,0.295091658733758,7,0,112,7,112,0.5826838575517873,,
2355,olympus,microsam,3+6 clicks,2,0.0834594356292137,7,0,74,7,74,0.6553315275482068,,
2355,olympus,rf_clicks,3+6 clicks,2,0.1455174433159092,7,0,187,7,187,0.8070786086398449,,
2355,olympus,dino_multi,3+6 clicks,2,0.204386790488124,7,0,111,7,111,0.7809808480382545,0.8310213798470906,0.6222348409359567
2355,olympus,dino_clicks,10+20 clicks,0,0.2586004307337798,7,1,98,6,99,0.8716562751834415,,
2355,olympus,sam,10+20 clicks,0,0.3632552142592346,7,2,159,5,161,0.6392470542945946,,
2355,olympus,microsam,10+20 clicks,0,0.3032881086140132,7,2,102,5,104,0.9106359009922278,,
2355,olympus,rf_clicks,10+20 clicks,0,0.3873764813423944,7,0,296,7,296,0.7725373951281392,,
2355,olympus,dino_multi,10+20 clicks,0,0.2572223676493469,7,1,120,6,121,0.8434460110771643,0.8987487323967567,0.65523039005872
2355,olympus,dino_clicks,10+20 clicks,1,0.6815038609099596,7,6,83,1,89,0.8597864975289737,,
2355,olympus,sam,10+20 clicks,1,0.4250025924372722,7,3,158,4,161,0.6739652000693243,,
2355,olympus,microsam,10+20 clicks,1,0.2123066678321574,7,1,40,6,41,0.867444862793214,,
2355,olympus,rf_clicks,10+20 clicks,1,0.3544473833973255,7,1,263,6,264,0.7780816608230154,,
2355,olympus,dino_multi,10+20 clicks,1,0.3554528426716592,7,0,108,7,108,0.7463873479105793,0.8368099819446685,0.5458463779640687
2355,olympus,dino_clicks,10+20 clicks,2,0.2016951291887193,7,1,67,6,68,0.885814618412589,,
2355,olympus,sam,10+20 clicks,2,0.40000374863223,7,3,100,4,103,0.6527455597094498,,
2355,olympus,microsam,10+20 clicks,2,0.3432199415171624,7,2,102,5,104,0.8985491190063764,,
2355,olympus,rf_clicks,10+20 clicks,2,0.3955542567235849,7,1,462,6,463,0.7843241232770272,,
2355,olympus,dino_multi,10+20 clicks,2,0.2099778803542981,7,0,132,7,132,0.7153268044290012,0.898242902146477,0.5049778809322293
2359,olympus,otsu,no input,0,0.324957868122376,8,1,58,7,59,0.4815040204313733,,
2359,olympus,dino_labels,5 labelled training images,0,0.3328495237980641,8,2,23,6,25,0.8637437659464368,,
2359,olympus,dino_clicks,3+6 clicks,0,0.286695745691035,8,0,78,8,78,0.44129234797617,,
2359,olympus,sam,3+6 clicks,0,0.1797025771679847,8,1,208,7,209,0.6203453251009816,,
2359,olympus,microsam,3+6 clicks,0,0.2183550143963819,8,2,18,6,20,0.5866040260646963,,
2359,olympus,rf_clicks,3+6 clicks,0,0.312191989993641,8,0,153,8,153,0.5844333662061457,,
2359,olympus,dino_multi,3+6 clicks,0,0.1262637477016729,8,0,481,8,481,0.4310493806325311,0.3232754407116556,0.4125359816833906
2359,olympus,dino_clicks,3+6 clicks,1,0.1967024102489486,8,0,122,8,122,0.7061080107047745,,
2359,olympus,sam,3+6 clicks,1,0.1088582799857211,8,0,183,8,183,0.6384804108951148,,
2359,olympus,microsam,3+6 clicks,1,0.1435346693327759,8,0,40,8,40,0.7256440560185443,,
2359,olympus,rf_clicks,3+6 clicks,1,0.2475386291368442,8,1,137,7,138,0.7237620595917063,,
2359,olympus,dino_multi,3+6 clicks,1,0.2016644339761314,8,0,103,8,103,0.6399678553939179,0.8244375194267998,0.4728671985819551
2359,olympus,dino_clicks,3+6 clicks,2,0.3396991072718012,8,1,104,7,105,0.5819618417545895,,
2359,olympus,sam,3+6 clicks,2,0.114168036716448,8,0,221,8,221,0.4625278348608092,,
2359,olympus,microsam,3+6 clicks,2,0.1690172719099337,8,1,43,7,44,0.5653546147256414,,
2359,olympus,rf_clicks,3+6 clicks,2,0.3469347025146453,8,0,459,8,459,0.628190824984474,,
2359,olympus,dino_multi,3+6 clicks,2,0.1961827947870273,8,0,122,8,122,0.349563545500244,0.704700976548578,0.0690459366196959
2359,olympus,dino_clicks,10+20 clicks,0,0.56643461425574,8,5,76,3,81,0.8472985567175231,,
2359,olympus,sam,10+20 clicks,0,0.3701167523356847,8,3,451,5,454,0.6463388503457302,,
2359,olympus,microsam,10+20 clicks,0,0.2305373864974324,8,1,66,7,67,0.8389928410145105,,
2359,olympus,rf_clicks,10+20 clicks,0,0.4194542511470593,8,3,219,5,222,0.8399724592211922,,
2359,olympus,dino_multi,10+20 clicks,0,0.4412673476684161,8,2,196,6,198,0.778556210871985,0.8989940737679237,0.6364104377167029
2359,olympus,dino_clicks,10+20 clicks,1,0.3948299346823179,8,3,98,5,101,0.7437468102769379,,
2359,olympus,sam,10+20 clicks,1,0.2572582199718705,8,1,269,7,270,0.6068228119665691,,
2359,olympus,microsam,10+20 clicks,1,0.2098148959453957,8,0,124,8,124,0.7301425438863348,,
2359,olympus,rf_clicks,10+20 clicks,1,0.3264518259108138,8,2,257,6,259,0.7448309996743732,,
2359,olympus,dino_multi,10+20 clicks,1,0.3293495616775391,8,0,93,8,93,0.7074423443970537,0.880124951190941,0.5340018227355265
2359,olympus,dino_clicks,10+20 clicks,2,0.5373608958136373,8,5,69,3,74,0.8221313648196173,,
2359,olympus,sam,10+20 clicks,2,0.1196525409078954,8,0,373,8,373,0.6273159955818858,,
2359,olympus,microsam,10+20 clicks,2,0.2207776327609572,8,1,57,7,58,0.7838882528798012,,
2359,olympus,rf_clicks,10+20 clicks,2,0.3231113765780067,8,2,274,6,276,0.6700988815390323,,
2359,olympus,dino_multi,10+20 clicks,2,0.2682299135001004,8,0,223,8,223,0.6973959443953656,0.7881311516001899,0.6168833775164803
2378,olympus,otsu,no input,0,0.3847517701348711,7,0,210,7,210,0.5605875021199501,,
2378,olympus,dino_labels,5 labelled training images,0,0.3082098653049123,7,2,13,5,15,0.8470069009789761,,
2378,olympus,dino_clicks,3+6 clicks,0,0.1695397217165017,7,1,66,6,67,0.7898204352116791,,
2378,olympus,sam,3+6 clicks,0,0.1932741476444546,7,1,29,6,30,0.4486444644038952,,
2378,olympus,microsam,3+6 clicks,0,0.1565210166866794,7,0,23,7,23,0.5897238511017541,,
2378,olympus,rf_clicks,3+6 clicks,0,0.1011141264403741,7,0,294,7,294,0.366314314608392,,
2378,olympus,dino_multi,3+6 clicks,0,0.1781470129648592,7,0,95,7,95,0.3560984892205276,0.1485970524498813,0.451834108308675
2378,olympus,dino_clicks,3+6 clicks,1,0.4932350512261039,7,2,95,5,97,0.7756983065675186,,
2378,olympus,sam,3+6 clicks,1,0.3747343614402366,7,2,172,5,174,0.596545412359174,,
2378,olympus,microsam,3+6 clicks,1,0.1824424584599268,7,1,33,6,34,0.8083372059903758,,
2378,olympus,rf_clicks,3+6 clicks,1,0.1780035053261192,7,0,551,7,551,0.3857196713886244,,
2378,olympus,dino_multi,3+6 clicks,1,0.241099479541288,7,0,229,7,229,0.4821964869507397,0.5951394584288408,0.3931437275475888
2378,olympus,dino_clicks,3+6 clicks,2,0.4718741756890562,7,3,55,4,58,0.6603211836881993,,
2378,olympus,sam,3+6 clicks,2,0.2326219473442133,7,0,108,7,108,0.3670120440628847,,
2378,olympus,microsam,3+6 clicks,2,0.0904038529505355,7,0,67,7,67,0.6638035089010026,,
2378,olympus,rf_clicks,3+6 clicks,2,0.3850004805161675,7,0,33,7,33,0.558578985105318,,
2378,olympus,dino_multi,3+6 clicks,2,0.1928422881006066,7,0,75,7,75,0.6996181927791547,0.7712775651540004,0.446510907047929
2378,olympus,dino_clicks,10+20 clicks,0,0.677088108611402,7,5,67,2,72,0.8305861084433165,,
2378,olympus,sam,10+20 clicks,0,0.5879513760280481,7,4,151,3,155,0.7732644545263929,,
2378,olympus,microsam,10+20 clicks,0,0.2175250975659856,7,1,39,6,40,0.8690742279381648,,
2378,olympus,rf_clicks,10+20 clicks,0,0.4076772414114776,7,2,310,5,312,0.816668472490086,,
2378,olympus,dino_multi,10+20 clicks,0,0.2617069403149323,7,2,159,5,161,0.8359611545966313,0.8492572614813932,0.739565702137984
2378,olympus,dino_clicks,10+20 clicks,1,0.3776380314071797,7,2,74,5,76,0.7011137717197765,,
2378,olympus,sam,10+20 clicks,1,0.2896347059110841,7,1,224,6,225,0.5424353474115506,,
2378,olympus,microsam,10+20 clicks,1,0.1239963714502685,7,0,58,7,58,0.7050783349678257,,
2378,olympus,rf_clicks,10+20 clicks,1,0.2674390451381594,7,0,231,7,231,0.7969074368054707,,
2378,olympus,dino_multi,10+20 clicks,1,0.5319286683109749,7,3,106,4,109,0.8440088587509667,0.897516692559818,0.7091412950700704
2378,olympus,dino_clicks,10+20 clicks,2,0.3744362973431372,7,2,75,5,77,0.8695395877480254,,
2378,olympus,sam,10+20 clicks,2,0.3269999840224728,7,1,130,6,131,0.5777380109774175,,
2378,olympus,microsam,10+20 clicks,2,0.0974255546147147,7,0,35,7,35,0.8319694541879504,,
2378,olympus,rf_clicks,10+20 clicks,2,0.3106340154674812,7,1,241,6,242,0.5925758261656858,,
2378,olympus,dino_multi,10+20 clicks,2,0.2031005433784372,7,0,120,7,120,0.8190930545334585,0.8465838093538022,0.6804332251675166
2380,olympus,otsu,no input,0,0.4682723253466873,4,1,109,3,110,0.616894149398844,,
2380,olympus,dino_labels,5 labelled training images,0,0.1185382281404839,4,0,15,4,15,0.8825553548051449,,
2380,olympus,dino_clicks,3+6 clicks,0,0.0833912834136434,4,0,26,4,26,0.8429421236841755,,
2380,olympus,sam,3+6 clicks,0,0.6935549400285874,4,3,63,1,66,0.8604463030884723,,
2380,olympus,microsam,3+6 clicks,0,0.1217109048513476,4,0,111,4,111,0.8321249238092474,,
2380,olympus,rf_clicks,3+6 clicks,0,0.0682625512970915,4,0,112,4,112,0.8632896075681324,,
2380,olympus,dino_multi,3+6 clicks,0,0.5830064923651466,4,3,57,1,60,0.7493544640016573,0.3906630480256594,0.5282377656945131
2380,olympus,dino_clicks,3+6 clicks,1,0.4473255536727474,4,1,23,3,24,0.8928239595525684,,
2380,olympus,sam,3+6 clicks,1,0.3890919927073717,4,1,74,3,75,0.8236302135844823,,
2380,olympus,microsam,3+6 clicks,1,0.1340524713282506,4,0,53,4,53,0.7114010309767184,,
2380,olympus,rf_clicks,3+6 clicks,1,0.5327307904870257,4,2,91,2,93,0.8322580438179141,,
2380,olympus,dino_multi,3+6 clicks,1,0.3929494172822188,4,0,48,4,48,0.7512878349132807,0.8533302975353115,0.5363054576831812
2380,olympus,dino_clicks,3+6 clicks,2,0.1093828723384868,4,0,19,4,19,0.885458427502243,,
2380,olympus,sam,3+6 clicks,2,0.7457758633791238,4,4,81,0,85,0.8741186412033125,,
2380,olympus,microsam,3+6 clicks,2,0.4182639870573896,4,1,36,3,37,0.8421852287899815,,
2380,olympus,rf_clicks,3+6 clicks,2,0.1515782604766118,4,0,31,4,31,0.7698537033744502,,
2380,olympus,dino_multi,3+6 clicks,2,0.3505312630535125,4,0,81,4,81,0.7427624914037254,0.8430321120708631,0.5662042875157629
2380,olympus,dino_clicks,10+20 clicks,0,0.7512385351714559,4,4,16,0,20,0.8710132528370111,,
2380,olympus,sam,10+20 clicks,0,0.8945592598650145,4,4,140,0,144,0.9123308618496292,,
2380,olympus,microsam,10+20 clicks,0,0.1131849207587662,4,0,46,4,46,0.8690189267252396,,
2380,olympus,rf_clicks,10+20 clicks,0,0.0957225464074713,4,0,190,4,190,0.769903349987714,,
2380,olympus,dino_multi,10+20 clicks,0,0.4826815169814499,4,1,49,3,50,0.7609090470159592,0.7847987929233473,0.6218422457639026
2380,olympus,dino_clicks,10+20 clicks,1,0.8123439926280592,4,4,20,0,24,0.8652588166034658,,
2380,olympus,sam,10+20 clicks,1,0.7457260794915623,4,4,166,0,170,0.8666291541148295,,
2380,olympus,microsam,10+20 clicks,1,0.10480895139387,4,0,46,4,46,0.8818765754675109,,
2380,olympus,rf_clicks,10+20 clicks,1,0.0863817053113793,4,0,35,4,35,0.8288478109290649,,
2380,olympus,dino_multi,10+20 clicks,1,0.3798492075531931,4,1,55,3,56,0.8081158062594068,0.8349813266939357,0.725428042572883
2380,olympus,dino_clicks,10+20 clicks,2,0.7305380342629659,4,3,31,1,34,0.8919345561449479,,
2380,olympus,sam,10+20 clicks,2,0.382852102728914,4,1,257,3,258,0.6432553639170032,,
2380,olympus,microsam,10+20 clicks,2,0.1083930055830385,4,0,62,4,62,0.8542150146791556,,
2380,olympus,rf_clicks,10+20 clicks,2,0.1765808875944692,4,0,185,4,185,0.8440970330145249,,
2380,olympus,dino_multi,10+20 clicks,2,0.086446745607839,4,0,32,4,32,0.8117014194601327,0.842325336282192,0.6492122643863648
2384,olympus,otsu,no input,0,0.3736236134820995,4,0,157,4,157,0.6436950582969784,,
2384,olympus,dino_labels,5 labelled training images,0,0.1275167213389089,4,0,5,4,5,0.8939015031637387,,
2384,olympus,dino_clicks,3+6 clicks,0,0.5053215442987211,4,2,46,2,48,0.896414342629482,,
2384,olympus,sam,3+6 clicks,0,0.4924844622781141,4,1,24,3,25,0.8746546682983666,,
2384,olympus,microsam,3+6 clicks,0,0.1416757933307359,4,0,11,4,11,0.9087184289853376,,
2384,olympus,rf_clicks,3+6 clicks,0,0.1120893351349201,4,0,20,4,20,0.8352116107642257,,
2384,olympus,dino_multi,3+6 clicks,0,0.1568131403949984,4,0,52,4,52,0.849986853765179,0.744851902939088,0.6252106615778872
2384,olympus,dino_clicks,3+6 clicks,1,0.4847550747740284,4,2,129,2,131,0.8406807463604675,,
2384,olympus,sam,3+6 clicks,1,0.2114265244998137,4,0,55,4,55,0.8369392452136436,,
2384,olympus,microsam,3+6 clicks,1,0.2008724770028834,4,0,15,4,15,0.7837287760354427,,
2384,olympus,rf_clicks,3+6 clicks,1,0.1942907049933273,4,0,395,4,395,0.5592257258819856,,
2384,olympus,dino_multi,3+6 clicks,1,0.444859824627899,4,1,54,3,55,0.79217571443748,0.8858021534412099,0.6448016094780373
2384,olympus,dino_clicks,3+6 clicks,2,0.1370650861044609,4,0,29,4,29,0.8182231089529417,,
2384,olympus,sam,3+6 clicks,2,0.610626263248623,4,3,66,1,69,0.8182903466182609,,
2384,olympus,microsam,3+6 clicks,2,0.1848376689158698,4,0,18,4,18,0.8827096859347656,,
2384,olympus,rf_clicks,3+6 clicks,2,0.102815796335366,4,0,31,4,31,0.8809238831559538,,
2384,olympus,dino_multi,3+6 clicks,2,0.1430275526954271,4,0,57,4,57,0.7559959885871191,0.7543984896800089,0.6729315463168027
2384,olympus,dino_clicks,10+20 clicks,0,0.669480863866789,4,3,59,1,62,0.8633728016072919,,
2384,olympus,sam,10+20 clicks,0,0.4264752472375952,4,1,83,3,84,0.7756067951840554,,
2384,olympus,microsam,10+20 clicks,0,0.1980249338901885,4,0,10,4,10,0.9036364483141756,,
2384,olympus,rf_clicks,10+20 clicks,0,0.3705143500868538,4,0,129,4,129,0.7883429806129326,,
2384,olympus,dino_multi,10+20 clicks,0,0.4910453095056501,4,1,57,3,58,0.794596121659222,0.8646482138368293,0.5648014982280227
2384,olympus,dino_clicks,10+20 clicks,1,0.484455455224826,4,1,61,3,62,0.8075055705406357,,
2384,olympus,sam,10+20 clicks,1,0.2783532870000489,4,0,64,4,64,0.7585571573222544,,
2384,olympus,microsam,10+20 clicks,1,0.2053332612276364,4,0,19,4,19,0.9255857585409486,,
2384,olympus,rf_clicks,10+20 clicks,1,0.1058329720846245,4,0,194,4,194,0.8592648057141182,,
2384,olympus,dino_multi,10+20 clicks,1,0.1537911094622097,4,0,38,4,38,0.8920537763690021,0.9223706231318742,0.6935564614174354
2384,olympus,dino_clicks,10+20 clicks,2,0.4750531049009211,4,1,53,3,54,0.785980996653431,,
2384,olympus,sam,10+20 clicks,2,0.5093952566754794,4,3,150,1,153,0.7147330040125242,,
2384,olympus,microsam,10+20 clicks,2,0.2240038196310495,4,0,31,4,31,0.8790741284968583,,
2384,olympus,rf_clicks,10+20 clicks,2,0.4505841110505814,4,1,327,3,328,0.7146684321112678,,
2384,olympus,dino_multi,10+20 clicks,2,0.1319461352141874,4,0,51,4,51,0.8221062650925373,0.9156007595996009,0.6191004846876608
2386,olympus,otsu,no input,0,0.5759735266224104,8,3,182,5,185,0.7123909359771821,,
2386,olympus,dino_labels,5 labelled training images,0,0.3247064689404171,8,1,20,7,21,0.9167473661684082,,
2386,olympus,dino_clicks,3+6 clicks,0,0.4895308800717467,8,3,53,5,56,0.8065344163571387,,
2386,olympus,sam,3+6 clicks,0,0.4046406341947236,8,3,111,5,114,0.6224948546580412,,
2386,olympus,microsam,3+6 clicks,0,0.0693893143760603,8,0,85,8,85,0.7337421130282832,,
2386,olympus,rf_clicks,3+6 clicks,0,0.2936627680515408,8,1,78,7,79,0.4375531537696715,,
2386,olympus,dino_multi,3+6 clicks,0,0.2442336320278647,8,1,155,7,156,0.5509413190452304,0.5065579416720192,0.3056698062298487
2386,olympus,dino_clicks,3+6 clicks,1,0.4208027861164127,8,2,31,6,33,0.8942261203532833,,
2386,olympus,sam,3+6 clicks,1,0.2485452134871878,8,2,26,6,28,0.4239958986681028,,
2386,olympus,microsam,3+6 clicks,1,0.2029130557102199,8,1,55,7,56,0.7191310473162591,,
2386,olympus,rf_clicks,3+6 clicks,1,0.3043405126596716,8,1,100,7,101,0.8977934042606122,,
2386,olympus,dino_multi,3+6 clicks,1,0.5712022556223393,8,5,111,3,116,0.7261075643257884,0.6065996673273638,0.3921267594482673
2386,olympus,dino_clicks,3+6 clicks,2,0.3032167155670381,8,2,69,6,71,0.5890495211137506,,
2386,olympus,sam,3+6 clicks,2,0.1952517696272787,8,0,63,8,63,0.4041508933399998,,
2386,olympus,microsam,3+6 clicks,2,0.1138597620740832,8,0,89,8,89,0.7265667898299921,,
2386,olympus,rf_clicks,3+6 clicks,2,0.3777302053880319,8,1,76,7,77,0.8398430956502317,,
2386,olympus,dino_multi,3+6 clicks,2,0.1654053188698673,8,1,75,7,76,0.3256764605959648,0.3141529032611808,0.1793417490956007
2386,olympus,dino_clicks,10+20 clicks,0,0.6605402179580816,8,5,41,3,46,0.7902675471765526,,
2386,olympus,sam,10+20 clicks,0,0.6366823640154439,8,5,108,3,113,0.7679545270652965,,
2386,olympus,microsam,10+20 clicks,0,0.2515731667929298,8,2,253,6,255,0.8996781445401275,,
2386,olympus,rf_clicks,10+20 clicks,0,0.5115555569382653,8,2,45,6,47,0.9091389991895584,,
2386,olympus,dino_multi,10+20 clicks,0,0.588778342923828,8,3,98,5,101,0.8613742389214533,0.8557427237100398,0.6255459495326009
2386,olympus,dino_clicks,10+20 clicks,1,0.7914309590303337,8,7,41,1,48,0.8733785884885672,,
2386,olympus,sam,10+20 clicks,1,0.713907258270716,8,6,177,2,183,0.8282108213265011,,
2386,olympus,microsam,10+20 clicks,1,0.3450635796013735,8,3,35,5,38,0.9023053176579894,,
2386,olympus,rf_clicks,10+20 clicks,1,0.3376479923804499,8,1,159,7,160,0.8060568735607562,,
2386,olympus,dino_multi,10+20 clicks,1,0.6316152255811257,8,5,61,3,66,0.7925597345957431,0.8141793035693868,0.5440269388211074
2386,olympus,dino_clicks,10+20 clicks,2,0.8297202442647065,8,7,59,1,66,0.901618059193408,,
2386,olympus,sam,10+20 clicks,2,0.0898059722686013,8,0,428,8,428,0.6205326901747099,,
2386,olympus,microsam,10+20 clicks,2,0.2547196508126945,8,1,125,7,126,0.8967316896942559,,
2386,olympus,rf_clicks,10+20 clicks,2,0.3335854106884601,8,3,82,5,85,0.8772490881039715,,
2386,olympus,dino_multi,10+20 clicks,2,0.4897012499269879,8,4,38,4,42,0.8462625367097024,0.8768839821145741,0.6167267774556442
2392,olympus,otsu,no input,0,0.3980540047026298,5,0,130,5,130,0.561957282459369,,
2392,olympus,dino_labels,5 labelled training images,0,0.597137785296197,5,2,26,3,28,0.9242314220518644,,
2392,olympus,dino_clicks,3+6 clicks,0,0.60538048439016,5,3,80,2,83,0.7501420522136353,,
2392,olympus,sam,3+6 clicks,0,0.3569159831567786,5,2,30,3,32,0.4792889439029003,,
2392,olympus,microsam,3+6 clicks,0,0.6428363628004468,5,3,70,2,73,0.824673926050018,,
2392,olympus,rf_clicks,3+6 clicks,0,0.4268658387685204,5,2,375,3,377,0.7728000694900624,,
2392,olympus,dino_multi,3+6 clicks,0,0.185971217509118,5,0,100,5,100,0.6854197615662722,0.6901675526127639,0.5105524544751225
2392,olympus,dino_clicks,3+6 clicks,1,0.649034158614655,5,4,68,1,72,0.8131465027945501,,
2392,olympus,sam,3+6 clicks,1,0.3673402718228158,5,3,87,2,90,0.5494446900928551,,
2392,olympus,microsam,3+6 clicks,1,0.356713932320389,5,1,68,4,69,0.7496716803436292,,
2392,olympus,rf_clicks,3+6 clicks,1,0.3129546660043108,5,0,449,5,449,0.6188560664489547,,
2392,olympus,dino_multi,3+6 clicks,1,0.2412032690055047,5,0,128,5,128,0.5679447379114181,0.1406507267897007,0.4172421888756285
2392,olympus,dino_clicks,3+6 clicks,2,0.1410681750270727,5,0,93,5,93,0.5968411511802743,,
2392,olympus,sam,3+6 clicks,2,0.194455057833123,5,0,66,5,66,0.3742630689687679,,
2392,olympus,microsam,3+6 clicks,2,0.3955273806417423,5,2,3,3,5,0.5562503517405687,,
2392,olympus,rf_clicks,3+6 clicks,2,0.1625903747355867,5,0,41,5,41,0.6455470367570765,,
2392,olympus,dino_multi,3+6 clicks,2,0.1918664026740993,5,0,164,5,164,0.5407099617748184,0.4405683470783239,0.3139765085010537
2392,olympus,dino_clicks,10+20 clicks,0,0.8331349525617837,5,5,83,0,88,0.911706681014634,,
2392,olympus,sam,10+20 clicks,0,0.5316722009219438,5,4,162,1,166,0.6813498324520906,,
2392,olympus,microsam,10+20 clicks,0,0.6608815579944862,5,4,36,1,40,0.876660111370057,,
2392,olympus,rf_clicks,10+20 clicks,0,0.4632931514144289,5,2,234,3,236,0.8331865830736821,,
2392,olympus,dino_multi,10+20 clicks,0,0.6727177316081917,5,3,103,2,106,0.87806795396763,0.9034707364919342,0.7764242431845839
2392,olympus,dino_clicks,10+20 clicks,1,0.8260130437104447,5,5,71,0,76,0.9251670933630493,,
2392,olympus,sam,10+20 clicks,1,0.2839931965629831,5,1,290,4,291,0.5920367429869043,,
2392,olympus,microsam,10+20 clicks,1,0.5851737131635336,5,3,76,2,79,0.7900573372818348,,
2392,olympus,rf_clicks,10+20 clicks,1,0.322614051844886,5,1,252,4,253,0.7360643969640509,,
2392,olympus,dino_multi,10+20 clicks,1,0.6582258234973575,5,3,161,2,164,0.8691951196443772,0.8071357146825177,0.738529482636708
2392,olympus,dino_clicks,10+20 clicks,2,0.0854488087489144,5,0,73,5,73,0.8753918989577166,,
2392,olympus,sam,10+20 clicks,2,0.4659284792155125,5,2,135,3,137,0.6490985242041308,,
2392,olympus,microsam,10+20 clicks,2,0.6860126883499186,5,4,27,1,31,0.8530813518432402,,
2392,olympus,rf_clicks,10+20 clicks,2,0.4185236195331366,5,2,220,3,222,0.8934091402435147,,
2392,olympus,dino_multi,10+20 clicks,2,0.1824717806925984,5,1,120,4,121,0.867053115619012,0.9193834755885354,0.6914331389564355
2394,olympus,otsu,no input,0,0.4714958307228528,14,8,129,6,137,0.7258677654844448,,
2394,olympus,dino_labels,5 labelled training images,0,0.3846065716710758,14,5,33,9,38,0.8799863182377891,,
2394,olympus,dino_clicks,3+6 clicks,0,0.5200645881390915,14,9,112,5,121,0.7522026786116528,,
2394,olympus,sam,3+6 clicks,0,0.1269930565984736,14,1,273,13,274,0.413838300493097,,
2394,olympus,microsam,3+6 clicks,0,0.2260856577730347,14,1,27,13,28,0.761042592530544,,
2394,olympus,rf_clicks,3+6 clicks,0,0.1822916724918895,14,1,31,13,32,0.8923943661971832,,
2394,olympus,dino_multi,3+6 clicks,0,0.216922687998675,14,1,170,13,171,0.7445476963746787,0.7329982712934596,0.5543125329522635
2394,olympus,dino_clicks,3+6 clicks,1,0.5364961834324146,14,10,39,4,49,0.7061016672686388,,
2394,olympus,sam,3+6 clicks,1,0.2298779325225154,14,2,96,12,98,0.4550530894594435,,
2394,olympus,microsam,3+6 clicks,1,0.0971777822336766,14,0,29,14,29,0.6876048649101675,,
2394,olympus,rf_clicks,3+6 clicks,1,0.3072950657061436,14,0,534,14,534,0.7121142513410519,,
2394,olympus,dino_multi,3+6 clicks,1,0.167716838461194,14,1,113,13,114,0.4299775426582738,0.4027471750825233,0.1682661548304542
2394,olympus,dino_clicks,3+6 clicks,2,0.3514547572529291,14,6,53,8,59,0.8021518354499655,,
2394,olympus,sam,3+6 clicks,2,0.1317813746065529,14,2,27,12,29,0.3722113926792289,,
2394,olympus,microsam,3+6 clicks,2,0.1203303577565472,14,2,23,12,25,0.3790474591213451,,
2394,olympus,rf_clicks,3+6 clicks,2,0.2628347066488432,14,2,26,12,28,0.8728522150093707,,
2394,olympus,dino_multi,3+6 clicks,2,0.2413887983452503,14,1,64,13,65,0.7925153022872893,0.7577842608392507,0.5768325841565124
2394,olympus,dino_clicks,10+20 clicks,0,0.6139604564840849,14,8,75,6,83,0.7962769481877378,,
2394,olympus,sam,10+20 clicks,0,0.555052313933952,14,10,202,4,212,0.7599678513904597,,
2394,olympus,microsam,10+20 clicks,0,0.0921817215677115,14,1,227,13,228,0.8602853013878291,,
2394,olympus,rf_clicks,10+20 clicks,0,0.3300664521020417,14,4,337,10,341,0.8690314287845662,,
2394,olympus,dino_multi,10+20 clicks,0,0.0206458999444467,14,0,15,14,15,0.825963263312604,0.8431138653710007,0.6013701856173328
2394,olympus,dino_clicks,10+20 clicks,1,0.5992383969172473,14,10,63,4,73,0.7772309554525618,,
2394,olympus,sam,10+20 clicks,1,0.3684213709697869,14,5,315,9,320,0.5866853647797113,,
2394,olympus,microsam,10+20 clicks,1,0.1985358582760152,14,3,216,11,219,0.8714131525268999,,
2394,olympus,rf_clicks,10+20 clicks,1,0.3225990521031633,14,3,384,11,387,0.8695166842769011,,
2394,olympus,dino_multi,10+20 clicks,1,0.1923200257357604,14,1,152,13,153,0.7454969199012861,0.7385540746182505,0.5315376863376392
2394,olympus,dino_clicks,10+20 clicks,2,0.5358821968049077,14,8,44,6,52,0.7022501467047088,,
2394,olympus,sam,10+20 clicks,2,0.4048837066257532,14,5,165,9,170,0.6288633160690075,,
2394,olympus,microsam,10+20 clicks,2,0.10575160300908,14,1,198,13,199,0.8679190240767115,,
2394,olympus,rf_clicks,10+20 clicks,2,0.4082491462629026,14,3,134,11,137,0.6572126030932329,,
2394,olympus,dino_multi,10+20 clicks,2,0.2680965051281699,14,3,157,11,160,0.8387417148198505,0.8085042947821601,0.7104649832890674
2404,olympus,otsu,no input,0,0.4423763843650098,3,1,142,2,143,0.6157997781897239,,
2404,olympus,dino_labels,5 labelled training images,0,0.1732660873246823,3,0,28,3,28,0.838680051936536,,
2404,olympus,dino_clicks,3+6 clicks,0,0.0969151346898584,3,0,97,3,97,0.7689993703798708,,
2404,olympus,sam,3+6 clicks,0,0.287773354631693,3,0,63,3,63,0.7635505712392742,,
2404,olympus,microsam,3+6 clicks,0,0.2488353507885097,3,0,15,3,15,0.9265649604632656,,
2404,olympus,rf_clicks,3+6 clicks,0,0.3908576880715156,3,1,288,2,289,0.7480089425409955,,
2404,olympus,dino_multi,3+6 clicks,0,0.2583741365559656,3,0,107,3,107,0.8187654097837476,0.7431741775005344,0.7168639559311776
2404,olympus,dino_clicks,3+6 clicks,1,0.1191442869555684,3,0,65,3,65,0.8058290287212759,,
2404,olympus,sam,3+6 clicks,1,0.1783844324559925,3,0,60,3,60,0.6330434653733146,,
2404,olympus,microsam,3+6 clicks,1,0.5170275985561471,3,2,35,1,37,0.7971583602546812,,
2404,olympus,rf_clicks,3+6 clicks,1,0.1279865133327844,3,0,47,3,47,0.8343664425446107,,
2404,olympus,dino_multi,3+6 clicks,1,0.135626722757548,3,0,89,3,89,0.7592151405683615,0.8965137614678899,0.5409491351389731
2404,olympus,dino_clicks,3+6 clicks,2,0.1698858717292251,3,0,146,3,146,0.9198467117099554,,
2404,olympus,sam,3+6 clicks,2,0.1640660320447003,3,0,31,3,31,0.91422026412358,,
2404,olympus,microsam,3+6 clicks,2,0.233946437916747,3,0,37,3,37,0.9074385746896654,,
2404,olympus,rf_clicks,3+6 clicks,2,0.5685108585448915,3,2,66,1,68,0.8576136863953708,,
2404,olympus,dino_multi,3+6 clicks,2,0.5471475258531612,3,2,108,1,110,0.785566779371513,0.8399992747842483,0.6201640923822593
2404,olympus,dino_clicks,10+20 clicks,0,0.6219760251928973,3,2,90,1,92,0.7560579601379729,,
2404,olympus,sam,10+20 clicks,0,0.4783472512356765,3,2,206,1,208,0.718970502314572,,
2404,olympus,microsam,10+20 clicks,0,0.4791245898146322,3,1,12,2,13,0.9175313910734056,,
2404,olympus,rf_clicks,10+20 clicks,0,0.4500754597449383,3,1,227,2,228,0.8343713670216865,,
2404,olympus,dino_multi,10+20 clicks,0,0.1857833318554013,3,0,102,3,102,0.896565443735255,0.9005753892582951,0.7986822445048516
2404,olympus,dino_clicks,10+20 clicks,1,0.1989809563411574,3,0,71,3,71,0.909416256421674,,
2404,olympus,sam,10+20 clicks,1,0.4005208524200296,3,1,143,2,144,0.6530852248863243,,
2404,olympus,microsam,10+20 clicks,1,0.5430445775470351,3,2,11,1,13,0.8708053691275168,,
2404,olympus,rf_clicks,10+20 clicks,1,0.1190765810034243,3,0,180,3,180,0.8491575964137797,,
2404,olympus,dino_multi,10+20 clicks,1,0.390725346446275,3,1,75,2,76,0.9100890241669718,0.918238320579174,0.7950186100315088
2404,olympus,dino_clicks,10+20 clicks,2,0.4914977466780604,3,1,77,2,78,0.8695569057640166,,
2404,olympus,sam,10+20 clicks,2,0.7242396108789024,3,3,137,0,140,0.8977070671796958,,
2404,olympus,microsam,10+20 clicks,2,0.249299548321099,3,0,12,3,12,0.9291391080968268,,
2404,olympus,rf_clicks,10+20 clicks,2,0.350670454009406,3,0,293,3,293,0.7594360511220276,,
2404,olympus,dino_multi,10+20 clicks,2,0.4301433016479528,3,2,105,1,107,0.9192069666564168,0.917217428553944,0.7907307452771435
2423,olympus,otsu,no input,0,0.510899066426765,11,2,170,9,172,0.6376961324517213,,
2423,olympus,dino_labels,5 labelled training images,0,0.2832871600567068,11,1,39,10,40,0.8462739204825416,,
2423,olympus,dino_clicks,3+6 clicks,0,0.6245570496808909,11,6,73,5,79,0.7574229860042775,,
2423,olympus,sam,3+6 clicks,0,0.4027046790740023,11,5,118,6,123,0.4877320562847345,,
2423,olympus,microsam,3+6 clicks,0,0.0947219386010333,11,0,101,11,101,0.6421487925833528,,
2423,olympus,rf_clicks,3+6 clicks,0,0.0915554930462541,11,0,18,11,18,0.8842401131460694,,
2423,olympus,dino_multi,3+6 clicks,0,0.0929028462199915,11,0,180,11,180,0.7611975137034803,0.4251572537893868,0.5402391263805715
2423,olympus,dino_clicks,3+6 clicks,1,0.3584444667781134,11,2,55,9,57,0.4828366851705293,,
2423,olympus,sam,3+6 clicks,1,0.140686754015533,11,0,140,11,140,0.3619777491472856,,
2423,olympus,microsam,3+6 clicks,1,0.1190425874220452,11,1,16,10,17,0.5725252969643643,,
2423,olympus,rf_clicks,3+6 clicks,1,0.3258058129602778,11,1,117,10,118,0.4680488166819759,,
2423,olympus,dino_multi,3+6 clicks,1,0.0780492175136414,11,0,83,11,83,0.6658702680456792,0.3468479952177085,0.3265109054959203
2423,olympus,dino_clicks,3+6 clicks,2,0.2956618100425103,11,2,82,9,84,0.4140226245489403,,
2423,olympus,sam,3+6 clicks,2,0.0921745362202436,11,0,259,11,259,0.2989715644506093,,
2423,olympus,microsam,3+6 clicks,2,0.1665038345408559,11,0,46,11,46,0.5375793036352924,,
2423,olympus,rf_clicks,3+6 clicks,2,0.2274523845937433,11,1,654,10,655,0.350591358685466,,
2423,olympus,dino_multi,3+6 clicks,2,0.1007097419092755,11,0,228,11,228,0.4058446126829411,0.3680268248198898,0.335326694573724
2423,olympus,dino_clicks,10+20 clicks,0,0.4088702150733727,11,3,99,8,102,0.826149008885851,,
2423,olympus,sam,10+20 clicks,0,0.3473349066183477,11,3,275,8,278,0.6150187762993474,,
2423,olympus,microsam,10+20 clicks,0,0.1045736899655532,11,0,126,11,126,0.706281402624689,,
2423,olympus,rf_clicks,10+20 clicks,0,0.2495412396132255,11,0,783,11,783,0.6994661966178242,,
2423,olympus,dino_multi,10+20 clicks,0,0.2780868579493177,11,2,106,9,108,0.8816043998423013,0.7054805581229149,0.6255850678475201
2423,olympus,dino_clicks,10+20 clicks,1,0.5775708874333003,11,5,62,6,67,0.6894548895758805,,
2423,olympus,sam,10+20 clicks,1,0.4796081605650482,11,3,142,8,145,0.6260778078644146,,
2423,olympus,microsam,10+20 clicks,1,0.0530770334982684,11,0,58,11,58,0.7806378465095083,,
2423,olympus,rf_clicks,10+20 clicks,1,0.2602255399596258,11,0,267,11,267,0.6961591252195558,,
2423,olympus,dino_multi,10+20 clicks,1,0.1531497982200981,11,0,84,11,84,0.8308088465451131,0.9132356438241588,0.5613768073523386
2423,olympus,dino_clicks,10+20 clicks,2,0.0486881715740372,11,0,68,11,68,0.8651094263887842,,
2423,olympus,sam,10+20 clicks,2,0.6076587233833455,11,5,207,6,212,0.7923659922899575,,
2423,olympus,microsam,10+20 clicks,2,0.0619988386333018,11,0,47,11,47,0.8278896950184657,,
2423,olympus,rf_clicks,10+20 clicks,2,0.5507800473987131,11,6,391,5,397,0.853967390443192,,
2423,olympus,dino_multi,10+20 clicks,2,0.0562677981903061,11,0,91,11,91,0.8378152631327187,0.8897603248354703,0.636132892063163
2424,olympus,otsu,no input,0,0.3548750229791412,6,0,114,6,114,0.50395592004745,,
2424,olympus,dino_labels,5 labelled training images,0,0.5995819159442771,6,5,35,1,40,0.8947716917620017,,
2424,olympus,dino_clicks,3+6 clicks,0,0.3719423236863643,6,2,158,4,160,0.6033505867477972,,
2424,olympus,sam,3+6 clicks,0,0.0963127208371194,6,0,168,6,168,0.647145411946859,,
2424,olympus,microsam,3+6 clicks,0,0.4187288163056896,6,4,71,2,75,0.7673244294778173,,
2424,olympus,rf_clicks,3+6 clicks,0,0.2662483953428431,6,0,434,6,434,0.6777953154077685,,
2424,olympus,dino_multi,3+6 clicks,0,0.2499014828290742,6,1,222,5,223,0.4499694875883384,0.2597487521161349,0.3632714936357201
2424,olympus,dino_clicks,3+6 clicks,1,0.1090042191940741,6,0,91,6,91,0.2144303245499283,,
2424,olympus,sam,3+6 clicks,1,0.0761649823552683,6,0,22,6,22,0.1452532046700666,,
2424,olympus,microsam,3+6 clicks,1,0.3612209074800243,6,2,62,4,64,0.6853176638454727,,
2424,olympus,rf_clicks,3+6 clicks,1,0.1321078880110531,6,0,81,6,81,0.2322776423670647,,
2424,olympus,dino_multi,3+6 clicks,1,0.1478299169012739,6,0,257,6,257,0.4490998101251344,0.2940119247995892,0.3342622324699758
2424,olympus,dino_clicks,3+6 clicks,2,0.2886451226171121,6,1,154,5,155,0.6857352401906858,,
2424,olympus,sam,3+6 clicks,2,0.1559581109212615,6,0,152,6,152,0.4217810520649281,,
2424,olympus,microsam,3+6 clicks,2,0.3892703646761584,6,2,44,4,46,0.6006766561640651,,
2424,olympus,rf_clicks,3+6 clicks,2,0.0894847728136264,6,0,579,6,579,0.2772856393455604,,
2424,olympus,dino_multi,3+6 clicks,2,0.1003395786884091,6,0,256,6,256,0.3068180149488245,0.3016828912056523,0.2711432973347127
2424,olympus,dino_clicks,10+20 clicks,0,0.2115513331992641,6,0,70,6,70,0.9066454355582512,,
2424,olympus,sam,10+20 clicks,0,0.2120938652211918,6,0,304,6,304,0.639479020598086,,
2424,olympus,microsam,10+20 clicks,0,0.2163036760143619,6,0,85,6,85,0.749234678109354,,
2424,olympus,rf_clicks,10+20 clicks,0,0.135512122499534,6,0,412,6,412,0.8050345322111937,,
2424,olympus,dino_multi,10+20 clicks,0,0.326063811207889,6,2,143,4,145,0.8808075879981059,0.8829878869448183,0.7305795285493718
2424,olympus,dino_clicks,10+20 clicks,1,0.5345257563896091,6,4,100,2,104,0.9119766808674205,,
2424,olympus,sam,10+20 clicks,1,0.391578111973084,6,2,304,4,306,0.7081105817114862,,
2424,olympus,microsam,10+20 clicks,1,0.206266251025723,6,1,38,5,39,0.9113725707325177,,
2424,olympus,rf_clicks,10+20 clicks,1,0.2743966685580435,6,1,502,5,503,0.6150127536939229,,
2424,olympus,dino_multi,10+20 clicks,1,0.3126204026525267,6,1,163,5,164,0.779534741572473,0.886066449966186,0.4791774385720387
2424,olympus,dino_clicks,10+20 clicks,2,0.410148714017265,6,3,83,3,86,0.9191340301870546,,
2424,olympus,sam,10+20 clicks,2,0.4346678342666861,6,2,242,4,244,0.6838154475968763,,
2424,olympus,microsam,10+20 clicks,2,0.3672180384452607,6,2,38,4,40,0.92190856241304,,
2424,olympus,rf_clicks,10+20 clicks,2,0.3438328361132084,6,1,240,5,241,0.6664840800182839,,
2424,olympus,dino_multi,10+20 clicks,2,0.3249240804567881,6,0,234,6,234,0.8008114991429872,0.8727240992853075,0.6997614834192506
2435,olympus,otsu,no input,0,0.4993697822856887,8,5,315,3,320,0.7978617970183245,,
2435,olympus,dino_labels,5 labelled training images,0,0.1981250180256296,8,0,17,8,17,0.9046551931121736,,
2435,olympus,dino_clicks,3+6 clicks,0,0.2872988238426323,8,2,73,6,75,0.8655521205014204,,
2435,olympus,sam,3+6 clicks,0,0.2176828399381994,8,1,51,7,52,0.5770741927061775,,
2435,olympus,microsam,3+6 clicks,0,0.15182226344702,8,0,33,8,33,0.6755885520704245,,
2435,olympus,rf_clicks,3+6 clicks,0,0.0548172607802573,8,0,29,8,29,0.905134075566553,,
2435,olympus,dino_multi,3+6 clicks,0,0.2626966267908063,8,0,75,8,75,0.6546838273070981,0.8649506936319572,0.3668254008737061
2435,olympus,dino_clicks,3+6 clicks,1,0.5187829927129004,8,3,69,5,72,0.81243696080912,,
2435,olympus,sam,3+6 clicks,1,0.3185595443117996,8,3,93,5,96,0.6964309196531479,,
2435,olympus,microsam,3+6 clicks,1,0.3024492387100568,8,3,51,5,54,0.6045223502008508,,
2435,olympus,rf_clicks,3+6 clicks,1,0.3707001700941997,8,2,295,6,297,0.8562787380256541,,
2435,olympus,dino_multi,3+6 clicks,1,0.3545523003554872,8,0,92,8,92,0.6158301356686733,0.432053598482723,0.6535488358008299
2435,olympus,dino_clicks,3+6 clicks,2,0.4408132568367232,8,4,77,4,81,0.8235735862145607,,
2435,olympus,sam,3+6 clicks,2,0.2705545719309682,8,2,40,6,42,0.610485380360188,,
2435,olympus,microsam,3+6 clicks,2,0.2235482601699381,8,1,10,7,11,0.7101687711147101,,
2435,olympus,rf_clicks,3+6 clicks,2,0.4887852568717181,8,4,362,4,366,0.7986632011472065,,
2435,olympus,dino_multi,3+6 clicks,2,0.2662083062330178,8,0,83,8,83,0.6216127077312511,0.6390408532745592,0.5084241041316858
2435,olympus,dino_clicks,10+20 clicks,0,0.3408355744933218,8,2,92,6,94,0.914096821563965,,
2435,olympus,sam,10+20 clicks,0,0.2967221315581601,8,0,207,8,207,0.552572795588361,,
2435,olympus,microsam,10+20 clicks,0,0.3556139371447819,8,1,53,7,54,0.8691559080383224,,
2435,olympus,rf_clicks,10+20 clicks,0,0.2941093830018043,8,1,107,7,108,0.861202705810514,,
2435,olympus,dino_multi,10+20 clicks,0,0.0825247131303163,8,0,108,8,108,0.8678055636063369,0.9184531188582832,0.7299837376803208
2435,olympus,dino_clicks,10+20 clicks,1,0.6157801955303979,8,6,75,2,81,0.8073356403819121,,
2435,olympus,sam,10+20 clicks,1,0.4110122909668899,8,1,220,7,221,0.6393910057169644,,
2435,olympus,microsam,10+20 clicks,1,0.2691068828909735,8,0,62,8,62,0.8751246458121243,,
2435,olympus,rf_clicks,10+20 clicks,1,0.2846120111533733,8,1,186,7,187,0.6420620854615572,,
2435,olympus,dino_multi,10+20 clicks,1,0.4056977281549582,8,1,152,7,153,0.8040452588364875,0.9071448439839812,0.632741459714099
2435,olympus,dino_clicks,10+20 clicks,2,0.3140168654749937,8,1,89,7,90,0.9121056892775644,,
2435,olympus,sam,10+20 clicks,2,0.6760116558764107,8,6,74,2,80,0.940278484093086,,
2435,olympus,microsam,10+20 clicks,2,0.1892416058933836,8,0,75,8,75,0.9292575365677128,,
2435,olympus,rf_clicks,10+20 clicks,2,0.1374780347077382,8,0,36,8,36,0.8860310665699089,,
2435,olympus,dino_multi,10+20 clicks,2,0.4979015690110313,8,2,192,6,194,0.8623856540710862,0.9255494362177028,0.7514614863338605
2439,olympus,otsu,no input,0,0.4587577388929273,10,3,328,7,331,0.8655090159873773,,
2439,olympus,dino_labels,5 labelled training images,0,0.4790710027499888,10,4,18,6,22,0.9090337400053704,,
2439,olympus,dino_clicks,3+6 clicks,0,0.4000261594165957,10,1,70,9,71,0.8010742363497236,,
2439,olympus,sam,3+6 clicks,0,0.2853910687261102,10,4,46,6,50,0.5001218002673664,,
2439,olympus,microsam,3+6 clicks,0,0.2701537721024174,10,2,12,8,14,0.5816999915648314,,
2439,olympus,rf_clicks,3+6 clicks,0,0.4144901230556755,10,3,369,7,372,0.6848960365967469,,
2439,olympus,dino_multi,3+6 clicks,0,0.3886726270524401,10,1,60,9,61,0.6515944732308653,0.8525193564883731,0.3278949748419095
2439,olympus,dino_clicks,3+6 clicks,1,0.3825359783112604,10,3,49,7,52,0.9213287096844966,,
2439,olympus,sam,3+6 clicks,1,0.1902834196199219,10,2,88,8,90,0.3620066872249748,,
2439,olympus,microsam,3+6 clicks,1,0.2048410676134572,10,1,42,9,43,0.68268867204861,,
2439,olympus,rf_clicks,3+6 clicks,1,0.4350159445267928,10,4,27,6,31,0.8662669028260885,,
2439,olympus,dino_multi,3+6 clicks,1,0.4956496252280441,10,5,123,5,128,0.8004572341977724,0.6441000765061123,0.5904645184908123
2439,olympus,dino_clicks,3+6 clicks,2,0.3665350105374193,10,0,30,10,30,0.535468956535073,,
2439,olympus,sam,3+6 clicks,2,0.2796383694385124,10,1,129,9,130,0.6621946221329889,,
2439,olympus,microsam,3+6 clicks,2,0.1791751441039335,10,1,36,9,37,0.7190640575849109,,
2439,olympus,rf_clicks,3+6 clicks,2,0.4216872748286419,10,2,87,8,89,0.6249096112883672,,
2439,olympus,dino_multi,3+6 clicks,2,0.2232119633683971,10,0,128,10,128,0.5539146442257119,0.5730077870398957,0.5187710537452391
2439,olympus,dino_clicks,10+20 clicks,0,0.339083603152245,10,2,80,8,82,0.9030786139690272,,
2439,olympus,sam,10+20 clicks,0,0.1073330715678782,10,0,439,10,439,0.5399446625973588,,
2439,olympus,microsam,10+20 clicks,0,0.2578737275882705,10,1,113,9,114,0.886598999402936,,
2439,olympus,rf_clicks,10+20 clicks,0,0.5538550045003972,10,5,128,5,133,0.8606198032594418,,
2439,olympus,dino_multi,10+20 clicks,0,0.3637284233236378,10,2,87,8,89,0.8716932864890904,0.9084541243275552,0.7362445506152447
2439,olympus,dino_clicks,10+20 clicks,1,0.6353363091963629,10,6,60,4,66,0.7900974785362942,,
2439,olympus,sam,10+20 clicks,1,0.1471631854314664,10,0,274,10,274,0.473180857767728,,
2439,olympus,microsam,10+20 clicks,1,0.3184457599417382,10,2,304,8,306,0.8845932382496032,,
2439,olympus,rf_clicks,10+20 clicks,1,0.3802223947341134,10,2,151,8,153,0.899819140381644,,
2439,olympus,dino_multi,10+20 clicks,1,0.5179095910501601,10,4,110,6,114,0.8445721140914014,0.861289733655192,0.7563821799524465
2439,olympus,dino_clicks,10+20 clicks,2,0.6629392131409718,10,8,55,2,63,0.8596725331259267,,
2439,olympus,sam,10+20 clicks,2,0.0823949623239519,10,0,376,10,376,0.3863469634959841,,
2439,olympus,microsam,10+20 clicks,2,0.2825728798791443,10,2,142,8,144,0.8619849035355402,,
2439,olympus,rf_clicks,10+20 clicks,2,0.322234456168042,10,2,498,8,500,0.8898095847341128,,
2439,olympus,dino_multi,10+20 clicks,2,0.4182048103414046,10,2,106,8,108,0.861466333117576,0.8631573715081022,0.7573196297874751
304,nikon,otsu,no input,0,0.1248988320501915,3,0,932,3,932,0.8517729870473753,,
304,nikon,dino_labels,5 labelled training images,0,0.5522928556775645,3,1,12,2,13,0.9102088425445616,,
304,nikon,dino_clicks,3+6 clicks,0,0.4592631081605599,3,1,127,2,128,0.8660983839460131,,
304,nikon,sam,3+6 clicks,0,0.4948957806255734,3,1,87,2,88,0.694052699944331,,
304,nikon,microsam,3+6 clicks,0,0.2132701016255024,3,0,20,3,20,0.8852660062219072,,
304,nikon,rf_clicks,3+6 clicks,0,0.1950973875080488,3,0,128,3,128,0.7941369135260852,,
304,nikon,dino_multi,3+6 clicks,0,0.39337297043538,3,0,41,3,41,0.8240083559851001,0.749160018963989,0.6302823162178715
304,nikon,dino_clicks,3+6 clicks,1,0.4995745109799574,3,1,21,2,22,0.8855886941716461,,
304,nikon,sam,3+6 clicks,1,0.4780228399444337,3,1,33,2,34,0.6693209646291821,,
304,nikon,microsam,3+6 clicks,1,0.272469707711121,3,0,16,3,16,0.913514946323361,,
304,nikon,rf_clicks,3+6 clicks,1,0.1443480025312968,3,0,139,3,139,0.3157815697095981,,
304,nikon,dino_multi,3+6 clicks,1,0.5110566976694143,3,2,48,1,50,0.7145297484597511,0.7132202278501762,0.5715248843763062
304,nikon,dino_clicks,3+6 clicks,2,0.3055582168087134,3,0,94,3,94,0.8610636228105015,,
304,nikon,sam,3+6 clicks,2,0.13007659800875,3,0,107,3,107,0.8647680458534838,,
304,nikon,microsam,3+6 clicks,2,0.2118595799103561,3,0,36,3,36,0.8692700427763213,,
304,nikon,rf_clicks,3+6 clicks,2,0.3662491884915405,3,0,107,3,107,0.7488467176845588,,
304,nikon,dino_multi,3+6 clicks,2,0.2161989849200468,3,0,101,3,101,0.7128458838412335,0.870806472832522,0.361237791799421
304,nikon,dino_clicks,10+20 clicks,0,0.2347167563096742,3,0,28,3,28,0.8693628459210756,,
304,nikon,sam,10+20 clicks,0,0.2310329534960909,3,0,242,3,242,0.7455448188792853,,
304,nikon,microsam,10+20 clicks,0,0.2680580763284144,3,0,7,3,7,0.9193833981795678,,
304,nikon,rf_clicks,10+20 clicks,0,0.1888737426686816,3,0,85,3,85,0.829676651458044,,
304,nikon,dino_multi,10+20 clicks,0,0.2499756043867108,3,0,31,3,31,0.8739092212473966,0.8221859079111795,0.7021830890028593
304,nikon,dino_clicks,10+20 clicks,1,0.5512481790639645,3,1,31,2,32,0.9111011485688668,,
304,nikon,sam,10+20 clicks,1,0.1550355163091835,3,0,305,3,305,0.3963918309430903,,
304,nikon,microsam,10+20 clicks,1,0.6056282880938623,3,2,7,1,9,0.9508698216128556,,
304,nikon,rf_clicks,10+20 clicks,1,0.1678903391914982,3,0,91,3,91,0.8338503196174872,,
304,nikon,dino_multi,10+20 clicks,1,0.7907335088004516,3,3,44,0,47,0.8913284359995075,0.8578003643685876,0.7150912356051188
304,nikon,dino_clicks,10+20 clicks,2,0.505910298688541,3,1,39,2,40,0.8800288762725137,,
304,nikon,sam,10+20 clicks,2,0.2170834233869752,3,0,231,3,231,0.7813323251780774,,
304,nikon,microsam,10+20 clicks,2,0.5478696747455043,3,1,14,2,15,0.9242483776864916,,
304,nikon,rf_clicks,10+20 clicks,2,0.2206957899651138,3,0,244,3,244,0.8200622546372424,,
304,nikon,dino_multi,10+20 clicks,2,0.1648347570663794,3,0,44,3,44,0.8154507772020725,0.8956312449857778,0.6910306507352111
305,nikon,otsu,no input,0,0.1382330444903368,7,0,982,7,982,0.7390484035980495,,
305,nikon,dino_labels,5 labelled training images,0,0.3993391239953737,7,2,37,5,39,0.7994873054266904,,
305,nikon,dino_clicks,3+6 clicks,0,0.2551891010266428,7,0,125,7,125,0.7355659698787355,,
305,nikon,sam,3+6 clicks,0,0.1695257952681701,7,1,44,6,45,0.517935141109982,,
305,nikon,microsam,3+6 clicks,0,0.0710066407828197,7,0,74,7,74,0.7030008975025137,,
305,nikon,rf_clicks,3+6 clicks,0,0.0777348437437091,7,0,173,7,173,0.81225178028877,,
305,nikon,dino_multi,3+6 clicks,0,0.1860846252793966,7,1,145,6,146,0.6243737899926152,0.6895652008303654,0.4165611323488699
305,nikon,dino_clicks,3+6 clicks,1,0.2252110725128533,7,0,122,7,122,0.8290635097803128,,
305,nikon,sam,3+6 clicks,1,0.3601268159141356,7,2,187,5,189,0.6059728130164587,,
305,nikon,microsam,3+6 clicks,1,0.3305384145096922,7,2,36,5,38,0.75137796525756,,
305,nikon,rf_clicks,3+6 clicks,1,0.0819039805498023,7,0,115,7,115,0.7193578283537257,,
305,nikon,dino_multi,3+6 clicks,1,0.2502978723377895,7,1,201,6,202,0.6634804459169813,0.2489368185371153,0.4932322407025443
305,nikon,dino_clicks,3+6 clicks,2,0.4549176600556349,7,2,53,5,55,0.6398702264499415,,
305,nikon,sam,3+6 clicks,2,0.2979947781907976,7,2,103,5,105,0.5469072479165397,,
305,nikon,microsam,3+6 clicks,2,0.2289145088331652,7,0,57,7,57,0.7299435640312953,,
305,nikon,rf_clicks,3+6 clicks,2,0.4235603339775807,7,2,145,5,147,0.5731621326059695,,
305,nikon,dino_multi,3+6 clicks,2,0.3213367141612733,7,2,86,5,88,0.5717342805778769,0.5246007456457626,0.4893426344806819
305,nikon,dino_clicks,10+20 clicks,0,0.2775883560974342,7,1,85,6,86,0.8621362522999754,,
305,nikon,sam,10+20 clicks,0,0.056728142343477,7,0,491,7,491,0.1817394449793918,,
305,nikon,microsam,10+20 clicks,0,0.1026598292288016,7,0,108,7,108,0.8270887411191661,,
305,nikon,rf_clicks,10+20 clicks,0,0.1998084153683423,7,0,484,7,484,0.8098807205293149,,
305,nikon,dino_multi,10+20 clicks,0,0.2540990995996452,7,1,117,6,118,0.7913497985553198,0.7999101291892904,0.6034148862313583
305,nikon,dino_clicks,10+20 clicks,1,0.3287585007533805,7,1,134,6,135,0.8568006288444983,,
305,nikon,sam,10+20 clicks,1,0.2062221697106461,7,1,220,6,221,0.5280238120548527,,
305,nikon,microsam,10+20 clicks,1,0.2683234995760086,7,1,154,6,155,0.8719129836337065,,
305,nikon,rf_clicks,10+20 clicks,1,0.1959518461430544,7,0,181,7,181,0.7120922127635263,,
305,nikon,dino_multi,10+20 clicks,1,0.3052578234395672,7,0,91,7,91,0.6680652624764736,0.7931317912078979,0.5570578691184424
305,nikon,dino_clicks,10+20 clicks,2,0.4100499812486847,7,1,110,6,111,0.8231619223537949,,
305,nikon,sam,10+20 clicks,2,0.5695542710405685,7,5,175,2,180,0.7702558539660418,,
305,nikon,microsam,10+20 clicks,2,0.1029207256237142,7,0,85,7,85,0.8357395997235416,,
305,nikon,rf_clicks,10+20 clicks,2,0.3271086683343325,7,1,86,6,87,0.7267782842698703,,
305,nikon,dino_multi,10+20 clicks,2,0.3484978955088711,7,2,107,5,109,0.8316170982555124,0.7968919914406988,0.6559001187858569
403,nikon,otsu,no input,0,0.3637817814446876,1,0,433,1,433,0.9017873902433936,,
403,nikon,dino_labels,5 labelled training images,0,0.378028064133293,1,0,24,1,24,0.77524691649733,,
403,nikon,dino_clicks,3+6 clicks,0,0.4332334393557758,1,0,20,1,20,0.8799925310428531,,
403,nikon,sam,3+6 clicks,0,0.6065937748732771,1,1,16,0,17,0.7549137166988166,,
403,nikon,microsam,3+6 clicks,0,0.9645900554314552,1,1,5,0,6,0.9819759117325024,,
403,nikon,rf_clicks,3+6 clicks,0,0.3347287459734067,1,0,180,1,180,0.8987445466841935,,
403,nikon,dino_multi,3+6 clicks,0,0.8908789520498099,1,1,42,0,43,0.9283758163050349,0.8203385641912764,0.8920340193468804
403,nikon,dino_clicks,3+6 clicks,1,0.3447601820515812,1,0,88,1,88,0.8925226586102719,,
403,nikon,sam,3+6 clicks,1,0.3472374064418467,1,0,8,1,8,0.5183939195713796,,
403,nikon,microsam,3+6 clicks,1,0.9328537170263788,1,1,6,0,7,0.9652605459057072,,
403,nikon,rf_clicks,3+6 clicks,1,0.3344370323481196,1,0,37,1,37,0.867286808653927,,
403,nikon,dino_multi,3+6 clicks,1,0.9031810249087736,1,1,49,0,50,0.9188709319452012,0.8870077752696263,0.888260843696079
403,nikon,dino_clicks,3+6 clicks,2,0.2771021117317133,1,0,112,1,112,0.8505520857567244,,
403,nikon,sam,3+6 clicks,2,0.9634831460674156,1,1,7,0,8,0.9814020028612304,,
403,nikon,microsam,3+6 clicks,2,0.9636030160994498,1,1,5,0,6,0.9814641841542644,,
403,nikon,rf_clicks,3+6 clicks,2,0.3419242381797242,1,0,46,1,46,0.8907627754241583,,
403,nikon,dino_multi,3+6 clicks,2,0.7234633345954815,1,1,70,0,71,0.8326554328878559,0.8368206094879045,0.7286550173148111
403,nikon,dino_clicks,10+20 clicks,0,0.880548035113627,1,1,17,0,18,0.9170173227673708,,
403,nikon,sam,10+20 clicks,0,0.6541328196968428,1,1,28,0,29,0.7969702289884879,,
403,nikon,microsam,10+20 clicks,0,0.967286061554942,1,1,0,0,1,0.983371031247382,,
403,nikon,rf_clicks,10+20 clicks,0,0.5583865847205829,1,1,608,0,609,0.791538676347389,,
403,nikon,dino_multi,10+20 clicks,0,0.5106960808891117,1,1,26,0,27,0.8718357024096668,0.8656882520692774,0.8630233707547836
403,nikon,dino_clicks,10+20 clicks,1,0.7283522389925314,1,1,44,0,45,0.9185237729305826,,
403,nikon,sam,10+20 clicks,1,0.943990855649902,1,1,53,0,54,0.9529971769457438,,
403,nikon,microsam,10+20 clicks,1,0.9659784821168944,1,1,0,0,1,0.9826948676231326,,
403,nikon,rf_clicks,10+20 clicks,1,0.353916890778173,1,0,96,1,96,0.8691558925642718,,
403,nikon,dino_multi,10+20 clicks,1,0.9084839940288604,1,1,49,0,50,0.9381262310524964,0.8403030828850714,0.8793565683646113
403,nikon,dino_clicks,10+20 clicks,2,0.5053695652173913,1,1,10,0,11,0.9136355597476862,,
403,nikon,sam,10+20 clicks,2,0.6237537748727919,1,1,34,0,35,0.7652332472268653,,
403,nikon,microsam,10+20 clicks,2,0.846911294394883,1,1,0,0,1,0.9171109592162224,,
403,nikon,rf_clicks,10+20 clicks,2,0.4454379447138089,1,0,89,1,89,0.8890610928435294,,
403,nikon,dino_multi,10+20 clicks,2,0.7310825366904538,1,1,30,0,31,0.930388965044551,0.835410495724585,0.8653778805071093
407,nikon,otsu,no input,0,0.5121234518076709,3,1,544,2,545,0.5957615429751499,,
407,nikon,dino_labels,5 labelled training images,0,0.652243112845646,3,2,32,1,34,0.7688586525583534,,
407,nikon,dino_clicks,3+6 clicks,0,0.5556822339899895,3,2,126,1,128,0.7163621889454685,,
407,nikon,sam,3+6 clicks,0,0.0520492605789842,3,0,242,3,242,0.8671112458320703,,
407,nikon,microsam,3+6 clicks,0,0.6690407000746498,3,2,143,1,145,0.9418576042631824,,
407,nikon,rf_clicks,3+6 clicks,0,0.3652399612795812,3,1,392,2,393,0.6659058976242609,,
407,nikon,dino_multi,3+6 clicks,0,0.1908700163870736,3,0,148,3,148,0.3761287510119837,0.5399564218832813,0.2653681200857755
407,nikon,dino_clicks,3+6 clicks,1,0.255881623736835,3,0,115,3,115,0.3747794545698804,,
407,nikon,sam,3+6 clicks,1,0.4994353989164908,3,2,299,1,301,0.7671443660594364,,
407,nikon,microsam,3+6 clicks,1,0.5452572305818877,3,2,85,1,87,0.7868594560372447,,
407,nikon,rf_clicks,3+6 clicks,1,0.327685996292595,3,0,986,3,986,0.5915105404023697,,
407,nikon,dino_multi,3+6 clicks,1,0.3216668710089737,3,1,122,2,123,0.5496171078135427,0.4176297228385046,0.554287542662116
407,nikon,dino_clicks,3+6 clicks,2,0.4363586452382451,3,1,114,2,115,0.6985370578766684,,
407,nikon,sam,3+6 clicks,2,0.7805373147894178,3,3,273,0,276,0.8568071705426357,,
407,nikon,microsam,3+6 clicks,2,0.485190755526576,3,1,84,2,85,0.9329291478304956,,
407,nikon,rf_clicks,3+6 clicks,2,0.3555263869857878,3,1,245,2,246,0.5805074371059558,,
407,nikon,dino_multi,3+6 clicks,2,0.1770087414012374,3,0,190,3,190,0.4346115224792025,0.4015829895697085,0.3429220287660863
407,nikon,dino_clicks,10+20 clicks,0,0.6819449466967167,3,2,113,1,115,0.8391651896282558,,
407,nikon,sam,10+20 clicks,0,0.3098042760944845,3,1,546,2,547,0.6550417589454866,,
407,nikon,microsam,10+20 clicks,0,0.3483480519582087,3,1,81,2,82,0.9186563646424692,,
407,nikon,rf_clicks,10+20 clicks,0,0.4590232609975523,3,1,325,2,326,0.6237457448231779,,
407,nikon,dino_multi,10+20 clicks,0,0.6614562506352515,3,2,123,1,125,0.8342809819287533,0.8511514215875466,0.7281000328821663
407,nikon,dino_clicks,10+20 clicks,1,0.5318599329291942,3,2,99,1,101,0.8975952473745747,,
407,nikon,sam,10+20 clicks,1,0.6750392608266639,3,2,376,1,378,0.8524710218439171,,
407,nikon,microsam,10+20 clicks,1,0.9204879940452204,3,3,39,0,42,0.9575498437069788,,
407,nikon,rf_clicks,10+20 clicks,1,0.5443853874916621,3,2,721,1,723,0.6841589842298991,,
407,nikon,dino_multi,10+20 clicks,1,0.6211194205795912,3,2,116,1,118,0.8078524915333151,0.843530384456387,0.6465770805698137
407,nikon,dino_clicks,10+20 clicks,2,0.7129553790342708,3,2,106,1,108,0.8412551516497618,,
407,nikon,sam,10+20 clicks,2,0.8309352287524567,3,3,493,0,496,0.905065544946696,,
407,nikon,microsam,10+20 clicks,2,0.6338442837215036,3,2,80,1,82,0.9248285351174784,,
407,nikon,rf_clicks,10+20 clicks,2,0.4646152851599278,3,1,462,2,463,0.7216922835312353,,
407,nikon,dino_multi,10+20 clicks,2,0.7064259125564526,3,2,117,1,119,0.9024316544474308,0.8539457709429381,0.783736945318557
409,nikon,otsu,no input,0,0.12023114739959176,1,0,432,1,432,0.8671850699844479,,
409,nikon,dino_labels,5 labelled training images,0,0.30761703023771475,1,0,19,1,19,0.875156384909517,,
409,nikon,dino_clicks,3+6 clicks,0,0.8723955313309366,1,1,45,0,46,0.9012757292020204,,
409,nikon,sam,3+6 clicks,0,0.9494921981400054,1,1,14,0,15,0.9740918163672655,,
409,nikon,microsam,3+6 clicks,0,0.9613533891562157,1,1,8,0,9,0.9802959471467759,,
409,nikon,rf_clicks,3+6 clicks,0,0.3060630395502911,1,0,171,1,171,0.7371664174708894,,
409,nikon,dino_multi,3+6 clicks,0,0.86249903764724,1,1,34,0,35,0.9041681798006698,0.8671459831197249,0.8472960992907801
409,nikon,dino_clicks,3+6 clicks,1,0.39923757294052736,1,0,85,1,85,0.9124188001528468,,
409,nikon,sam,3+6 clicks,1,0.9419319685529696,1,1,3,0,4,0.9700978034311367,,
409,nikon,microsam,3+6 clicks,1,0.936028659160696,1,1,6,0,7,0.9669574411842453,,
409,nikon,rf_clicks,3+6 clicks,1,0.36268954509177975,1,0,109,1,109,0.7571173267943976,,
409,nikon,dino_multi,3+6 clicks,1,0.5835392370033603,1,1,45,0,46,0.9147316846447315,0.9077718718574918,0.8726255179465102
409,nikon,dino_clicks,3+6 clicks,2,0.2703740957924924,1,0,114,1,114,0.8915195032020182,,
409,nikon,sam,3+6 clicks,2,0.9630508342732682,1,1,16,0,17,0.9811776826755428,,
409,nikon,microsam,3+6 clicks,2,0.9574875958502481,1,1,2,0,3,0.9782821591105478,,
409,nikon,rf_clicks,3+6 clicks,2,0.05559402641859493,1,0,37,1,37,0.8479051462163104,,
409,nikon,dino_multi,3+6 clicks,2,0.5529083294555607,1,1,77,0,78,0.9184687034997198,0.7891826274615592,0.854426356374893
409,nikon,dino_clicks,10+20 clicks,0,0.5754970190731812,1,1,67,0,68,0.9158571158571158,,
409,nikon,sam,10+20 clicks,0,0.5381677483774339,1,1,187,0,188,0.8649318959137549,,
409,nikon,microsam,10+20 clicks,0,0.9589103463975415,1,1,8,0,9,0.9790242296294862,,
409,nikon,rf_clicks,10+20 clicks,0,0.3515998050998863,1,0,130,1,130,0.8626553042370182,,
409,nikon,dino_multi,10+20 clicks,0,0.8570762777691471,1,1,46,0,47,0.9094393274401928,0.8940001513202693,0.8586779739776952
409,nikon,dino_clicks,10+20 clicks,1,0.8769798136645963,1,1,32,0,33,0.9121482498284146,,
409,nikon,sam,10+20 clicks,1,0.9468978385943089,1,1,78,0,79,0.9610574077727363,,
409,nikon,microsam,10+20 clicks,1,0.9602421032721771,1,1,4,0,5,0.9797178641039002,,
409,nikon,rf_clicks,10+20 clicks,1,0.2777788914503358,1,0,232,1,232,0.8163102222783,,
409,nikon,dino_multi,10+20 clicks,1,0.8497519764377616,1,1,31,0,32,0.9076888089478798,0.8610730906104571,0.8413563427187405
409,nikon,dino_clicks,10+20 clicks,2,0.7722814664902312,1,1,33,0,34,0.8525153585083989,,
409,nikon,sam,10+20 clicks,2,0.9654508338789817,1,1,93,0,94,0.9722852543589147,,
409,nikon,microsam,10+20 clicks,2,0.9307258504638894,1,1,5,0,6,0.9641201522632193,,
409,nikon,rf_clicks,10+20 clicks,2,0.3375852044907779,1,0,148,1,148,0.763463457088879,,
409,nikon,dino_multi,10+20 clicks,2,0.43159406786241167,1,0,33,1,33,0.8484214198499913,0.8608898654215875,0.7515413879050242
417,nikon,otsu,no input,0,0.0216000774338985,1,0,265,1,265,0.7409889990535152,,
417,nikon,dino_labels,5 labelled training images,0,0.815990268716134,1,1,6,0,7,0.8998986418001216,,
417,nikon,dino_clicks,3+6 clicks,0,0.6599313551815766,1,1,33,0,34,0.8471583136425818,,
417,nikon,sam,3+6 clicks,0,0.8185154295246039,1,1,8,0,9,0.9044975901688024,,
417,nikon,microsam,3+6 clicks,0,0.8753622125224664,1,1,0,0,1,0.933539352214051,,
417,nikon,rf_clicks,3+6 clicks,0,0.38897730128151436,1,0,364,1,364,0.7106108511445555,,
417,nikon,dino_multi,3+6 clicks,0,0.7170799229658161,1,1,5,0,6,0.8444814572000637,0.8497751411348197,0.7007286298205082
417,nikon,dino_clicks,3+6 clicks,1,0.6371329418045916,1,1,15,0,16,0.8128256649524912,,
417,nikon,sam,3+6 clicks,1,0.9134553369880684,1,1,11,0,12,0.9539264591357791,,
417,nikon,microsam,3+6 clicks,1,0.8553871510982121,1,1,0,0,1,0.9220756648191422,,
417,nikon,rf_clicks,3+6 clicks,1,0.3386586573793015,1,0,198,1,198,0.5495204363899588,,
417,nikon,dino_multi,3+6 clicks,1,0.738850080601827,1,1,24,0,25,0.8586750911679245,0.9554966645344055,0.7337556191254597
417,nikon,dino_clicks,3+6 clicks,2,0.647673314339981,1,1,24,0,25,0.8217433213990636,,
417,nikon,sam,3+6 clicks,2,0.8291564154956007,1,1,15,0,16,0.9246598372598687,,
417,nikon,microsam,3+6 clicks,2,0.9026414522302649,1,1,0,0,1,0.9488297978289015,,
417,nikon,rf_clicks,3+6 clicks,2,0.3903274942878903,1,0,248,1,248,0.7426312817617166,,
417,nikon,dino_multi,3+6 clicks,2,0.577335041949757,1,1,46,0,47,0.7919209339347307,0.9633070570570571,0.658151226018262
417,nikon,dino_clicks,10+20 clicks,0,0.8369390103567319,1,1,32,0,33,0.9304918032786885,,
417,nikon,sam,10+20 clicks,0,0.24803632793323516,1,0,231,1,231,0.488152070132801,,
417,nikon,microsam,10+20 clicks,0,0.8670446697924618,1,1,1,0,2,0.9287883507241863,,
417,nikon,rf_clicks,10+20 clicks,0,0.4319428286521522,1,0,283,1,283,0.7985664131070802,,
417,nikon,dino_multi,10+20 clicks,0,0.7515672746747314,1,1,13,0,14,0.8696777486147564,0.9524878749775463,0.7508896797153025
417,nikon,dino_clicks,10+20 clicks,1,0.8524898561416452,1,1,22,0,23,0.91894471063043,,
417,nikon,sam,10+20 clicks,1,0.7619703876462066,1,1,195,0,196,0.882026791857218,,
417,nikon,microsam,10+20 clicks,1,0.8750962631559647,1,1,0,0,1,0.9333880935617617,,
417,nikon,rf_clicks,10+20 clicks,1,0.5908997534921939,1,1,287,0,288,0.7512392381946256,,
417,nikon,dino_multi,10+20 clicks,1,0.8279601299791888,1,1,4,0,5,0.913551448852782,0.9484821428571428,0.7967221586504744
417,nikon,dino_clicks,10+20 clicks,2,0.8477755447846476,1,1,4,0,5,0.9357678923315584,,
417,nikon,sam,10+20 clicks,2,0.8149396542350766,1,1,93,0,94,0.9048011084114777,,
417,nikon,microsam,10+20 clicks,2,0.9081371838400794,1,1,2,0,3,0.9518573313607102,,
417,nikon,rf_clicks,10+20 clicks,2,0.5930762320328542,1,1,270,0,271,0.8094143404488232,,
417,nikon,dino_multi,10+20 clicks,2,0.76581729378876,1,1,2,0,3,0.8781017998268335,0.9589414813804392,0.76934035305048
506,nikon,otsu,no input,0,0.27115312026664495,5,0,597,5,597,0.6485056344928957,,
506,nikon,dino_labels,5 labelled training images,0,0.36956712716502305,5,1,30,4,31,0.7926750616491325,,
506,nikon,dino_clicks,3+6 clicks,0,0.4596446693965591,5,2,122,3,124,0.7236286536422838,,
506,nikon,sam,3+6 clicks,0,0.5405623906895137,5,3,26,2,29,0.7043871811311101,,
506,nikon,microsam,3+6 clicks,0,0.15009575416349538,5,0,135,5,135,0.8190934115969631,,
506,nikon,rf_clicks,3+6 clicks,0,0.3530505760504723,5,0,44,5,44,0.5367816958867855,,
506,nikon,dino_multi,3+6 clicks,0,0.49192860925784626,5,2,249,3,251,0.6708530036539395,0.48669134496738936,0.5326792509139745
506,nikon,dino_clicks,3+6 clicks,1,0.19747104846961408,5,0,122,5,122,0.36533756266288364,,
506,nikon,sam,3+6 clicks,1,0.16422452651534483,5,0,28,5,28,0.2860239256387812,,
506,nikon,microsam,3+6 clicks,1,0.42919551624561886,5,1,12,4,13,0.8831239955368567,,
506,nikon,rf_clicks,3+6 clicks,1,0.2826609912346817,5,0,37,5,37,0.43884851642112127,,
506,nikon,dino_multi,3+6 clicks,1,0.3022521467938483,5,1,108,4,109,0.5522207282008433,0.52673807849787,0.4862331127276705
506,nikon,dino_clicks,3+6 clicks,2,0.2246121899411923,5,0,337,5,337,0.5452259363727134,,
506,nikon,sam,3+6 clicks,2,0.5106413619191777,5,3,30,2,33,0.8058537700794604,,
506,nikon,microsam,3+6 clicks,2,0.42277397726861626,5,1,88,4,89,0.8771514274411222,,
506,nikon,rf_clicks,3+6 clicks,2,0.12250579115064901,5,0,50,5,50,0.8936404631322364,,
506,nikon,dino_multi,3+6 clicks,2,0.27294515561824945,5,0,102,5,102,0.6927720063783781,0.75249658739852,0.45064093599962707
506,nikon,dino_clicks,10+20 clicks,0,0.5925316993599451,5,3,134,2,137,0.8268181818181818,,
506,nikon,sam,10+20 clicks,0,0.5976631924825243,5,4,61,1,65,0.8672752268353038,,
506,nikon,microsam,10+20 clicks,0,0.27637604710041447,5,0,47,5,47,0.7951712508260602,,
506,nikon,rf_clicks,10+20 clicks,0,0.22837364421749012,5,0,103,5,103,0.76992531397338,,
506,nikon,dino_multi,10+20 clicks,0,0.11811961338233323,5,0,161,5,161,0.8799606317790526,0.8228511091184876,0.7505856139880884
506,nikon,dino_clicks,10+20 clicks,1,0.6292134394641902,5,3,98,2,101,0.8923484429469583,,
506,nikon,sam,10+20 clicks,1,0.6949836079442605,5,5,81,0,86,0.8359214702598038,,
506,nikon,microsam,10+20 clicks,1,0.3620256006472589,5,1,29,4,30,0.9595445024689369,,
506,nikon,rf_clicks,10+20 clicks,1,0.14742802688451428,5,0,111,5,111,0.9115446796705347,,
506,nikon,dino_multi,10+20 clicks,1,0.4337653603005126,5,2,161,3,163,0.876303984704115,0.8819594448140037,0.7342074614614357
506,nikon,dino_clicks,10+20 clicks,2,0.6519450995144872,5,4,111,1,115,0.8184000916852903,,
506,nikon,sam,10+20 clicks,2,0.45678662663926806,5,2,136,3,138,0.859796861932389,,
506,nikon,microsam,10+20 clicks,2,0.22209922151805156,5,0,30,5,30,0.8803792280745718,,
506,nikon,rf_clicks,10+20 clicks,2,0.23992622670582944,5,0,260,5,260,0.7954356247710598,,
506,nikon,dino_multi,10+20 clicks,2,0.15402796583210912,5,0,151,5,151,0.895898881884441,0.8655540210513175,0.7573862213238225
507,nikon,otsu,no input,0,0.15586791704725306,5,0,651,5,651,0.883160469331701,,
507,nikon,dino_labels,5 labelled training images,0,0.6289388349586991,5,3,23,2,26,0.9165637178301931,,
507,nikon,dino_clicks,3+6 clicks,0,0.8321400882099125,5,5,65,0,70,0.899197965915016,,
507,nikon,sam,3+6 clicks,0,0.5486140325406412,5,3,29,2,32,0.7354250788207313,,
507,nikon,microsam,3+6 clicks,0,0.7345038342428476,5,4,17,1,21,0.8785876838422608,,
507,nikon,rf_clicks,3+6 clicks,0,0.3327713064445156,5,0,207,5,207,0.5376549988471564,,
507,nikon,dino_multi,3+6 clicks,0,0.7331919126465316,5,4,113,1,117,0.8652071416823522,0.4853088753529837,0.6519703849430446
507,nikon,dino_clicks,3+6 clicks,1,0.8075049404059923,5,5,74,0,79,0.8868441683573014,,
507,nikon,sam,3+6 clicks,1,0.34956647760334897,5,2,31,3,33,0.5038193086124895,,
507,nikon,microsam,3+6 clicks,1,0.46376372367658875,5,3,24,2,27,0.7022354054660591,,
507,nikon,rf_clicks,3+6 clicks,1,0.42528516848916376,5,1,251,4,252,0.5854654255820886,,
507,nikon,dino_multi,3+6 clicks,1,0.19585601228695648,5,0,192,5,192,0.3785685209111343,0.10756494744294973,0.3052325772897055
507,nikon,dino_clicks,3+6 clicks,2,0.6484889563891295,5,3,69,2,72,0.9179570219898745,,
507,nikon,sam,3+6 clicks,2,0.35605364974014003,5,2,35,3,37,0.5302711654727936,,
507,nikon,microsam,3+6 clicks,2,0.3374167673718576,5,2,30,3,32,0.5829770779955262,,
507,nikon,rf_clicks,3+6 clicks,2,0.36799529637644646,5,0,171,5,171,0.6084779330268728,,
507,nikon,dino_multi,3+6 clicks,2,0.3296435621207207,5,1,110,4,111,0.7556202292841069,0.36612056264245507,0.6528101745120863
507,nikon,dino_clicks,10+20 clicks,0,0.6943954814777024,5,4,72,1,76,0.8285809209223279,,
507,nikon,sam,10+20 clicks,0,0.4649871031158087,5,3,216,2,219,0.7616390507175103,,
507,nikon,microsam,10+20 clicks,0,0.7254241906148362,5,5,24,0,29,0.8992803936058715,,
507,nikon,rf_clicks,10+20 clicks,0,0.3445978712896823,5,0,326,5,326,0.7697895243512887,,
507,nikon,dino_multi,10+20 clicks,0,0.612331282369438,5,3,73,2,76,0.82392056402874,0.7708881160403767,0.7511531482213639
507,nikon,dino_clicks,10+20 clicks,1,0.837296105694912,5,5,90,0,95,0.9287558166230828,,
507,nikon,sam,10+20 clicks,1,0.5421533209993366,5,4,313,1,317,0.7080975250589869,,
507,nikon,microsam,10+20 clicks,1,0.7722271607639491,5,4,31,1,35,0.9114423087526604,,
507,nikon,rf_clicks,10+20 clicks,1,0.283590751465546,5,0,275,5,275,0.7088335132463681,,
507,nikon,dino_multi,10+20 clicks,1,0.7909236982537056,5,5,63,0,68,0.8791008542618309,0.7373233811661664,0.6632889911835843
507,nikon,dino_clicks,10+20 clicks,2,0.7972497257082257,5,5,69,0,74,0.9065085755952192,,
507,nikon,sam,10+20 clicks,2,0.8597539979205105,5,5,137,0,142,0.9208940525458105,,
507,nikon,microsam,10+20 clicks,2,0.5224629616338151,5,3,105,2,108,0.8051443184294118,,
507,nikon,rf_clicks,10+20 clicks,2,0.4320171039937086,5,1,199,4,200,0.7239394585376252,,
507,nikon,dino_multi,10+20 clicks,2,0.5572372719937007,5,2,121,3,123,0.9060864775543928,0.776480415815853,0.7941305056318212
512,nikon,otsu,no input,0,0.17391830466540284,3,0,313,3,313,0.9146357038240704,,
512,nikon,dino_labels,5 labelled training images,0,0.15171301229230943,3,0,23,3,23,0.8569637239589062,,
512,nikon,dino_clicks,3+6 clicks,0,0.23880040492307378,3,0,28,3,28,0.9297429226622322,,
512,nikon,sam,3+6 clicks,0,0.5026297681138392,3,1,80,2,81,0.8353361774688915,,
512,nikon,microsam,3+6 clicks,0,0.3342296543510335,3,1,21,2,22,0.8000354914081216,,
512,nikon,rf_clicks,3+6 clicks,0,0.16690229194028483,3,0,129,3,129,0.7458966468421641,,
512,nikon,dino_multi,3+6 clicks,0,0.2555840585643691,3,0,49,3,49,0.761217881459624,0.754916373117355,0.7377713571425482
512,nikon,dino_clicks,3+6 clicks,1,0.2501367378696419,3,0,25,3,25,0.787155636881163,,
512,nikon,sam,3+6 clicks,1,0.3675428866562735,3,0,38,3,38,0.7169483341380976,,
512,nikon,microsam,3+6 clicks,1,0.3244992059598451,3,0,1,3,1,0.9787938487704627,,
512,nikon,rf_clicks,3+6 clicks,1,0.2075803346774302,3,0,69,3,69,0.5616082236907384,,
512,nikon,dino_multi,3+6 clicks,1,0.41973628770623256,3,1,21,2,22,0.7199066427289048,0.1518560411311054,0.7626642694296677
512,nikon,dino_clicks,3+6 clicks,2,0.1785818020392104,3,0,39,3,39,0.9227520138195818,,
512,nikon,sam,3+6 clicks,2,0.2954252196576808,3,0,30,3,30,0.9475297459873827,,
512,nikon,microsam,3+6 clicks,2,0.2842936028666731,3,0,19,3,19,0.9476760063356819,,
512,nikon,rf_clicks,3+6 clicks,2,0.12190197625607539,3,0,26,3,26,0.9148261480155193,,
512,nikon,dino_multi,3+6 clicks,2,0.3832958973595644,3,1,65,2,66,0.7564011670711422,0.7021395852258451,0.42874862505558287
512,nikon,dino_clicks,10+20 clicks,0,0.23074209915013796,3,0,30,3,30,0.9266952836339926,,
512,nikon,sam,10+20 clicks,0,0.4932949320470586,3,1,249,2,250,0.7998456686573173,,
512,nikon,microsam,10+20 clicks,0,0.2667534812161871,3,0,38,3,38,0.9379802195517818,,
512,nikon,rf_clicks,10+20 clicks,0,0.12850593414766528,3,0,15,3,15,0.9151193562831303,,
512,nikon,dino_multi,10+20 clicks,0,0.291147558162192,3,0,59,3,59,0.924169606833081,0.8959209687699171,0.8525371244434885
512,nikon,dino_clicks,10+20 clicks,1,0.25109317127722597,3,0,30,3,30,0.9095647743528443,,
512,nikon,sam,10+20 clicks,1,0.2894843819308324,3,0,98,3,98,0.8325034396907555,,
512,nikon,microsam,10+20 clicks,1,0.27269166108549864,3,0,5,3,5,0.9443313277154515,,
512,nikon,rf_clicks,10+20 clicks,1,0.19548596343479255,3,0,64,3,64,0.8533393847586601,,
512,nikon,dino_multi,10+20 clicks,1,0.21494386963495096,3,0,46,3,46,0.9128926238267381,0.9260982241481859,0.8207838457312799
512,nikon,dino_clicks,10+20 clicks,2,0.234543383736995,3,0,22,3,22,0.9243936401709085,,
512,nikon,sam,10+20 clicks,2,0.20010261054039835,3,0,807,3,807,0.7741796019242372,,
512,nikon,microsam,10+20 clicks,2,0.2878733331393432,3,0,10,3,10,0.9574008401985924,,
512,nikon,rf_clicks,10+20 clicks,2,0.19431315069013957,3,0,243,3,243,0.7117655398699694,,
512,nikon,dino_multi,10+20 clicks,2,0.2972667174257733,3,0,42,3,42,0.9161248608067819,0.8696257788501001,0.8259617526999702
513,nikon,otsu,no input,0,0.12429291773214213,4,0,319,4,319,0.9110178760488945,,
513,nikon,dino_labels,5 labelled training images,0,0.3003004754625691,4,0,13,4,13,0.9087902084864171,,
513,nikon,dino_clicks,3+6 clicks,0,0.8479055029123467,4,4,56,0,60,0.9064741367026077,,
513,nikon,sam,3+6 clicks,0,0.5414376827931769,4,3,43,1,46,0.6963829121879733,,
513,nikon,microsam,3+6 clicks,0,0.6144544755463759,4,3,27,1,30,0.7850744295205879,,
513,nikon,rf_clicks,3+6 clicks,0,0.13367733744945237,4,0,31,4,31,0.897632188818529,,
513,nikon,dino_multi,3+6 clicks,0,0.6495183629811726,4,3,36,1,39,0.8226953453568269,0.7627249109977869,0.7018107823498206
513,nikon,dino_clicks,3+6 clicks,1,0.48626961719979606,4,1,43,3,44,0.9159932016826522,,
513,nikon,sam,3+6 clicks,1,0.5433271101412402,4,3,58,1,61,0.7076753289513799,,
513,nikon,microsam,3+6 clicks,1,0.42602160480136864,4,2,6,2,8,0.823848830579195,,
513,nikon,rf_clicks,3+6 clicks,1,0.12666929786795622,4,0,40,4,40,0.9038471780851102,,
513,nikon,dino_multi,3+6 clicks,1,0.40998260721458557,4,1,53,3,54,0.8258356112479364,0.6357767995406539,0.5962649815828289
513,nikon,dino_clicks,3+6 clicks,2,0.5537700681207158,4,1,28,3,29,0.9035275511581708,,
513,nikon,sam,3+6 clicks,2,0.7898857997169642,4,4,36,0,40,0.8792794499569786,,
513,nikon,microsam,3+6 clicks,2,0.7199922975084094,4,3,18,1,21,0.8586693548387097,,
513,nikon,rf_clicks,3+6 clicks,2,0.13548677223080977,4,0,39,4,39,0.8837563902881652,,
513,nikon,dino_multi,3+6 clicks,2,0.1458140174015199,4,0,53,4,53,0.8811301538903711,0.7824604543998678,0.5823011272295493
513,nikon,dino_clicks,10+20 clicks,0,0.8473606130298684,4,4,32,0,36,0.9073925941157147,,
513,nikon,sam,10+20 clicks,0,0.7168325620066567,4,4,58,0,62,0.8408290369821921,,
513,nikon,microsam,10+20 clicks,0,0.6517193634748987,4,3,18,1,21,0.9647557758672463,,
513,nikon,rf_clicks,10+20 clicks,0,0.41260052016282284,4,1,238,3,239,0.8425451185709886,,
513,nikon,dino_multi,10+20 clicks,0,0.6272675139008702,4,2,50,2,52,0.9319264998725922,0.8657211240138286,0.8410577788524832
513,nikon,dino_clicks,10+20 clicks,1,0.5794426842514759,4,3,42,1,45,0.9327725938994821,,
513,nikon,sam,10+20 clicks,1,0.710318049489211,4,4,289,0,293,0.833813714213901,,
513,nikon,microsam,10+20 clicks,1,0.6666283918136807,4,3,6,1,9,0.9684281393032965,,
513,nikon,rf_clicks,10+20 clicks,1,0.29397686558987435,4,0,58,4,58,0.8845124098506959,,
513,nikon,dino_multi,10+20 clicks,1,0.6996811953878264,4,3,19,1,22,0.8608008803440961,0.8157123897627593,0.7269530126290967
513,nikon,dino_clicks,10+20 clicks,2,0.5855515206023035,4,3,36,1,39,0.9384579307757246,,
513,nikon,sam,10+20 clicks,2,0.7229632756636727,4,4,57,0,61,0.8459612010191387,,
513,nikon,microsam,10+20 clicks,2,0.6408807955621744,4,3,7,1,10,0.9588191760169187,,
513,nikon,rf_clicks,10+20 clicks,2,0.14029514879006633,4,0,8,4,8,0.8594247661817639,,
513,nikon,dino_multi,10+20 clicks,2,0.37882398596021116,4,1,33,3,34,0.9307518657461458,0.8500127701294314,0.8447301970408381
516,nikon,otsu,no input,0,0.18363023837826123,3,0,668,3,668,0.8054320079761846,,
516,nikon,dino_labels,5 labelled training images,0,0.29031151778514414,3,0,10,3,10,0.9140324119535619,,
516,nikon,dino_clicks,3+6 clicks,0,0.44106519272445155,3,1,28,2,29,0.868859468471119,,
516,nikon,sam,3+6 clicks,0,0.45700532797028215,3,2,79,1,81,0.8079056836646069,,
516,nikon,microsam,3+6 clicks,0,0.5435438573549246,3,1,13,2,14,0.9375479308092141,,
516,nikon,rf_clicks,3+6 clicks,0,0.181926696877994,3,0,311,3,311,0.3975455805053993,,
516,nikon,dino_multi,3+6 clicks,0,0.2806292821201012,3,0,81,3,81,0.7472968110081053,0.6756903086085544,0.7191809264695354
516,nikon,dino_clicks,3+6 clicks,1,0.4334460471080948,3,1,20,2,21,0.916574105289306,,
516,nikon,sam,3+6 clicks,1,0.445700222368343,3,1,41,2,42,0.7479005746704603,,
516,nikon,microsam,3+6 clicks,1,0.5444231290040974,3,1,15,2,16,0.9356210671432581,,
516,nikon,rf_clicks,3+6 clicks,1,0.37922539792594384,3,0,1474,3,1474,0.7601369776613625,,
516,nikon,dino_multi,3+6 clicks,1,0.3987758770667253,3,1,22,2,23,0.8809656297136218,0.8357094365241005,0.8189763217499312
516,nikon,dino_clicks,3+6 clicks,2,0.4236933030172298,3,1,43,2,44,0.905150142111296,,
516,nikon,sam,3+6 clicks,2,0.39955858510196157,3,1,71,2,72,0.6712968944210062,,
516,nikon,microsam,3+6 clicks,2,0.5418231988481922,3,2,15,1,17,0.8574719394662873,,
516,nikon,rf_clicks,3+6 clicks,2,0.17378822453717477,3,0,407,3,407,0.6413203575894307,,
516,nikon,dino_multi,3+6 clicks,2,0.27416141864825033,3,0,141,3,141,0.7380434444824264,0.7906986607852909,0.6756699488969213
516,nikon,dino_clicks,10+20 clicks,0,0.46670223468206945,3,1,26,2,27,0.8852931355960818,,
516,nikon,sam,10+20 clicks,0,0.1875743931965551,3,0,423,3,423,0.7446784764529077,,
516,nikon,microsam,10+20 clicks,0,0.5711299297578614,3,2,33,1,35,0.9486168746146438,,
516,nikon,rf_clicks,10+20 clicks,0,0.2815531268909162,3,0,567,3,567,0.5970530747256052,,
516,nikon,dino_multi,10+20 clicks,0,0.5842842229483507,3,2,36,1,38,0.8745362946872489,0.9223494976217951,0.8227540586352705
516,nikon,dino_clicks,10+20 clicks,1,0.47808910609932376,3,1,22,2,23,0.9040555596820916,,
516,nikon,sam,10+20 clicks,1,0.2984319101942935,3,0,348,3,348,0.8726710601252949,,
516,nikon,microsam,10+20 clicks,1,0.6096350558915644,3,2,28,1,30,0.8508016332377109,,
516,nikon,rf_clicks,10+20 clicks,1,0.24234791872538733,3,0,444,3,444,0.821472456215672,,
516,nikon,dino_multi,10+20 clicks,1,0.35788432733722875,3,1,31,2,32,0.9100495561080132,0.9354546535776694,0.8167046398799153
516,nikon,dino_clicks,10+20 clicks,2,0.49813520645513815,3,1,24,2,25,0.8610315355607482,,
516,nikon,sam,10+20 clicks,2,0.5352242765710096,3,2,196,1,198,0.8602530247463336,,
516,nikon,microsam,10+20 clicks,2,0.5738566543839821,3,1,22,2,23,0.9485770570232526,,
516,nikon,rf_clicks,10+20 clicks,2,0.2247163532059141,3,0,183,3,183,0.7877415046797585,,
516,nikon,dino_multi,10+20 clicks,2,0.3089449383575386,3,1,29,2,30,0.8952702476852625,0.9370163331451774,0.8147945804195804
518,nikon,otsu,no input,0,0.1850902557610097,4,0,523,4,523,0.8061423233980731,,
518,nikon,dino_labels,5 labelled training images,0,0.4877257759431955,4,2,30,2,32,0.8594128736870456,,
518,nikon,dino_clicks,3+6 clicks,0,0.2694826497848472,4,0,62,4,62,0.8773148290801077,,
518,nikon,sam,3+6 clicks,0,0.2577817240149244,4,1,65,3,66,0.7588345518322678,,
518,nikon,microsam,3+6 clicks,0,0.3234159139707826,4,1,32,3,33,0.8109883137144596,,
518,nikon,rf_clicks,3+6 clicks,0,0.24810674596833063,4,0,128,4,128,0.6575653123619579,,
518,nikon,dino_multi,3+6 clicks,0,0.28459848562768614,4,0,54,4,54,0.7336637995968407,0.36656469788480145,0.7179382862865369
518,nikon,dino_clicks,3+6 clicks,1,0.09350116888870148,4,0,33,4,33,0.8787539571989363,,
518,nikon,sam,3+6 clicks,1,0.21811511349830334,4,0,131,4,131,0.8856094906851452,,
518,nikon,microsam,3+6 clicks,1,0.4125047910820503,4,1,46,3,47,0.9372587079615649,,
518,nikon,rf_clicks,3+6 clicks,1,0.14110147224557446,4,0,323,4,323,0.8471382577397025,,
518,nikon,dino_multi,3+6 clicks,1,0.5126434644531487,4,2,93,2,95,0.8918633927995008,0.6112521601843357,0.7117513378784547
518,nikon,dino_clicks,3+6 clicks,2,0.7608648807987732,4,3,48,1,51,0.8739379248300679,,
518,nikon,sam,3+6 clicks,2,0.45476689726914565,4,2,17,2,19,0.8574897812754656,,
518,nikon,microsam,3+6 clicks,2,0.4647546936765813,4,2,15,2,17,0.8859702677585932,,
518,nikon,rf_clicks,3+6 clicks,2,0.0923801733725789,4,0,187,4,187,0.8632750438394331,,
518,nikon,dino_multi,3+6 clicks,2,0.19028615307396435,4,1,110,3,111,0.38430448411551543,0.6073114082998378,0.1857228906358596
518,nikon,dino_clicks,10+20 clicks,0,0.5153539402127474,4,2,58,2,60,0.9262709895328607,,
518,nikon,sam,10+20 clicks,0,0.3960366870671769,4,2,523,2,525,0.7639471388413196,,
518,nikon,microsam,10+20 clicks,0,0.5353939970721495,4,2,23,2,25,0.9136887094859314,,
518,nikon,rf_clicks,10+20 clicks,0,0.23769655587996172,4,0,157,4,157,0.8754937475402396,,
518,nikon,dino_multi,10+20 clicks,0,0.6288916072415826,4,3,61,1,64,0.9289985593910601,0.8236724766923389,0.8520477984227085
518,nikon,dino_clicks,10+20 clicks,1,0.38747288194853347,4,1,80,3,81,0.9278029280247061,,
518,nikon,sam,10+20 clicks,1,0.3809135925921703,4,0,503,4,503,0.696212515312715,,
518,nikon,microsam,10+20 clicks,1,0.5419333262981295,4,2,31,2,33,0.9129936271764926,,
518,nikon,rf_clicks,10+20 clicks,1,0.24488880695604404,4,0,275,4,275,0.6243034999129375,,
518,nikon,dino_multi,10+20 clicks,1,0.6464387140459178,4,3,65,1,68,0.9401704453347537,0.8332975794629769,0.8029035342576588
518,nikon,dino_clicks,10+20 clicks,2,0.5638989789459574,4,2,44,2,46,0.9072812095454434,,
518,nikon,sam,10+20 clicks,2,0.5632649209609054,4,2,115,2,117,0.8981775275266096,,
518,nikon,microsam,10+20 clicks,2,0.34063993465430503,4,0,36,4,36,0.9156549466530481,,
518,nikon,rf_clicks,10+20 clicks,2,0.3210237273433615,4,0,329,4,329,0.7482077297910686,,
518,nikon,dino_multi,10+20 clicks,2,0.5815346427251387,4,3,60,1,63,0.8948740172860002,0.7088001656014697,0.5949181724047081
9276,olympus,otsu,no input,0,0.7775451617643201,2,2,332,0,334,0.8982817371130284,,
9276,olympus,dino_labels,5 labelled training images,0,0.6258684110301983,2,1,16,1,17,0.9077183139552496,,
9276,olympus,dino_clicks,3+6 clicks,0,0.6154177962706915,2,1,159,1,160,0.8990025777456665,,
9276,olympus,sam,3+6 clicks,0,0.6593968445452427,2,1,80,1,81,0.7934873107403867,,
9276,olympus,microsam,3+6 clicks,0,0.6803580771793728,2,1,6,1,7,0.8101828122330429,,
9276,olympus,rf_clicks,3+6 clicks,0,0.33001937240292345,2,0,101,2,101,0.49993493093383407,,
9276,olympus,dino_multi,3+6 clicks,0,0.7899678597905575,2,2,97,0,99,0.9176112058252306,0.6511176653213288,0.641639158133765
9276,olympus,dino_clicks,3+6 clicks,1,0.5925259492403987,2,2,35,0,37,0.758239232933159,,
9276,olympus,sam,3+6 clicks,1,0.567772553280345,2,1,26,1,27,0.7314079481072645,,
9276,olympus,microsam,3+6 clicks,1,0.31433282897114956,2,0,27,2,27,0.9169918473608709,,
9276,olympus,rf_clicks,3+6 clicks,1,0.7776563797057652,2,2,37,0,39,0.9055999173062511,,
9276,olympus,dino_multi,3+6 clicks,1,0.36488722753636593,2,1,164,1,165,0.6954052575694198,0.5332416080153817,0.4739121198751573
9276,olympus,dino_clicks,3+6 clicks,2,0.5493360230438344,2,1,69,1,70,0.8515531022354658,,
9276,olympus,sam,3+6 clicks,2,0.7695714211936331,2,2,148,0,150,0.8734165666603505,,
9276,olympus,microsam,3+6 clicks,2,0.8535238209234288,2,2,58,0,60,0.9263408820023837,,
9276,olympus,rf_clicks,3+6 clicks,2,0.256153463879724,2,0,70,2,70,0.8948634668591363,,
9276,olympus,dino_multi,3+6 clicks,2,0.5227899409338561,2,1,68,1,69,0.8310331036381875,0.8250779704215433,0.6028917869760544
9276,olympus,dino_clicks,10+20 clicks,0,0.8610700808644021,2,2,46,0,48,0.9222300463125965,,
9276,olympus,sam,10+20 clicks,0,0.919153479326813,2,2,178,0,180,0.9530128727391234,,
9276,olympus,microsam,10+20 clicks,0,0.9193851045500758,2,2,22,0,24,0.9585306516611882,,
9276,olympus,rf_clicks,10+20 clicks,0,0.7111957109958491,2,2,125,0,127,0.8417729321042611,,
9276,olympus,dino_multi,10+20 clicks,0,0.7028261611888833,2,1,71,1,72,0.9369526392988873,0.9108950471866478,0.7641036663310671
9276,olympus,dino_clicks,10+20 clicks,1,0.7335891408235712,2,2,59,0,61,0.9532244044394613,,
9276,olympus,sam,10+20 clicks,1,0.6227062648503114,2,2,274,0,276,0.8191195407232535,,
9276,olympus,microsam,10+20 clicks,1,0.9351764074551139,2,2,8,0,10,0.9664846745092153,,
9276,olympus,rf_clicks,10+20 clicks,1,0.7869162394108707,2,2,87,0,89,0.9172297194936463,,
9276,olympus,dino_multi,10+20 clicks,1,0.8855512205506928,2,2,75,0,77,0.934224062887441,0.8394982223116657,0.7266832709513142
9276,olympus,dino_clicks,10+20 clicks,2,0.855917658653474,2,2,42,0,44,0.9200589061269222,,
9276,olympus,sam,10+20 clicks,2,0.8207889297386779,2,2,274,0,276,0.8948304629004012,,
9276,olympus,microsam,10+20 clicks,2,0.9438910646894221,2,2,5,0,7,0.9711462577395656,,
9276,olympus,rf_clicks,10+20 clicks,2,0.6572089906273484,2,2,83,0,85,0.8061380645251455,,
9276,olympus,dino_multi,10+20 clicks,2,0.6497629003802587,2,2,54,0,56,0.9039216346315683,0.9329638739886791,0.7531892965323077
9281,olympus,otsu,no input,0,0.3663210619932727,14,2,219,12,221,0.663874071857729,,
9281,olympus,dino_labels,5 labelled training images,0,0.2579036908683346,14,1,26,13,27,0.8317888386376092,,
9281,olympus,dino_clicks,3+6 clicks,0,0.039730446412849084,14,0,58,14,58,0.878470140125881,,
9281,olympus,sam,3+6 clicks,0,0.06547757380873578,14,0,232,14,232,0.7475421581384567,,
9281,olympus,microsam,3+6 clicks,0,0.10153650813509629,14,1,62,13,63,0.9143492654218145,,
9281,olympus,rf_clicks,3+6 clicks,0,0.3816403777719137,14,3,230,11,233,0.5485421164198798,,
9281,olympus,dino_multi,3+6 clicks,0,0.0989664497737529,14,1,140,13,141,0.8312380981283239,0.6181213713734072,0.4925707859856048
9281,olympus,dino_clicks,3+6 clicks,1,0.2633509186988517,14,0,58,14,58,0.5991308028569867,,
9281,olympus,sam,3+6 clicks,1,0.05435538588291441,14,0,21,14,21,0.20379819982174513,,
9281,olympus,microsam,3+6 clicks,1,0.09463248603018555,14,0,16,14,16,0.34379573816403713,,
9281,olympus,rf_clicks,3+6 clicks,1,0.039082226760249104,14,0,69,14,69,0.8544724402024609,,
9281,olympus,dino_multi,3+6 clicks,1,0.13380713653695417,14,0,322,14,322,0.36818616189990155,0.3286000091234335,0.19918427724995544
9281,olympus,dino_clicks,3+6 clicks,2,0.16400070249719476,14,2,90,12,92,0.8444834636620573,,
9281,olympus,sam,3+6 clicks,2,0.12974929069529792,14,2,64,12,66,0.18756285673774767,,
9281,olympus,microsam,3+6 clicks,2,0.10130914305064895,14,0,35,14,35,0.5876438235988798,,
9281,olympus,rf_clicks,3+6 clicks,2,0.07819121230690514,14,0,38,14,38,0.7814395506429791,,
9281,olympus,dino_multi,3+6 clicks,2,0.15556536947670044,14,1,277,13,278,0.3683244431401658,0.08127228267970805,0.2590572954753476
9281,olympus,dino_clicks,10+20 clicks,0,0.31587396218311076,14,3,118,11,121,0.8668236689381253,,
9281,olympus,sam,10+20 clicks,0,0.435545748009263,14,6,109,8,115,0.6399791581376307,,
9281,olympus,microsam,10+20 clicks,0,0.049843842835280254,14,0,61,14,61,0.8983796531424306,,
9281,olympus,rf_clicks,10+20 clicks,0,0.10171996546653692,14,0,311,14,311,0.7397602260289663,,
9281,olympus,dino_multi,10+20 clicks,0,0.2536866820829581,14,1,168,13,169,0.8037455923449457,0.8821492827416048,0.5947375748294584
9281,olympus,dino_clicks,10+20 clicks,1,0.4183780991135638,14,4,82,10,86,0.851890724003698,,
9281,olympus,sam,10+20 clicks,1,0.5548426125495453,14,7,176,7,183,0.7515529921018935,,
9281,olympus,microsam,10+20 clicks,1,0.13735075734221153,14,0,82,14,82,0.811934839568321,,
9281,olympus,rf_clicks,10+20 clicks,1,0.46110546156588683,14,3,318,11,321,0.7360451698618682,,
9281,olympus,dino_multi,10+20 clicks,1,0.03798618612499231,14,0,83,14,83,0.8601180216687988,0.8426273632542652,0.6491145222098059
9281,olympus,dino_clicks,10+20 clicks,2,0.3366666335400859,14,4,58,10,62,0.8341518842321742,,
9281,olympus,sam,10+20 clicks,2,0.2949470162896476,14,5,179,9,184,0.6161148822322035,,
9281,olympus,microsam,10+20 clicks,2,0.08692970445345669,14,0,59,14,59,0.7877839843574189,,
9281,olympus,rf_clicks,10+20 clicks,2,0.136438019738672,14,1,117,13,118,0.7887025123744984,,
9281,olympus,dino_multi,10+20 clicks,2,0.07440122698039899,14,0,198,14,198,0.823907754981638,0.6762443605304335,0.6372720914724396
9286,olympus,otsu,no input,0,0.4756142620689127,3,1,92,2,93,0.70539793611062,,
9286,olympus,dino_labels,5 labelled training images,0,0.5215938886291385,3,2,24,1,26,0.6566181333691182,,
9286,olympus,dino_clicks,3+6 clicks,0,0.2936699883590766,3,0,151,3,151,0.7765547605943863,,
9286,olympus,sam,3+6 clicks,0,0.7364402728694497,3,2,262,1,264,0.8312068604894374,,
9286,olympus,microsam,3+6 clicks,0,0.2577366839593871,3,0,163,3,163,0.8989728724384645,,
9286,olympus,rf_clicks,3+6 clicks,0,0.1568648162222779,3,0,23,3,23,0.782463839091186,,
9286,olympus,dino_multi,3+6 clicks,0,0.4476653393127261,3,1,90,2,91,0.7779320260789806,0.08001011452593428,0.106043320917793
9286,olympus,dino_clicks,3+6 clicks,1,0.5169433572906038,3,2,69,1,71,0.6479581255246655,,
9286,olympus,sam,3+6 clicks,1,0.3907344931639177,3,1,61,2,62,0.6292408291044964,,
9286,olympus,microsam,3+6 clicks,1,0.507979695356462,3,2,54,1,56,0.944007017692792,,
9286,olympus,rf_clicks,3+6 clicks,1,0.2991546987242861,3,0,112,3,112,0.442404140796254,,
9286,olympus,dino_multi,3+6 clicks,1,0.328367609508515,3,1,46,2,47,0.5961688549045178,0.08218410484699437,0.4104715070870697
9286,olympus,dino_clicks,3+6 clicks,2,0.6708206755638236,3,2,77,1,79,0.7868549270033194,,
9286,olympus,sam,3+6 clicks,2,0.04867067704273223,3,0,285,3,285,0.858046557077743,,
9286,olympus,microsam,3+6 clicks,2,0.25638039402059276,3,0,107,3,107,0.8822321504720292,,
9286,olympus,rf_clicks,3+6 clicks,2,0.5739441456184192,3,2,218,1,220,0.8074172096685036,,
9286,olympus,dino_multi,3+6 clicks,2,0.48289278529181373,3,1,137,2,138,0.6561897143932621,0.47623428396197487,0.1621056515589447
9286,olympus,dino_clicks,10+20 clicks,0,0.49047651539129883,3,1,66,2,67,0.765388874057411,,
9286,olympus,sam,10+20 clicks,0,0.6551730177870195,3,2,225,1,227,0.8545949648622821,,
9286,olympus,microsam,10+20 clicks,0,0.1103139060819448,3,0,109,3,109,0.8937303493015296,,
9286,olympus,rf_clicks,10+20 clicks,0,0.23484008868221276,3,0,134,3,134,0.7918567001343334,,
9286,olympus,dino_multi,10+20 clicks,0,0.4314708198032687,3,1,98,2,99,0.8521252951545387,0.8604642339532731,0.6868509275124786
9286,olympus,dino_clicks,10+20 clicks,1,0.475145299242883,3,1,57,2,58,0.8445766727271297,,
9286,olympus,sam,10+20 clicks,1,0.622648080864241,3,2,173,1,175,0.7517639105045124,,
9286,olympus,microsam,10+20 clicks,1,0.28651492339188306,3,0,234,3,234,0.8854733056471293,,
9286,olympus,rf_clicks,10+20 clicks,1,0.6753944894065964,3,2,80,1,82,0.7694134510587227,,
9286,olympus,dino_multi,10+20 clicks,1,0.7340980110532541,3,3,75,0,78,0.8282402102305166,0.8614231615049341,0.59213560691501
9286,olympus,dino_clicks,10+20 clicks,2,0.6924501251728818,3,3,62,0,65,0.7712848019517795,,
9286,olympus,sam,10+20 clicks,2,0.6596409992644702,3,2,145,1,147,0.8097322066122581,,
9286,olympus,microsam,10+20 clicks,2,0.07988311534573317,3,0,89,3,89,0.8748487962228321,,
9286,olympus,rf_clicks,10+20 clicks,2,0.4711256214482595,3,2,249,1,251,0.6185134014921249,,
9286,olympus,dino_multi,10+20 clicks,2,0.11378252814994798,3,0,205,3,205,0.8107675432095105,0.8363993171338768,0.5810558600111744
9292,olympus,otsu,no input,0,0.5372218003134214,7,4,266,3,270,0.7196708699869552,,
9292,olympus,dino_labels,5 labelled training images,0,0.40953156828325393,7,2,58,5,60,0.7992071038949365,,
9292,olympus,dino_clicks,3+6 clicks,0,0.06447348625953297,7,0,170,7,170,0.6551624644886364,,
9292,olympus,sam,3+6 clicks,0,0.10981605713454558,7,0,215,7,215,0.5460239706089016,,
9292,olympus,microsam,3+6 clicks,0,0.19895536332553146,7,0,47,7,47,0.6756027316287903,,
9292,olympus,rf_clicks,3+6 clicks,0,0.1657675435800285,7,0,48,7,48,0.7420592722733367,,
9292,olympus,dino_multi,3+6 clicks,0,0.17740239666303895,7,1,492,6,493,0.461010338319068,0.05433701172446531,0.374856316411499
9292,olympus,dino_clicks,3+6 clicks,1,0.18269397946393276,7,1,94,6,95,0.8649240571690228,,
9292,olympus,sam,3+6 clicks,1,0.0765276724476236,7,0,139,7,139,0.7425728757070031,,
9292,olympus,microsam,3+6 clicks,1,0.24780582050111136,7,1,101,6,102,0.8034309189586492,,
9292,olympus,rf_clicks,3+6 clicks,1,0.4352452784936623,7,2,109,5,111,0.763298520078509,,
9292,olympus,dino_multi,3+6 clicks,1,0.43025919067421686,7,2,144,5,146,0.7598174732704926,0.34978594049933087,0.34077470737299387
9292,olympus,dino_clicks,3+6 clicks,2,0.4106029589587917,7,0,57,7,57,0.5776671788558888,,
9292,olympus,sam,3+6 clicks,2,0.5040976993244699,7,5,321,2,326,0.7536592028195502,,
9292,olympus,microsam,3+6 clicks,2,0.32679740957776315,7,2,34,5,36,0.5711713105155004,,
9292,olympus,rf_clicks,3+6 clicks,2,0.3674456887489433,7,1,433,6,434,0.5742070695113075,,
9292,olympus,dino_multi,3+6 clicks,2,0.1663896107511814,7,0,109,7,109,0.639251358948443,0.21172571775625665,0.3606452091001161
9292,olympus,dino_clicks,10+20 clicks,0,0.6077414144016945,7,4,88,3,92,0.899909332961366,,
9292,olympus,sam,10+20 clicks,0,0.41360739621467785,7,2,619,5,621,0.7572868403290204,,
9292,olympus,microsam,10+20 clicks,0,0.24289704536400056,7,1,145,6,146,0.8699367873693821,,
9292,olympus,rf_clicks,10+20 clicks,0,0.34719303401169366,7,1,305,6,306,0.7077440003924117,,
9292,olympus,dino_multi,10+20 clicks,0,0.1921573665776665,7,0,251,7,251,0.8212950785630234,0.8174857207487417,0.4771770658408392
9292,olympus,dino_clicks,10+20 clicks,1,0.7818114097373724,7,6,152,1,158,0.8729626744978808,,
9292,olympus,sam,10+20 clicks,1,0.12812091430212655,7,0,179,7,179,0.4733990661602744,,
9292,olympus,microsam,10+20 clicks,1,0.28413147834171176,7,1,181,6,182,0.856248528301274,,
9292,olympus,rf_clicks,10+20 clicks,1,0.2595014107960876,7,1,386,6,387,0.829364720816098,,
9292,olympus,dino_multi,10+20 clicks,1,0.2066702399485863,7,1,168,6,169,0.8295587988592518,0.8131213897204537,0.5627733987024788
9292,olympus,dino_clicks,10+20 clicks,2,0.6185703189274048,7,5,88,2,93,0.8142900203878679,,
9292,olympus,sam,10+20 clicks,2,0.2558997137216853,7,2,133,5,135,0.4732622860507969,,
9292,olympus,microsam,10+20 clicks,2,0.32861386269419723,7,2,154,5,156,0.8713662605989158,,
9292,olympus,rf_clicks,10+20 clicks,2,0.5412687908384268,7,4,97,3,101,0.7636438214040125,,
9292,olympus,dino_multi,10+20 clicks,2,0.13313306888936088,7,0,221,7,221,0.7794960399638919,0.6741570826663,0.5864244433699431
9300,olympus,otsu,no input,0,0.2069326318620365,1,0,392,1,392,0.8368560834259628,,
9300,olympus,dino_labels,5 labelled training images,0,0.22288091523660947,1,0,15,1,15,0.870225535820156,,
9300,olympus,dino_clicks,3+6 clicks,0,0.25441106803437974,1,0,29,1,29,0.8605106452402317,,
9300,olympus,sam,3+6 clicks,0,0.9462547298041953,1,1,109,0,110,0.9646016870605638,,
9300,olympus,microsam,3+6 clicks,0,0.9559900410076158,1,1,8,0,9,0.9774999064056007,,
9300,olympus,rf_clicks,3+6 clicks,0,0.19602312245938885,1,0,58,1,58,0.8470741461215425,,
9300,olympus,dino_multi,3+6 clicks,0,0.28115167640012806,1,0,44,1,44,0.5602581093705868,0.5732084171285623,0.4770916334661355
9300,olympus,dino_clicks,3+6 clicks,1,0.15297416100763617,1,0,25,1,25,0.8314737527281081,,
9300,olympus,sam,3+6 clicks,1,0.4647969017704169,1,0,38,1,38,0.919071523728021,,
9300,olympus,microsam,3+6 clicks,1,0.27920062087698877,1,0,21,1,21,0.8724271031119907,,
9300,olympus,rf_clicks,3+6 clicks,1,0.1373444241297333,1,0,28,1,28,0.8489767170104289,,
9300,olympus,dino_multi,3+6 clicks,1,0.2990002259376412,1,0,28,1,28,0.8593623169583428,0.7760917102909018,0.6704676263864249
9300,olympus,dino_clicks,3+6 clicks,2,0.24600223921844663,1,0,23,1,23,0.8749359432099802,,
9300,olympus,sam,3+6 clicks,2,0.9157076483202288,1,1,50,0,51,0.9548948540441827,,
9300,olympus,microsam,3+6 clicks,2,0.9557039612112341,1,1,12,0,13,0.9773503353946618,,
9300,olympus,rf_clicks,3+6 clicks,2,0.20033632764272638,1,0,39,1,39,0.8122060460660873,,
9300,olympus,dino_multi,3+6 clicks,2,0.33628620736749315,1,0,66,1,66,0.855640059705736,0.8045713314640156,0.6204689385823354
9300,olympus,dino_clicks,10+20 clicks,0,0.4877072285127323,1,0,36,1,36,0.887468920070245,,
9300,olympus,sam,10+20 clicks,0,0.7416604316953005,1,1,185,0,186,0.9673807967445244,,
9300,olympus,microsam,10+20 clicks,0,0.9371920505540801,1,1,13,0,14,0.9675778406028688,,
9300,olympus,rf_clicks,10+20 clicks,0,0.2635888484163581,1,0,120,1,120,0.8846736581938837,,
9300,olympus,dino_multi,10+20 clicks,0,0.4138307335369153,1,0,47,1,47,0.7992842858646458,0.8666236072985629,0.5894859472841124
9300,olympus,dino_clicks,10+20 clicks,1,0.7062377483249949,1,1,50,0,51,0.879626845955524,,
9300,olympus,sam,10+20 clicks,1,0.9026073196312584,1,1,268,0,269,0.9388167938931298,,
9300,olympus,microsam,10+20 clicks,1,0.46963928558896806,1,0,21,1,21,0.9549861310548425,,
9300,olympus,rf_clicks,10+20 clicks,1,0.4028655506777944,1,0,278,1,278,0.8818570598898294,,
9300,olympus,dino_multi,10+20 clicks,1,0.3784335965333217,1,0,50,1,50,0.8471700261929165,0.9082163578513943,0.6510151505857817
9300,olympus,dino_clicks,10+20 clicks,2,0.5044916771863899,1,1,44,0,45,0.7375716351561244,,
9300,olympus,sam,10+20 clicks,2,0.4971725395568163,1,0,32,1,32,0.6679949638792798,,
9300,olympus,microsam,10+20 clicks,2,0.906864550342491,1,1,0,0,1,0.951157805287858,,
9300,olympus,rf_clicks,10+20 clicks,2,0.270082312352286,1,0,96,1,96,0.767478200478432,,
9300,olympus,dino_multi,10+20 clicks,2,0.15856224430157803,1,0,88,1,88,0.844894972049641,0.8706455067666244,0.6737315266108272
9317,olympus,otsu,no input,0,0.3204450475201459,2,0,189,2,189,0.8708301676543585,,
9317,olympus,dino_labels,5 labelled training images,0,0.2819165113901361,2,0,12,2,12,0.8699052843612052,,
9317,olympus,dino_clicks,3+6 clicks,0,0.3090330463444308,2,1,52,1,53,0.8688482277358287,,
9317,olympus,sam,3+6 clicks,0,0.45762542421557106,2,1,163,1,164,0.7460731026229181,,
9317,olympus,microsam,3+6 clicks,0,0.5546851559375842,2,1,28,1,29,0.9266138564063875,,
9317,olympus,rf_clicks,3+6 clicks,0,0.2827017619075252,2,0,37,2,37,0.8877455960077336,,
9317,olympus,dino_multi,3+6 clicks,0,0.5673787981315861,2,2,87,0,89,0.7957634724310703,0.5025064560230897,0.584155154310185
9317,olympus,dino_clicks,3+6 clicks,1,0.712464167483554,2,2,55,0,57,0.8221776123061122,,
9317,olympus,sam,3+6 clicks,1,0.5791367313410184,2,1,77,1,78,0.726472370100156,,
9317,olympus,microsam,3+6 clicks,1,0.5106471580136156,2,1,54,1,55,0.9023164737514351,,
9317,olympus,rf_clicks,3+6 clicks,1,0.3758682991789603,2,0,22,2,22,0.6224844547748177,,
9317,olympus,dino_multi,3+6 clicks,1,0.4301281722584666,2,1,67,1,68,0.6463058582704029,0.0993757116494562,0.5665143564060099
9317,olympus,dino_clicks,3+6 clicks,2,0.5356862553263873,2,1,52,1,53,0.8688905779354221,,
9317,olympus,sam,3+6 clicks,2,0.6762206401424407,2,1,162,1,163,0.8345645298696449,,
9317,olympus,microsam,3+6 clicks,2,0.5646372737700843,2,1,22,1,23,0.9323242585312465,,
9317,olympus,rf_clicks,3+6 clicks,2,0.2511749648539948,2,0,92,2,92,0.631220091952585,,
9317,olympus,dino_multi,3+6 clicks,2,0.5654170203686582,2,1,73,1,74,0.7196961248040097,0.49739771577273384,0.7078321129707112
9317,olympus,dino_clicks,10+20 clicks,0,0.2946660587969284,2,0,53,2,53,0.900729674243736,,
9317,olympus,sam,10+20 clicks,0,0.29704990645225904,2,0,254,2,254,0.5320002690040126,,
9317,olympus,microsam,10+20 clicks,0,0.5748884034324329,2,1,39,1,40,0.9293615017486719,,
9317,olympus,rf_clicks,10+20 clicks,0,0.31889223483667556,2,0,58,2,58,0.8936143532362304,,
9317,olympus,dino_multi,10+20 clicks,0,0.27047102516529314,2,0,64,2,64,0.8699449612510571,0.8214093672875677,0.7242749017795239
9317,olympus,dino_clicks,10+20 clicks,1,0.39954236869362114,2,0,36,2,36,0.8944314927772278,,
9317,olympus,sam,10+20 clicks,1,0.7179467717885747,2,2,148,0,150,0.8519774143393226,,
9317,olympus,microsam,10+20 clicks,1,0.6083677959024303,2,1,47,1,48,0.785190263969832,,
9317,olympus,rf_clicks,10+20 clicks,1,0.3125328911127567,2,0,115,2,115,0.8053315376269955,,
9317,olympus,dino_multi,10+20 clicks,1,0.3991684114707983,2,1,33,1,34,0.9016025453338798,0.7092354137144969,0.6793142316922406
9317,olympus,dino_clicks,10+20 clicks,2,0.4551516336219395,2,0,83,2,83,0.9170060171397314,,
9317,olympus,sam,10+20 clicks,2,0.9254163258543788,2,2,145,0,147,0.9407819453273999,,
9317,olympus,microsam,10+20 clicks,2,0.5708611817759561,2,1,22,1,23,0.9307062491129675,,
9317,olympus,rf_clicks,10+20 clicks,2,0.2940999861588159,2,0,38,2,38,0.8779896950441175,,
9317,olympus,dino_multi,10+20 clicks,2,0.7030994427825827,2,2,90,0,92,0.8931832112785109,0.8086740016413281,0.6833904703208659
9321,olympus,otsu,no input,0,0.34619788188149986,1,0,124,1,124,0.5207228788332482,,
9321,olympus,dino_labels,5 labelled training images,0,0.8838894743004332,1,1,3,0,4,0.9383665935377214,,
9321,olympus,dino_clicks,3+6 clicks,0,0.8587748568102203,1,1,51,0,52,0.9266705925240458,,
9321,olympus,sam,3+6 clicks,0,0.5864528017969883,1,1,15,0,16,0.7597618581770411,,
9321,olympus,microsam,3+6 clicks,0,0.9046754675467547,1,1,1,0,2,0.9502212772841246,,
9321,olympus,rf_clicks,3+6 clicks,0,0.6389074673270548,1,1,76,0,77,0.8734394727927817,,
9321,olympus,dino_multi,3+6 clicks,0,0.7756333558757739,1,1,52,0,53,0.8813128639491795,0.881090137384117,0.7092847910383455
9321,olympus,dino_clicks,3+6 clicks,1,0.6936564805057955,1,1,44,0,45,0.9192930319856104,,
9321,olympus,sam,3+6 clicks,1,0.5360134798395709,1,1,10,0,11,0.8890997884413864,,
9321,olympus,microsam,3+6 clicks,1,0.8861058855146466,1,1,2,0,3,0.9406169269986827,,
9321,olympus,rf_clicks,3+6 clicks,1,0.37781696423885547,1,0,174,1,174,0.7659585767392458,,
9321,olympus,dino_multi,3+6 clicks,1,0.31937765859071576,1,0,35,1,35,0.5758501821382295,0.31009491463747463,0.4585762193063402
9321,olympus,dino_clicks,3+6 clicks,2,0.3875805661594918,1,0,152,1,152,0.687106782442317,,
9321,olympus,sam,3+6 clicks,2,0.5831638700697065,1,1,22,0,23,0.7545986386904427,,
9321,olympus,microsam,3+6 clicks,2,0.9152364351479396,1,1,0,0,1,0.955898656770414,,
9321,olympus,rf_clicks,3+6 clicks,2,0.6811202013845186,1,1,96,0,97,0.8932179527206536,,
9321,olympus,dino_multi,3+6 clicks,2,0.37831181296292943,1,0,99,1,99,0.7914635256185238,0.6643397324025596,0.7007713620960968
9321,olympus,dino_clicks,10+20 clicks,0,0.8841532996016794,1,1,50,0,51,0.9393471497849758,,
9321,olympus,sam,10+20 clicks,0,0.5500666177792007,1,1,59,0,60,0.7374481837495934,,
9321,olympus,microsam,10+20 clicks,0,0.8911065675742922,1,1,7,0,8,0.9437353925118006,,
9321,olympus,rf_clicks,10+20 clicks,0,0.7058875888874603,1,1,18,0,19,0.8646085076226991,,
9321,olympus,dino_multi,10+20 clicks,0,0.6962396181870679,1,1,52,0,53,0.8809812918408356,0.9209351840478238,0.7667646636486619
9321,olympus,dino_clicks,10+20 clicks,1,0.8278056884369809,1,1,40,0,41,0.9165766334790486,,
9321,olympus,sam,10+20 clicks,1,0.5519923050160653,1,1,46,0,47,0.7395312810599985,,
9321,olympus,microsam,10+20 clicks,1,0.9048291225090704,1,1,1,0,2,0.9505631641428034,,
9321,olympus,rf_clicks,10+20 clicks,1,0.6558108074254078,1,1,36,0,37,0.8755804036766797,,
9321,olympus,dino_multi,10+20 clicks,1,0.7304812551260682,1,1,89,0,90,0.8821133232871314,0.7963670316611493,0.7589381992826497
9321,olympus,dino_clicks,10+20 clicks,2,0.6122439906339844,1,1,34,0,35,0.8713892492169456,,
9321,olympus,sam,10+20 clicks,2,0.6083190909510832,1,1,39,0,40,0.899039431222267,,
9321,olympus,microsam,10+20 clicks,2,0.8897137300476722,1,1,1,0,2,0.9417890503942836,,
9321,olympus,rf_clicks,10+20 clicks,2,0.6919507557931592,1,1,21,0,22,0.872667489672855,,
9321,olympus,dino_multi,10+20 clicks,2,0.4702795931301755,1,0,49,1,49,0.8324229074889867,0.9146569713658756,0.7624988250976237
9339,olympus,otsu,no input,0,0.9421446658592976,1,1,295,0,296,0.9598452133924065,,
9339,olympus,dino_labels,5 labelled training images,0,0.0,1,0,5,1,5,0.0,,
9339,olympus,dino_clicks,3+6 clicks,0,0.9223872679045093,1,1,35,0,36,0.9596269006816237,,
9339,olympus,sam,3+6 clicks,0,0.9305877163965156,1,1,23,0,24,0.9582174283281294,,
9339,olympus,microsam,3+6 clicks,0,0.848467623513808,1,1,0,0,1,0.9180227045588499,,
9339,olympus,rf_clicks,3+6 clicks,0,0.5969891274045163,1,1,22,0,23,0.747643320997137,,
9339,olympus,dino_multi,3+6 clicks,0,0.8244216913158893,1,1,0,0,1,0.9037622115984203,0.14127439401608458,0.16611828906187304
9339,olympus,dino_clicks,3+6 clicks,1,0.911585209497923,1,1,52,0,53,0.9510433386837881,,
9339,olympus,sam,3+6 clicks,1,0.933432115025793,1,1,11,0,12,0.9645024099801531,,
9339,olympus,microsam,3+6 clicks,1,0.6688672559770243,1,1,0,0,1,0.8643867640324874,,
9339,olympus,rf_clicks,3+6 clicks,1,0.9128372041705742,1,1,19,0,20,0.9544327161561977,,
9339,olympus,dino_multi,3+6 clicks,1,0.928665855851092,1,1,36,0,37,0.9630137361884133,0.7727491752844805,0.3145180578808897
9339,olympus,dino_clicks,3+6 clicks,2,0.8868654311039484,1,1,108,0,109,0.9400409976084728,,
9339,olympus,sam,3+6 clicks,2,0.9320634221537106,1,1,46,0,47,0.9648372941243517,,
9339,olympus,microsam,3+6 clicks,2,0.877835608366886,1,1,0,0,1,0.9349440435100931,,
9339,olympus,rf_clicks,3+6 clicks,2,0.8393444450638274,1,1,11,0,12,0.9126560795247909,,
9339,olympus,dino_multi,3+6 clicks,2,0.870176185660297,1,1,12,0,13,0.9305820407001565,0.7735014377350143,0.37783862135609597
9339,olympus,dino_clicks,10+20 clicks,0,0.8828424030620735,1,1,28,0,29,0.9377762064698604,,
9339,olympus,sam,10+20 clicks,0,0.932905772076961,1,1,37,0,38,0.9633759764519416,,
9339,olympus,microsam,10+20 clicks,0,0.9057485273207394,1,1,0,0,1,0.9505435941163931,,
9339,olympus,rf_clicks,10+20 clicks,0,0.5729021466406468,1,1,20,0,21,0.728465083303793,,
9339,olympus,dino_multi,10+20 clicks,0,0.9052734907563942,1,1,18,0,19,0.9502819360563299,0.7101449275362319,0.21707478491065518
9339,olympus,dino_clicks,10+20 clicks,1,0.9288478871745931,1,1,22,0,23,0.963111599780099,,
9339,olympus,sam,10+20 clicks,1,0.933071081243512,1,1,78,0,79,0.9583882824995089,,
9339,olympus,microsam,10+20 clicks,1,0.7993670321832932,1,1,1,0,2,0.8884980305695246,,
9339,olympus,rf_clicks,10+20 clicks,1,0.9027640127739236,1,1,21,0,22,0.9484309472161967,,
9339,olympus,dino_multi,10+20 clicks,1,0.7978241661144245,1,1,0,0,1,0.8875441560436185,0.5526981082730363,0.24231069476971118
9339,olympus,dino_clicks,10+20 clicks,2,0.9114381051364805,1,1,27,0,28,0.9536674011962338,,
9339,olympus,sam,10+20 clicks,2,0.9316912972085386,1,1,124,0,125,0.9485386308545318,,
9339,olympus,microsam,10+20 clicks,2,0.8482481060606061,1,1,3,0,4,0.9178941975150506,,
9339,olympus,rf_clicks,10+20 clicks,2,0.9309032756148671,1,1,37,0,38,0.9642153362844496,,
9339,olympus,dino_multi,10+20 clicks,2,0.8971322009979336,1,1,29,0,30,0.9453000531067446,0.774112426035503,0.2540858988977575
9342,olympus,otsu,no input,0,0.2280179967396107,2,0,159,2,159,0.8976071457838236,,
9342,olympus,dino_labels,5 labelled training images,0,0.187301592466674,2,0,7,2,7,0.8606324226577391,,
9342,olympus,dino_clicks,3+6 clicks,0,0.5487636858096192,2,1,39,1,40,0.8284613031508107,,
9342,olympus,sam,3+6 clicks,0,0.4141027029342341,2,0,14,2,14,0.9467473257752216,,
9342,olympus,microsam,3+6 clicks,0,0.400614091300755,2,0,5,2,5,0.9321709294735195,,
9342,olympus,rf_clicks,3+6 clicks,0,0.3190718580167371,2,0,128,2,128,0.9081349966411841,,
9342,olympus,dino_multi,3+6 clicks,0,0.23705521017963954,2,0,49,2,49,0.5275414876423982,0.5157103155141409,0.4319676896245755
9342,olympus,dino_clicks,3+6 clicks,1,0.18556002458434778,2,0,30,2,30,0.8389895704505838,,
9342,olympus,sam,3+6 clicks,1,0.38853066533567016,2,1,27,1,28,0.7890241381092676,,
9342,olympus,microsam,3+6 clicks,1,0.43873141045891967,2,1,4,1,5,0.8816762431207118,,
9342,olympus,rf_clicks,3+6 clicks,1,0.23321714058707704,2,0,130,2,130,0.8772740606553412,,
9342,olympus,dino_multi,3+6 clicks,1,0.18463073983793943,2,0,47,2,47,0.8499829345793494,0.39935354623659536,0.7262106181766371
9342,olympus,dino_clicks,3+6 clicks,2,0.21052900320483436,2,0,20,2,20,0.8792115168054865,,
9342,olympus,sam,3+6 clicks,2,0.31944455949311173,2,1,14,1,15,0.528735064678582,,
9342,olympus,microsam,3+6 clicks,2,0.34725997250539964,2,0,8,2,8,0.9186375455018201,,
9342,olympus,rf_clicks,3+6 clicks,2,0.23611097280904517,2,0,18,2,18,0.8964858473517354,,
9342,olympus,dino_multi,3+6 clicks,2,0.21668668382119383,2,0,70,2,70,0.8492966854508944,0.7543551654287644,0.6878772658782704
9342,olympus,dino_clicks,10+20 clicks,0,0.23222531096365356,2,0,24,2,24,0.8611131752991008,,
9342,olympus,sam,10+20 clicks,0,0.36359412848750106,2,1,79,1,80,0.7269012013067302,,
9342,olympus,microsam,10+20 clicks,0,0.40490715886647144,2,0,8,2,8,0.9399943345501579,,
9342,olympus,rf_clicks,10+20 clicks,0,0.25473440886918364,2,0,136,2,136,0.8777497368010115,,
9342,olympus,dino_multi,10+20 clicks,0,0.3110342234979593,2,0,37,2,37,0.8613363504934314,0.8491155286660904,0.7515387595230921
9342,olympus,dino_clicks,10+20 clicks,1,0.19440461462602948,2,0,34,2,34,0.8594216362594137,,
9342,olympus,sam,10+20 clicks,1,0.34305167695753536,2,0,133,2,133,0.9225151360266415,,
9342,olympus,microsam,10+20 clicks,1,0.35934636854104884,2,0,14,2,14,0.9202385157175209,,
9342,olympus,rf_clicks,10+20 clicks,1,0.2399747803983459,2,0,49,2,49,0.8837265958472696,,
9342,olympus,dino_multi,10+20 clicks,1,0.1829931267925477,2,0,39,2,39,0.8441218603762773,0.8261889639260114,0.692725451529095
9342,olympus,dino_clicks,10+20 clicks,2,0.2899183802237346,2,0,23,2,23,0.8809170377700808,,
9342,olympus,sam,10+20 clicks,2,0.4953332197310175,2,1,44,1,45,0.7288092020698065,,
9342,olympus,microsam,10+20 clicks,2,0.4103633799044347,2,0,17,2,17,0.9334542329813537,,
9342,olympus,rf_clicks,10+20 clicks,2,0.2577198046310071,2,0,93,2,93,0.8835526214627296,,
9342,olympus,dino_multi,10+20 clicks,2,0.16404550153501068,2,0,47,2,47,0.827263950569608,0.8601921535313894,0.6580287139802464
9343,olympus,otsu,no input,0,0.1711200647044134,1,0,188,1,188,0.9512768712768713,,
9343,olympus,dino_labels,5 labelled training images,0,0.9205654731193891,1,1,9,0,10,0.9586297307171563,,
9343,olympus,dino_clicks,3+6 clicks,0,0.5139789074320815,1,1,63,0,64,0.9455251705908624,,
9343,olympus,sam,3+6 clicks,0,0.9527823893404627,1,1,52,0,53,0.97574492984025,,
9343,olympus,microsam,3+6 clicks,0,0.9356728702915298,1,1,4,0,5,0.9667675614533039,,
9343,olympus,rf_clicks,3+6 clicks,0,0.8783122119815668,1,1,43,0,44,0.9401673640167364,,
9343,olympus,dino_multi,3+6 clicks,0,0.9020920681098656,1,1,37,0,38,0.9453367556238021,0.773334803097528,0.816331860622021
9343,olympus,dino_clicks,3+6 clicks,1,0.938612043970714,1,1,56,0,57,0.9599266156816315,,
9343,olympus,sam,3+6 clicks,1,0.9622275820484107,1,1,14,0,15,0.980750235957769,,
9343,olympus,microsam,3+6 clicks,1,0.938163190633004,1,1,0,0,1,0.9680951481970927,,
9343,olympus,rf_clicks,3+6 clicks,1,0.8787046287046287,1,1,26,0,27,0.9389525186255977,,
9343,olympus,dino_multi,3+6 clicks,1,0.9159369154905628,1,1,3,0,4,0.950850056817555,0.30856666540370553,0.7438868436349545
9343,olympus,dino_clicks,3+6 clicks,2,0.9300114906507887,1,1,68,0,69,0.9547043558453256,,
9343,olympus,sam,3+6 clicks,2,0.7438109203829897,1,1,12,0,13,0.889718910118278,,
9343,olympus,microsam,3+6 clicks,2,0.9679895130769394,1,1,0,0,1,0.9837344220025784,,
9343,olympus,rf_clicks,3+6 clicks,2,0.8662303172246503,1,1,18,0,19,0.9291538159591768,,
9343,olympus,dino_multi,3+6 clicks,2,0.9492894125668506,1,1,89,0,90,0.9644028356512798,0.6050741660514128,0.7794261791238184
9343,olympus,dino_clicks,10+20 clicks,0,0.9051250565501195,1,1,15,0,16,0.9508430140577679,,
9343,olympus,sam,10+20 clicks,0,0.9478176527643065,1,1,28,0,29,0.9732098396574046,,
9343,olympus,microsam,10+20 clicks,0,0.9445592779812947,1,1,10,0,11,0.9714893124388267,,
9343,olympus,rf_clicks,10+20 clicks,0,0.7626950444458521,1,1,21,0,22,0.8669314677258709,,
9343,olympus,dino_multi,10+20 clicks,0,0.8667212832011039,1,1,25,0,26,0.9286770140428677,0.9321348742093499,0.8007587466629198
9343,olympus,dino_clicks,10+20 clicks,1,0.8751482224090723,1,1,11,0,12,0.9337501005527529,,
9343,olympus,sam,10+20 clicks,1,0.9140764674205708,1,1,196,0,197,0.955416160798597,,
9343,olympus,microsam,10+20 clicks,1,0.9594356999330208,1,1,0,0,1,0.9792979682526118,,
9343,olympus,rf_clicks,10+20 clicks,1,0.8712602373391275,1,1,18,0,19,0.9337035129749457,,
9343,olympus,dino_multi,10+20 clicks,1,0.9216533664234826,1,1,20,0,21,0.9543737607585542,0.92064085197814,0.8556685515254456
9343,olympus,dino_clicks,10+20 clicks,2,0.9185167690127539,1,1,21,0,22,0.9575280068940046,,
9343,olympus,sam,10+20 clicks,2,0.9413563629315358,1,1,75,0,76,0.9692978079366663,,
9343,olympus,microsam,10+20 clicks,2,0.9549663649198572,1,1,3,0,4,0.9769644962244713,,
9343,olympus,rf_clicks,10+20 clicks,2,0.46703758814776475,1,0,29,1,29,0.8531823071881686,,
9343,olympus,dino_multi,10+20 clicks,2,0.8010380316369369,1,1,70,0,71,0.9578082307838943,0.856168613236676,0.8411058463073141
9347,olympus,otsu,no input,0,0.1320105083540312,1,0,276,1,276,0.9326257364039146,,
9347,olympus,dino_labels,5 labelled training images,0,0.9306495197143928,1,1,11,0,12,0.9640791974009522,,
9347,olympus,dino_clicks,3+6 clicks,0,0.9374913099612673,1,1,33,0,34,0.9676976226844496,,
9347,olympus,sam,3+6 clicks,0,0.938783894823336,1,1,6,0,7,0.9684473734398508,,
9347,olympus,microsam,3+6 clicks,0,0.9499457861015278,1,1,0,0,1,0.9743304586951906,,
9347,olympus,rf_clicks,3+6 clicks,0,0.09450058089017759,1,0,53,1,53,0.8644969991426121,,
9347,olympus,dino_multi,3+6 clicks,0,0.9210625508361934,1,1,36,0,37,0.9589094852067951,0.7086206896551724,0.8062096236147951
9347,olympus,dino_clicks,3+6 clicks,1,0.9215247944326731,1,1,55,0,56,0.956914040027856,,
9347,olympus,sam,3+6 clicks,1,0.9388191290408763,1,1,2,0,3,0.9684442607137935,,
9347,olympus,microsam,3+6 clicks,1,0.9493035882908404,1,1,0,0,1,0.9739925519997578,,
9347,olympus,rf_clicks,3+6 clicks,1,0.72972300418371,1,1,48,0,49,0.9246216301434652,,
9347,olympus,dino_multi,3+6 clicks,1,0.849505645344397,1,1,24,0,25,0.9205175600739371,0.9006550500996815,0.7850754611514813
9347,olympus,dino_clicks,3+6 clicks,2,0.9272840148996676,1,1,34,0,35,0.9622702287062148,,
9347,olympus,sam,3+6 clicks,2,0.9355488833134538,1,1,6,0,7,0.9631401774183304,,
9347,olympus,microsam,3+6 clicks,2,0.93918196832799,1,1,0,0,1,0.9686372745490982,,
9347,olympus,rf_clicks,3+6 clicks,2,0.7145679451810981,1,1,19,0,20,0.867324123181283,,
9347,olympus,dino_multi,3+6 clicks,2,0.38534717467798174,1,0,307,1,307,0.8516534269351561,0.9111518837811345,0.7390442141719967
9347,olympus,dino_clicks,10+20 clicks,0,0.9376075215043008,1,1,48,0,49,0.9670504250226953,,
9347,olympus,sam,10+20 clicks,0,0.9320476180685486,1,1,12,0,13,0.9543628677785022,,
9347,olympus,microsam,10+20 clicks,0,0.951893227879387,1,1,0,0,1,0.9753537891143369,,
9347,olympus,rf_clicks,10+20 clicks,0,0.7816562560145575,1,1,95,0,96,0.9184999383198322,,
9347,olympus,dino_multi,10+20 clicks,0,0.940473291118688,1,1,45,0,46,0.9671588833811636,0.8957603627221351,0.8446970465847965
9347,olympus,dino_clicks,10+20 clicks,1,0.9331661137632494,1,1,17,0,18,0.9654277582454378,,
9347,olympus,sam,10+20 clicks,1,0.6530801583374567,1,1,114,0,115,0.776159772030235,,
9347,olympus,microsam,10+20 clicks,1,0.9566532667397571,1,1,0,0,1,0.9778464922748072,,
9347,olympus,rf_clicks,10+20 clicks,1,0.7791113196650303,1,1,104,0,105,0.9029225594852619,,
9347,olympus,dino_multi,10+20 clicks,1,0.8303206037797931,1,1,27,0,28,0.9092316147194401,0.9426049099044624,0.8012005574016507
9347,olympus,dino_clicks,10+20 clicks,2,0.8940914386151362,1,1,10,0,11,0.9440847684405888,,
9347,olympus,sam,10+20 clicks,2,0.8590590177465951,1,1,14,0,15,0.9235869348293678,,
9347,olympus,microsam,10+20 clicks,2,0.9503848745329441,1,1,0,0,1,0.9745613667769356,,
9347,olympus,rf_clicks,10+20 clicks,2,0.7586450371573318,1,1,46,0,47,0.8999685896764736,,
9347,olympus,dino_multi,10+20 clicks,2,0.8782201405152225,1,1,35,0,36,0.9568328831567512,0.9288172793934254,0.8635880477146569
9353,olympus,otsu,no input,0,0.42253434793267075,2,0,88,2,88,0.6047684096382149,,
9353,olympus,dino_labels,5 labelled training images,0,0.4604483924732087,2,1,11,1,12,0.9274334218744201,,
9353,olympus,dino_clicks,3+6 clicks,0,0.46171486874614875,2,0,26,2,26,0.9436247079635064,,
9353,olympus,sam,3+6 clicks,0,0.7459786746315346,2,2,59,0,61,0.8587377798345578,,
9353,olympus,microsam,3+6 clicks,0,0.47143976601372095,2,0,1,2,1,0.9634146959673535,,
9353,olympus,rf_clicks,3+6 clicks,0,0.1320728551777603,2,0,78,2,78,0.8986782092827553,,
9353,olympus,dino_multi,3+6 clicks,0,0.46118143580326193,2,0,53,2,53,0.9381496314534603,0.5873040944909528,0.7124331372287198
9353,olympus,dino_clicks,3+6 clicks,1,0.4263718392613577,2,0,23,2,23,0.9218767891904271,,
9353,olympus,sam,3+6 clicks,1,0.39355059810159304,2,1,84,1,85,0.8222119939828015,,
9353,olympus,microsam,3+6 clicks,1,0.4737126033188486,2,0,4,2,4,0.966032063619421,,
9353,olympus,rf_clicks,3+6 clicks,1,0.3794216905931985,2,0,60,2,60,0.8251907708787392,,
9353,olympus,dino_multi,3+6 clicks,1,0.4618456310060492,2,0,10,2,10,0.9335183576619139,0.7360867150084823,0.7548397118502553
9353,olympus,dino_clicks,3+6 clicks,2,0.39019862318427345,2,0,94,2,94,0.9067958796930409,,
9353,olympus,sam,3+6 clicks,2,0.46089134322221914,2,1,53,1,54,0.9212881014631611,,
9353,olympus,microsam,3+6 clicks,2,0.45326194473784687,2,0,10,2,10,0.9473730784168171,,
9353,olympus,rf_clicks,3+6 clicks,2,0.19636828282147267,2,0,55,2,55,0.8631437199463368,,
9353,olympus,dino_multi,3+6 clicks,2,0.44655334218525894,2,0,34,2,34,0.9409983086181803,0.7160055196916586,0.7144569462166028
9353,olympus,dino_clicks,10+20 clicks,0,0.4615493977372153,2,0,4,2,4,0.9410272274010492,,
9353,olympus,sam,10+20 clicks,0,0.30981833873496367,2,0,226,2,226,0.909988620439947,,
9353,olympus,microsam,10+20 clicks,0,0.46250094721155766,2,1,5,1,6,0.9442345068643574,,
9353,olympus,rf_clicks,10+20 clicks,0,0.29174671671950025,2,0,87,2,87,0.809681729382143,,
9353,olympus,dino_multi,10+20 clicks,0,0.4481505821252182,2,0,49,2,49,0.9320288832845348,0.8903795328619917,0.8359150839538492
9353,olympus,dino_clicks,10+20 clicks,1,0.4523958158046879,2,0,24,2,24,0.9383050445338527,,
9353,olympus,sam,10+20 clicks,1,0.04734378103804088,2,0,402,2,402,0.7657044368635489,,
9353,olympus,microsam,10+20 clicks,1,0.46078881912368286,2,0,8,2,8,0.955635087441012,,
9353,olympus,rf_clicks,10+20 clicks,1,0.19131769407217575,2,0,76,2,76,0.856392015562365,,
9353,olympus,dino_multi,10+20 clicks,1,0.4569807560350666,2,0,28,2,28,0.9307427994998266,0.9008444775276573,0.7641838569870176
9353,olympus,dino_clicks,10+20 clicks,2,0.4389925326675418,2,0,28,2,28,0.9299003338546237,,
9353,olympus,sam,10+20 clicks,2,0.42961917040973174,2,1,125,1,126,0.8464062299812276,,
9353,olympus,microsam,10+20 clicks,2,0.46624728177103897,2,0,11,2,11,0.9612787639546664,,
9353,olympus,rf_clicks,10+20 clicks,2,0.17690186251194226,2,0,12,2,12,0.8843087821252392,,
9353,olympus,dino_multi,10+20 clicks,2,0.4137476513065246,2,0,47,2,47,0.9117613839579843,0.9113636906325366,0.7963754189234263
9357,olympus,otsu,no input,0,0.7532634948266972,2,2,61,0,63,0.8210467142616223,,
9357,olympus,dino_labels,5 labelled training images,0,0.6058517039114322,2,2,19,0,21,0.7366071967092486,,
9357,olympus,dino_clicks,3+6 clicks,0,0.7231119536791527,2,2,31,0,33,0.7992952142775946,,
9357,olympus,sam,3+6 clicks,0,0.2752163928634517,2,1,15,1,16,0.5305904504960234,,
9357,olympus,microsam,3+6 clicks,0,0.6148031044096228,2,1,75,1,76,0.8386155129274395,,
9357,olympus,rf_clicks,3+6 clicks,0,0.6989547985683757,2,2,38,0,40,0.8111291425538647,,
9357,olympus,dino_multi,3+6 clicks,0,0.17786232050853462,2,0,247,2,247,0.5982158939016182,0.22182260024301337,0.27480982019363764
9357,olympus,dino_clicks,3+6 clicks,1,0.7278120804638248,2,2,31,0,33,0.8153287370321234,,
9357,olympus,sam,3+6 clicks,1,0.7527869409986828,2,2,41,0,43,0.8403457452657972,,
9357,olympus,microsam,3+6 clicks,1,0.42898468213884416,2,1,153,1,154,0.8342800612713812,,
9357,olympus,rf_clicks,3+6 clicks,1,0.6386219673546053,2,1,37,1,38,0.8434275459847466,,
9357,olympus,dino_multi,3+6 clicks,1,0.7338237014352389,2,2,274,0,276,0.8333067271159925,0.4961068717112289,0.12155378793729245
9357,olympus,dino_clicks,3+6 clicks,2,0.5487257319734445,2,1,167,1,168,0.7426868408986703,,
9357,olympus,sam,3+6 clicks,2,0.15042393969507106,2,0,156,2,156,0.36866023868923203,,
9357,olympus,microsam,3+6 clicks,2,0.6562195246098254,2,1,59,1,60,0.8490881631725101,,
9357,olympus,rf_clicks,3+6 clicks,2,0.6004293175774998,2,1,68,1,69,0.8967735183017916,,
9357,olympus,dino_multi,3+6 clicks,2,0.7588097628728161,2,2,91,0,93,0.8412804826950473,0.4206597743554545,0.23627190808083753
9357,olympus,dino_clicks,10+20 clicks,0,0.7196784023174154,2,2,74,0,76,0.799206958594529,,
9357,olympus,sam,10+20 clicks,0,0.703925886360745,2,2,61,0,63,0.8254021112924174,,
9357,olympus,microsam,10+20 clicks,0,0.5991849625368072,2,1,91,1,92,0.8355399304861971,,
9357,olympus,rf_clicks,10+20 clicks,0,0.686381622757736,2,1,206,1,207,0.7823277359583092,,
9357,olympus,dino_multi,10+20 clicks,0,0.4726886812600126,2,1,186,1,187,0.8103431717779628,0.8114125746651258,0.5093816855469435
9357,olympus,dino_clicks,10+20 clicks,1,0.7613567459148679,2,2,34,0,36,0.8543594949833138,,
9357,olympus,sam,10+20 clicks,1,0.1664790919408719,2,0,250,2,250,0.5259025834668984,,
9357,olympus,microsam,10+20 clicks,1,0.7056313042970435,2,2,53,0,55,0.8760964820415721,,
9357,olympus,rf_clicks,10+20 clicks,1,0.6084085560897876,2,1,333,1,334,0.811557082617523,,
9357,olympus,dino_multi,10+20 clicks,1,0.3309742121037695,2,1,167,1,168,0.7936017433552444,0.8303753730171195,0.5995970840515898
9357,olympus,dino_clicks,10+20 clicks,2,0.7071344757174871,2,2,26,0,28,0.8031782325368698,,
9357,olympus,sam,10+20 clicks,2,0.9024904303314347,2,2,163,0,165,0.9408241864047756,,
9357,olympus,microsam,10+20 clicks,2,0.7331748247185513,2,2,16,0,18,0.877443823524476,,
9357,olympus,rf_clicks,10+20 clicks,2,0.6997059242673009,2,2,102,0,104,0.7812110668387676,,
9357,olympus,dino_multi,10+20 clicks,2,0.46231633289818747,2,1,172,1,173,0.8243396787106473,0.7893004668032374,0.5115066093326963
9367,olympus,otsu,no input,0,0.3394314663664509,1,0,135,1,135,0.5075218732296847,,
9367,olympus,dino_labels,5 labelled training images,0,0.8615982080135725,1,1,6,0,7,0.9257136347130153,,
9367,olympus,dino_clicks,3+6 clicks,0,0.8282099356596572,1,1,29,0,30,0.9065688257614907,,
9367,olympus,sam,3+6 clicks,0,0.8304865637978931,1,1,71,0,72,0.9096890714109068,,
9367,olympus,microsam,3+6 clicks,0,0.8764004191182397,1,1,0,0,1,0.9343969980593371,,
9367,olympus,rf_clicks,3+6 clicks,0,0.14448872747274874,1,0,57,1,57,0.8502626274302971,,
9367,olympus,dino_multi,3+6 clicks,0,0.6801670954712701,1,1,31,0,32,0.8137928771797438,0.7573952847369199,0.6160367750282144
9367,olympus,dino_clicks,3+6 clicks,1,0.829185480353206,1,1,16,0,17,0.9351495449499079,,
9367,olympus,sam,3+6 clicks,1,0.848716608434895,1,1,41,0,42,0.9179804163385388,,
9367,olympus,microsam,3+6 clicks,1,0.8834621205019352,1,1,3,0,4,0.9384126261584529,,
9367,olympus,rf_clicks,3+6 clicks,1,0.22012812584547597,1,0,436,1,436,0.7984362188122291,,
9367,olympus,dino_multi,3+6 clicks,1,0.75280429971546,1,1,83,0,84,0.8780847471373694,0.6912753582068378,0.7703051669548425
9367,olympus,dino_clicks,3+6 clicks,2,0.7473325586308895,1,1,95,0,96,0.8579916184817782,,
9367,olympus,sam,3+6 clicks,2,0.8504787625828627,1,1,50,0,51,0.9203987763815225,,
9367,olympus,microsam,3+6 clicks,2,0.8761393815643725,1,1,0,0,1,0.9344863172129105,,
9367,olympus,rf_clicks,3+6 clicks,2,0.6358263846322875,1,1,33,0,34,0.8271314390550163,,
9367,olympus,dino_multi,3+6 clicks,2,0.4782690146122143,1,0,42,1,42,0.7500800461065574,0.805713947477458,0.4649707332746602
9367,olympus,dino_clicks,10+20 clicks,0,0.8702804851214745,1,1,24,0,25,0.9357836425180541,,
9367,olympus,sam,10+20 clicks,0,0.743466988105256,1,1,145,0,146,0.9147711511789182,,
9367,olympus,microsam,10+20 clicks,0,0.8699429887073786,1,1,1,0,2,0.9304486756665641,,
9367,olympus,rf_clicks,10+20 clicks,0,0.6275118607019549,1,1,184,0,185,0.8125653289411169,,
9367,olympus,dino_multi,10+20 clicks,0,0.8463549379933808,1,1,34,0,35,0.9201144212656108,0.9241701390985768,0.8197906714149222
9367,olympus,dino_clicks,10+20 clicks,1,0.876888865770241,1,1,31,0,32,0.9341543832428238,,
9367,olympus,sam,10+20 clicks,1,0.7486184368599902,1,1,319,0,320,0.9219810181190682,,
9367,olympus,microsam,10+20 clicks,1,0.8627036895743637,1,1,1,0,2,0.9262919211498373,,
9367,olympus,rf_clicks,10+20 clicks,1,0.7637383801551024,1,1,298,0,299,0.8737178828742902,,
9367,olympus,dino_multi,10+20 clicks,1,0.3950402758695008,1,0,38,1,38,0.8388402309537389,0.9471618291645768,0.726823269276158
9367,olympus,dino_clicks,10+20 clicks,2,0.8600613136781684,1,1,34,0,35,0.9295370259600431,,
9367,olympus,sam,10+20 clicks,2,0.8246543809638522,1,1,113,0,114,0.9178084182079707,,
9367,olympus,microsam,10+20 clicks,2,0.8493238892466195,1,1,3,0,4,0.9185236768802229,,
9367,olympus,rf_clicks,10+20 clicks,2,0.7133997062183777,1,1,9,0,10,0.8723618090452261,,
9367,olympus,dino_multi,10+20 clicks,2,0.7915825068651703,1,1,28,0,29,0.927695622107559,0.9124224955924011,0.783300958507149
9373,olympus,otsu,no input,0,0.4274339165509516,3,1,158,2,159,0.6036989743378507,,
9373,olympus,dino_labels,5 labelled training images,0,0.29368178296173136,3,0,22,3,22,0.7295120662980327,,
9373,olympus,dino_clicks,3+6 clicks,0,0.8480128981485734,3,3,97,0,100,0.9031725826741673,,
9373,olympus,sam,3+6 clicks,0,0.6459932491053642,3,2,208,1,210,0.8149248455673191,,
9373,olympus,microsam,3+6 clicks,0,0.295534128023166,3,1,67,2,68,0.9065454036849664,,
9373,olympus,rf_clicks,3+6 clicks,0,0.4805800678130597,3,1,707,2,708,0.7304833543021835,,
9373,olympus,dino_multi,3+6 clicks,0,0.6830971193777575,3,2,117,1,119,0.8058286516853933,0.8913041326404355,0.5908818512884341
9373,olympus,dino_clicks,3+6 clicks,1,0.40301268188396744,3,0,41,3,41,0.5621051836587169,,
9373,olympus,sam,3+6 clicks,1,0.33417269420782675,3,0,82,3,82,0.4992581602373887,,
9373,olympus,microsam,3+6 clicks,1,0.8838824920988594,3,3,45,0,48,0.9429555455869977,,
9373,olympus,rf_clicks,3+6 clicks,1,0.4303388142386431,3,1,162,2,163,0.5807038962679184,,
9373,olympus,dino_multi,3+6 clicks,1,0.24709349766534186,3,0,186,3,186,0.5775314523024306,0.4454747270338433,0.6388415015399816
9373,olympus,dino_clicks,3+6 clicks,2,0.29464305019821796,3,1,107,2,108,0.8403991580772375,,
9373,olympus,sam,3+6 clicks,2,0.09230409985118977,3,0,213,3,213,0.8678682917381985,,
9373,olympus,microsam,3+6 clicks,2,0.12649123840011056,3,0,67,3,67,0.8313757859004532,,
9373,olympus,rf_clicks,3+6 clicks,2,0.06746252003821783,3,0,104,3,104,0.7997592568759416,,
9373,olympus,dino_multi,3+6 clicks,2,0.038819350646356963,3,0,79,3,79,0.8232229321040174,0.48442225811187783,0.6779210354688205
9373,olympus,dino_clicks,10+20 clicks,0,0.7826913484946885,3,3,131,0,134,0.9100935440728573,,
9373,olympus,sam,10+20 clicks,0,0.3260689106409686,3,0,215,3,215,0.7729306805942244,,
9373,olympus,microsam,10+20 clicks,0,0.41493303853107194,3,1,69,2,70,0.9258519277938928,,
9373,olympus,rf_clicks,10+20 clicks,0,0.342020952654099,3,0,801,3,801,0.7136834982351543,,
9373,olympus,dino_multi,10+20 clicks,0,0.41958249432053024,3,1,137,2,138,0.8884414752448064,0.921480422240097,0.776168202550498
9373,olympus,dino_clicks,10+20 clicks,1,0.5999814601895196,3,3,105,0,108,0.7642822500205895,,
9373,olympus,sam,10+20 clicks,1,0.49392656359440906,3,1,161,2,162,0.6923877386268718,,
9373,olympus,microsam,10+20 clicks,1,0.6351219500857467,3,2,57,1,59,0.8982775087106041,,
9373,olympus,rf_clicks,10+20 clicks,1,0.5674878530082573,3,1,347,2,348,0.7429661246177616,,
9373,olympus,dino_multi,10+20 clicks,1,0.6300054218494745,3,2,223,1,225,0.8638103058284015,0.914489191021011,0.7652332011817884
9373,olympus,dino_clicks,10+20 clicks,2,0.48419836752731343,3,2,122,1,124,0.8687114610116271,,
9373,olympus,sam,10+20 clicks,2,0.8592984662908553,3,3,182,0,185,0.9219137165061827,,
9373,olympus,microsam,10+20 clicks,2,0.34121384262103893,3,1,61,2,62,0.9164628866336462,,
9373,olympus,rf_clicks,10+20 clicks,2,0.5611369476287748,3,1,343,2,344,0.7414263217097863,,
9373,olympus,dino_multi,10+20 clicks,2,0.0644756046797458,3,0,137,3,137,0.8495521929094008,0.8876833773087072,0.6828010472499789
9387,olympus,otsu,no input,0,0.30439413844351226,1,0,116,1,116,0.8705889179837955,,
9387,olympus,dino_labels,5 labelled training images,0,0.6677166581331672,1,1,1,0,2,0.8968239137097196,,
9387,olympus,dino_clicks,3+6 clicks,0,0.629889298892989,1,1,1,0,2,0.8965941577687568,,
9387,olympus,sam,3+6 clicks,0,0.9600556899923758,1,1,7,0,8,0.9796208290348222,,
9387,olympus,microsam,3+6 clicks,0,0.9521001036104249,1,1,3,0,4,0.9754623770056751,,
9387,olympus,rf_clicks,3+6 clicks,0,0.5248297654546263,1,1,13,0,14,0.8985233385653982,,
9387,olympus,dino_multi,3+6 clicks,0,0.9046230407150895,1,1,13,0,14,0.9497732850784143,0.8526201629092923,0.8684636342262851
9387,olympus,dino_clicks,3+6 clicks,1,0.5934422991457212,1,1,3,0,4,0.8726636362316105,,
9387,olympus,sam,3+6 clicks,1,0.9618148700115913,1,1,6,0,7,0.9805358137650455,,
9387,olympus,microsam,3+6 clicks,1,0.9348321268097853,1,1,0,0,1,0.9663185904930855,,
9387,olympus,rf_clicks,3+6 clicks,1,0.46583232763349686,1,0,38,1,38,0.8909789932025811,,
9387,olympus,dino_multi,3+6 clicks,1,0.6769664862374756,1,1,2,0,3,0.9235180442740656,0.6192911836808813,0.7549809752513789
9387,olympus,dino_clicks,3+6 clicks,2,0.6157015005303865,1,1,7,0,8,0.8942872956275897,,
9387,olympus,sam,3+6 clicks,2,0.9587483633591328,1,1,20,0,21,0.9786748098835193,,
9387,olympus,microsam,3+6 clicks,2,0.9385513432086368,1,1,0,0,1,0.9683017646106524,,
9387,olympus,rf_clicks,3+6 clicks,2,0.4958592738060419,1,0,24,1,24,0.8849400465310505,,
9387,olympus,dino_multi,3+6 clicks,2,0.8859996634902183,1,1,1,0,2,0.9398059512606678,0.8693866575402743,0.8590046636427522
9387,olympus,dino_clicks,10+20 clicks,0,0.6695297962147687,1,1,0,0,1,0.9220636148419005,,
9387,olympus,sam,10+20 clicks,0,0.9597827706674172,1,1,1,0,2,0.9794787310438052,,
9387,olympus,microsam,10+20 clicks,0,0.9467671558905196,1,1,0,0,1,0.9726557724438649,,
9387,olympus,rf_clicks,10+20 clicks,0,0.6310405989183778,1,1,13,0,14,0.9089014097751726,,
9387,olympus,dino_multi,10+20 clicks,0,0.8978503950667908,1,1,3,0,4,0.9455239993356586,0.9072494924160993,0.8600126223630675
9387,olympus,dino_clicks,10+20 clicks,1,0.6880937042459736,1,1,0,0,1,0.9344489159654509,,
9387,olympus,sam,10+20 clicks,1,0.7570206960803887,1,1,6,0,7,0.8627540015892837,,
9387,olympus,microsam,10+20 clicks,1,0.9572415377295027,1,1,0,0,1,0.9781537120246797,,
9387,olympus,rf_clicks,10+20 clicks,1,0.6113179291943938,1,1,9,0,10,0.8994522630999116,,
9387,olympus,dino_multi,10+20 clicks,1,0.9102584840348096,1,1,6,0,7,0.9507108284128634,0.9464911530900076,0.8706437093662928
9387,olympus,dino_clicks,10+20 clicks,2,0.6796006539000468,1,1,0,0,1,0.9321929381992328,,
9387,olympus,sam,10+20 clicks,2,0.9166846786931582,1,1,30,0,31,0.9563618704037741,,
9387,olympus,microsam,10+20 clicks,2,0.9622462499795528,1,1,2,0,3,0.9807599326430918,,
9387,olympus,rf_clicks,10+20 clicks,2,0.4894603536041053,1,0,16,1,16,0.8881154473735423,,
9387,olympus,dino_multi,10+20 clicks,2,0.8866874787500386,1,1,8,0,9,0.9400642286013894,0.864475143692649,0.7957797627390767
9396,olympus,otsu,no input,0,0.6220898197745602,3,1,202,2,203,0.7364531898690643,,
9396,olympus,dino_labels,5 labelled training images,0,0.3528605274060013,3,0,17,3,17,0.9161155916099809,,
9396,olympus,dino_clicks,3+6 clicks,0,0.47943386346496436,3,1,86,2,87,0.9220560959915213,,
9396,olympus,sam,3+6 clicks,0,0.6568505613444381,3,3,24,0,27,0.8072593720942186,,
9396,olympus,microsam,3+6 clicks,0,0.5462421414277118,3,1,26,2,27,0.9312675822954993,,
9396,olympus,rf_clicks,3+6 clicks,0,0.3155387924455658,3,0,84,3,84,0.9067034051961995,,
9396,olympus,dino_multi,3+6 clicks,0,0.46389511513406917,3,1,76,2,77,0.8680134222282658,0.719804222525143,0.6478198307613101
9396,olympus,dino_clicks,3+6 clicks,1,0.527206908084747,3,1,47,2,48,0.9337628694265144,,
9396,olympus,sam,3+6 clicks,1,0.36829790242532506,3,1,35,2,36,0.6706967767628753,,
9396,olympus,microsam,3+6 clicks,1,0.5222027059070503,3,1,26,2,27,0.9175690607734807,,
9396,olympus,rf_clicks,3+6 clicks,1,0.18357051220073503,3,0,58,3,58,0.9187655932138333,,
9396,olympus,dino_multi,3+6 clicks,1,0.26698431345717705,3,0,38,3,38,0.7458382319976944,0.7681113955818213,0.5903805354888955
9396,olympus,dino_clicks,3+6 clicks,2,0.195172735235372,3,0,46,3,46,0.8710761897721312,,
9396,olympus,sam,3+6 clicks,2,0.43555047886108184,3,1,40,2,41,0.7556705739077485,,
9396,olympus,microsam,3+6 clicks,2,0.5067936088944481,3,1,33,2,34,0.9070932487348426,,
9396,olympus,rf_clicks,3+6 clicks,2,0.5188950810145586,3,1,31,2,32,0.927403414195867,,
9396,olympus,dino_multi,3+6 clicks,2,0.0842468751332635,3,0,74,3,74,0.8541944440626246,0.8463457816939103,0.672919400682908
9396,olympus,dino_clicks,10+20 clicks,0,0.8478117009519918,3,3,62,0,65,0.9079589136051421,,
9396,olympus,sam,10+20 clicks,0,0.4556284797407981,3,0,131,3,131,0.6925514423795526,,
9396,olympus,microsam,10+20 clicks,0,0.4471940794084525,3,1,15,2,16,0.8531028058150367,,
9396,olympus,rf_clicks,10+20 clicks,0,0.47300320190539963,3,1,132,2,133,0.8823035423452769,,
9396,olympus,dino_multi,10+20 clicks,0,0.5966700469703325,3,1,63,2,64,0.8751884285278613,0.9279638601765007,0.7421195552456791
9396,olympus,dino_clicks,10+20 clicks,1,0.5035450557671508,3,1,47,2,48,0.870421415435154,,
9396,olympus,sam,10+20 clicks,1,0.14834630309881552,3,0,312,3,312,0.5932002501143246,,
9396,olympus,microsam,10+20 clicks,1,0.7403512221239752,3,2,23,1,25,0.8479060446947213,,
9396,olympus,rf_clicks,10+20 clicks,1,0.48373471220435976,3,1,100,2,101,0.8670594554813496,,
9396,olympus,dino_multi,10+20 clicks,1,0.7122302038198273,3,3,132,0,135,0.871208091603683,0.8038940164373591,0.727168688487068
9396,olympus,dino_clicks,10+20 clicks,2,0.5389314501270447,3,1,41,2,42,0.9406591982898578,,
9396,olympus,sam,10+20 clicks,2,0.06845093046770541,3,0,301,3,301,0.5580317363583059,,
9396,olympus,microsam,10+20 clicks,2,0.5705812944008009,3,1,11,2,12,0.9509575862904249,,
9396,olympus,rf_clicks,10+20 clicks,2,0.23369818381003002,3,0,36,3,36,0.9149534666844299,,
9396,olympus,dino_multi,10+20 clicks,2,0.18099055461974112,3,0,145,3,145,0.8762792216087321,0.9136618914105045,0.7550177357844039
9397,olympus,otsu,no input,0,0.5558832528382383,3,2,152,1,154,0.7009597217182397,,
9397,olympus,dino_labels,5 labelled training images,0,0.35813453077578705,3,0,4,3,4,0.8810529506871463,,
9397,olympus,dino_clicks,3+6 clicks,0,0.7412151857757108,3,3,78,0,81,0.8160815179361435,,
9397,olympus,sam,3+6 clicks,0,0.7779133682959355,3,3,53,0,56,0.8822535024528219,,
9397,olympus,microsam,3+6 clicks,0,0.5204524920215364,3,1,4,2,5,0.9134109171515655,,
9397,olympus,rf_clicks,3+6 clicks,0,0.3028163493424707,3,0,26,3,26,0.7314855533916261,,
9397,olympus,dino_multi,3+6 clicks,0,0.3431845263185742,3,1,61,2,62,0.8230232046629276,0.7727226044983054,0.5292026916395439
9397,olympus,dino_clicks,3+6 clicks,1,0.5333933833608091,3,2,20,1,22,0.7089983713355049,,
9397,olympus,sam,3+6 clicks,1,0.4144153022664547,3,1,36,2,37,0.5028770817827504,,
9397,olympus,microsam,3+6 clicks,1,0.8843105467256809,3,3,10,0,13,0.9442357884015532,,
9397,olympus,rf_clicks,3+6 clicks,1,0.5222842583956379,3,2,15,1,17,0.6884416316490725,,
9397,olympus,dino_multi,3+6 clicks,1,0.2619731847771181,3,0,59,3,59,0.6872780160829653,0.5539428856327729,0.3938889583714151
9397,olympus,dino_clicks,3+6 clicks,2,0.7747412721149348,3,3,82,0,85,0.8933149237342495,,
9397,olympus,sam,3+6 clicks,2,0.5814728334904676,3,2,133,1,135,0.8600298315157776,,
9397,olympus,microsam,3+6 clicks,2,0.3889397466568186,3,1,21,2,22,0.8670896321244876,,
9397,olympus,rf_clicks,3+6 clicks,2,0.46771297181139665,3,1,138,2,139,0.6851873454989862,,
9397,olympus,dino_multi,3+6 clicks,2,0.3932466102397538,3,1,175,2,176,0.5343778572960526,0.7501183936351582,0.2870062900209667
9397,olympus,dino_clicks,10+20 clicks,0,0.8131875661085247,3,3,120,0,123,0.8830500242836329,,
9397,olympus,sam,10+20 clicks,0,0.5123657328888566,3,1,103,2,104,0.6525288955783376,,
9397,olympus,microsam,10+20 clicks,0,0.5292593900996668,3,1,28,2,29,0.919350898621532,,
9397,olympus,rf_clicks,10+20 clicks,0,0.2726022800309574,3,0,107,3,107,0.7655657646043417,,
9397,olympus,dino_multi,10+20 clicks,0,0.36932895136008675,3,1,79,2,80,0.8416921600242089,0.8798716891542901,0.6382935888789346
9397,olympus,dino_clicks,10+20 clicks,1,0.7578930353061355,3,3,16,0,19,0.8600041582923279,,
9397,olympus,sam,10+20 clicks,1,0.6613637519039441,3,2,108,1,110,0.8215271218771413,,
9397,olympus,microsam,10+20 clicks,1,0.4425945547954899,3,1,16,2,17,0.8874349211282928,,
9397,olympus,rf_clicks,10+20 clicks,1,0.25593764069203373,3,0,16,3,16,0.8265804505645611,,
9397,olympus,dino_multi,10+20 clicks,1,0.4713250214671836,3,1,69,2,70,0.8755969460192016,0.8547390146050733,0.6849227304496389
9397,olympus,dino_clicks,10+20 clicks,2,0.7151668194908022,3,2,91,1,93,0.8913257195448461,,
9397,olympus,sam,10+20 clicks,2,0.6243738998874138,3,2,129,1,131,0.7594425573791308,,
9397,olympus,microsam,10+20 clicks,2,0.3588720696612698,3,1,4,2,5,0.8567569121112836,,
9397,olympus,rf_clicks,10+20 clicks,2,0.5529453820679314,3,2,88,1,90,0.7112339530696149,,
9397,olympus,dino_multi,10+20 clicks,2,0.1719084516561246,3,0,72,3,72,0.8079320368659441,0.8978524924691478,0.6306085666732781
9398,olympus,otsu,no input,0,0.4849155188157083,3,2,87,1,89,0.6621216042821977,,
9398,olympus,dino_labels,5 labelled training images,0,0.5255761721064826,3,2,34,1,36,0.868463522563241,,
9398,olympus,dino_clicks,3+6 clicks,0,0.14840566680026157,3,0,66,3,66,0.8160829928188332,,
9398,olympus,sam,3+6 clicks,0,0.35882280288798407,3,0,16,3,16,0.6233662780442563,,
9398,olympus,microsam,3+6 clicks,0,0.3129877182383272,3,0,13,3,13,0.9514029517580759,,
9398,olympus,rf_clicks,3+6 clicks,0,0.3684963643425993,3,0,30,3,30,0.8463477198150245,,
9398,olympus,dino_multi,3+6 clicks,0,0.24722086990321612,3,0,190,3,190,0.8114057638846526,0.6324931101700612,0.6990257410871737
9398,olympus,dino_clicks,3+6 clicks,1,0.21313868804434621,3,0,44,3,44,0.8009570035443079,,
9398,olympus,sam,3+6 clicks,1,0.27561924764846274,3,1,55,2,56,0.7013029853207983,,
9398,olympus,microsam,3+6 clicks,1,0.3133126535533511,3,0,11,3,11,0.9285723733229873,,
9398,olympus,rf_clicks,3+6 clicks,1,0.16563127893133156,3,0,83,3,83,0.8910796150203861,,
9398,olympus,dino_multi,3+6 clicks,1,0.25429738506000416,3,0,277,3,277,0.6701429470466601,0.5370667391599837,0.6133235087249221
9398,olympus,dino_clicks,3+6 clicks,2,0.40057718168791817,3,0,80,3,80,0.8166521455020692,,
9398,olympus,sam,3+6 clicks,2,0.5096398269005668,3,1,46,2,47,0.7569649679702689,,
9398,olympus,microsam,3+6 clicks,2,0.31825462889410905,3,0,15,3,15,0.9652830284316749,,
9398,olympus,rf_clicks,3+6 clicks,2,0.30318797228060607,3,0,549,3,549,0.706244834332465,,
9398,olympus,dino_multi,3+6 clicks,2,0.4627278243527524,3,1,212,2,213,0.7162397413578712,0.8271317327811213,0.2770338542433071
9398,olympus,dino_clicks,10+20 clicks,0,0.1550337307448486,3,0,138,3,138,0.8903964784319055,,
9398,olympus,sam,10+20 clicks,0,0.550818808344266,3,2,63,1,65,0.8439808021077,,
9398,olympus,microsam,10+20 clicks,0,0.3191238122113056,3,0,5,3,5,0.9675512737159406,,
9398,olympus,rf_clicks,10+20 clicks,0,0.40335151259318636,3,1,228,2,229,0.6340877117188971,,
9398,olympus,dino_multi,10+20 clicks,0,0.25572335664857765,3,0,224,3,224,0.894722578101902,0.8517308509924142,0.7885698179304605
9398,olympus,dino_clicks,10+20 clicks,1,0.2761623617678601,3,0,97,3,97,0.9144790629527996,,
9398,olympus,sam,10+20 clicks,1,0.23208065782275644,3,0,185,3,185,0.6442763889347556,,
9398,olympus,microsam,10+20 clicks,1,0.33973630964436946,3,1,19,2,20,0.8090106286301316,,
9398,olympus,rf_clicks,10+20 clicks,1,0.1513965469096884,3,0,86,3,86,0.9114082846175076,,
9398,olympus,dino_multi,10+20 clicks,1,0.34627048274769723,3,0,165,3,165,0.8648919445100642,0.9184446040651512,0.734764705882353
9398,olympus,dino_clicks,10+20 clicks,2,0.7754431117729889,3,3,75,0,78,0.8786546699339681,,
9398,olympus,sam,10+20 clicks,2,0.5242763317822566,3,1,77,2,78,0.7919418958697917,,
9398,olympus,microsam,10+20 clicks,2,0.31583147981726145,3,0,9,3,9,0.9444680684885144,,
9398,olympus,rf_clicks,10+20 clicks,2,0.2100344259423479,3,0,378,3,378,0.5690708974192252,,
9398,olympus,dino_multi,10+20 clicks,2,0.1426371737382977,3,0,177,3,177,0.8806840351772368,0.9090818413046731,0.7543028630649992
9402,olympus,otsu,no input,0,0.5015526597887998,7,2,295,5,297,0.703397950713567,,
9402,olympus,dino_labels,5 labelled training images,0,0.4416188877788509,7,2,27,5,29,0.8330101623112285,,
9402,olympus,dino_clicks,3+6 clicks,0,0.36715284729520803,7,3,42,4,45,0.8311931925511679,,
9402,olympus,sam,3+6 clicks,0,0.0517313047727415,7,0,373,7,373,0.7792329940519801,,
9402,olympus,microsam,3+6 clicks,0,0.2693391507167199,7,2,60,5,62,0.6717302274994137,,
9402,olympus,rf_clicks,3+6 clicks,0,0.22690400719517828,7,1,378,6,379,0.807699803416486,,
9402,olympus,dino_multi,3+6 clicks,0,0.4680048950944986,7,2,33,5,35,0.632906745291948,0.26019722271868956,0.11835207363153127
9402,olympus,dino_clicks,3+6 clicks,1,0.45675887795567044,7,1,63,6,64,0.6683710193849438,,
9402,olympus,sam,3+6 clicks,1,0.12836571993032558,7,1,63,6,64,0.2797345808180958,,
9402,olympus,microsam,3+6 clicks,1,0.40600877929027934,7,3,13,4,16,0.7920213937103225,,
9402,olympus,rf_clicks,3+6 clicks,1,0.20040499255325145,7,0,146,7,146,0.7204544957299863,,
9402,olympus,dino_multi,3+6 clicks,1,0.04937078010220678,7,0,127,7,127,0.7165241532930072,0.438997282442955,0.5079396417034574
9402,olympus,dino_clicks,3+6 clicks,2,0.1851212492726332,7,0,69,7,69,0.40775175989891865,,
9402,olympus,sam,3+6 clicks,2,0.13593267712980442,7,0,106,7,106,0.4340782286098209,,
9402,olympus,microsam,3+6 clicks,2,0.4457568539677611,7,3,32,4,35,0.6596396016649981,,
9402,olympus,rf_clicks,3+6 clicks,2,0.0962861528157112,7,0,297,7,297,0.2795972537534551,,
9402,olympus,dino_multi,3+6 clicks,2,0.24164826074251142,7,1,228,6,229,0.5493811362568939,0.41374160882921834,0.44376838253873596
9402,olympus,dino_clicks,10+20 clicks,0,0.06904708130129945,7,0,106,7,106,0.7621748687143894,,
9402,olympus,sam,10+20 clicks,0,0.3047624307498455,7,0,249,7,249,0.5403728045221231,,
9402,olympus,microsam,10+20 clicks,0,0.14165636774303633,7,1,50,6,51,0.846707582592503,,
9402,olympus,rf_clicks,10+20 clicks,0,0.04451815327575199,7,0,221,7,221,0.7878985423883357,,
9402,olympus,dino_multi,10+20 clicks,0,0.11785075457419951,7,0,88,7,88,0.8138614431091457,0.6927512873709057,0.5551632833186231
9402,olympus,dino_clicks,10+20 clicks,1,0.13659539591169093,7,1,82,6,83,0.8532950722712406,,
9402,olympus,sam,10+20 clicks,1,0.34036013057002484,7,2,260,5,262,0.5037988006441102,,
9402,olympus,microsam,10+20 clicks,1,0.37753186314355164,7,3,60,4,63,0.8939233283851427,,
9402,olympus,rf_clicks,10+20 clicks,1,0.20853665044722036,7,0,186,7,186,0.8410562131752316,,
9402,olympus,dino_multi,10+20 clicks,1,0.17003725135204398,7,1,111,6,112,0.792599642607412,0.7801029948587761,0.6023380760819677
9402,olympus,dino_clicks,10+20 clicks,2,0.14654181564828622,7,1,96,6,97,0.8478434551484658,,
9402,olympus,sam,10+20 clicks,2,0.16856373872777472,7,1,194,6,195,0.3414758839966664,,
9402,olympus,microsam,10+20 clicks,2,0.12709452478375802,7,0,115,7,115,0.8167840623960821,,
9402,olympus,rf_clicks,10+20 clicks,2,0.36200952473552916,7,2,225,5,227,0.763205428962086,,
9402,olympus,dino_multi,10+20 clicks,2,0.27737246631551543,7,1,139,6,140,0.7776579359317097,0.8255763806615675,0.6289409485123321
9407,olympus,otsu,no input,0,0.4882946553097372,3,2,99,1,101,0.6705374050453823,,
9407,olympus,dino_labels,5 labelled training images,0,0.2876207893050517,3,0,18,3,18,0.9018443306363557,,
9407,olympus,dino_clicks,3+6 clicks,0,0.16191957526544187,3,0,77,3,77,0.878686211431617,,
9407,olympus,sam,3+6 clicks,0,0.25021385006436897,3,0,27,3,27,0.7564378841258004,,
9407,olympus,microsam,3+6 clicks,0,0.2735112139872012,3,0,11,3,11,0.761705880072871,,
9407,olympus,rf_clicks,3+6 clicks,0,0.254654214473009,3,0,64,3,64,0.8621063866043641,,
9407,olympus,dino_multi,3+6 clicks,0,0.17921332689676206,3,0,74,3,74,0.8846159811402693,0.8580960445636981,0.7650112362503778
9407,olympus,dino_clicks,3+6 clicks,1,0.12468453229781717,3,0,86,3,86,0.8138786440837229,,
9407,olympus,sam,3+6 clicks,1,0.3981488827012789,3,1,93,2,94,0.7172730857842629,,
9407,olympus,microsam,3+6 clicks,1,0.2571817702923327,3,0,3,3,3,0.7295299648056867,,
9407,olympus,rf_clicks,3+6 clicks,1,0.11678775264881784,3,0,271,3,271,0.3482538645620163,,
9407,olympus,dino_multi,3+6 clicks,1,0.14838597848569832,3,0,74,3,74,0.8079776304528729,0.46750420417449795,0.5463282977846085
9407,olympus,dino_clicks,3+6 clicks,2,0.24431248210969866,3,0,168,3,168,0.8991439503219947,,
9407,olympus,sam,3+6 clicks,2,0.2846926738333236,3,0,32,3,32,0.9298560220708681,,
9407,olympus,microsam,3+6 clicks,2,0.26576347139672213,3,0,1,3,1,0.9272195027539656,,
9407,olympus,rf_clicks,3+6 clicks,2,0.21618057630602597,3,0,60,3,60,0.8939851689096402,,
9407,olympus,dino_multi,3+6 clicks,2,0.10378649341480595,3,0,193,3,193,0.5224353884377961,0.18515187849720224,0.5325919536689052
9407,olympus,dino_clicks,10+20 clicks,0,0.2284742812964299,3,0,25,3,25,0.8688700937756183,,
9407,olympus,sam,10+20 clicks,0,0.1003645478316061,3,0,272,3,272,0.7954556241613054,,
9407,olympus,microsam,10+20 clicks,0,0.2697785581055135,3,0,2,3,2,0.9321321127033934,,
9407,olympus,rf_clicks,10+20 clicks,0,0.16399736014904776,3,0,124,3,124,0.9200262454112058,,
9407,olympus,dino_multi,10+20 clicks,0,0.44089757379442923,3,0,55,3,55,0.8774986768717177,0.9251740578174663,0.792336856114667
9407,olympus,dino_clicks,10+20 clicks,1,0.25643598690708747,3,0,62,3,62,0.8622593406593406,,
9407,olympus,sam,10+20 clicks,1,0.4279114548440213,3,1,163,2,164,0.6262279063083777,,
9407,olympus,microsam,10+20 clicks,1,0.29785014572504687,3,0,10,3,10,0.7690801096408132,,
9407,olympus,rf_clicks,10+20 clicks,1,0.18537547394481466,3,0,36,3,36,0.8902183641744001,,
9407,olympus,dino_multi,10+20 clicks,1,0.20777262028361995,3,0,63,3,63,0.8441048784675382,0.8779373119549073,0.6294221564571412
9407,olympus,dino_clicks,10+20 clicks,2,0.5136272347825607,3,1,28,2,29,0.7379718101673441,,
9407,olympus,sam,10+20 clicks,2,0.5695806249121963,3,1,123,2,124,0.9173782030330031,,
9407,olympus,microsam,10+20 clicks,2,0.26920374492459065,3,0,1,3,1,0.9325709266007288,,
9407,olympus,rf_clicks,10+20 clicks,2,0.37128654560961305,3,0,152,3,152,0.7912425368250421,,
9407,olympus,dino_multi,10+20 clicks,2,0.14436695398565333,3,0,81,3,81,0.8687223998781788,0.9088492398443792,0.7311040264797009
9421,olympus,otsu,no input,0,0.46046895995025255,3,1,195,2,196,0.5995819300894205,,
9421,olympus,dino_labels,5 labelled training images,0,0.14717417023937754,3,0,9,3,9,0.8665049430435704,,
9421,olympus,dino_clicks,3+6 clicks,0,0.5987965454161449,3,2,101,1,103,0.7395589672387033,,
9421,olympus,sam,3+6 clicks,0,0.6737268128320615,3,2,90,1,92,0.8939572487656439,,
9421,olympus,microsam,3+6 clicks,0,0.422838743397497,3,1,18,2,19,0.9076015636870968,,
9421,olympus,rf_clicks,3+6 clicks,0,0.07083082465819669,3,0,191,3,191,0.8413018253069392,,
9421,olympus,dino_multi,3+6 clicks,0,0.3438997189828399,3,1,77,2,78,0.7297558233878315,0.31631135349529005,0.5260368989409602
9421,olympus,dino_clicks,3+6 clicks,1,0.38859436444035733,3,0,29,3,29,0.5885962139388821,,
9421,olympus,sam,3+6 clicks,1,0.4370045926021895,3,1,39,2,40,0.6886402570629397,,
9421,olympus,microsam,3+6 clicks,1,0.47847503812645753,3,1,11,2,12,0.9166698695662808,,
9421,olympus,rf_clicks,3+6 clicks,1,0.22363538978832875,3,0,93,3,93,0.374266733060471,,
9421,olympus,dino_multi,3+6 clicks,1,0.4054795699514389,3,1,413,2,414,0.6781580004525116,0.2600993233235559,0.5560046148510437
9421,olympus,dino_clicks,3+6 clicks,2,0.51626431665077,3,2,109,1,111,0.7145406565033319,,
9421,olympus,sam,3+6 clicks,2,0.6097897314326238,3,2,100,1,102,0.8071527738239661,,
9421,olympus,microsam,3+6 clicks,2,0.473220450139147,3,1,13,2,14,0.9104492680464412,,
9421,olympus,rf_clicks,3+6 clicks,2,0.200055765875248,3,0,328,3,328,0.4357928304376512,,
9421,olympus,dino_multi,3+6 clicks,2,0.16517437823958261,3,0,170,3,170,0.5416974169741697,0.5853309657689652,0.5025344797449706
9421,olympus,dino_clicks,10+20 clicks,0,0.38843618394951224,3,1,58,2,59,0.8958233317330773,,
9421,olympus,sam,10+20 clicks,0,0.4168690566991284,3,1,186,2,187,0.6866976980981127,,
9421,olympus,microsam,10+20 clicks,0,0.41769925076169834,3,1,19,2,20,0.9076512626366542,,
9421,olympus,rf_clicks,10+20 clicks,0,0.3202897769009549,3,0,263,3,263,0.6903513147900965,,
9421,olympus,dino_multi,10+20 clicks,0,0.54498725444123,3,2,69,1,71,0.7919709625224122,0.8129731307345726,0.5744251272165833
9421,olympus,dino_clicks,10+20 clicks,1,0.6024092072972134,3,2,32,1,34,0.7807172404243903,,
9421,olympus,sam,10+20 clicks,1,0.44419049911483394,3,1,113,2,114,0.694153869690769,,
9421,olympus,microsam,10+20 clicks,1,0.41769469868179504,3,1,10,2,11,0.9028988954970263,,
9421,olympus,rf_clicks,10+20 clicks,1,0.10911652426807482,3,0,152,3,152,0.7302834775694933,,
9421,olympus,dino_multi,10+20 clicks,1,0.578991005594374,3,1,97,2,98,0.8281555542828155,0.8417011653566283,0.7030255587302829
9421,olympus,dino_clicks,10+20 clicks,2,0.733037306892708,3,3,58,0,61,0.8665722936573473,,
9421,olympus,sam,10+20 clicks,2,0.6583905359716783,3,2,72,1,74,0.8762577042617078,,
9421,olympus,microsam,10+20 clicks,2,0.47004231680227115,3,1,16,2,17,0.9119051904359745,,
9421,olympus,rf_clicks,10+20 clicks,2,0.43425933599263256,3,1,102,2,103,0.7056279325801462,,
9421,olympus,dino_multi,10+20 clicks,2,0.12763077304734907,3,0,132,3,132,0.8446949545850645,0.7934261953040054,0.603718259134434
9442,olympus,otsu,no input,0,0.20061955230134146,1,0,339,1,339,0.49559984418599107,,
9442,olympus,dino_labels,5 labelled training images,0,0.21741668178793927,1,0,2,1,2,0.8716279295335783,,
9442,olympus,dino_clicks,3+6 clicks,0,0.44013827402562256,1,0,61,1,61,0.8912624270404128,,
9442,olympus,sam,3+6 clicks,0,0.6506422142062502,1,1,43,0,44,0.7924916988547808,,
9442,olympus,microsam,3+6 clicks,0,0.8635091402081694,1,1,8,0,9,0.9393378964206921,,
9442,olympus,rf_clicks,3+6 clicks,0,0.15203478337105003,1,0,56,1,56,0.7226573435679082,,
9442,olympus,dino_multi,3+6 clicks,0,0.389308571755372,1,0,41,1,41,0.8376405845408736,0.5604383979011066,0.8016532111931034
9442,olympus,dino_clicks,3+6 clicks,1,0.5278095225656464,1,1,80,0,81,0.8654960745382833,,
9442,olympus,sam,3+6 clicks,1,0.5998677965367027,1,1,15,0,16,0.7537015403841452,,
9442,olympus,microsam,3+6 clicks,1,0.9013888107956143,1,1,12,0,13,0.9481372833139147,,
9442,olympus,rf_clicks,3+6 clicks,1,0.28712531723712187,1,0,115,1,115,0.4918691059348862,,
9442,olympus,dino_multi,3+6 clicks,1,0.5705272724095143,1,1,45,0,46,0.7932311203369873,0.6909242776226149,0.8208406889641682
9442,olympus,dino_clicks,3+6 clicks,2,0.503187305031873,1,1,51,0,52,0.8818544469936546,,
9442,olympus,sam,3+6 clicks,2,0.9207071452075934,1,1,40,0,41,0.9602340423022024,,
9442,olympus,microsam,3+6 clicks,2,0.7873753203326697,1,1,15,0,16,0.950524427270218,,
9442,olympus,rf_clicks,3+6 clicks,2,0.1734980750733747,1,0,62,1,62,0.8223106355800613,,
9442,olympus,dino_multi,3+6 clicks,2,0.48028330039142736,1,0,97,1,97,0.6926865558548195,0.5585941215637782,0.6410882665011711
9442,olympus,dino_clicks,10+20 clicks,0,0.6370236658655045,1,1,15,0,16,0.7906526139112405,,
9442,olympus,sam,10+20 clicks,0,0.27523458966250197,1,0,317,1,317,0.7331970482648584,,
9442,olympus,microsam,10+20 clicks,0,0.9106995976257697,1,1,13,0,14,0.9532629815355618,,
9442,olympus,rf_clicks,10+20 clicks,0,0.6240607542522623,1,1,429,0,430,0.853827606992164,,
9442,olympus,dino_multi,10+20 clicks,0,0.606537661829589,1,1,48,0,49,0.8729621654875422,0.8451893234016139,0.8052563040132591
9442,olympus,dino_clicks,10+20 clicks,1,0.8364454854097727,1,1,18,0,19,0.9077548832222274,,
9442,olympus,sam,10+20 clicks,1,0.26944150199072214,1,0,142,1,142,0.7540712678455651,,
9442,olympus,microsam,10+20 clicks,1,0.896649204087814,1,1,4,0,5,0.9455087447433949,,
9442,olympus,rf_clicks,10+20 clicks,1,0.6319064187834069,1,1,201,0,202,0.8310330916959036,,
9442,olympus,dino_multi,10+20 clicks,1,0.7810678432642487,1,1,25,0,26,0.8761250148867754,0.8374142997061704,0.8279543800048532
9442,olympus,dino_clicks,10+20 clicks,2,0.7661931314037005,1,1,17,0,18,0.9117218844815898,,
9442,olympus,sam,10+20 clicks,2,0.6527001436295273,1,1,235,0,236,0.862535147093208,,
9442,olympus,microsam,10+20 clicks,2,0.8935014396256973,1,1,6,0,7,0.9437557542098541,,
9442,olympus,rf_clicks,10+20 clicks,2,0.2987551171765337,1,0,247,1,247,0.848862636970835,,
9442,olympus,dino_multi,10+20 clicks,2,0.8167419660795692,1,1,32,0,33,0.8919331306313831,0.8675715262181427,0.8439245259205502
9453,olympus,otsu,no input,0,0.26307634031031907,3,0,127,3,127,0.6820523164570039,,
9453,olympus,dino_labels,5 labelled training images,0,0.2759335719288975,3,0,37,3,37,0.6134338968742363,,
9453,olympus,dino_clicks,3+6 clicks,0,0.18663872050051933,3,0,156,3,156,0.8163930643582596,,
9453,olympus,sam,3+6 clicks,0,0.042756333952952946,3,0,102,3,102,0.292395123855798,,
9453,olympus,microsam,3+6 clicks,0,0.39497052628428375,3,0,71,3,71,0.7955518103317679,,
9453,olympus,rf_clicks,3+6 clicks,0,0.31621241591600274,3,1,93,2,94,0.5793843639335331,,
9453,olympus,dino_multi,3+6 clicks,0,0.15733108077358446,3,0,93,3,93,0.7336265964579484,0.39989660074964456,0.49851922841352075
9453,olympus,dino_clicks,3+6 clicks,1,0.3615582367156874,3,0,34,3,34,0.6207793874824232,,
9453,olympus,sam,3+6 clicks,1,0.28613108012934535,3,1,119,2,120,0.5997448935017735,,
9453,olympus,microsam,3+6 clicks,1,0.5707878296219805,3,1,52,2,53,0.9098422427652733,,
9453,olympus,rf_clicks,3+6 clicks,1,0.4576343634103945,3,2,107,1,109,0.7145674014877258,,
9453,olympus,dino_multi,3+6 clicks,1,0.04265494027462329,3,0,123,3,123,0.7091434102144989,0.3756266568676343,0.5111365318619204
9453,olympus,dino_clicks,3+6 clicks,2,0.4848328929297445,3,2,57,1,59,0.7478977228569208,,
9453,olympus,sam,3+6 clicks,2,0.4695698342768646,3,1,68,2,69,0.6477416859575581,,
9453,olympus,microsam,3+6 clicks,2,0.4925076941396012,3,1,103,2,104,0.9156433340275622,,
9453,olympus,rf_clicks,3+6 clicks,2,0.2710544098124585,3,1,9,2,10,0.701187879713458,,
9453,olympus,dino_multi,3+6 clicks,2,0.2044458889106502,3,0,165,3,165,0.7809740660697746,0.5431402277775819,0.5388677374715144
9453,olympus,dino_clicks,10+20 clicks,0,0.23711731958217386,3,0,159,3,159,0.8082797529797453,,
9453,olympus,sam,10+20 clicks,0,0.18371303994806254,3,0,333,3,333,0.5803431163453635,,
9453,olympus,microsam,10+20 clicks,0,0.5935898265467382,3,2,57,1,59,0.9370431692444373,,
9453,olympus,rf_clicks,10+20 clicks,0,0.2546282473914652,3,0,60,3,60,0.8435709304175113,,
9453,olympus,dino_multi,10+20 clicks,0,0.2100255103542635,3,0,130,3,130,0.8111146803726309,0.8909951810870259,0.6499184159615556
9453,olympus,dino_clicks,10+20 clicks,1,0.1934961464635112,3,0,172,3,172,0.7811935481281062,,
9453,olympus,sam,10+20 clicks,1,0.15515034187655616,3,0,253,3,253,0.6495341337111193,,
9453,olympus,microsam,10+20 clicks,1,0.4374844506373358,3,0,93,3,93,0.8877621903696926,,
9453,olympus,rf_clicks,10+20 clicks,1,0.31919808052762216,3,1,200,2,201,0.7827030651679049,,
9453,olympus,dino_multi,10+20 clicks,1,0.20782697768022285,3,0,180,3,180,0.8021495752370136,0.8530907616504041,0.5859577741195753
9453,olympus,dino_clicks,10+20 clicks,2,0.5695408116501883,3,3,101,0,104,0.7934019173487522,,
9453,olympus,sam,10+20 clicks,2,0.3097528777431873,3,0,225,3,225,0.602777033918102,,
9453,olympus,microsam,10+20 clicks,2,0.4482466789021004,3,0,102,3,102,0.902476496899591,,
9453,olympus,rf_clicks,10+20 clicks,2,0.2614210892738163,3,0,209,3,209,0.8176737319413687,,
9453,olympus,dino_multi,10+20 clicks,2,0.24138119655720636,3,0,90,3,90,0.7789619064156978,0.8881443213890768,0.5477331987551518
9464,olympus,otsu,no input,0,0.7172362861535854,1,1,130,0,131,0.9652312755592486,,
9464,olympus,dino_labels,5 labelled training images,0,0.8181044267877412,1,1,5,0,6,0.9096550273453934,,
9464,olympus,dino_clicks,3+6 clicks,0,0.7510369346237409,1,1,13,0,14,0.9137193061500338,,
9464,olympus,sam,3+6 clicks,0,0.9464473511239647,1,1,7,0,8,0.9724869779575022,,
9464,olympus,microsam,3+6 clicks,0,0.970054808967578,1,1,0,0,1,0.9847998183115956,,
9464,olympus,rf_clicks,3+6 clicks,0,0.6733003141665642,1,1,25,0,26,0.9607696112059476,,
9464,olympus,dino_multi,3+6 clicks,0,0.9306260314326696,1,1,14,0,15,0.964652278177458,0.7171612367711143,0.7826457680250783
9464,olympus,dino_clicks,3+6 clicks,1,0.3870534805617749,1,0,18,1,18,0.8555681314895921,,
9464,olympus,sam,3+6 clicks,1,0.9442244170186193,1,1,24,0,25,0.9713121682388343,,
9464,olympus,microsam,3+6 clicks,1,0.9743354720439963,1,1,0,0,1,0.9870009285051068,,
9464,olympus,rf_clicks,3+6 clicks,1,0.620210821916394,1,1,17,0,18,0.9524662681739626,,
9464,olympus,dino_multi,3+6 clicks,1,0.8546274697169838,1,1,13,0,14,0.9259169039172997,0.6903977406448576,0.7532229733326237
9464,olympus,dino_clicks,3+6 clicks,2,0.9325527155028798,1,1,21,0,22,0.9650993817886259,,
9464,olympus,sam,3+6 clicks,2,0.9426158118745173,1,1,9,0,10,0.9704603515658043,,
9464,olympus,microsam,3+6 clicks,2,0.9512690990413337,1,1,0,0,1,0.9750260479281878,,
9464,olympus,rf_clicks,3+6 clicks,2,0.9421677644005716,1,1,20,0,21,0.9587497910747117,,
9464,olympus,dino_multi,3+6 clicks,2,0.9005349649229586,1,1,1,0,2,0.9495238415721641,0.7714681115567753,0.7922122417363067
9464,olympus,dino_clicks,10+20 clicks,0,0.8906417544323506,1,1,16,0,17,0.9442709752773992,,
9464,olympus,sam,10+20 clicks,0,0.6726923140129168,1,1,139,0,140,0.8046465616031813,,
9464,olympus,microsam,10+20 clicks,0,0.962161648478705,1,1,0,0,1,0.9807159866004762,,
9464,olympus,rf_clicks,10+20 clicks,0,0.535724045522263,1,1,24,0,25,0.9453086112493778,,
9464,olympus,dino_multi,10+20 clicks,0,0.9546799440061084,1,1,1,0,2,0.9757822598346463,0.9022571005126461,0.8667164794393487
9464,olympus,dino_clicks,10+20 clicks,1,0.9387220507063336,1,1,0,0,1,0.9686574848757884,,
9464,olympus,sam,10+20 clicks,1,0.8682190925375096,1,1,52,0,53,0.9305534828600273,,
9464,olympus,microsam,10+20 clicks,1,0.9777150133873179,1,1,0,0,1,0.988731952550376,,
9464,olympus,rf_clicks,10+20 clicks,1,0.7828137581962499,1,1,17,0,18,0.8781778293973416,,
9464,olympus,dino_multi,10+20 clicks,1,0.8985422928989302,1,1,1,0,2,0.9464796404739207,0.839783444608115,0.7614049639507433
9464,olympus,dino_clicks,10+20 clicks,2,0.7394242925216377,1,1,20,0,21,0.9060077302888805,,
9464,olympus,sam,10+20 clicks,2,0.9275771967592973,1,1,34,0,35,0.9619278094004567,,
9464,olympus,microsam,10+20 clicks,2,0.9734069000914238,1,1,0,0,1,0.9865242693195487,,
9464,olympus,rf_clicks,10+20 clicks,2,0.5473245083343868,1,1,6,0,7,0.948583322248218,,
9464,olympus,dino_multi,10+20 clicks,2,0.8059443105149902,1,1,2,0,3,0.8927048622308216,0.8846583182805301,0.7153896961690885
9504,olympus,otsu,no input,0,0.4809271315949759,4,2,178,2,180,0.6321407203541941,,
9504,olympus,dino_labels,5 labelled training images,0,0.6382292060914302,4,3,16,1,19,0.8208108386919294,,
9504,olympus,dino_clicks,3+6 clicks,0,0.44907685269524733,4,2,51,2,53,0.6239895655534443,,
9504,olympus,sam,3+6 clicks,0,0.5125720696848696,4,2,38,2,40,0.7094131743747033,,
9504,olympus,microsam,3+6 clicks,0,0.6895405666177818,4,3,65,1,68,0.7752340916072162,,
9504,olympus,rf_clicks,3+6 clicks,0,0.6107604220754337,4,2,333,2,335,0.7410351282823804,,
9504,olympus,dino_multi,3+6 clicks,0,0.1280553685503754,4,0,56,4,56,0.6058379177272354,0.20176672341895527,0.6620278746374307
9504,olympus,dino_clicks,3+6 clicks,1,0.814211466912623,4,4,91,0,95,0.8985476218212501,,
9504,olympus,sam,3+6 clicks,1,0.18676832327864143,4,1,109,3,110,0.3932921397830306,,
9504,olympus,microsam,3+6 clicks,1,0.8711339158582773,4,4,44,0,48,0.9437634465333591,,
9504,olympus,rf_clicks,3+6 clicks,1,0.5861206807313576,4,2,146,2,148,0.7226553877484174,,
9504,olympus,dino_multi,3+6 clicks,1,0.3573115102760977,4,0,204,4,204,0.744580524251689,0.8385665873083574,0.5862664328344005
9504,olympus,dino_clicks,3+6 clicks,2,0.8657106031528303,4,4,211,0,215,0.9153135391851723,,
9504,olympus,sam,3+6 clicks,2,0.5819815004318867,4,2,134,2,136,0.7369244403621007,,
9504,olympus,microsam,3+6 clicks,2,0.6341053244054553,4,3,61,1,64,0.7931533395309861,,
9504,olympus,rf_clicks,3+6 clicks,2,0.5485020305792756,4,2,110,2,112,0.687913067247816,,
9504,olympus,dino_multi,3+6 clicks,2,0.33389910818723567,4,0,132,4,132,0.6594751471820883,0.8324266600632995,0.3644112223311809
9504,olympus,dino_clicks,10+20 clicks,0,0.8116865794037149,4,4,122,0,126,0.9401454409845236,,
9504,olympus,sam,10+20 clicks,0,0.6036516283232742,4,2,249,2,251,0.7852112556896056,,
9504,olympus,microsam,10+20 clicks,0,0.8574763224475359,4,4,53,0,57,0.9399717493385176,,
9504,olympus,rf_clicks,10+20 clicks,0,0.4723314398264449,4,2,229,2,231,0.6585010290418477,,
9504,olympus,dino_multi,10+20 clicks,0,0.7828603082786205,4,4,137,0,141,0.9012824783477682,0.9177367631473912,0.7715473176324463
9504,olympus,dino_clicks,10+20 clicks,1,0.762189434466559,4,4,65,0,69,0.8773984987836766,,
9504,olympus,sam,10+20 clicks,1,0.43483122487804693,4,2,207,2,209,0.6493074663421666,,
9504,olympus,microsam,10+20 clicks,1,0.9226896683426022,4,4,92,0,96,0.9597687808910201,,
9504,olympus,rf_clicks,10+20 clicks,1,0.6350199580659988,4,3,298,1,301,0.7545451430529382,,
9504,olympus,dino_multi,10+20 clicks,1,0.6010531814637063,4,2,221,2,223,0.9124540467168146,0.9054547723192314,0.7686452746118617
9504,olympus,dino_clicks,10+20 clicks,2,0.8918250367786916,4,4,66,0,70,0.9404426367928455,,
9504,olympus,sam,10+20 clicks,2,0.4422381159545711,4,2,172,2,174,0.7045691728299832,,
9504,olympus,microsam,10+20 clicks,2,0.927713912282481,4,4,97,0,101,0.9621361435488465,,
9504,olympus,rf_clicks,10+20 clicks,2,0.6216854256165156,4,3,546,1,549,0.8131598194089129,,
9504,olympus,dino_multi,10+20 clicks,2,0.7895457497167429,4,4,114,0,118,0.8997740132586595,0.8466256713629641,0.777562674973193
9511,olympus,otsu,no input,0,0.5449053255929444,2,2,110,0,112,0.6909919551258396,,
9511,olympus,dino_labels,5 labelled training images,0,0.3982643529310895,2,1,13,1,14,0.8219575365622916,,
9511,olympus,dino_clicks,3+6 clicks,0,0.2821274305240056,2,0,43,2,43,0.6356506344637965,,
9511,olympus,sam,3+6 clicks,0,0.5671128027161499,2,1,37,1,38,0.7238765030172762,,
9511,olympus,microsam,3+6 clicks,0,0.2511779459555991,2,0,7,2,7,0.9027056083139222,,
9511,olympus,rf_clicks,3+6 clicks,0,0.2591141233950377,2,0,229,2,229,0.8340920759883621,,
9511,olympus,dino_multi,3+6 clicks,0,0.3014746577605487,2,0,59,2,59,0.6571580180048305,0.5366162131287994,0.7164935562928261
9511,olympus,dino_clicks,3+6 clicks,1,0.09217990908993329,2,0,91,2,91,0.8458603138084371,,
9511,olympus,sam,3+6 clicks,1,0.24340162084311945,2,0,139,2,139,0.5340345577463763,,
9511,olympus,microsam,3+6 clicks,1,0.2251989417122932,2,0,32,2,32,0.8875295370586082,,
9511,olympus,rf_clicks,3+6 clicks,1,0.07465118240603344,2,0,249,2,249,0.8619200402832741,,
9511,olympus,dino_multi,3+6 clicks,1,0.18960691898261517,2,0,72,2,72,0.8891759447212483,0.6694930692413428,0.6395650120617254
9511,olympus,dino_clicks,3+6 clicks,2,0.7058944949492916,2,2,14,0,16,0.8251209505585868,,
9511,olympus,sam,3+6 clicks,2,0.8828088983314395,2,2,96,0,98,0.9259484957230234,,
9511,olympus,microsam,3+6 clicks,2,0.24599426574831024,2,0,6,2,6,0.903515482089999,,
9511,olympus,rf_clicks,3+6 clicks,2,0.24299917240830113,2,0,18,2,18,0.7058771829599487,,
9511,olympus,dino_multi,3+6 clicks,2,0.4786324546059245,2,1,53,1,54,0.8773206695306188,0.7585642502905217,0.7154508236356016
9511,olympus,dino_clicks,10+20 clicks,0,0.8213376345828342,2,2,37,0,39,0.9071260835531847,,
9511,olympus,sam,10+20 clicks,0,0.38090317475310465,2,0,68,2,68,0.6107946894357276,,
9511,olympus,microsam,10+20 clicks,0,0.2512082473819264,2,0,9,2,9,0.9044576563004412,,
9511,olympus,rf_clicks,10+20 clicks,0,0.1280154802860294,2,0,112,2,112,0.8736880249517918,,
9511,olympus,dino_multi,10+20 clicks,0,0.6983746066170327,2,2,32,0,34,0.848500891446011,0.799980254714187,0.6539073064178195
9511,olympus,dino_clicks,10+20 clicks,1,0.7989762308117705,2,2,31,0,33,0.8816601323992544,,
9511,olympus,sam,10+20 clicks,1,0.23538485291400102,2,0,201,2,201,0.40654057815168576,,
9511,olympus,microsam,10+20 clicks,1,0.2496354457995743,2,0,8,2,8,0.8995234234412387,,
9511,olympus,rf_clicks,10+20 clicks,1,0.2479782167751542,2,0,78,2,78,0.776500676549745,,
9511,olympus,dino_multi,10+20 clicks,1,0.5126668764981388,2,1,49,1,50,0.8729932011655145,0.8066726424697285,0.6353394377608267
9511,olympus,dino_clicks,10+20 clicks,2,0.7995995323281401,2,2,30,0,32,0.8764020163831128,,
9511,olympus,sam,10+20 clicks,2,0.8220680085304327,2,2,147,0,149,0.8988018172830207,,
9511,olympus,microsam,10+20 clicks,2,0.23400774011778652,2,0,13,2,13,0.9035773576822149,,
9511,olympus,rf_clicks,10+20 clicks,2,0.1422362630109145,2,0,74,2,74,0.8601538327887038,,
9511,olympus,dino_multi,10+20 clicks,2,0.6629428546337188,2,2,20,0,22,0.8671360436066319,0.9358623112047769,0.695667645227293
9512,olympus,otsu,no input,0,0.35447453028428305,3,1,210,2,211,0.802258543833581,,
9512,olympus,dino_labels,5 labelled training images,0,0.44425500379552635,3,1,16,2,17,0.7591375187885466,,
9512,olympus,dino_clicks,3+6 clicks,0,0.6631615270301907,3,3,16,0,19,0.7752133878507207,,
9512,olympus,sam,3+6 clicks,0,0.22795954621413386,3,0,69,3,69,0.8856995326298508,,
9512,olympus,microsam,3+6 clicks,0,0.2184135965804901,3,0,12,3,12,0.9135125392656677,,
9512,olympus,rf_clicks,3+6 clicks,0,0.35162610370252184,3,1,85,2,86,0.7980134236084895,,
9512,olympus,dino_multi,3+6 clicks,0,0.46926674408720004,3,2,48,1,50,0.7045597527284663,0.3544734378923818,0.24538798678873275
9512,olympus,dino_clicks,3+6 clicks,1,0.7110630575557222,3,3,24,0,27,0.8131208899747875,,
9512,olympus,sam,3+6 clicks,1,0.8371424640593202,3,3,88,0,91,0.8992965393513054,,
9512,olympus,microsam,3+6 clicks,1,0.22776484120920426,3,0,24,3,24,0.9197856449639226,,
9512,olympus,rf_clicks,3+6 clicks,1,0.20102435681961847,3,0,55,3,55,0.80652820688866,,
9512,olympus,dino_multi,3+6 clicks,1,0.20909284973609413,3,0,65,3,65,0.8762162892339066,0.7035390207471746,0.49400877675301635
9512,olympus,dino_clicks,3+6 clicks,2,0.5766587018669171,3,2,44,1,46,0.8187718765013285,,
9512,olympus,sam,3+6 clicks,2,0.7777423118776543,3,3,31,0,34,0.8595717305394724,,
9512,olympus,microsam,3+6 clicks,2,0.21972149006236566,3,0,62,3,62,0.8105481096035985,,
9512,olympus,rf_clicks,3+6 clicks,2,0.20300872281105994,3,0,63,3,63,0.7987508707871916,,
9512,olympus,dino_multi,3+6 clicks,2,0.1889599391645784,3,0,111,3,111,0.774372724766133,0.5537767982368262,0.49700432163436353
9512,olympus,dino_clicks,10+20 clicks,0,0.18778708238045352,3,0,20,3,20,0.902087657184715,,
9512,olympus,sam,10+20 clicks,0,0.6637434076180749,3,2,56,1,58,0.7689572941279426,,
9512,olympus,microsam,10+20 clicks,0,0.2112226967337938,3,0,7,3,7,0.9247565203387101,,
9512,olympus,rf_clicks,10+20 clicks,0,0.19916952880464436,3,0,109,3,109,0.8197161347256949,,
9512,olympus,dino_multi,10+20 clicks,0,0.1948058361073285,3,0,34,3,34,0.8799919330781609,0.8638449920801562,0.6067161148280358
9512,olympus,dino_clicks,10+20 clicks,1,0.1920666845327319,3,0,23,3,23,0.9003270664145067,,
9512,olympus,sam,10+20 clicks,1,0.6656635738927169,3,2,103,1,105,0.7866936688688955,,
9512,olympus,microsam,10+20 clicks,1,0.3148477136099608,3,1,15,2,16,0.7974820289152734,,
9512,olympus,rf_clicks,10+20 clicks,1,0.19976219525593522,3,0,213,3,213,0.7899539427505505,,
9512,olympus,dino_multi,10+20 clicks,1,0.1848900890298885,3,0,23,3,23,0.8676721256684492,0.8840950423609776,0.6156781846312532
9512,olympus,dino_clicks,10+20 clicks,2,0.45422351541065664,3,1,13,2,14,0.9012910730122512,,
9512,olympus,sam,10+20 clicks,2,0.7971001303595898,3,3,142,0,145,0.8792539760781434,,
9512,olympus,microsam,10+20 clicks,2,0.2526422837105688,3,0,32,3,32,0.9167479497816868,,
9512,olympus,rf_clicks,10+20 clicks,2,0.18855470948205397,3,0,76,3,76,0.8261276708556573,,
9512,olympus,dino_multi,10+20 clicks,2,0.15421794275856035,3,0,54,3,54,0.8420748279650726,0.8345246208219091,0.5294420301900533
9528,olympus,otsu,no input,0,0.5187859268866738,3,2,218,1,220,0.6988230543380417,,
9528,olympus,dino_labels,5 labelled training images,0,0.5590728362172562,3,1,14,2,15,0.941643417032018,,
9528,olympus,dino_clicks,3+6 clicks,0,0.24229959665331915,3,0,45,3,45,0.9108925279056883,,
9528,olympus,sam,3+6 clicks,0,0.15595003247923347,3,0,57,3,57,0.6816422061735025,,
9528,olympus,microsam,3+6 clicks,0,0.29547638815612604,3,0,14,3,14,0.9170534600122805,,
9528,olympus,rf_clicks,3+6 clicks,0,0.3489836137674664,3,0,53,3,53,0.8351846779674772,,
9528,olympus,dino_multi,3+6 clicks,0,0.2859316480183241,3,0,18,3,18,0.8819697509384333,0.4703250331944924,0.6291862651121662
9528,olympus,dino_clicks,3+6 clicks,1,0.5712361075570856,3,2,29,1,31,0.93328989002573,,
9528,olympus,sam,3+6 clicks,1,0.2872817266620516,3,0,35,3,35,0.6397758130037148,,
9528,olympus,microsam,3+6 clicks,1,0.2996482160985865,3,0,2,3,2,0.9511733415783795,,
9528,olympus,rf_clicks,3+6 clicks,1,0.27521321274060995,3,0,103,3,103,0.7777875239903022,,
9528,olympus,dino_multi,3+6 clicks,1,0.4157853000406708,3,0,238,3,238,0.8390713501486916,0.1451365811119753,0.6330978111930606
9528,olympus,dino_clicks,3+6 clicks,2,0.5843184642383799,3,1,34,2,35,0.922612260822478,,
9528,olympus,sam,3+6 clicks,2,0.28049296639106575,3,0,42,3,42,0.7052965440173539,,
9528,olympus,microsam,3+6 clicks,2,0.2811322782967877,3,0,17,3,17,0.797041428612443,,
9528,olympus,rf_clicks,3+6 clicks,2,0.15231756225163345,3,0,282,3,282,0.8539756642029406,,
9528,olympus,dino_multi,3+6 clicks,2,0.2559828124427031,3,0,59,3,59,0.9138787054796184,0.4983908880885365,0.6811343415279786
9528,olympus,dino_clicks,10+20 clicks,0,0.5845909936408775,3,2,17,1,19,0.9271931610014248,,
9528,olympus,sam,10+20 clicks,0,0.5988202536739524,3,2,92,1,94,0.7627509958539956,,
9528,olympus,microsam,10+20 clicks,0,0.3038205591253937,3,0,1,3,1,0.9562971032496862,,
9528,olympus,rf_clicks,10+20 clicks,0,0.35937465709814104,3,0,75,3,75,0.8286616043248648,,
9528,olympus,dino_multi,10+20 clicks,0,0.28842082839078526,3,0,10,3,10,0.9218302803640719,0.883474081702712,0.7672171088251218
9528,olympus,dino_clicks,10+20 clicks,1,0.5765685988224737,3,1,12,2,13,0.9217458260430166,,
9528,olympus,sam,10+20 clicks,1,0.4848805705083226,3,2,278,1,280,0.8217908172845051,,
9528,olympus,microsam,10+20 clicks,1,0.3021238238023225,3,0,9,3,9,0.949202979647201,,
9528,olympus,rf_clicks,10+20 clicks,1,0.3291865168948655,3,0,103,3,103,0.8274798015826932,,
9528,olympus,dino_multi,10+20 clicks,1,0.2582432698309208,3,0,23,3,23,0.9231044921312503,0.6454040973004548,0.6328253638483385
9528,olympus,dino_clicks,10+20 clicks,2,0.2498963837567263,3,0,30,3,30,0.925761616576059,,
9528,olympus,sam,10+20 clicks,2,0.28411867922425343,3,0,265,3,265,0.8900602152738686,,
9528,olympus,microsam,10+20 clicks,2,0.29776345578064367,3,0,6,3,6,0.9485082595314365,,
9528,olympus,rf_clicks,10+20 clicks,2,0.173101296837097,3,0,71,3,71,0.8674537407078612,,
9528,olympus,dino_multi,10+20 clicks,2,0.4981637475334184,3,1,25,2,26,0.9234606411363607,0.7016799078173328,0.7004981747679498
9581,olympus,otsu,no input,0,0.4929413783394504,2,1,376,1,377,0.6454793118499677,,
9581,olympus,dino_labels,5 labelled training images,0,0.437545559308279,2,1,22,1,23,0.8346414847518601,,
9581,olympus,dino_clicks,3+6 clicks,0,0.580140830383145,2,1,104,1,105,0.8814657946155916,,
9581,olympus,sam,3+6 clicks,0,0.17441542972377316,2,0,263,2,263,0.5758334469226851,,
9581,olympus,microsam,3+6 clicks,0,0.8593910462197343,2,2,42,0,44,0.9417629784009094,,
9581,olympus,rf_clicks,3+6 clicks,0,0.3211570398601024,2,0,59,2,59,0.8775155279503105,,
9581,olympus,dino_multi,3+6 clicks,0,0.22528062453565234,2,0,137,2,137,0.7342735670669284,0.6421022255888612,0.5204452280306732
9581,olympus,dino_clicks,3+6 clicks,1,0.3518907532789719,2,0,20,2,20,0.5210166268152402,,
9581,olympus,sam,3+6 clicks,1,0.2764814673853467,2,0,85,2,85,0.4885673853945555,,
9581,olympus,microsam,3+6 clicks,1,0.7293974022016683,2,2,13,0,15,0.8416567716700426,,
9581,olympus,rf_clicks,3+6 clicks,1,0.37927317587857295,2,0,245,2,245,0.5326228701216826,,
9581,olympus,dino_multi,3+6 clicks,1,0.41784944054719075,2,1,59,1,60,0.704625950387576,0.5601509721209046,0.6278871047966432
9581,olympus,dino_clicks,3+6 clicks,2,0.2398267204455847,2,0,181,2,181,0.7955908758772651,,
9581,olympus,sam,3+6 clicks,2,0.30090701625388805,2,0,51,2,51,0.49104420900085716,,
9581,olympus,microsam,3+6 clicks,2,0.8813635315506331,2,2,31,0,33,0.9439328357765864,,
9581,olympus,rf_clicks,3+6 clicks,2,0.31997297467065555,2,0,37,2,37,0.8760313695225341,,
9581,olympus,dino_multi,3+6 clicks,2,0.28103581720896137,2,0,55,2,55,0.7854520461639795,0.1978225289973671,0.6103489730319643
9581,olympus,dino_clicks,10+20 clicks,0,0.5192904507392742,2,1,79,1,80,0.9025974400868315,,
9581,olympus,sam,10+20 clicks,0,0.36552021294535997,2,0,534,2,534,0.5722959560969914,,
9581,olympus,microsam,10+20 clicks,0,0.8592332544150537,2,2,42,0,44,0.9435104715771477,,
9581,olympus,rf_clicks,10+20 clicks,0,0.3083594168713747,2,0,125,2,125,0.8532679219662832,,
9581,olympus,dino_multi,10+20 clicks,0,0.28601367517962534,2,0,112,2,112,0.834373986800958,0.8877045322406489,0.5562625901312198
9581,olympus,dino_clicks,10+20 clicks,1,0.7049662667633745,2,2,33,0,35,0.8166957625773686,,
9581,olympus,sam,10+20 clicks,1,0.19803101130487288,2,0,195,2,195,0.5098257886821784,,
9581,olympus,microsam,10+20 clicks,1,0.9042593435467259,2,2,20,0,22,0.9514747628818555,,
9581,olympus,rf_clicks,10+20 clicks,1,0.2959843475446897,2,0,231,2,231,0.7387728021801631,,
9581,olympus,dino_multi,10+20 clicks,1,0.4858589376283319,2,1,84,1,85,0.8137339353540726,0.7295808806811005,0.5364697959134587
9581,olympus,dino_clicks,10+20 clicks,2,0.7259012205265541,2,2,47,0,49,0.8701100225118108,,
9581,olympus,sam,10+20 clicks,2,0.7017753903994498,2,2,102,0,104,0.8391867439839287,,
9581,olympus,microsam,10+20 clicks,2,0.8900013618084981,2,2,33,0,35,0.9441212804490448,,
9581,olympus,rf_clicks,10+20 clicks,2,0.40384526012304145,2,1,175,1,176,0.8347265285873744,,
9581,olympus,dino_multi,10+20 clicks,2,0.4629975760262713,2,1,79,1,80,0.8723526555759561,0.8281442239495129,0.6722566607824624
9590,olympus,otsu,no input,0,0.3041381013760833,3,1,248,2,249,0.8337504539253502,,
9590,olympus,dino_labels,5 labelled training images,0,0.4829828879458355,3,1,27,2,28,0.9184639518563028,,
9590,olympus,dino_clicks,3+6 clicks,0,0.3333047168711527,3,0,38,3,38,0.866744420990382,,
9590,olympus,sam,3+6 clicks,0,0.46268203716536643,3,1,50,2,51,0.9274266340346229,,
9590,olympus,microsam,3+6 clicks,0,0.5593078015304717,3,1,35,2,36,0.933372052605411,,
9590,olympus,rf_clicks,3+6 clicks,0,0.21089750567091528,3,0,462,3,462,0.5263131271616726,,
9590,olympus,dino_multi,3+6 clicks,0,0.4433193341491037,3,1,69,2,70,0.8875714462030838,0.4716150553685397,0.6787950966099259
9590,olympus,dino_clicks,3+6 clicks,1,0.6704474716197951,3,3,52,0,55,0.8511117641296895,,
9590,olympus,sam,3+6 clicks,1,0.5961330376024633,3,1,44,2,45,0.929207020531306,,
9590,olympus,microsam,3+6 clicks,1,0.5539371424893779,3,1,25,2,26,0.9292223704750194,,
9590,olympus,rf_clicks,3+6 clicks,1,0.2575917587115093,3,0,399,3,399,0.5133561690201865,,
9590,olympus,dino_multi,3+6 clicks,1,0.5713048500168537,3,2,87,1,89,0.82230073781565,0.586728508933748,0.7001078297794087
9590,olympus,dino_clicks,3+6 clicks,2,0.5453155997585412,3,2,41,1,43,0.6997758193269835,,
9590,olympus,sam,3+6 clicks,2,0.5736362781311874,3,1,24,2,25,0.7161739276119359,,
9590,olympus,microsam,3+6 clicks,2,0.21242068804956352,3,0,35,3,35,0.9225803660277766,,
9590,olympus,rf_clicks,3+6 clicks,2,0.5254437433456313,3,2,116,1,118,0.7394119400802156,,
9590,olympus,dino_multi,3+6 clicks,2,0.399385464552014,3,1,77,2,78,0.7017528029055472,0.21632391179549523,0.6404412149093001
9590,olympus,dino_clicks,10+20 clicks,0,0.3329146990984429,3,0,62,3,62,0.8774608877910023,,
9590,olympus,sam,10+20 clicks,0,0.16117298798775312,3,0,119,3,119,0.728192236598891,,
9590,olympus,microsam,10+20 clicks,0,0.5142895795771432,3,1,11,2,12,0.9322035381962377,,
9590,olympus,rf_clicks,10+20 clicks,0,0.44956018696893024,3,1,454,2,455,0.885878046837288,,
9590,olympus,dino_multi,10+20 clicks,0,0.49412815019847106,3,1,57,2,58,0.9063407561586323,0.8480839654039166,0.7529919049749827
9590,olympus,dino_clicks,10+20 clicks,1,0.829695005749718,3,3,31,0,34,0.9068107349040412,,
9590,olympus,sam,10+20 clicks,1,0.19154042737652935,3,0,172,3,172,0.7939127586662039,,
9590,olympus,microsam,10+20 clicks,1,0.5921438207417934,3,1,15,2,16,0.944426845273114,,
9590,olympus,rf_clicks,10+20 clicks,1,0.5052069906980027,3,2,257,1,259,0.7851191671596911,,
9590,olympus,dino_multi,10+20 clicks,1,0.46906684341216126,3,1,46,2,47,0.9103913223950992,0.8827641261296298,0.7371078575174903
9590,olympus,dino_clicks,10+20 clicks,2,0.8103576701365883,3,3,37,0,40,0.8998446985740506,,
9590,olympus,sam,10+20 clicks,2,0.6113613411763563,3,2,65,1,67,0.7951722470156308,,
9590,olympus,microsam,10+20 clicks,2,0.31079057849172265,3,1,2,2,3,0.8341751499893144,,
9590,olympus,rf_clicks,10+20 clicks,2,0.41467828545908353,3,0,392,3,392,0.8062150927690972,,
9590,olympus,dino_multi,10+20 clicks,2,0.8679509380722256,3,3,59,0,62,0.9200012903760986,0.7300049554013875,0.7037397681282902
9600,olympus,otsu,no input,0,0.6205355880401798,2,1,131,1,132,0.9320161290322581,,
9600,olympus,dino_labels,5 labelled training images,0,0.24600394656213348,2,0,14,2,14,0.9022991551744242,,
9600,olympus,dino_clicks,3+6 clicks,0,0.456648649071857,2,0,28,2,28,0.9369261657154458,,
9600,olympus,sam,3+6 clicks,0,0.6184962680838766,2,2,22,0,24,0.7989971572962729,,
9600,olympus,microsam,3+6 clicks,0,0.850852908836542,2,2,5,0,7,0.9164277731888635,,
9600,olympus,rf_clicks,3+6 clicks,0,0.10975824139511432,2,0,495,2,495,0.7193899202563956,,
9600,olympus,dino_multi,3+6 clicks,0,0.2008663601086335,2,0,54,2,54,0.5864599653665374,0.4304954304954305,0.5800073396127798
9600,olympus,dino_clicks,3+6 clicks,1,0.31016750714689423,2,0,60,2,60,0.9042315077066692,,
9600,olympus,sam,3+6 clicks,1,0.6440758109327469,2,1,24,1,25,0.7950084887400332,,
9600,olympus,microsam,3+6 clicks,1,0.4426397197347599,2,0,31,2,31,0.9387339973846924,,
9600,olympus,rf_clicks,3+6 clicks,1,0.7023506027284785,2,1,118,1,119,0.8328092412394832,,
9600,olympus,dino_multi,3+6 clicks,1,0.6547880806611823,2,2,71,0,73,0.8133046495674124,0.7715466439899148,0.471213254102554
9600,olympus,dino_clicks,3+6 clicks,2,0.893063974472315,2,2,83,0,85,0.9390524230292128,,
9600,olympus,sam,3+6 clicks,2,0.8759064071359732,2,2,8,0,10,0.9350385436757342,,
9600,olympus,microsam,3+6 clicks,2,0.4592098478223867,2,0,11,2,11,0.9563754144968023,,
9600,olympus,rf_clicks,3+6 clicks,2,0.5989886088709109,2,1,210,1,211,0.7605908544773482,,
9600,olympus,dino_multi,3+6 clicks,2,0.7997810420174702,2,2,61,0,63,0.8853581122629615,0.7797653252266113,0.638895535742153
9600,olympus,dino_clicks,10+20 clicks,0,0.9106096793109366,2,2,26,0,28,0.9499549274477304,,
9600,olympus,sam,10+20 clicks,0,0.4621976869590191,2,1,74,1,75,0.7172673668050661,,
9600,olympus,microsam,10+20 clicks,0,0.9475273003002352,2,2,4,0,6,0.9729538463294506,,
9600,olympus,rf_clicks,10+20 clicks,0,0.36901874665075163,2,1,61,1,62,0.8993128853433481,,
9600,olympus,dino_multi,10+20 clicks,0,0.41089123729171095,2,0,25,2,25,0.8543521863832066,0.8792511700468019,0.7153078145111726
9600,olympus,dino_clicks,10+20 clicks,1,0.3845403069485136,2,0,47,2,47,0.9423852139640904,,
9600,olympus,sam,10+20 clicks,1,0.4404460235111515,2,0,81,2,81,0.6873000398203963,,
9600,olympus,microsam,10+20 clicks,1,0.46053297031431223,2,0,7,2,7,0.9565919510670892,,
9600,olympus,rf_clicks,10+20 clicks,1,0.7219318094448086,2,2,568,0,570,0.8376142738416787,,
9600,olympus,dino_multi,10+20 clicks,1,0.3054793361479372,2,0,41,2,41,0.9024486548604768,0.7242248662037242,0.644560087135423
9600,olympus,dino_clicks,10+20 clicks,2,0.8766790593656277,2,2,28,0,30,0.9335560392911197,,
9600,olympus,sam,10+20 clicks,2,0.6532489097622737,2,1,10,1,11,0.805423627033519,,
9600,olympus,microsam,10+20 clicks,2,0.4569314284603313,2,0,24,2,24,0.9540581425940542,,
9600,olympus,rf_clicks,10+20 clicks,2,0.34638604893976016,2,0,333,2,333,0.7805564089435058,,
9600,olympus,dino_multi,10+20 clicks,2,0.8668106259139032,2,2,39,0,41,0.9279570269985605,0.845288197621226,0.702931709975629
9601,olympus,otsu,no input,0,0.43428670600882757,4,1,218,3,219,0.546481859499938,,
9601,olympus,dino_labels,5 labelled training images,0,0.4446471170260987,4,1,22,3,23,0.6560194040880114,,
9601,olympus,dino_clicks,3+6 clicks,0,0.28993156118758723,4,1,118,3,119,0.5539857120085786,,
9601,olympus,sam,3+6 clicks,0,0.16606654084905612,4,0,146,4,146,0.7053398017200797,,
9601,olympus,microsam,3+6 clicks,0,0.32382601242766673,4,1,63,3,64,0.6054538915860962,,
9601,olympus,rf_clicks,3+6 clicks,0,0.1045983638772766,4,0,228,4,228,0.48931918776061106,,
9601,olympus,dino_multi,3+6 clicks,0,0.07795585874543308,4,0,198,4,198,0.7704708348785638,0.32092257001647445,0.6905506254364893
9601,olympus,dino_clicks,3+6 clicks,1,0.10273306484405122,4,0,119,4,119,0.8134504080013812,,
9601,olympus,sam,3+6 clicks,1,0.24390600706517515,4,1,57,3,58,0.2605994977305716,,
9601,olympus,microsam,3+6 clicks,1,0.45832043056797456,4,1,14,3,15,0.7930521428836015,,
9601,olympus,rf_clicks,3+6 clicks,1,0.19523482755165295,4,0,209,4,209,0.6900400250994535,,
9601,olympus,dino_multi,3+6 clicks,1,0.3146688017532159,4,1,213,3,214,0.5600772123967155,0.72425490471199,0.34718733193091383
9601,olympus,dino_clicks,3+6 clicks,2,0.10136455165871142,4,0,52,4,52,0.8704329371008728,,
9601,olympus,sam,3+6 clicks,2,0.16245947947643175,4,0,38,4,38,0.42214337485461934,,
9601,olympus,microsam,3+6 clicks,2,0.19922462724812903,4,0,22,4,22,0.6871749116664889,,
9601,olympus,rf_clicks,3+6 clicks,2,0.4189734985537345,4,1,629,3,630,0.5650082000152054,,
9601,olympus,dino_multi,3+6 clicks,2,0.09301355236895968,4,0,66,4,66,0.8330984909791974,0.4762688130979309,0.6047986887833305
9601,olympus,dino_clicks,10+20 clicks,0,0.10077386913968689,4,0,164,4,164,0.8561803226109834,,
9601,olympus,sam,10+20 clicks,0,0.29454708000256785,4,0,212,4,212,0.6629025264451647,,
9601,olympus,microsam,10+20 clicks,0,0.49945308262816,4,2,11,2,13,0.7532029051887719,,
9601,olympus,rf_clicks,10+20 clicks,0,0.28613773612075977,4,0,638,4,638,0.6772317563106893,,
9601,olympus,dino_multi,10+20 clicks,0,0.09436491453030288,4,0,176,4,176,0.8258872355978966,0.828777244181751,0.6377432192793927
9601,olympus,dino_clicks,10+20 clicks,1,0.5523457812027156,4,2,150,2,152,0.8488282046056653,,
9601,olympus,sam,10+20 clicks,1,0.3611857354994398,4,1,159,3,160,0.764316474397259,,
9601,olympus,microsam,10+20 clicks,1,0.5127620483087898,4,1,44,3,45,0.8842632723937566,,
9601,olympus,rf_clicks,10+20 clicks,1,0.5368095486841353,4,2,689,2,691,0.7099485759493671,,
9601,olympus,dino_multi,10+20 clicks,1,0.34229022029360134,4,0,197,4,197,0.7161546768674292,0.7910540551451294,0.6204161771924309
9601,olympus,dino_clicks,10+20 clicks,2,0.6923388536699253,4,3,163,1,166,0.8644555100230065,,
9601,olympus,sam,10+20 clicks,2,0.3860260913574358,4,0,110,4,110,0.8122033032366367,,
9601,olympus,microsam,10+20 clicks,2,0.5004050580078749,4,1,19,3,20,0.8839309309478158,,
9601,olympus,rf_clicks,10+20 clicks,2,0.3111938951458676,4,0,553,4,553,0.6144221685735278,,
9601,olympus,dino_multi,10+20 clicks,2,0.6139627462173809,4,3,183,1,186,0.8369363682427172,0.6950188339396886,0.48337067298123493
9605,olympus,otsu,no input,0,0.5574539363484087,1,1,296,0,297,0.7448561768353806,,
9605,olympus,dino_labels,5 labelled training images,0,0.5414007657945118,1,1,23,0,24,0.7380980953523856,,
9605,olympus,dino_clicks,3+6 clicks,0,0.28869358323824323,1,0,102,1,102,0.8774566473988439,,
9605,olympus,sam,3+6 clicks,0,0.8779250778346892,1,1,4,0,5,0.9372252599978557,,
9605,olympus,microsam,3+6 clicks,0,0.8546021093000958,1,1,3,0,4,0.9220544119168305,,
9605,olympus,rf_clicks,3+6 clicks,0,0.5231801033952773,1,1,146,0,147,0.7750156532922681,,
9605,olympus,dino_multi,3+6 clicks,0,0.2814565454459248,1,0,93,1,93,0.7484030034741679,0.5930077009291731,0.523443824526857
9605,olympus,dino_clicks,3+6 clicks,1,0.371630345694814,1,0,90,1,90,0.8927728553896778,,
9605,olympus,sam,3+6 clicks,1,0.5203879153740812,1,1,10,0,11,0.7674640821758865,,
9605,olympus,microsam,3+6 clicks,1,0.9027283511269276,1,1,0,0,1,0.9488778054862843,,
9605,olympus,rf_clicks,3+6 clicks,1,0.5531236005373936,1,1,138,0,139,0.8078175895765473,,
9605,olympus,dino_multi,3+6 clicks,1,0.32862471806141924,1,0,90,1,90,0.7263249614014705,0.3710165568808973,0.5878823391538732
9605,olympus,dino_clicks,3+6 clicks,2,0.6757704074396742,1,1,66,0,67,0.916772030124787,,
9605,olympus,sam,3+6 clicks,2,0.8752045295171805,1,1,4,0,5,0.9333721107371862,,
9605,olympus,microsam,3+6 clicks,2,0.849470823798627,1,1,2,0,3,0.9189530685920577,,
9605,olympus,rf_clicks,3+6 clicks,2,0.5832335995992095,1,1,226,0,227,0.7313723444942805,,
9605,olympus,dino_multi,3+6 clicks,2,0.23775108664900593,1,0,127,1,127,0.537182371988365,0.39139596136962246,0.3520706300813008
9605,olympus,dino_clicks,10+20 clicks,0,0.3068542769573697,1,0,104,1,104,0.7182952730336487,,
9605,olympus,sam,10+20 clicks,0,0.595029681054432,1,1,35,0,36,0.7728207804967915,,
9605,olympus,microsam,10+20 clicks,0,0.891735918744229,1,1,0,0,1,0.9427699816961562,,
9605,olympus,rf_clicks,10+20 clicks,0,0.21704319587917473,1,0,187,1,187,0.6583314389634007,,
9605,olympus,dino_multi,10+20 clicks,0,0.4213487864281515,1,0,82,1,82,0.7742429462884269,0.7673553444496114,0.6559125390450692
9605,olympus,dino_clicks,10+20 clicks,1,0.6424229588054644,1,1,62,0,63,0.8900986534168647,,
9605,olympus,sam,10+20 clicks,1,0.8946525608379492,1,1,22,0,23,0.9373943865144458,,
9605,olympus,microsam,10+20 clicks,1,0.8938382152071634,1,1,0,0,1,0.9439435829626959,,
9605,olympus,rf_clicks,10+20 clicks,1,0.4286595938519411,1,0,201,1,201,0.8490478402229448,,
9605,olympus,dino_multi,10+20 clicks,1,0.2739100302419355,1,0,71,1,71,0.8083282017915858,0.875422272269306,0.647886747678082
9605,olympus,dino_clicks,10+20 clicks,2,0.6584960115444742,1,1,47,0,48,0.9074462796221621,,
9605,olympus,sam,10+20 clicks,2,0.5291277041172365,1,1,69,0,70,0.7119590017199621,,
9605,olympus,microsam,10+20 clicks,2,0.9037904782328973,1,1,0,0,1,0.9494642278826793,,
9605,olympus,rf_clicks,10+20 clicks,2,0.6052038868272592,1,1,150,0,151,0.8208726533300875,,
9605,olympus,dino_multi,10+20 clicks,2,0.26675557545727996,1,0,113,1,113,0.7112766537318469,0.6583082927503194,0.595936507936508
9625,olympus,otsu,no input,0,0.5068806317860813,6,3,127,3,130,0.6775725907012647,,
9625,olympus,dino_labels,5 labelled training images,0,0.5428401032795447,6,4,35,2,39,0.7152814817520915,,
9625,olympus,dino_clicks,3+6 clicks,0,0.7825630327663134,6,6,112,0,118,0.857597742116404,,
9625,olympus,sam,3+6 clicks,0,0.2148895259883509,6,1,76,5,77,0.4174490436967751,,
9625,olympus,microsam,3+6 clicks,0,0.31447938205278153,6,1,47,5,48,0.6523033942891988,,
9625,olympus,rf_clicks,3+6 clicks,0,0.40464574325191643,6,2,128,4,130,0.8210421314506038,,
9625,olympus,dino_multi,3+6 clicks,0,0.47170812397818224,6,3,122,3,125,0.7251683340915168,0.5780410979451027,0.5110705707873426
9625,olympus,dino_clicks,3+6 clicks,1,0.5078744254573072,6,3,64,3,67,0.6681964410249488,,
9625,olympus,sam,3+6 clicks,1,0.3281390391797196,6,3,29,3,32,0.521994922473301,,
9625,olympus,microsam,3+6 clicks,1,0.2556233204248306,6,1,32,5,33,0.719298069355838,,
9625,olympus,rf_clicks,3+6 clicks,1,0.3039077950979891,6,0,68,6,68,0.46813459518117084,,
9625,olympus,dino_multi,3+6 clicks,1,0.1456989342216674,6,1,221,5,222,0.2920517400571246,0.14129728973736527,0.2734054750200248
9625,olympus,dino_clicks,3+6 clicks,2,0.521152258542784,6,3,108,3,111,0.7583182519050677,,
9625,olympus,sam,3+6 clicks,2,0.24454541750009173,6,1,103,5,104,0.43629338496918246,,
9625,olympus,microsam,3+6 clicks,2,0.4098462157045632,6,1,51,5,52,0.7108942114816795,,
9625,olympus,rf_clicks,3+6 clicks,2,0.4230154962681853,6,2,222,4,224,0.7500525906311878,,
9625,olympus,dino_multi,3+6 clicks,2,0.2455836270487968,6,1,88,5,89,0.6272331940073592,0.6334657190635451,0.5244284904590969
9625,olympus,dino_clicks,10+20 clicks,0,0.3939550518640936,6,2,128,4,130,0.7503623945684639,,
9625,olympus,sam,10+20 clicks,0,0.1382073949794454,6,0,367,6,367,0.7735966123696543,,
9625,olympus,microsam,10+20 clicks,0,0.19332914761449102,6,1,170,5,171,0.8003517011172302,,
9625,olympus,rf_clicks,10+20 clicks,0,0.4474215928201272,6,2,425,4,427,0.7829551799401046,,
9625,olympus,dino_multi,10+20 clicks,0,0.40054035392259096,6,1,101,5,102,0.859757629751462,0.8755586648704591,0.7246281919371433
9625,olympus,dino_clicks,10+20 clicks,1,0.6058489352167095,6,4,101,2,105,0.7947143566815698,,
9625,olympus,sam,10+20 clicks,1,0.4243888972637573,6,3,353,3,356,0.616945539142647,,
9625,olympus,microsam,10+20 clicks,1,0.2647569339405935,6,2,221,4,223,0.8273094273141675,,
9625,olympus,rf_clicks,10+20 clicks,1,0.5311826222634046,6,3,537,3,540,0.7706179362111213,,
9625,olympus,dino_multi,10+20 clicks,1,0.2580854243411979,6,1,154,5,155,0.8369410299815284,0.826024850797378,0.588161474881495
9625,olympus,dino_clicks,10+20 clicks,2,0.4707849477534571,6,2,104,4,106,0.66358658841603,,
9625,olympus,sam,10+20 clicks,2,0.49631215460987593,6,4,133,2,137,0.6473075602030302,,
9625,olympus,microsam,10+20 clicks,2,0.11459955581275562,6,0,156,6,156,0.8352819082521202,,
9625,olympus,rf_clicks,10+20 clicks,2,0.38747618960345137,6,0,418,6,418,0.596192284429063,,
9625,olympus,dino_multi,10+20 clicks,2,0.1527292420022588,6,1,158,5,159,0.8138071825242424,0.8677810879399758,0.6094662035579548
9626,olympus,otsu,no input,0,0.7996101504955634,3,3,262,0,265,0.8318265896879479,,
9626,olympus,dino_labels,5 labelled training images,0,0.5757438980030835,3,1,7,2,8,0.8760898773043264,,
9626,olympus,dino_clicks,3+6 clicks,0,0.22453684981406075,3,0,92,3,92,0.90343430712439,,
9626,olympus,sam,3+6 clicks,0,0.5839916951570411,3,2,28,1,30,0.7340850908781178,,
9626,olympus,microsam,3+6 clicks,0,0.5173485579983618,3,1,25,2,26,0.9275558175309458,,
9626,olympus,rf_clicks,3+6 clicks,0,0.654725501944015,3,2,71,1,73,0.8484289434045982,,
9626,olympus,dino_multi,3+6 clicks,0,0.41123432344323035,3,0,49,3,49,0.8707641344733426,0.8084276673500312,0.7616413792232556
9626,olympus,dino_clicks,3+6 clicks,1,0.5690350550663871,3,1,52,2,53,0.8816170436775203,,
9626,olympus,sam,3+6 clicks,1,0.43102916687418613,3,1,37,2,38,0.5821534650867453,,
9626,olympus,microsam,3+6 clicks,1,0.6030982443048899,3,2,24,1,26,0.7312699934587228,,
9626,olympus,rf_clicks,3+6 clicks,1,0.45543201119022525,3,1,53,2,54,0.8855148778180391,,
9626,olympus,dino_multi,3+6 clicks,1,0.41503934492908173,3,0,27,3,27,0.7774425726713007,0.939443349006522,0.5276688297796477
9626,olympus,dino_clicks,3+6 clicks,2,0.5189613898234674,3,1,72,2,73,0.9015438040237044,,
9626,olympus,sam,3+6 clicks,2,0.2030242740069089,3,0,51,3,51,0.7775315246465418,,
9626,olympus,microsam,3+6 clicks,2,0.2418597154531887,3,0,10,3,10,0.9156833145521939,,
9626,olympus,rf_clicks,3+6 clicks,2,0.7314183520782609,3,2,123,1,125,0.8550150918946254,,
9626,olympus,dino_multi,3+6 clicks,2,0.33036851011962376,3,0,74,3,74,0.7684172818739682,0.8861792950555833,0.6269996797950689
9626,olympus,dino_clicks,10+20 clicks,0,0.5637799777599397,3,1,62,2,63,0.9245233855908281,,
9626,olympus,sam,10+20 clicks,0,0.3693398827289325,3,1,217,2,218,0.8133049722106742,,
9626,olympus,microsam,10+20 clicks,0,0.5640728998503722,3,1,12,2,13,0.9365098552030564,,
9626,olympus,rf_clicks,10+20 clicks,0,0.5197149713828753,3,1,240,2,241,0.8542562098799888,,
9626,olympus,dino_multi,10+20 clicks,0,0.38967512655616704,3,0,68,3,68,0.8607822882349656,0.9371458767577724,0.7247495559915029
9626,olympus,dino_clicks,10+20 clicks,1,0.47855279372886966,3,1,53,2,54,0.8853033737782396,,
9626,olympus,sam,10+20 clicks,1,0.2223802943648211,3,0,147,3,147,0.7964884537948012,,
9626,olympus,microsam,10+20 clicks,1,0.5372463957408835,3,1,20,2,21,0.9266300100876632,,
9626,olympus,rf_clicks,10+20 clicks,1,0.6663565741371381,3,3,325,0,328,0.8624835729556911,,
9626,olympus,dino_multi,10+20 clicks,1,0.4351107602818132,3,0,29,3,29,0.8918575933736084,0.9161687488683686,0.7415098420938784
9626,olympus,dino_clicks,10+20 clicks,2,0.26560326292638275,3,0,55,3,55,0.9161317960573451,,
9626,olympus,sam,10+20 clicks,2,0.18638369470754926,3,0,290,3,290,0.7725246862056475,,
9626,olympus,microsam,10+20 clicks,2,0.5423150764705744,3,2,22,1,24,0.8797153134319181,,
9626,olympus,rf_clicks,10+20 clicks,2,0.5433246228543444,3,1,231,2,232,0.8635567120870582,,
9626,olympus,dino_multi,10+20 clicks,2,0.4096573350264709,3,0,54,3,54,0.8679212683317898,0.9377482453435014,0.7201742470373319
9629,olympus,otsu,no input,0,0.5669671641030222,5,3,409,2,412,0.8472795631119941,,
9629,olympus,dino_labels,5 labelled training images,0,0.7931207846241832,5,5,14,0,19,0.8941691454250174,,
9629,olympus,dino_clicks,3+6 clicks,0,0.8068889461579914,5,5,94,0,99,0.9054762716542464,,
9629,olympus,sam,3+6 clicks,0,0.2578738417128747,5,0,165,5,165,0.6566202947288273,,
9629,olympus,microsam,3+6 clicks,0,0.4959005672574642,5,2,99,3,101,0.8611890291413433,,
9629,olympus,rf_clicks,3+6 clicks,0,0.47255401602795927,5,3,398,2,401,0.8278178603055278,,
9629,olympus,dino_multi,3+6 clicks,0,0.46962179279000377,5,2,172,3,174,0.7437013674739652,0.7795184318842793,0.5234266667534683
9629,olympus,dino_clicks,3+6 clicks,1,0.5047885352197621,5,2,62,3,64,0.6608123344975888,,
9629,olympus,sam,3+6 clicks,1,0.45752839014534336,5,3,129,2,132,0.667150731508083,,
9629,olympus,microsam,3+6 clicks,1,0.402997562075751,5,2,112,3,114,0.779540627844306,,
9629,olympus,rf_clicks,3+6 clicks,1,0.4424120111710219,5,1,55,4,56,0.5954353752681306,,
9629,olympus,dino_multi,3+6 clicks,1,0.4794033920895714,5,1,169,4,170,0.6935308848080134,0.8578443529586826,0.2613959821831396
9629,olympus,dino_clicks,3+6 clicks,2,0.7732939752233845,5,5,70,0,75,0.894903888768075,,
9629,olympus,sam,3+6 clicks,2,0.4375111777235242,5,3,46,2,49,0.654463440071642,,
9629,olympus,microsam,3+6 clicks,2,0.15349552944965553,5,0,70,5,70,0.7536891806873182,,
9629,olympus,rf_clicks,3+6 clicks,2,0.5012855754988994,5,3,432,2,435,0.806492485657637,,
9629,olympus,dino_multi,3+6 clicks,2,0.5546015884213252,5,3,182,2,185,0.8327303770255428,0.7131014915072275,0.6862161245335645
9629,olympus,dino_clicks,10+20 clicks,0,0.847209850583803,5,5,79,0,84,0.9138940711640674,,
9629,olympus,sam,10+20 clicks,0,0.4707397477895858,5,2,283,3,285,0.7415775644943978,,
9629,olympus,microsam,10+20 clicks,0,0.8351477132471624,5,5,54,0,59,0.9316723758718414,,
9629,olympus,rf_clicks,10+20 clicks,0,0.6176138457255484,5,4,159,1,163,0.8099402382951001,,
9629,olympus,dino_multi,10+20 clicks,0,0.18578549070237615,5,1,263,4,264,0.8371453837730848,0.8647428466841559,0.6574521306032097
9629,olympus,dino_clicks,10+20 clicks,1,0.8287603077049038,5,5,81,0,86,0.9065162128347957,,
9629,olympus,sam,10+20 clicks,1,0.49520301324379784,5,2,169,3,171,0.7079641786150978,,
9629,olympus,microsam,10+20 clicks,1,0.3886366471309354,5,2,108,3,110,0.9135733353012578,,
9629,olympus,rf_clicks,10+20 clicks,1,0.7119697739012396,5,4,392,1,396,0.8927176897310799,,
9629,olympus,dino_multi,10+20 clicks,1,0.700409847572451,5,4,130,1,134,0.867009037961574,0.9082336526722836,0.7009483583041122
9629,olympus,dino_clicks,10+20 clicks,2,0.6135108071685592,5,3,80,2,83,0.8870851588210147,,
9629,olympus,sam,10+20 clicks,2,0.5181220029287328,5,3,250,2,253,0.746803995652399,,
9629,olympus,microsam,10+20 clicks,2,0.8386184880375115,5,5,118,0,123,0.9381896483810824,,
9629,olympus,rf_clicks,10+20 clicks,2,0.49650730936430865,5,3,183,2,186,0.7847711174702156,,
9629,olympus,dino_multi,10+20 clicks,2,0.40329788042107795,5,2,160,3,162,0.84082802760092,0.8965754484941262,0.5727640622173992
9630,olympus,otsu,no input,0,0.5227647409283038,10,5,162,5,167,0.6591458096009871,,
9630,olympus,dino_labels,5 labelled training images,0,0.46874193148817406,10,4,57,6,61,0.6757678784405446,,
9630,olympus,dino_clicks,3+6 clicks,0,0.1767319278864617,10,0,216,10,216,0.4384835463693228,,
9630,olympus,sam,3+6 clicks,0,0.02450166898270586,10,0,124,10,124,0.821399447844925,,
9630,olympus,microsam,3+6 clicks,0,0.24578199200980427,10,2,88,8,90,0.5983709381846771,,
9630,olympus,rf_clicks,3+6 clicks,0,0.1089646144797733,10,0,540,10,540,0.2850084346125829,,
9630,olympus,dino_multi,3+6 clicks,0,0.25016408350284725,10,1,178,9,179,0.49205267722767015,0.4898209589455118,0.4297339158196552
9630,olympus,dino_clicks,3+6 clicks,1,0.5088908799497791,10,6,93,4,99,0.6308071170093991,,
9630,olympus,sam,3+6 clicks,1,0.1254309990137818,10,0,193,10,193,0.5112512837963884,,
9630,olympus,microsam,3+6 clicks,1,0.23303330687185014,10,2,135,8,137,0.7200727372628026,,
9630,olympus,rf_clicks,3+6 clicks,1,0.19759229492056302,10,2,32,8,34,0.7796683746637623,,
9630,olympus,dino_multi,3+6 clicks,1,0.08717169080059128,10,0,242,10,242,0.530075613831384,0.3323141813485096,0.4500983397307854
9630,olympus,dino_clicks,3+6 clicks,2,0.41725200343074287,10,2,72,8,74,0.5655302518738605,,
9630,olympus,sam,3+6 clicks,2,0.20396684551553004,10,2,91,8,93,0.32646244560997956,,
9630,olympus,microsam,3+6 clicks,2,0.08010230083760535,10,0,17,10,17,0.5010926641326525,,
9630,olympus,rf_clicks,3+6 clicks,2,0.4110943439478573,10,2,76,8,78,0.5619699515354145,,
9630,olympus,dino_multi,3+6 clicks,2,0.1427772545068835,10,0,212,10,212,0.5040230444567888,0.26861188797416,0.48037471180009833
9630,olympus,dino_clicks,10+20 clicks,0,0.6040024527446499,10,5,114,5,119,0.8445540844366725,,
9630,olympus,sam,10+20 clicks,0,0.5230593072150655,10,5,228,5,233,0.7616395565470984,,
9630,olympus,microsam,10+20 clicks,0,0.06729061302048533,10,0,47,10,47,0.8066283459860794,,
9630,olympus,rf_clicks,10+20 clicks,0,0.26435430567165463,10,1,693,9,694,0.5251379659630421,,
9630,olympus,dino_multi,10+20 clicks,0,0.290044814971574,10,0,206,10,206,0.7120498308407374,0.7896284951584853,0.5699133758102087
9630,olympus,dino_clicks,10+20 clicks,1,0.6327752823232676,10,8,126,2,134,0.7741128512447084,,
9630,olympus,sam,10+20 clicks,1,0.3324747817787168,10,2,367,8,369,0.5410300403475969,,
9630,olympus,microsam,10+20 clicks,1,0.1656827318943636,10,2,92,8,94,0.8269896338463211,,
9630,olympus,rf_clicks,10+20 clicks,1,0.3337034161798332,10,0,362,10,362,0.650142075657704,,
9630,olympus,dino_multi,10+20 clicks,1,0.25185655613519325,10,0,219,10,219,0.7525458379683118,0.7808327567548389,0.4672953769714623
9630,olympus,dino_clicks,10+20 clicks,2,0.5743215242344899,10,6,134,4,140,0.7464773960216998,,
9630,olympus,sam,10+20 clicks,2,0.20068419743281699,10,0,241,10,241,0.5920352690540288,,
9630,olympus,microsam,10+20 clicks,2,0.08241669466634063,10,0,98,10,98,0.7908140115573946,,
9630,olympus,rf_clicks,10+20 clicks,2,0.26195068779119196,10,1,648,9,649,0.559820035466548,,
9630,olympus,dino_multi,10+20 clicks,2,0.2592721896004392,10,1,196,9,197,0.7141125465485798,0.6769277013252766,0.4935887679780839
9686,olympus,otsu,no input,0,0.418539332248679,3,1,174,2,175,0.597439131827647,,
9686,olympus,dino_labels,5 labelled training images,0,0.49620921624825237,3,1,39,2,40,0.9101095885652756,,
9686,olympus,dino_clicks,3+6 clicks,0,0.7911000429437868,3,3,183,0,186,0.892061946040713,,
9686,olympus,sam,3+6 clicks,0,0.15331937109005253,3,0,102,3,102,0.346658759781863,,
9686,olympus,microsam,3+6 clicks,0,0.3869854999016404,3,1,121,2,122,0.6562123956578464,,
9686,olympus,rf_clicks,3+6 clicks,0,0.12009040705266139,3,0,132,3,132,0.7887656505171475,,
9686,olympus,dino_multi,3+6 clicks,0,0.36031688979292814,3,0,243,3,243,0.7757487158594355,0.5765452029520295,0.5217677964355619
9686,olympus,dino_clicks,3+6 clicks,1,0.3349429406164974,3,0,88,3,88,0.7120286516382358,,
9686,olympus,sam,3+6 clicks,1,0.2575262650388127,3,1,90,2,91,0.6549522995622373,,
9686,olympus,microsam,3+6 clicks,1,0.3155729401742698,3,0,204,3,204,0.634108805050695,,
9686,olympus,rf_clicks,3+6 clicks,1,0.2784327263586159,3,0,361,3,361,0.7117113940120605,,
9686,olympus,dino_multi,3+6 clicks,1,0.09042671024992789,3,0,253,3,253,0.7318658346010949,0.30506507995537374,0.5414105432350833
9686,olympus,dino_clicks,3+6 clicks,2,0.6266565382182282,3,2,153,1,155,0.8516830568306505,,
9686,olympus,sam,3+6 clicks,2,0.19295963201892044,3,0,150,3,150,0.7348220928447431,,
9686,olympus,microsam,3+6 clicks,2,0.5670479901653328,3,1,34,2,35,0.8206784281063073,,
9686,olympus,rf_clicks,3+6 clicks,2,0.33407348601174397,3,0,328,3,328,0.6718703344281876,,
9686,olympus,dino_multi,3+6 clicks,2,0.12952372166631873,3,0,338,3,338,0.4914436393306208,0.3970884531343114,0.4390517211191652
9686,olympus,dino_clicks,10+20 clicks,0,0.2180351518650642,3,0,116,3,116,0.8726507388908913,,
9686,olympus,sam,10+20 clicks,0,0.30056619519453526,3,0,366,3,366,0.8329258116120004,,
9686,olympus,microsam,10+20 clicks,0,0.7233401004898278,3,2,40,1,42,0.916022817048513,,
9686,olympus,rf_clicks,10+20 clicks,0,0.24038778792947882,3,0,354,3,354,0.6689536736937909,,
9686,olympus,dino_multi,10+20 clicks,0,0.5656632559934983,3,1,162,2,163,0.8046963593669461,0.7809974495283164,0.5328946900957104
9686,olympus,dino_clicks,10+20 clicks,1,0.4881108473219323,3,2,80,1,82,0.7860684293198311,,
9686,olympus,sam,10+20 clicks,1,0.660713816703875,3,2,123,1,125,0.83989510052866,,
9686,olympus,microsam,10+20 clicks,1,0.6113175035301076,3,1,19,2,20,0.921172413559712,,
9686,olympus,rf_clicks,10+20 clicks,1,0.32555023500811986,3,0,229,3,229,0.6652069332745768,,
9686,olympus,dino_multi,10+20 clicks,1,0.4571673841026352,3,1,147,2,148,0.8156677448913128,0.8894868862384792,0.6752605124433002
9686,olympus,dino_clicks,10+20 clicks,2,0.7785902270280015,3,3,118,0,121,0.8692834167694503,,
9686,olympus,sam,10+20 clicks,2,0.4995428466973926,3,1,332,2,333,0.7731477430900775,,
9686,olympus,microsam,10+20 clicks,2,0.7234211665667631,3,2,42,1,44,0.9135222209050146,,
9686,olympus,rf_clicks,10+20 clicks,2,0.31625224321477047,3,0,169,3,169,0.6467501380961149,,
9686,olympus,dino_multi,10+20 clicks,2,0.37222040746516183,3,0,222,3,222,0.8319989857217969,0.7085123110052753,0.6612594920896832
9692,olympus,otsu,no input,0,0.49156772053046155,3,1,311,2,312,0.6365251314918666,,
9692,olympus,dino_labels,5 labelled training images,0,0.19539886424642247,3,0,50,3,50,0.7470081141485649,,
9692,olympus,dino_clicks,3+6 clicks,0,0.3707436893582177,3,0,74,3,74,0.6253627166496746,,
9692,olympus,sam,3+6 clicks,0,0.6821298227811349,3,2,158,1,160,0.8252435095801259,,
9692,olympus,microsam,3+6 clicks,0,0.3472705303607415,3,0,44,3,44,0.8113338621549316,,
9692,olympus,rf_clicks,3+6 clicks,0,0.20093961304139288,3,0,489,3,489,0.37744570432112673,,
9692,olympus,dino_multi,3+6 clicks,0,0.28392397321960877,3,0,90,3,90,0.48537560399068375,0.29340247088170013,0.5785183487740203
9692,olympus,dino_clicks,3+6 clicks,1,0.5566162564235734,3,2,101,1,103,0.7141227818662589,,
9692,olympus,sam,3+6 clicks,1,0.23133761792457416,3,1,142,2,143,0.42764604772305914,,
9692,olympus,microsam,3+6 clicks,1,0.10947849179765523,3,0,21,3,21,0.8558481609019717,,
9692,olympus,rf_clicks,3+6 clicks,1,0.1829963896478022,3,0,117,3,117,0.7691533948030176,,
9692,olympus,dino_multi,3+6 clicks,1,0.16551902987140701,3,0,269,3,269,0.36013198554444037,0.36493019718615893,0.3160307716217266
9692,olympus,dino_clicks,3+6 clicks,2,0.4837238188064908,3,1,58,2,59,0.7747542829745837,,
9692,olympus,sam,3+6 clicks,2,0.27397798419719155,3,0,145,3,145,0.5523383156425253,,
9692,olympus,microsam,3+6 clicks,2,0.21178903069094293,3,0,40,3,40,0.751859000727779,,
9692,olympus,rf_clicks,3+6 clicks,2,0.1038347292938769,3,0,829,3,829,0.3756779902940337,,
9692,olympus,dino_multi,3+6 clicks,2,0.14966190672179905,3,0,171,3,171,0.4811460675693225,0.07731821804977415,0.6476346655734099
9692,olympus,dino_clicks,10+20 clicks,0,0.45069724888353496,3,1,134,2,135,0.8121853552923372,,
9692,olympus,sam,10+20 clicks,0,0.36192138437819404,3,0,221,3,221,0.5854335893967115,,
9692,olympus,microsam,10+20 clicks,0,0.38573339920424593,3,1,37,2,38,0.8449267928514477,,
9692,olympus,rf_clicks,10+20 clicks,0,0.20994494455504917,3,0,429,3,429,0.8025989560678556,,
9692,olympus,dino_multi,10+20 clicks,0,0.21970868344262354,3,0,147,3,147,0.7680903967548919,0.9026298268974701,0.6075264462408269
9692,olympus,dino_clicks,10+20 clicks,1,0.18792601504444414,3,0,92,3,92,0.751333688624753,,
9692,olympus,sam,10+20 clicks,1,0.25561219291926474,3,0,371,3,371,0.6833907964717271,,
9692,olympus,microsam,10+20 clicks,1,0.20728831134265802,3,0,16,3,16,0.7657989217904132,,
9692,olympus,rf_clicks,10+20 clicks,1,0.21613646655603233,3,0,214,3,214,0.8237697432298626,,
9692,olympus,dino_multi,10+20 clicks,1,0.21525849025673435,3,0,170,3,170,0.7979947665094118,0.8253215132975402,0.6163777932301459
9692,olympus,dino_clicks,10+20 clicks,2,0.5368682738747488,3,1,119,2,120,0.8032935255292377,,
9692,olympus,sam,10+20 clicks,2,0.8427073848723374,3,3,164,0,167,0.9064617970627216,,
9692,olympus,microsam,10+20 clicks,2,0.40718654871205295,3,1,35,2,36,0.8670571775594607,,
9692,olympus,rf_clicks,10+20 clicks,2,0.18797121334892486,3,0,236,3,236,0.7482163102802752,,
9692,olympus,dino_multi,10+20 clicks,2,0.19735304562475056,3,0,121,3,121,0.7591405543464218,0.7937854648625055,0.587573694693982
9694,olympus,otsu,no input,0,0.32523662952129334,6,1,289,5,290,0.7068101252192541,,
9694,olympus,dino_labels,5 labelled training images,0,0.4437141557144222,6,2,35,4,37,0.7145214231802145,,
9694,olympus,dino_clicks,3+6 clicks,0,0.16961630176031892,6,0,81,6,81,0.847308384180983,,
9694,olympus,sam,3+6 clicks,0,0.13015241765317026,6,0,118,6,118,0.769079681971668,,
9694,olympus,microsam,3+6 clicks,0,0.13282524861285971,6,0,45,6,45,0.6468985165254176,,
9694,olympus,rf_clicks,3+6 clicks,0,0.0591639569935761,6,0,48,6,48,0.819343619632434,,
9694,olympus,dino_multi,3+6 clicks,0,0.050841811316826274,6,0,35,6,35,0.8317880088288628,0.8743442734842723,0.59111777668952
9694,olympus,dino_clicks,3+6 clicks,1,0.414937681955091,6,2,98,4,100,0.7496880983586751,,
9694,olympus,sam,3+6 clicks,1,0.10968525507761018,6,0,128,6,128,0.41969659188170994,,
9694,olympus,microsam,3+6 clicks,1,0.04977947188630144,6,0,112,6,112,0.666462196506876,,
9694,olympus,rf_clicks,3+6 clicks,1,0.060232045919644206,6,0,298,6,298,0.7313675497067331,,
9694,olympus,dino_multi,3+6 clicks,1,0.18344052497846344,6,0,186,6,186,0.3598267775575942,0.5196295319085601,0.1070021784555195
9694,olympus,dino_clicks,3+6 clicks,2,0.15055913477008698,6,0,117,6,117,0.802669397024511,,
9694,olympus,sam,3+6 clicks,2,0.30397501203693705,6,0,219,6,219,0.6600168859173731,,
9694,olympus,microsam,3+6 clicks,2,0.06091302075721364,6,0,64,6,64,0.8643775411305021,,
9694,olympus,rf_clicks,3+6 clicks,2,0.24995734958404592,6,1,39,5,40,0.7387546676870703,,
9694,olympus,dino_multi,3+6 clicks,2,0.18538290962784132,6,0,176,6,176,0.5689539354267011,0.2914350786959178,0.5794917911144527
9694,olympus,dino_clicks,10+20 clicks,0,0.18078619935017215,6,0,64,6,64,0.821424174828515,,
9694,olympus,sam,10+20 clicks,0,0.21593442880981548,6,0,177,6,177,0.6334412446286959,,
9694,olympus,microsam,10+20 clicks,0,0.12505559771585198,6,0,46,6,46,0.9057014070519543,,
9694,olympus,rf_clicks,10+20 clicks,0,0.333969239627828,6,1,143,5,144,0.83438554346287,,
9694,olympus,dino_multi,10+20 clicks,0,0.12478512399611198,6,0,104,6,104,0.8384823025777262,0.8169491525423729,0.5808330494462124
9694,olympus,dino_clicks,10+20 clicks,1,0.23002854491486682,6,1,67,5,68,0.8396786044693307,,
9694,olympus,sam,10+20 clicks,1,0.2360737988006788,6,0,174,6,174,0.7196615318808233,,
9694,olympus,microsam,10+20 clicks,1,0.06518115316601163,6,0,126,6,126,0.85854897390964,,
9694,olympus,rf_clicks,10+20 clicks,1,0.06211950548442371,6,0,90,6,90,0.8460477146119512,,
9694,olympus,dino_multi,10+20 clicks,1,0.15598845817067902,6,0,111,6,111,0.8487757080887982,0.8022010617422917,0.5538631397354802
9694,olympus,dino_clicks,10+20 clicks,2,0.21234081413533246,6,1,38,5,39,0.8588163822555324,,
9694,olympus,sam,10+20 clicks,2,0.26130328983748924,6,0,192,6,192,0.7329928175862952,,
9694,olympus,microsam,10+20 clicks,2,0.13069136899849687,6,0,31,6,31,0.8575624762557796,,
9694,olympus,rf_clicks,10+20 clicks,2,0.15769420811965737,6,0,150,6,150,0.8257060417108452,,
9694,olympus,dino_multi,10+20 clicks,2,0.19809011757759207,6,0,91,6,91,0.8266296519612769,0.8595130390391242,0.672911540429264
9706,olympus,otsu,no input,0,0.44888732974184303,6,3,349,3,352,0.6976359089382119,,
9706,olympus,dino_labels,5 labelled training images,0,0.546482358903555,6,4,31,2,35,0.8402452066989705,,
9706,olympus,dino_clicks,3+6 clicks,0,0.5544207395460626,6,3,57,3,60,0.8240344415687836,,
9706,olympus,sam,3+6 clicks,0,0.24399024526969929,6,1,88,5,89,0.5183517533087734,,
9706,olympus,microsam,3+6 clicks,0,0.11499699715073565,6,0,170,6,170,0.8042561385091382,,
9706,olympus,rf_clicks,3+6 clicks,0,0.4080260438376963,6,2,266,4,268,0.6202169989477572,,
9706,olympus,dino_multi,3+6 clicks,0,0.33065620264495615,6,1,114,5,115,0.7216730490435828,0.42742318417667424,0.5365744700556231
9706,olympus,dino_clicks,3+6 clicks,1,0.45041643580365753,6,1,89,5,90,0.6406605449117636,,
9706,olympus,sam,3+6 clicks,1,0.39743435128854365,6,4,90,2,94,0.5427367090374031,,
9706,olympus,microsam,3+6 clicks,1,0.1820246312268308,6,1,121,5,122,0.8435774138259379,,
9706,olympus,rf_clicks,3+6 clicks,1,0.28577493875192567,6,0,83,6,83,0.4236906100927832,,
9706,olympus,dino_multi,3+6 clicks,1,0.5903635795594865,6,4,75,2,79,0.7676823619778531,0.7350874067034904,0.3900404815088701
9706,olympus,dino_clicks,3+6 clicks,2,0.14783856830965514,6,0,91,6,91,0.825157124885607,,
9706,olympus,sam,3+6 clicks,2,0.12648820953830361,6,0,92,6,92,0.2975749301085755,,
9706,olympus,microsam,3+6 clicks,2,0.36670060002512067,6,2,102,4,104,0.7854877225143518,,
9706,olympus,rf_clicks,3+6 clicks,2,0.29375051859825524,6,2,182,4,184,0.7146945964647418,,
9706,olympus,dino_multi,3+6 clicks,2,0.03627071878680232,6,0,84,6,84,0.6787334355377281,0.14051387461459403,0.5860265702000093
9706,olympus,dino_clicks,10+20 clicks,0,0.5396833343012485,6,4,92,2,96,0.7385491536906287,,
9706,olympus,sam,10+20 clicks,0,0.5791612497676183,6,4,228,2,232,0.7652098155945986,,
9706,olympus,microsam,10+20 clicks,0,0.0901947565205415,6,0,119,6,119,0.7764705882352941,,
9706,olympus,rf_clicks,10+20 clicks,0,0.26374238189336646,6,0,786,6,786,0.564767611722267,,
9706,olympus,dino_multi,10+20 clicks,0,0.31453695134204296,6,1,185,5,186,0.773378007006734,0.845919065735197,0.6035855740682108
9706,olympus,dino_clicks,10+20 clicks,1,0.6052846635577952,6,5,64,1,69,0.7763151651539697,,
9706,olympus,sam,10+20 clicks,1,0.5508274149120604,6,3,130,3,133,0.7240587975449547,,
9706,olympus,microsam,10+20 clicks,1,0.06673628518242276,6,0,117,6,117,0.8485832444432345,,
9706,olympus,rf_clicks,10+20 clicks,1,0.4644882816222114,6,2,343,4,345,0.7315134446245103,,
9706,olympus,dino_multi,10+20 clicks,1,0.604551049270932,6,3,167,3,170,0.8503622110041639,0.8134905245740582,0.6215890829439562
9706,olympus,dino_clicks,10+20 clicks,2,0.5986251105734465,6,5,66,1,71,0.7439301827303291,,
9706,olympus,sam,10+20 clicks,2,0.20559345870064102,6,0,333,6,333,0.5484293010564613,,
9706,olympus,microsam,10+20 clicks,2,0.038515651700612406,6,0,150,6,150,0.8302347488248499,,
9706,olympus,rf_clicks,10+20 clicks,2,0.5215688790511174,6,3,648,3,651,0.7301733559766617,,
9706,olympus,dino_multi,10+20 clicks,2,0.20439052657629275,6,0,182,6,182,0.8200268207191337,0.8203781638550172,0.6406949120429073
9710,olympus,otsu,no input,0,0.425357675617467,5,2,340,3,342,0.6627932410160041,,
9710,olympus,dino_labels,5 labelled training images,0,0.5786829212825608,5,3,14,2,17,0.8750353829638373,,
9710,olympus,dino_clicks,3+6 clicks,0,0.5844772912403047,5,3,46,2,49,0.7773318915918329,,
9710,olympus,sam,3+6 clicks,0,0.6286700540874149,5,4,182,1,186,0.8819897084048027,,
9710,olympus,microsam,3+6 clicks,0,0.2505234455551525,5,0,97,5,97,0.780466135428339,,
9710,olympus,rf_clicks,3+6 clicks,0,0.35634940751532684,5,1,69,4,70,0.7317049985181706,,
9710,olympus,dino_multi,3+6 clicks,0,0.6245665126453318,5,5,52,0,57,0.8640524013321836,0.6925755224618045,0.639994144846173
9710,olympus,dino_clicks,3+6 clicks,1,0.35390248865283536,5,1,49,4,50,0.8286624963410271,,
9710,olympus,sam,3+6 clicks,1,0.1252213267903367,5,0,112,5,112,0.6604029618239143,,
9710,olympus,microsam,3+6 clicks,1,0.3513568901902313,5,2,11,3,13,0.7303655035931391,,
9710,olympus,rf_clicks,3+6 clicks,1,0.34191578038739745,5,1,383,4,384,0.7426875543669998,,
9710,olympus,dino_multi,3+6 clicks,1,0.36759823672953545,5,1,48,4,49,0.9014589730220343,0.8207255343082115,0.7173345832356847
9710,olympus,dino_clicks,3+6 clicks,2,0.2196266898354844,5,0,52,5,52,0.9024728062682194,,
9710,olympus,sam,3+6 clicks,2,0.06549112789462024,5,0,216,5,216,0.6945832952203647,,
9710,olympus,microsam,3+6 clicks,2,0.24186360393381606,5,0,11,5,11,0.8548022150074184,,
9710,olympus,rf_clicks,3+6 clicks,2,0.18992550084872342,5,0,57,5,57,0.8591186959330707,,
9710,olympus,dino_multi,3+6 clicks,2,0.2555857794794677,5,1,95,4,96,0.7353180413209696,0.722760329514738,0.6346733988935573
9710,olympus,dino_clicks,10+20 clicks,0,0.6720475929560172,5,3,38,2,41,0.8038814343112728,,
9710,olympus,sam,10+20 clicks,0,0.4704246429855023,5,2,361,3,363,0.9077788204826026,,
9710,olympus,microsam,10+20 clicks,0,0.4237896631939996,5,1,5,4,6,0.9329070220704249,,
9710,olympus,rf_clicks,10+20 clicks,0,0.4902743091760954,5,2,50,3,52,0.6628319301022666,,
9710,olympus,dino_multi,10+20 clicks,0,0.38489814536959177,5,1,40,4,41,0.8981617936021379,0.7583879981021096,0.679102329383859
9710,olympus,dino_clicks,10+20 clicks,1,0.6809896519080713,5,4,45,1,49,0.8213711642182258,,
9710,olympus,sam,10+20 clicks,1,0.2075185867480882,5,0,245,5,245,0.7662725286937372,,
9710,olympus,microsam,10+20 clicks,1,0.4116145467157633,5,2,33,3,35,0.9298478096919318,,
9710,olympus,rf_clicks,10+20 clicks,1,0.2624176505865467,5,0,57,5,57,0.7501382651593921,,
9710,olympus,dino_multi,10+20 clicks,1,0.23557616938700926,5,0,40,5,40,0.8892138244487853,0.9188277647950484,0.7498844881438631
9710,olympus,dino_clicks,10+20 clicks,2,0.3928750473896399,5,1,35,4,36,0.9154215854206114,,
9710,olympus,sam,10+20 clicks,2,0.1516196101585976,5,1,327,4,328,0.8424178446851478,,
9710,olympus,microsam,10+20 clicks,2,0.13950114406282377,5,0,47,5,47,0.9109226110962686,,
9710,olympus,rf_clicks,10+20 clicks,2,0.19350161073583907,5,0,26,5,26,0.836241072765113,,
9710,olympus,dino_multi,10+20 clicks,2,0.0971190952437661,5,0,73,5,73,0.8645401989925022,0.8789280127343085,0.7293410117857569
9714,olympus,otsu,no input,0,0.37252171841363035,11,2,155,9,157,0.6481961989513453,,
9714,olympus,dino_labels,5 labelled training images,0,0.35505290963952313,11,2,49,9,51,0.6511672044031126,,
9714,olympus,dino_clicks,3+6 clicks,0,0.08639746127315034,11,0,89,11,89,0.2684763327420409,,
9714,olympus,sam,3+6 clicks,0,0.028840432911543677,11,0,155,11,155,0.5659754753375585,,
9714,olympus,microsam,3+6 clicks,0,0.07220121089133918,11,0,43,11,43,0.6617632122735322,,
9714,olympus,rf_clicks,3+6 clicks,0,0.04721168811944114,11,0,217,11,217,0.48389234956590527,,
9714,olympus,dino_multi,3+6 clicks,0,0.23634478952351753,11,1,121,10,122,0.4104029542150835,0.06496032848805884,0.07850577421635635
9714,olympus,dino_clicks,3+6 clicks,1,0.27460100694817535,11,1,96,10,97,0.49869248651529513,,
9714,olympus,sam,3+6 clicks,1,0.2748931441600407,11,2,107,9,109,0.49727439368609644,,
9714,olympus,microsam,3+6 clicks,1,0.0697876291043324,11,0,61,11,61,0.48512918106033964,,
9714,olympus,rf_clicks,3+6 clicks,1,0.344888741956446,11,2,91,9,93,0.5042703968056539,,
9714,olympus,dino_multi,3+6 clicks,1,0.16613684445298024,11,1,115,10,116,0.280358782399887,0.15802452642184778,0.35769734438437256
9714,olympus,dino_clicks,3+6 clicks,2,0.1023309230064692,11,1,74,10,75,0.8428050102049803,,
9714,olympus,sam,3+6 clicks,2,0.029845699835715958,11,0,218,11,218,0.830473992129803,,
9714,olympus,microsam,3+6 clicks,2,0.07896571547190509,11,0,63,11,63,0.8079068371518852,,
9714,olympus,rf_clicks,3+6 clicks,2,0.07797003999036024,11,1,42,10,43,0.8376493341554287,,
9714,olympus,dino_multi,3+6 clicks,2,0.04116091536644791,11,0,139,11,139,0.5545412183343218,0.4094015594278798,0.40747669829540684
9714,olympus,dino_clicks,10+20 clicks,0,0.07968545590275465,11,0,83,11,83,0.7998148875301508,,
9714,olympus,sam,10+20 clicks,0,0.12167741488631165,11,0,438,11,438,0.5179677727363567,,
9714,olympus,microsam,10+20 clicks,0,0.15738699593998975,11,1,40,10,41,0.8528798798449161,,
9714,olympus,rf_clicks,10+20 clicks,0,0.15660368544419817,11,0,184,11,184,0.6346235583381008,,
9714,olympus,dino_multi,10+20 clicks,0,0.29984252065189754,11,1,103,10,104,0.7100663970083188,0.8469101259729056,0.3222749619298491
9714,olympus,dino_clicks,10+20 clicks,1,0.4284638695657272,11,3,64,8,67,0.621628765259273,,
9714,olympus,sam,10+20 clicks,1,0.39459695064811756,11,2,343,9,345,0.5096632763261819,,
9714,olympus,microsam,10+20 clicks,1,0.05071569551691375,11,0,114,11,114,0.7765980364093499,,
9714,olympus,rf_clicks,10+20 clicks,1,0.4121938483216677,11,2,276,9,278,0.6166791403414112,,
9714,olympus,dino_multi,10+20 clicks,1,0.38685979069443016,11,2,223,9,225,0.6518655487266658,0.7552636620268126,0.4423866171863259
9714,olympus,dino_clicks,10+20 clicks,2,0.19051947155330629,11,2,114,9,116,0.8128155746474898,,
9714,olympus,sam,10+20 clicks,2,0.0770844148256037,11,0,434,11,434,0.29504185827143026,,
9714,olympus,microsam,10+20 clicks,2,0.2135307083879643,11,1,57,10,58,0.8155387847243032,,
9714,olympus,rf_clicks,10+20 clicks,2,0.23449602585596352,11,1,799,10,800,0.4758479213990994,,
9714,olympus,dino_multi,10+20 clicks,2,0.23246583449911196,11,1,177,10,178,0.7343376457684826,0.7381851941277091,0.5489034989638774
9719,olympus,otsu,no input,0,0.4245757709854986,2,0,79,2,79,0.5826112048687927,,
9719,olympus,dino_labels,5 labelled training images,0,0.48392321589720866,2,1,29,1,30,0.7640400108295589,,
9719,olympus,dino_clicks,3+6 clicks,0,0.3993307433867327,2,0,65,2,65,0.5684308446408286,,
9719,olympus,sam,3+6 clicks,0,0.5623799764177542,2,1,20,1,21,0.7340072734263605,,
9719,olympus,microsam,3+6 clicks,0,0.6377580183605988,2,1,17,1,18,0.783686781546436,,
9719,olympus,rf_clicks,3+6 clicks,0,0.17815606394325592,2,0,138,2,138,0.8713135761469877,,
9719,olympus,dino_multi,3+6 clicks,0,0.20614862173756682,2,0,88,2,88,0.6315350206089713,0.2631410427450771,0.7643981181051266
9719,olympus,dino_clicks,3+6 clicks,1,0.07489687809559188,2,0,106,2,106,0.8082829611533924,,
9719,olympus,sam,3+6 clicks,1,0.17461269810845037,2,0,122,2,122,0.7421466135255244,,
9719,olympus,microsam,3+6 clicks,1,0.24172210107811617,2,0,21,2,21,0.8591550137087766,,
9719,olympus,rf_clicks,3+6 clicks,1,0.09703289537558776,2,0,144,2,144,0.7463904217897828,,
9719,olympus,dino_multi,3+6 clicks,1,0.1096890512721706,2,0,195,2,195,0.7089758054406419,0.47560405962036606,0.38071094842384073
9719,olympus,dino_clicks,3+6 clicks,2,0.15743907820195557,2,0,37,2,37,0.8452447874887097,,
9719,olympus,sam,3+6 clicks,2,0.3517038054781015,2,1,48,1,49,0.7523092377060943,,
9719,olympus,microsam,3+6 clicks,2,0.18646949567534354,2,0,38,2,38,0.8658142129191029,,
9719,olympus,rf_clicks,3+6 clicks,2,0.4528613861394641,2,0,104,2,104,0.6367459795291198,,
9719,olympus,dino_multi,3+6 clicks,2,0.21498212115661458,2,0,184,2,184,0.5562328332109835,0.4478300137852355,0.604657659488013
9719,olympus,dino_clicks,10+20 clicks,0,0.6043739869997157,2,1,81,1,82,0.8476886685287396,,
9719,olympus,sam,10+20 clicks,0,0.4753854396153436,2,1,150,1,151,0.8252733025471313,,
9719,olympus,microsam,10+20 clicks,0,0.3310908352642623,2,0,20,2,20,0.903584790638186,,
9719,olympus,rf_clicks,10+20 clicks,0,0.15376703914262463,2,0,249,2,249,0.6249342120766989,,
9719,olympus,dino_multi,10+20 clicks,0,0.3261914534154552,2,0,127,2,127,0.8099036964053015,0.7968036529680366,0.7460145364012368
9719,olympus,dino_clicks,10+20 clicks,1,0.15541450065254286,2,0,70,2,70,0.7964130672034535,,
9719,olympus,sam,10+20 clicks,1,0.10547486880098701,2,0,201,2,201,0.6749870303120137,,
9719,olympus,microsam,10+20 clicks,1,0.2614838929560681,2,0,28,2,28,0.8932355811683785,,
9719,olympus,rf_clicks,10+20 clicks,1,0.3381421724239313,2,1,51,1,52,0.8336163298095708,,
9719,olympus,dino_multi,10+20 clicks,1,0.123721145188992,2,0,114,2,114,0.7564907399356577,0.8537153144205103,0.5345192714951292
9719,olympus,dino_clicks,10+20 clicks,2,0.2915900903762293,2,0,87,2,87,0.7038261964553224,,
9719,olympus,sam,10+20 clicks,2,0.5895351508708637,2,1,134,1,135,0.7520704604155397,,
9719,olympus,microsam,10+20 clicks,2,0.29765183644087934,2,0,9,2,9,0.8966588212457235,,
9719,olympus,rf_clicks,10+20 clicks,2,0.5219351033237233,2,2,220,0,222,0.816845032442909,,
9719,olympus,dino_multi,10+20 clicks,2,0.3679881486847796,2,0,120,2,120,0.8262318078204454,0.8994138981131498,0.7288015043307969
9726,olympus,otsu,no input,0,0.41986493748847414,5,0,188,5,188,0.5968475304476459,,
9726,olympus,dino_labels,5 labelled training images,0,0.5427511357324672,5,3,19,2,22,0.8682342693321974,,
9726,olympus,dino_clicks,3+6 clicks,0,0.5069095832780836,5,2,61,3,63,0.7352188213720557,,
9726,olympus,sam,3+6 clicks,0,0.24041552107276792,5,1,102,4,103,0.5540387376268796,,
9726,olympus,microsam,3+6 clicks,0,0.27935995386306034,5,1,26,4,27,0.7515508910479555,,
9726,olympus,rf_clicks,3+6 clicks,0,0.28521776370533486,5,0,168,5,168,0.7943602215523226,,
9726,olympus,dino_multi,3+6 clicks,0,0.24630278128987743,5,0,102,5,102,0.7942380571300075,0.777205388684265,0.6236082350469674
9726,olympus,dino_clicks,3+6 clicks,1,0.5979060849764555,5,3,23,2,26,0.7420452457919658,,
9726,olympus,sam,3+6 clicks,1,0.27712147774360546,5,1,77,4,78,0.7155790174432839,,
9726,olympus,microsam,3+6 clicks,1,0.4436797791134849,5,3,35,2,38,0.727380559061046,,
9726,olympus,rf_clicks,3+6 clicks,1,0.2942453216565557,5,0,208,5,208,0.665498974709501,,
9726,olympus,dino_multi,3+6 clicks,1,0.13610034219909728,5,0,227,5,227,0.4468906023811634,0.49234681936621366,0.3884239820803475
9726,olympus,dino_clicks,3+6 clicks,2,0.439464106725448,5,2,41,3,43,0.6350900639503871,,
9726,olympus,sam,3+6 clicks,2,0.18634194295670675,5,0,60,5,60,0.5474850948021592,,
9726,olympus,microsam,3+6 clicks,2,0.3153993837083564,5,2,19,3,21,0.6348648028656969,,
9726,olympus,rf_clicks,3+6 clicks,2,0.07313467132017579,5,0,71,5,71,0.8022574012050249,,
9726,olympus,dino_multi,3+6 clicks,2,0.21077791557444386,5,0,189,5,189,0.5159257206996007,0.2343657454233983,0.6216477726464164
9726,olympus,dino_clicks,10+20 clicks,0,0.735603094596093,5,5,56,0,61,0.8373547318761912,,
9726,olympus,sam,10+20 clicks,0,0.2235573729440777,5,0,360,5,360,0.6840581168626958,,
9726,olympus,microsam,10+20 clicks,0,0.49068981565877784,5,2,61,3,63,0.9111943874587881,,
9726,olympus,rf_clicks,10+20 clicks,0,0.36076143319048193,5,0,212,5,212,0.6869743476092859,,
9726,olympus,dino_multi,10+20 clicks,0,0.48971469885764485,5,1,157,4,158,0.8607383829307561,0.9017632241813602,0.7285483329774578
9726,olympus,dino_clicks,10+20 clicks,1,0.7505232552656101,5,5,61,0,66,0.8507173284536154,,
9726,olympus,sam,10+20 clicks,1,0.30654300935869944,5,0,309,5,309,0.7197068373787626,,
9726,olympus,microsam,10+20 clicks,1,0.6144709473307162,5,3,44,2,47,0.9146206646021648,,
9726,olympus,rf_clicks,10+20 clicks,1,0.08723196208862943,5,0,67,5,67,0.8340930076102883,,
9726,olympus,dino_multi,10+20 clicks,1,0.08610554826924763,5,0,90,5,90,0.8759883555604654,0.8973005258161884,0.7479308445423692
9726,olympus,dino_clicks,10+20 clicks,2,0.4062625460261307,5,1,81,4,82,0.8169281145849286,,
9726,olympus,sam,10+20 clicks,2,0.28114379671761125,5,2,415,3,417,0.699781395495486,,
9726,olympus,microsam,10+20 clicks,2,0.1040322806651591,5,0,44,5,44,0.8770768411744134,,
9726,olympus,rf_clicks,10+20 clicks,2,0.14307072997548434,5,0,81,5,81,0.7774310239849095,,
9726,olympus,dino_multi,10+20 clicks,2,0.49048507676254366,5,2,99,3,101,0.8764090140743218,0.8606672840025816,0.7724424888803865
9727,olympus,otsu,no input,0,0.5215273968139374,5,3,197,2,200,0.6863218580913452,,
9727,olympus,dino_labels,5 labelled training images,0,0.3581075002660997,5,1,23,4,24,0.8385762374809772,,
9727,olympus,dino_clicks,3+6 clicks,0,0.6439740472001934,5,3,93,2,96,0.8913220804546679,,
9727,olympus,sam,3+6 clicks,0,0.3990017624576509,5,2,332,3,334,0.8816638531910259,,
9727,olympus,microsam,3+6 clicks,0,0.05566573593898431,5,0,118,5,118,0.8911234917246804,,
9727,olympus,rf_clicks,3+6 clicks,0,0.49009478147174584,5,1,37,4,38,0.8982025251568473,,
9727,olympus,dino_multi,3+6 clicks,0,0.43586971007061476,5,1,88,4,89,0.7523279418505664,0.4354853692522062,0.5210993198832454
9727,olympus,dino_clicks,3+6 clicks,1,0.18756833281383228,5,0,158,5,158,0.36786346651506807,,
9727,olympus,sam,3+6 clicks,1,0.2101406589758124,5,1,159,4,160,0.4812179110577537,,
9727,olympus,microsam,3+6 clicks,1,0.12286044286900873,5,0,43,5,43,0.7021311620721531,,
9727,olympus,rf_clicks,3+6 clicks,1,0.2037825665931587,5,0,183,5,183,0.4759230152013102,,
9727,olympus,dino_multi,3+6 clicks,1,0.10325245452709808,5,0,116,5,116,0.5787282629984456,0.30609313577260355,0.44947276531474734
9727,olympus,dino_clicks,3+6 clicks,2,0.28031834677588,5,2,65,3,67,0.5882958848775561,,
9727,olympus,sam,3+6 clicks,2,0.36849027901526477,5,2,47,3,49,0.5802474772841423,,
9727,olympus,microsam,3+6 clicks,2,0.12602437502852884,5,0,21,5,21,0.701647232234755,,
9727,olympus,rf_clicks,3+6 clicks,2,0.3317144593192804,5,0,187,5,187,0.7479555049367598,,
9727,olympus,dino_multi,3+6 clicks,2,0.37421419956625723,5,1,118,4,119,0.6665683860002081,0.7218113939045842,0.37648990079223466
9727,olympus,dino_clicks,10+20 clicks,0,0.3944698763040176,5,1,75,4,76,0.8867244385773131,,
9727,olympus,sam,10+20 clicks,0,0.6741193046806975,5,4,255,1,259,0.8984428397373035,,
9727,olympus,microsam,10+20 clicks,0,0.1376982114925215,5,0,160,5,160,0.8628675924843898,,
9727,olympus,rf_clicks,10+20 clicks,0,0.8108755299317885,5,4,155,1,159,0.9248653589044407,,
9727,olympus,dino_multi,10+20 clicks,0,0.7372447352626963,5,4,67,1,71,0.8725857304114282,0.8593049243276485,0.6498816404714306
9727,olympus,dino_clicks,10+20 clicks,1,0.4324814872216069,5,1,46,4,47,0.8696548289468643,,
9727,olympus,sam,10+20 clicks,1,0.061541442690269135,5,0,183,5,183,0.32218758855199775,,
9727,olympus,microsam,10+20 clicks,1,0.16200453679710392,5,0,147,5,147,0.890005963471212,,
9727,olympus,rf_clicks,10+20 clicks,1,0.3121924481910476,5,1,29,4,30,0.8666413862922389,,
9727,olympus,dino_multi,10+20 clicks,1,0.16718780449138365,5,1,87,4,88,0.8345237597087612,0.8599935998949726,0.6573273515879701
9727,olympus,dino_clicks,10+20 clicks,2,0.4221459580851996,5,1,102,4,103,0.7829484530268792,,
9727,olympus,sam,10+20 clicks,2,0.30433241487694274,5,2,208,3,210,0.5450232392756458,,
9727,olympus,microsam,10+20 clicks,2,0.07925712862000733,5,0,25,5,25,0.8018744088527338,,
9727,olympus,rf_clicks,10+20 clicks,2,0.24271716700230977,5,1,93,4,94,0.8551302871731126,,
9727,olympus,dino_multi,10+20 clicks,2,0.4493766507045076,5,3,82,2,85,0.8501051893408135,0.8083772861154873,0.6412596816238835
9757,olympus,otsu,no input,0,0.25853948201742266,5,1,177,4,178,0.8901114509454866,,
9757,olympus,dino_labels,5 labelled training images,0,0.2785810671286079,5,1,16,4,17,0.9227031343870562,,
9757,olympus,dino_clicks,3+6 clicks,0,0.2641120687541654,5,1,29,4,30,0.8977291745365346,,
9757,olympus,sam,3+6 clicks,0,0.2999327817001515,5,1,82,4,83,0.6597995726467971,,
9757,olympus,microsam,3+6 clicks,0,0.35670103608962195,5,0,22,5,22,0.817430843344241,,
9757,olympus,rf_clicks,3+6 clicks,0,0.5797357147158839,5,3,104,2,107,0.729835197912242,,
9757,olympus,dino_multi,3+6 clicks,0,0.1750531191903589,5,0,87,5,87,0.7171551288529561,0.5950823983964737,0.610408737382095
9757,olympus,dino_clicks,3+6 clicks,1,0.6322199600392963,5,4,42,1,46,0.7884885056951317,,
9757,olympus,sam,3+6 clicks,1,0.07925533819575739,5,0,192,5,192,0.8999730272703598,,
9757,olympus,microsam,3+6 clicks,1,0.522303685791069,5,1,66,4,67,0.9353177712122785,,
9757,olympus,rf_clicks,3+6 clicks,1,0.22821699021693642,5,0,155,5,155,0.8375576302887094,,
9757,olympus,dino_multi,3+6 clicks,1,0.3864879617711765,5,2,110,3,112,0.5813678326236512,0.658721456833675,0.33918510764553317
9757,olympus,dino_clicks,3+6 clicks,2,0.44349391098221086,5,3,27,2,30,0.6083483889869347,,
9757,olympus,sam,3+6 clicks,2,0.2317702967742775,5,1,37,4,38,0.40637412030513387,,
9757,olympus,microsam,3+6 clicks,2,0.348907195463077,5,1,5,4,6,0.7288232257134967,,
9757,olympus,rf_clicks,3+6 clicks,2,0.5090695300105865,5,3,18,2,21,0.6679267899128671,,
9757,olympus,dino_multi,3+6 clicks,2,0.3635325761494476,5,2,85,3,87,0.684455789942595,0.7634836427939876,0.41371372017470254
9757,olympus,dino_clicks,10+20 clicks,0,0.47902943584425434,5,2,43,3,45,0.8936156605251797,,
9757,olympus,sam,10+20 clicks,0,0.6025026516577793,5,3,188,2,191,0.9157591846960959,,
9757,olympus,microsam,10+20 clicks,0,0.5428691468576409,5,1,16,4,17,0.9524818621085812,,
9757,olympus,rf_clicks,10+20 clicks,0,0.5306277163831415,5,3,100,2,103,0.7718585990023856,,
9757,olympus,dino_multi,10+20 clicks,0,0.19157903947765315,5,0,96,5,96,0.8176191965104771,0.8906095551894564,0.6303478679922181
9757,olympus,dino_clicks,10+20 clicks,1,0.767975877909567,5,5,39,0,44,0.8849405537481343,,
9757,olympus,sam,10+20 clicks,1,0.08870455139265773,5,0,188,5,188,0.906306569133609,,
9757,olympus,microsam,10+20 clicks,1,0.5061855734551848,5,1,11,4,12,0.9299794822457614,,
9757,olympus,rf_clicks,10+20 clicks,1,0.2974219145650101,5,0,87,5,87,0.8781134804663745,,
9757,olympus,dino_multi,10+20 clicks,1,0.28405250326908443,5,1,72,4,73,0.8664073791816677,0.9020160629405015,0.6848963936573272
9757,olympus,dino_clicks,10+20 clicks,2,0.5292962032490157,5,3,56,2,59,0.7111996979799208,,
9757,olympus,sam,10+20 clicks,2,0.41888072991204606,5,2,63,3,65,0.8954509596307721,,
9757,olympus,microsam,10+20 clicks,2,0.5216671657298994,5,1,18,4,19,0.9368415589807463,,
9757,olympus,rf_clicks,10+20 clicks,2,0.09079566234520785,5,0,141,5,141,0.8848485442267513,,
9757,olympus,dino_multi,10+20 clicks,2,0.1702591245361103,5,0,126,5,126,0.7652970758821307,0.8619588643801719,0.5178029377900283
9773,olympus,otsu,no input,0,0.38425225564271753,7,1,101,6,102,0.6205859486109794,,
9773,olympus,dino_labels,5 labelled training images,0,0.17131020990790588,7,0,29,7,29,0.8646763296873902,,
9773,olympus,dino_clicks,3+6 clicks,0,0.06801700281046945,7,0,73,7,73,0.7086178126512623,,
9773,olympus,sam,3+6 clicks,0,0.08401486294872776,7,0,119,7,119,0.8257839057833786,,
9773,olympus,microsam,3+6 clicks,0,0.16003155788384252,7,0,22,7,22,0.8080570239418629,,
9773,olympus,rf_clicks,3+6 clicks,0,0.2852155637674359,7,2,94,5,96,0.7785201354911554,,
9773,olympus,dino_multi,3+6 clicks,0,0.16649429692153056,7,0,193,7,193,0.6459135888722487,0.5044804289922563,0.536316699589541
9773,olympus,dino_clicks,3+6 clicks,1,0.13382522830414703,7,0,87,7,87,0.8536135998362305,,
9773,olympus,sam,3+6 clicks,1,0.16700122709172577,7,0,211,7,211,0.6708799275231812,,
9773,olympus,microsam,3+6 clicks,1,0.14776261531356444,7,0,49,7,49,0.6660744143382844,,
9773,olympus,rf_clicks,3+6 clicks,1,0.2971217785231847,7,0,264,7,264,0.620143515556458,,
9773,olympus,dino_multi,3+6 clicks,1,0.32578812227555215,7,0,101,7,101,0.657294644236293,0.7939232876917715,0.504573962369672
9773,olympus,dino_clicks,3+6 clicks,2,0.09628500935117501,7,0,80,7,80,0.5597334008778264,,
9773,olympus,sam,3+6 clicks,2,0.06483807061370628,7,0,205,7,205,0.45874110700128384,,
9773,olympus,microsam,3+6 clicks,2,0.09799428156466418,7,0,83,7,83,0.7453328926446092,,
9773,olympus,rf_clicks,3+6 clicks,2,0.2916935853154138,7,1,43,6,44,0.7224900606268739,,
9773,olympus,dino_multi,3+6 clicks,2,0.2808049897855586,7,1,146,6,147,0.6182494225460555,0.6688469711636732,0.4590327354707114
9773,olympus,dino_clicks,10+20 clicks,0,0.1462155008990545,7,0,153,7,153,0.6207453535686792,,
9773,olympus,sam,10+20 clicks,0,0.06489069991773942,7,0,384,7,384,0.6290990602638159,,
9773,olympus,microsam,10+20 clicks,0,0.17045112341456456,7,1,25,6,26,0.9118478935277052,,
9773,olympus,rf_clicks,10+20 clicks,0,0.14135839422865407,7,0,114,7,114,0.8344574603197128,,
9773,olympus,dino_multi,10+20 clicks,0,0.3482617815750754,7,1,114,6,115,0.8506708747672603,0.8576057897437283,0.7011469249468412
9773,olympus,dino_clicks,10+20 clicks,1,0.23726413138938166,7,0,125,7,125,0.7493939145849797,,
9773,olympus,sam,10+20 clicks,1,0.3376296872571687,7,2,195,5,197,0.5863445565430395,,
9773,olympus,microsam,10+20 clicks,1,0.12860689919064852,7,0,81,7,81,0.8020640142162305,,
9773,olympus,rf_clicks,10+20 clicks,1,0.3405890315389807,7,0,223,7,223,0.7718518280743427,,
9773,olympus,dino_multi,10+20 clicks,1,0.23590639271984687,7,0,155,7,155,0.606198118633004,0.6581442778747293,0.49423590170184745
9773,olympus,dino_clicks,10+20 clicks,2,0.09223230177187257,7,0,146,7,146,0.7175091657373905,,
9773,olympus,sam,10+20 clicks,2,0.0750054145116087,7,0,312,7,312,0.6379807499766383,,
9773,olympus,microsam,10+20 clicks,2,0.16507292638117074,7,1,203,6,204,0.9195098792301455,,
9773,olympus,rf_clicks,10+20 clicks,2,0.1355123968596636,7,0,105,7,105,0.8854339202833,,
9773,olympus,dino_multi,10+20 clicks,2,0.4306136318154792,7,1,100,6,101,0.7794382903557321,0.8882927988489097,0.6000186713967538
9774,olympus,otsu,no input,0,0.44847777058084926,5,1,157,4,158,0.6534983685787147,,
9774,olympus,dino_labels,5 labelled training images,0,0.10823786028373646,5,0,44,5,44,0.8711171764747585,,
9774,olympus,dino_clicks,3+6 clicks,0,0.08280046719374141,5,0,61,5,61,0.863859638645443,,
9774,olympus,sam,3+6 clicks,0,0.10542850857435308,5,0,125,5,125,0.8036868532094953,,
9774,olympus,microsam,3+6 clicks,0,0.1253358208893794,5,0,70,5,70,0.6409679045538565,,
9774,olympus,rf_clicks,3+6 clicks,0,0.41792720221242324,5,1,246,4,247,0.6299227637218104,,
9774,olympus,dino_multi,3+6 clicks,0,0.2152487159020271,5,0,158,5,158,0.5306130516855709,0.6077297823968821,0.3983725433896793
9774,olympus,dino_clicks,3+6 clicks,1,0.34401575571365967,5,0,106,5,106,0.7410221126204068,,
9774,olympus,sam,3+6 clicks,1,0.39799314923895623,5,1,139,4,140,0.6609275938838474,,
9774,olympus,microsam,3+6 clicks,1,0.30338884623614043,5,2,21,3,23,0.5028061518006673,,
9774,olympus,rf_clicks,3+6 clicks,1,0.29744462329952176,5,0,238,5,238,0.665970568446091,,
9774,olympus,dino_multi,3+6 clicks,1,0.21988699368233985,5,0,140,5,140,0.5569905072956077,0.4452294534666591,0.6042654756660965
9774,olympus,dino_clicks,3+6 clicks,2,0.5977134718032774,5,3,94,2,97,0.827821831262806,,
9774,olympus,sam,3+6 clicks,2,0.5024987139639452,5,3,107,2,110,0.7495880188073111,,
9774,olympus,microsam,3+6 clicks,2,0.1407418818943274,5,0,29,5,29,0.7577692765711687,,
9774,olympus,rf_clicks,3+6 clicks,2,0.27161126121758605,5,0,435,5,435,0.5613663484486874,,
9774,olympus,dino_multi,3+6 clicks,2,0.3026510967156467,5,1,141,4,142,0.7312399961101459,0.2872289233927884,0.48129292673968077
9774,olympus,dino_clicks,10+20 clicks,0,0.2699006729419956,5,1,78,4,79,0.8232192584425314,,
9774,olympus,sam,10+20 clicks,0,0.35349091225450113,5,1,214,4,215,0.543015107229637,,
9774,olympus,microsam,10+20 clicks,0,0.11831260423884209,5,0,32,5,32,0.7988185177340017,,
9774,olympus,rf_clicks,10+20 clicks,0,0.4476442105805217,5,1,159,4,160,0.7458769248394773,,
9774,olympus,dino_multi,10+20 clicks,0,0.286410416999105,5,0,122,5,122,0.6645033331496887,0.7421363419999742,0.5739790181757741
9774,olympus,dino_clicks,10+20 clicks,1,0.7006699567620125,5,4,72,1,76,0.8328934842076088,,
9774,olympus,sam,10+20 clicks,1,0.3096586388889314,5,0,356,5,356,0.5560691053295016,,
9774,olympus,microsam,10+20 clicks,1,0.26459890613441794,5,1,49,4,50,0.883862954996895,,
9774,olympus,rf_clicks,10+20 clicks,1,0.18273805641591084,5,1,282,4,283,0.741859035403884,,
9774,olympus,dino_multi,10+20 clicks,1,0.3760509368540652,5,1,140,4,141,0.8087331166417249,0.8688832143415498,0.6655182574401052
9774,olympus,dino_clicks,10+20 clicks,2,0.25677460793618284,5,1,80,4,81,0.8723516414495452,,
9774,olympus,sam,10+20 clicks,2,0.3310110906561891,5,1,421,4,422,0.8040647555663288,,
9774,olympus,microsam,10+20 clicks,2,0.25697398261104243,5,1,40,4,41,0.8911091751298157,,
9774,olympus,rf_clicks,10+20 clicks,2,0.44814279215961167,5,3,350,2,353,0.750719126828294,,
9774,olympus,dino_multi,10+20 clicks,2,0.10410558285059143,5,0,85,5,85,0.8743834655442232,0.8438440945495428,0.6946454635656302
9775,olympus,otsu,no input,0,0.37170887739205755,7,1,95,6,96,0.6007888211463717,,
9775,olympus,dino_labels,5 labelled training images,0,0.38004169644553887,7,2,34,5,36,0.6995372044254827,,
9775,olympus,dino_clicks,3+6 clicks,0,0.06200230544193264,7,0,136,7,136,0.7102555236996625,,
9775,olympus,sam,3+6 clicks,0,0.12318124484835839,7,0,81,7,81,0.7458743475049449,,
9775,olympus,microsam,3+6 clicks,0,0.20891618366180117,7,1,39,6,40,0.6628289650766763,,
9775,olympus,rf_clicks,3+6 clicks,0,0.08920805828411393,7,0,456,7,456,0.7834960352263309,,
9775,olympus,dino_multi,3+6 clicks,0,0.12350850019594739,7,0,86,7,86,0.7914451952336179,0.6347230983016443,0.6308353540780322
9775,olympus,dino_clicks,3+6 clicks,1,0.1142688545016531,7,0,141,7,141,0.8103021805257298,,
9775,olympus,sam,3+6 clicks,1,0.28180742705795014,7,2,132,5,134,0.5766017152848217,,
9775,olympus,microsam,3+6 clicks,1,0.158634647850805,7,0,38,7,38,0.7141747620048754,,
9775,olympus,rf_clicks,3+6 clicks,1,0.22531349066825426,7,0,228,7,228,0.7457544672875803,,
9775,olympus,dino_multi,3+6 clicks,1,0.17552553376090027,7,0,68,7,68,0.6435526845798796,0.5970569877626676,0.5207136435225628
9775,olympus,dino_clicks,3+6 clicks,2,0.19240832835104385,7,0,56,7,56,0.7467917679644064,,
9775,olympus,sam,3+6 clicks,2,0.13891100310243068,7,0,80,7,80,0.8288972446146422,,
9775,olympus,microsam,3+6 clicks,2,0.17390761431011095,7,0,61,7,61,0.7265042583642453,,
9775,olympus,rf_clicks,3+6 clicks,2,0.07322405300760215,7,0,157,7,157,0.8673903015625901,,
9775,olympus,dino_multi,3+6 clicks,2,0.4112798795248043,7,2,61,5,63,0.5720136600755068,0.7113357835007319,0.1456160794471948
9775,olympus,dino_clicks,10+20 clicks,0,0.10232704966901086,7,0,68,7,68,0.8791560379997162,,
9775,olympus,sam,10+20 clicks,0,0.32923179836267663,7,1,305,6,306,0.6994144391175898,,
9775,olympus,microsam,10+20 clicks,0,0.13244750389826399,7,0,31,7,31,0.8621954858356962,,
9775,olympus,rf_clicks,10+20 clicks,0,0.30418719310547815,7,1,204,6,205,0.8728855541231514,,
9775,olympus,dino_multi,10+20 clicks,0,0.11622945352962787,7,0,101,7,101,0.8644756441895106,0.8686195252109651,0.6791403904443135
9775,olympus,dino_clicks,10+20 clicks,1,0.11355534218825658,7,0,69,7,69,0.9089686530316414,,
9775,olympus,sam,10+20 clicks,1,0.4974077030205971,7,3,261,4,264,0.9006111034913669,,
9775,olympus,microsam,10+20 clicks,1,0.12625582511896344,7,0,17,7,17,0.9539613880180815,,
9775,olympus,rf_clicks,10+20 clicks,1,0.12809271595249758,7,0,164,7,164,0.8698230495378734,,
9775,olympus,dino_multi,10+20 clicks,1,0.1236605068870504,7,0,78,7,78,0.8894787803548979,0.8546677313719313,0.6907094391135022
9775,olympus,dino_clicks,10+20 clicks,2,0.11063263437999686,7,0,69,7,69,0.8776064765509815,,
9775,olympus,sam,10+20 clicks,2,0.3230500044088207,7,3,461,4,464,0.5312156789638137,,
9775,olympus,microsam,10+20 clicks,2,0.1336018029069432,7,0,12,7,12,0.9471789311637685,,
9775,olympus,rf_clicks,10+20 clicks,2,0.07610891052883406,7,0,253,7,253,0.8860591713317691,,
9775,olympus,dino_multi,10+20 clicks,2,0.13057416059638532,7,0,76,7,76,0.8507617430255596,0.6778147107966866,0.656273078317078
9782,olympus,otsu,no input,0,0.4956052095300019,9,3,123,6,126,0.6196589247047817,,
9782,olympus,dino_labels,5 labelled training images,0,0.3608593542215137,9,2,54,7,56,0.7155873663314128,,
9782,olympus,dino_clicks,3+6 clicks,0,0.4735817889730937,9,2,73,7,75,0.6105668694195945,,
9782,olympus,sam,3+6 clicks,0,0.37191516502849087,9,2,156,7,158,0.5103788265816616,,
9782,olympus,microsam,3+6 clicks,0,0.06794039368471311,9,0,113,9,113,0.736410567871242,,
9782,olympus,rf_clicks,3+6 clicks,0,0.37880380140348663,9,1,68,8,69,0.5124755543378651,,
9782,olympus,dino_multi,3+6 clicks,0,0.3022750794830427,9,1,354,8,355,0.5882018668085313,0.5752653378203468,0.4471056093768688
9782,olympus,dino_clicks,3+6 clicks,1,0.07911975427353837,9,0,156,9,156,0.5457417113821368,,
9782,olympus,sam,3+6 clicks,1,0.03748632078204922,9,0,165,9,165,0.5295104674168299,,
9782,olympus,microsam,3+6 clicks,1,0.04156276593200652,9,0,38,9,38,0.6436291783902897,,
9782,olympus,rf_clicks,3+6 clicks,1,0.4387671590826999,9,3,51,6,54,0.7038142632670434,,
9782,olympus,dino_multi,3+6 clicks,1,0.11937062746122401,9,0,179,9,179,0.3439000567626859,0.3010080111627012,0.3739669145031154
9782,olympus,dino_clicks,3+6 clicks,2,0.45294480842728446,9,2,79,7,81,0.6116668184202881,,
9782,olympus,sam,3+6 clicks,2,0.27845903687550894,9,3,139,6,142,0.4869868987739349,,
9782,olympus,microsam,3+6 clicks,2,0.18735700573884279,9,1,46,8,47,0.48346999459362044,,
9782,olympus,rf_clicks,3+6 clicks,2,0.300704443997408,9,1,241,8,242,0.4945006851722975,,
9782,olympus,dino_multi,3+6 clicks,2,0.30444647823144566,9,1,264,8,265,0.5244930476747252,0.7485028658507874,0.22836735101055447
9782,olympus,dino_clicks,10+20 clicks,0,0.37778483888493963,9,2,101,7,103,0.7003485090441612,,
9782,olympus,sam,10+20 clicks,0,0.04293734643538746,9,0,338,9,338,0.6444926528315603,,
9782,olympus,microsam,10+20 clicks,0,0.13781678491683652,9,1,55,8,56,0.8524623869363832,,
9782,olympus,rf_clicks,10+20 clicks,0,0.18969109004354578,9,0,602,9,602,0.49273360238216796,,
9782,olympus,dino_multi,10+20 clicks,0,0.21764659003448855,9,1,198,8,199,0.7304123109646962,0.7588921331165599,0.5630681534663783
9782,olympus,dino_clicks,10+20 clicks,1,0.11251463398748826,9,0,177,9,177,0.7617897142303437,,
9782,olympus,sam,10+20 clicks,1,0.052626736291134964,9,0,244,9,244,0.6701007250894058,,
9782,olympus,microsam,10+20 clicks,1,0.2431921780621753,9,0,78,9,78,0.7934772493156663,,
9782,olympus,rf_clicks,10+20 clicks,1,0.2343944073190706,9,1,137,8,138,0.7713139699591882,,
9782,olympus,dino_multi,10+20 clicks,1,0.19039357409624774,9,0,188,9,188,0.6623200290373318,0.6431726898040471,0.6083044404753245
9782,olympus,dino_clicks,10+20 clicks,2,0.4805322048957945,9,4,100,5,104,0.845831122313611,,
9782,olympus,sam,10+20 clicks,2,0.5053203983832865,9,3,360,6,363,0.6782196439287858,,
9782,olympus,microsam,10+20 clicks,2,0.1379445627906357,9,1,68,8,69,0.783690740647246,,
9782,olympus,rf_clicks,10+20 clicks,2,0.411519644811016,9,1,453,8,454,0.6678941658153366,,
9782,olympus,dino_multi,10+20 clicks,2,0.3756533571838937,9,2,246,7,248,0.7596301735162128,0.8733151933177244,0.5470208771686679
9786,olympus,otsu,no input,0,0.38807115451691665,1,0,133,1,133,0.5589480162268748,,
9786,olympus,dino_labels,5 labelled training images,0,0.5433903034530868,1,1,45,0,46,0.7054680092111798,,
9786,olympus,dino_clicks,3+6 clicks,0,0.554997767746416,1,1,113,0,114,0.8990911209508273,,
9786,olympus,sam,3+6 clicks,0,0.7067836674999575,1,1,50,0,51,0.8298633925331712,,
9786,olympus,microsam,3+6 clicks,0,0.9072040430367274,1,1,0,0,1,0.9513445049038806,,
9786,olympus,rf_clicks,3+6 clicks,0,0.7955354802904404,1,1,118,0,119,0.8950532790435762,,
9786,olympus,dino_multi,3+6 clicks,0,0.4130528642730083,1,0,227,1,227,0.797832879565845,0.816010329244674,0.6110435189518016
9786,olympus,dino_clicks,3+6 clicks,1,0.7400509264449178,1,1,86,0,87,0.8651127101911722,,
9786,olympus,sam,3+6 clicks,1,0.9120406365002851,1,1,28,0,29,0.9539971265146792,,
9786,olympus,microsam,3+6 clicks,1,0.8955689749823543,1,1,3,0,4,0.9448061887229554,,
9786,olympus,rf_clicks,3+6 clicks,1,0.4312300938280107,1,0,469,1,469,0.6601541850220264,,
9786,olympus,dino_multi,3+6 clicks,1,0.13976007594718218,1,0,28,1,28,0.39530587851787463,0.3241640710023642,0.4233769555394518
9786,olympus,dino_clicks,3+6 clicks,2,0.33737881007184206,1,0,64,1,64,0.6508649504486014,,
9786,olympus,sam,3+6 clicks,2,0.9393626894915953,1,1,31,0,32,0.9687333829628841,,
9786,olympus,microsam,3+6 clicks,2,0.9384589892294947,1,1,0,0,1,0.9682526114235891,,
9786,olympus,rf_clicks,3+6 clicks,2,0.31402853853399854,1,0,213,1,213,0.7324956988686722,,
9786,olympus,dino_multi,3+6 clicks,2,0.8539982256147576,1,1,77,0,78,0.913020163020163,0.6614273239660237,0.7010216915628608
9786,olympus,dino_clicks,10+20 clicks,0,0.6599314723369949,1,1,63,0,64,0.8319498136993417,,
9786,olympus,sam,10+20 clicks,0,0.6948561572106203,1,1,235,0,236,0.9470140294021342,,
9786,olympus,microsam,10+20 clicks,0,0.9145091002307101,1,1,8,0,9,0.9553457856329919,,
9786,olympus,rf_clicks,10+20 clicks,0,0.6754827444535744,1,1,232,0,233,0.9180488060235392,,
9786,olympus,dino_multi,10+20 clicks,0,0.41632416443080217,1,0,111,1,111,0.8538048241435812,0.8311460710792306,0.6473504295066665
9786,olympus,dino_clicks,10+20 clicks,1,0.8528998497989244,1,1,66,0,67,0.9367782449044756,,
9786,olympus,sam,10+20 clicks,1,0.9420437041926911,1,1,88,0,89,0.9628392989983219,,
9786,olympus,microsam,10+20 clicks,1,0.9416144920277152,1,1,0,0,1,0.9699294024575856,,
9786,olympus,rf_clicks,10+20 clicks,1,0.39498485358465163,1,0,457,1,457,0.8487207800714941,,
9786,olympus,dino_multi,10+20 clicks,1,0.37183324053452116,1,0,65,1,65,0.8464286786561384,0.8921122487675389,0.6948602377905143
9786,olympus,dino_clicks,10+20 clicks,2,0.8452155625657203,1,1,57,0,58,0.9309208181882973,,
9786,olympus,sam,10+20 clicks,2,0.8672479730763347,1,1,221,0,222,0.9403637388975046,,
9786,olympus,microsam,10+20 clicks,2,0.9348268171083705,1,1,2,0,3,0.9663157537846039,,
9786,olympus,rf_clicks,10+20 clicks,2,0.6996026644852168,1,1,300,0,301,0.8700667605250011,,
9786,olympus,dino_multi,10+20 clicks,2,0.714295110432918,1,1,143,0,144,0.8898284253478197,0.8272873446017491,0.707947791800377
9789,olympus,otsu,no input,0,0.3300709404395639,3,1,225,2,226,0.6015095445718682,,
9789,olympus,dino_labels,5 labelled training images,0,0.24682179840110716,3,1,38,2,39,0.7257471156405079,,
9789,olympus,dino_clicks,3+6 clicks,0,0.37859239975955344,3,1,91,2,92,0.5545209878330449,,
9789,olympus,sam,3+6 clicks,0,0.303575143968868,3,1,53,2,54,0.465471961568792,,
9789,olympus,microsam,3+6 clicks,0,0.4082834235899304,3,1,17,2,18,0.8533107027195754,,
9789,olympus,rf_clicks,3+6 clicks,0,0.39442001007305033,3,0,85,3,85,0.5312456143868161,,
9789,olympus,dino_multi,3+6 clicks,0,0.33698881716023715,3,1,186,2,187,0.652996305924203,0.5648534012638036,0.49718257997567533
9789,olympus,dino_clicks,3+6 clicks,1,0.5012395633608032,3,1,165,2,166,0.6998037007999339,,
9789,olympus,sam,3+6 clicks,1,0.14084568778011905,3,0,127,3,127,0.8405229263598363,,
9789,olympus,microsam,3+6 clicks,1,0.19642336177730935,3,0,16,3,16,0.9049456669502451,,
9789,olympus,rf_clicks,3+6 clicks,1,0.342132522903888,3,0,331,3,331,0.6541879641667706,,
9789,olympus,dino_multi,3+6 clicks,1,0.45718110825094266,3,1,207,2,208,0.7373710903177074,0.7496897185126347,0.5456454707741067
9789,olympus,dino_clicks,3+6 clicks,2,0.35259334317236474,3,0,48,3,48,0.49059659350950197,,
9789,olympus,sam,3+6 clicks,2,0.18142055855229486,3,0,97,3,97,0.5591446686020463,,
9789,olympus,microsam,3+6 clicks,2,0.4217194059113989,3,1,14,2,15,0.9088175773344898,,
9789,olympus,rf_clicks,3+6 clicks,2,0.39762290922248744,3,0,78,3,78,0.5313833676793193,,
9789,olympus,dino_multi,3+6 clicks,2,0.10964513038685701,3,0,182,3,182,0.5385843533794572,0.3859104224755585,0.53625542566506
9789,olympus,dino_clicks,10+20 clicks,0,0.17146023739915175,3,0,112,3,112,0.7836474834569882,,
9789,olympus,sam,10+20 clicks,0,0.29890126223673175,3,1,114,2,115,0.5581376402778061,,
9789,olympus,microsam,10+20 clicks,0,0.4564438431052434,3,1,10,2,11,0.9010589872402651,,
9789,olympus,rf_clicks,10+20 clicks,0,0.3528384043499661,3,0,376,3,376,0.6383401949378839,,
9789,olympus,dino_multi,10+20 clicks,0,0.05286581846504316,3,0,137,3,137,0.8170827868818971,0.8316761520915915,0.6657113874484824
9789,olympus,dino_clicks,10+20 clicks,1,0.08403760107927227,3,0,165,3,165,0.8147417943662687,,
9789,olympus,sam,10+20 clicks,1,0.14104702725767185,3,0,239,3,239,0.5175509445144946,,
9789,olympus,microsam,10+20 clicks,1,0.20193128548437356,3,0,7,3,7,0.9079734484256051,,
9789,olympus,rf_clicks,10+20 clicks,1,0.34440416026873116,3,0,552,3,552,0.6893400834042249,,
9789,olympus,dino_multi,10+20 clicks,1,0.3750030099791486,3,0,169,3,169,0.7531590869806497,0.8274664637046903,0.6235941574543651
9789,olympus,dino_clicks,10+20 clicks,2,0.12188766135400968,3,0,120,3,120,0.8024877030326621,,
9789,olympus,sam,10+20 clicks,2,0.13044003395963563,3,0,159,3,159,0.566615295343512,,
9789,olympus,microsam,10+20 clicks,2,0.204379144239917,3,0,6,3,6,0.9070663317385785,,
9789,olympus,rf_clicks,10+20 clicks,2,0.3542642294976501,3,0,439,3,439,0.6397583195434925,,
9789,olympus,dino_multi,10+20 clicks,2,0.15530701795350874,3,0,208,3,208,0.7898352467888892,0.8213164011565282,0.6465317658378184
9798,olympus,otsu,no input,0,0.5004353105236438,6,4,309,2,313,0.7153463451970915,,
9798,olympus,dino_labels,5 labelled training images,0,0.4595559006802071,6,3,26,3,29,0.796870420327912,,
9798,olympus,dino_clicks,3+6 clicks,0,0.5344365273023667,6,4,63,2,67,0.6851919415717517,,
9798,olympus,sam,3+6 clicks,0,0.35905695847225605,6,2,124,4,126,0.6915459923840144,,
9798,olympus,microsam,3+6 clicks,0,0.5218986296010028,6,4,23,2,27,0.7510036642429698,,
9798,olympus,rf_clicks,3+6 clicks,0,0.28957689511103335,6,1,30,5,31,0.441570515219438,,
9798,olympus,dino_multi,3+6 clicks,0,0.12558915901777823,6,0,224,6,224,0.7064585429527098,0.28607238485891706,0.4665574402467232
9798,olympus,dino_clicks,3+6 clicks,1,0.6154920724670438,6,5,53,1,58,0.7745826681102772,,
9798,olympus,sam,3+6 clicks,1,0.21859241663753792,6,1,171,5,172,0.6283648025131713,,
9798,olympus,microsam,3+6 clicks,1,0.36389071983019566,6,3,37,3,40,0.5670257300900503,,
9798,olympus,rf_clicks,3+6 clicks,1,0.4447279186516171,6,2,334,4,336,0.8180307088550802,,
9798,olympus,dino_multi,3+6 clicks,1,0.28550890991874966,6,1,184,5,185,0.5820388964779113,0.4773077559962806,0.41788423291174115
9798,olympus,dino_clicks,3+6 clicks,2,0.6163211070260805,6,4,89,2,93,0.7708646226357497,,
9798,olympus,sam,3+6 clicks,2,0.19956930724557734,6,1,328,5,329,0.7111946508252389,,
9798,olympus,microsam,3+6 clicks,2,0.3352969533585945,6,2,115,4,117,0.5695246708121836,,
9798,olympus,rf_clicks,3+6 clicks,2,0.5423880919522414,6,4,190,2,194,0.8224368416354223,,
9798,olympus,dino_multi,3+6 clicks,2,0.6487741904003991,6,5,246,1,251,0.8404787404356803,0.395665978847662,0.5610760862143523
9798,olympus,dino_clicks,10+20 clicks,0,0.7119094268532876,6,5,72,1,77,0.8468631434160832,,
9798,olympus,sam,10+20 clicks,0,0.7158237838404665,6,5,309,1,314,0.8922023620582087,,
9798,olympus,microsam,10+20 clicks,0,0.43951097111071274,6,2,210,4,212,0.8390000483951626,,
9798,olympus,rf_clicks,10+20 clicks,0,0.32007617017843365,6,1,104,5,105,0.8033247169979499,,
9798,olympus,dino_multi,10+20 clicks,0,0.3999304778991155,6,2,182,4,184,0.8150856763522204,0.8110769893863478,0.6884478517350912
9798,olympus,dino_clicks,10+20 clicks,1,0.5897557652352866,6,3,87,3,90,0.827611854396699,,
9798,olympus,sam,10+20 clicks,1,0.20901268689486305,6,0,394,6,394,0.7078778032883812,,
9798,olympus,microsam,10+20 clicks,1,0.5073552736398257,6,3,95,3,98,0.9022832325267142,,
9798,olympus,rf_clicks,10+20 clicks,1,0.47019004653884683,6,3,502,3,505,0.8288188901796584,,
9798,olympus,dino_multi,10+20 clicks,1,0.5328285197584798,6,3,175,3,178,0.8398521652577265,0.861666062221101,0.7356281180244685
9798,olympus,dino_clicks,10+20 clicks,2,0.5216987255580988,6,4,73,2,77,0.6915738318749751,,
9798,olympus,sam,10+20 clicks,2,0.603614468754427,6,5,410,1,415,0.8962925878105978,,
9798,olympus,microsam,10+20 clicks,2,0.6442925889205066,6,4,67,2,71,0.8976923270503561,,
9798,olympus,rf_clicks,10+20 clicks,2,0.320874726693423,6,1,342,5,343,0.6224327837449545,,
9798,olympus,dino_multi,10+20 clicks,2,0.37074124344695764,6,0,108,6,108,0.7212272606293431,0.7940160974450117,0.5935902063406124
9801,olympus,otsu,no input,0,0.3918560479921796,3,0,128,3,128,0.5797183068659381,,
9801,olympus,dino_labels,5 labelled training images,0,0.6365750773709938,3,3,34,0,37,0.808611383492787,,
9801,olympus,dino_clicks,3+6 clicks,0,0.6137918588855792,3,3,172,0,175,0.8338413488438123,,
9801,olympus,sam,3+6 clicks,0,0.35815022066922797,3,0,60,3,60,0.6428976474494879,,
9801,olympus,microsam,3+6 clicks,0,0.24865687315300922,3,0,43,3,43,0.9207490930208964,,
9801,olympus,rf_clicks,3+6 clicks,0,0.16146809597115339,3,0,224,3,224,0.8800203316210617,,
9801,olympus,dino_multi,3+6 clicks,0,0.3906494446914964,3,0,166,3,166,0.6668819374369324,0.7725907144226877,0.45519533402982865
9801,olympus,dino_clicks,3+6 clicks,1,0.4342987220872921,3,0,87,3,87,0.7127956132086867,,
9801,olympus,sam,3+6 clicks,1,0.45359906024951363,3,1,100,2,101,0.8333863732469582,,
9801,olympus,microsam,3+6 clicks,1,0.5181056428262664,3,1,29,2,30,0.9253466578088116,,
9801,olympus,rf_clicks,3+6 clicks,1,0.1800058749421125,3,0,136,3,136,0.8245609631619019,,
9801,olympus,dino_multi,3+6 clicks,1,0.1536687696861649,3,0,161,3,161,0.3640201029906912,0.5352660008549334,0.14142516518582665
9801,olympus,dino_clicks,3+6 clicks,2,0.09872897145675448,3,0,184,3,184,0.8177436306309571,,
9801,olympus,sam,3+6 clicks,2,0.16962956293565998,3,0,42,3,42,0.5910872362828062,,
9801,olympus,microsam,3+6 clicks,2,0.5541335304856402,3,1,7,2,8,0.945606330078763,,
9801,olympus,rf_clicks,3+6 clicks,2,0.5092379151718408,3,1,84,2,85,0.8186618457039069,,
9801,olympus,dino_multi,3+6 clicks,2,0.4763898349599256,3,1,125,2,126,0.6798520947040962,0.37482763323382784,0.30249474564220363
9801,olympus,dino_clicks,10+20 clicks,0,0.564988132672215,3,2,85,1,87,0.7543796991609345,,
9801,olympus,sam,10+20 clicks,0,0.3392509053987593,3,0,194,3,194,0.6264504519411752,,
9801,olympus,microsam,10+20 clicks,0,0.5339838961813416,3,1,16,2,17,0.9275692127762258,,
9801,olympus,rf_clicks,10+20 clicks,0,0.5128756010356893,3,1,138,2,139,0.7343185730004155,,
9801,olympus,dino_multi,10+20 clicks,0,0.36139577578167087,3,1,162,2,163,0.7938486882879568,0.893316357769722,0.6515316219304848
9801,olympus,dino_clicks,10+20 clicks,1,0.433729565727725,3,1,147,2,148,0.7944829180260831,,
9801,olympus,sam,10+20 clicks,1,0.20070521623652127,3,0,180,3,180,0.4467918712838265,,
9801,olympus,microsam,10+20 clicks,1,0.5429163092431422,3,1,40,2,41,0.9353937507824936,,
9801,olympus,rf_clicks,10+20 clicks,1,0.2863945091021467,3,0,315,3,315,0.7359542293682623,,
9801,olympus,dino_multi,10+20 clicks,1,0.5435408209795103,3,1,81,2,82,0.8036950278582867,0.92318269318911,0.6226333063381783
9801,olympus,dino_clicks,10+20 clicks,2,0.37432162575239564,3,1,100,2,101,0.8877348761346099,,
9801,olympus,sam,10+20 clicks,2,0.10173339263259491,3,0,312,3,312,0.703271567947799,,
9801,olympus,microsam,10+20 clicks,2,0.2309554615880919,3,0,17,3,17,0.9081403826418667,,
9801,olympus,rf_clicks,10+20 clicks,2,0.3805701632233817,3,1,95,2,96,0.8653893146283915,,
9801,olympus,dino_multi,10+20 clicks,2,0.6024888212735758,3,2,122,1,124,0.843278453173682,0.8764206559834687,0.6273731312399773
9805,olympus,otsu,no input,0,0.2749688324644387,2,0,210,2,210,0.5593758622106642,,
9805,olympus,dino_labels,5 labelled training images,0,0.6041549652844624,2,1,20,1,21,0.7482669377946206,,
9805,olympus,dino_clicks,3+6 clicks,0,0.6217544559616461,2,1,72,1,73,0.756698919776788,,
9805,olympus,sam,3+6 clicks,0,0.6719007793140215,2,2,465,0,467,0.8847391250005786,,
9805,olympus,microsam,3+6 clicks,0,0.1131109317698075,2,0,147,2,147,0.8912762526994658,,
9805,olympus,rf_clicks,3+6 clicks,0,0.27100749593813667,2,0,645,2,645,0.5789735804676671,,
9805,olympus,dino_multi,3+6 clicks,0,0.571094320099534,2,1,95,1,96,0.7888440949045007,0.8412267189469262,0.6241720937955464
9805,olympus,dino_clicks,3+6 clicks,1,0.4881685832573519,2,1,85,1,86,0.6655098320501657,,
9805,olympus,sam,3+6 clicks,1,0.23922507123211637,2,0,468,2,468,0.7574829798888802,,
9805,olympus,microsam,3+6 clicks,1,0.7554554927059609,2,2,14,0,16,0.8574084548606842,,
9805,olympus,rf_clicks,3+6 clicks,1,0.1407547281201365,2,0,642,2,642,0.3779200893092862,,
9805,olympus,dino_multi,3+6 clicks,1,0.10258971314077253,2,0,188,2,188,0.4105869148050255,0.297286432160804,0.420475775314485
9805,olympus,dino_clicks,3+6 clicks,2,0.2689468216250304,2,0,116,2,116,0.45358044526050034,,
9805,olympus,sam,3+6 clicks,2,0.5953989447728725,2,1,115,1,116,0.7631845754644029,,
9805,olympus,microsam,3+6 clicks,2,0.6108338472022764,2,1,22,1,23,0.7575523624911826,,
9805,olympus,rf_clicks,3+6 clicks,2,0.24233915975587594,2,0,156,2,156,0.439366867761125,,
9805,olympus,dino_multi,3+6 clicks,2,0.21529137163599305,2,0,181,2,181,0.5692121148906766,0.4215644982195505,0.6122947644447093
9805,olympus,dino_clicks,10+20 clicks,0,0.3246149936519883,2,0,125,2,125,0.777248022685256,,
9805,olympus,sam,10+20 clicks,0,0.4047204748336253,2,0,243,2,243,0.7999349654380719,,
9805,olympus,microsam,10+20 clicks,0,0.7927767634166163,2,2,38,0,40,0.920165217927378,,
9805,olympus,rf_clicks,10+20 clicks,0,0.3909951564280397,2,0,401,2,401,0.6848166718896898,,
9805,olympus,dino_multi,10+20 clicks,0,0.5700560383470825,2,1,156,1,157,0.8008744528501143,0.8579590205367534,0.5820229909564166
9805,olympus,dino_clicks,10+20 clicks,1,0.23840175498086918,2,0,89,2,89,0.7715328146292145,,
9805,olympus,sam,10+20 clicks,1,0.21100717545769748,2,0,297,2,297,0.7579427736104538,,
9805,olympus,microsam,10+20 clicks,1,0.867912385283883,2,2,42,0,44,0.9291360825561328,,
9805,olympus,rf_clicks,10+20 clicks,1,0.29335929271567207,2,0,410,2,410,0.6952850105559465,,
9805,olympus,dino_multi,10+20 clicks,1,0.32611898555981766,2,0,184,2,184,0.8020498877570186,0.895883317100981,0.6495841159109204
9805,olympus,dino_clicks,10+20 clicks,2,0.6033988589890931,2,1,114,1,115,0.7450265348564904,,
9805,olympus,sam,10+20 clicks,2,0.31083279810490366,2,0,344,2,344,0.85790624042488,,
9805,olympus,microsam,10+20 clicks,2,0.701196603063995,2,2,11,0,13,0.8630080798596526,,
9805,olympus,rf_clicks,10+20 clicks,2,0.2626749450814167,2,0,160,2,160,0.6277829615177991,,
9805,olympus,dino_multi,10+20 clicks,2,0.20669922184015221,2,0,229,2,229,0.6660839356754636,0.6687905565150322,0.6680472545524448
9820,olympus,otsu,no input,0,0.17650629792798622,2,0,254,2,254,0.8897579224394806,,
9820,olympus,dino_labels,5 labelled training images,0,0.3017731899124114,2,0,13,2,13,0.9264325391192054,,
9820,olympus,dino_clicks,3+6 clicks,0,0.23335916190191708,2,0,25,2,25,0.8837940159465398,,
9820,olympus,sam,3+6 clicks,0,0.4318524369160286,2,0,44,2,44,0.9531287384945921,,
9820,olympus,microsam,3+6 clicks,0,0.3976942104728522,2,0,5,2,5,0.9511884133782326,,
9820,olympus,rf_clicks,3+6 clicks,0,0.19975177861048193,2,0,27,2,27,0.8736219235314164,,
9820,olympus,dino_multi,3+6 clicks,0,0.3302268112090129,2,0,104,2,104,0.9081594978770537,0.4203893362520522,0.6376403719338907
9820,olympus,dino_clicks,3+6 clicks,1,0.3004095439967944,2,0,20,2,20,0.906543718155061,,
9820,olympus,sam,3+6 clicks,1,0.4092422739216979,2,1,43,1,44,0.7219970104633782,,
9820,olympus,microsam,3+6 clicks,1,0.41203844553158314,2,0,3,2,3,0.9526878310825935,,
9820,olympus,rf_clicks,3+6 clicks,1,0.19227148817103124,2,0,9,2,9,0.8819620021449708,,
9820,olympus,dino_multi,3+6 clicks,1,0.33055656867900785,2,0,47,2,47,0.9217948367460382,0.6588637751985339,0.7738113249615786
9820,olympus,dino_clicks,3+6 clicks,2,0.3782072063424572,2,0,29,2,29,0.9097022946681261,,
9820,olympus,sam,3+6 clicks,2,0.3754244026094478,2,0,31,2,31,0.909170573985566,,
9820,olympus,microsam,3+6 clicks,2,0.4001621096091036,2,0,5,2,5,0.9478186086511866,,
9820,olympus,rf_clicks,3+6 clicks,2,0.18621823732165127,2,0,44,2,44,0.8854278878808723,,
9820,olympus,dino_multi,3+6 clicks,2,0.27853152196854275,2,0,49,2,49,0.663469712209208,0.5249401436552275,0.739770552448973
9820,olympus,dino_clicks,10+20 clicks,0,0.30871401176072943,2,0,23,2,23,0.88299521368352,,
9820,olympus,sam,10+20 clicks,0,0.787907793165525,2,2,107,0,109,0.8789878399623542,,
9820,olympus,microsam,10+20 clicks,0,0.37250054902480045,2,0,17,2,17,0.9547859254851059,,
9820,olympus,rf_clicks,10+20 clicks,0,0.25624597518488074,2,0,64,2,64,0.843311385977917,,
9820,olympus,dino_multi,10+20 clicks,0,0.3099404652644727,2,0,16,2,16,0.9258951333226154,0.8558865535350809,0.7456929153710395
9820,olympus,dino_clicks,10+20 clicks,1,0.3829616664913291,2,0,8,2,8,0.8950615746988492,,
9820,olympus,sam,10+20 clicks,1,0.4474948489692415,2,1,215,1,216,0.6836160700130006,,
9820,olympus,microsam,10+20 clicks,1,0.4797796186646156,2,0,6,2,6,0.9762484013347053,,
9820,olympus,rf_clicks,10+20 clicks,1,0.23778427327045165,2,0,73,2,73,0.8785016607429027,,
9820,olympus,dino_multi,10+20 clicks,1,0.4547508337934917,2,1,35,1,36,0.88582921284004,0.8770004892025998,0.8083803256592965
9820,olympus,dino_clicks,10+20 clicks,2,0.301310572847012,2,0,21,2,21,0.9002202799687344,,
9820,olympus,sam,10+20 clicks,2,0.46055081217630034,2,1,124,1,125,0.9174581743776525,,
9820,olympus,microsam,10+20 clicks,2,0.4052989900221068,2,0,16,2,16,0.9454072348956621,,
9820,olympus,rf_clicks,10+20 clicks,2,0.2084938036475239,2,0,4,2,4,0.8744807095264783,,
9820,olympus,dino_multi,10+20 clicks,2,0.3744943339199419,2,0,21,2,21,0.8649266891721671,0.8554749646109713,0.8217314593046546
9830,olympus,otsu,no input,0,0.2748145971336351,2,0,377,2,377,0.9300137834407654,,
9830,olympus,dino_labels,5 labelled training images,0,0.2163292708894625,2,0,8,2,8,0.9215915023037291,,
9830,olympus,dino_clicks,3+6 clicks,0,0.15305306668719612,2,0,15,2,15,0.8880514029811999,,
9830,olympus,sam,3+6 clicks,0,0.16812766892756176,2,0,112,2,112,0.9063946450188706,,
9830,olympus,microsam,3+6 clicks,0,0.40861923313216497,2,0,13,2,13,0.941645770549127,,
9830,olympus,rf_clicks,3+6 clicks,0,0.1984932339804379,2,0,69,2,69,0.9149317954577918,,
9830,olympus,dino_multi,3+6 clicks,0,0.24653731684981686,2,0,23,2,23,0.8960028638284497,0.8679948672924968,0.7601799211196264
9830,olympus,dino_clicks,3+6 clicks,1,0.4235472158875368,2,0,17,2,17,0.9405664218680246,,
9830,olympus,sam,3+6 clicks,1,0.3988556402226987,2,1,156,1,157,0.8940355459424164,,
9830,olympus,microsam,3+6 clicks,1,0.40377095575849664,2,0,11,2,11,0.9501302289976568,,
9830,olympus,rf_clicks,3+6 clicks,1,0.22203385616622257,2,0,30,2,30,0.9198073929256725,,
9830,olympus,dino_multi,3+6 clicks,1,0.439111030744742,2,0,30,2,30,0.876148623784712,0.8602893543511121,0.7398112334780084
9830,olympus,dino_clicks,3+6 clicks,2,0.268578845139295,2,0,22,2,22,0.9147419599446898,,
9830,olympus,sam,3+6 clicks,2,0.6665638289373909,2,1,29,1,30,0.8923856309487258,,
9830,olympus,microsam,3+6 clicks,2,0.39765465475305933,2,0,11,2,11,0.9479076051749986,,
9830,olympus,rf_clicks,3+6 clicks,2,0.23827425288455473,2,0,28,2,28,0.924312063785639,,
9830,olympus,dino_multi,3+6 clicks,2,0.21155640685624477,2,0,26,2,26,0.8948699390461906,0.2266557918731832,0.6497411057290797
9830,olympus,dino_clicks,10+20 clicks,0,0.3514613052964718,2,0,31,2,31,0.9492485400818219,,
9830,olympus,sam,10+20 clicks,0,0.4813073749233091,2,1,128,1,129,0.9526780917456515,,
9830,olympus,microsam,10+20 clicks,0,0.4267052195157438,2,0,8,2,8,0.9563079002449761,,
9830,olympus,rf_clicks,10+20 clicks,0,0.22914711364613732,2,0,21,2,21,0.9190086292105905,,
9830,olympus,dino_multi,10+20 clicks,0,0.41236458985995383,2,0,38,2,38,0.9128984361441601,0.7134699603427965,0.49260643937280285
9830,olympus,dino_clicks,10+20 clicks,1,0.43978209499266085,2,0,23,2,23,0.9502932735512674,,
9830,olympus,sam,10+20 clicks,1,0.7353299424586159,2,2,187,0,189,0.8975357587453318,,
9830,olympus,microsam,10+20 clicks,1,0.37438532621775705,2,0,18,2,18,0.942674397752406,,
9830,olympus,rf_clicks,10+20 clicks,1,0.2344563196737079,2,0,6,2,6,0.9153280267341208,,
9830,olympus,dino_multi,10+20 clicks,1,0.3168909517827594,2,0,35,2,35,0.9354144141646568,0.8581385156442078,0.8032535559151691
9830,olympus,dino_clicks,10+20 clicks,2,0.4381727926192378,2,0,27,2,27,0.9494094970751239,,
9830,olympus,sam,10+20 clicks,2,0.7370924226770981,2,2,99,0,101,0.8628451575237313,,
9830,olympus,microsam,10+20 clicks,2,0.403143928725311,2,0,6,2,6,0.9499410032239183,,
9830,olympus,rf_clicks,10+20 clicks,2,0.30669920141111284,2,0,17,2,17,0.8983498023715415,,
9830,olympus,dino_multi,10+20 clicks,2,0.3124473134476485,2,0,34,2,34,0.9098465104094979,0.8205949271087891,0.7312333185053381
9832,olympus,otsu,no input,0,0.23561844177201793,2,0,233,2,233,0.8418632364796187,,
9832,olympus,dino_labels,5 labelled training images,0,0.31554834946359156,2,0,4,2,4,0.9339027348132584,,
9832,olympus,dino_clicks,3+6 clicks,0,0.3548480873644835,2,0,34,2,34,0.8145523954953235,,
9832,olympus,sam,3+6 clicks,0,0.4770399882923152,2,1,11,1,12,0.9479763970843457,,
9832,olympus,microsam,3+6 clicks,0,0.5268793688582908,2,1,4,1,5,0.8343781079533468,,
9832,olympus,rf_clicks,3+6 clicks,0,0.22909799433792208,2,0,77,2,77,0.8093935970410241,,
9832,olympus,dino_multi,3+6 clicks,0,0.31122636711241247,2,0,31,2,31,0.6256178017850891,0.5103018833368945,0.6261449344520884
9832,olympus,dino_clicks,3+6 clicks,1,0.4790233558173639,2,1,26,1,27,0.9474288290873317,,
9832,olympus,sam,3+6 clicks,1,0.4972817885027906,2,1,17,1,18,0.9803550694152293,,
9832,olympus,microsam,3+6 clicks,1,0.4927339307395382,2,1,3,1,4,0.9817676770985515,,
9832,olympus,rf_clicks,3+6 clicks,1,0.3563007702692879,2,0,127,2,127,0.9203898419933049,,
9832,olympus,dino_multi,3+6 clicks,1,0.2737885897679431,2,0,57,2,57,0.5839138360736585,0.6143590286228242,0.3248078840851763
9832,olympus,dino_clicks,3+6 clicks,2,0.45724956645190407,2,1,25,1,26,0.915140449837314,,
9832,olympus,sam,3+6 clicks,2,0.4873795655972959,2,1,3,1,4,0.9705946342856366,,
9832,olympus,microsam,3+6 clicks,2,0.49371689612793,2,1,0,1,1,0.9827696444087414,,
9832,olympus,rf_clicks,3+6 clicks,2,0.3366225919595136,2,0,100,2,100,0.8359025378772582,,
9832,olympus,dino_multi,3+6 clicks,2,0.30527692173678733,2,0,39,2,39,0.6859528909783746,0.7260016694490818,0.6306360774675193
9832,olympus,dino_clicks,10+20 clicks,0,0.48830009104945615,2,1,15,1,16,0.9579171674123148,,
9832,olympus,sam,10+20 clicks,0,0.7851752583492834,2,2,85,0,87,0.8905995450209143,,
9832,olympus,microsam,10+20 clicks,0,0.4905963401192179,2,1,7,1,8,0.980131758840209,,
9832,olympus,rf_clicks,10+20 clicks,0,0.4305338794355522,2,1,57,1,58,0.9298512832410368,,
9832,olympus,dino_multi,10+20 clicks,0,0.3763879087378022,2,0,14,2,14,0.9207445636263761,0.8789241376458792,0.7673876447753426
9832,olympus,dino_clicks,10+20 clicks,1,0.36603924751289196,2,0,6,2,6,0.9551002756207922,,
9832,olympus,sam,10+20 clicks,1,0.8100132545301086,2,2,131,0,133,0.9187983826009639,,
9832,olympus,microsam,10+20 clicks,1,0.45505949020996134,2,1,6,1,7,0.9806204092339978,,
9832,olympus,rf_clicks,10+20 clicks,1,0.26559447086543614,2,0,7,2,7,0.8943477319295674,,
9832,olympus,dino_multi,10+20 clicks,1,0.4769141990591097,2,1,23,1,24,0.9359760474129976,0.7655146858056715,0.7817838980629679
9832,olympus,dino_clicks,10+20 clicks,2,0.3952012577568659,2,1,25,1,26,0.9595924816336775,,
9832,olympus,sam,10+20 clicks,2,0.5006314430370118,2,1,158,1,159,0.7801924843257059,,
9832,olympus,microsam,10+20 clicks,2,0.49423665044341414,2,1,10,1,11,0.9837938833710296,,
9832,olympus,rf_clicks,10+20 clicks,2,0.3020407117369087,2,0,41,2,41,0.9090829937075747,,
9832,olympus,dino_multi,10+20 clicks,2,0.4256711909744334,2,1,27,1,28,0.9494453946417831,0.8690563277249451,0.8534415299023443
9838,olympus,otsu,no input,0,0.1551234672015053,3,0,271,3,271,0.8800837219620647,,
9838,olympus,dino_labels,5 labelled training images,0,0.18445826530916506,3,0,10,3,10,0.8583279512020093,,
9838,olympus,dino_clicks,3+6 clicks,0,0.20441023307180414,3,0,27,3,27,0.9055822412908642,,
9838,olympus,sam,3+6 clicks,0,0.2766021776820553,3,0,49,3,49,0.939636047413644,,
9838,olympus,microsam,3+6 clicks,0,0.2825726086871613,3,0,9,3,9,0.9671839151350684,,
9838,olympus,rf_clicks,3+6 clicks,0,0.15234085718580895,3,0,38,3,38,0.8834699447045432,,
9838,olympus,dino_multi,3+6 clicks,0,0.19172879978144952,3,0,37,3,37,0.8734056851325281,0.2926501195139463,0.4841840005305157
9838,olympus,dino_clicks,3+6 clicks,1,0.1579981724980534,3,0,69,3,69,0.9000151708095236,,
9838,olympus,sam,3+6 clicks,1,0.5089392168122769,3,2,36,1,38,0.9116910305750994,,
9838,olympus,microsam,3+6 clicks,1,0.26569140626653104,3,0,4,3,4,0.9486567164179105,,
9838,olympus,rf_clicks,3+6 clicks,1,0.15991943943841333,3,0,22,3,22,0.8695357538735582,,
9838,olympus,dino_multi,3+6 clicks,1,0.20784116922984816,3,0,27,3,27,0.8991545808774916,0.8312092505508984,0.6827795068833316
9838,olympus,dino_clicks,3+6 clicks,2,0.30067123991376576,3,0,41,3,41,0.8090630162851074,,
9838,olympus,sam,3+6 clicks,2,0.2855316900902667,3,0,87,3,87,0.8909802555406416,,
9838,olympus,microsam,3+6 clicks,2,0.22034411550255587,3,0,21,3,21,0.9308735899261702,,
9838,olympus,rf_clicks,3+6 clicks,2,0.15181325106261553,3,0,38,3,38,0.8829912271628851,,
9838,olympus,dino_multi,3+6 clicks,2,0.12914438382075163,3,0,51,3,51,0.8728427143654887,0.8523642805922301,0.7409156357893759
9838,olympus,dino_clicks,10+20 clicks,0,0.18024910932578045,3,0,30,3,30,0.9002727629334331,,
9838,olympus,sam,10+20 clicks,0,0.4787143000734119,3,1,147,2,148,0.7098951398646451,,
9838,olympus,microsam,10+20 clicks,0,0.2394170370350265,3,0,8,3,8,0.928769545227059,,
9838,olympus,rf_clicks,10+20 clicks,0,0.13357121002073105,3,0,53,3,53,0.8919764734037168,,
9838,olympus,dino_multi,10+20 clicks,0,0.2406470818780082,3,0,41,3,41,0.9098461093154517,0.8156106809922579,0.7647736738210158
9838,olympus,dino_clicks,10+20 clicks,1,0.4779687132606918,3,1,18,2,19,0.8518520520401489,,
9838,olympus,sam,10+20 clicks,1,0.28247346576023497,3,0,127,3,127,0.9085768437714785,,
9838,olympus,microsam,10+20 clicks,1,0.23075349373611057,3,0,7,3,7,0.9352682797531144,,
9838,olympus,rf_clicks,10+20 clicks,1,0.16112344532468695,3,0,11,3,11,0.8754640306994526,,
9838,olympus,dino_multi,10+20 clicks,1,0.24655207285666306,3,0,36,3,36,0.9193203640704549,0.8819117940950638,0.8012732338729588
9838,olympus,dino_clicks,10+20 clicks,2,0.5036006006963424,3,1,14,2,15,0.8252959438368745,,
9838,olympus,sam,10+20 clicks,2,0.3569102800604587,3,1,195,2,196,0.7518637468451822,,
9838,olympus,microsam,10+20 clicks,2,0.32664960352454137,3,0,11,3,11,0.9721449025772473,,
9838,olympus,rf_clicks,10+20 clicks,2,0.21637029220534018,3,0,23,3,23,0.8311562186506157,,
9838,olympus,dino_multi,10+20 clicks,2,0.5062591216122566,3,1,71,2,72,0.8936652911149792,0.7789598799711619,0.7491240289311546
9841,olympus,otsu,no input,0,0.15299945803472964,2,0,331,2,331,0.7316418871388886,,
9841,olympus,dino_labels,5 labelled training images,0,0.13330144812383168,2,0,14,2,14,0.9051903884694023,,
9841,olympus,dino_clicks,3+6 clicks,0,0.2631419889661323,2,0,36,2,36,0.9151730267116369,,
9841,olympus,sam,3+6 clicks,0,0.6830784713350064,2,1,61,1,62,0.8270947682350328,,
9841,olympus,microsam,3+6 clicks,0,0.4233680607616498,2,0,12,2,12,0.9483225206600838,,
9841,olympus,rf_clicks,3+6 clicks,0,0.13548072166570213,2,0,113,2,113,0.8167589543397822,,
9841,olympus,dino_multi,3+6 clicks,0,0.3742885521011935,2,0,52,2,52,0.9252368638299501,0.4602788468520805,0.6673399847087584
9841,olympus,dino_clicks,3+6 clicks,1,0.22728162431313764,2,0,65,2,65,0.8688777441332324,,
9841,olympus,sam,3+6 clicks,1,0.38569683197796306,2,1,68,1,69,0.8319505547054323,,
9841,olympus,microsam,3+6 clicks,1,0.23207523156778773,2,0,14,2,14,0.9232305000831875,,
9841,olympus,rf_clicks,3+6 clicks,1,0.19142457525824194,2,0,175,2,175,0.7410281055666856,,
9841,olympus,dino_multi,3+6 clicks,1,0.4163736085596137,2,1,49,1,50,0.8067439491933339,0.09588146546871129,0.5623206347419953
9841,olympus,dino_clicks,3+6 clicks,2,0.52020412251809,2,1,17,1,18,0.697681005487697,,
9841,olympus,sam,3+6 clicks,2,0.167578335281531,2,0,67,2,67,0.2739608574091333,,
9841,olympus,microsam,3+6 clicks,2,0.44767836307238523,2,0,2,2,2,0.9545626537176011,,
9841,olympus,rf_clicks,3+6 clicks,2,0.14404188430302867,2,0,112,2,112,0.7692596191547759,,
9841,olympus,dino_multi,3+6 clicks,2,0.500677291067722,2,1,40,1,41,0.8267042375636718,0.750829878579543,0.7190092034996023
9841,olympus,dino_clicks,10+20 clicks,0,0.7760382502769059,2,2,17,0,19,0.8849490486067274,,
9841,olympus,sam,10+20 clicks,0,0.8134656971807177,2,2,85,0,87,0.9115127442800569,,
9841,olympus,microsam,10+20 clicks,0,0.44238797592522405,2,0,23,2,23,0.9515608629703569,,
9841,olympus,rf_clicks,10+20 clicks,0,0.34656944115250055,2,1,240,1,241,0.7252115118092886,,
9841,olympus,dino_multi,10+20 clicks,0,0.389602297158817,2,0,52,2,52,0.924095783223893,0.8743617930866007,0.7445562064772853
9841,olympus,dino_clicks,10+20 clicks,1,0.1992336303998974,2,0,36,2,36,0.9011267549852472,,
9841,olympus,sam,10+20 clicks,1,0.650348725925086,2,2,271,0,273,0.815470497408873,,
9841,olympus,microsam,10+20 clicks,1,0.43989299057573444,2,0,13,2,13,0.9478728840959105,,
9841,olympus,rf_clicks,10+20 clicks,1,0.19223223348428847,2,0,66,2,66,0.6756965323093449,,
9841,olympus,dino_multi,10+20 clicks,1,0.4487475047856782,2,0,72,2,72,0.9110554355651548,0.6168153469645535,0.6271210554770419
9841,olympus,dino_clicks,10+20 clicks,2,0.6928327962163059,2,2,27,0,29,0.8307388188781814,,
9841,olympus,sam,10+20 clicks,2,0.729720034101997,2,2,96,0,98,0.8554690378521775,,
9841,olympus,microsam,10+20 clicks,2,0.440165876446434,2,0,15,2,15,0.9516996315940741,,
9841,olympus,rf_clicks,10+20 clicks,2,0.48259152943372885,2,1,228,1,229,0.7241199378929417,,
9841,olympus,dino_multi,10+20 clicks,2,0.29489287266894093,2,0,41,2,41,0.9343677136744156,0.8685566386879853,0.7735161645480932
9845,olympus,otsu,no input,0,0.26282219023943476,1,0,338,1,338,0.8990109201575367,,
9845,olympus,dino_labels,5 labelled training images,0,0.5915769294133505,1,1,11,0,12,0.8958720798366977,,
9845,olympus,dino_clicks,3+6 clicks,0,0.20755756477324216,1,0,79,1,79,0.8227910109607495,,
9845,olympus,sam,3+6 clicks,0,0.9359664280424587,1,1,23,0,24,0.9560634904625626,,
9845,olympus,microsam,3+6 clicks,0,0.9149108777785504,1,1,9,0,10,0.95556497004176,,
9845,olympus,rf_clicks,3+6 clicks,0,0.5058014485331772,1,1,38,0,39,0.8484439426664049,,
9845,olympus,dino_multi,3+6 clicks,0,0.6495040307865839,1,1,10,0,11,0.9186912708374881,0.7814076273982935,0.722103958395085
9845,olympus,dino_clicks,3+6 clicks,1,0.6301225109797576,1,1,45,0,46,0.914622601943609,,
9845,olympus,sam,3+6 clicks,1,0.9204309063893016,1,1,26,0,27,0.9494456649466101,,
9845,olympus,microsam,3+6 clicks,1,0.9196143725403442,1,1,0,0,1,0.9581240750175898,,
9845,olympus,rf_clicks,3+6 clicks,1,0.17078053173644517,1,0,112,1,112,0.8873709539703485,,
9845,olympus,dino_multi,3+6 clicks,1,0.8524031387935262,1,1,8,0,9,0.8976962325413596,0.8617459361830223,0.7291833696025656
9845,olympus,dino_clicks,3+6 clicks,2,0.5644225044651716,1,1,34,0,35,0.7135893694309045,,
9845,olympus,sam,3+6 clicks,2,0.5281932971149315,1,1,7,0,8,0.6912650357937113,,
9845,olympus,microsam,3+6 clicks,2,0.9407220822837952,1,1,0,0,1,0.9694557411092845,,
9845,olympus,rf_clicks,3+6 clicks,2,0.4209244837648458,1,0,24,1,24,0.6894483682415976,,
9845,olympus,dino_multi,3+6 clicks,2,0.6791127170530965,1,1,6,0,7,0.889894026095911,0.6182111358139307,0.5017429700209156
9845,olympus,dino_clicks,10+20 clicks,0,0.6660152232051019,1,1,26,0,27,0.9309960579446195,,
9845,olympus,sam,10+20 clicks,0,0.8784693019343986,1,1,76,0,77,0.9236997819993772,,
9845,olympus,microsam,10+20 clicks,0,0.9315250694724841,1,1,2,0,3,0.9645487746394009,,
9845,olympus,rf_clicks,10+20 clicks,0,0.6280337050305262,1,1,33,0,34,0.9048876826519979,,
9845,olympus,dino_multi,10+20 clicks,0,0.8663696562469568,1,1,16,0,17,0.913670265343586,0.8628774158334781,0.7807294011706438
9845,olympus,dino_clicks,10+20 clicks,1,0.6458466370963566,1,1,15,0,16,0.916641236282851,,
9845,olympus,sam,10+20 clicks,1,0.7683102081268582,1,1,138,0,139,0.8578074544359915,,
9845,olympus,microsam,10+20 clicks,1,0.9254804303904525,1,1,8,0,9,0.9612981942410932,,
9845,olympus,rf_clicks,10+20 clicks,1,0.4775693384794902,1,0,35,1,35,0.7692436904211986,,
9845,olympus,dino_multi,10+20 clicks,1,0.6421094589442307,1,1,11,0,12,0.9113815248222596,0.8767116874604995,0.7446842870215858
9845,olympus,dino_clicks,10+20 clicks,2,0.6499384447028247,1,1,19,0,20,0.9152770921874812,,
9845,olympus,sam,10+20 clicks,2,0.9061663515139609,1,1,55,0,56,0.9407460107734525,,
9845,olympus,microsam,10+20 clicks,2,0.9455365541860633,1,1,1,0,2,0.9720059509050335,,
9845,olympus,rf_clicks,10+20 clicks,2,0.47771408516612074,1,0,75,1,75,0.8194272701673625,,
9845,olympus,dino_multi,10+20 clicks,2,0.6435430073110744,1,1,7,0,8,0.9175442177687588,0.7651696548502015,0.5426164195676311
9859,olympus,otsu,no input,0,0.17556719014220562,4,0,506,4,506,0.6418968347154687,,
9859,olympus,dino_labels,5 labelled training images,0,0.2295270581178684,4,0,37,4,37,0.6457114042650097,,
9859,olympus,dino_clicks,3+6 clicks,0,0.17771018662207416,4,0,80,4,80,0.8756083979301074,,
9859,olympus,sam,3+6 clicks,0,0.375644262029326,4,2,103,2,105,0.6711574736022448,,
9859,olympus,microsam,3+6 clicks,0,0.329375100727341,4,1,112,3,113,0.8029437039376993,,
9859,olympus,rf_clicks,3+6 clicks,0,0.3394958310699853,4,0,195,4,195,0.567602392066336,,
9859,olympus,dino_multi,3+6 clicks,0,0.2804331534746741,4,0,245,4,245,0.7894877559037933,0.4157689248788952,0.5293453999431841
9859,olympus,dino_clicks,3+6 clicks,1,0.164367441868844,4,0,91,4,91,0.8646804629154552,,
9859,olympus,sam,3+6 clicks,1,0.30700453411224393,4,1,279,3,280,0.9007512514957764,,
9859,olympus,microsam,3+6 clicks,1,0.4488384234233158,4,1,24,3,25,0.9432251421799797,,
9859,olympus,rf_clicks,3+6 clicks,1,0.1551742891002624,4,0,83,4,83,0.6558842109174687,,
9859,olympus,dino_multi,3+6 clicks,1,0.084371566480924,4,0,46,4,46,0.2792461698670546,0.05594706668781582,0.3012635596497791
9859,olympus,dino_clicks,3+6 clicks,2,0.21108887543775362,4,0,108,4,108,0.7479437265573697,,
9859,olympus,sam,3+6 clicks,2,0.3273770024962384,4,0,70,4,70,0.5040772791915036,,
9859,olympus,microsam,3+6 clicks,2,0.44609116826541007,4,1,2,3,3,0.8146544707901523,,
9859,olympus,rf_clicks,3+6 clicks,2,0.17638099302760157,4,0,211,4,211,0.7586755748237893,,
9859,olympus,dino_multi,3+6 clicks,2,0.150475791151758,4,0,78,4,78,0.7284304991916593,0.15234239135281685,0.5650841718117784
9859,olympus,dino_clicks,10+20 clicks,0,0.221636263850339,4,0,107,4,107,0.8589209484133107,,
9859,olympus,sam,10+20 clicks,0,0.22305082916547433,4,0,365,4,365,0.7525869280825571,,
9859,olympus,microsam,10+20 clicks,0,0.49222195633997035,4,1,21,3,22,0.8455394929813534,,
9859,olympus,rf_clicks,10+20 clicks,0,0.40425871405975344,4,0,494,4,494,0.7353920604175704,,
9859,olympus,dino_multi,10+20 clicks,0,0.3332013808288032,4,0,99,4,99,0.810825348238843,0.7756552830879248,0.6343240750230603
9859,olympus,dino_clicks,10+20 clicks,1,0.3120112700759398,4,1,104,3,105,0.8416056619997334,,
9859,olympus,sam,10+20 clicks,1,0.15429750958960564,4,0,391,4,391,0.7175253438829822,,
9859,olympus,microsam,10+20 clicks,1,0.35930922999902076,4,1,9,3,10,0.906589405671504,,
9859,olympus,rf_clicks,10+20 clicks,1,0.1908322777136398,4,0,347,4,347,0.7378639616355678,,
9859,olympus,dino_multi,10+20 clicks,1,0.23292583496185076,4,0,170,4,170,0.8418916271968018,0.7984097941121047,0.6332140055997861
9859,olympus,dino_clicks,10+20 clicks,2,0.20403139726904013,4,0,113,4,113,0.8304998328930003,,
9859,olympus,sam,10+20 clicks,2,0.1207929440860443,4,0,411,4,411,0.8269216978922157,,
9859,olympus,microsam,10+20 clicks,2,0.5420784136306551,4,1,16,3,17,0.8843857820634201,,
9859,olympus,rf_clicks,10+20 clicks,2,0.20812837586472063,4,0,225,4,225,0.6822468146653853,,
9859,olympus,dino_multi,10+20 clicks,2,0.07336269121069136,4,0,120,4,120,0.8537296907814381,0.8054768178015309,0.681412727245876
9871,olympus,otsu,no input,0,0.32084433696699444,2,1,191,1,192,0.631611056361162,,
9871,olympus,dino_labels,5 labelled training images,0,0.3970168056656943,2,0,17,2,17,0.8553279764447899,,
9871,olympus,dino_clicks,3+6 clicks,0,0.666048828103448,2,1,40,1,41,0.7722056493224535,,
9871,olympus,sam,3+6 clicks,0,0.6463178986918403,2,2,50,0,52,0.7937248176297149,,
9871,olympus,microsam,3+6 clicks,0,0.5720966168978925,2,1,16,1,17,0.9361708365910868,,
9871,olympus,rf_clicks,3+6 clicks,0,0.3532986833277119,2,0,47,2,47,0.6318824460979575,,
9871,olympus,dino_multi,3+6 clicks,0,0.15524987302054893,2,0,62,2,62,0.6001688937459639,0.4927580100797603,0.6164601692696973
9871,olympus,dino_clicks,3+6 clicks,1,0.3287800129575123,2,0,73,2,73,0.5458374948193745,,
9871,olympus,sam,3+6 clicks,1,0.4688795891951881,2,0,82,2,82,0.6309199285239145,,
9871,olympus,microsam,3+6 clicks,1,0.20466619815100862,2,0,31,2,31,0.9169442775744998,,
9871,olympus,rf_clicks,3+6 clicks,1,0.3974372598712639,2,1,54,1,55,0.5913009428363405,,
9871,olympus,dino_multi,3+6 clicks,1,0.370138652193982,2,0,129,2,129,0.6615893539947676,0.6394876642656476,0.47036747070300367
9871,olympus,dino_clicks,3+6 clicks,2,0.3655967459748173,2,0,72,2,72,0.8371963968963364,,
9871,olympus,sam,3+6 clicks,2,0.6008310169527216,2,2,108,0,110,0.808282399900212,,
9871,olympus,microsam,3+6 clicks,2,0.5067909811865565,2,1,24,1,25,0.9290935501800569,,
9871,olympus,rf_clicks,3+6 clicks,2,0.445389358529124,2,0,487,2,487,0.6753813155386083,,
9871,olympus,dino_multi,3+6 clicks,2,0.39203191044241753,2,0,107,2,107,0.8048330444418464,0.6662641330728705,0.5187780925803634
9871,olympus,dino_clicks,10+20 clicks,0,0.6700791427192387,2,2,59,0,61,0.8144034906922183,,
9871,olympus,sam,10+20 clicks,0,0.5207273938522388,2,1,233,1,234,0.6862493681342391,,
9871,olympus,microsam,10+20 clicks,0,0.9301074895811996,2,2,32,0,34,0.9632724124850454,,
9871,olympus,rf_clicks,10+20 clicks,0,0.4184630024036041,2,1,301,1,302,0.7659834618404895,,
9871,olympus,dino_multi,10+20 clicks,0,0.1643267153080235,2,0,115,2,115,0.8407366882131725,0.829924459954941,0.7307403959433519
9871,olympus,dino_clicks,10+20 clicks,1,0.6645812121509568,2,1,69,1,70,0.8605194576418717,,
9871,olympus,sam,10+20 clicks,1,0.5351810019049652,2,1,155,1,156,0.6864954993355565,,
9871,olympus,microsam,10+20 clicks,1,0.7713445813798662,2,2,29,0,31,0.9482741531243658,,
9871,olympus,rf_clicks,10+20 clicks,1,0.397856169363986,2,0,226,2,226,0.6438203171841385,,
9871,olympus,dino_multi,10+20 clicks,1,0.4900421906388643,2,1,118,1,119,0.7291832343172568,0.599182458110773,0.5763236458904527
9871,olympus,dino_clicks,10+20 clicks,2,0.6558302963742041,2,1,64,1,65,0.8490177178248667,,
9871,olympus,sam,10+20 clicks,2,0.3799472732922584,2,1,305,1,306,0.5606479249971148,,
9871,olympus,microsam,10+20 clicks,2,0.6154355704978457,2,1,12,1,13,0.9478938457259681,,
9871,olympus,rf_clicks,10+20 clicks,2,0.3575895192557203,2,0,275,2,275,0.7364566406518207,,
9871,olympus,dino_multi,10+20 clicks,2,0.06879500616053984,2,0,59,2,59,0.8516289218268001,0.8793512982226227,0.6982960534020377
9875,olympus,otsu,no input,0,0.2796521828246827,5,0,148,5,148,0.6818668538343422,,
9875,olympus,dino_labels,5 labelled training images,0,0.15337175523246743,5,0,20,5,20,0.8802170812542655,,
9875,olympus,dino_clicks,3+6 clicks,0,0.4943270811980308,5,2,50,3,52,0.7506010201291212,,
9875,olympus,sam,3+6 clicks,0,0.36073579437566466,5,1,96,4,97,0.4847698185739065,,
9875,olympus,microsam,3+6 clicks,0,0.1814240768760072,5,0,13,5,13,0.9505066725732322,,
9875,olympus,rf_clicks,3+6 clicks,0,0.12237971762524977,5,0,20,5,20,0.8421711677833321,,
9875,olympus,dino_multi,3+6 clicks,0,0.3160231894959426,5,0,58,5,58,0.8732729127416604,0.8122925019387605,0.6870487487848304
9875,olympus,dino_clicks,3+6 clicks,1,0.5430436931101401,5,3,29,2,32,0.7025570794513974,,
9875,olympus,sam,3+6 clicks,1,0.32368317962837756,5,1,34,4,35,0.4540529551053601,,
9875,olympus,microsam,3+6 clicks,1,0.1832711021552163,5,0,11,5,11,0.6343636262113006,,
9875,olympus,rf_clicks,3+6 clicks,1,0.20082347170359416,5,0,11,5,11,0.6774547396477318,,
9875,olympus,dino_multi,3+6 clicks,1,0.36120206065875404,5,1,108,4,109,0.8624316330237144,0.8187143028214113,0.6861187316353103
9875,olympus,dino_clicks,3+6 clicks,2,0.1336235085331085,5,0,43,5,43,0.87724638030396,,
9875,olympus,sam,3+6 clicks,2,0.2644615044124301,5,1,73,4,74,0.542299203046284,,
9875,olympus,microsam,3+6 clicks,2,0.18724412843319319,5,1,10,4,11,0.43928952042628777,,
9875,olympus,rf_clicks,3+6 clicks,2,0.11919837445594436,5,0,57,5,57,0.8613482170731521,,
9875,olympus,dino_multi,3+6 clicks,2,0.142413424280512,5,0,73,5,73,0.7174730062840676,0.5215315224512422,0.5554956812395545
9875,olympus,dino_clicks,10+20 clicks,0,0.1633737911126969,5,0,47,5,47,0.8984576189221811,,
9875,olympus,sam,10+20 clicks,0,0.2732426487669719,5,0,266,5,266,0.6027878986584031,,
9875,olympus,microsam,10+20 clicks,0,0.35530861548777076,5,2,11,3,13,0.7470751513500566,,
9875,olympus,rf_clicks,10+20 clicks,0,0.11373806816753876,5,0,130,5,130,0.8755352480417754,,
9875,olympus,dino_multi,10+20 clicks,0,0.15997043126357469,5,0,64,5,64,0.8532448276200669,0.8134482340089817,0.7185223669359896
9875,olympus,dino_clicks,10+20 clicks,1,0.6338362400188913,5,4,33,1,37,0.8711879150123588,,
9875,olympus,sam,10+20 clicks,1,0.4297925842354943,5,0,137,5,137,0.602521827663407,,
9875,olympus,microsam,10+20 clicks,1,0.22268843569745211,5,0,26,5,26,0.9093203569438926,,
9875,olympus,rf_clicks,10+20 clicks,1,0.14237539800164228,5,0,66,5,66,0.811918504390175,,
9875,olympus,dino_multi,10+20 clicks,1,0.0966999353265954,5,0,55,5,55,0.8850576093204416,0.8401391613383048,0.7262705587656835
9875,olympus,dino_clicks,10+20 clicks,2,0.1279405560617049,5,0,54,5,54,0.8855405006445556,,
9875,olympus,sam,10+20 clicks,2,0.44045419879083497,5,2,220,3,222,0.8798662424740011,,
9875,olympus,microsam,10+20 clicks,2,0.18669842330094627,5,0,21,5,21,0.9626139191945655,,
9875,olympus,rf_clicks,10+20 clicks,2,0.13249397254986248,5,0,154,5,154,0.8807169704396061,,
9875,olympus,dino_multi,10+20 clicks,2,0.4182726254351752,5,1,61,4,62,0.8317207361032062,0.7802479864991865,0.6036931755774156
9886,olympus,otsu,no input,0,0.14378372548240514,5,0,304,5,304,0.6572467810052357,,
9886,olympus,dino_labels,5 labelled training images,0,0.20343343002535427,5,0,13,5,13,0.8388858123584586,,
9886,olympus,dino_clicks,3+6 clicks,0,0.3344276774380332,5,0,119,5,119,0.613606280646285,,
9886,olympus,sam,3+6 clicks,0,0.08946307669501839,5,0,260,5,260,0.8875743707093822,,
9886,olympus,microsam,3+6 clicks,0,0.11607058347907198,5,0,9,5,9,0.9204789107728122,,
9886,olympus,rf_clicks,3+6 clicks,0,0.10481149897865802,5,0,236,5,236,0.5585848628283178,,
9886,olympus,dino_multi,3+6 clicks,0,0.2925412020504716,5,2,102,3,104,0.5432890175568594,0.37624799502438705,0.4177705483760807
9886,olympus,dino_clicks,3+6 clicks,1,0.2670928498715345,5,0,63,5,63,0.45661959204803,,
9886,olympus,sam,3+6 clicks,1,0.1400152394154332,5,0,85,5,85,0.5245476553805202,,
9886,olympus,microsam,3+6 clicks,1,0.28520337976147,5,1,12,4,13,0.6543303764303419,,
9886,olympus,rf_clicks,3+6 clicks,1,0.14215719278765743,5,0,146,5,146,0.5934929888136127,,
9886,olympus,dino_multi,3+6 clicks,1,0.2802975709493112,5,1,91,4,92,0.615456372180808,0.41945378905548747,0.4324751391457488
9886,olympus,dino_clicks,3+6 clicks,2,0.10926241441257412,5,0,41,5,41,0.743387049857467,,
9886,olympus,sam,3+6 clicks,2,0.2714096677696646,5,1,130,4,131,0.7462885486009494,,
9886,olympus,microsam,3+6 clicks,2,0.2890160007322171,5,1,32,4,33,0.7582286489351023,,
9886,olympus,rf_clicks,3+6 clicks,2,0.07170174154601829,5,0,85,5,85,0.6963589424018517,,
9886,olympus,dino_multi,3+6 clicks,2,0.243894658665806,5,0,130,5,130,0.799138682389131,0.7657863672394031,0.507008070375243
9886,olympus,dino_clicks,10+20 clicks,0,0.11498255382262215,5,0,62,5,62,0.8911266229289359,,
9886,olympus,sam,10+20 clicks,0,0.19605107110409342,5,0,295,5,295,0.8391718472332392,,
9886,olympus,microsam,10+20 clicks,0,0.1142968579175427,5,0,19,5,19,0.9175702721555196,,
9886,olympus,rf_clicks,10+20 clicks,0,0.13553751965156882,5,0,156,5,156,0.7372241949146963,,
9886,olympus,dino_multi,10+20 clicks,0,0.09571331186167066,5,0,48,5,48,0.8628524416217505,0.7083039982213658,0.6978619362222338
9886,olympus,dino_clicks,10+20 clicks,1,0.5072923723660622,5,3,35,2,38,0.7144767156399894,,
9886,olympus,sam,10+20 clicks,1,0.33496352493391585,5,1,473,4,474,0.8634702759776025,,
9886,olympus,microsam,10+20 clicks,1,0.12125321200785848,5,0,38,5,38,0.9195572436827846,,
9886,olympus,rf_clicks,10+20 clicks,1,0.14591290152609365,5,0,280,5,280,0.76395631846627,,
9886,olympus,dino_multi,10+20 clicks,1,0.2402821032568788,5,0,87,5,87,0.8311706773163223,0.7039235080778108,0.6334063747891648
9886,olympus,dino_clicks,10+20 clicks,2,0.07584631920243443,5,0,87,5,87,0.8658016593767988,,
9886,olympus,sam,10+20 clicks,2,0.2726045473932362,5,1,447,4,448,0.7301011599738055,,
9886,olympus,microsam,10+20 clicks,2,0.29054887423227777,5,0,33,5,33,0.8770515144996568,,
9886,olympus,rf_clicks,10+20 clicks,2,0.2337962810658639,5,0,366,5,366,0.7053285422446283,,
9886,olympus,dino_multi,10+20 clicks,2,0.08267691502882146,5,0,93,5,93,0.8625125064147293,0.7574136599608814,0.7185320371508077
9889,olympus,otsu,no input,0,0.4713359385064628,1,0,327,1,327,0.7246447185264316,,
9889,olympus,dino_labels,5 labelled training images,0,0.11393376879936834,1,0,19,1,19,0.8728616002582219,,
9889,olympus,dino_clicks,3+6 clicks,0,0.31157704473565295,1,0,25,1,25,0.9086165320402166,,
9889,olympus,sam,3+6 clicks,0,0.9088200238379023,1,1,5,0,6,0.9510176313849992,,
9889,olympus,microsam,3+6 clicks,0,0.9398033765698991,1,1,0,0,1,0.9689676674671301,,
9889,olympus,rf_clicks,3+6 clicks,0,0.37531797456203503,1,0,54,1,54,0.8390084591498019,,
9889,olympus,dino_multi,3+6 clicks,0,0.5476090666826362,1,1,46,0,47,0.8655844002177154,0.4885942800236517,0.5799729579257138
9889,olympus,dino_clicks,3+6 clicks,1,0.46426938899893344,1,0,57,1,57,0.8553882864862968,,
9889,olympus,sam,3+6 clicks,1,0.42965984924215816,1,0,4,1,4,0.6023600490890211,,
9889,olympus,microsam,3+6 clicks,1,0.9443580170089193,1,1,0,0,1,0.9713828510468062,,
9889,olympus,rf_clicks,3+6 clicks,1,0.3977293683725219,1,0,161,1,161,0.882944427387166,,
9889,olympus,dino_multi,3+6 clicks,1,0.34205108654212735,1,0,53,1,53,0.744966164321003,0.553947975988918,0.6916176925456232
9889,olympus,dino_clicks,3+6 clicks,2,0.2693641189353725,1,0,35,1,35,0.9045737294157244,,
9889,olympus,sam,3+6 clicks,2,0.8546335884099017,1,1,5,0,6,0.9223477622890682,,
9889,olympus,microsam,3+6 clicks,2,0.9450307257499935,1,1,1,0,2,0.9717386087930253,,
9889,olympus,rf_clicks,3+6 clicks,2,0.20807044862673504,1,0,219,1,219,0.6407289356984479,,
9889,olympus,dino_multi,3+6 clicks,2,0.8433348602840128,1,1,32,0,33,0.9011813560535548,0.750138633511368,0.734819055407892
9889,olympus,dino_clicks,10+20 clicks,0,0.885925846434512,1,1,37,0,38,0.9110554423828663,,
9889,olympus,sam,10+20 clicks,0,0.8740284894696839,1,1,98,0,99,0.957881584780944,,
9889,olympus,microsam,10+20 clicks,0,0.943772623676096,1,1,1,0,2,0.9710730691239154,,
9889,olympus,rf_clicks,10+20 clicks,0,0.39025947640332037,1,0,107,1,107,0.878015017956252,,
9889,olympus,dino_multi,10+20 clicks,0,0.289387239418825,1,0,50,1,50,0.8474701692720378,0.9196096654275093,0.7040502490794889
9889,olympus,dino_clicks,10+20 clicks,1,0.8577067669172932,1,1,23,0,24,0.8966852844592887,,
9889,olympus,sam,10+20 clicks,1,0.6956060111074812,1,1,54,0,55,0.8282869850113167,,
9889,olympus,microsam,10+20 clicks,1,0.9159422644677336,1,1,0,0,1,0.9561272084805653,,
9889,olympus,rf_clicks,10+20 clicks,1,0.5859860731161403,1,1,98,0,99,0.8204734447889201,,
9889,olympus,dino_multi,10+20 clicks,1,0.4255277608297742,1,0,60,1,60,0.8924376199616123,0.9109301103520757,0.7469911248057728
9889,olympus,dino_clicks,10+20 clicks,2,0.4433495618305745,1,0,43,1,43,0.9208553554093409,,
9889,olympus,sam,10+20 clicks,2,0.8479612315825542,1,1,52,0,53,0.9449285607471554,,
9889,olympus,microsam,10+20 clicks,2,0.9281178219159573,1,1,0,0,1,0.962718990889979,,
9889,olympus,rf_clicks,10+20 clicks,2,0.45663842192736287,1,0,160,1,160,0.7782744098236328,,
9889,olympus,dino_multi,10+20 clicks,2,0.3394337182005462,1,0,49,1,49,0.9028583079530539,0.8438140806561859,0.7820907890307378
9902,olympus,otsu,no input,0,0.5951558905477015,2,2,307,0,309,0.7247618810360147,,
9902,olympus,dino_labels,5 labelled training images,0,0.18100834683306816,2,0,16,2,16,0.8690665902104989,,
9902,olympus,dino_clicks,3+6 clicks,0,0.860940743997711,2,2,41,0,43,0.9162378893207072,,
9902,olympus,sam,3+6 clicks,0,0.6980158442780646,2,2,31,0,33,0.812363424464624,,
9902,olympus,microsam,3+6 clicks,0,0.439099426324826,2,0,13,2,13,0.9330926656303395,,
9902,olympus,rf_clicks,3+6 clicks,0,0.28571096561110754,2,0,147,2,147,0.4867463912419906,,
9902,olympus,dino_multi,3+6 clicks,0,0.2052541493229222,2,0,51,2,51,0.5388002311079234,0.5601598825352802,0.47557028813526075
9902,olympus,dino_clicks,3+6 clicks,1,0.6344161435720134,2,2,63,0,65,0.7789913054955208,,
9902,olympus,sam,3+6 clicks,1,0.7295546887054589,2,2,54,0,56,0.8687582922396141,,
9902,olympus,microsam,3+6 clicks,1,0.441430662295312,2,0,10,2,10,0.9349914037151462,,
9902,olympus,rf_clicks,3+6 clicks,1,0.4623173871512385,2,0,219,2,219,0.6771074448001313,,
9902,olympus,dino_multi,3+6 clicks,1,0.54803916385543,2,1,199,1,200,0.7839096499910754,0.7690178515892269,0.5082905005037482
9902,olympus,dino_clicks,3+6 clicks,2,0.2573788873498591,2,0,38,2,38,0.8657630712644881,,
9902,olympus,sam,3+6 clicks,2,0.6852534977171157,2,1,57,1,58,0.9155348137850815,,
9902,olympus,microsam,3+6 clicks,2,0.45311160830728836,2,0,5,2,5,0.9467251089220821,,
9902,olympus,rf_clicks,3+6 clicks,2,0.10229727083669768,2,0,10,2,10,0.8548469582698967,,
9902,olympus,dino_multi,3+6 clicks,2,0.3887408539571714,2,0,38,2,38,0.8660392825523822,0.7355515408766422,0.6969943483473198
9902,olympus,dino_clicks,10+20 clicks,0,0.8023068805508315,2,2,33,0,35,0.8779367983069694,,
9902,olympus,sam,10+20 clicks,0,0.911869603791857,2,2,128,0,130,0.9492578339747114,,
9902,olympus,microsam,10+20 clicks,0,0.4512137158761713,2,0,8,2,8,0.9446225456452617,,
9902,olympus,rf_clicks,10+20 clicks,0,0.133057320181453,2,0,121,2,121,0.8146164221776198,,
9902,olympus,dino_multi,10+20 clicks,0,0.8226420253892559,2,2,23,0,25,0.9071416099179326,0.8586623925397057,0.7158513541885366
9902,olympus,dino_clicks,10+20 clicks,1,0.6765698228738213,2,2,33,0,35,0.8075488575284919,,
9902,olympus,sam,10+20 clicks,1,0.4899237095758302,2,1,294,1,295,0.8880180501128132,,
9902,olympus,microsam,10+20 clicks,1,0.45726890946755505,2,1,4,1,5,0.9497848870740002,,
9902,olympus,rf_clicks,10+20 clicks,1,0.40285319005093345,2,0,146,2,146,0.720974697269424,,
9902,olympus,dino_multi,10+20 clicks,1,0.3976045125380224,2,0,60,2,60,0.7961736805246069,0.8424393846540643,0.6845979428871874
9902,olympus,dino_clicks,10+20 clicks,2,0.4157604545032674,2,0,53,2,53,0.8819545234639574,,
9902,olympus,sam,10+20 clicks,2,0.7447578047400183,2,2,320,0,322,0.8514685356220117,,
9902,olympus,microsam,10+20 clicks,2,0.4237850809849346,2,1,13,1,14,0.8448750346813441,,
9902,olympus,rf_clicks,10+20 clicks,2,0.14029401487794613,2,0,114,2,114,0.8689415610952186,,
9902,olympus,dino_multi,10+20 clicks,2,0.4436333383532982,2,0,38,2,38,0.9190842747175847,0.7242808219178082,0.661130717597398
9910,olympus,otsu,no input,0,0.27071775427321115,4,0,416,4,416,0.6518646074369047,,
9910,olympus,dino_labels,5 labelled training images,0,0.32376295186709175,4,0,21,4,21,0.8366367122504602,,
9910,olympus,dino_clicks,3+6 clicks,0,0.11752235840736441,4,0,217,4,217,0.33856414084857533,,
9910,olympus,sam,3+6 clicks,0,0.14162033606093843,4,0,334,4,334,0.7139430460787664,,
9910,olympus,microsam,3+6 clicks,0,0.3568913654573995,4,1,115,3,116,0.8471317548156884,,
9910,olympus,rf_clicks,3+6 clicks,0,0.19231572991950868,4,0,93,4,93,0.8383069372242631,,
9910,olympus,dino_multi,3+6 clicks,0,0.21632531215755427,4,0,258,4,258,0.4140930350263846,0.6098677845856175,0.07731337979506821
9910,olympus,dino_clicks,3+6 clicks,1,0.36285973237446767,4,0,90,4,90,0.7091132811477341,,
9910,olympus,sam,3+6 clicks,1,0.36973391225841745,4,1,403,3,404,0.5610602764917226,,
9910,olympus,microsam,3+6 clicks,1,0.3080270767406962,4,1,20,3,21,0.7922978713369917,,
9910,olympus,rf_clicks,3+6 clicks,1,0.23987508787232198,4,0,227,4,227,0.7460231767729756,,
9910,olympus,dino_multi,3+6 clicks,1,0.11211398199976362,4,0,176,4,176,0.5655612145717507,0.5592299854583584,0.33683067758961793
9910,olympus,dino_clicks,3+6 clicks,2,0.31889018269640734,4,0,105,4,105,0.8597373425395326,,
9910,olympus,sam,3+6 clicks,2,0.3681570574906788,4,2,371,2,373,0.6042415749959935,,
9910,olympus,microsam,3+6 clicks,2,0.250440077112335,4,0,168,4,168,0.8462417207763382,,
9910,olympus,rf_clicks,3+6 clicks,2,0.24842817307981488,4,0,446,4,446,0.7281038311268516,,
9910,olympus,dino_multi,3+6 clicks,2,0.21660363611434374,4,0,186,4,186,0.45203256311735707,0.6230067194865109,0.21918020774966596
9910,olympus,dino_clicks,10+20 clicks,0,0.47964809714820655,4,2,106,2,108,0.8786019407886615,,
9910,olympus,sam,10+20 clicks,0,0.308234702347858,4,1,289,3,290,0.6164842317022662,,
9910,olympus,microsam,10+20 clicks,0,0.3229780311265599,4,0,18,4,18,0.9393927266698301,,
9910,olympus,rf_clicks,10+20 clicks,0,0.19997146398022317,4,0,110,4,110,0.8885196768308574,,
9910,olympus,dino_multi,10+20 clicks,0,0.4857661613341182,4,2,337,2,339,0.8335262925603024,0.8031412045621638,0.5817045076323673
9910,olympus,dino_clicks,10+20 clicks,1,0.5614274661689195,4,2,114,2,116,0.8730397711768917,,
9910,olympus,sam,10+20 clicks,1,0.6186994561024435,4,3,384,1,387,0.7836889548151529,,
9910,olympus,microsam,10+20 clicks,1,0.29944364622642927,4,0,11,4,11,0.9340204366767494,,
9910,olympus,rf_clicks,10+20 clicks,1,0.27468065426329424,4,0,131,4,131,0.8165110552904246,,
9910,olympus,dino_multi,10+20 clicks,1,0.09270035559005,4,0,67,4,67,0.8652599279116445,0.7803108949841547,0.6229891238838768
9910,olympus,dino_clicks,10+20 clicks,2,0.4142328129785359,4,0,84,4,84,0.8036688303886804,,
9910,olympus,sam,10+20 clicks,2,0.258873147048437,4,0,376,4,376,0.4738589064316586,,
9910,olympus,microsam,10+20 clicks,2,0.3238017048218587,4,0,13,4,13,0.9371996950914868,,
9910,olympus,rf_clicks,10+20 clicks,2,0.19359012287190225,4,0,71,4,71,0.8619300760739547,,
9910,olympus,dino_multi,10+20 clicks,2,0.2567603390071919,4,0,184,4,184,0.8786899060406455,0.795989932885906,0.7814923501027319
9912,olympus,otsu,no input,0,0.4185892327880251,4,0,250,4,250,0.624187698959548,,
9912,olympus,dino_labels,5 labelled training images,0,0.3758833878205828,4,1,22,3,23,0.9003800851634671,,
9912,olympus,dino_clicks,3+6 clicks,0,0.3163241778450633,4,1,153,3,154,0.8919620916231756,,
9912,olympus,sam,3+6 clicks,0,0.45212440260313524,4,2,113,2,115,0.7294491939640616,,
9912,olympus,microsam,3+6 clicks,0,0.5114876615925625,4,2,18,2,20,0.7252818314352113,,
9912,olympus,rf_clicks,3+6 clicks,0,0.2598179104152867,4,0,393,4,393,0.5874074337450262,,
9912,olympus,dino_multi,3+6 clicks,0,0.2208215158811743,4,0,141,4,141,0.5383868630105145,0.6222964188630186,0.3652859960552268
9912,olympus,dino_clicks,3+6 clicks,1,0.42954955404327144,4,1,40,3,41,0.9205128972111712,,
9912,olympus,sam,3+6 clicks,1,0.5362180235870896,4,2,112,2,114,0.8539791841883936,,
9912,olympus,microsam,3+6 clicks,1,0.4047894926497241,4,1,24,3,25,0.9322772816503455,,
9912,olympus,rf_clicks,3+6 clicks,1,0.23951306759427643,4,0,120,4,120,0.8678909224910945,,
9912,olympus,dino_multi,3+6 clicks,1,0.33695580381809676,4,1,105,3,106,0.8766524811987507,0.7368439682839343,0.6950977129855297
9912,olympus,dino_clicks,3+6 clicks,2,0.666145621056009,4,3,111,1,114,0.8502396428336945,,
9912,olympus,sam,3+6 clicks,2,0.4019999569338012,4,2,273,2,275,0.7325048937867034,,
9912,olympus,microsam,3+6 clicks,2,0.47657341938014686,4,2,110,2,112,0.8616524907709426,,
9912,olympus,rf_clicks,3+6 clicks,2,0.34697018408759983,4,0,115,4,115,0.5506024302877611,,
9912,olympus,dino_multi,3+6 clicks,2,0.29239852884478734,4,0,62,4,62,0.8205440104389847,0.3864157949476109,0.6597605052754555
9912,olympus,dino_clicks,10+20 clicks,0,0.36482661858013155,4,1,70,3,71,0.926603829243282,,
9912,olympus,sam,10+20 clicks,0,0.16276296939323326,4,0,412,4,412,0.5768448886587867,,
9912,olympus,microsam,10+20 clicks,0,0.4494122044823734,4,2,42,2,44,0.7382389774635391,,
9912,olympus,rf_clicks,10+20 clicks,0,0.2692068829914899,4,1,242,3,243,0.8526684300974615,,
9912,olympus,dino_multi,10+20 clicks,0,0.32966951154159774,4,1,146,3,147,0.9195589590705825,0.8419848298656722,0.7729896144185571
9912,olympus,dino_clicks,10+20 clicks,1,0.40499265351197333,4,1,54,3,55,0.9267900162883923,,
9912,olympus,sam,10+20 clicks,1,0.17159309515663768,4,0,609,4,609,0.8271676923679981,,
9912,olympus,microsam,10+20 clicks,1,0.4054293474168668,4,1,5,3,6,0.9335178652026934,,
9912,olympus,rf_clicks,10+20 clicks,1,0.3011465079156124,4,1,167,3,168,0.7934815598807754,,
9912,olympus,dino_multi,10+20 clicks,1,0.309418610476088,4,1,68,3,69,0.8486100335526514,0.8390830153531833,0.6824710024656299
9912,olympus,dino_clicks,10+20 clicks,2,0.42218339215032696,4,1,55,3,56,0.7107519072360131,,
9912,olympus,sam,10+20 clicks,2,0.45851886213051135,4,2,186,2,188,0.657644869852109,,
9912,olympus,microsam,10+20 clicks,2,0.4289213131906434,4,1,23,3,24,0.9468855739236719,,
9912,olympus,rf_clicks,10+20 clicks,2,0.2521182716300861,4,0,272,4,272,0.5743037402464671,,
9912,olympus,dino_multi,10+20 clicks,2,0.4133491025919486,4,1,95,3,96,0.9229292135812167,0.831158396886671,0.7946103356672722
