image,camera,method,condition,seed,min_px,official,n_cells,tp,fp,fn,n_pred,dice_local
102,nikon,dino_clicks,3+6 clicks,0,16000,0.23486971064518888,8,2,5,6,7,0.8674997346483887
102,nikon,sam,3+6 clicks,0,12000,0.30176062943406046,8,2,2,6,4,0.8355957314753639
102,nikon,rf_clicks,3+6 clicks,0,16000,0.4064124792718483,8,3,3,5,6,0.8327727654654264
102,nikon,dino_clicks,3+6 clicks,1,16000,0.7326431451566626,8,7,1,1,8,0.8738371718433273
102,nikon,sam,3+6 clicks,1,12000,0.2520990866583065,8,3,0,5,3,0.5109013135580662
102,nikon,rf_clicks,3+6 clicks,1,16000,0.0,8,0,0,8,0,0.0
102,nikon,dino_clicks,3+6 clicks,2,16000,0.6050737677068903,8,5,3,3,8,0.803316794179321
102,nikon,sam,3+6 clicks,2,12000,0.5319057868347887,8,4,1,4,5,0.8384112151920076
102,nikon,rf_clicks,3+6 clicks,2,16000,0.372276015845409,8,3,2,5,5,0.6647376665637739
102,nikon,dino_clicks,10+20 clicks,0,16000,0.7029672686985289,8,6,3,2,9,0.8709254489300146
102,nikon,sam,10+20 clicks,0,16000,0.4527415126621226,8,4,0,4,4,0.6844675584564416
102,nikon,rf_clicks,10+20 clicks,0,16000,0.29266878527397,8,1,3,7,4,0.8801535311082759
102,nikon,dino_labels,5 labelled training images,0,16000,0.5800470776418267,8,4,2,4,6,0.9542769255388663
102,nikon,dino_clicks,10+20 clicks,1,16000,0.7432493869276917,8,7,3,1,10,0.910295865850736
102,nikon,sam,10+20 clicks,1,16000,0.28853631600569013,8,2,1,6,3,0.576315665266437
102,nikon,rf_clicks,10+20 clicks,1,16000,0.3572005834184987,8,2,4,6,6,0.89345017041165
102,nikon,dino_clicks,10+20 clicks,2,16000,0.509971341690436,8,5,2,3,7,0.7319125210821962
102,nikon,sam,10+20 clicks,2,16000,0.6395162189575256,8,4,2,4,6,0.8720680920658981
102,nikon,rf_clicks,10+20 clicks,2,16000,0.37748971817151783,8,3,2,5,5,0.7776053423626788
104,nikon,dino_clicks,3+6 clicks,0,16000,0.5675637139761042,4,2,2,2,4,0.928171901495786
104,nikon,sam,3+6 clicks,0,12000,0.4742137869115205,4,2,0,2,2,0.6395931710860879
104,nikon,rf_clicks,3+6 clicks,0,16000,0.37177484975111796,4,1,3,3,4,0.8768520020836358
104,nikon,dino_clicks,3+6 clicks,1,16000,0.6501520553800346,4,2,1,2,3,0.9461588969139856
104,nikon,sam,3+6 clicks,1,12000,0.19420251585319145,4,0,1,4,1,0.5266880783054217
104,nikon,rf_clicks,3+6 clicks,1,16000,0.335343371325817,4,1,3,3,4,0.8299968521086618
104,nikon,dino_clicks,3+6 clicks,2,16000,0.6339539770600372,4,2,1,2,3,0.9391876939196726
104,nikon,sam,3+6 clicks,2,12000,0.4715449312717026,4,2,0,2,2,0.6361047870564308
104,nikon,rf_clicks,3+6 clicks,2,16000,0.36160297619817305,4,1,3,3,4,0.8396334063864085
104,nikon,dino_clicks,10+20 clicks,0,16000,0.9168956970390564,4,4,0,0,4,0.9570686104064697
104,nikon,sam,10+20 clicks,0,16000,0.8571540081090812,4,4,0,0,4,0.9524773718356562
104,nikon,rf_clicks,10+20 clicks,0,16000,0.35767093868798483,4,1,1,3,2,0.8440210905074903
104,nikon,dino_labels,5 labelled training images,0,16000,0.871023849570425,4,4,0,0,4,0.9480778529980658
104,nikon,dino_clicks,10+20 clicks,1,16000,0.8432193948988236,4,4,0,0,4,0.9473884433011635
104,nikon,sam,10+20 clicks,1,16000,0.4620530676849513,4,2,0,2,2,0.6776700971479344
104,nikon,rf_clicks,10+20 clicks,1,16000,0.32976408772609445,4,1,2,3,3,0.8594240339810442
104,nikon,dino_clicks,10+20 clicks,2,16000,0.8971744946746009,4,4,0,0,4,0.946920278054364
104,nikon,sam,10+20 clicks,2,16000,0.9105650963194012,4,4,0,0,4,0.9542918564774531
104,nikon,rf_clicks,10+20 clicks,2,16000,0.3365796025000545,4,1,3,3,4,0.8443912868951167
110,nikon,dino_clicks,3+6 clicks,0,16000,0.45577368951315006,4,2,4,2,6,0.9064730304693933
110,nikon,sam,3+6 clicks,0,12000,0.4573661930295506,4,2,0,2,2,0.6198682340782845
110,nikon,rf_clicks,3+6 clicks,0,16000,0.36480166265211056,4,0,4,4,4,0.7734339575439493
110,nikon,dino_clicks,3+6 clicks,1,16000,0.6369899616894132,4,2,2,2,4,0.9419354838709677
110,nikon,sam,3+6 clicks,1,12000,0.566390065229171,4,3,0,1,3,0.7491577370532563
110,nikon,rf_clicks,3+6 clicks,1,16000,0.2650617821357495,4,0,4,4,4,0.8275673967348246
110,nikon,dino_clicks,3+6 clicks,2,16000,0.6173214970667582,4,2,3,2,5,0.9326217355759073
110,nikon,sam,3+6 clicks,2,12000,0.31161554451637236,4,1,2,3,3,0.7640700158935657
110,nikon,rf_clicks,3+6 clicks,2,16000,0.21701856276968062,4,0,5,4,5,0.8579763383933877
110,nikon,dino_clicks,10+20 clicks,0,16000,0.671544056289075,4,3,0,1,3,0.9461902126957316
110,nikon,sam,10+20 clicks,0,16000,0.4636125936525124,4,2,0,2,2,0.786282379522347
110,nikon,rf_clicks,10+20 clicks,0,16000,0.30139429594164857,4,0,4,4,4,0.8377690369912052
110,nikon,dino_labels,5 labelled training images,0,16000,0.5600326717326405,4,2,2,2,4,0.8864931263394491
110,nikon,dino_clicks,10+20 clicks,1,16000,0.6387211998208401,4,2,1,2,3,0.9430946143859698
110,nikon,sam,10+20 clicks,1,16000,0.6165256402837885,4,3,0,1,3,0.8093156924411669
110,nikon,rf_clicks,10+20 clicks,1,16000,0.3559234264446264,4,1,4,3,5,0.8887124667956932
110,nikon,dino_clicks,10+20 clicks,2,16000,0.6692464618483088,4,3,0,1,3,0.9442752681498148
110,nikon,sam,10+20 clicks,2,16000,0.6733379129596075,4,3,0,1,3,0.8229302017028789
110,nikon,rf_clicks,10+20 clicks,2,16000,0.25319671407503674,4,0,5,4,5,0.8401177572594675
113,nikon,dino_clicks,3+6 clicks,0,16000,0.7499446436054242,3,3,0,0,3,0.8475290830118762
113,nikon,sam,3+6 clicks,0,12000,0.33468572453551176,3,1,1,2,2,0.47958015574867385
113,nikon,rf_clicks,3+6 clicks,0,16000,0.8294083874523808,3,3,0,0,3,0.937414754948893
113,nikon,dino_clicks,3+6 clicks,1,16000,0.9191035368097654,3,3,0,0,3,0.9570729668468912
113,nikon,sam,3+6 clicks,1,12000,0.5827724617357845,3,2,1,1,3,0.7273713545657348
113,nikon,rf_clicks,3+6 clicks,1,16000,0.7345469849035021,3,3,0,0,3,0.9286357796649022
113,nikon,dino_clicks,3+6 clicks,2,16000,0.7358605748176933,3,3,0,0,3,0.8418894720592776
113,nikon,sam,3+6 clicks,2,12000,0.6265525647512883,3,2,0,1,2,0.7402749224009352
113,nikon,rf_clicks,3+6 clicks,2,16000,0.4531143633190262,3,1,1,2,2,0.9008271048144193
113,nikon,dino_clicks,10+20 clicks,0,16000,0.8726564084991623,3,3,0,0,3,0.9278572839924352
113,nikon,sam,10+20 clicks,0,16000,0.8070723953870358,3,3,0,0,3,0.8945963307618413
113,nikon,rf_clicks,10+20 clicks,0,16000,0.7281731807915083,3,3,0,0,3,0.9344282066206274
113,nikon,dino_labels,5 labelled training images,0,16000,0.6004798800383998,3,1,2,2,3,0.9460948007384414
113,nikon,dino_clicks,10+20 clicks,1,16000,0.8780888101985739,3,3,0,0,3,0.9317130144605117
113,nikon,sam,10+20 clicks,1,16000,0.5395107611829513,3,2,1,1,3,0.697183049838349
113,nikon,rf_clicks,10+20 clicks,1,16000,0.7077769369826076,3,3,0,0,3,0.9159916661351701
113,nikon,dino_clicks,10+20 clicks,2,16000,0.89275352044273,3,3,0,0,3,0.9411784440244679
113,nikon,sam,10+20 clicks,2,16000,0.738577310789398,3,3,0,0,3,0.8573725170200587
113,nikon,rf_clicks,10+20 clicks,2,16000,0.4071224692451894,3,1,1,2,2,0.9101285719244138
115,nikon,dino_clicks,3+6 clicks,0,16000,0.6049640299577297,4,3,0,1,3,0.8294411796496777
115,nikon,sam,3+6 clicks,0,12000,0.3396894743831481,4,1,1,3,2,0.8296995792687264
115,nikon,rf_clicks,3+6 clicks,0,16000,0.4073327144484182,4,2,2,2,4,0.8715551898436582
115,nikon,dino_clicks,3+6 clicks,1,16000,0.5847209543582589,4,3,0,1,3,0.8394902761744073
115,nikon,sam,3+6 clicks,1,12000,0.43574832579644585,4,2,0,2,2,0.8865608275146504
115,nikon,rf_clicks,3+6 clicks,1,16000,0.4185263932217998,4,2,2,2,4,0.7882490386019568
115,nikon,dino_clicks,3+6 clicks,2,16000,0.3592440116890707,4,2,0,2,2,0.6304482710308432
115,nikon,sam,3+6 clicks,2,12000,0.24260270808173398,4,1,0,3,1,0.6949181543375349
115,nikon,rf_clicks,3+6 clicks,2,16000,0.27194905340083453,4,1,1,3,2,0.6144390515897656
115,nikon,dino_clicks,10+20 clicks,0,16000,0.6129837931447144,4,3,0,1,3,0.8611132187957292
115,nikon,sam,10+20 clicks,0,16000,0.26492498407897297,4,0,2,4,2,0.8460441345430054
115,nikon,rf_clicks,10+20 clicks,0,16000,0.3789095511200188,4,2,3,2,5,0.8855016322089228
115,nikon,dino_labels,5 labelled training images,0,16000,0.3749199984834232,4,1,1,3,2,0.8513371379599151
115,nikon,dino_clicks,10+20 clicks,1,16000,0.5862117657352593,4,3,0,1,3,0.8149939262048279
115,nikon,sam,10+20 clicks,1,16000,0.443892200933409,4,2,0,2,2,0.8816652167455282
115,nikon,rf_clicks,10+20 clicks,1,16000,0.34957088690800897,4,1,2,3,3,0.7189058847350305
115,nikon,dino_clicks,10+20 clicks,2,16000,0.6209877784998931,4,3,0,1,3,0.8673338382780311
115,nikon,sam,10+20 clicks,2,16000,0.24052796976309346,4,0,4,4,4,0.834395247059974
115,nikon,rf_clicks,10+20 clicks,2,16000,0.37124562728409677,4,2,7,2,9,0.8809600361490803
1693,olympus,dino_clicks,3+6 clicks,0,16000,0.6730081763417983,1,1,1,0,2,0.9197376428426534
1693,olympus,sam,3+6 clicks,0,12000,0.9622116800261737,1,1,0,0,1,0.9807419758232597
1693,olympus,rf_clicks,3+6 clicks,0,16000,0.6993074382926234,1,1,2,0,3,0.9537453232745402
1693,olympus,dino_clicks,3+6 clicks,1,16000,0.38513365893538,1,0,3,1,3,0.8665392818349759
1693,olympus,sam,3+6 clicks,1,12000,0.9579355120301162,1,1,0,0,1,0.9785158971215203
1693,olympus,rf_clicks,3+6 clicks,1,16000,0.7001452746476108,1,1,1,0,2,0.9518861209964413
1693,olympus,dino_clicks,3+6 clicks,2,16000,0.5800010890675766,1,1,1,0,2,0.7341780876997485
1693,olympus,sam,3+6 clicks,2,12000,0.3957399308287738,1,0,1,1,1,0.5670682941538946
1693,olympus,rf_clicks,3+6 clicks,2,16000,0.5321295143212952,1,1,1,0,2,0.802039667146343
1693,olympus,dino_clicks,10+20 clicks,0,16000,0.6909303626837581,1,1,1,0,2,0.9323540515495762
1693,olympus,sam,10+20 clicks,0,16000,0.953331146585028,1,1,0,0,1,0.9761080687744307
1693,olympus,rf_clicks,10+20 clicks,0,16000,0.6956516006539739,1,1,1,0,2,0.9461226026844555
1693,olympus,dino_labels,5 labelled training images,0,16000,0.40785300066424357,1,0,1,1,1,0.8836551211150998
1693,olympus,dino_clicks,10+20 clicks,1,16000,0.7119585972582535,1,1,1,0,2,0.9434923737391365
1693,olympus,sam,10+20 clicks,1,16000,0.9187484045074943,1,1,0,0,1,0.9576538563880336
1693,olympus,rf_clicks,10+20 clicks,1,16000,0.6639444727528129,1,1,1,0,2,0.9059833878302702
1693,olympus,dino_clicks,10+20 clicks,2,16000,0.6926572132382034,1,1,1,0,2,0.9375880030752486
1693,olympus,sam,10+20 clicks,2,16000,0.9611902857558351,1,1,0,0,1,0.9802111429339414
1693,olympus,rf_clicks,10+20 clicks,2,16000,0.7040881114350502,1,1,2,0,3,0.9560573937063983
1694,olympus,dino_clicks,3+6 clicks,0,16000,0.41294756535365434,7,3,2,4,5,0.8975394529732051
1694,olympus,sam,3+6 clicks,0,12000,0.13924616719570235,7,0,2,7,2,0.3058242138558823
1694,olympus,rf_clicks,3+6 clicks,0,16000,0.426620841251391,7,3,2,4,5,0.916962209906588
1694,olympus,dino_clicks,3+6 clicks,1,16000,0.7747633647777393,7,6,3,1,9,0.9446780846831926
1694,olympus,sam,3+6 clicks,1,12000,0.3773509589881922,7,2,4,5,6,0.658345258805649
1694,olympus,rf_clicks,3+6 clicks,1,16000,0.43841247845012316,7,3,2,4,5,0.9282499092550277
1694,olympus,dino_clicks,3+6 clicks,2,16000,0.5912762381223804,7,4,3,3,7,0.9423173079326983
1694,olympus,sam,3+6 clicks,2,12000,0.5190224324560252,7,5,1,2,6,0.665986414390251
1694,olympus,rf_clicks,3+6 clicks,2,16000,0.41523163554764897,7,2,4,5,6,0.8043017010837133
1694,olympus,dino_clicks,10+20 clicks,0,16000,0.6836818873098566,7,5,3,2,8,0.9388455543129307
1694,olympus,sam,10+20 clicks,0,16000,0.1972073421155957,7,2,1,5,3,0.39210368690022557
1694,olympus,rf_clicks,10+20 clicks,0,16000,0.4229342529895693,7,3,1,4,4,0.9416829890811164
1694,olympus,dino_labels,5 labelled training images,0,16000,0.7053887248837185,7,5,3,2,8,0.9400269704241493
1694,olympus,dino_clicks,10+20 clicks,1,16000,0.8106897359372482,7,6,3,1,9,0.9371783424632191
1694,olympus,sam,10+20 clicks,1,16000,0.6225739144877371,7,5,3,2,8,0.8114177856141779
1694,olympus,rf_clicks,10+20 clicks,1,16000,0.40162802128340347,7,3,2,4,5,0.8722656444125323
1694,olympus,dino_clicks,10+20 clicks,2,16000,0.8193522080214724,7,7,3,0,10,0.8838953511480855
1694,olympus,sam,10+20 clicks,2,16000,0.4977433655417468,7,3,3,4,6,0.6656955294565366
1694,olympus,rf_clicks,10+20 clicks,2,16000,0.5277575417666936,7,3,5,4,8,0.7382450596595242
1704,olympus,dino_clicks,3+6 clicks,0,16000,0.8791854458441635,2,2,0,0,2,0.9403289238469789
1704,olympus,sam,3+6 clicks,0,12000,0.8648176786406504,2,2,2,0,4,0.9374333660731525
1704,olympus,rf_clicks,3+6 clicks,0,16000,0.38604484153806773,2,1,4,1,5,0.894649734237245
1704,olympus,dino_clicks,3+6 clicks,1,16000,0.5728910269914398,2,1,1,1,2,0.8399300095240204
1704,olympus,sam,3+6 clicks,1,12000,0.9444841067228942,2,2,0,0,2,0.972630462639742
1704,olympus,rf_clicks,3+6 clicks,1,16000,0.47811266550332493,2,1,2,1,3,0.8489472818132215
1704,olympus,dino_clicks,3+6 clicks,2,16000,0.9051067332763629,2,2,0,0,2,0.9489192253935883
1704,olympus,sam,3+6 clicks,2,12000,0.9407422953067954,2,2,0,0,2,0.9698338870431894
1704,olympus,rf_clicks,3+6 clicks,2,16000,0.5003146811504751,2,1,4,1,5,0.7330314908788882
1704,olympus,dino_clicks,10+20 clicks,0,16000,0.44150382110068215,2,1,0,1,1,0.7444112941583431
1704,olympus,sam,10+20 clicks,0,16000,0.7874934301942575,2,2,0,0,2,0.8853146207469645
1704,olympus,rf_clicks,10+20 clicks,0,16000,0.4298247887896098,2,1,3,1,4,0.8655580434186189
1704,olympus,dino_labels,5 labelled training images,0,16000,0.79376253634506,2,2,0,0,2,0.9307739152064088
1704,olympus,dino_clicks,10+20 clicks,1,16000,0.4447493457326524,2,1,0,1,1,0.7492589382216658
1704,olympus,sam,10+20 clicks,1,16000,0.9323247754876616,2,2,0,0,2,0.9653154439052241
1704,olympus,rf_clicks,10+20 clicks,1,16000,0.41226533329492804,2,1,2,1,3,0.8785638316121728
1704,olympus,dino_clicks,10+20 clicks,2,16000,0.429731925264013,2,1,0,1,1,0.733369435719701
1704,olympus,sam,10+20 clicks,2,16000,0.9395973253876728,2,2,0,0,2,0.9695599358036514
1704,olympus,rf_clicks,10+20 clicks,2,16000,0.6208514819895048,2,2,1,0,3,0.8924872842491454
1705,olympus,dino_clicks,3+6 clicks,0,16000,0.696263695762242,3,3,2,0,5,0.8122755553248012
1705,olympus,sam,3+6 clicks,0,12000,0.6585759173334312,3,2,1,1,3,0.781193342888275
1705,olympus,rf_clicks,3+6 clicks,0,16000,0.44882669017328825,3,0,6,3,6,0.6414706598490383
1705,olympus,dino_clicks,3+6 clicks,1,16000,0.8013686888083759,3,3,4,0,7,0.8898631124483831
1705,olympus,sam,3+6 clicks,1,12000,0.8070315489809291,3,3,0,0,3,0.8778039992945386
1705,olympus,rf_clicks,3+6 clicks,1,16000,0.35743915661387743,3,1,5,2,6,0.8478200420662365
1705,olympus,dino_clicks,3+6 clicks,2,16000,0.4695512999491682,3,1,8,2,9,0.898852865455708
1705,olympus,sam,3+6 clicks,2,12000,0.6684257763313668,3,2,1,1,3,0.7944692112320836
1705,olympus,rf_clicks,3+6 clicks,2,16000,0.3137979127328949,3,0,4,3,4,0.7156331114594845
1705,olympus,dino_clicks,10+20 clicks,0,16000,0.8293607647552333,3,3,4,0,7,0.9131011235138777
1705,olympus,sam,10+20 clicks,0,16000,0.8928173569362796,3,3,0,0,3,0.9445510292957945
1705,olympus,rf_clicks,10+20 clicks,0,16000,0.4291036542610683,3,1,4,2,5,0.6929540410909872
1705,olympus,dino_labels,5 labelled training images,0,16000,0.7638536140945238,3,3,1,0,4,0.9259584979850924
1705,olympus,dino_clicks,10+20 clicks,1,16000,0.8174967008520367,3,3,2,0,5,0.9065396518526025
1705,olympus,sam,10+20 clicks,1,16000,0.6235808169397999,3,2,1,1,3,0.7457625526157546
1705,olympus,rf_clicks,10+20 clicks,1,16000,0.3679089785448777,3,1,4,2,5,0.826303614705958
1705,olympus,dino_clicks,10+20 clicks,2,16000,0.757992477063845,3,3,1,0,4,0.8580518216275553
1705,olympus,sam,10+20 clicks,2,16000,0.7113311653600644,3,2,2,1,4,0.8020618834201424
1705,olympus,rf_clicks,10+20 clicks,2,16000,0.38195209960502424,3,1,3,2,4,0.7798634146341463
1709,olympus,dino_clicks,3+6 clicks,0,16000,0.665309126737375,5,3,4,2,7,0.9023322350011821
1709,olympus,sam,3+6 clicks,0,12000,0.3426960716636801,5,1,2,4,3,0.7721551398846423
1709,olympus,rf_clicks,3+6 clicks,0,16000,0.3152961926760497,5,1,6,4,7,0.8340077715077715
1709,olympus,dino_clicks,3+6 clicks,1,16000,0.31471553462058344,5,2,3,3,5,0.5499281880716608
1709,olympus,sam,3+6 clicks,1,12000,0.11433131147518327,5,0,2,5,2,0.2892698691960529
1709,olympus,rf_clicks,3+6 clicks,1,16000,0.27185220122784237,5,2,2,3,4,0.4585076283406835
1709,olympus,dino_clicks,3+6 clicks,2,16000,0.26926487010993166,5,2,2,3,4,0.47244241682430177
1709,olympus,sam,3+6 clicks,2,12000,0.3336030229232779,5,1,4,4,5,0.5590748881232427
1709,olympus,rf_clicks,3+6 clicks,2,16000,0.0,5,0,1,5,1,0.0
1709,olympus,dino_clicks,10+20 clicks,0,16000,0.5251913373055476,5,2,4,3,6,0.8534378945796722
1709,olympus,sam,10+20 clicks,0,16000,0.6610464102474347,5,4,2,1,6,0.7851469935466248
1709,olympus,rf_clicks,10+20 clicks,0,16000,0.15971727708802966,5,0,9,5,9,0.39528908896619147
1709,olympus,dino_labels,5 labelled training images,0,16000,0.3116872322928526,5,1,2,4,3,0.8549903951539721
1709,olympus,dino_clicks,10+20 clicks,1,16000,0.7465687010028912,5,5,3,0,8,0.8530880231822009
1709,olympus,sam,10+20 clicks,1,16000,0.07480006528480496,5,0,2,5,2,0.194026375394255
1709,olympus,rf_clicks,10+20 clicks,1,16000,0.34959214114337783,5,2,3,3,5,0.898521800220798
1709,olympus,dino_clicks,10+20 clicks,2,16000,0.5011348520867583,5,3,3,2,6,0.8466591645747372
1709,olympus,sam,10+20 clicks,2,16000,0.2192207141912391,5,1,1,4,2,0.546773353899547
1709,olympus,rf_clicks,10+20 clicks,2,16000,0.36965732436672294,5,2,3,3,5,0.9074000104201039
1715,olympus,dino_clicks,3+6 clicks,0,16000,0.22415219576472817,10,0,4,10,4,0.81341119037013
1715,olympus,sam,3+6 clicks,0,12000,0.12767974673455526,10,1,3,9,4,0.3376320115572382
1715,olympus,rf_clicks,3+6 clicks,0,16000,0.24403965907540198,10,3,2,7,5,0.5402138619732202
1715,olympus,dino_clicks,3+6 clicks,1,16000,0.40370325082134084,10,2,5,8,7,0.889613218659739
1715,olympus,sam,3+6 clicks,1,12000,0.14814875567500074,10,2,0,8,2,0.29698120016841656
1715,olympus,rf_clicks,3+6 clicks,1,16000,0.47617047607835455,10,4,5,6,9,0.8895652538464763
1715,olympus,dino_clicks,3+6 clicks,2,16000,0.38806707444935534,10,2,6,8,8,0.9313473334225059
1715,olympus,sam,3+6 clicks,2,12000,0.2508262081075353,10,1,3,9,4,0.7097124632481188
1715,olympus,rf_clicks,3+6 clicks,2,16000,0.3387814031156199,10,2,4,8,6,0.9224594418686872
1715,olympus,dino_clicks,10+20 clicks,0,16000,0.4505852679161637,10,5,2,5,7,0.7376646303669921
1715,olympus,sam,10+20 clicks,0,16000,0.5568418840211057,10,5,1,5,6,0.8275036916088525
1715,olympus,rf_clicks,10+20 clicks,0,16000,0.2903513345189444,10,1,5,9,6,0.8823840073053673
1715,olympus,dino_labels,5 labelled training images,0,16000,0.2917482649301789,10,1,5,9,6,0.9179575380973517
1715,olympus,dino_clicks,10+20 clicks,1,16000,0.45133953845333785,10,3,4,7,7,0.9065178897091636
1715,olympus,sam,10+20 clicks,1,16000,0.3192433938260273,10,3,1,7,4,0.6642194011652243
1715,olympus,rf_clicks,10+20 clicks,1,16000,0.24865105680980829,10,0,7,10,7,0.9043102987917397
1715,olympus,dino_clicks,10+20 clicks,2,16000,0.6692180730783996,10,8,1,2,9,0.8280338183427552
1715,olympus,sam,10+20 clicks,2,16000,0.7428558623746397,10,8,0,2,8,0.9609675400160959
1715,olympus,rf_clicks,10+20 clicks,2,16000,0.23739815463710734,10,0,7,10,7,0.888827777380553
1716,olympus,dino_clicks,3+6 clicks,0,16000,0.6073693310789643,3,1,4,2,5,0.9496750284262392
1716,olympus,sam,3+6 clicks,0,12000,0.7983816271952072,3,3,0,0,3,0.8679635557744398
1716,olympus,rf_clicks,3+6 clicks,0,16000,0.5325473041380052,3,1,3,2,4,0.8966033417975485
1716,olympus,dino_clicks,3+6 clicks,1,16000,0.6124759424577403,3,1,4,2,5,0.9533864513715886
1716,olympus,sam,3+6 clicks,1,12000,0.5685641273541476,3,1,3,2,4,0.9294127609780132
1716,olympus,rf_clicks,3+6 clicks,1,16000,0.4664939865792352,3,1,4,2,5,0.9058004948359335
1716,olympus,dino_clicks,3+6 clicks,2,16000,0.8552802120584229,3,3,1,0,4,0.9204308855166893
1716,olympus,sam,3+6 clicks,2,12000,0.9286984420762158,3,3,3,0,6,0.971430463624891
1716,olympus,rf_clicks,3+6 clicks,2,16000,0.5029707563916573,3,1,3,2,4,0.8580360456298304
1716,olympus,dino_clicks,10+20 clicks,0,16000,0.928745291645208,3,3,2,0,5,0.9640512523621746
1716,olympus,sam,10+20 clicks,0,16000,0.8288030563262123,3,3,0,0,3,0.8920319732779837
1716,olympus,rf_clicks,10+20 clicks,0,16000,0.4958681505847256,3,1,4,2,5,0.9178480873112116
1716,olympus,dino_labels,5 labelled training images,0,16000,0.5993987235523428,3,1,2,2,3,0.9429180399601951
1716,olympus,dino_clicks,10+20 clicks,1,16000,0.6242924339447974,3,3,0,0,3,0.7787110635626564
1716,olympus,sam,10+20 clicks,1,16000,0.8998362445408022,3,3,0,0,3,0.947681494553642
1716,olympus,rf_clicks,10+20 clicks,1,16000,0.8001762817197267,3,3,3,0,6,0.9101768142974058
1716,olympus,dino_clicks,10+20 clicks,2,16000,0.6098350945449135,3,1,3,2,4,0.9490069201042509
1716,olympus,sam,10+20 clicks,2,16000,0.8675244183272803,3,3,0,0,3,0.922365540963102
1716,olympus,rf_clicks,10+20 clicks,2,16000,0.48769215948048816,3,1,3,2,4,0.8344801537122494
1719,olympus,dino_clicks,3+6 clicks,0,16000,0.167393141353892,8,0,5,8,5,0.8042075941943997
1719,olympus,sam,3+6 clicks,0,12000,0.07902582933182688,8,1,0,7,1,0.191617677834218
1719,olympus,rf_clicks,3+6 clicks,0,16000,0.2685462679982046,8,1,6,7,7,0.8358675250955879
1719,olympus,dino_clicks,3+6 clicks,1,16000,0.428172874874993,8,4,2,4,6,0.7968942363163811
1719,olympus,sam,3+6 clicks,1,12000,0.18098261834730273,8,2,1,6,3,0.2561938595199529
1719,olympus,rf_clicks,3+6 clicks,1,16000,0.10280473703144793,8,0,3,8,3,0.3439659401791134
1719,olympus,dino_clicks,3+6 clicks,2,16000,0.0,8,0,1,8,1,0.0
1719,olympus,sam,3+6 clicks,2,12000,0.0,8,0,1,8,1,0.0
1719,olympus,rf_clicks,3+6 clicks,2,16000,0.07268364293100897,8,0,2,8,2,0.19930598309733027
1719,olympus,dino_clicks,10+20 clicks,0,16000,0.5003638500928091,8,5,1,3,6,0.8584239708300269
1719,olympus,sam,10+20 clicks,0,16000,0.10316970013781306,8,1,2,7,3,0.1737966888560631
1719,olympus,rf_clicks,10+20 clicks,0,16000,0.1734933602796883,8,0,3,8,3,0.7207125924861719
1719,olympus,dino_labels,5 labelled training images,0,16000,0.4502121165598713,8,3,2,5,5,0.8810037186337927
1719,olympus,dino_clicks,10+20 clicks,1,16000,0.6117150648320133,8,6,1,2,7,0.8057285638170828
1719,olympus,sam,10+20 clicks,1,16000,0.39776450573208205,8,4,3,4,7,0.7233078202995008
1719,olympus,rf_clicks,10+20 clicks,1,16000,0.2431864405678954,8,1,3,7,4,0.6822835556723017
1719,olympus,dino_clicks,10+20 clicks,2,16000,0.5082237465523635,8,5,2,3,7,0.8708038052788611
1719,olympus,sam,10+20 clicks,2,16000,0.4864311051770245,8,5,2,3,7,0.7885120768704881
1719,olympus,rf_clicks,10+20 clicks,2,16000,0.18428026932868663,8,1,2,7,3,0.8231306297817812
1738,olympus,dino_clicks,3+6 clicks,0,16000,0.5512588155201937,5,3,3,2,6,0.756414499943536
1738,olympus,sam,3+6 clicks,0,12000,0.6207250832423672,5,4,0,1,4,0.762911321378335
1738,olympus,rf_clicks,3+6 clicks,0,16000,0.4956751096824917,5,3,3,2,6,0.8646722651501391
1738,olympus,dino_clicks,3+6 clicks,1,16000,0.5247541417629421,5,4,1,1,5,0.7506447415118893
1738,olympus,sam,3+6 clicks,1,12000,0.42097473952075914,5,3,2,2,5,0.6629775844202701
1738,olympus,rf_clicks,3+6 clicks,1,16000,0.39801458742242823,5,2,1,3,3,0.7879862665618005
1738,olympus,dino_clicks,3+6 clicks,2,16000,0.04918899940139061,5,0,2,5,2,0.6112848733685157
1738,olympus,sam,3+6 clicks,2,12000,0.22950681544420756,5,0,2,5,2,0.5577455233606484
1738,olympus,rf_clicks,3+6 clicks,2,16000,0.3193807168854359,5,2,3,3,5,0.7137700088382598
1738,olympus,dino_clicks,10+20 clicks,0,16000,0.8800303738446165,5,5,2,0,7,0.9229394372490548
1738,olympus,sam,10+20 clicks,0,16000,0.6975786973077517,5,3,1,2,4,0.9472842193605917
1738,olympus,rf_clicks,10+20 clicks,0,16000,0.523397264137943,5,3,4,2,7,0.7429234680717787
1738,olympus,dino_labels,5 labelled training images,0,16000,0.5754730549217311,5,3,4,2,7,0.8838140249610992
1738,olympus,dino_clicks,10+20 clicks,1,16000,0.32667425698951863,5,2,0,3,2,0.5424768270029591
1738,olympus,sam,10+20 clicks,1,16000,0.6642983011770329,5,4,2,1,6,0.8754930215761112
1738,olympus,rf_clicks,10+20 clicks,1,16000,0.38323682605744436,5,2,2,3,4,0.8472590680456749
1738,olympus,dino_clicks,10+20 clicks,2,16000,0.685133781063773,5,3,2,2,5,0.9070749945454906
1738,olympus,sam,10+20 clicks,2,16000,0.48273532668393304,5,3,2,2,5,0.711280163599182
1738,olympus,rf_clicks,10+20 clicks,2,16000,0.493008058047656,5,3,3,2,6,0.7168490751008469
1739,olympus,dino_clicks,3+6 clicks,0,16000,0.36541009431451354,3,0,3,3,3,0.8773218317137529
1739,olympus,sam,3+6 clicks,0,12000,0.4725623384839472,3,0,2,3,2,0.8415907642715245
1739,olympus,rf_clicks,3+6 clicks,0,16000,0.4506159543028156,3,0,9,3,9,0.9321964668640866
1739,olympus,dino_clicks,3+6 clicks,1,16000,0.39236260697728714,3,0,4,3,4,0.8916019064165474
1739,olympus,sam,3+6 clicks,1,12000,0.5585936588327037,3,2,0,1,2,0.9200431899666385
1739,olympus,rf_clicks,3+6 clicks,1,16000,0.13310444205970445,3,0,6,3,6,0.8289876882476745
1739,olympus,dino_clicks,3+6 clicks,2,16000,0.5366706449059852,3,1,3,2,4,0.890423002259867
1739,olympus,sam,3+6 clicks,2,12000,0.38630983089986937,3,1,1,2,2,0.8065533334267655
1739,olympus,rf_clicks,3+6 clicks,2,16000,0.4364490681696693,3,0,6,3,6,0.9175041010997023
1739,olympus,dino_clicks,10+20 clicks,0,16000,0.5889311746617878,3,2,2,1,4,0.9363624744376278
1739,olympus,sam,10+20 clicks,0,16000,0.35416373123991646,3,0,2,3,2,0.6208987566297063
1739,olympus,rf_clicks,10+20 clicks,0,16000,0.45188955050473917,3,0,7,3,7,0.9081141651835739
1739,olympus,dino_labels,5 labelled training images,0,16000,0.4523808422156623,3,1,2,2,3,0.9281184992105065
1739,olympus,dino_clicks,10+20 clicks,1,16000,0.564092714579009,3,1,3,2,4,0.9154788391481871
1739,olympus,sam,10+20 clicks,1,16000,0.3194373500671978,3,1,0,2,1,0.721862061001963
1739,olympus,rf_clicks,10+20 clicks,1,16000,0.4357525746689204,3,0,6,3,6,0.9056358700593591
1739,olympus,dino_clicks,10+20 clicks,2,16000,0.5950590721311754,3,2,2,1,4,0.9344705364012389
1739,olympus,sam,10+20 clicks,2,16000,0.6319312463729615,3,2,0,1,2,0.9720505119013015
1739,olympus,rf_clicks,10+20 clicks,2,16000,0.4501335268426827,3,1,5,2,6,0.9205461621219567
1742,olympus,dino_clicks,3+6 clicks,0,16000,0.36643445685419457,6,2,4,4,6,0.8803059903656983
1742,olympus,sam,3+6 clicks,0,12000,0.15125000055418633,6,1,0,5,1,0.47537611559711007
1742,olympus,rf_clicks,3+6 clicks,0,16000,0.41182119517339516,6,1,2,5,3,0.797281341639868
1742,olympus,dino_clicks,3+6 clicks,1,16000,0.4483384724524311,6,2,5,4,7,0.8759257064490459
1742,olympus,sam,3+6 clicks,1,12000,0.05270675915821197,6,0,4,6,4,0.7866093605174705
1742,olympus,rf_clicks,3+6 clicks,1,16000,0.34211892141044703,6,2,3,4,5,0.8545916913608388
1742,olympus,dino_clicks,3+6 clicks,2,16000,0.11056309083436087,6,1,0,5,1,0.23397932220589496
1742,olympus,sam,3+6 clicks,2,12000,0.4172681658608637,6,3,0,3,3,0.7588640165260551
1742,olympus,rf_clicks,3+6 clicks,2,16000,0.0,6,0,0,6,0,0.0
1742,olympus,dino_clicks,10+20 clicks,0,16000,0.5777229697037601,6,4,2,2,6,0.7761798663155762
1742,olympus,sam,10+20 clicks,0,16000,0.5990071554881755,6,4,1,2,5,0.8800566492931189
1742,olympus,rf_clicks,10+20 clicks,0,16000,0.35805091133395095,6,2,3,4,5,0.8647335250086396
1742,olympus,dino_labels,5 labelled training images,0,16000,0.307044868993323,6,1,2,5,3,0.6615995495895931
1742,olympus,dino_clicks,10+20 clicks,1,16000,0.4214183832687948,6,3,2,3,5,0.7654110041483543
1742,olympus,sam,10+20 clicks,1,16000,0.7550538989466539,6,5,1,1,6,0.9524548938813228
1742,olympus,rf_clicks,10+20 clicks,1,16000,0.3829722526127346,6,2,3,4,5,0.8687897158717406
1742,olympus,dino_clicks,10+20 clicks,2,16000,0.4191332960271404,6,3,2,3,5,0.7653542474910496
1742,olympus,sam,10+20 clicks,2,16000,0.7576413284958895,6,5,1,1,6,0.9528722460587279
1742,olympus,rf_clicks,10+20 clicks,2,16000,0.5365572834196516,6,2,4,4,6,0.9352456061620404
1745,olympus,dino_clicks,3+6 clicks,0,16000,0.7130926576119261,4,4,3,0,7,0.8644784362501498
1745,olympus,sam,3+6 clicks,0,12000,0.0812362110159555,4,0,2,4,2,0.581509134026529
1745,olympus,rf_clicks,3+6 clicks,0,16000,0.4006240829981361,4,1,4,3,5,0.9068986315620556
1745,olympus,dino_clicks,3+6 clicks,1,16000,0.08339440949530731,4,0,3,4,3,0.16810990499251022
1745,olympus,sam,3+6 clicks,1,12000,0.2751227377761244,4,0,5,4,5,0.7146480143274011
1745,olympus,rf_clicks,3+6 clicks,1,16000,0.3326575851575021,4,1,6,3,7,0.712563571294029
1745,olympus,dino_clicks,3+6 clicks,2,16000,0.6001666705656057,4,3,3,1,6,0.7403599686017353
1745,olympus,sam,3+6 clicks,2,12000,0.5279085853801538,4,3,0,1,3,0.6869961595061197
1745,olympus,rf_clicks,3+6 clicks,2,16000,0.8206001241706441,4,4,4,0,8,0.9463464718345213
1745,olympus,dino_clicks,10+20 clicks,0,16000,0.7902307458295852,4,4,5,0,9,0.9012054218678829
1745,olympus,sam,10+20 clicks,0,16000,0.7195026346400549,4,3,1,1,4,0.867235463229157
1745,olympus,rf_clicks,10+20 clicks,0,16000,0.41812639855289013,4,1,3,3,4,0.9177623909471938
1745,olympus,dino_labels,5 labelled training images,0,16000,0.48533645128891667,4,1,5,3,6,0.8986089997353934
1745,olympus,dino_clicks,10+20 clicks,1,16000,0.3889273571425523,4,1,4,3,5,0.5159460965391997
1745,olympus,sam,10+20 clicks,1,16000,0.6300967148354143,4,3,1,1,4,0.8085029654768268
1745,olympus,rf_clicks,10+20 clicks,1,16000,0.29124523091914367,4,0,5,4,5,0.6365488333919569
1745,olympus,dino_clicks,10+20 clicks,2,16000,0.72123252294646,4,3,5,1,8,0.826585788227432
1745,olympus,sam,10+20 clicks,2,16000,0.6532541508472797,4,2,2,2,4,0.7761019818878322
1745,olympus,rf_clicks,10+20 clicks,2,16000,0.5757941193271756,4,3,3,1,6,0.8910329824642177
1747,olympus,dino_clicks,3+6 clicks,0,16000,0.3045517641129655,8,2,5,6,7,0.786703000358308
1747,olympus,sam,3+6 clicks,0,12000,0.10126657077219174,8,0,1,8,1,0.3523799412534947
1747,olympus,rf_clicks,3+6 clicks,0,16000,0.4058647016117998,8,2,7,6,9,0.6471875023017036
1747,olympus,dino_clicks,3+6 clicks,1,16000,0.0,8,0,0,8,0,0.0
1747,olympus,sam,3+6 clicks,1,12000,0.18373566225876498,8,1,2,7,3,0.37858600352194693
1747,olympus,rf_clicks,3+6 clicks,1,16000,0.06698299571754002,8,0,1,8,1,0.8773413094435161
1747,olympus,dino_clicks,3+6 clicks,2,16000,0.24054832062434833,8,1,5,7,6,0.4124021285033154
1747,olympus,sam,3+6 clicks,2,12000,0.20941416961573467,8,2,1,6,3,0.30997052585999046
1747,olympus,rf_clicks,3+6 clicks,2,16000,0.19568974024842783,8,1,3,7,4,0.48776783540930263
1747,olympus,dino_clicks,10+20 clicks,0,16000,0.32511675986992117,8,1,5,7,6,0.9222105296359273
1747,olympus,sam,10+20 clicks,0,16000,0.8730984670740214,8,8,1,0,9,0.9423903775330637
1747,olympus,rf_clicks,10+20 clicks,0,16000,0.06512634197629186,8,0,2,8,2,0.8980485707511978
1747,olympus,dino_labels,5 labelled training images,0,16000,0.5214917383163321,8,3,5,5,8,0.9092219712624345
1747,olympus,dino_clicks,10+20 clicks,1,16000,0.6310369402674421,8,5,3,3,8,0.9130497730532657
1747,olympus,sam,10+20 clicks,1,16000,0.6315671750158091,8,6,0,2,6,0.7839328435627633
1747,olympus,rf_clicks,10+20 clicks,1,16000,0.2909684718807222,8,2,2,6,4,0.8293585586227329
1747,olympus,dino_clicks,10+20 clicks,2,16000,0.8447403029188985,8,8,3,0,11,0.9132492161347491
1747,olympus,sam,10+20 clicks,2,16000,0.645098271940405,8,6,2,2,8,0.7829796099243824
1747,olympus,rf_clicks,10+20 clicks,2,16000,0.1976673725457164,8,0,4,8,4,0.9209689915904605
1762,olympus,dino_clicks,3+6 clicks,0,16000,0.2998070712843927,4,1,3,3,4,0.8919498164562629
1762,olympus,sam,3+6 clicks,0,12000,0.6757704648435339,4,3,2,1,5,0.787772517388509
1762,olympus,rf_clicks,3+6 clicks,0,16000,0.22592581719165344,4,0,5,4,5,0.9047390887707989
1762,olympus,dino_clicks,3+6 clicks,1,16000,0.33293327474561507,4,1,4,3,5,0.9085728056864256
1762,olympus,sam,3+6 clicks,1,12000,0.7959718349992704,4,3,5,1,8,0.8732112264436158
1762,olympus,rf_clicks,3+6 clicks,1,16000,0.3600563302440514,4,1,5,3,6,0.9038163573177244
1762,olympus,dino_clicks,3+6 clicks,2,16000,0.7665215627475673,4,4,3,0,7,0.8840065369042392
1762,olympus,sam,3+6 clicks,2,12000,0.39128996059980575,4,2,2,2,4,0.6774251403035488
1762,olympus,rf_clicks,3+6 clicks,2,16000,0.3909764556051919,4,1,6,3,7,0.9045005750105766
1762,olympus,dino_clicks,10+20 clicks,0,16000,0.4338389702474038,4,1,5,3,6,0.7576145090752372
1762,olympus,sam,10+20 clicks,0,16000,0.8066930753242193,4,4,1,0,5,0.8802529378205148
1762,olympus,rf_clicks,10+20 clicks,0,16000,0.3893701628354699,4,1,5,3,6,0.7130844933061442
1762,olympus,dino_labels,5 labelled training images,0,16000,0.7311939713008562,4,3,3,1,6,0.9372092891178291
1762,olympus,dino_clicks,10+20 clicks,1,16000,0.7349281283891812,4,3,3,1,6,0.832130995084363
1762,olympus,sam,10+20 clicks,1,16000,0.24115160281724468,4,0,3,4,3,0.6317425983506827
1762,olympus,rf_clicks,10+20 clicks,1,16000,0.22843149957992726,4,0,5,4,5,0.43434033789414145
1762,olympus,dino_clicks,10+20 clicks,2,16000,0.4937578670554895,4,2,4,2,6,0.6887286161995809
1762,olympus,sam,10+20 clicks,2,16000,0.3829755581557378,4,1,2,3,3,0.635298107942479
1762,olympus,rf_clicks,10+20 clicks,2,16000,0.3636055226592277,4,1,5,3,6,0.8665366617030246
1766,olympus,dino_clicks,3+6 clicks,0,16000,0.44520782649582047,4,2,1,2,3,0.7961075463336753
1766,olympus,sam,3+6 clicks,0,12000,0.4718809889216762,4,2,1,2,3,0.8243742062597178
1766,olympus,rf_clicks,3+6 clicks,0,16000,0.3252769526460986,4,2,0,2,2,0.49104692804985817
1766,olympus,dino_clicks,3+6 clicks,1,16000,0.18669825598155088,4,1,0,3,1,0.35403445536774314
1766,olympus,sam,3+6 clicks,1,12000,0.2176027870851721,4,0,4,4,4,0.3886197265672711
1766,olympus,rf_clicks,3+6 clicks,1,16000,0.06959678299781616,4,0,2,4,2,0.8393801563027776
1766,olympus,dino_clicks,3+6 clicks,2,16000,0.9009513127929336,4,4,3,0,7,0.9487944117076359
1766,olympus,sam,3+6 clicks,2,12000,0.46093529244480663,4,2,2,2,4,0.812033731453038
1766,olympus,rf_clicks,3+6 clicks,2,16000,0.19245603173248277,4,0,6,4,6,0.8380588703261734
1766,olympus,dino_clicks,10+20 clicks,0,16000,0.9132312509973626,4,4,2,0,6,0.9554264578348501
1766,olympus,sam,10+20 clicks,0,16000,0.37778351053887527,4,1,1,3,2,0.7816746157275375
1766,olympus,rf_clicks,10+20 clicks,0,16000,0.16535887982303715,4,0,7,4,7,0.6714190840020228
1766,olympus,dino_labels,5 labelled training images,0,16000,0.6062340695651764,4,2,3,2,5,0.9182031109242688
1766,olympus,dino_clicks,10+20 clicks,1,16000,0.4343028821268409,4,2,1,2,3,0.6135363693503229
1766,olympus,sam,10+20 clicks,1,16000,0.6376857077785641,4,3,3,1,6,0.9572561434626133
1766,olympus,rf_clicks,10+20 clicks,1,16000,0.3033266506359017,4,1,2,3,3,0.795550010397172
1766,olympus,dino_clicks,10+20 clicks,2,16000,0.4297592658593264,4,2,0,2,2,0.6062942293308785
1766,olympus,sam,10+20 clicks,2,16000,0.6018419417790041,4,3,1,1,4,0.8979913436734341
1766,olympus,rf_clicks,10+20 clicks,2,16000,0.41937318923734257,4,1,3,3,4,0.7532649713354935
1770,olympus,dino_clicks,3+6 clicks,0,16000,0.2895530682557855,3,0,2,3,2,0.8295956431390242
1770,olympus,sam,3+6 clicks,0,12000,0.0619079055004696,3,0,1,3,1,0.7804881307917928
1770,olympus,rf_clicks,3+6 clicks,0,16000,0.37185907782143196,3,1,4,2,5,0.7559602161933822
1770,olympus,dino_clicks,3+6 clicks,1,16000,0.6987726755183602,3,2,4,1,6,0.812402760682615
1770,olympus,sam,3+6 clicks,1,12000,0.311789459933474,3,0,3,3,3,0.5138551518823933
1770,olympus,rf_clicks,3+6 clicks,1,16000,0.26597477755654264,3,0,4,3,4,0.44915263367702035
1770,olympus,dino_clicks,3+6 clicks,2,16000,0.11787972864206048,3,0,1,3,1,0.25387548907929275
1770,olympus,sam,3+6 clicks,2,12000,0.5695686631209985,3,1,2,2,3,0.7025676881606668
1770,olympus,rf_clicks,3+6 clicks,2,16000,0.3489196097534449,3,1,5,2,6,0.7766858024837188
1770,olympus,dino_clicks,10+20 clicks,0,16000,0.4857224118343146,3,1,5,2,6,0.902916702908005
1770,olympus,sam,10+20 clicks,0,16000,0.0694907239054864,3,0,1,3,1,0.7218097297379751
1770,olympus,rf_clicks,10+20 clicks,0,16000,0.2606242836003401,3,1,3,2,4,0.7851212121212121
1770,olympus,dino_labels,5 labelled training images,0,16000,0.4028905398167138,3,1,3,2,4,0.8472656484877639
1770,olympus,dino_clicks,10+20 clicks,1,16000,0.6695762444850794,3,2,4,1,6,0.781352143207953
1770,olympus,sam,10+20 clicks,1,16000,0.0,3,0,1,3,1,0.0
1770,olympus,rf_clicks,10+20 clicks,1,16000,0.3647724402521629,3,1,5,2,6,0.7879915334873876
1770,olympus,dino_clicks,10+20 clicks,2,16000,0.6198583470879037,3,2,4,1,6,0.786921632939332
1770,olympus,sam,10+20 clicks,2,16000,0.6094863918661395,3,2,4,1,6,0.8792484511609056
1770,olympus,rf_clicks,10+20 clicks,2,16000,0.3478385471066833,3,0,5,3,5,0.7611160227810103
1774,olympus,dino_clicks,3+6 clicks,0,16000,0.3839771852314145,6,2,4,4,6,0.8154636152895273
1774,olympus,sam,3+6 clicks,0,12000,0.1950873268514063,6,1,2,5,3,0.2658358485055009
1774,olympus,rf_clicks,3+6 clicks,0,16000,0.3860584140811309,6,2,9,4,11,0.5975197828723585
1774,olympus,dino_clicks,3+6 clicks,1,16000,0.0,6,0,1,6,1,0.0
1774,olympus,sam,3+6 clicks,1,12000,0.031626600356189506,6,0,1,6,1,0.7242870967643459
1774,olympus,rf_clicks,3+6 clicks,1,16000,0.0,6,0,0,6,0,0.0
1774,olympus,dino_clicks,3+6 clicks,2,16000,0.1372452755334404,6,0,3,6,3,0.3299925233998656
1774,olympus,sam,3+6 clicks,2,12000,0.4191148268546967,6,2,3,4,5,0.4897662195362056
1774,olympus,rf_clicks,3+6 clicks,2,16000,0.051430992346099165,6,0,2,6,2,0.15275582362728785
1774,olympus,dino_clicks,10+20 clicks,0,16000,0.5545321675029083,6,4,2,2,6,0.8303027370526281
1774,olympus,sam,10+20 clicks,0,16000,0.4603079778703845,6,3,1,3,4,0.7000787697200362
1774,olympus,rf_clicks,10+20 clicks,0,16000,0.2575058580792899,6,1,7,5,8,0.8709508340245139
1774,olympus,dino_labels,5 labelled training images,0,16000,0.2411832930712231,6,0,4,6,4,0.914206325454201
1774,olympus,dino_clicks,10+20 clicks,1,16000,0.32419409000786326,6,3,1,3,4,0.6409214662893598
1774,olympus,sam,10+20 clicks,1,16000,0.43590827275601063,6,2,3,4,5,0.6916498440080748
1774,olympus,rf_clicks,10+20 clicks,1,16000,0.45117607366987605,6,2,4,4,6,0.8481015101696769
1774,olympus,dino_clicks,10+20 clicks,2,16000,0.2535520842057342,6,1,4,5,5,0.8172518361184329
1774,olympus,sam,10+20 clicks,2,16000,0.21531842553264824,6,1,2,5,3,0.32295484907696625
1774,olympus,rf_clicks,10+20 clicks,2,16000,0.3813981038508989,6,2,5,4,7,0.9000430648183713
1776,olympus,dino_clicks,3+6 clicks,0,16000,0.09609819558073755,7,0,3,7,3,0.6117920202807914
1776,olympus,sam,3+6 clicks,0,12000,0.03705950860414809,7,0,2,7,2,0.7374647502674118
1776,olympus,rf_clicks,3+6 clicks,0,16000,0.04098790463539118,7,0,5,7,5,0.1243226253545448
1776,olympus,dino_clicks,3+6 clicks,1,16000,0.23711775644529148,7,1,6,6,7,0.8053902038903211
1776,olympus,sam,3+6 clicks,1,12000,0.1218087473230461,7,1,2,6,3,0.6545511437926756
1776,olympus,rf_clicks,3+6 clicks,1,16000,0.1563286487292164,7,0,10,7,10,0.493790345517069
1776,olympus,dino_clicks,3+6 clicks,2,16000,0.23265827349593457,7,0,9,7,9,0.6047726956235521
1776,olympus,sam,3+6 clicks,2,12000,0.23360974648575267,7,2,5,5,7,0.514345741465619
1776,olympus,rf_clicks,3+6 clicks,2,16000,0.15115616010100236,7,1,3,6,4,0.6825138967668747
1776,olympus,dino_clicks,10+20 clicks,0,16000,0.18310155073404707,7,1,4,6,5,0.8274638654190344
1776,olympus,sam,10+20 clicks,0,16000,0.02856645445891509,7,0,1,7,1,0.6402157131737274
1776,olympus,rf_clicks,10+20 clicks,0,16000,0.12621195274002892,7,0,5,7,5,0.5195471426117855
1776,olympus,dino_labels,5 labelled training images,0,16000,0.2489629735099202,7,1,3,6,4,0.7015702433320341
1776,olympus,dino_clicks,10+20 clicks,1,16000,0.25675188486180184,7,1,7,6,8,0.4979946544206495
1776,olympus,sam,10+20 clicks,1,16000,0.029249441747132253,7,0,2,7,2,0.7289505648237617
1776,olympus,rf_clicks,10+20 clicks,1,16000,0.2560964001832423,7,0,9,7,9,0.5255711607943278
1776,olympus,dino_clicks,10+20 clicks,2,16000,0.30127745118464666,7,1,7,6,8,0.7022276671970636
1776,olympus,sam,10+20 clicks,2,16000,0.19709911515764347,7,1,3,6,4,0.5606207461877565
1776,olympus,rf_clicks,10+20 clicks,2,16000,0.08776974221286368,7,0,5,7,5,0.3074063209658441
1808,olympus,dino_clicks,3+6 clicks,0,16000,0.5187982941070517,5,3,6,2,9,0.8886853921826168
1808,olympus,sam,3+6 clicks,0,12000,0.3973345611935272,5,2,2,3,4,0.6142515793263723
1808,olympus,rf_clicks,3+6 clicks,0,16000,0.5583080922879233,5,4,5,1,9,0.7301864024745246
1808,olympus,dino_clicks,3+6 clicks,1,16000,0.8181104794661543,5,5,4,0,9,0.9267981680749474
1808,olympus,sam,3+6 clicks,1,12000,0.19345526990653414,5,1,0,4,1,0.397670041649966
1808,olympus,rf_clicks,3+6 clicks,1,16000,0.240315749875725,5,0,6,5,6,0.4375502153147677
1808,olympus,dino_clicks,3+6 clicks,2,16000,0.5982275368261813,5,4,0,1,4,0.7817791322395471
1808,olympus,sam,3+6 clicks,2,12000,0.3590895711990689,5,1,2,4,3,0.6453151496760143
1808,olympus,rf_clicks,3+6 clicks,2,16000,0.13998480133637717,5,0,3,5,3,0.30412661007417724
1808,olympus,dino_clicks,10+20 clicks,0,16000,0.7783243649685943,5,5,1,0,6,0.9305854653388986
1808,olympus,sam,10+20 clicks,0,16000,0.3060866232482285,5,1,3,4,4,0.5281854747807928
1808,olympus,rf_clicks,10+20 clicks,0,16000,0.5408037083887316,5,3,6,2,9,0.8083394623478378
1808,olympus,dino_labels,5 labelled training images,0,16000,0.6111275339208705,5,3,4,2,7,0.9297420196617965
1808,olympus,dino_clicks,10+20 clicks,1,16000,0.6571016488195155,5,4,0,1,4,0.8277383985987897
1808,olympus,sam,10+20 clicks,1,16000,0.16186264086753138,5,1,1,4,2,0.34320700444540625
1808,olympus,rf_clicks,10+20 clicks,1,16000,0.4062012647954768,5,3,3,2,6,0.7208655932702869
1808,olympus,dino_clicks,10+20 clicks,2,16000,0.5941617583817154,5,4,0,1,4,0.7768637890979431
1808,olympus,sam,10+20 clicks,2,16000,0.44377391109329345,5,3,0,2,3,0.6369625211430606
1808,olympus,rf_clicks,10+20 clicks,2,16000,0.11459895652144655,5,0,3,5,3,0.3208387989434152
1812,olympus,dino_clicks,3+6 clicks,0,16000,0.16762516543054248,5,0,2,5,2,0.3797813451425408
1812,olympus,sam,3+6 clicks,0,12000,0.12182007418082534,5,0,1,5,1,0.522303643373215
1812,olympus,rf_clicks,3+6 clicks,0,16000,0.20640382889453174,5,0,5,5,5,0.33026853582090665
1812,olympus,dino_clicks,3+6 clicks,1,16000,0.20535312281761287,5,1,1,4,2,0.7669725202333898
1812,olympus,sam,3+6 clicks,1,12000,0.20642566908934112,5,0,3,5,3,0.4824823737478317
1812,olympus,rf_clicks,3+6 clicks,1,16000,0.04663397357308269,5,0,6,5,6,0.1426036390295921
1812,olympus,dino_clicks,3+6 clicks,2,16000,0.11773130756244257,5,0,3,5,3,0.7773840842388159
1812,olympus,sam,3+6 clicks,2,12000,0.25153184808902385,5,1,1,4,2,0.6973000909274322
1812,olympus,rf_clicks,3+6 clicks,2,16000,0.12764899135130467,5,0,3,5,3,0.7672982675490262
1812,olympus,dino_clicks,10+20 clicks,0,16000,0.10524210892819974,5,0,1,5,1,0.7387720960280785
1812,olympus,sam,10+20 clicks,0,16000,0.1892828779572147,5,0,4,5,4,0.47264007992673385
1812,olympus,rf_clicks,10+20 clicks,0,16000,0.12660551817018714,5,0,2,5,2,0.6107960694342236
1812,olympus,dino_labels,5 labelled training images,0,16000,0.25785417996786963,5,1,2,4,3,0.8838590208591586
1812,olympus,dino_clicks,10+20 clicks,1,16000,0.11461498674137896,5,0,1,5,1,0.7158612668404487
1812,olympus,sam,10+20 clicks,1,16000,0.2895727557628403,5,0,5,5,5,0.49491072025680466
1812,olympus,rf_clicks,10+20 clicks,1,16000,0.1554808848500973,5,0,5,5,5,0.656417167226801
1812,olympus,dino_clicks,10+20 clicks,2,16000,0.21932555694349481,5,1,4,4,5,0.8376644252756458
1812,olympus,sam,10+20 clicks,2,16000,0.42111748085234935,5,2,6,3,8,0.5493139364004412
1812,olympus,rf_clicks,10+20 clicks,2,16000,0.13026408783050714,5,0,3,5,3,0.6859296887165801
1815,olympus,dino_clicks,3+6 clicks,0,16000,0.2390000119790306,4,0,2,4,2,0.4686551133996818
1815,olympus,sam,3+6 clicks,0,12000,0.24115861438754527,4,0,1,4,1,0.7349748947608663
1815,olympus,rf_clicks,3+6 clicks,0,16000,0.2496267808516734,4,0,8,4,8,0.7277810746332857
1815,olympus,dino_clicks,3+6 clicks,1,16000,0.2948100732786421,4,1,3,3,4,0.760731199662152
1815,olympus,sam,3+6 clicks,1,12000,0.3968826161585089,4,2,0,2,2,0.801201181988668
1815,olympus,rf_clicks,3+6 clicks,1,16000,0.099198421303899,4,0,1,4,1,0.2636983908902499
1815,olympus,dino_clicks,3+6 clicks,2,16000,0.39020824303799273,4,1,2,3,3,0.6457886884578868
1815,olympus,sam,3+6 clicks,2,12000,0.1902633403640665,4,0,1,4,1,0.602381788930599
1815,olympus,rf_clicks,3+6 clicks,2,16000,0.3166612252967177,4,0,4,4,4,0.783977455403191
1815,olympus,dino_clicks,10+20 clicks,0,16000,0.5530480022695542,4,2,2,2,4,0.8444413732739062
1815,olympus,sam,10+20 clicks,0,16000,0.4660500026727962,4,1,1,3,2,0.9162729108025384
1815,olympus,rf_clicks,10+20 clicks,0,16000,0.21919004644651216,4,0,5,4,5,0.916188970152204
1815,olympus,dino_labels,5 labelled training images,0,16000,0.23482884876404606,4,0,6,4,6,0.9316458326119326
1815,olympus,dino_clicks,10+20 clicks,1,16000,0.23259265607778187,4,0,3,4,3,0.9404800963304459
1815,olympus,sam,10+20 clicks,1,16000,0.4105757567880795,4,1,2,3,3,0.8629956462800805
1815,olympus,rf_clicks,10+20 clicks,1,16000,0.17770935603929666,4,0,8,4,8,0.9539999801481609
1815,olympus,dino_clicks,10+20 clicks,2,16000,0.4361624279328074,4,1,2,3,3,0.8953429598949829
1815,olympus,sam,10+20 clicks,2,16000,0.6693090463489517,4,3,0,1,3,0.9081011894156191
1815,olympus,rf_clicks,10+20 clicks,2,16000,0.18803755375623032,4,0,3,4,3,0.8121966378031715
1816,olympus,dino_clicks,3+6 clicks,0,16000,0.13138987045784267,9,0,5,9,5,0.8177361138798802
1816,olympus,sam,3+6 clicks,0,12000,0.1279318928383436,9,1,2,8,3,0.7264505958836324
1816,olympus,rf_clicks,3+6 clicks,0,16000,0.033013043825502034,9,0,3,9,3,0.8448032856933311
1816,olympus,dino_clicks,3+6 clicks,1,16000,0.23037946850531826,9,1,8,8,9,0.8347603613495357
1816,olympus,sam,3+6 clicks,1,12000,0.0508083012937408,9,0,1,9,1,0.31457920058371525
1816,olympus,rf_clicks,3+6 clicks,1,16000,0.4169856198508966,9,4,7,5,11,0.6993134292499469
1816,olympus,dino_clicks,3+6 clicks,2,16000,0.4394166039525477,9,5,6,4,11,0.8129567434306051
1816,olympus,sam,3+6 clicks,2,12000,0.11058991477398603,9,0,3,9,3,0.543527784651891
1816,olympus,rf_clicks,3+6 clicks,2,16000,0.13809719031822504,9,1,3,8,4,0.4994328771367041
1816,olympus,dino_clicks,10+20 clicks,0,16000,0.49874132238533936,9,5,6,4,11,0.821890601301054
1816,olympus,sam,10+20 clicks,0,16000,0.3189375489865931,9,3,3,6,6,0.5949176880865685
1816,olympus,rf_clicks,10+20 clicks,0,16000,0.45226547612321216,9,5,10,4,15,0.6585581436459976
1816,olympus,dino_labels,5 labelled training images,0,16000,0.27610560276392904,9,2,4,7,6,0.8503927101161016
1816,olympus,dino_clicks,10+20 clicks,1,16000,0.3619600002051289,9,4,5,5,9,0.5872158377252301
1816,olympus,sam,10+20 clicks,1,16000,0.3386875148717194,9,4,7,5,11,0.6175359420141204
1816,olympus,rf_clicks,10+20 clicks,1,16000,0.5049830427380148,9,6,8,3,14,0.7016501498041023
1816,olympus,dino_clicks,10+20 clicks,2,16000,0.2493785081162028,9,2,5,7,7,0.8570390035010561
1816,olympus,sam,10+20 clicks,2,16000,0.1063468138559872,9,1,1,8,2,0.2750306995753616
1816,olympus,rf_clicks,10+20 clicks,2,16000,0.13714887017480157,9,0,5,9,5,0.7722976035409937
1837,olympus,dino_clicks,3+6 clicks,0,16000,0.39831320726164793,5,1,7,4,8,0.535005557587102
1837,olympus,sam,3+6 clicks,0,12000,0.549383761851401,5,4,5,1,9,0.8519424916475717
1837,olympus,rf_clicks,3+6 clicks,0,16000,0.4735411414655812,5,2,7,3,9,0.8056155027031837
1837,olympus,dino_clicks,3+6 clicks,1,16000,0.33852329739723974,5,1,6,4,7,0.5226147146993823
1837,olympus,sam,3+6 clicks,1,12000,0.48399585266209283,5,3,8,2,11,0.6546870689795057
1837,olympus,rf_clicks,3+6 clicks,1,16000,0.0,5,0,0,5,0,0.0
1837,olympus,dino_clicks,3+6 clicks,2,16000,0.18851316878533483,5,1,2,4,3,0.3753527827503346
1837,olympus,sam,3+6 clicks,2,12000,0.4373486265690222,5,2,4,3,6,0.6084691579444562
1837,olympus,rf_clicks,3+6 clicks,2,16000,0.0,5,0,2,5,2,0.0
1837,olympus,dino_clicks,10+20 clicks,0,16000,0.7387965094869051,5,4,4,1,8,0.8849552256567399
1837,olympus,sam,10+20 clicks,0,16000,0.5796570824912017,5,3,3,2,6,0.7691065320158604
1837,olympus,rf_clicks,10+20 clicks,0,16000,0.5979120401496323,5,3,4,2,7,0.8288404153904297
1837,olympus,dino_labels,5 labelled training images,0,16000,0.4850119233342638,5,2,4,3,6,0.9224343588181542
1837,olympus,dino_clicks,10+20 clicks,1,16000,0.7822061441534283,5,5,5,0,10,0.9046756871102609
1837,olympus,sam,10+20 clicks,1,16000,0.21130082987828266,5,2,4,3,6,0.3914912529405905
1837,olympus,rf_clicks,10+20 clicks,1,16000,0.44099945059423706,5,2,4,3,6,0.6943787856404195
1837,olympus,dino_clicks,10+20 clicks,2,16000,0.3717454260421081,5,2,2,3,4,0.5393160657829857
1837,olympus,sam,10+20 clicks,2,16000,0.17119697828948777,5,1,3,4,4,0.7135776037606321
1837,olympus,rf_clicks,10+20 clicks,2,16000,0.46434393855547773,5,2,6,3,8,0.7618243290325638
1838,olympus,dino_clicks,3+6 clicks,0,16000,0.45025547082635703,7,3,7,4,10,0.7872435691267634
1838,olympus,sam,3+6 clicks,0,12000,0.032698698443844064,7,0,4,7,4,0.45541978241378356
1838,olympus,rf_clicks,3+6 clicks,0,16000,0.397510409010585,7,2,8,5,10,0.7141753540723512
1838,olympus,dino_clicks,3+6 clicks,1,16000,0.1194903414890542,7,0,4,7,4,0.2522315227303183
1838,olympus,sam,3+6 clicks,1,12000,0.19681009759343285,7,1,2,6,3,0.30084552908068746
1838,olympus,rf_clicks,3+6 clicks,1,16000,0.0,7,0,1,7,1,0.0
1838,olympus,dino_clicks,3+6 clicks,2,16000,0.04127074338205424,7,0,2,7,2,0.43079284176271465
1838,olympus,sam,3+6 clicks,2,12000,0.04210799673911946,7,0,1,7,1,0.564912727176994
1838,olympus,rf_clicks,3+6 clicks,2,16000,0.14366845229341832,7,0,5,7,5,0.5794988009064707
1838,olympus,dino_clicks,10+20 clicks,0,16000,0.33693022426939784,7,1,7,6,8,0.8648130543440976
1838,olympus,sam,10+20 clicks,0,16000,0.5104800269203222,7,5,1,2,6,0.7644080389656849
1838,olympus,rf_clicks,10+20 clicks,0,16000,0.13902113366584157,7,1,2,6,3,0.2346913995056537
1838,olympus,dino_labels,5 labelled training images,0,16000,0.2029304738671977,7,0,5,7,5,0.8373605206580215
1838,olympus,dino_clicks,10+20 clicks,1,16000,0.5490486655555274,7,4,4,3,8,0.7408050094438811
1838,olympus,sam,10+20 clicks,1,16000,0.3570039731281529,7,3,3,4,6,0.5198910595622414
1838,olympus,rf_clicks,10+20 clicks,1,16000,0.0,7,0,4,7,4,0.0
1838,olympus,dino_clicks,10+20 clicks,2,16000,0.17910188345741948,7,1,3,6,4,0.7740537040473474
1838,olympus,sam,10+20 clicks,2,16000,0.026072730861309068,7,0,1,7,1,0.17393413267153712
1838,olympus,rf_clicks,10+20 clicks,2,16000,0.096776793418852,7,0,4,7,4,0.3428924843484704
1839,olympus,dino_clicks,3+6 clicks,0,16000,0.0967573079535695,3,0,1,3,1,0.8714593733371473
1839,olympus,sam,3+6 clicks,0,12000,0.22048040694262785,3,0,1,3,1,0.8666200188923486
1839,olympus,rf_clicks,3+6 clicks,0,16000,0.12142320626499674,3,0,3,3,3,0.7854615883230376
1839,olympus,dino_clicks,3+6 clicks,1,16000,0.2603776546922457,3,0,2,3,2,0.8718437174550346
1839,olympus,sam,3+6 clicks,1,12000,0.2597956764616904,3,0,1,3,1,0.8051410774880305
1839,olympus,rf_clicks,3+6 clicks,1,16000,0.1956900469922589,3,0,4,3,4,0.6112118576636257
1839,olympus,dino_clicks,3+6 clicks,2,16000,0.11505421805799891,3,0,2,3,2,0.8806777597654672
1839,olympus,sam,3+6 clicks,2,12000,0.22042777203105426,3,0,1,3,1,0.7372790956854004
1839,olympus,rf_clicks,3+6 clicks,2,16000,0.07696000774036928,3,0,2,3,2,0.9196389096020219
1839,olympus,dino_clicks,10+20 clicks,0,16000,0.26222146092637155,3,0,2,3,2,0.9478258204467208
1839,olympus,sam,10+20 clicks,0,16000,0.5815152349294538,3,1,6,2,7,0.9333237072466384
1839,olympus,rf_clicks,10+20 clicks,0,16000,0.12939593422248694,3,0,4,3,4,0.864053074624831
1839,olympus,dino_labels,5 labelled training images,0,16000,0.10999801475939652,3,0,2,3,2,0.916366147721757
1839,olympus,dino_clicks,10+20 clicks,1,16000,0.28592550852754256,3,0,1,3,1,0.9494369879728081
1839,olympus,sam,10+20 clicks,1,16000,0.18404195721807293,3,0,3,3,3,0.6587155086670807
1839,olympus,rf_clicks,10+20 clicks,1,16000,0.1658977128952065,3,0,3,3,3,0.53664860720159
1839,olympus,dino_clicks,10+20 clicks,2,16000,0.1486703892303791,3,0,1,3,1,0.8862286918214901
1839,olympus,sam,10+20 clicks,2,16000,0.15128099497443934,3,0,2,3,2,0.5126770414408113
1839,olympus,rf_clicks,10+20 clicks,2,16000,0.07906377168113253,3,0,3,3,3,0.8586908129507737
1844,olympus,dino_clicks,3+6 clicks,0,16000,0.2089708807985759,4,0,4,4,4,0.37262133357716887
1844,olympus,sam,3+6 clicks,0,12000,0.4297705064084222,4,3,1,1,4,0.6832805376009375
1844,olympus,rf_clicks,3+6 clicks,0,16000,0.387109993230541,4,1,8,3,9,0.6535871751630534
1844,olympus,dino_clicks,3+6 clicks,1,16000,0.5514995440378121,4,2,9,2,11,0.8653292295521687
1844,olympus,sam,3+6 clicks,1,12000,0.0655924518474348,4,0,3,4,3,0.8023647014564411
1844,olympus,rf_clicks,3+6 clicks,1,16000,0.4583763760801829,4,2,7,2,9,0.7742597687712945
1844,olympus,dino_clicks,3+6 clicks,2,16000,0.5728021803765461,4,4,6,0,10,0.7125501743451078
1844,olympus,sam,3+6 clicks,2,12000,0.3450737176380877,4,1,4,3,5,0.5971601678851882
1844,olympus,rf_clicks,3+6 clicks,2,16000,0.6266747481399646,4,3,10,1,13,0.8137631750516136
1844,olympus,dino_clicks,10+20 clicks,0,16000,0.5893750158817036,4,3,7,1,10,0.7992250491466993
1844,olympus,sam,10+20 clicks,0,16000,0.16420357658169735,4,1,0,3,1,0.31770907687345673
1844,olympus,rf_clicks,10+20 clicks,0,16000,0.6024283927841778,4,3,10,1,13,0.7951705102698462
1844,olympus,dino_labels,5 labelled training images,0,16000,0.5431840596178285,4,2,7,2,9,0.8720453361536883
1844,olympus,dino_clicks,10+20 clicks,1,16000,0.3518799250528208,4,1,6,3,7,0.8414854798400029
1844,olympus,sam,10+20 clicks,1,16000,0.3378550595564497,4,1,1,3,2,0.6044509068113153
1844,olympus,rf_clicks,10+20 clicks,1,16000,0.5612617636075252,4,2,10,2,12,0.8187551469285216
1844,olympus,dino_clicks,10+20 clicks,2,16000,0.49300899952170846,4,1,7,3,8,0.7096718729851079
1844,olympus,sam,10+20 clicks,2,16000,0.19493073209443795,4,0,3,4,3,0.3572512778150653
1844,olympus,rf_clicks,10+20 clicks,2,16000,0.6020121522117299,4,4,6,0,10,0.7460408752385732
1847,olympus,dino_clicks,3+6 clicks,0,16000,0.40184082831550727,3,2,1,1,3,0.601870855148342
1847,olympus,sam,3+6 clicks,0,12000,0.7091754282990871,3,2,5,1,7,0.8437706298800337
1847,olympus,rf_clicks,3+6 clicks,0,16000,0.5889484153745828,3,2,5,1,7,0.7816360159247543
1847,olympus,dino_clicks,3+6 clicks,1,16000,0.3590021943551185,3,2,1,1,3,0.5502208105815041
1847,olympus,sam,3+6 clicks,1,12000,0.5148941240786018,3,2,1,1,3,0.6849871827225756
1847,olympus,rf_clicks,3+6 clicks,1,16000,0.5849716623937814,3,2,4,1,6,0.7679261524936354
1847,olympus,dino_clicks,3+6 clicks,2,16000,0.3997450303936636,3,1,9,2,10,0.844396976667762
1847,olympus,sam,3+6 clicks,2,12000,0.7204871774961448,3,2,6,1,8,0.8357482254942219
1847,olympus,rf_clicks,3+6 clicks,2,16000,0.6727876234240796,3,2,4,1,6,0.8525340222406972
1847,olympus,dino_clicks,10+20 clicks,0,16000,0.8560547640564926,3,3,2,0,5,0.926823276851847
1847,olympus,sam,10+20 clicks,0,16000,0.15126285839352158,3,0,1,3,1,0.2972559139784946
1847,olympus,rf_clicks,10+20 clicks,0,16000,0.5502965480040096,3,2,4,1,6,0.807966900149534
1847,olympus,dino_labels,5 labelled training images,0,16000,0.8446504931291071,3,3,4,0,7,0.9438636431716743
1847,olympus,dino_clicks,10+20 clicks,1,16000,0.3778625298223857,3,2,1,1,3,0.5749558582642548
1847,olympus,sam,10+20 clicks,1,16000,0.3519265771594913,3,1,1,2,2,0.526287577612007
1847,olympus,rf_clicks,10+20 clicks,1,16000,0.5650117290714375,3,2,5,1,7,0.7514939962626966
1847,olympus,dino_clicks,10+20 clicks,2,16000,0.7904752762079256,3,3,2,0,5,0.8918177494109709
1847,olympus,sam,10+20 clicks,2,16000,0.5323698647942766,3,2,0,1,2,0.6998702609197059
1847,olympus,rf_clicks,10+20 clicks,2,16000,0.6191497617663629,3,2,5,1,7,0.8921056976878006
1853,olympus,dino_clicks,3+6 clicks,0,16000,0.22602818546556755,8,1,5,7,6,0.5737071048815853
1853,olympus,sam,3+6 clicks,0,12000,0.058586624598723096,8,0,1,8,1,0.21802591241112457
1853,olympus,rf_clicks,3+6 clicks,0,16000,0.23492855115989378,8,1,4,7,5,0.8629778879566367
1853,olympus,dino_clicks,3+6 clicks,1,16000,0.2901230040931488,8,2,5,6,7,0.5674616650557718
1853,olympus,sam,3+6 clicks,1,12000,0.1544183901658984,8,0,2,8,2,0.3197263709387066
1853,olympus,rf_clicks,3+6 clicks,1,16000,0.41623479447345524,8,1,10,7,11,0.7053005684226543
1853,olympus,dino_clicks,3+6 clicks,2,16000,0.7002206367956936,8,6,9,2,15,0.8982249871133513
1853,olympus,sam,3+6 clicks,2,12000,0.25116351130691916,8,0,7,8,7,0.3867195570430974
1853,olympus,rf_clicks,3+6 clicks,2,16000,0.26505598349280957,8,1,4,7,5,0.8726823482122802
1853,olympus,dino_clicks,10+20 clicks,0,16000,0.6940167139324466,8,7,2,1,9,0.8960424960633881
1853,olympus,sam,10+20 clicks,0,16000,0.009832406589523326,8,0,2,8,2,0.1618048052683027
1853,olympus,rf_clicks,10+20 clicks,0,16000,0.189444921761188,8,0,3,8,3,0.7690477840134876
1853,olympus,dino_labels,5 labelled training images,0,16000,0.375685403272143,8,1,6,7,7,0.9257421811485421
1853,olympus,dino_clicks,10+20 clicks,1,16000,0.7003617179801762,8,8,3,0,11,0.8244963285786895
1853,olympus,sam,10+20 clicks,1,16000,0.2795160076585024,8,1,7,7,8,0.4926167357701957
1853,olympus,rf_clicks,10+20 clicks,1,16000,0.050149700598802395,8,0,2,8,2,0.11215852854706578
1853,olympus,dino_clicks,10+20 clicks,2,16000,0.6365598099654632,8,7,4,1,11,0.7752413825691521
1853,olympus,sam,10+20 clicks,2,16000,0.08000154966682163,8,1,1,7,2,0.11504939393622837
1853,olympus,rf_clicks,10+20 clicks,2,16000,0.5057697671681477,8,2,9,6,11,0.7889367153359669
1854,olympus,dino_clicks,3+6 clicks,0,16000,0.5472282265499708,6,3,5,3,8,0.9229421471558921
1854,olympus,sam,3+6 clicks,0,12000,0.41856607045608124,6,3,1,3,4,0.6974160642674523
1854,olympus,rf_clicks,3+6 clicks,0,16000,0.20466784879644465,6,0,8,6,8,0.917544888653435
1854,olympus,dino_clicks,3+6 clicks,1,16000,0.2502164316578197,6,0,3,6,3,0.9025251938856993
1854,olympus,sam,3+6 clicks,1,12000,0.2033092273013228,6,1,1,5,2,0.4654484335906921
1854,olympus,rf_clicks,3+6 clicks,1,16000,0.11387198922054566,6,0,6,6,6,0.8348225267872995
1854,olympus,dino_clicks,3+6 clicks,2,16000,0.1401058422344564,6,0,3,6,3,0.4989550794951889
1854,olympus,sam,3+6 clicks,2,12000,0.2669825760355263,6,0,3,6,3,0.49468560200071454
1854,olympus,rf_clicks,3+6 clicks,2,16000,0.27620332435941014,6,1,5,5,6,0.6457214025929288
1854,olympus,dino_clicks,10+20 clicks,0,16000,0.5946236504293093,6,3,2,3,5,0.9259291914811757
1854,olympus,sam,10+20 clicks,0,16000,0.2868131961206523,6,1,3,5,4,0.5239848968091649
1854,olympus,rf_clicks,10+20 clicks,0,16000,0.209192600709574,6,0,5,6,5,0.9067571868038613
1854,olympus,dino_labels,5 labelled training images,0,16000,0.3722220370979103,6,1,4,5,5,0.9141350120826272
1854,olympus,dino_clicks,10+20 clicks,1,16000,0.7450616436207494,6,5,3,1,8,0.9407531819971132
1854,olympus,sam,10+20 clicks,1,16000,0.6320896507336963,6,3,2,3,5,0.8859058592527861
1854,olympus,rf_clicks,10+20 clicks,1,16000,0.20014673824357934,6,0,5,6,5,0.8456761399793246
1854,olympus,dino_clicks,10+20 clicks,2,16000,0.5918178261592745,6,3,1,3,4,0.8750739724368378
1854,olympus,sam,10+20 clicks,2,16000,0.6916076362420366,6,5,0,1,5,0.9237658173756753
1854,olympus,rf_clicks,10+20 clicks,2,16000,0.36109517570561084,6,1,4,5,5,0.7878278782194176
1855,olympus,dino_clicks,3+6 clicks,0,16000,0.5374616588265531,3,2,2,1,4,0.8376176863968949
1855,olympus,sam,3+6 clicks,0,12000,0.08439750778151618,3,0,2,3,2,0.5191321548715494
1855,olympus,rf_clicks,3+6 clicks,0,16000,0.3372673990623077,3,1,3,2,4,0.6309323839847569
1855,olympus,dino_clicks,3+6 clicks,1,16000,0.6992282954025909,3,2,4,1,6,0.9142895348892741
1855,olympus,sam,3+6 clicks,1,12000,0.285259179964527,3,1,2,2,3,0.8459749926818049
1855,olympus,rf_clicks,3+6 clicks,1,16000,0.0,3,0,1,3,1,0.0
1855,olympus,dino_clicks,3+6 clicks,2,16000,0.18115354037063447,3,1,0,2,1,0.34301766148306795
1855,olympus,sam,3+6 clicks,2,12000,0.16880047767197762,3,1,2,2,3,0.3797169477866222
1855,olympus,rf_clicks,3+6 clicks,2,16000,0.31995992042943583,3,1,8,2,9,0.6562697354571609
1855,olympus,dino_clicks,10+20 clicks,0,16000,0.4739015047409234,3,2,2,1,4,0.7751777574681129
1855,olympus,sam,10+20 clicks,0,16000,0.5280836843224983,3,2,0,1,2,0.8105515587529976
1855,olympus,rf_clicks,10+20 clicks,0,16000,0.15542897514019519,3,0,2,3,2,0.36117910907198664
1855,olympus,dino_labels,5 labelled training images,0,16000,0.4483248899448937,3,1,3,2,4,0.9060549793940492
1855,olympus,dino_clicks,10+20 clicks,1,16000,0.3568205950637789,3,1,3,2,4,0.6278449263214471
1855,olympus,sam,10+20 clicks,1,16000,0.11446764687042987,3,0,2,3,2,0.5584393016314347
1855,olympus,rf_clicks,10+20 clicks,1,16000,0.2757102583225844,3,1,2,2,3,0.6984050347231969
1855,olympus,dino_clicks,10+20 clicks,2,16000,0.5781598457167033,3,2,3,1,5,0.8711274492235699
1855,olympus,sam,10+20 clicks,2,16000,0.25566803391619874,3,0,2,3,2,0.6758218749820739
1855,olympus,rf_clicks,10+20 clicks,2,16000,0.38257574827556784,3,1,7,2,8,0.8183281782079679
1863,olympus,dino_clicks,3+6 clicks,0,16000,0.622464982472505,4,2,5,2,7,0.9226719078728823
1863,olympus,sam,3+6 clicks,0,12000,0.3774325893958353,4,1,1,3,2,0.7274690352020861
1863,olympus,rf_clicks,3+6 clicks,0,16000,0.17719357530413066,4,0,7,4,7,0.8917579349740153
1863,olympus,dino_clicks,3+6 clicks,1,16000,0.20321107555672535,4,0,2,4,2,0.3888297142099707
1863,olympus,sam,3+6 clicks,1,12000,0.3906781264568288,4,1,1,3,2,0.7516533113240073
1863,olympus,rf_clicks,3+6 clicks,1,16000,0.0,4,0,2,4,2,0.0
1863,olympus,dino_clicks,3+6 clicks,2,16000,0.6380394064462052,4,2,4,2,6,0.9194302847725139
1863,olympus,sam,3+6 clicks,2,12000,0.6766829901836157,4,3,0,1,3,0.7622476505395057
1863,olympus,rf_clicks,3+6 clicks,2,16000,0.3236793824849632,4,1,4,3,5,0.5449867561959071
1863,olympus,dino_clicks,10+20 clicks,0,16000,0.7535232315053959,4,3,2,1,5,0.9079604737843732
1863,olympus,sam,10+20 clicks,0,16000,0.86893351473127,4,4,0,0,4,0.9313742845341358
1863,olympus,rf_clicks,10+20 clicks,0,16000,0.6134306599509795,4,3,3,1,6,0.7692834400356054
1863,olympus,dino_labels,5 labelled training images,0,16000,0.4251237929423076,4,1,3,3,4,0.9334338420401371
1863,olympus,dino_clicks,10+20 clicks,1,16000,0.19724109726167458,4,0,2,4,2,0.3352026871757763
1863,olympus,sam,10+20 clicks,1,16000,0.6024599763141394,4,3,0,1,3,0.7860502654061798
1863,olympus,rf_clicks,10+20 clicks,1,16000,0.0,4,0,1,4,1,0.0
1863,olympus,dino_clicks,10+20 clicks,2,16000,0.7867083970058983,4,3,3,1,6,0.9280984119500225
1863,olympus,sam,10+20 clicks,2,16000,0.7468293959716275,4,3,1,1,4,0.8306045554578965
1863,olympus,rf_clicks,10+20 clicks,2,16000,0.36632361147817244,4,1,6,3,7,0.913758194710788
1870,olympus,dino_clicks,3+6 clicks,0,16000,0.43536004083784086,7,3,3,4,6,0.9173564182773063
1870,olympus,sam,3+6 clicks,0,12000,0.33010859049977853,7,2,1,5,3,0.7885644330512283
1870,olympus,rf_clicks,3+6 clicks,0,16000,0.30136269767225105,7,2,4,5,6,0.8692068031744696
1870,olympus,dino_clicks,3+6 clicks,1,16000,0.7059519075225275,7,5,1,2,6,0.9453850714803347
1870,olympus,sam,3+6 clicks,1,12000,0.3514599721210008,7,3,2,4,5,0.5181552071114173
1870,olympus,rf_clicks,3+6 clicks,1,16000,0.3111742518038753,7,2,4,5,6,0.8982086647179723
1870,olympus,dino_clicks,3+6 clicks,2,16000,0.23905317079497213,7,0,5,7,5,0.41773852837515446
1870,olympus,sam,3+6 clicks,2,12000,0.6068734114554368,7,5,1,2,6,0.8238941163348157
1870,olympus,rf_clicks,3+6 clicks,2,16000,0.3592236678999078,7,1,4,6,5,0.8981930499012931
1870,olympus,dino_clicks,10+20 clicks,0,16000,0.651053010798013,7,6,0,1,6,0.9068501014194875
1870,olympus,sam,10+20 clicks,0,16000,0.5215933206918568,7,4,2,3,6,0.6984106799294473
1870,olympus,rf_clicks,10+20 clicks,0,16000,0.4990258903991704,7,5,1,2,6,0.6860404629646831
1870,olympus,dino_labels,5 labelled training images,0,16000,0.47698858038601993,7,3,1,4,4,0.9136960177137037
1870,olympus,dino_clicks,10+20 clicks,1,16000,0.7104556035999451,7,6,0,1,6,0.9418517436287802
1870,olympus,sam,10+20 clicks,1,16000,0.4485161782877086,7,3,1,4,4,0.7371364525576437
1870,olympus,rf_clicks,10+20 clicks,1,16000,0.40147461532740764,7,2,4,5,6,0.84726799635639
1870,olympus,dino_clicks,10+20 clicks,2,16000,0.5658545301835028,7,6,1,1,7,0.7367866685129654
1870,olympus,sam,10+20 clicks,2,16000,0.5555006470563378,7,4,2,3,6,0.7144860582149787
1870,olympus,rf_clicks,10+20 clicks,2,16000,0.3462836662319347,7,2,2,5,4,0.730109289122699
1871,olympus,dino_clicks,3+6 clicks,0,16000,0.8985454680767256,3,3,3,0,6,0.9474458474392463
1871,olympus,sam,3+6 clicks,0,12000,0.6891938774602027,3,3,0,0,3,0.8125145873853848
1871,olympus,rf_clicks,3+6 clicks,0,16000,0.8486632342004521,3,3,2,0,5,0.9239017919057717
1871,olympus,dino_clicks,3+6 clicks,1,16000,0.8859602624625259,3,3,3,0,6,0.9417315092323838
1871,olympus,sam,3+6 clicks,1,12000,0.8869721961264849,3,3,1,0,4,0.9343135382852779
1871,olympus,rf_clicks,3+6 clicks,1,16000,0.9051270797035804,3,3,2,0,5,0.954933315253712
1871,olympus,dino_clicks,3+6 clicks,2,16000,0.5233587455485224,3,2,3,1,5,0.6826442761096407
1871,olympus,sam,3+6 clicks,2,12000,0.6631188469693582,3,2,1,1,3,0.773869870751334
1871,olympus,rf_clicks,3+6 clicks,2,16000,0.8423716846895589,3,3,2,0,5,0.9146680570038235
1871,olympus,dino_clicks,10+20 clicks,0,16000,0.5179790938155744,3,1,2,2,3,0.9063388164410316
1871,olympus,sam,10+20 clicks,0,16000,0.808229669976455,3,3,2,0,5,0.8733416034145624
1871,olympus,rf_clicks,10+20 clicks,0,16000,0.6953661047684769,3,3,2,0,5,0.9200960371390855
1871,olympus,dino_labels,5 labelled training images,0,16000,0.8658904086321022,3,3,1,0,4,0.9323481504213782
1871,olympus,dino_clicks,10+20 clicks,1,16000,0.15231011730785987,3,0,2,3,2,0.5031641079485797
1871,olympus,sam,10+20 clicks,1,16000,0.056941522456894676,3,0,1,3,1,0.5735255599968114
1871,olympus,rf_clicks,10+20 clicks,1,16000,0.9149616900662211,3,3,2,0,5,0.9594809038425967
1871,olympus,dino_clicks,10+20 clicks,2,16000,0.8471571688756568,3,3,3,0,6,0.9249965207292552
1871,olympus,sam,10+20 clicks,2,16000,0.7249045808243285,3,3,0,0,3,0.8216306082144093
1871,olympus,rf_clicks,10+20 clicks,2,16000,0.7247266552847281,3,3,2,0,5,0.8386718214471772
1888,olympus,dino_clicks,3+6 clicks,0,16000,0.44896912052319193,4,1,6,3,7,0.74366875
1888,olympus,sam,3+6 clicks,0,12000,0.16269536946112728,4,0,3,4,3,0.5345832590418456
1888,olympus,rf_clicks,3+6 clicks,0,16000,0.3287608100526076,4,1,5,3,6,0.7446125066151403
1888,olympus,dino_clicks,3+6 clicks,1,16000,0.44979414683332786,4,1,8,3,9,0.620078021338366
1888,olympus,sam,3+6 clicks,1,12000,0.07705476224875629,4,0,2,4,2,0.6211841601964877
1888,olympus,rf_clicks,3+6 clicks,1,16000,0.23295789064046435,4,1,3,3,4,0.8098610289387406
1888,olympus,dino_clicks,3+6 clicks,2,16000,0.6840856027621988,4,3,4,1,7,0.8311120911429621
1888,olympus,sam,3+6 clicks,2,12000,0.08357377596733583,4,0,2,4,2,0.8100868049290321
1888,olympus,rf_clicks,3+6 clicks,2,16000,0.32817842975426414,4,1,2,3,3,0.5253753236506684
1888,olympus,dino_clicks,10+20 clicks,0,16000,0.5760780223612556,4,3,3,1,6,0.8963084634740583
1888,olympus,sam,10+20 clicks,0,16000,0.15704479570366764,4,0,2,4,2,0.6735142494699371
1888,olympus,rf_clicks,10+20 clicks,0,16000,0.2890740255661872,4,0,5,4,5,0.5070270467436304
1888,olympus,dino_labels,5 labelled training images,0,16000,0.5939764313987218,4,3,2,1,5,0.9116682475932915
1888,olympus,dino_clicks,10+20 clicks,1,16000,0.40429623864040604,4,0,7,4,7,0.5744773979322315
1888,olympus,sam,10+20 clicks,1,16000,0.43243705933885723,4,2,3,2,5,0.8215971571522019
1888,olympus,rf_clicks,10+20 clicks,1,16000,0.32474737100805473,4,1,4,3,5,0.8350372450222444
1888,olympus,dino_clicks,10+20 clicks,2,16000,0.7517094059795697,4,3,4,1,7,0.901335404915997
1888,olympus,sam,10+20 clicks,2,16000,0.31988588095130055,4,1,3,3,4,0.7117188684394045
1888,olympus,rf_clicks,10+20 clicks,2,16000,0.40833616829023545,4,2,6,2,8,0.8438595808765914
1898,olympus,dino_clicks,3+6 clicks,0,16000,0.6324504269884625,8,5,5,3,10,0.7776190088514456
1898,olympus,sam,3+6 clicks,0,12000,0.4157034121828155,8,3,4,5,7,0.6508996751449889
1898,olympus,rf_clicks,3+6 clicks,0,16000,0.26768187787262354,8,0,7,8,7,0.42605362861560786
1898,olympus,dino_clicks,3+6 clicks,1,16000,0.6795873662938942,8,6,4,2,10,0.8120821505364593
1898,olympus,sam,3+6 clicks,1,12000,0.24762435912374614,8,1,2,7,3,0.5019513403188754
1898,olympus,rf_clicks,3+6 clicks,1,16000,0.12942686088530797,8,1,1,7,2,0.8225594778203825
1898,olympus,dino_clicks,3+6 clicks,2,16000,0.4909617791032973,8,3,6,5,9,0.6591158599549996
1898,olympus,sam,3+6 clicks,2,12000,0.06850903064058833,8,0,2,8,2,0.5145703201113982
1898,olympus,rf_clicks,3+6 clicks,2,16000,0.42976978701982815,8,3,6,5,9,0.6349351131352654
1898,olympus,dino_clicks,10+20 clicks,0,16000,0.7325252009176907,8,6,5,2,11,0.8522684595485405
1898,olympus,sam,10+20 clicks,0,16000,0.7684295187912711,8,7,3,1,10,0.8910573685490788
1898,olympus,rf_clicks,10+20 clicks,0,16000,0.17671988900440153,8,1,3,7,4,0.32689300111710134
1898,olympus,dino_labels,5 labelled training images,0,16000,0.472495991339689,8,3,3,5,6,0.8960144446248383
1898,olympus,dino_clicks,10+20 clicks,1,16000,0.6242504756821663,8,5,5,3,10,0.9347331529758977
1898,olympus,sam,10+20 clicks,1,16000,0.5275117541900319,8,4,4,4,8,0.873560809903033
1898,olympus,rf_clicks,10+20 clicks,1,16000,0.13316558749614243,8,1,1,7,2,0.7540872951484666
1898,olympus,dino_clicks,10+20 clicks,2,16000,0.27537022778352227,8,1,4,7,5,0.9222836803718212
1898,olympus,sam,10+20 clicks,2,16000,0.8299631670288496,8,7,7,1,14,0.8914311030347629
1898,olympus,rf_clicks,10+20 clicks,2,16000,0.4359146306396623,8,3,7,5,10,0.7282509017546005
1944,olympus,dino_clicks,3+6 clicks,0,16000,0.062319922774348745,2,0,2,2,2,0.8984124095892281
1944,olympus,sam,3+6 clicks,0,12000,0.6074049821096676,2,2,1,0,3,0.8548471615720524
1944,olympus,rf_clicks,3+6 clicks,0,16000,0.16818939946389427,2,0,4,2,4,0.8618214167494207
1944,olympus,dino_clicks,3+6 clicks,1,16000,0.8097010911643385,2,2,9,0,11,0.9215584470072427
1944,olympus,sam,3+6 clicks,1,12000,0.4301427568453077,2,1,2,1,3,0.5807266982622433
1944,olympus,rf_clicks,3+6 clicks,1,16000,0.40876238027078643,2,1,7,1,8,0.6446637057525065
1944,olympus,dino_clicks,3+6 clicks,2,16000,0.3985088483837963,2,1,1,1,2,0.5871432858528687
1944,olympus,sam,3+6 clicks,2,12000,0.5909842373026201,2,2,2,0,4,0.743328444351321
1944,olympus,rf_clicks,3+6 clicks,2,16000,0.1987319958300534,2,0,2,2,2,0.3179752523275407
1944,olympus,dino_clicks,10+20 clicks,0,16000,0.7810040368310246,2,2,3,0,5,0.8641233738842864
1944,olympus,sam,10+20 clicks,0,16000,0.3236077872023472,2,1,2,1,3,0.49374430056538393
1944,olympus,rf_clicks,10+20 clicks,0,16000,0.2581940667748661,2,0,5,2,5,0.912955445195475
1944,olympus,dino_labels,5 labelled training images,0,16000,0.6836157558206366,2,2,3,0,5,0.9438947189743487
1944,olympus,dino_clicks,10+20 clicks,1,16000,0.18878582218156287,2,0,4,2,4,0.30312139715615527
1944,olympus,sam,10+20 clicks,1,16000,0.8416739551665395,2,2,0,0,2,0.9138566088278725
1944,olympus,rf_clicks,10+20 clicks,1,16000,0.2521177038109021,2,1,4,1,5,0.4182458386683739
1944,olympus,dino_clicks,10+20 clicks,2,16000,0.8917417484108245,2,2,6,0,8,0.9354063814104434
1944,olympus,sam,10+20 clicks,2,16000,0.5149370470113106,2,1,2,1,3,0.6896524835598992
1944,olympus,rf_clicks,10+20 clicks,2,16000,0.6460319149511291,2,1,8,1,9,0.8295206143991023
1948,olympus,dino_clicks,3+6 clicks,0,16000,0.37082691837375575,11,3,10,8,13,0.780916208526462
1948,olympus,sam,3+6 clicks,0,12000,0.19041422883104467,11,2,1,9,3,0.4141630062900804
1948,olympus,rf_clicks,3+6 clicks,0,16000,0.09208631008554241,11,0,5,11,5,0.7597406800417356
1948,olympus,dino_clicks,3+6 clicks,1,16000,0.4600904587994451,11,4,12,7,16,0.8155530737731223
1948,olympus,sam,3+6 clicks,1,12000,0.05288624553579882,11,0,1,11,1,0.660795765263802
1948,olympus,rf_clicks,3+6 clicks,1,16000,0.27293493390125584,11,1,8,10,9,0.8415656757987799
1948,olympus,dino_clicks,3+6 clicks,2,16000,0.04764275838418178,11,0,1,11,1,0.6859997897987727
1948,olympus,sam,3+6 clicks,2,12000,0.20493462110039642,11,0,4,11,4,0.6743273762321008
1948,olympus,rf_clicks,3+6 clicks,2,16000,0.14178172925028407,11,1,3,10,4,0.792519881090706
1948,olympus,dino_clicks,10+20 clicks,0,16000,0.20066437510624657,11,1,5,10,6,0.8783792920268508
1948,olympus,sam,10+20 clicks,0,16000,0.03267799297359981,11,0,1,11,1,0.717926102416575
1948,olympus,rf_clicks,10+20 clicks,0,16000,0.20270354752137051,11,1,4,10,5,0.602916735725375
1948,olympus,dino_labels,5 labelled training images,0,16000,0.3592355001179653,11,3,5,8,8,0.7712815028116824
1948,olympus,dino_clicks,10+20 clicks,1,16000,0.2561112932974853,11,3,2,8,5,0.8748248592937377
1948,olympus,sam,10+20 clicks,1,16000,0.18705339218812034,11,0,7,11,7,0.7827548272755125
1948,olympus,rf_clicks,10+20 clicks,1,16000,0.19331001631492642,11,0,6,11,6,0.7442071273861993
1948,olympus,dino_clicks,10+20 clicks,2,16000,0.4152165542653208,11,5,6,6,11,0.8835801584362238
1948,olympus,sam,10+20 clicks,2,16000,0.3912070948848791,11,3,6,8,9,0.6727593825735277
1948,olympus,rf_clicks,10+20 clicks,2,16000,0.22985487807562652,11,1,5,10,6,0.6565494274800587
1954,olympus,dino_clicks,3+6 clicks,0,16000,0.2368084911620367,3,0,5,3,5,0.8922967401299202
1954,olympus,sam,3+6 clicks,0,12000,0.3104000182062317,3,0,1,3,1,0.8159113154219226
1954,olympus,rf_clicks,3+6 clicks,0,16000,0.29078119057196034,3,0,2,3,2,0.9613389617405356
1954,olympus,dino_clicks,3+6 clicks,1,16000,0.5997162848532361,3,2,7,1,9,0.950646562598911
1954,olympus,sam,3+6 clicks,1,12000,0.2941276985947281,3,0,1,3,1,0.9404578244926011
1954,olympus,rf_clicks,3+6 clicks,1,16000,0.26599481017589083,3,0,3,3,3,0.9552333442118514
1954,olympus,dino_clicks,3+6 clicks,2,16000,0.5177930233212834,3,1,8,2,9,0.9327138094026594
1954,olympus,sam,3+6 clicks,2,12000,0.6478720969530759,3,2,0,1,2,0.9807026743576298
1954,olympus,rf_clicks,3+6 clicks,2,16000,0.2449944716177365,3,0,3,3,3,0.937447963800905
1954,olympus,dino_clicks,10+20 clicks,0,16000,0.44943042378602893,3,1,2,2,3,0.7778167262200913
1954,olympus,sam,10+20 clicks,0,16000,0.32263439362395335,3,1,0,2,1,0.7848922918690361
1954,olympus,rf_clicks,10+20 clicks,0,16000,0.305487603979196,3,0,4,3,4,0.8690783117416903
1954,olympus,dino_labels,5 labelled training images,0,16000,0.2725271499853243,3,0,2,3,2,0.9086080649042594
1954,olympus,dino_clicks,10+20 clicks,1,16000,0.5487229177163236,3,1,3,2,4,0.8916227845348494
1954,olympus,sam,10+20 clicks,1,16000,0.3013449424744709,3,1,1,2,2,0.7205629233740395
1954,olympus,rf_clicks,10+20 clicks,1,16000,0.31278422829042324,3,0,3,3,3,0.9124660011166488
1954,olympus,dino_clicks,10+20 clicks,2,16000,0.6180902726576293,3,1,3,2,4,0.9492875601602694
1954,olympus,sam,10+20 clicks,2,16000,0.5113933093952218,3,2,1,1,3,0.8894284998120066
1954,olympus,rf_clicks,10+20 clicks,2,16000,0.22636553589267353,3,0,2,3,2,0.9094832960856345
1957,olympus,dino_clicks,3+6 clicks,0,16000,0.657904855672455,4,4,6,0,10,0.7850680552099086
1957,olympus,sam,3+6 clicks,0,12000,0.5295567224497232,4,2,3,2,5,0.8952587290052229
1957,olympus,rf_clicks,3+6 clicks,0,16000,0.0,4,0,2,4,2,0.0
1957,olympus,dino_clicks,3+6 clicks,1,16000,0.334587641409133,4,1,6,3,7,0.9286598220226732
1957,olympus,sam,3+6 clicks,1,12000,0.562796779561336,4,2,3,2,5,0.9002198516932646
1957,olympus,rf_clicks,3+6 clicks,1,16000,0.06012341240700673,4,0,3,4,3,0.9353401191658391
1957,olympus,dino_clicks,3+6 clicks,2,16000,0.4636718926311253,4,1,6,3,7,0.6325722902488314
1957,olympus,sam,3+6 clicks,2,12000,0.4926915719326583,4,1,6,3,7,0.7568421220125385
1957,olympus,rf_clicks,3+6 clicks,2,16000,0.5014820797519262,4,2,6,2,8,0.7133815660260135
1957,olympus,dino_clicks,10+20 clicks,0,16000,0.7937351486409332,4,4,5,0,9,0.874872474092105
1957,olympus,sam,10+20 clicks,0,16000,0.6349607099273789,4,3,0,1,3,0.8068978775761304
1957,olympus,rf_clicks,10+20 clicks,0,16000,0.4160454941033931,4,0,6,4,6,0.7530729564255558
1957,olympus,dino_labels,5 labelled training images,0,16000,0.10648491294037166,4,0,3,4,3,0.9026346893280869
1957,olympus,dino_clicks,10+20 clicks,1,16000,0.621057497023841,4,2,6,2,8,0.897335823324824
1957,olympus,sam,10+20 clicks,1,16000,0.4100677386503724,4,1,1,3,2,0.7788802769799741
1957,olympus,rf_clicks,10+20 clicks,1,16000,0.3187056454792586,4,0,6,4,6,0.8319546530011056
1957,olympus,dino_clicks,10+20 clicks,2,16000,0.7329834486268938,4,4,5,0,9,0.8435116867974713
1957,olympus,sam,10+20 clicks,2,16000,0.14147071435583183,4,0,2,4,2,0.4184965125290623
1957,olympus,rf_clicks,10+20 clicks,2,16000,0.575349014948184,4,2,6,2,8,0.7264497246887246
1959,olympus,dino_clicks,3+6 clicks,0,16000,0.8216979076344089,2,2,4,0,6,0.901141350305978
1959,olympus,sam,3+6 clicks,0,12000,0.9227645136289535,2,2,1,0,3,0.9588007937030385
1959,olympus,rf_clicks,3+6 clicks,0,16000,0.33797021025760177,2,0,3,2,3,0.5032303293561335
1959,olympus,dino_clicks,3+6 clicks,1,16000,0.3211797500090831,2,0,1,2,1,0.671547552661402
1959,olympus,sam,3+6 clicks,1,12000,0.7261632258184936,2,2,0,0,2,0.8450907056495478
1959,olympus,rf_clicks,3+6 clicks,1,16000,0.18661158303438602,2,0,2,2,2,0.7738044837397974
1959,olympus,dino_clicks,3+6 clicks,2,16000,0.502510874059932,2,1,3,1,4,0.712751460840243
1959,olympus,sam,3+6 clicks,2,12000,0.9160930321626131,2,2,1,0,3,0.956456315244992
1959,olympus,rf_clicks,3+6 clicks,2,16000,0.4093408505276156,2,0,7,2,7,0.6622111640465485
1959,olympus,dino_clicks,10+20 clicks,0,16000,0.8188473470837621,2,2,0,0,2,0.9000631222135519
1959,olympus,sam,10+20 clicks,0,16000,0.33358400696981705,2,0,1,2,1,0.8054620887916109
1959,olympus,rf_clicks,10+20 clicks,0,16000,0.1629137743583675,2,0,1,2,1,0.31431237114953425
1959,olympus,dino_labels,5 labelled training images,0,16000,0.668720787654244,2,2,3,0,5,0.9453053087212461
1959,olympus,dino_clicks,10+20 clicks,1,16000,0.8593624237056727,2,2,1,0,3,0.9213417824545085
1959,olympus,sam,10+20 clicks,1,16000,0.8842892805144774,2,2,2,0,4,0.9356436595875655
1959,olympus,rf_clicks,10+20 clicks,1,16000,0.5959736078992899,2,1,5,1,6,0.8724531300251612
1959,olympus,dino_clicks,10+20 clicks,2,16000,0.6765730969248234,2,2,1,0,3,0.8042613605574883
1959,olympus,sam,10+20 clicks,2,16000,0.8554065219330242,2,2,2,0,4,0.9206471077512169
1959,olympus,rf_clicks,10+20 clicks,2,16000,0.5146064826972284,2,1,4,1,5,0.6756093729229357
1963,olympus,dino_clicks,3+6 clicks,0,16000,0.7035725084768166,7,6,2,1,8,0.8144879471582521
1963,olympus,sam,3+6 clicks,0,12000,0.09739855176433286,7,0,1,7,1,0.25228561440514774
1963,olympus,rf_clicks,3+6 clicks,0,16000,0.22661873556541226,7,0,4,7,4,0.6778480010365528
1963,olympus,dino_clicks,3+6 clicks,1,16000,0.3858859474779445,7,3,3,4,6,0.9004385314695348
1963,olympus,sam,3+6 clicks,1,12000,0.27811949538894426,7,2,1,5,3,0.37334317846824244
1963,olympus,rf_clicks,3+6 clicks,1,16000,0.21346350224248395,7,1,4,6,5,0.8053517141943864
1963,olympus,dino_clicks,3+6 clicks,2,16000,0.35059338791152683,7,2,2,5,4,0.8341127641539765
1963,olympus,sam,3+6 clicks,2,12000,0.3752329053557097,7,2,2,5,4,0.630350825803835
1963,olympus,rf_clicks,3+6 clicks,2,16000,0.21524573944057757,7,0,4,7,4,0.6129465198339689
1963,olympus,dino_clicks,10+20 clicks,0,16000,0.6938115096177392,7,5,3,2,8,0.7911276179538079
1963,olympus,sam,10+20 clicks,0,16000,0.6124733301696781,7,5,0,2,5,0.7953022827892388
1963,olympus,rf_clicks,10+20 clicks,0,16000,0.3076462293829939,7,3,2,4,5,0.8083108104448429
1963,olympus,dino_labels,5 labelled training images,0,16000,0.37605782072300403,7,3,1,4,4,0.8528401344769592
1963,olympus,dino_clicks,10+20 clicks,1,16000,0.7657614186504148,7,6,2,1,8,0.8408263746651962
1963,olympus,sam,10+20 clicks,1,16000,0.5088478690146535,7,4,1,3,5,0.732825387736866
1963,olympus,rf_clicks,10+20 clicks,1,16000,0.23224887273543102,7,1,5,6,6,0.725748224059625
1963,olympus,dino_clicks,10+20 clicks,2,16000,0.8614009503697988,7,7,1,0,8,0.946503753864272
1963,olympus,sam,10+20 clicks,2,16000,0.8159001810532168,7,7,1,0,8,0.9186000758081693
1963,olympus,rf_clicks,10+20 clicks,2,16000,0.21166419226933492,7,2,2,5,4,0.8051110835168256
1967,olympus,dino_clicks,3+6 clicks,0,16000,0.5145572790244918,5,3,5,2,8,0.8449946555451748
1967,olympus,sam,3+6 clicks,0,12000,0.5044619475169514,5,3,1,2,4,0.6350546209816466
1967,olympus,rf_clicks,3+6 clicks,0,16000,0.44332101296990434,5,2,5,3,7,0.7747080275123482
1967,olympus,dino_clicks,3+6 clicks,1,16000,0.410208152170497,5,2,7,3,9,0.580069746201323
1967,olympus,sam,3+6 clicks,1,12000,0.6994381193217396,5,4,4,1,8,0.8352075314532652
1967,olympus,rf_clicks,3+6 clicks,1,16000,0.15368283799879345,5,0,7,5,7,0.39339751334918344
1967,olympus,dino_clicks,3+6 clicks,2,16000,0.3636196746004878,5,1,7,4,8,0.725939477461267
1967,olympus,sam,3+6 clicks,2,12000,0.08266285119457065,5,0,1,5,1,0.281770296766475
1967,olympus,rf_clicks,3+6 clicks,2,16000,0.32697545110141163,5,1,5,4,6,0.7912864605519808
1967,olympus,dino_clicks,10+20 clicks,0,16000,0.7358189908650427,5,4,6,1,10,0.9027490607591657
1967,olympus,sam,10+20 clicks,0,16000,0.570566816157434,5,3,3,2,6,0.7785830069690122
1967,olympus,rf_clicks,10+20 clicks,0,16000,0.2394659528763837,5,1,3,4,4,0.7928884807672687
1967,olympus,dino_labels,5 labelled training images,0,16000,0.4821142400434743,5,2,4,3,6,0.91310651145962
1967,olympus,dino_clicks,10+20 clicks,1,16000,0.7377608342982245,5,5,5,0,10,0.8545995059247163
1967,olympus,sam,10+20 clicks,1,16000,0.5937361546425391,5,4,2,1,6,0.7406463840890071
1967,olympus,rf_clicks,10+20 clicks,1,16000,0.10453371083299967,5,0,5,5,5,0.2914411986190039
1967,olympus,dino_clicks,10+20 clicks,2,16000,0.7499769882368484,5,5,2,0,7,0.8578974937433658
1967,olympus,sam,10+20 clicks,2,16000,0.14304832553218289,5,0,3,5,3,0.4800261202068074
1967,olympus,rf_clicks,10+20 clicks,2,16000,0.2663303906696447,5,1,3,4,4,0.8574858522845378
1970,olympus,dino_clicks,3+6 clicks,0,16000,0.16380392151241052,8,0,4,8,4,0.9014753325250363
1970,olympus,sam,3+6 clicks,0,12000,0.27759952374504115,8,2,2,6,4,0.6260225897441495
1970,olympus,rf_clicks,3+6 clicks,0,16000,0.16229054042261928,8,0,3,8,3,0.9115657880686998
1970,olympus,dino_clicks,3+6 clicks,1,16000,0.1559305666182928,8,0,4,8,4,0.9045373910858046
1970,olympus,sam,3+6 clicks,1,12000,0.22497829517737367,8,2,0,6,2,0.35215073654550244
1970,olympus,rf_clicks,3+6 clicks,1,16000,0.4284526849791719,8,2,3,6,5,0.9499846830095393
1970,olympus,dino_clicks,3+6 clicks,2,16000,0.17914250477877192,8,0,4,8,4,0.9238937638467768
1970,olympus,sam,3+6 clicks,2,12000,0.16729069688971515,8,0,3,8,3,0.8178065828533583
1970,olympus,rf_clicks,3+6 clicks,2,16000,0.4241449675319366,8,2,2,6,4,0.9527771430216511
1970,olympus,dino_clicks,10+20 clicks,0,16000,0.804578284650122,8,8,0,0,8,0.8898263851804383
1970,olympus,sam,10+20 clicks,0,16000,0.29986230643696055,8,1,3,7,4,0.7703397444429655
1970,olympus,rf_clicks,10+20 clicks,0,16000,0.38292470073569174,8,2,2,6,4,0.8664390324330853
1970,olympus,dino_labels,5 labelled training images,0,16000,0.18547591708807754,8,0,3,8,3,0.9117309859062127
1970,olympus,dino_clicks,10+20 clicks,1,16000,0.4224542462151943,8,5,1,3,6,0.605904037041821
1970,olympus,sam,10+20 clicks,1,16000,0.5180679157198201,8,5,1,3,6,0.6924665888031659
1970,olympus,rf_clicks,10+20 clicks,1,16000,0.42040800764225295,8,3,2,5,5,0.7356257375011778
1970,olympus,dino_clicks,10+20 clicks,2,16000,0.6684128193341443,8,5,1,3,6,0.9365082002625413
1970,olympus,sam,10+20 clicks,2,16000,0.656036204919014,8,6,1,2,7,0.8073441634624442
1970,olympus,rf_clicks,10+20 clicks,2,16000,0.42561972759430305,8,2,2,6,4,0.9552899007334763
1972,olympus,dino_clicks,3+6 clicks,0,16000,0.2548420592351211,3,0,7,3,7,0.9458410676253932
1972,olympus,sam,3+6 clicks,0,12000,0.4043982275314016,3,0,4,3,4,0.6715569568667825
1972,olympus,rf_clicks,3+6 clicks,0,16000,0.1714577820939948,3,0,4,3,4,0.9271489751623938
1972,olympus,dino_clicks,3+6 clicks,1,16000,0.5454412899344369,3,1,4,2,5,0.9325968525550887
1972,olympus,sam,3+6 clicks,1,12000,0.5639695417245125,3,2,0,1,2,0.7186195926124861
1972,olympus,rf_clicks,3+6 clicks,1,16000,0.24812155931716284,3,0,4,3,4,0.9070886735998742
1972,olympus,dino_clicks,3+6 clicks,2,16000,0.25641914426455614,3,0,3,3,3,0.94121851422055
1972,olympus,sam,3+6 clicks,2,12000,0.6038050750521511,3,3,0,0,3,0.7550444694976826
1972,olympus,rf_clicks,3+6 clicks,2,16000,0.16053439695746965,3,0,4,3,4,0.9140386744715988
1972,olympus,dino_clicks,10+20 clicks,0,16000,0.6081479618836116,3,1,2,2,3,0.9505287024716996
1972,olympus,sam,10+20 clicks,0,16000,0.8502688602017758,3,3,1,0,4,0.9205240174672489
1972,olympus,rf_clicks,10+20 clicks,0,16000,0.16631079571968585,3,0,4,3,4,0.9175478921341783
1972,olympus,dino_labels,5 labelled training images,0,16000,0.26285184756443397,3,0,5,3,5,0.9467074107257135
1972,olympus,dino_clicks,10+20 clicks,1,16000,0.560539717034707,3,1,1,2,2,0.9149509708168926
1972,olympus,sam,10+20 clicks,1,16000,0.8370284823890867,3,3,2,0,5,0.9159375067715444
1972,olympus,rf_clicks,10+20 clicks,1,16000,0.1661050009002953,3,0,4,3,4,0.9074148544560274
1972,olympus,dino_clicks,10+20 clicks,2,16000,0.25647279234977494,3,0,2,3,2,0.9218866387097571
1972,olympus,sam,10+20 clicks,2,16000,0.8547980428037502,3,3,1,0,4,0.9237531450149619
1972,olympus,rf_clicks,10+20 clicks,2,16000,0.20331252929244847,3,0,2,3,2,0.9071516027378014
1981,olympus,dino_clicks,3+6 clicks,0,16000,0.15715070221239724,4,0,2,4,2,0.7929417520408967
1981,olympus,sam,3+6 clicks,0,12000,0.5514032289168862,4,3,1,1,4,0.7068577049243874
1981,olympus,rf_clicks,3+6 clicks,0,16000,0.35745305978740155,4,1,9,3,10,0.9101093440888248
1981,olympus,dino_clicks,3+6 clicks,1,16000,0.5814358572103512,4,3,11,1,14,0.8004180957638393
1981,olympus,sam,3+6 clicks,1,12000,0.46740888106664236,4,2,2,2,4,0.6117925100627238
1981,olympus,rf_clicks,3+6 clicks,1,16000,0.6268625604138833,4,4,8,0,12,0.760710228745693
1981,olympus,dino_clicks,3+6 clicks,2,16000,0.4779919124240277,4,2,12,2,14,0.901396785342462
1981,olympus,sam,3+6 clicks,2,12000,0.38856232823021186,4,2,2,2,4,0.5403729387530601
1981,olympus,rf_clicks,3+6 clicks,2,16000,0.2529671780809656,4,1,7,3,8,0.9019439004503509
1981,olympus,dino_clicks,10+20 clicks,0,16000,0.16497626723588762,4,0,2,4,2,0.8136738670757494
1981,olympus,sam,10+20 clicks,0,16000,0.09209119076933747,4,0,3,4,3,0.4670086090811432
1981,olympus,rf_clicks,10+20 clicks,0,16000,0.3817018020739465,4,1,8,3,9,0.9213930731594561
1981,olympus,dino_labels,5 labelled training images,0,16000,0.2545253915037198,4,1,4,3,5,0.907451536533104
1981,olympus,dino_clicks,10+20 clicks,1,16000,0.3177956256594715,4,1,6,3,7,0.784711117446092
1981,olympus,sam,10+20 clicks,1,16000,0.18192879405418366,4,1,2,3,3,0.3768990544307648
1981,olympus,rf_clicks,10+20 clicks,1,16000,0.08016967903101739,4,0,4,4,4,0.7637972705300842
1981,olympus,dino_clicks,10+20 clicks,2,16000,0.1480291173810903,4,0,8,4,8,0.8201974598533109
1981,olympus,sam,10+20 clicks,2,16000,0.21677295918367348,4,1,1,3,2,0.44094441758164
1981,olympus,rf_clicks,10+20 clicks,2,16000,0.26092956170507375,4,1,5,3,6,0.9035755739886193
1984,olympus,dino_clicks,3+6 clicks,0,16000,0.2748615200203079,3,1,7,2,8,0.8867231239196843
1984,olympus,sam,3+6 clicks,0,12000,0.4731159610130689,3,1,5,2,6,0.8639818118960981
1984,olympus,rf_clicks,3+6 clicks,0,16000,0.6247888095652904,3,2,6,1,8,0.9191620698712897
1984,olympus,dino_clicks,3+6 clicks,1,16000,0.0,3,0,0,3,0,0.0
1984,olympus,sam,3+6 clicks,1,12000,0.6276507776556607,3,1,6,2,7,0.7876366247373879
1984,olympus,rf_clicks,3+6 clicks,1,16000,0.0,3,0,1,3,1,0.0
1984,olympus,dino_clicks,3+6 clicks,2,16000,0.5124997688305867,3,2,10,1,12,0.7680853114059037
1984,olympus,sam,3+6 clicks,2,12000,0.5266341327803616,3,2,1,1,3,0.6548899737361447
1984,olympus,rf_clicks,3+6 clicks,2,16000,0.21961103792489098,3,0,3,3,3,0.7690153873076586
1984,olympus,dino_clicks,10+20 clicks,0,16000,0.6675195042744629,3,2,11,1,13,0.9085888998062324
1984,olympus,sam,10+20 clicks,0,16000,0.8120815535608493,3,3,0,0,3,0.8928532194079951
1984,olympus,rf_clicks,10+20 clicks,0,16000,0.06593775475950703,3,0,4,3,4,0.16646489104116222
1984,olympus,dino_labels,5 labelled training images,0,16000,0.5358428926866354,3,2,7,1,9,0.7811164282474108
1984,olympus,dino_clicks,10+20 clicks,1,16000,0.0,3,0,3,3,3,0.0
1984,olympus,sam,10+20 clicks,1,16000,0.0,3,0,0,3,0,0.0
1984,olympus,rf_clicks,10+20 clicks,1,16000,0.0,3,0,2,3,2,0.0
1984,olympus,dino_clicks,10+20 clicks,2,16000,0.4007161193760667,3,1,6,2,7,0.6386978990297552
1984,olympus,sam,10+20 clicks,2,16000,0.2820416150970651,3,0,2,3,2,0.5384563511984595
1984,olympus,rf_clicks,10+20 clicks,2,16000,0.21659716245117053,3,0,3,3,3,0.5794684495691151
1992,olympus,dino_clicks,3+6 clicks,0,16000,0.16931097015883764,6,0,2,6,2,0.8293990386088633
1992,olympus,sam,3+6 clicks,0,12000,0.3279550092826605,6,1,3,5,4,0.7563682146977582
1992,olympus,rf_clicks,3+6 clicks,0,16000,0.3983331071611563,6,0,6,6,6,0.6677803194477887
1992,olympus,dino_clicks,3+6 clicks,1,16000,0.2558940595932357,6,1,3,5,4,0.7223760737838562
1992,olympus,sam,3+6 clicks,1,12000,0.23699699460461457,6,1,1,5,2,0.7491131562584128
1992,olympus,rf_clicks,3+6 clicks,1,16000,0.3327979425753247,6,0,5,6,5,0.6726088781716473
1992,olympus,dino_clicks,3+6 clicks,2,16000,0.15306074373903333,6,1,2,5,3,0.33907376006782536
1992,olympus,sam,3+6 clicks,2,12000,0.11460973075723478,6,0,3,6,3,0.6490990440585784
1992,olympus,rf_clicks,3+6 clicks,2,16000,0.1984335550798714,6,0,3,6,3,0.5839667218609911
1992,olympus,dino_clicks,10+20 clicks,0,16000,0.20231644989517775,6,1,3,5,4,0.8371135947297621
1992,olympus,sam,10+20 clicks,0,16000,0.23081318655201613,6,1,2,5,3,0.7999647643062422
1992,olympus,rf_clicks,10+20 clicks,0,16000,0.19507337643043585,6,1,2,5,3,0.8590388526169325
1992,olympus,dino_labels,5 labelled training images,0,16000,0.24213188165770325,6,1,1,5,2,0.8390469394058815
1992,olympus,dino_clicks,10+20 clicks,1,16000,0.18473719415074397,6,1,3,5,4,0.819823575090614
1992,olympus,sam,10+20 clicks,1,16000,0.17567497815136912,6,1,1,5,2,0.8243197321199162
1992,olympus,rf_clicks,10+20 clicks,1,16000,0.14772005557158385,6,0,4,6,4,0.5481243301178993
1992,olympus,dino_clicks,10+20 clicks,2,16000,0.12504286297546954,6,0,2,6,2,0.8521713423324616
1992,olympus,sam,10+20 clicks,2,16000,0.10553244184414173,6,0,2,6,2,0.5835107251778604
1992,olympus,rf_clicks,10+20 clicks,2,16000,0.19896712411792447,6,1,3,5,4,0.8922801254292967
1993,olympus,dino_clicks,3+6 clicks,0,16000,0.5444879106969742,13,6,4,7,10,0.816049030288554
1993,olympus,sam,3+6 clicks,0,12000,0.11387991756864538,13,0,5,13,5,0.34029623687886373
1993,olympus,rf_clicks,3+6 clicks,0,16000,0.16152985953803883,13,2,2,11,4,0.9279059502188497
1993,olympus,dino_clicks,3+6 clicks,1,16000,0.2393659970872089,13,1,6,12,7,0.7363212016986628
1993,olympus,sam,3+6 clicks,1,12000,0.049747342183500035,13,0,1,13,1,0.24480652585648868
1993,olympus,rf_clicks,3+6 clicks,1,16000,0.1860049766649476,13,1,5,12,6,0.8386730538426909
1993,olympus,dino_clicks,3+6 clicks,2,16000,0.1161867859076836,13,1,2,12,3,0.7216324798279163
1993,olympus,sam,3+6 clicks,2,12000,0.16926490065566152,13,2,2,11,4,0.4220606223536528
1993,olympus,rf_clicks,3+6 clicks,2,16000,0.10966390722030167,13,1,1,12,2,0.8524782519696774
1993,olympus,dino_clicks,10+20 clicks,0,16000,0.26676130617868776,13,2,3,11,5,0.8733018485986458
1993,olympus,sam,10+20 clicks,0,16000,0.19447810085294634,13,2,4,11,6,0.42395796978777633
1993,olympus,rf_clicks,10+20 clicks,0,16000,0.2090930104259743,13,0,6,13,6,0.6749177588409246
1993,olympus,dino_labels,5 labelled training images,0,16000,0.2864202348750796,13,3,2,10,5,0.9199064980032697
1993,olympus,dino_clicks,10+20 clicks,1,16000,0.23935345825942236,13,2,4,11,6,0.7105604747360599
1993,olympus,sam,10+20 clicks,1,16000,0.21139968407022824,13,1,4,12,5,0.5624081407442492
1993,olympus,rf_clicks,10+20 clicks,1,16000,0.18831892509383108,13,1,4,12,5,0.8340015574204717
1993,olympus,dino_clicks,10+20 clicks,2,16000,0.2943522495510224,13,3,6,10,9,0.7173036158626807
1993,olympus,sam,10+20 clicks,2,16000,0.12205998286535778,13,1,3,12,4,0.4388524918204049
1993,olympus,rf_clicks,10+20 clicks,2,16000,0.1612360691331269,13,2,1,11,3,0.9176790911804196
1994,olympus,dino_clicks,3+6 clicks,0,16000,0.454986343883955,10,4,7,6,11,0.8288628752660631
1994,olympus,sam,3+6 clicks,0,12000,0.19293513165472573,10,1,2,9,3,0.5127960242447396
1994,olympus,rf_clicks,3+6 clicks,0,16000,0.1622987065242542,10,0,3,10,3,0.9167723075705231
1994,olympus,dino_clicks,3+6 clicks,1,16000,0.11987485806552545,10,1,3,9,4,0.17282801955148835
1994,olympus,sam,3+6 clicks,1,12000,0.23217297818842414,10,3,0,7,3,0.5272764645426516
1994,olympus,rf_clicks,3+6 clicks,1,16000,0.1122376631473947,10,0,6,10,6,0.24249563378611075
1994,olympus,dino_clicks,3+6 clicks,2,16000,0.3886683510077262,10,2,10,8,12,0.5805954124925807
1994,olympus,sam,3+6 clicks,2,12000,0.2477572898959778,10,3,1,7,4,0.3439537823546642
1994,olympus,rf_clicks,3+6 clicks,2,16000,0.4126663953683682,10,2,6,8,8,0.5629663319727575
1994,olympus,dino_clicks,10+20 clicks,0,16000,0.28525428082122006,10,0,6,10,6,0.8559191259847955
1994,olympus,sam,10+20 clicks,0,16000,0.06810553049268137,10,0,2,10,2,0.43635320803741257
1994,olympus,rf_clicks,10+20 clicks,0,16000,0.17047526615348538,10,0,4,10,4,0.7699853895480298
1994,olympus,dino_labels,5 labelled training images,0,16000,0.22595723320224356,10,1,4,9,5,0.9172633672018571
1994,olympus,dino_clicks,10+20 clicks,1,16000,0.5469350898618746,10,7,5,3,12,0.7936914629610096
1994,olympus,sam,10+20 clicks,1,16000,0.11061886553220864,10,0,2,10,2,0.5476720540625094
1994,olympus,rf_clicks,10+20 clicks,1,16000,0.5586758653258348,10,6,6,4,12,0.8672991082776642
1994,olympus,dino_clicks,10+20 clicks,2,16000,0.4032433628990607,10,3,5,7,8,0.8417779333587998
1994,olympus,sam,10+20 clicks,2,16000,0.362742608040245,10,4,2,6,6,0.6135176316935133
1994,olympus,rf_clicks,10+20 clicks,2,16000,0.3102173601965935,10,3,4,7,7,0.7948772212838625
2013,olympus,dino_clicks,3+6 clicks,0,16000,0.1641687575834441,9,0,3,9,3,0.851859659778601
2013,olympus,sam,3+6 clicks,0,12000,0.1942168122558136,9,1,2,8,3,0.3237460879491905
2013,olympus,rf_clicks,3+6 clicks,0,16000,0.18318879935973428,9,0,3,9,3,0.4873212811728831
2013,olympus,dino_clicks,3+6 clicks,1,16000,0.22764675052147595,9,1,3,8,4,0.6820451667109961
2013,olympus,sam,3+6 clicks,1,12000,0.12940660455904007,9,1,1,8,2,0.2282647822457321
2013,olympus,rf_clicks,3+6 clicks,1,16000,0.11464237446124304,9,0,4,9,4,0.9043983606072014
2013,olympus,dino_clicks,3+6 clicks,2,16000,0.4909503703383185,9,5,3,4,8,0.6694188485579727
2013,olympus,sam,3+6 clicks,2,12000,0.48209239040328644,9,5,1,4,6,0.6501017823566889
2013,olympus,rf_clicks,3+6 clicks,2,16000,0.17705025586104248,9,0,4,9,4,0.8809444986890499
2013,olympus,dino_clicks,10+20 clicks,0,16000,0.4512748198656031,9,4,4,5,8,0.6286210182143097
2013,olympus,sam,10+20 clicks,0,16000,0.4527125275136382,9,5,0,4,5,0.6103965089731177
2013,olympus,rf_clicks,10+20 clicks,0,16000,0.3760920301015014,9,2,5,7,7,0.7080975442724887
2013,olympus,dino_labels,5 labelled training images,0,16000,0.30721445865029867,9,0,5,9,5,0.9486717991996922
2013,olympus,dino_clicks,10+20 clicks,1,16000,0.521060588151362,9,4,4,5,8,0.7968722130422052
2013,olympus,sam,10+20 clicks,1,16000,0.18756234454443352,9,0,4,9,4,0.4952127351184807
2013,olympus,rf_clicks,10+20 clicks,1,16000,0.20158349443765894,9,0,5,9,5,0.7954179178168969
2013,olympus,dino_clicks,10+20 clicks,2,16000,0.6627671297559355,9,7,2,2,9,0.7961426499551753
2013,olympus,sam,10+20 clicks,2,16000,0.2666855699894423,9,2,4,7,6,0.4438896165727135
2013,olympus,rf_clicks,10+20 clicks,2,16000,0.26994982207296164,9,0,4,9,4,0.8103612077589516
2015,olympus,dino_clicks,3+6 clicks,0,16000,0.28762644105722107,12,3,3,9,6,0.8433713730333519
2015,olympus,sam,3+6 clicks,0,12000,0.23363253122650074,12,0,7,12,7,0.6166052406643199
2015,olympus,rf_clicks,3+6 clicks,0,16000,0.15401900441319785,12,0,4,12,4,0.6150655191992964
2015,olympus,dino_clicks,3+6 clicks,1,16000,0.34478043391803054,12,4,3,8,7,0.8838738183123613
2015,olympus,sam,3+6 clicks,1,12000,0.3129413322679368,12,4,3,8,7,0.617366453089525
2015,olympus,rf_clicks,3+6 clicks,1,16000,0.12901022534760406,12,0,3,12,3,0.9091848673779559
2015,olympus,dino_clicks,3+6 clicks,2,16000,0.5474123978744655,12,7,6,5,13,0.7502276021779097
2015,olympus,sam,3+6 clicks,2,12000,0.3229189454628469,12,3,3,9,6,0.6810636197768671
2015,olympus,rf_clicks,3+6 clicks,2,16000,0.1719482097114702,12,1,3,11,4,0.8502474781821803
2015,olympus,dino_clicks,10+20 clicks,0,16000,0.27059347574814807,12,3,1,9,4,0.9100945736298218
2015,olympus,sam,10+20 clicks,0,16000,0.37348084513325497,12,3,6,9,9,0.6490109588782043
2015,olympus,rf_clicks,10+20 clicks,0,16000,0.22744717852749577,12,1,3,11,4,0.8707318165933386
2015,olympus,dino_labels,5 labelled training images,0,16000,0.5178878090272651,12,6,2,6,8,0.9151189684621908
2015,olympus,dino_clicks,10+20 clicks,1,16000,0.44882377646543087,12,5,3,7,8,0.8540456020900958
2015,olympus,sam,10+20 clicks,1,16000,0.38106178824416936,12,5,2,7,7,0.6942789992383179
2015,olympus,rf_clicks,10+20 clicks,1,16000,0.18219792368163135,12,1,3,11,4,0.8939209915268963
2015,olympus,dino_clicks,10+20 clicks,2,16000,0.3829352325434045,12,1,11,11,12,0.5555478580372355
2015,olympus,sam,10+20 clicks,2,16000,0.030455571667186727,12,0,2,12,2,0.06878456760482124
2015,olympus,rf_clicks,10+20 clicks,2,16000,0.1336862715723107,12,1,1,11,2,0.9056643490967266
2025,olympus,dino_clicks,3+6 clicks,0,16000,0.46925280394731433,6,2,8,4,10,0.6380969268242607
2025,olympus,sam,3+6 clicks,0,12000,0.35974023247469017,6,2,5,4,7,0.5756462435375647
2025,olympus,rf_clicks,3+6 clicks,0,16000,0.2272815733835608,6,0,12,6,12,0.7692752278428258
2025,olympus,dino_clicks,3+6 clicks,1,16000,0.4502900787930893,6,1,9,5,10,0.5986460603817658
2025,olympus,sam,3+6 clicks,1,12000,0.251078237522359,6,1,1,5,2,0.5756284678971804
2025,olympus,rf_clicks,3+6 clicks,1,16000,0.2714310766624952,6,0,8,6,8,0.5255639796382193
2025,olympus,dino_clicks,3+6 clicks,2,16000,0.407900221127043,6,1,8,5,9,0.7902895606645317
2025,olympus,sam,3+6 clicks,2,12000,0.04304351259960049,6,0,1,6,1,0.7591798397043872
2025,olympus,rf_clicks,3+6 clicks,2,16000,0.12061000036895338,6,0,3,6,3,0.28280516431924885
2025,olympus,dino_clicks,10+20 clicks,0,16000,0.37663617807476174,6,2,4,4,6,0.6841286352013175
2025,olympus,sam,10+20 clicks,0,16000,0.05259476867835453,6,0,1,6,1,0.7262578933630031
2025,olympus,rf_clicks,10+20 clicks,0,16000,0.18957861063792714,6,0,4,6,4,0.6465301829970492
2025,olympus,dino_labels,5 labelled training images,0,16000,0.08907941458453122,6,0,3,6,3,0.8790398989367302
2025,olympus,dino_clicks,10+20 clicks,1,16000,0.22762789566161426,6,1,3,5,4,0.7777964420554169
2025,olympus,sam,10+20 clicks,1,16000,0.07265772287979845,6,0,2,6,2,0.5270909926996278
2025,olympus,rf_clicks,10+20 clicks,1,16000,0.11152286645298698,6,0,3,6,3,0.7234321088092638
2025,olympus,dino_clicks,10+20 clicks,2,16000,0.3246457970305249,6,0,4,6,4,0.8177119608447606
2025,olympus,sam,10+20 clicks,2,16000,0.11552694346191751,6,0,2,6,2,0.6924597647266768
2025,olympus,rf_clicks,10+20 clicks,2,16000,0.19272110962334457,6,0,4,6,4,0.7771883807565565
2026,olympus,dino_clicks,3+6 clicks,0,16000,0.4298039410431563,5,3,1,2,4,0.845782651494813
2026,olympus,sam,3+6 clicks,0,12000,0.11187384002708553,5,0,1,5,1,0.7179064922332179
2026,olympus,rf_clicks,3+6 clicks,0,16000,0.3484969107385637,5,1,3,4,4,0.502281095512623
2026,olympus,dino_clicks,3+6 clicks,1,16000,0.5640524613368227,5,3,6,2,9,0.8703187046135371
2026,olympus,sam,3+6 clicks,1,12000,0.12853158752074506,5,0,2,5,2,0.8180787522502454
2026,olympus,rf_clicks,3+6 clicks,1,16000,0.5665345549353289,5,2,9,3,11,0.7279259116341887
2026,olympus,dino_clicks,3+6 clicks,2,16000,0.5417083531102564,5,3,3,2,6,0.7921635051376408
2026,olympus,sam,3+6 clicks,2,12000,0.29064623367798664,5,1,2,4,3,0.8056923477450983
2026,olympus,rf_clicks,3+6 clicks,2,16000,0.08423913396617401,5,0,3,5,3,0.21669968378725163
2026,olympus,dino_clicks,10+20 clicks,0,16000,0.6872914113997517,5,5,1,0,6,0.9054487232610793
2026,olympus,sam,10+20 clicks,0,16000,0.30485377667238567,5,2,2,3,4,0.7755115972148481
2026,olympus,rf_clicks,10+20 clicks,0,16000,0.468110534536065,5,1,9,4,10,0.7534518548657497
2026,olympus,dino_labels,5 labelled training images,0,16000,0.14628686522887285,5,0,5,5,5,0.8649305178590815
2026,olympus,dino_clicks,10+20 clicks,1,16000,0.4202077415983866,5,3,2,2,5,0.7733219195726181
2026,olympus,sam,10+20 clicks,1,16000,0.04164157049872376,5,0,1,5,1,0.6492324458390485
2026,olympus,rf_clicks,10+20 clicks,1,16000,0.1745398744870424,5,0,6,5,6,0.5678294488788864
2026,olympus,dino_clicks,10+20 clicks,2,16000,0.42776444876335085,5,2,2,3,4,0.6930273212693961
2026,olympus,sam,10+20 clicks,2,16000,0.37156186901031885,5,2,3,3,5,0.7728133575542071
2026,olympus,rf_clicks,10+20 clicks,2,16000,0.11875418324044891,5,0,5,5,5,0.8221069648390139
2033,olympus,dino_clicks,3+6 clicks,0,16000,0.6272844843701499,5,5,2,0,7,0.78768701111308
2033,olympus,sam,3+6 clicks,0,12000,0.47241226645676937,5,2,4,3,6,0.6826305201273463
2033,olympus,rf_clicks,3+6 clicks,0,16000,0.5179618295382713,5,3,5,2,8,0.7338324113079226
2033,olympus,dino_clicks,3+6 clicks,1,16000,0.6982984983280636,5,4,4,1,8,0.8133019794672897
2033,olympus,sam,3+6 clicks,1,12000,0.37455035531787045,5,2,0,3,2,0.5095188579314098
2033,olympus,rf_clicks,3+6 clicks,1,16000,0.6979827478646767,5,4,4,1,8,0.8797202861461698
2033,olympus,dino_clicks,3+6 clicks,2,16000,0.32427682470445723,5,2,1,3,3,0.4532439453616023
2033,olympus,sam,3+6 clicks,2,12000,0.1651772740645516,5,1,1,4,2,0.5478883440254435
2033,olympus,rf_clicks,3+6 clicks,2,16000,0.299610536892323,5,0,4,5,4,0.5004070317484763
2033,olympus,dino_clicks,10+20 clicks,0,16000,0.8105432570666051,5,4,4,1,8,0.9087351508827848
2033,olympus,sam,10+20 clicks,0,16000,0.6846673794352436,5,4,6,1,10,0.8489717366362772
2033,olympus,rf_clicks,10+20 clicks,0,16000,0.7192177530485362,5,5,3,0,8,0.8988218141084482
2033,olympus,dino_labels,5 labelled training images,0,16000,0.8344070314714724,5,5,3,0,8,0.9346632347570509
2033,olympus,dino_clicks,10+20 clicks,1,16000,0.6893625490935398,5,4,3,1,7,0.8058710475602576
2033,olympus,sam,10+20 clicks,1,16000,0.21864999818908215,5,0,4,5,4,0.5143017332827885
2033,olympus,rf_clicks,10+20 clicks,1,16000,0.5192966728221273,5,3,2,2,5,0.6673746448150167
2033,olympus,dino_clicks,10+20 clicks,2,16000,0.35714187922151547,5,1,5,4,6,0.5118617418789206
2033,olympus,sam,10+20 clicks,2,16000,0.3341144143902635,5,2,0,3,2,0.5327432783075184
2033,olympus,rf_clicks,10+20 clicks,2,16000,0.6235042000596793,5,4,4,1,8,0.7925914695775217
203,nikon,dino_clicks,3+6 clicks,0,16000,0.4063615143270469,4,1,2,3,3,0.8078716420853935
203,nikon,sam,3+6 clicks,0,12000,0.1830531376512765,4,0,1,4,1,0.6329406979836376
203,nikon,rf_clicks,3+6 clicks,0,16000,0.35791502687267474,4,1,2,3,3,0.7906083689867474
203,nikon,dino_clicks,3+6 clicks,1,16000,0.3927344007458262,4,2,2,2,4,0.6202691783449368
203,nikon,sam,3+6 clicks,1,12000,0.23508356524015056,4,0,1,4,1,0.6512350597609562
203,nikon,rf_clicks,3+6 clicks,1,16000,0.35880300687201117,4,1,3,3,4,0.8025718089121275
203,nikon,dino_clicks,3+6 clicks,2,16000,0.0,4,0,0,4,0,0.0
203,nikon,sam,3+6 clicks,2,12000,0.24234867416507527,4,0,1,4,1,0.6818061995068927
203,nikon,rf_clicks,3+6 clicks,2,16000,0.0,4,0,0,4,0,0.0
203,nikon,dino_clicks,10+20 clicks,0,16000,0.44599007144455505,4,1,3,3,4,0.839532770054196
203,nikon,sam,10+20 clicks,0,16000,0.4307625554875957,4,1,1,3,2,0.8679656715846925
203,nikon,rf_clicks,10+20 clicks,0,16000,0.4714197698908777,4,2,4,2,6,0.8666990933286697
203,nikon,dino_labels,5 labelled training images,0,16000,0.3182374023129575,4,1,2,3,3,0.7947475196295668
203,nikon,dino_clicks,10+20 clicks,1,16000,0.408147051537758,4,1,3,3,4,0.8383101980502285
203,nikon,sam,10+20 clicks,1,16000,0.26763072499410323,4,1,2,3,3,0.781965489516977
203,nikon,rf_clicks,10+20 clicks,1,16000,0.36289825564319744,4,1,3,3,4,0.8343182791027517
203,nikon,dino_clicks,10+20 clicks,2,16000,0.21780049684693292,4,1,1,3,2,0.42580813882895757
203,nikon,sam,10+20 clicks,2,16000,0.40645128130127445,4,1,1,3,2,0.862817641904391
203,nikon,rf_clicks,10+20 clicks,2,16000,0.5063581285329515,4,2,3,2,5,0.7870478686069908
2046,olympus,dino_clicks,3+6 clicks,0,16000,0.5629308894783028,4,3,6,1,9,0.6675300938322196
2046,olympus,sam,3+6 clicks,0,12000,0.5388092005535181,4,2,4,2,6,0.6667022048480002
2046,olympus,rf_clicks,3+6 clicks,0,16000,0.2007588710470696,4,1,3,3,4,0.8035453809733806
2046,olympus,dino_clicks,3+6 clicks,1,16000,0.0,4,0,0,4,0,0.0
2046,olympus,sam,3+6 clicks,1,12000,0.36787711310278226,4,2,0,2,2,0.35273093231313407
2046,olympus,rf_clicks,3+6 clicks,1,16000,0.1139351274458896,4,0,4,4,4,0.3007661148291652
2046,olympus,dino_clicks,3+6 clicks,2,16000,0.39756504426073763,4,1,6,3,7,0.7707794749187298
2046,olympus,sam,3+6 clicks,2,12000,0.35657694152561337,4,2,1,2,3,0.706834934431893
2046,olympus,rf_clicks,3+6 clicks,2,16000,0.20344922337658378,4,0,3,4,3,0.8514247620668624
2046,olympus,dino_clicks,10+20 clicks,0,16000,0.5570372907699386,4,3,5,1,8,0.8886878308410178
2046,olympus,sam,10+20 clicks,0,16000,0.6557997837785472,4,3,2,1,5,0.9156151247155068
2046,olympus,rf_clicks,10+20 clicks,0,16000,0.38215167366205277,4,1,5,3,6,0.9185812982892594
2046,olympus,dino_labels,5 labelled training images,0,16000,0.550924521275185,4,3,2,1,5,0.8878027946165532
2046,olympus,dino_clicks,10+20 clicks,1,16000,0.7725899665361822,4,4,4,0,8,0.8599644389509997
2046,olympus,sam,10+20 clicks,1,16000,0.24180710184067428,4,0,3,4,3,0.44435200268469516
2046,olympus,rf_clicks,10+20 clicks,1,16000,0.22231908886246288,4,0,5,4,5,0.4168750733722043
2046,olympus,dino_clicks,10+20 clicks,2,16000,0.3919603575991205,4,1,5,3,6,0.7745257438292019
2046,olympus,sam,10+20 clicks,2,16000,0.2560476271141494,4,0,3,4,3,0.7799142974097506
2046,olympus,rf_clicks,10+20 clicks,2,16000,0.22733158025512257,4,1,2,3,3,0.8892810359923169
2047,olympus,dino_clicks,3+6 clicks,0,16000,0.04389307307104506,8,0,3,8,3,0.8484820821670407
2047,olympus,sam,3+6 clicks,0,12000,0.15177995274328232,8,1,2,7,3,0.38418057155678675
2047,olympus,rf_clicks,3+6 clicks,0,16000,0.04479803264695814,8,0,2,8,2,0.8666648497176709
2047,olympus,dino_clicks,3+6 clicks,1,16000,0.40713727735013483,8,2,8,6,10,0.6927408465183467
2047,olympus,sam,3+6 clicks,1,12000,0.21282967327705,8,1,3,7,4,0.40287057243578983
2047,olympus,rf_clicks,3+6 clicks,1,16000,0.05154572320429695,8,0,3,8,3,0.7398547466001241
2047,olympus,dino_clicks,3+6 clicks,2,16000,0.5127382264118353,8,3,13,5,16,0.6945257581417462
2047,olympus,sam,3+6 clicks,2,12000,0.15958761253725562,8,1,3,7,4,0.6520868793699377
2047,olympus,rf_clicks,3+6 clicks,2,16000,0.36832014184728323,8,0,15,8,15,0.6564357421152917
2047,olympus,dino_clicks,10+20 clicks,0,16000,0.04024205219672813,8,0,2,8,2,0.8489362005872192
2047,olympus,sam,10+20 clicks,0,16000,0.14783577262684044,8,0,4,8,4,0.5227238320162292
2047,olympus,rf_clicks,10+20 clicks,0,16000,0.23414356538544,8,0,6,8,6,0.5107666153192292
2047,olympus,dino_labels,5 labelled training images,0,16000,0.47259327714948224,8,4,3,4,7,0.8100377530247623
2047,olympus,dino_clicks,10+20 clicks,1,16000,0.5588885176833907,8,6,4,2,10,0.8270965242366881
2047,olympus,sam,10+20 clicks,1,16000,0.0808375462348745,8,0,3,8,3,0.5709197053051078
2047,olympus,rf_clicks,10+20 clicks,1,16000,0.23866228049841146,8,1,6,7,7,0.5253799827932321
2047,olympus,dino_clicks,10+20 clicks,2,16000,0.3887793233215856,8,2,6,6,8,0.6972767919471772
2047,olympus,sam,10+20 clicks,2,16000,0.2800014056715785,8,2,4,6,6,0.6899976222815023
2047,olympus,rf_clicks,10+20 clicks,2,16000,0.13533078076030847,8,1,1,7,2,0.7847518172682661
2052,olympus,dino_clicks,3+6 clicks,0,16000,0.7662374691502434,4,4,5,0,9,0.9179306821223024
2052,olympus,sam,3+6 clicks,0,12000,0.45430015634011367,4,1,2,3,3,0.6627505523616064
2052,olympus,rf_clicks,3+6 clicks,0,16000,0.48400710587541845,4,1,3,3,4,0.9176007670227145
2052,olympus,dino_clicks,3+6 clicks,1,16000,0.7643721104719605,4,4,3,0,7,0.8763773170876152
2052,olympus,sam,3+6 clicks,1,12000,0.6050698892934091,4,3,2,1,5,0.797427203829278
2052,olympus,rf_clicks,3+6 clicks,1,16000,0.47962236025945854,4,2,4,2,6,0.6997197262306284
2052,olympus,dino_clicks,3+6 clicks,2,16000,0.8353814000472396,4,4,4,0,8,0.9187350347485838
2052,olympus,sam,3+6 clicks,2,12000,0.41282422878213915,4,2,1,2,3,0.6035654221325261
2052,olympus,rf_clicks,3+6 clicks,2,16000,0.6151661610261326,4,3,3,1,6,0.8489957084846368
2052,olympus,dino_clicks,10+20 clicks,0,16000,0.7982563831057443,4,3,4,1,7,0.8976950125317913
2052,olympus,sam,10+20 clicks,0,16000,0.13196147634144884,4,1,1,3,2,0.2607500800315201
2052,olympus,rf_clicks,10+20 clicks,0,16000,0.43818274133330004,4,1,3,3,4,0.893066025962935
2052,olympus,dino_labels,5 labelled training images,0,16000,0.5414117437738253,4,2,2,2,4,0.9169106661047839
2052,olympus,dino_clicks,10+20 clicks,1,16000,0.7279445620356768,4,3,4,1,7,0.8504221759416218
2052,olympus,sam,10+20 clicks,1,16000,0.2544343574157707,4,1,2,3,3,0.45823118331166734
2052,olympus,rf_clicks,10+20 clicks,1,16000,0.40203068522194774,4,1,3,3,4,0.7315528959298007
2052,olympus,dino_clicks,10+20 clicks,2,16000,0.6264211464688206,4,3,3,1,6,0.8274781871061561
2052,olympus,sam,10+20 clicks,2,16000,0.14121617390468014,4,0,3,4,3,0.5486805625275124
2052,olympus,rf_clicks,10+20 clicks,2,16000,0.3125064773837875,4,0,3,4,3,0.906562838805663
2060,olympus,dino_clicks,3+6 clicks,0,16000,0.10893259645236657,3,0,2,3,2,0.6281547391597067
2060,olympus,sam,3+6 clicks,0,12000,0.21379148282127372,3,1,0,2,1,0.42612839921502665
2060,olympus,rf_clicks,3+6 clicks,0,16000,0.36916760172631413,3,1,4,2,5,0.9508510033833518
2060,olympus,dino_clicks,3+6 clicks,1,16000,0.4203309908333745,3,1,2,2,3,0.9347445667513407
2060,olympus,sam,3+6 clicks,1,12000,0.2736909702050656,3,0,3,3,3,0.8040439420474447
2060,olympus,rf_clicks,3+6 clicks,1,16000,0.14948872359996151,3,0,4,3,4,0.6156126766644598
2060,olympus,dino_clicks,3+6 clicks,2,16000,0.5660645122453839,3,2,2,1,4,0.9346035943980285
2060,olympus,sam,3+6 clicks,2,12000,0.3199806186389786,3,1,0,2,1,0.7286508672050841
2060,olympus,rf_clicks,3+6 clicks,2,16000,0.21357212191029618,3,0,5,3,5,0.6803033292443361
2060,olympus,dino_clicks,10+20 clicks,0,16000,0.4816185593903837,3,2,1,1,3,0.8784224712725209
2060,olympus,sam,10+20 clicks,0,16000,0.4397871705148457,3,2,0,1,2,0.5857875057765828
2060,olympus,rf_clicks,10+20 clicks,0,16000,0.5383627408700712,3,2,3,1,5,0.9162841444881736
2060,olympus,dino_labels,5 labelled training images,0,16000,0.542030278697534,3,2,2,1,4,0.9159383183008437
2060,olympus,dino_clicks,10+20 clicks,1,16000,0.5824527093383857,3,2,2,1,4,0.9484843343095957
2060,olympus,sam,10+20 clicks,1,16000,0.44455081234220123,3,2,0,1,2,0.6618210612755641
2060,olympus,rf_clicks,10+20 clicks,1,16000,0.267462687075047,3,0,4,3,4,0.5554881554586166
2060,olympus,dino_clicks,10+20 clicks,2,16000,0.5472814673088733,3,2,1,1,3,0.9371536822164338
2060,olympus,sam,10+20 clicks,2,16000,0.35653949167418647,3,1,1,2,2,0.6055471633469858
2060,olympus,rf_clicks,10+20 clicks,2,16000,0.33546157402255017,3,1,2,2,3,0.6600965348317844
2063,olympus,dino_clicks,3+6 clicks,0,16000,0.16934738380059824,8,1,5,7,6,0.7995815733226944
2063,olympus,sam,3+6 clicks,0,12000,0.19717144882941745,8,2,0,6,2,0.35760116734588937
2063,olympus,rf_clicks,3+6 clicks,0,16000,0.16048308026685493,8,0,6,8,6,0.6281610260846877
2063,olympus,dino_clicks,3+6 clicks,1,16000,0.3468678014088073,8,3,4,5,7,0.6837433619289875
2063,olympus,sam,3+6 clicks,1,12000,0.24285275709477228,8,2,3,6,5,0.42135807924583885
2063,olympus,rf_clicks,3+6 clicks,1,16000,0.22685730309938187,8,0,7,8,7,0.7890998449964085
2063,olympus,dino_clicks,3+6 clicks,2,16000,0.05452406408052404,8,0,3,8,3,0.7940202081518226
2063,olympus,sam,3+6 clicks,2,12000,0.05093988201568812,8,0,1,8,1,0.6839530230793832
2063,olympus,rf_clicks,3+6 clicks,2,16000,0.137206848062677,8,0,4,8,4,0.8705570164571228
2063,olympus,dino_clicks,10+20 clicks,0,16000,0.5725136809743248,8,5,6,3,11,0.9026176402855608
2063,olympus,sam,10+20 clicks,0,16000,0.45240803706717375,8,3,6,5,9,0.6716931449135434
2063,olympus,rf_clicks,10+20 clicks,0,16000,0.1557845071312154,8,0,4,8,4,0.5499721227042633
2063,olympus,dino_labels,5 labelled training images,0,16000,0.3579797629248085,8,4,2,4,6,0.8419174122630276
2063,olympus,dino_clicks,10+20 clicks,1,16000,0.5023467412634822,8,4,6,4,10,0.7713802747039378
2063,olympus,sam,10+20 clicks,1,16000,0.14689186176375163,8,0,4,8,4,0.6123110733594899
2063,olympus,rf_clicks,10+20 clicks,1,16000,0.32829410877206344,8,0,8,8,8,0.7692789391288333
2063,olympus,dino_clicks,10+20 clicks,2,16000,0.550349339639749,8,5,8,3,13,0.7543272576760737
2063,olympus,sam,10+20 clicks,2,16000,0.6135698445763443,8,6,7,2,13,0.7969695881431701
2063,olympus,rf_clicks,10+20 clicks,2,16000,0.3332156235561146,8,1,9,7,10,0.5566128535746155
206,nikon,dino_clicks,3+6 clicks,0,16000,0.519352068261105,5,3,3,2,6,0.8761990863342161
206,nikon,sam,3+6 clicks,0,12000,0.5781909762930842,5,3,2,2,5,0.8117621807254776
206,nikon,rf_clicks,3+6 clicks,0,16000,0.1770256669185816,5,0,5,5,5,0.8410309566049395
206,nikon,dino_clicks,3+6 clicks,1,16000,0.0,5,0,0,5,0,0.0
206,nikon,sam,3+6 clicks,1,12000,0.28904419799022774,5,0,3,5,3,0.5585720262167062
206,nikon,rf_clicks,3+6 clicks,1,16000,0.41726858407572215,5,2,4,3,6,0.7078781112830792
206,nikon,dino_clicks,3+6 clicks,2,16000,0.3635648755713786,5,2,0,3,2,0.5540073034787623
206,nikon,sam,3+6 clicks,2,12000,0.41838152292012254,5,2,2,3,4,0.5564178251761569
206,nikon,rf_clicks,3+6 clicks,2,16000,0.35155249889542023,5,2,2,3,4,0.6302584910163687
206,nikon,dino_clicks,10+20 clicks,0,16000,0.37036717761355925,5,2,1,3,3,0.5578000059012718
206,nikon,sam,10+20 clicks,0,16000,0.8172461604753749,5,5,0,0,5,0.9167308769963575
206,nikon,rf_clicks,10+20 clicks,0,16000,0.48763292278648507,5,3,2,2,5,0.7183482311469218
206,nikon,dino_labels,5 labelled training images,0,16000,0.3362309501280029,5,2,1,3,3,0.7629984912968092
206,nikon,dino_clicks,10+20 clicks,1,16000,0.6619900445829989,5,4,1,1,5,0.8173474048609275
206,nikon,sam,10+20 clicks,1,16000,0.13868750907823338,5,0,2,5,2,0.5093137397264252
206,nikon,rf_clicks,10+20 clicks,1,16000,0.5221207523087846,5,3,1,2,4,0.703980886842347
206,nikon,dino_clicks,10+20 clicks,2,16000,0.3633507506518763,5,2,1,3,3,0.5482430017867779
206,nikon,sam,10+20 clicks,2,16000,0.07002681457607089,5,0,1,5,1,0.5907217851222272
206,nikon,rf_clicks,10+20 clicks,2,16000,0.6546701469647284,5,4,1,1,5,0.8850775168386592
2071,olympus,dino_clicks,3+6 clicks,0,16000,0.2690333676700205,5,1,2,4,3,0.7785721166617527
2071,olympus,sam,3+6 clicks,0,12000,0.04505339848147749,5,0,1,5,1,0.7837477753851902
2071,olympus,rf_clicks,3+6 clicks,0,16000,0.21998446937004518,5,0,5,5,5,0.7748486821888999
2071,olympus,dino_clicks,3+6 clicks,1,16000,0.17819259945514304,5,0,4,5,4,0.3229783102465084
2071,olympus,sam,3+6 clicks,1,12000,0.3488284465348924,5,2,1,3,3,0.5539744662881102
2071,olympus,rf_clicks,3+6 clicks,1,16000,0.5099335300050778,5,2,6,3,8,0.86174857530254
2071,olympus,dino_clicks,3+6 clicks,2,16000,0.4050154445704687,5,2,4,3,6,0.6049851393979176
2071,olympus,sam,3+6 clicks,2,12000,0.25789333563066785,5,1,3,4,4,0.7029102439330676
2071,olympus,rf_clicks,3+6 clicks,2,16000,0.2380220031470361,5,1,2,4,3,0.8695753599416803
2071,olympus,dino_clicks,10+20 clicks,0,16000,0.3831478419637054,5,2,5,3,7,0.8319605250784132
2071,olympus,sam,10+20 clicks,0,16000,0.02185518658728849,5,0,2,5,2,0.44962707732999685
2071,olympus,rf_clicks,10+20 clicks,0,16000,0.13964823335851553,5,0,4,5,4,0.31311767101850063
2071,olympus,dino_labels,5 labelled training images,0,16000,0.44285006726980036,5,1,5,4,6,0.912793639784739
2071,olympus,dino_clicks,10+20 clicks,1,16000,0.770871666155169,5,4,6,1,10,0.9336098579220254
2071,olympus,sam,10+20 clicks,1,16000,0.45451140753386526,5,3,5,2,8,0.6280268808909587
2071,olympus,rf_clicks,10+20 clicks,1,16000,0.48371440217238926,5,2,6,3,8,0.8132878923336313
2071,olympus,dino_clicks,10+20 clicks,2,16000,0.8030400764668377,5,4,6,1,10,0.9432585657071071
2071,olympus,sam,10+20 clicks,2,16000,0.12208027259035965,5,0,3,5,3,0.42475997300806206
2071,olympus,rf_clicks,10+20 clicks,2,16000,0.3205088156091211,5,0,6,5,6,0.7646474259860273
2073,olympus,dino_clicks,3+6 clicks,0,16000,0.30831064708009703,4,0,4,4,4,0.4670057124438157
2073,olympus,sam,3+6 clicks,0,12000,0.15521670007048657,4,0,1,4,1,0.9168454597987219
2073,olympus,rf_clicks,3+6 clicks,0,16000,0.2890061130717845,4,1,4,3,5,0.8715308013317866
2073,olympus,dino_clicks,3+6 clicks,1,16000,0.15717461982721642,4,0,1,4,1,0.7768604977357432
2073,olympus,sam,3+6 clicks,1,12000,0.11599036891448777,4,0,1,4,1,0.47879079791663265
2073,olympus,rf_clicks,3+6 clicks,1,16000,0.11006287280783168,4,0,5,4,5,0.9152096694895124
2073,olympus,dino_clicks,3+6 clicks,2,16000,0.3230034790461704,4,0,2,4,2,0.6716827243212333
2073,olympus,sam,3+6 clicks,2,12000,0.11980225640045855,4,0,1,4,1,0.6533305089378451
2073,olympus,rf_clicks,3+6 clicks,2,16000,0.2909352377575897,4,1,4,3,5,0.8596581992017134
2073,olympus,dino_clicks,10+20 clicks,0,16000,0.14429240862879203,4,0,4,4,4,0.883632301013654
2073,olympus,sam,10+20 clicks,0,16000,0.12387474703796365,4,0,2,4,2,0.655452862548662
2073,olympus,rf_clicks,10+20 clicks,0,16000,0.15246156612836093,4,0,4,4,4,0.5795961205807467
2073,olympus,dino_labels,5 labelled training images,0,16000,0.17831424536335727,4,0,1,4,1,0.903737943289181
2073,olympus,dino_clicks,10+20 clicks,1,16000,0.1636374014142791,4,0,1,4,1,0.8885226544596814
2073,olympus,sam,10+20 clicks,1,16000,0.0836119064792191,4,0,2,4,2,0.5490219457283331
2073,olympus,rf_clicks,10+20 clicks,1,16000,0.20433763393622856,4,0,3,4,3,0.665473042838604
2073,olympus,dino_clicks,10+20 clicks,2,16000,0.1585811945729516,4,0,2,4,2,0.9005798958487342
2073,olympus,sam,10+20 clicks,2,16000,0.1328163827423782,4,0,2,4,2,0.7049616486920796
2073,olympus,rf_clicks,10+20 clicks,2,16000,0.10631124169928295,4,0,4,4,4,0.8405233017735054
2078,olympus,dino_clicks,3+6 clicks,0,16000,0.16930372806120003,7,2,0,5,2,0.3356971317232317
2078,olympus,sam,3+6 clicks,0,12000,0.1225915405764503,7,0,1,7,1,0.4819737146730104
2078,olympus,rf_clicks,3+6 clicks,0,16000,0.13251901143364697,7,1,2,6,3,0.3728659755206101
2078,olympus,dino_clicks,3+6 clicks,1,16000,0.07770563877102397,7,1,2,6,3,0.17629393368266263
2078,olympus,sam,3+6 clicks,1,12000,0.22607540455173908,7,2,0,5,2,0.4254774965065612
2078,olympus,rf_clicks,3+6 clicks,1,16000,0.26009344633931347,7,0,7,7,7,0.6279488163102662
2078,olympus,dino_clicks,3+6 clicks,2,16000,0.5522216501359244,7,5,5,2,10,0.7201738262128367
2078,olympus,sam,3+6 clicks,2,12000,0.3042190621419812,7,2,2,5,4,0.6007446811814283
2078,olympus,rf_clicks,3+6 clicks,2,16000,0.09151442465181914,7,0,3,7,3,0.8711232631181516
2078,olympus,dino_clicks,10+20 clicks,0,16000,0.1555345195138768,7,0,2,7,2,0.6391021920934367
2078,olympus,sam,10+20 clicks,0,16000,0.22096185507255178,7,1,3,6,4,0.5877045107441493
2078,olympus,rf_clicks,10+20 clicks,0,16000,0.19613664504668488,7,1,3,6,4,0.8019266300189786
2078,olympus,dino_labels,5 labelled training images,0,16000,0.2942818737812547,7,2,3,5,5,0.8929241457096188
2078,olympus,dino_clicks,10+20 clicks,1,16000,0.2735035714196919,7,1,3,6,4,0.8923200646978695
2078,olympus,sam,10+20 clicks,1,16000,0.32930390782076163,7,3,1,4,4,0.5843894691676647
2078,olympus,rf_clicks,10+20 clicks,1,16000,0.17603188192358785,7,1,3,6,4,0.8278672160008712
2078,olympus,dino_clicks,10+20 clicks,2,16000,0.35372196751032137,7,1,6,6,7,0.7987796019177684
2078,olympus,sam,10+20 clicks,2,16000,0.4150978586627762,7,3,2,4,5,0.6619414354685671
2078,olympus,rf_clicks,10+20 clicks,2,16000,0.13622408220283727,7,0,5,7,5,0.7934323496778556
207,nikon,dino_clicks,3+6 clicks,0,16000,0.20164287702040598,6,0,2,6,2,0.6895666069626761
207,nikon,sam,3+6 clicks,0,12000,0.0,6,0,0,6,0,0.0
207,nikon,rf_clicks,3+6 clicks,0,16000,0.25239080298813593,6,2,5,4,7,0.7101869508807677
207,nikon,dino_clicks,3+6 clicks,1,16000,0.32055377660204565,6,1,8,5,9,0.8196895142032136
207,nikon,sam,3+6 clicks,1,12000,0.28672730879820657,6,2,1,4,3,0.44466931788152037
207,nikon,rf_clicks,3+6 clicks,1,16000,0.3429148647020343,6,1,6,5,7,0.8656480327208222
207,nikon,dino_clicks,3+6 clicks,2,16000,0.4361280427496252,6,3,1,3,4,0.6384664955738205
207,nikon,sam,3+6 clicks,2,12000,0.5164391086303336,6,3,2,3,5,0.8215527230590962
207,nikon,rf_clicks,3+6 clicks,2,16000,0.4019785339854158,6,2,4,4,6,0.7963704747635962
207,nikon,dino_clicks,10+20 clicks,0,16000,0.44207214846863735,6,2,3,4,5,0.8209362257956331
207,nikon,sam,10+20 clicks,0,16000,0.5152542641939981,6,3,1,3,4,0.7961246342832937
207,nikon,rf_clicks,10+20 clicks,0,16000,0.5545357701974084,6,3,4,3,7,0.8987616969543368
207,nikon,dino_labels,5 labelled training images,0,16000,0.3679803764464074,6,3,2,3,5,0.6355068221494385
207,nikon,dino_clicks,10+20 clicks,1,16000,0.6388707304578657,6,4,2,2,6,0.8336341616242857
207,nikon,sam,10+20 clicks,1,16000,0.4821293900380235,6,4,0,2,4,0.7798882792620865
207,nikon,rf_clicks,10+20 clicks,1,16000,0.29554696534370817,6,2,1,4,3,0.6759061724605429
207,nikon,dino_clicks,10+20 clicks,2,16000,0.44372920468904464,6,3,0,3,3,0.6494109286340873
207,nikon,sam,10+20 clicks,2,16000,0.2157927493651012,6,1,1,5,2,0.6184378230831086
207,nikon,rf_clicks,10+20 clicks,2,16000,0.5913640835115033,6,4,3,2,7,0.8959921932650782
2082,olympus,dino_clicks,3+6 clicks,0,16000,0.3448797533954181,5,2,2,3,4,0.5143108321219669
2082,olympus,sam,3+6 clicks,0,12000,0.37794485926768956,5,3,0,2,3,0.591160441941547
2082,olympus,rf_clicks,3+6 clicks,0,16000,0.24537212430276964,5,1,5,4,6,0.5852401493917722
2082,olympus,dino_clicks,3+6 clicks,1,16000,0.24983436680943294,5,0,8,5,8,0.43100282514500654
2082,olympus,sam,3+6 clicks,1,12000,0.3501671164519652,5,1,6,4,7,0.7629740703716045
2082,olympus,rf_clicks,3+6 clicks,1,16000,0.36378011695149154,5,1,12,4,13,0.6408148910395852
2082,olympus,dino_clicks,3+6 clicks,2,16000,0.22664138457586094,5,1,7,4,8,0.6411748553431238
2082,olympus,sam,3+6 clicks,2,12000,0.05600510931995047,5,0,1,5,1,0.7124716449895699
2082,olympus,rf_clicks,3+6 clicks,2,16000,0.18434893997176577,5,0,6,5,6,0.39961403323059885
2082,olympus,dino_clicks,10+20 clicks,0,16000,0.3415336127403109,5,1,5,4,6,0.8417092814768266
2082,olympus,sam,10+20 clicks,0,16000,0.050508357793071744,5,0,1,5,1,0.7766202346822411
2082,olympus,rf_clicks,10+20 clicks,0,16000,0.07727769570712947,5,0,4,5,4,0.8508815738898288
2082,olympus,dino_labels,5 labelled training images,0,16000,0.19260241431295783,5,0,5,5,5,0.8133424510945605
2082,olympus,dino_clicks,10+20 clicks,1,16000,0.4738072663214221,5,3,5,2,8,0.6472911491333352
2082,olympus,sam,10+20 clicks,1,16000,0.4270456252857728,5,2,3,3,5,0.6522363087779233
2082,olympus,rf_clicks,10+20 clicks,1,16000,0.44222953910809054,5,1,10,4,11,0.7716167597732494
2082,olympus,dino_clicks,10+20 clicks,2,16000,0.06551472149898807,5,0,1,5,1,0.8239056369383664
2082,olympus,sam,10+20 clicks,2,16000,0.1310980005926942,5,0,2,5,2,0.5654861185838803
2082,olympus,rf_clicks,10+20 clicks,2,16000,0.21477581136435936,5,0,3,5,3,0.7616581103957926
2086,olympus,dino_clicks,3+6 clicks,0,16000,0.1446982195011914,4,0,1,4,1,0.9377604896377801
2086,olympus,sam,3+6 clicks,0,12000,0.424905321553687,4,2,1,2,3,0.7003579797863623
2086,olympus,rf_clicks,3+6 clicks,0,16000,0.20647857711446876,4,1,0,3,1,0.4494401243059466
2086,olympus,dino_clicks,3+6 clicks,1,16000,0.4889654909796419,4,1,4,3,5,0.8896376145398704
2086,olympus,sam,3+6 clicks,1,12000,0.3702460193426466,4,0,3,4,3,0.8260867446156246
2086,olympus,rf_clicks,3+6 clicks,1,16000,0.41640692316915145,4,2,3,2,5,0.732385046078546
2086,olympus,dino_clicks,3+6 clicks,2,16000,0.26488934508374024,4,1,2,3,3,0.37735468772744407
2086,olympus,sam,3+6 clicks,2,12000,0.21557709761820298,4,0,2,4,2,0.5805342226845761
2086,olympus,rf_clicks,3+6 clicks,2,16000,0.10052035075076071,4,0,1,4,1,0.9338465912819055
2086,olympus,dino_clicks,10+20 clicks,0,16000,0.5820241479665195,4,2,3,2,5,0.9219082943460201
2086,olympus,sam,10+20 clicks,0,16000,0.5372028287483288,4,2,2,2,4,0.7164753611144775
2086,olympus,rf_clicks,10+20 clicks,0,16000,0.4573768537638758,4,2,3,2,5,0.8603837883106509
2086,olympus,dino_labels,5 labelled training images,0,16000,0.11296384306876345,4,0,1,4,1,0.9081301188820299
2086,olympus,dino_clicks,10+20 clicks,1,16000,0.6783491735269936,4,3,2,1,5,0.8526531625070198
2086,olympus,sam,10+20 clicks,1,16000,0.5121321126696965,4,1,4,3,5,0.6993111658171816
2086,olympus,rf_clicks,10+20 clicks,1,16000,0.396890589359403,4,1,4,3,5,0.8121266087532745
2086,olympus,dino_clicks,10+20 clicks,2,16000,0.6346541062679547,4,2,3,2,5,0.8885666848328918
2086,olympus,sam,10+20 clicks,2,16000,0.2577519575718935,4,2,3,2,5,0.6621829900518426
2086,olympus,rf_clicks,10+20 clicks,2,16000,0.15309563453719152,4,0,3,4,3,0.8947651751194924
2087,olympus,dino_clicks,3+6 clicks,0,16000,0.17530460647260832,10,1,2,9,3,0.29054442232238886
2087,olympus,sam,3+6 clicks,0,12000,0.10915090583006834,10,1,1,9,2,0.19655313829249785
2087,olympus,rf_clicks,3+6 clicks,0,16000,0.08050920885130838,10,0,3,10,3,0.14358673415996898
2087,olympus,dino_clicks,3+6 clicks,1,16000,0.44533564935894737,10,5,2,5,7,0.7674563467867364
2087,olympus,sam,3+6 clicks,1,12000,0.18673910877224373,10,1,3,9,4,0.4175400018714326
2087,olympus,rf_clicks,3+6 clicks,1,16000,0.3484597473670362,10,1,7,9,8,0.62602171882298
2087,olympus,dino_clicks,3+6 clicks,2,16000,0.03571711914774854,10,0,1,10,1,0.7418173669278287
2087,olympus,sam,3+6 clicks,2,12000,0.3340217727811511,10,4,2,6,6,0.6001246462894873
2087,olympus,rf_clicks,3+6 clicks,2,16000,0.09813135543001864,10,0,3,10,3,0.2526452001539431
2087,olympus,dino_clicks,10+20 clicks,0,16000,0.2288631433872454,10,1,6,9,7,0.9273298630781235
2087,olympus,sam,10+20 clicks,0,16000,0.45415382189235637,10,4,6,6,10,0.7183341550749338
2087,olympus,rf_clicks,10+20 clicks,0,16000,0.22704471257923903,10,1,6,9,7,0.8685047802248306
2087,olympus,dino_labels,5 labelled training images,0,16000,0.2768423012946273,10,1,5,9,6,0.9302168976419118
2087,olympus,dino_clicks,10+20 clicks,1,16000,0.6216007197788735,10,6,5,4,11,0.8275513683814061
2087,olympus,sam,10+20 clicks,1,16000,0.43777055598744596,10,4,4,6,8,0.7750821188147875
2087,olympus,rf_clicks,10+20 clicks,1,16000,0.26164185900088305,10,1,4,9,5,0.8291052523825734
2087,olympus,dino_clicks,10+20 clicks,2,16000,0.2152539809725919,10,1,4,9,5,0.8846940820700091
2087,olympus,sam,10+20 clicks,2,16000,0.07380592623402243,10,0,3,10,3,0.49397946201381315
2087,olympus,rf_clicks,10+20 clicks,2,16000,0.24103435661029135,10,1,4,9,5,0.8174959791341756
208,nikon,dino_clicks,3+6 clicks,0,16000,0.0,6,0,0,6,0,0.0
208,nikon,sam,3+6 clicks,0,12000,0.055323022193283694,6,0,2,6,2,0.19414804098142843
208,nikon,rf_clicks,3+6 clicks,0,16000,0.5385327867227365,6,3,2,3,5,0.8295261995962036
208,nikon,dino_clicks,3+6 clicks,1,16000,0.8282159878940898,6,6,8,0,14,0.9294866981151396
208,nikon,sam,3+6 clicks,1,12000,0.5196101130078113,6,3,6,3,9,0.7466600022026618
208,nikon,rf_clicks,3+6 clicks,1,16000,0.3411122199138937,6,3,2,3,5,0.5596185836501901
208,nikon,dino_clicks,3+6 clicks,2,16000,0.7025174722893602,6,5,0,1,5,0.827662895199819
208,nikon,sam,3+6 clicks,2,12000,0.11502422287446538,6,0,4,6,4,0.5631514737264596
208,nikon,rf_clicks,3+6 clicks,2,16000,0.0,6,0,0,6,0,0.0
208,nikon,dino_clicks,10+20 clicks,0,16000,0.8662547766756764,6,6,2,0,8,0.9318851146566021
208,nikon,sam,10+20 clicks,0,16000,0.7707940470535831,6,5,1,1,6,0.856000695228991
208,nikon,rf_clicks,10+20 clicks,0,16000,0.25563528674657876,6,0,4,6,4,0.9164079950770235
208,nikon,dino_labels,5 labelled training images,0,16000,0.6548667137872135,6,4,2,2,6,0.8432737660759344
208,nikon,dino_clicks,10+20 clicks,1,16000,0.8418424001512688,6,6,1,0,7,0.9356371399129918
208,nikon,sam,10+20 clicks,1,16000,0.8556479742780678,6,6,3,0,9,0.9503358291518261
208,nikon,rf_clicks,10+20 clicks,1,16000,0.6245510492101675,6,5,1,1,6,0.8255971122661696
208,nikon,dino_clicks,10+20 clicks,2,16000,0.2764690609019347,6,2,0,4,2,0.4651303338263594
208,nikon,sam,10+20 clicks,2,16000,0.923923249265224,6,6,2,0,8,0.958835283631868
208,nikon,rf_clicks,10+20 clicks,2,16000,0.6449250725053116,6,5,2,1,7,0.8382483101095786
2105,olympus,dino_clicks,3+6 clicks,0,16000,0.1787408836110081,14,1,3,13,4,0.47813659371268363
2105,olympus,sam,3+6 clicks,0,12000,0.1378225788127638,14,1,2,13,3,0.5935207450460263
2105,olympus,rf_clicks,3+6 clicks,0,16000,0.21658747587359412,14,0,8,14,8,0.5766804675038711
2105,olympus,dino_clicks,3+6 clicks,1,16000,0.1104548042504716,14,0,5,14,5,0.8944826129343894
2105,olympus,sam,3+6 clicks,1,12000,0.11115832957884973,14,2,0,12,2,0.21931395247765723
2105,olympus,rf_clicks,3+6 clicks,1,16000,0.34728458526748957,14,0,12,14,12,0.6964336535746803
2105,olympus,dino_clicks,3+6 clicks,2,16000,0.15294224449374424,14,2,1,12,3,0.3042148990031775
2105,olympus,sam,3+6 clicks,2,12000,0.04513835287310727,14,0,1,14,1,0.3132763958362473
2105,olympus,rf_clicks,3+6 clicks,2,16000,0.16914347722458084,14,0,4,14,4,0.6744375132379969
2105,olympus,dino_clicks,10+20 clicks,0,16000,0.38171183793114155,14,5,3,9,8,0.7722083372879033
2105,olympus,sam,10+20 clicks,0,16000,0.2006122841223181,14,1,6,13,7,0.4999398338355996
2105,olympus,rf_clicks,10+20 clicks,0,16000,0.2757911914919507,14,2,4,12,6,0.7868572518108312
2105,olympus,dino_labels,5 labelled training images,0,16000,0.1091659277023693,14,0,3,14,3,0.9059568948756624
2105,olympus,dino_clicks,10+20 clicks,1,16000,0.4335769703718125,14,6,6,8,12,0.601293087413602
2105,olympus,sam,10+20 clicks,1,16000,0.14806328928169402,14,2,3,12,5,0.21380717128443116
2105,olympus,rf_clicks,10+20 clicks,1,16000,0.305766407635705,14,1,7,13,8,0.7124155718220325
2105,olympus,dino_clicks,10+20 clicks,2,16000,0.2079521369449653,14,2,4,12,6,0.863912018073984
2105,olympus,sam,10+20 clicks,2,16000,0.3594297312719779,14,5,4,9,9,0.6890915477202041
2105,olympus,rf_clicks,10+20 clicks,2,16000,0.12317948932204491,14,0,4,14,4,0.9198664246381886
2110,olympus,dino_clicks,3+6 clicks,0,16000,0.33394785550762607,2,0,3,2,3,0.9246613730144102
2110,olympus,sam,3+6 clicks,0,12000,0.8686171927398398,2,2,0,0,2,0.9317742674448716
2110,olympus,rf_clicks,3+6 clicks,0,16000,0.0,2,0,0,2,0,0.0
2110,olympus,dino_clicks,3+6 clicks,1,16000,0.11566771521251705,2,0,1,2,1,0.9020692633098767
2110,olympus,sam,3+6 clicks,1,12000,0.846107432209128,2,2,0,0,2,0.9105396683647582
2110,olympus,rf_clicks,3+6 clicks,1,16000,0.12489916280009872,2,0,2,2,2,0.7981739661080599
2110,olympus,dino_clicks,3+6 clicks,2,16000,0.4525048402569906,2,1,1,1,2,0.9057094017094017
2110,olympus,sam,3+6 clicks,2,12000,0.4372341116349321,2,1,0,1,1,0.8660570380127172
2110,olympus,rf_clicks,3+6 clicks,2,16000,0.16754675010907422,2,0,3,2,3,0.8747920471433747
2110,olympus,dino_clicks,10+20 clicks,0,16000,0.40956006749999774,2,0,5,2,5,0.7977262615922216
2110,olympus,sam,10+20 clicks,0,16000,0.4795834384806259,2,1,2,1,3,0.9633528009948141
2110,olympus,rf_clicks,10+20 clicks,0,16000,0.29386340365995195,2,0,4,2,4,0.821600423344669
2110,olympus,dino_labels,5 labelled training images,0,16000,0.13828433829822845,2,0,1,2,1,0.904410473910021
2110,olympus,dino_clicks,10+20 clicks,1,16000,0.457608168370041,2,1,4,1,5,0.7651524163241209
2110,olympus,sam,10+20 clicks,1,16000,0.14019913295215455,2,0,1,2,1,0.630033934339098
2110,olympus,rf_clicks,10+20 clicks,1,16000,0.1281881878572239,2,0,1,2,1,0.7777764385895134
2110,olympus,dino_clicks,10+20 clicks,2,16000,0.42030484556160674,2,0,2,2,2,0.9127305460624505
2110,olympus,sam,10+20 clicks,2,16000,0.47011039023476553,2,1,0,1,1,0.9420796522889403
2110,olympus,rf_clicks,10+20 clicks,2,16000,0.2899518597353029,2,0,1,2,1,0.9034304466810249
2122,olympus,dino_clicks,3+6 clicks,0,16000,0.25169543603650407,4,0,5,4,5,0.883504487805101
2122,olympus,sam,3+6 clicks,0,12000,0.6764754129200081,4,2,0,2,2,0.8415553682093151
2122,olympus,rf_clicks,3+6 clicks,0,16000,0.2084690238642841,4,0,3,4,3,0.8405788843940516
2122,olympus,dino_clicks,3+6 clicks,1,16000,0.37709091577954384,4,1,7,3,8,0.9021157120431015
2122,olympus,sam,3+6 clicks,1,12000,0.4565297651542641,4,2,0,2,2,0.9444522039614921
2122,olympus,rf_clicks,3+6 clicks,1,16000,0.24013975674004112,4,0,3,4,3,0.9015089135772189
2122,olympus,dino_clicks,3+6 clicks,2,16000,0.4445754005361714,4,1,8,3,9,0.6330925525339925
2122,olympus,sam,3+6 clicks,2,12000,0.5865348686226025,4,2,0,2,2,0.8280156424713212
2122,olympus,rf_clicks,3+6 clicks,2,16000,0.18461729871868937,4,0,3,4,3,0.6617714400996552
2122,olympus,dino_clicks,10+20 clicks,0,16000,0.5041149598908008,4,2,2,2,4,0.7758043041257299
2122,olympus,sam,10+20 clicks,0,16000,0.42587840868417814,4,1,1,3,2,0.6818460454704016
2122,olympus,rf_clicks,10+20 clicks,0,16000,0.42928506074356776,4,1,2,3,3,0.8746347898133613
2122,olympus,dino_labels,5 labelled training images,0,16000,0.33943407875434534,4,1,2,3,3,0.8890633821861849
2122,olympus,dino_clicks,10+20 clicks,1,16000,0.4147858949222637,4,1,1,3,2,0.8626030032758532
2122,olympus,sam,10+20 clicks,1,16000,0.22406472624045348,4,0,5,4,5,0.5535171852950321
2122,olympus,rf_clicks,10+20 clicks,1,16000,0.34169907531891197,4,0,3,4,3,0.8751454577539532
2122,olympus,dino_clicks,10+20 clicks,2,16000,0.651463752922613,4,3,2,1,5,0.7978242466814358
2122,olympus,sam,10+20 clicks,2,16000,0.4234945526150357,4,2,1,2,3,0.6235110905341134
2122,olympus,rf_clicks,10+20 clicks,2,16000,0.32373219562848776,4,0,4,4,4,0.6741741201998647
2139,olympus,dino_clicks,3+6 clicks,0,16000,0.17094663654472037,10,0,3,10,3,0.8717617202565506
2139,olympus,sam,3+6 clicks,0,12000,0.2184887365271766,10,2,2,8,4,0.3783761782347901
2139,olympus,rf_clicks,3+6 clicks,0,16000,0.24019109409249184,10,1,3,9,4,0.9457200715025428
2139,olympus,dino_clicks,3+6 clicks,1,16000,0.3743984745840262,10,4,1,6,5,0.9292386744439255
2139,olympus,sam,3+6 clicks,1,12000,0.30603321406169026,10,4,0,6,4,0.49951213320746635
2139,olympus,rf_clicks,3+6 clicks,1,16000,0.3157867957573713,10,3,2,7,5,0.9015394547210039
2139,olympus,dino_clicks,3+6 clicks,2,16000,0.12123027124773596,10,1,2,9,3,0.8588801198921937
2139,olympus,sam,3+6 clicks,2,12000,0.1002488677793302,10,0,2,10,2,0.34198709255217014
2139,olympus,rf_clicks,3+6 clicks,2,16000,0.24008705232200528,10,1,3,9,4,0.9171459305970525
2139,olympus,dino_clicks,10+20 clicks,0,16000,0.4500045772611213,10,4,3,6,7,0.8671763175477745
2139,olympus,sam,10+20 clicks,0,16000,0.027033586750171996,10,0,2,10,2,0.7380428182994113
2139,olympus,rf_clicks,10+20 clicks,0,16000,0.23148861234205537,10,1,3,9,4,0.9151009988813685
2139,olympus,dino_labels,5 labelled training images,0,16000,0.13443844231991756,10,1,1,9,2,0.9166144053181148
2139,olympus,dino_clicks,10+20 clicks,1,16000,0.4516583229205044,10,4,2,6,6,0.9119963745739365
2139,olympus,sam,10+20 clicks,1,16000,0.029623918674648066,10,0,1,10,1,0.6120871705799292
2139,olympus,rf_clicks,10+20 clicks,1,16000,0.22776922058311805,10,1,3,9,4,0.9068435498879132
2139,olympus,dino_clicks,10+20 clicks,2,16000,0.12852930313420496,10,1,2,9,3,0.8764789919044653
2139,olympus,sam,10+20 clicks,2,16000,0.057173921019792295,10,0,2,10,2,0.39140293181466923
2139,olympus,rf_clicks,10+20 clicks,2,16000,0.2340824323094317,10,1,3,9,4,0.8573729207581706
2142,olympus,dino_clicks,3+6 clicks,0,16000,0.19622751436524932,11,0,6,11,6,0.8671242635413959
2142,olympus,sam,3+6 clicks,0,12000,0.2052015462397108,11,2,3,9,5,0.6804970328841677
2142,olympus,rf_clicks,3+6 clicks,0,16000,0.24924957178232096,11,0,5,11,5,0.9145152865132989
2142,olympus,dino_clicks,3+6 clicks,1,16000,0.23060753402685394,11,1,5,10,6,0.45692579238954284
2142,olympus,sam,3+6 clicks,1,12000,0.03380432509902562,11,0,1,11,1,0.4216756793716574
2142,olympus,rf_clicks,3+6 clicks,1,16000,0.18119829914111218,11,0,9,11,9,0.3980206821717588
2142,olympus,dino_clicks,3+6 clicks,2,16000,0.47778279755622816,11,5,4,6,9,0.7911728872244029
2142,olympus,sam,3+6 clicks,2,12000,0.3968153020752867,11,4,3,7,7,0.5860657282658684
2142,olympus,rf_clicks,3+6 clicks,2,16000,0.26124932099577536,11,0,7,11,7,0.6044227113774541
2142,olympus,dino_clicks,10+20 clicks,0,16000,0.6854394846194495,11,9,2,2,11,0.9039070821375993
2142,olympus,sam,10+20 clicks,0,16000,0.6833902556574174,11,9,3,2,12,0.8922576531197387
2142,olympus,rf_clicks,10+20 clicks,0,16000,0.5438952338043564,11,5,6,6,11,0.8312178595196321
2142,olympus,dino_labels,5 labelled training images,0,16000,0.45248939593131215,11,4,2,7,6,0.9187577425023767
2142,olympus,dino_clicks,10+20 clicks,1,16000,0.6006799277226533,11,9,1,2,10,0.7756533553352473
2142,olympus,sam,10+20 clicks,1,16000,0.36732869535567847,11,5,5,6,10,0.6032224679064914
2142,olympus,rf_clicks,10+20 clicks,1,16000,0.4189023590787416,11,4,4,7,8,0.8351648876072715
2142,olympus,dino_clicks,10+20 clicks,2,16000,0.3222568034811333,11,1,6,10,7,0.9175317558851005
2142,olympus,sam,10+20 clicks,2,16000,0.06555065510580481,11,0,2,11,2,0.33727742297473473
2142,olympus,rf_clicks,10+20 clicks,2,16000,0.257798556605272,11,0,5,11,5,0.92953198307153
2145,olympus,dino_clicks,3+6 clicks,0,16000,0.16195407766325,15,1,4,14,5,0.8463679242589028
2145,olympus,sam,3+6 clicks,0,12000,0.04080906972577293,15,0,1,15,1,0.5188309551586946
2145,olympus,rf_clicks,3+6 clicks,0,16000,0.23745723402880511,15,1,7,14,8,0.7965630191929608
2145,olympus,dino_clicks,3+6 clicks,1,16000,0.10541917114820103,15,2,1,13,3,0.19958576382429946
2145,olympus,sam,3+6 clicks,1,12000,0.05819271664411665,15,1,1,14,2,0.2872752082698684
2145,olympus,rf_clicks,3+6 clicks,1,16000,0.18581193669358584,15,0,8,15,8,0.7784281324923624
2145,olympus,dino_clicks,3+6 clicks,2,16000,0.19799734917296236,15,2,4,13,6,0.8229379042482098
2145,olympus,sam,3+6 clicks,2,12000,0.08092013920627832,15,0,9,15,9,0.1815161000160481
2145,olympus,rf_clicks,3+6 clicks,2,16000,0.16232413307975743,15,0,6,15,6,0.8516306572043886
2145,olympus,dino_clicks,10+20 clicks,0,16000,0.10302053251618411,15,0,3,15,3,0.8281560918785863
2145,olympus,sam,10+20 clicks,0,16000,0.250003280314741,15,4,5,11,9,0.517886196230378
2145,olympus,rf_clicks,10+20 clicks,0,16000,0.11020114085096036,15,0,4,15,4,0.7586435718439414
2145,olympus,dino_labels,5 labelled training images,0,16000,0.2531118203296621,15,2,4,13,6,0.816580738368653
2145,olympus,dino_clicks,10+20 clicks,1,16000,0.279268262552906,15,2,7,13,9,0.8567623961906348
2145,olympus,sam,10+20 clicks,1,16000,0.07844670540342472,15,1,6,14,7,0.1772080802953018
2145,olympus,rf_clicks,10+20 clicks,1,16000,0.10753917327728758,15,1,2,14,3,0.6408573791961115
2145,olympus,dino_clicks,10+20 clicks,2,16000,0.13772736864992977,15,1,4,14,5,0.8634382180188014
2145,olympus,sam,10+20 clicks,2,16000,0.4111496476711249,15,6,9,9,15,0.8357395772277465
2145,olympus,rf_clicks,10+20 clicks,2,16000,0.12186348585032866,15,1,4,14,5,0.8536900994709061
2159,olympus,dino_clicks,3+6 clicks,0,16000,0.8243108073734088,7,7,5,0,12,0.8978721956269062
2159,olympus,sam,3+6 clicks,0,12000,0.29647341078416883,7,2,2,5,4,0.539870476748015
2159,olympus,rf_clicks,3+6 clicks,0,16000,0.48327296956931604,7,4,7,3,11,0.6598208808195593
2159,olympus,dino_clicks,3+6 clicks,1,16000,0.42262324303798665,7,3,3,4,6,0.6172336047323743
2159,olympus,sam,3+6 clicks,1,12000,0.449977204792399,7,3,5,4,8,0.6662915277643888
2159,olympus,rf_clicks,3+6 clicks,1,16000,0.43545823973474257,7,3,5,4,8,0.6530429922401622
2159,olympus,dino_clicks,3+6 clicks,2,16000,0.5585797151372096,7,3,8,4,11,0.839109030559765
2159,olympus,sam,3+6 clicks,2,12000,0.021498022712251357,7,0,1,7,1,0.430945724805673
2159,olympus,rf_clicks,3+6 clicks,2,16000,0.351131801276808,7,2,6,5,8,0.5745033230603996
2159,olympus,dino_clicks,10+20 clicks,0,16000,0.3503355661616824,7,3,2,4,5,0.5286178667225064
2159,olympus,sam,10+20 clicks,0,16000,0.5176946135452288,7,4,2,3,6,0.7230602517830315
2159,olympus,rf_clicks,10+20 clicks,0,16000,0.43255138372050717,7,4,2,3,6,0.6985335359979448
2159,olympus,dino_labels,5 labelled training images,0,16000,0.3523437169566682,7,2,3,5,5,0.9035301346321857
2159,olympus,dino_clicks,10+20 clicks,1,16000,0.7770965380546224,7,7,1,0,8,0.8618878891101462
2159,olympus,sam,10+20 clicks,1,16000,0.4761374816896776,7,4,3,3,7,0.7079977148140234
2159,olympus,rf_clicks,10+20 clicks,1,16000,0.557671274040111,7,5,3,2,8,0.7392362383329486
2159,olympus,dino_clicks,10+20 clicks,2,16000,0.5903039744002031,7,4,4,3,8,0.915901349723263
2159,olympus,sam,10+20 clicks,2,16000,0.5516374841078603,7,3,8,4,11,0.8372956735738721
2159,olympus,rf_clicks,10+20 clicks,2,16000,0.6681635641254733,7,5,6,2,11,0.8555201958384333
2160,olympus,dino_clicks,3+6 clicks,0,16000,0.5335378823025715,11,7,3,4,10,0.6967817286857629
2160,olympus,sam,3+6 clicks,0,12000,0.036400177618250276,11,0,3,11,3,0.07225641178671527
2160,olympus,rf_clicks,3+6 clicks,0,16000,0.46925359593078225,11,5,4,6,9,0.8563131784770389
2160,olympus,dino_clicks,3+6 clicks,1,16000,0.32834593434425263,11,4,4,7,8,0.5013709120990669
2160,olympus,sam,3+6 clicks,1,12000,0.4284636267641007,11,4,10,7,14,0.6897317540498171
2160,olympus,rf_clicks,3+6 clicks,1,16000,0.1404663325667298,11,0,5,11,5,0.26813587772587455
2160,olympus,dino_clicks,3+6 clicks,2,16000,0.033980163577717604,11,0,1,11,1,0.7883634589070588
2160,olympus,sam,3+6 clicks,2,12000,0.06539227571684365,11,0,2,11,2,0.5824678753740539
2160,olympus,rf_clicks,3+6 clicks,2,16000,0.5642476565875252,11,7,1,4,8,0.7490384999859311
2160,olympus,dino_clicks,10+20 clicks,0,16000,0.604063230152562,11,7,6,4,13,0.8303114817771832
2160,olympus,sam,10+20 clicks,0,16000,0.3019060921658008,11,3,5,8,8,0.6306119049183786
2160,olympus,rf_clicks,10+20 clicks,0,16000,0.47729917729696286,11,4,5,7,9,0.8400228267072475
2160,olympus,dino_labels,5 labelled training images,0,16000,0.49876225057536344,11,5,5,6,10,0.8798955091928934
2160,olympus,dino_clicks,10+20 clicks,1,16000,0.5195007304670677,11,7,4,4,11,0.6869181465078164
2160,olympus,sam,10+20 clicks,1,16000,0.16047795890573438,11,1,4,10,5,0.4225988458232133
2160,olympus,rf_clicks,10+20 clicks,1,16000,0.3753630217464121,11,4,4,7,8,0.6292231973297563
2160,olympus,dino_clicks,10+20 clicks,2,16000,0.6558871331219771,11,8,5,3,13,0.9009158068104146
2160,olympus,sam,10+20 clicks,2,16000,0.004361894491995653,11,0,4,11,4,0.03377327929955572
2160,olympus,rf_clicks,10+20 clicks,2,16000,0.3149827066919828,11,4,3,7,7,0.8002701213299379
2174,olympus,dino_clicks,3+6 clicks,0,16000,0.5724013743067756,3,2,4,1,6,0.8999240867262863
2174,olympus,sam,3+6 clicks,0,12000,0.8631659742399473,3,3,1,0,4,0.9149355187091036
2174,olympus,rf_clicks,3+6 clicks,0,16000,0.0772254694046449,3,0,1,3,1,0.22498304715820142
2174,olympus,dino_clicks,3+6 clicks,1,16000,0.2560647225744129,3,1,1,2,2,0.350309738168002
2174,olympus,sam,3+6 clicks,1,12000,0.8163285309201648,3,3,1,0,4,0.8878297964839823
2174,olympus,rf_clicks,3+6 clicks,1,16000,0.5584778948052197,3,2,5,1,7,0.8230339289931512
2174,olympus,dino_clicks,3+6 clicks,2,16000,0.9029628648349436,3,3,3,0,6,0.94235321674732
2174,olympus,sam,3+6 clicks,2,12000,0.3229914194247087,3,1,1,2,2,0.42412545612239316
2174,olympus,rf_clicks,3+6 clicks,2,16000,0.5171609228562087,3,2,5,1,7,0.7658442112184772
2174,olympus,dino_clicks,10+20 clicks,0,16000,0.9112651114865097,3,3,2,0,5,0.9460514586087116
2174,olympus,sam,10+20 clicks,0,16000,0.7114043928247499,3,2,3,1,5,0.9359967182935126
2174,olympus,rf_clicks,10+20 clicks,0,16000,0.4856955989825222,3,1,5,2,6,0.8720000352872159
2174,olympus,dino_labels,5 labelled training images,0,16000,0.7196018875351567,3,2,4,1,6,0.9247351303521084
2174,olympus,dino_clicks,10+20 clicks,1,16000,0.7338635714586715,3,2,4,1,6,0.9448709620268115
2174,olympus,sam,10+20 clicks,1,16000,0.683737579624038,3,2,3,1,5,0.9222387618345939
2174,olympus,rf_clicks,10+20 clicks,1,16000,0.5970077837271245,3,2,5,1,7,0.8463296354311954
2174,olympus,dino_clicks,10+20 clicks,2,16000,0.8346695111899597,3,3,1,0,4,0.9279541975858795
2174,olympus,sam,10+20 clicks,2,16000,0.7301388463772529,3,2,1,1,3,0.9455445048726501
2174,olympus,rf_clicks,10+20 clicks,2,16000,0.5206779025177392,3,2,1,1,3,0.7190404726455218
2178,olympus,dino_clicks,3+6 clicks,0,16000,0.19652615309301766,3,0,2,3,2,0.7354338350473336
2178,olympus,sam,3+6 clicks,0,12000,0.11402041934914486,3,0,2,3,2,0.32164945751873786
2178,olympus,rf_clicks,3+6 clicks,0,16000,0.2737733272838093,3,1,3,2,4,0.5922199830009248
2178,olympus,dino_clicks,3+6 clicks,1,16000,0.22974997023244892,3,0,2,3,2,0.7542789791944245
2178,olympus,sam,3+6 clicks,1,12000,0.47615974149258616,3,1,1,2,2,0.709221561889642
2178,olympus,rf_clicks,3+6 clicks,1,16000,0.16199041098574787,3,0,2,3,2,0.8511387088598429
2178,olympus,dino_clicks,3+6 clicks,2,16000,0.20284788856669697,3,0,2,3,2,0.8474709546636656
2178,olympus,sam,3+6 clicks,2,12000,0.2637815382622442,3,0,4,3,4,0.7280294570924963
2178,olympus,rf_clicks,3+6 clicks,2,16000,0.161658049659594,3,0,4,3,4,0.8683364064360788
2178,olympus,dino_clicks,10+20 clicks,0,16000,0.25501471604385634,3,1,1,2,2,0.8616164673830785
2178,olympus,sam,10+20 clicks,0,16000,0.38668117426103477,3,1,2,2,3,0.6884372399281875
2178,olympus,rf_clicks,10+20 clicks,0,16000,0.17468167883206132,3,0,2,3,2,0.872530950386298
2178,olympus,dino_labels,5 labelled training images,0,16000,0.26336503011918877,3,1,2,2,3,0.8468627213548735
2178,olympus,dino_clicks,10+20 clicks,1,16000,0.38811340567003544,3,1,3,2,4,0.85199373071724
2178,olympus,sam,10+20 clicks,1,16000,0.07362926331488677,3,0,2,3,2,0.319093537793246
2178,olympus,rf_clicks,10+20 clicks,1,16000,0.3994108302817572,3,0,5,3,5,0.6993235789507671
2178,olympus,dino_clicks,10+20 clicks,2,16000,0.23897416286754156,3,0,2,3,2,0.843902025334022
2178,olympus,sam,10+20 clicks,2,16000,0.28355630818208,3,0,3,3,3,0.6460883339161918
2178,olympus,rf_clicks,10+20 clicks,2,16000,0.18507389157269663,3,0,2,3,2,0.8869092487265584
2184,olympus,dino_clicks,3+6 clicks,0,16000,0.40094741521813637,4,1,2,3,3,0.9119303345895549
2184,olympus,sam,3+6 clicks,0,12000,0.23904907731324587,4,0,1,4,1,0.810318179395619
2184,olympus,rf_clicks,3+6 clicks,0,16000,0.3288856473838823,4,1,2,3,3,0.9493966675537612
2184,olympus,dino_clicks,3+6 clicks,1,16000,0.4034110731400654,4,1,4,3,5,0.9187441587184647
2184,olympus,sam,3+6 clicks,1,12000,0.4815817383847719,4,1,3,3,4,0.9696482319693036
2184,olympus,rf_clicks,3+6 clicks,1,16000,0.3420048569013317,4,1,3,3,4,0.96617549319976
2184,olympus,dino_clicks,3+6 clicks,2,16000,0.41738296089135496,4,1,2,3,3,0.9233536542681572
2184,olympus,sam,3+6 clicks,2,12000,0.21973599277054837,4,0,1,4,1,0.6925762510360763
2184,olympus,rf_clicks,3+6 clicks,2,16000,0.4168481383228907,4,1,5,3,6,0.9563353073439529
2184,olympus,dino_clicks,10+20 clicks,0,16000,0.4405200143103248,4,1,2,3,3,0.9335052385683572
2184,olympus,sam,10+20 clicks,0,16000,0.4728300430495874,4,1,3,3,4,0.9455861287059478
2184,olympus,rf_clicks,10+20 clicks,0,16000,0.4426762343655491,4,1,3,3,4,0.9531757614938307
2184,olympus,dino_labels,5 labelled training images,0,16000,0.42469714288046634,4,1,2,3,3,0.93125370284532
2184,olympus,dino_clicks,10+20 clicks,1,16000,0.458350373056838,4,1,3,3,4,0.9475076245554979
2184,olympus,sam,10+20 clicks,1,16000,0.48065721484077306,4,1,2,3,3,0.9696905454376817
2184,olympus,rf_clicks,10+20 clicks,1,16000,0.24093414048023143,4,1,1,3,2,0.9360394407378031
2184,olympus,dino_clicks,10+20 clicks,2,16000,0.22734585252998368,4,0,2,4,2,0.792729442031282
2184,olympus,sam,10+20 clicks,2,16000,0.1692948142834563,4,1,0,3,1,0.35201306936652266
2184,olympus,rf_clicks,10+20 clicks,2,16000,0.44324335500623935,4,1,2,3,3,0.9175010869201699
2186,olympus,dino_clicks,3+6 clicks,0,16000,0.5231613186372606,6,4,4,2,8,0.7065408941332132
2186,olympus,sam,3+6 clicks,0,12000,0.6661959044243191,6,5,2,1,7,0.8377753908212076
2186,olympus,rf_clicks,3+6 clicks,0,16000,0.3437132009679256,6,1,6,5,7,0.6988061836070658
2186,olympus,dino_clicks,3+6 clicks,1,16000,0.354850642894732,6,3,1,3,4,0.5277375406177818
2186,olympus,sam,3+6 clicks,1,12000,0.2226562497155782,6,1,1,5,2,0.38618773566183767
2186,olympus,rf_clicks,3+6 clicks,1,16000,0.1733804602555136,6,0,4,6,4,0.43315180872722164
2186,olympus,dino_clicks,3+6 clicks,2,16000,0.2873906878288191,6,1,3,5,4,0.8694218899972662
2186,olympus,sam,3+6 clicks,2,12000,0.3798741541611393,6,2,2,4,4,0.8404378148479538
2186,olympus,rf_clicks,3+6 clicks,2,16000,0.3771923987661226,6,3,3,3,6,0.7860047429478917
2186,olympus,dino_clicks,10+20 clicks,0,16000,0.7283736276331032,6,6,2,0,8,0.8403529275779253
2186,olympus,sam,10+20 clicks,0,16000,0.5364463995764507,6,4,0,2,4,0.7087977718604149
2186,olympus,rf_clicks,10+20 clicks,0,16000,0.4302143349715302,6,3,4,3,7,0.8516389583380543
2186,olympus,dino_labels,5 labelled training images,0,16000,0.36393138245944784,6,1,4,5,5,0.9087657131087418
2186,olympus,dino_clicks,10+20 clicks,1,16000,0.5569188966901601,6,3,4,3,7,0.920923502767992
2186,olympus,sam,10+20 clicks,1,16000,0.7415916091009525,6,5,1,1,6,0.8680136982805697
2186,olympus,rf_clicks,10+20 clicks,1,16000,0.36225103610495574,6,2,3,4,5,0.9258022585279624
2186,olympus,dino_clicks,10+20 clicks,2,16000,0.34563846201713705,6,1,3,5,4,0.9098797204796883
2186,olympus,sam,10+20 clicks,2,16000,0.6529639773420024,6,5,0,1,5,0.8487828050138422
2186,olympus,rf_clicks,10+20 clicks,2,16000,0.32783044551392876,6,1,3,5,4,0.9061579022312741
2188,olympus,dino_clicks,3+6 clicks,0,16000,0.18228492803244406,4,0,7,4,7,0.8616620412666126
2188,olympus,sam,3+6 clicks,0,12000,0.5735342190447472,4,2,2,2,4,0.8796705496256426
2188,olympus,rf_clicks,3+6 clicks,0,16000,0.20699823819005014,4,0,8,4,8,0.899005149900216
2188,olympus,dino_clicks,3+6 clicks,1,16000,0.6652987910921093,4,4,2,0,6,0.7820800870572674
2188,olympus,sam,3+6 clicks,1,12000,0.142565408056799,4,0,2,4,2,0.6096735658841111
2188,olympus,rf_clicks,3+6 clicks,1,16000,0.7347980545202958,4,3,7,1,10,0.8692297174890191
2188,olympus,dino_clicks,3+6 clicks,2,16000,0.8112791358554283,4,4,5,0,9,0.9274847637813316
2188,olympus,sam,3+6 clicks,2,12000,0.4837301152520117,4,2,2,2,4,0.8516932845872619
2188,olympus,rf_clicks,3+6 clicks,2,16000,0.2256143458182296,4,0,9,4,9,0.8685758213544699
2188,olympus,dino_clicks,10+20 clicks,0,16000,0.7368652130015478,4,4,4,0,8,0.8774999700781558
2188,olympus,sam,10+20 clicks,0,16000,0.774348515424081,4,3,2,1,5,0.9060524897519231
2188,olympus,rf_clicks,10+20 clicks,0,16000,0.5416830538467293,4,2,3,2,5,0.8854250612634245
2188,olympus,dino_labels,5 labelled training images,0,16000,0.4373403907506474,4,2,3,2,5,0.8923680482400378
2188,olympus,dino_clicks,10+20 clicks,1,16000,0.7188917485702293,4,4,2,0,6,0.8175845693528169
2188,olympus,sam,10+20 clicks,1,16000,0.5471538037665579,4,2,2,2,4,0.665472048007001
2188,olympus,rf_clicks,10+20 clicks,1,16000,0.548370032348518,4,2,4,2,6,0.8480740574683845
2188,olympus,dino_clicks,10+20 clicks,2,16000,0.5889633347255674,4,2,2,2,4,0.9217673098839418
2188,olympus,sam,10+20 clicks,2,16000,0.17277413127704586,4,0,3,4,3,0.580166395528914
2188,olympus,rf_clicks,10+20 clicks,2,16000,0.21617862162746446,4,0,5,4,5,0.8837953091684435
2189,olympus,dino_clicks,3+6 clicks,0,16000,0.45855524673317544,7,3,3,4,6,0.8778179657763646
2189,olympus,sam,3+6 clicks,0,12000,0.21159841272806368,7,2,1,5,3,0.38615154908547966
2189,olympus,rf_clicks,3+6 clicks,0,16000,0.394799442169389,7,2,4,5,6,0.902492043166924
2189,olympus,dino_clicks,3+6 clicks,1,16000,0.49502872026725087,7,4,2,3,6,0.8425436415156787
2189,olympus,sam,3+6 clicks,1,12000,0.2521927025426534,7,1,3,6,4,0.4804167591618489
2189,olympus,rf_clicks,3+6 clicks,1,16000,0.4831568653632889,7,3,4,4,7,0.8812110574223334
2189,olympus,dino_clicks,3+6 clicks,2,16000,0.41109198357873117,7,3,2,4,5,0.6145827392103612
2189,olympus,sam,3+6 clicks,2,12000,0.2555769149507133,7,2,3,5,5,0.4659048574468759
2189,olympus,rf_clicks,3+6 clicks,2,16000,0.4290762266748865,7,2,5,5,7,0.8024272580642215
2189,olympus,dino_clicks,10+20 clicks,0,16000,0.6428358842729293,7,6,2,1,8,0.7977319915735871
2189,olympus,sam,10+20 clicks,0,16000,0.25545935275369,7,1,3,6,4,0.39795292444864216
2189,olympus,rf_clicks,10+20 clicks,0,16000,0.4360444016653537,7,3,3,4,6,0.771937693306796
2189,olympus,dino_labels,5 labelled training images,0,16000,0.46139494507448375,7,4,1,3,5,0.8265856999764317
2189,olympus,dino_clicks,10+20 clicks,1,16000,0.5388257242682435,7,4,4,3,8,0.921949928947456
2189,olympus,sam,10+20 clicks,1,16000,0.31543473623145923,7,1,4,6,5,0.510875342945746
2189,olympus,rf_clicks,10+20 clicks,1,16000,0.4935074190555723,7,3,3,4,6,0.8917161936560934
2189,olympus,dino_clicks,10+20 clicks,2,16000,0.7258970256347427,7,5,2,2,7,0.9117161412193414
2189,olympus,sam,10+20 clicks,2,16000,0.48707941415084693,7,3,5,4,8,0.7159343043581493
2189,olympus,rf_clicks,10+20 clicks,2,16000,0.4237433936149414,7,2,6,5,8,0.9026039828667446
2192,olympus,dino_clicks,3+6 clicks,0,16000,0.05618936917049084,7,0,2,7,2,0.8534927735719202
2192,olympus,sam,3+6 clicks,0,12000,0.1250511806314292,7,0,2,7,2,0.594588134869825
2192,olympus,rf_clicks,3+6 clicks,0,16000,0.36794066126963115,7,2,7,5,9,0.569091344281068
2192,olympus,dino_clicks,3+6 clicks,1,16000,0.40208601927584386,7,4,3,3,7,0.6911747538401781
2192,olympus,sam,3+6 clicks,1,12000,0.2614976194593596,7,0,4,7,4,0.6650587368550677
2192,olympus,rf_clicks,3+6 clicks,1,16000,0.19890953185825813,7,1,8,6,9,0.4826375148397309
2192,olympus,dino_clicks,3+6 clicks,2,16000,0.3858167819080359,7,2,7,5,9,0.5592271712938333
2192,olympus,sam,3+6 clicks,2,12000,0.39842958889161145,7,3,2,4,5,0.5620558976788252
2192,olympus,rf_clicks,3+6 clicks,2,16000,0.4477088180927852,7,2,9,5,11,0.6026037608854999
2192,olympus,dino_clicks,10+20 clicks,0,16000,0.06504344028096862,7,0,2,7,2,0.8325830987895401
2192,olympus,sam,10+20 clicks,0,16000,0.09171170105075012,7,0,2,7,2,0.6005664866171855
2192,olympus,rf_clicks,10+20 clicks,0,16000,0.13973253660687046,7,0,4,7,4,0.6380526441851053
2192,olympus,dino_labels,5 labelled training images,0,16000,0.1638735734202245,7,1,2,6,3,0.8572155335967739
2192,olympus,dino_clicks,10+20 clicks,1,16000,0.3706340072266358,7,1,5,6,6,0.7897409786167431
2192,olympus,sam,10+20 clicks,1,16000,0.41068266765751005,7,3,5,4,8,0.7338538591993525
2192,olympus,rf_clicks,10+20 clicks,1,16000,0.14382832367069134,7,1,5,6,6,0.35133811044054547
2192,olympus,dino_clicks,10+20 clicks,2,16000,0.32758922021362874,7,3,3,4,6,0.6860882748695509
2192,olympus,sam,10+20 clicks,2,16000,0.07117467481803962,7,0,1,7,1,0.5043573086279372
2192,olympus,rf_clicks,10+20 clicks,2,16000,0.15432468000988764,7,0,5,7,5,0.4965013034828967
2200,olympus,dino_clicks,3+6 clicks,0,16000,0.1811415751131722,7,0,5,7,5,0.8758083223438567
2200,olympus,sam,3+6 clicks,0,12000,0.3789580262853202,7,3,2,4,5,0.6441178339717258
2200,olympus,rf_clicks,3+6 clicks,0,16000,0.4484489193074084,7,3,3,4,6,0.7198289888573448
2200,olympus,dino_clicks,3+6 clicks,1,16000,0.5697132837472768,7,4,1,3,5,0.9131136164548753
2200,olympus,sam,3+6 clicks,1,12000,0.034443187604290805,7,0,2,7,2,0.46286667667128645
2200,olympus,rf_clicks,3+6 clicks,1,16000,0.48984551853411545,7,4,1,3,5,0.8760177611591493
2200,olympus,dino_clicks,3+6 clicks,2,16000,0.6874835006811585,7,5,3,2,8,0.8073059263441604
2200,olympus,sam,3+6 clicks,2,12000,0.28246871393463463,7,2,1,5,3,0.4696994772918477
2200,olympus,rf_clicks,3+6 clicks,2,16000,0.3186856899993522,7,1,3,6,4,0.9044954746360567
2200,olympus,dino_clicks,10+20 clicks,0,16000,0.6106537101997337,7,4,2,3,6,0.9263430391056333
2200,olympus,sam,10+20 clicks,0,16000,0.5631898632445287,7,4,1,3,5,0.8257585132933193
2200,olympus,rf_clicks,10+20 clicks,0,16000,0.5067746517104129,7,4,1,3,5,0.9190862703726829
2200,olympus,dino_labels,5 labelled training images,0,16000,0.5792203479493434,7,4,1,3,5,0.9193115434110618
2200,olympus,dino_clicks,10+20 clicks,1,16000,0.662188484367061,7,6,2,1,8,0.787890268753332
2200,olympus,sam,10+20 clicks,1,16000,0.6248779492540939,7,4,1,3,5,0.807405721629473
2200,olympus,rf_clicks,10+20 clicks,1,16000,0.524252338198707,7,3,3,4,6,0.8184865576054253
2200,olympus,dino_clicks,10+20 clicks,2,16000,0.6772245770620604,7,6,2,1,8,0.7995593473838262
2200,olympus,sam,10+20 clicks,2,16000,0.7196470874204516,7,5,3,2,8,0.9374236213434264
2200,olympus,rf_clicks,10+20 clicks,2,16000,0.4784642138951517,7,4,1,3,5,0.8773166630658388
2216,olympus,dino_clicks,3+6 clicks,0,16000,0.508774804737388,5,1,4,4,5,0.926920665779149
2216,olympus,sam,3+6 clicks,0,12000,0.24317866839629126,5,1,1,4,2,0.5675047198788109
2216,olympus,rf_clicks,3+6 clicks,0,16000,0.5425497021005967,5,3,4,2,7,0.9362515017423942
2216,olympus,dino_clicks,3+6 clicks,1,16000,0.14217962562994962,5,1,0,4,1,0.26617023337699586
2216,olympus,sam,3+6 clicks,1,12000,0.10698915806262273,5,0,2,5,2,0.5002342583448215
2216,olympus,rf_clicks,3+6 clicks,1,16000,0.44647044709033035,5,2,3,3,5,0.7388054268599866
2216,olympus,dino_clicks,3+6 clicks,2,16000,0.4045604165249248,5,2,2,3,4,0.6188756714380151
2216,olympus,sam,3+6 clicks,2,12000,0.11251571653699506,5,0,1,5,1,0.5705591454996791
2216,olympus,rf_clicks,3+6 clicks,2,16000,0.603692329787741,5,3,6,2,9,0.8903541743872095
2216,olympus,dino_clicks,10+20 clicks,0,16000,0.8355382409034388,5,5,4,0,9,0.909934217747679
2216,olympus,sam,10+20 clicks,0,16000,0.5620721758755897,5,3,1,2,4,0.6962606935448726
2216,olympus,rf_clicks,10+20 clicks,0,16000,0.6050253671092233,5,3,6,2,9,0.8894150143040347
2216,olympus,dino_labels,5 labelled training images,0,16000,0.5056014247427878,5,2,4,3,6,0.9403790957401461
2216,olympus,dino_clicks,10+20 clicks,1,16000,0.8933936789731,5,5,5,0,10,0.9437065964684195
2216,olympus,sam,10+20 clicks,1,16000,0.43838597540747787,5,3,4,2,7,0.6341363061942221
2216,olympus,rf_clicks,10+20 clicks,1,16000,0.3370122523376591,5,1,4,4,5,0.9206607445852879
2216,olympus,dino_clicks,10+20 clicks,2,16000,0.8441705864378213,5,5,4,0,9,0.9162020077378886
2216,olympus,sam,10+20 clicks,2,16000,0.6111516500364834,5,3,3,2,6,0.790869915728545
2216,olympus,rf_clicks,10+20 clicks,2,16000,0.5802783195880156,5,4,4,1,8,0.8363597647592818
2221,olympus,dino_clicks,3+6 clicks,0,16000,0.12928358158277864,3,0,2,3,2,0.8889842257836208
2221,olympus,sam,3+6 clicks,0,12000,0.35065063642109356,3,1,1,2,2,0.4715572949849823
2221,olympus,rf_clicks,3+6 clicks,0,16000,0.33855501717724906,3,1,2,2,3,0.8839040418470736
2221,olympus,dino_clicks,3+6 clicks,1,16000,0.85175564257348,3,3,6,0,9,0.9197501148771362
2221,olympus,sam,3+6 clicks,1,12000,0.7063194289809891,3,3,0,0,3,0.8251329998538114
2221,olympus,rf_clicks,3+6 clicks,1,16000,0.30535409731375096,3,0,4,3,4,0.5289389195605586
2221,olympus,dino_clicks,3+6 clicks,2,16000,0.8791824600090364,3,3,6,0,9,0.9407164154495116
2221,olympus,sam,3+6 clicks,2,12000,0.7926314463206071,3,3,0,0,3,0.8907807558649881
2221,olympus,rf_clicks,3+6 clicks,2,16000,0.3840149076967541,3,0,7,3,7,0.7707791630003856
2221,olympus,dino_clicks,10+20 clicks,0,16000,0.13010787642326005,3,0,2,3,2,0.8962267370710041
2221,olympus,sam,10+20 clicks,0,16000,0.5673293849331634,3,2,1,1,3,0.7292758950584476
2221,olympus,rf_clicks,10+20 clicks,0,16000,0.3945644287303061,3,1,2,2,3,0.9201153914570105
2221,olympus,dino_labels,5 labelled training images,0,16000,0.13157686274672484,3,0,2,3,2,0.9036144883677902
2221,olympus,dino_clicks,10+20 clicks,1,16000,0.5789096722774965,3,2,4,1,6,0.7132336640248296
2221,olympus,sam,10+20 clicks,1,16000,0.3315706035116835,3,0,2,3,2,0.6401777104284336
2221,olympus,rf_clicks,10+20 clicks,1,16000,0.12246115161111966,3,0,2,3,2,0.9145964420872212
2221,olympus,dino_clicks,10+20 clicks,2,16000,0.6606769359841298,3,3,1,0,4,0.7967956878484268
2221,olympus,sam,10+20 clicks,2,16000,0.7010695898116515,3,2,1,1,3,0.8700098328416912
2221,olympus,rf_clicks,10+20 clicks,2,16000,0.35603182631465397,3,1,2,2,3,0.8988877490416284
2227,olympus,dino_clicks,3+6 clicks,0,16000,0.4456950371386579,4,2,3,2,5,0.9068635504144158
2227,olympus,sam,3+6 clicks,0,12000,0.5951174069173242,4,2,1,2,3,0.9147970777418376
2227,olympus,rf_clicks,3+6 clicks,0,16000,0.4646097013215084,4,1,6,3,7,0.8118367733085255
2227,olympus,dino_clicks,3+6 clicks,1,16000,0.5309291354684832,4,2,3,2,5,0.9132241132917541
2227,olympus,sam,3+6 clicks,1,12000,0.49028143473194213,4,2,1,2,3,0.8427672465857508
2227,olympus,rf_clicks,3+6 clicks,1,16000,0.25692492196197175,4,0,4,4,4,0.9181439537365323
2227,olympus,dino_clicks,3+6 clicks,2,16000,0.8392887387351603,4,4,3,0,7,0.9153391264529008
2227,olympus,sam,3+6 clicks,2,12000,0.6545362736520834,4,2,1,2,3,0.9286762009534286
2227,olympus,rf_clicks,3+6 clicks,2,16000,0.46500167440802387,4,1,6,3,7,0.8115579175278024
2227,olympus,dino_clicks,10+20 clicks,0,16000,0.5495331667476338,4,2,5,2,7,0.9212366314987821
2227,olympus,sam,10+20 clicks,0,16000,0.5594323626324508,4,3,0,1,3,0.7506415721624088
2227,olympus,rf_clicks,10+20 clicks,0,16000,0.4514058705080033,4,2,4,2,6,0.8927528910858936
2227,olympus,dino_labels,5 labelled training images,0,16000,0.3220938765910072,4,0,5,4,5,0.9045057654075547
2227,olympus,dino_clicks,10+20 clicks,1,16000,0.639025942630076,4,2,4,2,6,0.9240076798976014
2227,olympus,sam,10+20 clicks,1,16000,0.39188397702026445,4,3,0,1,3,0.5894273212854121
2227,olympus,rf_clicks,10+20 clicks,1,16000,0.26682355881331193,4,0,4,4,4,0.8901676257192894
2227,olympus,dino_clicks,10+20 clicks,2,16000,0.6473951763160066,4,2,3,2,5,0.9306991654452854
2227,olympus,sam,10+20 clicks,2,16000,0.39029339554972514,4,2,1,2,3,0.5881427426905665
2227,olympus,rf_clicks,10+20 clicks,2,16000,0.2529300361252968,4,0,5,4,5,0.730647067810648
2258,olympus,dino_clicks,3+6 clicks,0,16000,0.27308280662033146,10,3,5,7,8,0.8178222873251006
2258,olympus,sam,3+6 clicks,0,12000,0.13031386995442995,10,2,0,8,2,0.3579193527998989
2258,olympus,rf_clicks,3+6 clicks,0,16000,0.22477203922344233,10,1,7,9,8,0.7565056885384885
2258,olympus,dino_clicks,3+6 clicks,1,16000,0.4526205504342897,10,5,8,5,13,0.775915709203082
2258,olympus,sam,3+6 clicks,1,12000,0.11811200446457315,10,2,1,8,3,0.21484097429623178
2258,olympus,rf_clicks,3+6 clicks,1,16000,0.1362855468358524,10,1,6,9,7,0.8544953986326158
2258,olympus,dino_clicks,3+6 clicks,2,16000,0.11775627121781063,10,1,3,9,4,0.7021701563453299
2258,olympus,sam,3+6 clicks,2,12000,0.10671987356431205,10,0,4,10,4,0.302430891817346
2258,olympus,rf_clicks,3+6 clicks,2,16000,0.45386033682804267,10,4,8,6,12,0.6551560054502057
2258,olympus,dino_clicks,10+20 clicks,0,16000,0.46502440000111606,10,5,6,5,11,0.8574796068098266
2258,olympus,sam,10+20 clicks,0,16000,0.3611485004771224,10,2,9,8,11,0.5545720466157839
2258,olympus,rf_clicks,10+20 clicks,0,16000,0.23945250950011468,10,1,4,9,5,0.8828378643805387
2258,olympus,dino_labels,5 labelled training images,0,16000,0.26011086539291306,10,2,3,8,5,0.8922997249347999
2258,olympus,dino_clicks,10+20 clicks,1,16000,0.44766333398481395,10,5,8,5,13,0.8127552304008877
2258,olympus,sam,10+20 clicks,1,16000,0.24710211808876256,10,1,8,9,9,0.38235777763478684
2258,olympus,rf_clicks,10+20 clicks,1,16000,0.30493047517097327,10,2,6,8,8,0.7397978178579381
2258,olympus,dino_clicks,10+20 clicks,2,16000,0.36336128228684406,10,4,5,6,9,0.6846531915963202
2258,olympus,sam,10+20 clicks,2,16000,0.16525722979455595,10,1,8,9,9,0.4082549873882137
2258,olympus,rf_clicks,10+20 clicks,2,16000,0.37979614077449886,10,3,4,7,7,0.6910277014368991
2276,olympus,dino_clicks,3+6 clicks,0,16000,0.048208066106399036,8,0,1,8,1,0.3843333002964311
2276,olympus,sam,3+6 clicks,0,12000,0.09028993107904423,8,0,1,8,1,0.4815770967503146
2276,olympus,rf_clicks,3+6 clicks,0,16000,0.060094981111804904,8,0,4,8,4,0.13906760368207463
2276,olympus,dino_clicks,3+6 clicks,1,16000,0.38388756810276303,8,2,9,6,11,0.7824770100837088
2276,olympus,sam,3+6 clicks,1,12000,0.06866174183683652,8,0,2,8,2,0.3993632416787265
2276,olympus,rf_clicks,3+6 clicks,1,16000,0.027827761009209813,8,0,3,8,3,0.07031825334983423
2276,olympus,dino_clicks,3+6 clicks,2,16000,0.359547787591551,8,4,2,4,6,0.5299160885921167
2276,olympus,sam,3+6 clicks,2,12000,0.05296955458895594,8,0,2,8,2,0.5363701303570513
2276,olympus,rf_clicks,3+6 clicks,2,16000,0.0,8,0,1,8,1,0.0
2276,olympus,dino_clicks,10+20 clicks,0,16000,0.31475294122786057,8,3,2,5,5,0.549513236167281
2276,olympus,sam,10+20 clicks,0,16000,0.4935621331381457,8,4,6,4,10,0.8056449492230056
2276,olympus,rf_clicks,10+20 clicks,0,16000,0.2713233274702499,8,2,8,6,10,0.5189490341021316
2276,olympus,dino_labels,5 labelled training images,0,16000,0.18924186007703286,8,0,5,8,5,0.8229647285587671
2276,olympus,dino_clicks,10+20 clicks,1,16000,0.5946096887524746,8,4,10,4,14,0.8389674761021138
2276,olympus,sam,10+20 clicks,1,16000,0.10374480568614965,8,0,3,8,3,0.3298230547278792
2276,olympus,rf_clicks,10+20 clicks,1,16000,0.19337913913594051,8,0,7,8,7,0.783185525426262
2276,olympus,dino_clicks,10+20 clicks,2,16000,0.4943819968445783,8,4,4,4,8,0.7825973762445418
2276,olympus,sam,10+20 clicks,2,16000,0.03853605138521918,8,0,1,8,1,0.4999957195445595
2276,olympus,rf_clicks,10+20 clicks,2,16000,0.08910725408805276,8,0,5,8,5,0.7142242504432983
2295,olympus,dino_clicks,3+6 clicks,0,16000,0.032718397058483,12,0,1,12,1,0.8679815179549067
2295,olympus,sam,3+6 clicks,0,12000,0.03170923791505375,12,0,1,12,1,0.8708127001388108
2295,olympus,rf_clicks,3+6 clicks,0,16000,0.19836425141670364,12,0,5,12,5,0.49456793708477176
2295,olympus,dino_clicks,3+6 clicks,1,16000,0.277756097419304,12,3,6,9,9,0.8916375731293374
2295,olympus,sam,3+6 clicks,1,12000,0.09936975782443623,12,0,4,12,4,0.7163493874051415
2295,olympus,rf_clicks,3+6 clicks,1,16000,0.03405248057969184,12,0,2,12,2,0.8852472823307886
2295,olympus,dino_clicks,3+6 clicks,2,16000,0.04345105982481846,12,0,1,12,1,0.7261434378753531
2295,olympus,sam,3+6 clicks,2,12000,0.05889931773452928,12,0,1,12,1,0.5892419896787631
2295,olympus,rf_clicks,3+6 clicks,2,16000,0.04330708036002034,12,0,3,12,3,0.774670605191212
2295,olympus,dino_clicks,10+20 clicks,0,16000,0.048232194382479256,12,0,1,12,1,0.8203113624582841
2295,olympus,sam,10+20 clicks,0,16000,0.07923876512259653,12,0,2,12,2,0.83402956961858
2295,olympus,rf_clicks,10+20 clicks,0,16000,0.08429058416979128,12,0,3,12,3,0.241612964843318
2295,olympus,dino_labels,5 labelled training images,0,16000,0.3532909376084477,12,5,3,7,8,0.7818885095667516
2295,olympus,dino_clicks,10+20 clicks,1,16000,0.17913998516861018,12,1,5,11,6,0.9088797695257637
2295,olympus,sam,10+20 clicks,1,16000,0.32448021874046745,12,3,4,9,7,0.8093280895621134
2295,olympus,rf_clicks,10+20 clicks,1,16000,0.06509791918291512,12,0,2,12,2,0.21620617210583146
2295,olympus,dino_clicks,10+20 clicks,2,16000,0.04523809581615488,12,0,1,12,1,0.847328517044075
2295,olympus,sam,10+20 clicks,2,16000,0.04522921722928497,12,0,2,12,2,0.7921268385747404
2295,olympus,rf_clicks,10+20 clicks,2,16000,0.040459826877830174,12,0,2,12,2,0.8919162905211325
2299,olympus,dino_clicks,3+6 clicks,0,16000,0.8722025875537381,3,3,3,0,6,0.9372342676850266
2299,olympus,sam,3+6 clicks,0,12000,0.5558516226337445,3,2,0,1,2,0.7723673641127644
2299,olympus,rf_clicks,3+6 clicks,0,16000,0.35182018300387047,3,0,5,3,5,0.766414003849606
2299,olympus,dino_clicks,3+6 clicks,1,16000,0.5691353018039035,3,3,2,0,5,0.7415804911469372
2299,olympus,sam,3+6 clicks,1,12000,0.5076883271426013,3,1,3,2,4,0.768629357105553
2299,olympus,rf_clicks,3+6 clicks,1,16000,0.5985268629625555,3,2,5,1,7,0.8883929734376492
2299,olympus,dino_clicks,3+6 clicks,2,16000,0.7569105209735977,3,3,1,0,4,0.8618828743792835
2299,olympus,sam,3+6 clicks,2,12000,0.391372090508259,3,1,1,2,2,0.6030858509128042
2299,olympus,rf_clicks,3+6 clicks,2,16000,0.2573320211416043,3,0,7,3,7,0.8602777273252646
2299,olympus,dino_clicks,10+20 clicks,0,16000,0.8657375711114428,3,3,1,0,4,0.936710451281159
2299,olympus,sam,10+20 clicks,0,16000,0.49174325828710935,3,2,0,1,2,0.720782499442246
2299,olympus,rf_clicks,10+20 clicks,0,16000,0.5487939875874841,3,2,2,1,4,0.7911080457330822
2299,olympus,dino_labels,5 labelled training images,0,16000,0.8733983523569515,3,3,1,0,4,0.9411297001822098
2299,olympus,dino_clicks,10+20 clicks,1,16000,0.7801267674546929,3,3,2,0,5,0.8931850855071131
2299,olympus,sam,10+20 clicks,1,16000,0.29360704747958694,3,1,1,2,2,0.484678973211511
2299,olympus,rf_clicks,10+20 clicks,1,16000,0.6019641627578837,3,2,3,1,5,0.8326098223158375
2299,olympus,dino_clicks,10+20 clicks,2,16000,0.7825097398384209,3,3,2,0,5,0.8906541226590929
2299,olympus,sam,10+20 clicks,2,16000,0.3873231483201611,3,2,0,1,2,0.6673723745275346
2299,olympus,rf_clicks,10+20 clicks,2,16000,0.6726187337989512,3,2,5,1,7,0.8785998213382615
2301,olympus,dino_clicks,3+6 clicks,0,16000,0.2656341556955831,6,1,3,5,4,0.7976728410944282
2301,olympus,sam,3+6 clicks,0,12000,0.16916037328504077,6,1,1,5,2,0.28879565434449833
2301,olympus,rf_clicks,3+6 clicks,0,16000,0.22620705989876214,6,1,3,5,4,0.8042088433510041
2301,olympus,dino_clicks,3+6 clicks,1,16000,0.09369765399070022,6,0,2,6,2,0.2623995126279683
2301,olympus,sam,3+6 clicks,1,12000,0.3921228042747947,6,2,2,4,4,0.5557568376578161
2301,olympus,rf_clicks,3+6 clicks,1,16000,0.37335175099736423,6,0,7,6,7,0.685803999664805
2301,olympus,dino_clicks,3+6 clicks,2,16000,0.3406127946235533,6,2,2,4,4,0.8283606110877263
2301,olympus,sam,3+6 clicks,2,12000,0.3167868120602043,6,2,1,4,3,0.44789737842315563
2301,olympus,rf_clicks,3+6 clicks,2,16000,0.34321459536335674,6,1,4,5,5,0.7492651283829025
2301,olympus,dino_clicks,10+20 clicks,0,16000,0.45044307311254594,6,3,4,3,7,0.7577341412468716
2301,olympus,sam,10+20 clicks,0,16000,0.45691260834843206,6,3,2,3,5,0.6285846762671382
2301,olympus,rf_clicks,10+20 clicks,0,16000,0.28575143252899,6,0,5,6,5,0.8114752397591412
2301,olympus,dino_labels,5 labelled training images,0,16000,0.3668375547422071,6,1,3,5,4,0.8558913215340185
2301,olympus,dino_clicks,10+20 clicks,1,16000,0.25123166113824474,6,1,3,5,4,0.8779172350394401
2301,olympus,sam,10+20 clicks,1,16000,0.5424201045978185,6,2,8,4,10,0.8174154888407442
2301,olympus,rf_clicks,10+20 clicks,1,16000,0.144783168065899,6,0,4,6,4,0.8169291013636822
2301,olympus,dino_clicks,10+20 clicks,2,16000,0.29357473414518687,6,0,4,6,4,0.8233328433957859
2301,olympus,sam,10+20 clicks,2,16000,0.5078683567236918,6,4,0,2,4,0.6240175519213351
2301,olympus,rf_clicks,10+20 clicks,2,16000,0.15260086461179612,6,0,3,6,3,0.8369834102965535
2315,olympus,dino_clicks,3+6 clicks,0,16000,0.1752428474384704,7,0,3,7,3,0.701033434650456
2315,olympus,sam,3+6 clicks,0,12000,0.10321330467452085,7,0,2,7,2,0.25179474415070613
2315,olympus,rf_clicks,3+6 clicks,0,16000,0.2799779894451961,7,2,4,5,6,0.8593275859385942
2315,olympus,dino_clicks,3+6 clicks,1,16000,0.3968892880742438,7,3,4,4,7,0.8848594051365344
2315,olympus,sam,3+6 clicks,1,12000,0.09683724326027558,7,0,2,7,2,0.2578610871747206
2315,olympus,rf_clicks,3+6 clicks,1,16000,0.22213993012155786,7,1,3,6,4,0.8434993302340241
2315,olympus,dino_clicks,3+6 clicks,2,16000,0.1457587251046692,7,1,1,6,2,0.5684453792422944
2315,olympus,sam,3+6 clicks,2,12000,0.07876670655817142,7,0,2,7,2,0.2706993581940204
2315,olympus,rf_clicks,3+6 clicks,2,16000,0.33693433963129926,7,1,7,6,8,0.8053751554511538
2315,olympus,dino_clicks,10+20 clicks,0,16000,0.6661361411542216,7,5,3,2,8,0.9258473754817498
2315,olympus,sam,10+20 clicks,0,16000,0.05983394540907309,7,0,1,7,1,0.261230745752703
2315,olympus,rf_clicks,10+20 clicks,0,16000,0.41804767349323335,7,2,6,5,8,0.9049919423856961
2315,olympus,dino_labels,5 labelled training images,0,16000,0.6924394369972556,7,6,4,1,10,0.915683586115831
2315,olympus,dino_clicks,10+20 clicks,1,16000,0.828051597780404,7,7,2,0,9,0.9119311936124792
2315,olympus,sam,10+20 clicks,1,16000,0.5187896048162072,7,5,2,2,7,0.6817613267268721
2315,olympus,rf_clicks,10+20 clicks,1,16000,0.4182513779135918,7,2,5,5,7,0.8948799284288874
2315,olympus,dino_clicks,10+20 clicks,2,16000,0.5373369564534171,7,5,0,2,5,0.7268962883801429
2315,olympus,sam,10+20 clicks,2,16000,0.19349246613848958,7,1,2,6,3,0.6203827805251293
2315,olympus,rf_clicks,10+20 clicks,2,16000,0.49862479699297096,7,3,7,4,10,0.8090843667447759
2318,olympus,dino_clicks,3+6 clicks,0,16000,0.3174703421283257,8,1,7,7,8,0.6966952379744037
2318,olympus,sam,3+6 clicks,0,12000,0.06069099279594185,8,0,1,8,1,0.19245608205151313
2318,olympus,rf_clicks,3+6 clicks,0,16000,0.15963936589202501,8,1,4,7,5,0.8835247884813002
2318,olympus,dino_clicks,3+6 clicks,1,16000,0.13849144409784178,8,0,4,8,4,0.29088481195265703
2318,olympus,sam,3+6 clicks,1,12000,0.18667942068573287,8,1,3,7,4,0.2981173450286142
2318,olympus,rf_clicks,3+6 clicks,1,16000,0.18937111410349944,8,0,6,8,6,0.35516236641064186
2318,olympus,dino_clicks,3+6 clicks,2,16000,0.1512387963667331,8,0,5,8,5,0.3146804088909519
2318,olympus,sam,3+6 clicks,2,12000,0.15267815091469555,8,1,1,7,2,0.3456708970828761
2318,olympus,rf_clicks,3+6 clicks,2,16000,0.4242990945116139,8,3,8,5,11,0.7802184140208757
2318,olympus,dino_clicks,10+20 clicks,0,16000,0.051902951623402166,8,0,4,8,4,0.8545909253304752
2318,olympus,sam,10+20 clicks,0,16000,0.061215700597896855,8,0,4,8,4,0.6696028804123986
2318,olympus,rf_clicks,10+20 clicks,0,16000,0.20154495418426344,8,1,5,7,6,0.7936553286006707
2318,olympus,dino_labels,5 labelled training images,0,16000,0.29686855921286426,8,1,4,7,5,0.9198476478143212
2318,olympus,dino_clicks,10+20 clicks,1,16000,0.3782591623881334,8,3,6,5,9,0.602893768520227
2318,olympus,sam,10+20 clicks,1,16000,0.026972288440059736,8,0,4,8,4,0.40868919340775267
2318,olympus,rf_clicks,10+20 clicks,1,16000,0.44005560453089987,8,3,8,5,11,0.6289393568844399
2318,olympus,dino_clicks,10+20 clicks,2,16000,0.13724543272699766,8,0,5,8,5,0.30772308818225613
2318,olympus,sam,10+20 clicks,2,16000,0.11626107991824731,8,0,4,8,4,0.601478711651228
2318,olympus,rf_clicks,10+20 clicks,2,16000,0.3149776486324386,8,1,8,7,9,0.6111382593310304
2335,olympus,dino_clicks,3+6 clicks,0,16000,0.49229890145653327,6,4,3,2,7,0.6878700475152195
2335,olympus,sam,3+6 clicks,0,12000,0.5059793305084216,6,2,2,4,4,0.765036405980797
2335,olympus,rf_clicks,3+6 clicks,0,16000,0.19626967455392283,6,0,2,6,2,0.38337061611374407
2335,olympus,dino_clicks,3+6 clicks,1,16000,0.07704619333593231,6,0,4,6,4,0.9004165040256337
2335,olympus,sam,3+6 clicks,1,12000,0.09133768364204291,6,0,2,6,2,0.6240107703114025
2335,olympus,rf_clicks,3+6 clicks,1,16000,0.16961697907027753,6,1,5,5,6,0.9324110846350719
2335,olympus,dino_clicks,3+6 clicks,2,16000,0.49414593054176953,6,2,5,4,7,0.9098865348962032
2335,olympus,sam,3+6 clicks,2,12000,0.4602276589826497,6,3,1,3,4,0.64097965780354
2335,olympus,rf_clicks,3+6 clicks,2,16000,0.4484629692135276,6,3,5,3,8,0.7418464375374908
2335,olympus,dino_clicks,10+20 clicks,0,16000,0.5957924345835988,6,3,4,3,7,0.9389586247515277
2335,olympus,sam,10+20 clicks,0,16000,0.7171455875429672,6,5,0,1,5,0.842309096563941
2335,olympus,rf_clicks,10+20 clicks,0,16000,0.2760182378851906,6,1,8,5,9,0.6275368648607886
2335,olympus,dino_labels,5 labelled training images,0,16000,0.24313894400035707,6,0,3,6,3,0.9026681698609546
2335,olympus,dino_clicks,10+20 clicks,1,16000,0.8196324578975188,6,6,2,0,8,0.8988925009642404
2335,olympus,sam,10+20 clicks,1,16000,0.7140234295903346,6,5,1,1,6,0.8185509279299519
2335,olympus,rf_clicks,10+20 clicks,1,16000,0.2035177114701714,6,1,3,5,4,0.8918852894826339
2335,olympus,dino_clicks,10+20 clicks,2,16000,0.5359801521650139,6,3,3,3,6,0.8883761482960361
2335,olympus,sam,10+20 clicks,2,16000,0.7226275775277847,6,5,0,1,5,0.8697219226013523
2335,olympus,rf_clicks,10+20 clicks,2,16000,0.42146628622754007,6,2,6,4,8,0.7588930117326242
2339,olympus,dino_clicks,3+6 clicks,0,16000,0.5915489870583642,7,3,6,4,9,0.8219320309990048
2339,olympus,sam,3+6 clicks,0,12000,0.38134048609412724,7,3,1,4,4,0.5229290914429785
2339,olympus,rf_clicks,3+6 clicks,0,16000,0.4183453176403488,7,2,5,5,7,0.8207045068769135
2339,olympus,dino_clicks,3+6 clicks,1,16000,0.29066728712663265,7,0,6,7,6,0.48734561022509937
2339,olympus,sam,3+6 clicks,1,12000,0.5539477750926451,7,4,4,3,8,0.8730055223090853
2339,olympus,rf_clicks,3+6 clicks,1,16000,0.20042581277764684,7,0,4,7,4,0.4182608272137411
2339,olympus,dino_clicks,3+6 clicks,2,16000,0.13349832465127823,7,0,5,7,5,0.9164307360072499
2339,olympus,sam,3+6 clicks,2,12000,0.26549912192572356,7,1,3,6,4,0.7848664322407161
2339,olympus,rf_clicks,3+6 clicks,2,16000,0.11456144326147674,7,0,4,7,4,0.8954919333489181
2339,olympus,dino_clicks,10+20 clicks,0,16000,0.5071563361446855,7,3,8,4,11,0.8069370511878124
2339,olympus,sam,10+20 clicks,0,16000,0.5512031068363846,7,2,6,5,8,0.6836783561792372
2339,olympus,rf_clicks,10+20 clicks,0,16000,0.3187208913427985,7,1,5,6,6,0.3954613156578564
2339,olympus,dino_labels,5 labelled training images,0,16000,0.41466916876682774,7,1,5,6,6,0.9336573206183606
2339,olympus,dino_clicks,10+20 clicks,1,16000,0.44752288639867244,7,2,2,5,4,0.8662622097984625
2339,olympus,sam,10+20 clicks,1,16000,0.24958124330516457,7,1,6,6,7,0.5258181549851804
2339,olympus,rf_clicks,10+20 clicks,1,16000,0.23057213284056338,7,0,4,7,4,0.5477589021219998
2339,olympus,dino_clicks,10+20 clicks,2,16000,0.5370925947112304,7,4,3,3,7,0.7544774408315429
2339,olympus,sam,10+20 clicks,2,16000,0.22395282018616816,7,1,7,6,8,0.6088096786562412
2339,olympus,rf_clicks,10+20 clicks,2,16000,0.1414357322941918,7,0,4,7,4,0.9223993330388253
2351,olympus,dino_clicks,3+6 clicks,0,16000,0.07127455280692468,8,0,1,8,1,0.7693591487166094
2351,olympus,sam,3+6 clicks,0,12000,0.2007581073120931,8,2,1,6,3,0.3657667631862829
2351,olympus,rf_clicks,3+6 clicks,0,16000,0.030111512282246355,8,0,3,8,3,0.06357390695137113
2351,olympus,dino_clicks,3+6 clicks,1,16000,0.4491922868847126,8,4,4,4,8,0.8515698142274297
2351,olympus,sam,3+6 clicks,1,12000,0.5354232356600515,8,4,3,4,7,0.8379822527357198
2351,olympus,rf_clicks,3+6 clicks,1,16000,0.288876881281233,8,1,10,7,11,0.6318479195483944
2351,olympus,dino_clicks,3+6 clicks,2,16000,0.049467892321120185,8,0,1,8,1,0.8640131539067709
2351,olympus,sam,3+6 clicks,2,12000,0.32781800477216083,8,1,4,7,5,0.7740185671769625
2351,olympus,rf_clicks,3+6 clicks,2,16000,0.045937449256485595,8,0,1,8,1,0.7913446583707574
2351,olympus,dino_clicks,10+20 clicks,0,16000,0.5922772071140705,8,5,4,3,9,0.849858858158481
2351,olympus,sam,10+20 clicks,0,16000,0.793271164052788,8,8,1,0,9,0.9120522700096131
2351,olympus,rf_clicks,10+20 clicks,0,16000,0.26277055882162126,8,0,10,8,10,0.5774334006254206
2351,olympus,dino_labels,5 labelled training images,0,16000,0.13709571710115154,8,1,2,7,3,0.877898996243801
2351,olympus,dino_clicks,10+20 clicks,1,16000,0.48545520483906685,8,3,4,5,7,0.878566049197145
2351,olympus,sam,10+20 clicks,1,16000,0.13283620614409375,8,0,4,8,4,0.5587786087667881
2351,olympus,rf_clicks,10+20 clicks,1,16000,0.0,8,0,0,8,0,0.0
2351,olympus,dino_clicks,10+20 clicks,2,16000,0.5750817877433015,8,6,3,2,9,0.8074187385651086
2351,olympus,sam,10+20 clicks,2,16000,0.3530189517746154,8,2,6,6,8,0.6245865303926033
2351,olympus,rf_clicks,10+20 clicks,2,16000,0.0508722832258715,8,0,2,8,2,0.5189567067779592
2355,olympus,dino_clicks,3+6 clicks,0,16000,0.04286065029538684,7,0,1,7,1,0.8388938832751986
2355,olympus,sam,3+6 clicks,0,12000,0.14498785784221496,7,0,3,7,3,0.7368049273617784
2355,olympus,rf_clicks,3+6 clicks,0,16000,0.4817020961924029,7,3,8,4,11,0.8328060555980763
2355,olympus,dino_clicks,3+6 clicks,1,16000,0.5288759497410632,7,4,6,3,10,0.716224281896114
2355,olympus,sam,3+6 clicks,1,12000,0.28007397557862684,7,3,1,4,4,0.5917525678817951
2355,olympus,rf_clicks,3+6 clicks,1,16000,0.3613941228685153,7,1,6,6,7,0.6708694577840806
2355,olympus,dino_clicks,3+6 clicks,2,16000,0.40622980919111334,7,3,6,4,9,0.5782662501667687
2355,olympus,sam,3+6 clicks,2,12000,0.26511258211339667,7,0,4,7,4,0.545523437621891
2355,olympus,rf_clicks,3+6 clicks,2,16000,0.2209337537018719,7,1,8,6,9,0.7943902485339484
2355,olympus,dino_clicks,10+20 clicks,0,16000,0.2155925719761095,7,1,3,6,4,0.8414469980664268
2355,olympus,sam,10+20 clicks,0,16000,0.3213088705422846,7,2,2,5,4,0.6194438411698701
2355,olympus,rf_clicks,10+20 clicks,0,16000,0.2265467739893883,7,0,6,7,6,0.5004494538237134
2355,olympus,dino_labels,5 labelled training images,0,16000,0.2842315138589136,7,2,2,5,4,0.9075220377998147
2355,olympus,dino_clicks,10+20 clicks,1,16000,0.633093717925589,7,6,3,1,9,0.8232167278146133
2355,olympus,sam,10+20 clicks,1,16000,0.42052913981186885,7,3,2,4,5,0.6684834268058533
2355,olympus,rf_clicks,10+20 clicks,1,16000,0.24674486571963833,7,1,4,6,5,0.6833818310552356
2355,olympus,dino_clicks,10+20 clicks,2,16000,0.20169512918871937,7,1,5,6,6,0.8869876678389489
2355,olympus,sam,10+20 clicks,2,16000,0.3793822642138246,7,3,1,4,4,0.6111442521762425
2355,olympus,rf_clicks,10+20 clicks,2,16000,0.5200534603239995,7,4,6,3,10,0.7510115241852421
2359,olympus,dino_clicks,3+6 clicks,0,16000,0.05811890972191654,8,0,4,8,4,0.15225561578248845
2359,olympus,sam,3+6 clicks,0,12000,0.12958559339032752,8,1,2,7,3,0.5838707358797062
2359,olympus,rf_clicks,3+6 clicks,0,16000,0.3487112566200838,8,0,9,8,9,0.56273311986981
2359,olympus,dino_clicks,3+6 clicks,1,16000,0.17068304023679282,8,0,3,8,3,0.6644938013434734
2359,olympus,sam,3+6 clicks,1,12000,0.084088354510697,8,0,2,8,2,0.6105485141884142
2359,olympus,rf_clicks,3+6 clicks,1,16000,0.2868053462713552,8,1,5,7,6,0.6993161822152163
2359,olympus,dino_clicks,3+6 clicks,2,16000,0.18815028549255897,8,1,6,7,7,0.41367517144258836
2359,olympus,sam,3+6 clicks,2,12000,0.09191461131534907,8,0,2,8,2,0.428624426504023
2359,olympus,rf_clicks,3+6 clicks,2,16000,0.31058273320333496,8,0,8,8,8,0.5997767591120361
2359,olympus,dino_clicks,10+20 clicks,0,16000,0.56643461425574,8,5,6,3,11,0.843918346976421
2359,olympus,sam,10+20 clicks,0,16000,0.3126441257462875,8,3,3,5,6,0.58953544874734
2359,olympus,rf_clicks,10+20 clicks,0,16000,0.46343853893728465,8,3,4,5,7,0.8031141583716389
2359,olympus,dino_labels,5 labelled training images,0,16000,0.3328495237980641,8,2,3,6,5,0.8637647993428031
2359,olympus,dino_clicks,10+20 clicks,1,16000,0.3696811448397045,8,3,6,5,9,0.6728447871575435
2359,olympus,sam,10+20 clicks,1,16000,0.25702381991265355,8,1,3,7,4,0.591989651469296
2359,olympus,rf_clicks,10+20 clicks,1,16000,0.3085528143612145,8,3,2,5,5,0.8031762298914202
2359,olympus,dino_clicks,10+20 clicks,2,16000,0.5373608958136373,8,5,3,3,8,0.8124975157995151
2359,olympus,sam,10+20 clicks,2,16000,0.09378556551380814,8,0,2,8,2,0.594948521425184
2359,olympus,rf_clicks,10+20 clicks,2,16000,0.2943330424486328,8,2,3,6,5,0.6019225095026237
2378,olympus,dino_clicks,3+6 clicks,0,16000,0.14937984190252493,7,1,4,6,5,0.7681112910852058
2378,olympus,sam,3+6 clicks,0,12000,0.1287576781781957,7,1,0,6,1,0.3796650178119564
2378,olympus,rf_clicks,3+6 clicks,0,16000,0.09461327332330668,7,0,6,7,6,0.21376812801300651
2378,olympus,dino_clicks,3+6 clicks,1,16000,0.37964525891266143,7,2,4,5,6,0.6137798958746349
2378,olympus,sam,3+6 clicks,1,12000,0.3347088262506466,7,2,2,5,4,0.5651169568549562
2378,olympus,rf_clicks,3+6 clicks,1,16000,0.012977399732072273,7,0,3,7,3,0.05936785023781935
2378,olympus,dino_clicks,3+6 clicks,2,16000,0.28361042438785955,7,2,3,5,5,0.47069245361641865
2378,olympus,sam,3+6 clicks,2,12000,0.23227652269051244,7,0,5,7,5,0.3529886634186336
2378,olympus,rf_clicks,3+6 clicks,2,16000,0.10652554264554867,7,0,3,7,3,0.22443036612595163
2378,olympus,dino_clicks,10+20 clicks,0,16000,0.5871642257553352,7,5,1,2,6,0.7668161747780049
2378,olympus,sam,10+20 clicks,0,16000,0.4424692594894066,7,4,0,3,4,0.6567692071454164
2378,olympus,rf_clicks,10+20 clicks,0,16000,0.3264778632357448,7,2,5,5,7,0.7997442057882447
2378,olympus,dino_labels,5 labelled training images,0,16000,0.2717798624420438,7,2,1,5,3,0.8233839401234871
2378,olympus,dino_clicks,10+20 clicks,1,16000,0.1892453135072326,7,2,1,5,3,0.3241350562734473
2378,olympus,sam,10+20 clicks,1,16000,0.2351249931756452,7,1,4,6,5,0.4757642839129095
2378,olympus,rf_clicks,10+20 clicks,1,16000,0.16492811150627124,7,0,7,7,7,0.7000608100228246
2378,olympus,dino_clicks,10+20 clicks,2,16000,0.37443629734313727,7,2,3,5,5,0.8668397396156231
2378,olympus,sam,10+20 clicks,2,16000,0.23191496435687586,7,1,2,6,3,0.4738364449119116
2378,olympus,rf_clicks,10+20 clicks,2,16000,0.2442321143039003,7,1,3,6,4,0.5406732697835033
2380,olympus,dino_clicks,3+6 clicks,0,16000,0.08339128341364346,4,0,2,4,2,0.8429421236841755
2380,olympus,sam,3+6 clicks,0,12000,0.6935549400285874,4,3,2,1,5,0.8609469283522458
2380,olympus,rf_clicks,3+6 clicks,0,16000,0.06873758660817056,4,0,1,4,1,0.8619286779542065
2380,olympus,dino_clicks,3+6 clicks,1,16000,0.4473255536727474,4,1,6,3,7,0.8928724424841767
2380,olympus,sam,3+6 clicks,1,12000,0.3351290573222472,4,1,2,3,3,0.7911659979130584
2380,olympus,rf_clicks,3+6 clicks,1,16000,0.4528283308207182,4,2,4,2,6,0.7323906818904875
2380,olympus,dino_clicks,3+6 clicks,2,16000,0.10938287233848687,4,0,3,4,3,0.885458427502243
2380,olympus,sam,3+6 clicks,2,12000,0.7457758633791238,4,4,2,0,6,0.8728459671624388
2380,olympus,rf_clicks,3+6 clicks,2,16000,0.15026749416133617,4,0,3,4,3,0.7643645588751248
2380,olympus,dino_clicks,10+20 clicks,0,16000,0.7512385351714559,4,4,4,0,8,0.8687431810750349
2380,olympus,sam,10+20 clicks,0,16000,0.8945592598650145,4,4,2,0,6,0.9341518667978785
2380,olympus,rf_clicks,10+20 clicks,0,16000,0.20125946311968657,4,0,3,4,3,0.7846570269971122
2380,olympus,dino_labels,5 labelled training images,0,16000,0.11853822814048394,4,0,1,4,1,0.8825728229459433
2380,olympus,dino_clicks,10+20 clicks,1,16000,0.8123439926280592,4,4,2,0,6,0.8794136345441641
2380,olympus,sam,10+20 clicks,1,16000,0.7457260794915623,4,4,1,0,5,0.8740770638626574
2380,olympus,rf_clicks,10+20 clicks,1,16000,0.08589483731830791,4,0,1,4,1,0.831081285696116
2380,olympus,dino_clicks,10+20 clicks,2,16000,0.7305380342629659,4,3,1,1,4,0.901810338386775
2380,olympus,sam,10+20 clicks,2,16000,0.382852102728914,4,1,3,3,4,0.6469505925645327
2380,olympus,rf_clicks,10+20 clicks,2,16000,0.17875873692401612,4,0,2,4,2,0.8914540503301233
2384,olympus,dino_clicks,3+6 clicks,0,16000,0.5053215442987211,4,2,4,2,6,0.8992814050882793
2384,olympus,sam,3+6 clicks,0,12000,0.49248446227811415,4,1,3,3,4,0.8768713134298366
2384,olympus,rf_clicks,3+6 clicks,0,16000,0.11130519258733512,4,0,2,4,2,0.8342121547330923
2384,olympus,dino_clicks,3+6 clicks,1,16000,0.48475507477402846,4,2,9,2,11,0.8103873756446386
2384,olympus,sam,3+6 clicks,1,12000,0.16799947836752693,4,0,1,4,1,0.8102896973590225
2384,olympus,rf_clicks,3+6 clicks,1,16000,0.19431427778749566,4,0,6,4,6,0.5127065351418002
2384,olympus,dino_clicks,3+6 clicks,2,16000,0.1370650861044609,4,0,1,4,1,0.8151704432980593
2384,olympus,sam,3+6 clicks,2,12000,0.5861978404140897,4,3,1,1,4,0.8026624717642409
2384,olympus,rf_clicks,3+6 clicks,2,16000,0.10141419149586646,4,0,2,4,2,0.8834729987389225
2384,olympus,dino_clicks,10+20 clicks,0,16000,0.669480863866789,4,3,5,1,8,0.831852207220585
2384,olympus,sam,10+20 clicks,0,16000,0.4264752472375952,4,1,3,3,4,0.7729463884430177
2384,olympus,rf_clicks,10+20 clicks,0,16000,0.37037426283839014,4,0,13,4,13,0.7872491485199639
2384,olympus,dino_labels,5 labelled training images,0,16000,0.12751672133890896,4,0,3,4,3,0.8939015031637387
2384,olympus,dino_clicks,10+20 clicks,1,16000,0.484455455224826,4,1,5,3,6,0.7409062482233214
2384,olympus,sam,10+20 clicks,1,16000,0.2783532870000489,4,0,3,4,3,0.7529139486431312
2384,olympus,rf_clicks,10+20 clicks,1,16000,0.10487072684852997,4,0,2,4,2,0.8698411983838474
2384,olympus,dino_clicks,10+20 clicks,2,16000,0.4750531049009211,4,1,8,3,9,0.7293227877676053
2384,olympus,sam,10+20 clicks,2,16000,0.5027205342572281,4,3,1,1,4,0.6837959244384947
2384,olympus,rf_clicks,10+20 clicks,2,16000,0.3712540967347957,4,1,6,3,7,0.5788597784223289
2386,olympus,dino_clicks,3+6 clicks,0,16000,0.4895308800717467,8,3,6,5,9,0.798625468270287
2386,olympus,sam,3+6 clicks,0,12000,0.4046019667348783,8,3,4,5,7,0.6117554354963612
2386,olympus,rf_clicks,3+6 clicks,0,16000,0.4138013700803505,8,2,7,6,9,0.5784196021719555
2386,olympus,dino_clicks,3+6 clicks,1,16000,0.42080278611641275,8,2,4,6,6,0.8955711170647829
2386,olympus,sam,3+6 clicks,1,12000,0.23609831528911918,8,2,1,6,3,0.4110680227695228
2386,olympus,rf_clicks,3+6 clicks,1,16000,0.30624184629255635,8,1,5,7,6,0.907432526317879
2386,olympus,dino_clicks,3+6 clicks,2,16000,0.1787981994930275,8,1,2,7,3,0.5001863676339107
2386,olympus,sam,3+6 clicks,2,12000,0.18476605534156443,8,0,4,8,4,0.3919597729988671
2386,olympus,rf_clicks,3+6 clicks,2,16000,0.2980669296043327,8,1,5,7,6,0.8450191993031685
2386,olympus,dino_clicks,10+20 clicks,0,16000,0.5446392272609691,8,4,6,4,10,0.7370835727191734
2386,olympus,sam,10+20 clicks,0,16000,0.4201444383332301,8,4,3,4,7,0.6347123547898754
2386,olympus,rf_clicks,10+20 clicks,0,16000,0.5140119509479604,8,2,6,6,8,0.9104595839234677
2386,olympus,dino_labels,5 labelled training images,0,16000,0.32470646894041716,8,1,3,7,4,0.9180505298277694
2386,olympus,dino_clicks,10+20 clicks,1,16000,0.6766883763969419,8,6,4,2,10,0.8389052388173996
2386,olympus,sam,10+20 clicks,1,16000,0.5761144198300852,8,5,4,3,9,0.7486900650748505
2386,olympus,rf_clicks,10+20 clicks,1,16000,0.345383385315012,8,2,3,6,5,0.7697330988721678
2386,olympus,dino_clicks,10+20 clicks,2,16000,0.8297202442647065,8,7,4,1,11,0.8944541892469741
2386,olympus,sam,10+20 clicks,2,16000,0.03690644442983192,8,0,4,8,4,0.581766238658839
2386,olympus,rf_clicks,10+20 clicks,2,16000,0.33178939547919784,8,3,3,5,6,0.8762425916237102
2392,olympus,dino_clicks,3+6 clicks,0,16000,0.60538048439016,5,3,3,2,6,0.7302238305091523
2392,olympus,sam,3+6 clicks,0,12000,0.3568649283275388,5,2,2,3,4,0.46845043497534217
2392,olympus,rf_clicks,3+6 clicks,0,16000,0.4352437472434727,5,2,3,3,5,0.773603801903666
2392,olympus,dino_clicks,3+6 clicks,1,16000,0.6068238462879132,5,4,1,1,5,0.7730626326963906
2392,olympus,sam,3+6 clicks,1,12000,0.32649157413478536,5,3,0,2,3,0.5115103100235686
2392,olympus,rf_clicks,3+6 clicks,1,16000,0.3102501803367618,5,1,4,4,5,0.6173750583839327
2392,olympus,dino_clicks,3+6 clicks,2,16000,0.11844999710358017,5,0,1,5,1,0.5640329103332868
2392,olympus,sam,3+6 clicks,2,12000,0.19445505783312303,5,0,3,5,3,0.3764694694182108
2392,olympus,rf_clicks,3+6 clicks,2,16000,0.16969065828626811,5,0,4,5,4,0.7193449072848851
2392,olympus,dino_clicks,10+20 clicks,0,16000,0.8331349525617837,5,5,0,0,5,0.9125569145395085
2392,olympus,sam,10+20 clicks,0,16000,0.4684218108422854,5,4,1,1,5,0.6145873993047765
2392,olympus,rf_clicks,10+20 clicks,0,16000,0.29471477623876124,5,1,6,4,7,0.6085337783931994
2392,olympus,dino_labels,5 labelled training images,0,16000,0.597137785296197,5,2,2,3,4,0.9242688237555559
2392,olympus,dino_clicks,10+20 clicks,1,16000,0.8260130437104447,5,5,0,0,5,0.9258198101058708
2392,olympus,sam,10+20 clicks,1,16000,0.26070467172420464,5,1,2,4,3,0.5805453581274885
2392,olympus,rf_clicks,10+20 clicks,1,16000,0.2832162300872246,5,1,5,4,6,0.6768404325145957
2392,olympus,dino_clicks,10+20 clicks,2,16000,0.08544880874891443,5,0,4,5,4,0.8755254943614913
2392,olympus,sam,10+20 clicks,2,16000,0.33048980499661385,5,2,2,3,4,0.5161628050427285
2392,olympus,rf_clicks,10+20 clicks,2,16000,0.32328449987476626,5,2,2,3,4,0.8920312231383737
2394,olympus,dino_clicks,3+6 clicks,0,16000,0.37821790108552694,14,7,0,7,7,0.6345200800572146
2394,olympus,sam,3+6 clicks,0,12000,0.12228896095264594,14,1,4,13,5,0.40412461694372975
2394,olympus,rf_clicks,3+6 clicks,0,16000,0.2562578813438138,14,3,4,11,7,0.9034653152047065
2394,olympus,dino_clicks,3+6 clicks,1,16000,0.26710332098698253,14,5,4,9,9,0.4543687909772797
2394,olympus,sam,3+6 clicks,1,12000,0.16130735269895174,14,2,3,12,5,0.32153800073217
2394,olympus,rf_clicks,3+6 clicks,1,16000,0.2247530903449153,14,2,5,12,7,0.6017815830221331
2394,olympus,dino_clicks,3+6 clicks,2,16000,0.20535005864993194,14,2,4,12,6,0.7073106436876943
2394,olympus,sam,3+6 clicks,2,12000,0.13160983469601267,14,2,0,12,2,0.3721181438992172
2394,olympus,rf_clicks,3+6 clicks,2,16000,0.2636938529899705,14,2,8,12,10,0.8728495680828847
2394,olympus,dino_clicks,10+20 clicks,0,16000,0.40367779255387376,14,7,1,7,8,0.626624390739974
2394,olympus,sam,10+20 clicks,0,16000,0.5085423883165184,14,9,1,5,10,0.7202589686079763
2394,olympus,rf_clicks,10+20 clicks,0,16000,0.3080974651184621,14,3,5,11,8,0.9127214949777062
2394,olympus,dino_labels,5 labelled training images,0,16000,0.34734675901872664,14,4,4,10,8,0.8608111408019312
2394,olympus,dino_clicks,10+20 clicks,1,16000,0.41908530347207945,14,8,1,6,9,0.6388221002202524
2394,olympus,sam,10+20 clicks,1,16000,0.2337978157451892,14,4,2,10,6,0.42933832813506034
2394,olympus,rf_clicks,10+20 clicks,1,16000,0.32658244692235333,14,3,6,11,9,0.8859022026928061
2394,olympus,dino_clicks,10+20 clicks,2,16000,0.08358581711338095,14,1,1,13,2,0.180135201882754
2394,olympus,sam,10+20 clicks,2,16000,0.17166940112703238,14,1,4,13,5,0.3368375819816222
2394,olympus,rf_clicks,10+20 clicks,2,16000,0.08375726134522997,14,0,3,14,3,0.2128174407404797
2404,olympus,dino_clicks,3+6 clicks,0,16000,0.0969151346898584,3,0,3,3,3,0.7669083783318098
2404,olympus,sam,3+6 clicks,0,12000,0.287773354631693,3,0,2,3,2,0.7635745501201634
2404,olympus,rf_clicks,3+6 clicks,0,16000,0.22419085539695974,3,0,5,3,5,0.5634501266835578
2404,olympus,dino_clicks,3+6 clicks,1,16000,0.11914428695556846,3,0,1,3,1,0.8022224112027667
2404,olympus,sam,3+6 clicks,1,12000,0.16642664326641718,3,0,1,3,1,0.6151048320432855
2404,olympus,rf_clicks,3+6 clicks,1,16000,0.11377811545597621,3,0,4,3,4,0.8332740442246928
2404,olympus,dino_clicks,3+6 clicks,2,16000,0.1698858717292251,3,0,4,3,4,0.9219624942077613
2404,olympus,sam,3+6 clicks,2,12000,0.16406603204470036,3,0,1,3,1,0.9176759920706036
2404,olympus,rf_clicks,3+6 clicks,2,16000,0.4338010957243783,3,1,7,2,8,0.8540258936400681
2404,olympus,dino_clicks,10+20 clicks,0,16000,0.6219760251928973,3,2,1,1,3,0.6895662941498426
2404,olympus,sam,10+20 clicks,0,16000,0.45189120757305784,3,2,0,1,2,0.6743685643641827
2404,olympus,rf_clicks,10+20 clicks,0,16000,0.28560437291803037,3,1,6,2,7,0.6971753219554174
2404,olympus,dino_labels,5 labelled training images,0,16000,0.1732660873246823,3,0,5,3,5,0.8388542126122924
2404,olympus,dino_clicks,10+20 clicks,1,16000,0.1989809563411574,3,0,1,3,1,0.9122774122746549
2404,olympus,sam,10+20 clicks,1,16000,0.3026033575421972,3,1,3,2,4,0.595260554026219
2404,olympus,rf_clicks,10+20 clicks,1,16000,0.11835101929118623,3,0,3,3,3,0.8478716238300823
2404,olympus,dino_clicks,10+20 clicks,2,16000,0.4914977466780604,3,1,1,2,2,0.871163528739412
2404,olympus,sam,10+20 clicks,2,16000,0.7242396108789024,3,3,0,0,3,0.885835662527574
2404,olympus,rf_clicks,10+20 clicks,2,16000,0.38218094855987966,3,1,5,2,6,0.7573985232740283
2423,olympus,dino_clicks,3+6 clicks,0,16000,0.542238920112474,11,5,8,6,13,0.6698463357355825
2423,olympus,sam,3+6 clicks,0,12000,0.3457850419162862,11,4,1,7,5,0.44674240014021427
2423,olympus,rf_clicks,3+6 clicks,0,16000,0.09240535519529605,11,0,5,11,5,0.8875620776341353
2423,olympus,dino_clicks,3+6 clicks,1,16000,0.032863666523554894,11,0,1,11,1,0.08746420384391106
2423,olympus,sam,3+6 clicks,1,12000,0.1127982459936467,11,0,3,11,3,0.3248416228602237
2423,olympus,rf_clicks,3+6 clicks,1,16000,0.08096573726636987,11,0,3,11,3,0.12295159785208666
2423,olympus,dino_clicks,3+6 clicks,2,16000,0.06051555886213458,11,0,2,11,2,0.16674994291243786
2423,olympus,sam,3+6 clicks,2,12000,0.07387377181340433,11,0,3,11,3,0.24923581998675284
2423,olympus,rf_clicks,3+6 clicks,2,16000,0.0,11,0,0,11,0,0.0
2423,olympus,dino_clicks,10+20 clicks,0,16000,0.40887021507337273,11,3,7,8,10,0.788827151991571
2423,olympus,sam,10+20 clicks,0,16000,0.2080697642376041,11,2,2,9,4,0.5038606527707886
2423,olympus,rf_clicks,10+20 clicks,0,16000,0.15067907424670926,11,0,4,11,4,0.6058979942583056
2423,olympus,dino_labels,5 labelled training images,0,16000,0.2832871600567068,11,1,6,10,7,0.8465390333318631
2423,olympus,dino_clicks,10+20 clicks,1,16000,0.4205140770491322,11,4,6,7,10,0.560616474383701
2423,olympus,sam,10+20 clicks,1,16000,0.23289923808111587,11,1,6,10,7,0.3433497215631599
2423,olympus,rf_clicks,10+20 clicks,1,16000,0.20923961245299927,11,0,12,11,12,0.5515807532908675
2423,olympus,dino_clicks,10+20 clicks,2,16000,0.04868817157403726,11,0,4,11,4,0.8660388478855
2423,olympus,sam,10+20 clicks,2,16000,0.36236147430212634,11,3,9,8,12,0.6438722736637309
2423,olympus,rf_clicks,10+20 clicks,2,16000,0.4614415467838075,11,3,11,8,14,0.7716432434157002
2424,olympus,dino_clicks,3+6 clicks,0,16000,0.3150958657005957,6,2,6,4,8,0.4643359042535644
2424,olympus,sam,3+6 clicks,0,12000,0.09591793097423408,6,0,2,6,2,0.6401286706062862
2424,olympus,rf_clicks,3+6 clicks,0,16000,0.1466194591612542,6,0,5,6,5,0.33168286013915693
2424,olympus,dino_clicks,3+6 clicks,1,16000,0.0,6,0,0,6,0,0.0
2424,olympus,sam,3+6 clicks,1,12000,0.062327416173570016,6,0,1,6,1,0.11273387889066351
2424,olympus,rf_clicks,3+6 clicks,1,16000,0.0,6,0,0,6,0,0.0
2424,olympus,dino_clicks,3+6 clicks,2,16000,0.2712537849809253,6,1,2,5,3,0.6421129049245445
2424,olympus,sam,3+6 clicks,2,12000,0.15595811092126155,6,0,2,6,2,0.42313321970782636
2424,olympus,rf_clicks,3+6 clicks,2,16000,0.007449211447519894,6,0,1,6,1,0.025382539283181994
2424,olympus,dino_clicks,10+20 clicks,0,16000,0.21155133319926414,6,0,4,6,4,0.9066454355582513
2424,olympus,sam,10+20 clicks,0,16000,0.2120938652211918,6,0,6,6,6,0.6427187021014037
2424,olympus,rf_clicks,10+20 clicks,0,16000,0.1320341796326948,6,0,3,6,3,0.7915932915388605
2424,olympus,dino_labels,5 labelled training images,0,16000,0.5995819159442771,6,5,1,1,6,0.8994357043137531
2424,olympus,dino_clicks,10+20 clicks,1,16000,0.5345257563896091,6,4,6,2,10,0.9170180612409584
2424,olympus,sam,10+20 clicks,1,16000,0.33994883164283474,6,2,2,4,4,0.6639481049804301
2424,olympus,rf_clicks,10+20 clicks,1,16000,0.27667487839957244,6,1,5,5,6,0.5200593981763425
2424,olympus,dino_clicks,10+20 clicks,2,16000,0.410148714017265,6,3,6,3,9,0.9228007787443311
2424,olympus,sam,10+20 clicks,2,16000,0.4346678342666861,6,2,5,4,7,0.6843428944173657
2424,olympus,rf_clicks,10+20 clicks,2,16000,0.35134592495450995,6,1,6,5,7,0.5747180498762319
2435,olympus,dino_clicks,3+6 clicks,0,16000,0.2240216966829417,8,1,5,7,6,0.8353630931186874
2435,olympus,sam,3+6 clicks,0,12000,0.20429177927059397,8,1,1,7,2,0.5377827432257276
2435,olympus,rf_clicks,3+6 clicks,0,16000,0.0548903954234516,8,0,3,8,3,0.9043497048194123
2435,olympus,dino_clicks,3+6 clicks,1,16000,0.4216892272723238,8,3,5,5,8,0.738637975401698
2435,olympus,sam,3+6 clicks,1,12000,0.3183652556257439,8,3,0,5,3,0.6951575477968184
2435,olympus,rf_clicks,3+6 clicks,1,16000,0.4921959441507122,8,2,9,6,11,0.8426782870141954
2435,olympus,dino_clicks,3+6 clicks,2,16000,0.44081325683672323,8,4,6,4,10,0.8094871694256823
2435,olympus,sam,3+6 clicks,2,12000,0.25360456789288255,8,2,1,6,3,0.573922880713775
2435,olympus,rf_clicks,3+6 clicks,2,16000,0.54347268775101,8,6,7,2,13,0.8090330773479617
2435,olympus,dino_clicks,10+20 clicks,0,16000,0.34083557449332186,8,2,6,6,8,0.9138800063369894
2435,olympus,sam,10+20 clicks,0,16000,0.19132626873042113,8,0,4,8,4,0.43770227094717357
2435,olympus,rf_clicks,10+20 clicks,0,16000,0.3840788099043647,8,2,9,6,11,0.8423314238873929
2435,olympus,dino_labels,5 labelled training images,0,16000,0.19812501802562965,8,0,6,8,6,0.9046551931121735
2435,olympus,dino_clicks,10+20 clicks,1,16000,0.5522482106153455,8,5,4,3,9,0.7511768773337021
2435,olympus,sam,10+20 clicks,1,16000,0.27288701864308906,8,0,6,8,6,0.4246308190179916
2435,olympus,rf_clicks,10+20 clicks,1,16000,0.2977223542891021,8,2,3,6,5,0.5543760037566497
2435,olympus,dino_clicks,10+20 clicks,2,16000,0.3140168654749937,8,1,6,7,7,0.9099251358897961
2435,olympus,sam,10+20 clicks,2,16000,0.6760116558764107,8,6,3,2,9,0.940298950532702
2435,olympus,rf_clicks,10+20 clicks,2,16000,0.13512963544197448,8,0,6,8,6,0.8835567733907105
2439,olympus,dino_clicks,3+6 clicks,0,16000,0.3421431233689899,10,1,5,9,6,0.7637909720692272
2439,olympus,sam,3+6 clicks,0,12000,0.28367428890069807,10,4,0,6,4,0.49230425698199276
2439,olympus,rf_clicks,3+6 clicks,0,16000,0.396478336495599,10,3,7,7,10,0.652043693051215
2439,olympus,dino_clicks,3+6 clicks,1,16000,0.3825359783112604,10,3,5,7,8,0.9214947358908319
2439,olympus,sam,3+6 clicks,1,12000,0.12678321381399119,10,2,1,8,3,0.2520013164420835
2439,olympus,rf_clicks,3+6 clicks,1,16000,0.4347566020854162,10,4,7,6,11,0.8627461080586081
2439,olympus,dino_clicks,3+6 clicks,2,16000,0.17271603751437595,10,0,4,10,4,0.31330123362276796
2439,olympus,sam,3+6 clicks,2,12000,0.26676194842033346,10,1,2,9,3,0.6511967579741541
2439,olympus,rf_clicks,3+6 clicks,2,16000,0.30161225917049383,10,2,5,8,7,0.48938464057115705
2439,olympus,dino_clicks,10+20 clicks,0,16000,0.33908360315224506,10,2,6,8,8,0.9035992268436064
2439,olympus,sam,10+20 clicks,0,16000,0.10483313457032276,10,0,3,10,3,0.5374279155702368
2439,olympus,rf_clicks,10+20 clicks,0,16000,0.5713838485947079,10,6,9,4,15,0.8612845692798574
2439,olympus,dino_labels,5 labelled training images,0,16000,0.4790710027499888,10,4,5,6,9,0.9110794634276301
2439,olympus,dino_clicks,10+20 clicks,1,16000,0.5637259814685542,10,6,5,4,11,0.730316388221415
2439,olympus,sam,10+20 clicks,1,16000,0.09287383437715696,10,0,3,10,3,0.41935452182472244
2439,olympus,rf_clicks,10+20 clicks,1,16000,0.37996289627266766,10,2,7,8,9,0.8916148973876212
2439,olympus,dino_clicks,10+20 clicks,2,16000,0.6192261278337806,10,8,3,2,11,0.821362012494505
2439,olympus,sam,10+20 clicks,2,16000,0.02620470039752894,10,0,2,10,2,0.2891498199494395
2439,olympus,rf_clicks,10+20 clicks,2,16000,0.3353533034705983,10,2,6,8,8,0.8833668497978646
304,nikon,dino_clicks,3+6 clicks,0,16000,0.4592631081605599,3,1,1,2,2,0.8669089270788255
304,nikon,sam,3+6 clicks,0,12000,0.35121372955901986,3,1,1,2,2,0.5781413455437224
304,nikon,rf_clicks,3+6 clicks,0,16000,0.18885440130750306,3,0,6,3,6,0.7951909612093212
304,nikon,dino_clicks,3+6 clicks,1,16000,0.4995745109799574,3,1,1,2,2,0.8855886941716461
304,nikon,sam,3+6 clicks,1,12000,0.36285621635964826,3,1,1,2,2,0.5714310719036617
304,nikon,rf_clicks,3+6 clicks,1,16000,0.07758961515061068,3,0,2,3,2,0.1812957101342811
304,nikon,dino_clicks,3+6 clicks,2,16000,0.3055582168087134,3,0,2,3,2,0.8614057515346255
304,nikon,sam,3+6 clicks,2,12000,0.13007659800875002,3,0,1,3,1,0.8663404830548013
304,nikon,rf_clicks,3+6 clicks,2,16000,0.3752697587961122,3,0,4,3,4,0.7441264824288332
304,nikon,dino_clicks,10+20 clicks,0,16000,0.23471675630967423,3,0,1,3,1,0.8698137780559173
304,nikon,sam,10+20 clicks,0,16000,0.16113579026255095,3,0,2,3,2,0.7033544877606528
304,nikon,rf_clicks,10+20 clicks,0,16000,0.18868959448472078,3,0,5,3,5,0.8270977692595575
304,nikon,dino_labels,5 labelled training images,0,16000,0.5522928556775645,3,1,2,2,3,0.9102301835254949
304,nikon,dino_clicks,10+20 clicks,1,16000,0.5512481790639645,3,1,1,2,2,0.9129111649594767
304,nikon,sam,10+20 clicks,1,16000,0.1363851979301753,3,0,3,3,3,0.3333210257167648
304,nikon,rf_clicks,10+20 clicks,1,16000,0.16787227723308673,3,0,3,3,3,0.8332135400622925
304,nikon,dino_clicks,10+20 clicks,2,16000,0.505910298688541,3,1,1,2,2,0.882775046191432
304,nikon,sam,10+20 clicks,2,16000,0.0860241774264726,3,0,1,3,1,0.7095863427445831
304,nikon,rf_clicks,10+20 clicks,2,16000,0.41131636412685885,3,1,2,2,3,0.7949285467548585
305,nikon,dino_clicks,3+6 clicks,0,16000,0.24104196175469855,7,0,3,7,3,0.724393743445223
305,nikon,sam,3+6 clicks,0,12000,0.1181810292934221,7,1,0,6,1,0.46024879566392646
305,nikon,rf_clicks,3+6 clicks,0,16000,0.08356228079645867,7,0,3,7,3,0.8324891164471703
305,nikon,dino_clicks,3+6 clicks,1,16000,0.22521107251285336,7,0,6,7,6,0.8294698389019728
305,nikon,sam,3+6 clicks,1,12000,0.2906405193819787,7,2,1,5,3,0.5604613006982714
305,nikon,rf_clicks,3+6 clicks,1,16000,0.08426931075490385,7,0,3,7,3,0.7147185895691471
305,nikon,dino_clicks,3+6 clicks,2,16000,0.044314994109498095,7,0,1,7,1,0.13135414889381788
305,nikon,sam,3+6 clicks,2,12000,0.2740016764121718,7,2,2,5,4,0.5199862517799035
305,nikon,rf_clicks,3+6 clicks,2,16000,0.04340808492258431,7,0,3,7,3,0.11377432086227987
305,nikon,dino_clicks,10+20 clicks,0,16000,0.27758835609743426,7,1,5,6,6,0.8666108964087096
305,nikon,sam,10+20 clicks,0,16000,0.00024027682124941154,7,0,2,7,2,0.002081782586856932
305,nikon,rf_clicks,10+20 clicks,0,16000,0.3262563809498539,7,2,4,5,6,0.7558482488373228
305,nikon,dino_labels,5 labelled training images,0,16000,0.32452307135015884,7,1,5,6,6,0.7487522089869172
305,nikon,dino_clicks,10+20 clicks,1,16000,0.32875850075338053,7,1,6,6,7,0.8619870078085018
305,nikon,sam,10+20 clicks,1,16000,0.12042156149619322,7,1,3,6,4,0.3782192578173456
305,nikon,rf_clicks,10+20 clicks,1,16000,0.2560493159998275,7,0,6,7,6,0.7094037051539503
305,nikon,dino_clicks,10+20 clicks,2,16000,0.41004998124868475,7,1,4,6,5,0.8301354194189239
305,nikon,sam,10+20 clicks,2,16000,0.20087765887135184,7,2,1,5,3,0.5063285453777814
305,nikon,rf_clicks,10+20 clicks,2,16000,0.33190334804845206,7,1,7,6,8,0.7214803754266211
403,nikon,dino_clicks,3+6 clicks,0,16000,0.4332334393557758,1,0,2,1,2,0.8799925310428531
403,nikon,sam,3+6 clicks,0,12000,0.6065937748732771,1,1,0,0,1,0.7551302443221819
403,nikon,rf_clicks,3+6 clicks,0,16000,0.33670828474730524,1,0,9,1,9,0.9004582533133045
403,nikon,dino_clicks,3+6 clicks,1,16000,0.34476018205158127,1,0,2,1,2,0.8925226586102719
403,nikon,sam,3+6 clicks,1,12000,0.0,1,0,0,1,0,0.0
403,nikon,rf_clicks,3+6 clicks,1,16000,0.34905706668411324,1,0,8,1,8,0.8867328707358624
403,nikon,dino_clicks,3+6 clicks,2,16000,0.2771021117317133,1,0,3,1,3,0.8505520857567244
403,nikon,sam,3+6 clicks,2,12000,0.9634831460674157,1,1,0,0,1,0.9814020028612304
403,nikon,rf_clicks,3+6 clicks,2,16000,0.3421081513303335,1,0,8,1,8,0.8878400097654263
403,nikon,dino_clicks,10+20 clicks,0,16000,0.880548035113627,1,1,0,0,1,0.9364802373265858
403,nikon,sam,10+20 clicks,0,16000,0.0,1,0,0,1,0,0.0
403,nikon,rf_clicks,10+20 clicks,0,16000,0.0,1,0,0,1,0,0.0
403,nikon,dino_labels,5 labelled training images,0,16000,0.378028064133293,1,0,5,1,5,0.7705991176889142
403,nikon,dino_clicks,10+20 clicks,1,16000,0.7283522389925314,1,1,0,0,1,0.9381364459649829
403,nikon,sam,10+20 clicks,1,16000,0.943990855649902,1,1,0,0,1,0.9711885762284754
403,nikon,rf_clicks,10+20 clicks,1,16000,0.3498091701038868,1,0,6,1,6,0.8697631864507755
403,nikon,dino_clicks,10+20 clicks,2,16000,0.5053695652173913,1,1,0,0,1,0.9136355597476862
403,nikon,sam,10+20 clicks,2,16000,0.0,1,0,0,1,0,0.0
403,nikon,rf_clicks,10+20 clicks,2,16000,0.4404923375913517,1,0,5,1,5,0.9012923535746831
407,nikon,dino_clicks,3+6 clicks,0,16000,0.5174016176071834,3,2,5,1,7,0.6279078456721392
407,nikon,sam,3+6 clicks,0,12000,0.0520492605789842,3,0,1,3,1,0.8702698043272131
407,nikon,rf_clicks,3+6 clicks,0,16000,0.20743198951163552,3,1,5,2,6,0.28390919541304127
407,nikon,dino_clicks,3+6 clicks,1,16000,0.0,3,0,0,3,0,0.0
407,nikon,sam,3+6 clicks,1,12000,0.47591757695697096,3,2,1,1,3,0.7602642127551904
407,nikon,rf_clicks,3+6 clicks,1,16000,0.0,3,0,2,3,2,0.0
407,nikon,dino_clicks,3+6 clicks,2,16000,0.0,3,0,3,3,3,0.0
407,nikon,sam,3+6 clicks,2,12000,0.7805373147894178,3,3,4,0,7,0.8645345909632414
407,nikon,rf_clicks,3+6 clicks,2,16000,0.19149852704129844,3,1,6,2,7,0.26018577955669675
407,nikon,dino_clicks,10+20 clicks,0,16000,0.6819449466967167,3,2,10,1,12,0.8446130393164817
407,nikon,sam,10+20 clicks,0,16000,0.2745544104308628,3,1,1,2,2,0.6490691627665106
407,nikon,rf_clicks,10+20 clicks,0,16000,0.0,3,0,6,3,6,0.0
407,nikon,dino_labels,5 labelled training images,0,16000,0.5602128159088539,3,2,7,1,9,0.68106525774668
407,nikon,dino_clicks,10+20 clicks,1,16000,0.5318599329291942,3,2,9,1,11,0.9000126740035065
407,nikon,sam,10+20 clicks,1,16000,0.5399685103340973,3,2,0,1,2,0.8015918930430969
407,nikon,rf_clicks,10+20 clicks,1,16000,0.1791106458011902,3,1,2,2,3,0.34915946076588433
407,nikon,dino_clicks,10+20 clicks,2,16000,0.6032036868903815,3,2,8,1,10,0.7216725518302276
407,nikon,sam,10+20 clicks,2,16000,0.8309352287524567,3,3,2,0,5,0.9207196262212811
407,nikon,rf_clicks,10+20 clicks,2,16000,0.28823611256043685,3,1,2,2,3,0.30748536601204113
409,nikon,dino_clicks,3+6 clicks,0,16000,0.8723955313309366,1,1,1,0,2,0.9318496190928423
409,nikon,sam,3+6 clicks,0,12000,0.9494921981400054,1,1,0,0,1,0.9740918163672655
409,nikon,rf_clicks,3+6 clicks,0,16000,0.2771599657827203,1,0,2,1,2,0.5014509576320372
409,nikon,dino_clicks,3+6 clicks,1,16000,0.39923757294052736,1,0,3,1,3,0.9177316140438534
409,nikon,sam,3+6 clicks,1,12000,0.9419319685529696,1,1,0,0,1,0.9700978034311367
409,nikon,rf_clicks,3+6 clicks,1,16000,0.35663191076624634,1,0,4,1,4,0.759946606958319
409,nikon,dino_clicks,3+6 clicks,2,16000,0.2703740957924924,1,0,6,1,6,0.8915195032020182
409,nikon,sam,3+6 clicks,2,12000,0.9630508342732682,1,1,0,0,1,0.9811776826755428
409,nikon,rf_clicks,3+6 clicks,2,16000,0.055061336138420715,1,0,1,1,1,0.8477366255144033
409,nikon,dino_clicks,10+20 clicks,0,16000,0.5754970190731812,1,1,2,0,3,0.9158571158571158
409,nikon,sam,10+20 clicks,0,16000,0.5381677483774339,1,1,0,0,1,0.867460668732145
409,nikon,rf_clicks,10+20 clicks,0,16000,0.37893721138603625,1,0,7,1,7,0.8731141813562013
409,nikon,dino_labels,5 labelled training images,0,16000,0.30761703023771475,1,0,3,1,3,0.875156384909517
409,nikon,dino_clicks,10+20 clicks,1,16000,0.8769798136645963,1,1,0,0,1,0.9344584393290728
409,nikon,sam,10+20 clicks,1,16000,0.9468978385943089,1,1,0,0,1,0.9727247314404377
409,nikon,rf_clicks,10+20 clicks,1,16000,0.3188302931364895,1,0,2,1,2,0.6555112365016053
409,nikon,dino_clicks,10+20 clicks,2,16000,0.7722814664902312,1,1,0,0,1,0.8715110789028702
409,nikon,sam,10+20 clicks,2,16000,0.9654508338789817,1,1,0,0,1,0.9824217601755865
409,nikon,rf_clicks,10+20 clicks,2,16000,0.4017935060636153,1,0,2,1,2,0.6497007444893192
417,nikon,dino_clicks,3+6 clicks,0,16000,0.6599313551815766,1,1,1,0,2,0.8471583136425818
417,nikon,sam,3+6 clicks,0,12000,0.8185154295246039,1,1,0,0,1,0.9002017978352596
417,nikon,rf_clicks,3+6 clicks,0,16000,0.0,1,0,1,1,1,0.0
417,nikon,dino_clicks,3+6 clicks,1,16000,0.6371329418045916,1,1,1,0,2,0.8128256649524912
417,nikon,sam,3+6 clicks,1,12000,0.9134553369880684,1,1,0,0,1,0.9547704817881143
417,nikon,rf_clicks,3+6 clicks,1,16000,0.32772412913917837,1,0,1,1,1,0.543312287004993
417,nikon,dino_clicks,3+6 clicks,2,16000,0.647673314339981,1,1,2,0,3,0.8217433213990636
417,nikon,sam,3+6 clicks,2,12000,0.8291564154956007,1,1,0,0,1,0.9065997948250314
417,nikon,rf_clicks,3+6 clicks,2,16000,0.4826886341929322,1,0,4,1,4,0.7539218200041957
417,nikon,dino_clicks,10+20 clicks,0,16000,0.8369390103567319,1,1,0,0,1,0.9112322245192006
417,nikon,sam,10+20 clicks,0,16000,0.0,1,0,0,1,0,0.0
417,nikon,rf_clicks,10+20 clicks,0,16000,0.0,1,0,1,1,1,0.0
417,nikon,dino_labels,5 labelled training images,0,16000,0.815990268716134,1,1,1,0,2,0.8986725124832542
417,nikon,dino_clicks,10+20 clicks,1,16000,0.8524898561416452,1,1,0,0,1,0.9203719559546804
417,nikon,sam,10+20 clicks,1,16000,0.7619703876462066,1,1,0,0,1,0.8845451748538612
417,nikon,rf_clicks,10+20 clicks,1,16000,0.5928695050190377,1,1,1,0,2,0.7584634119340197
417,nikon,dino_clicks,10+20 clicks,2,16000,0.8477755447846476,1,1,0,0,1,0.9176174532426266
417,nikon,sam,10+20 clicks,2,16000,0.8149396542350766,1,1,0,0,1,0.908833693741032
417,nikon,rf_clicks,10+20 clicks,2,16000,0.6031570021525015,1,1,2,0,3,0.8107669713509129
506,nikon,dino_clicks,3+6 clicks,0,16000,0.3939817088363927,5,2,4,3,6,0.6597128361834245
506,nikon,sam,3+6 clicks,0,12000,0.5405623906895137,5,3,1,2,4,0.6923984439767872
506,nikon,rf_clicks,3+6 clicks,0,16000,0.20250219638164016,5,0,6,5,6,0.39033409893651927
506,nikon,dino_clicks,3+6 clicks,1,16000,0.0,5,0,0,5,0,0.0
506,nikon,sam,3+6 clicks,1,12000,0.07776964315235105,5,0,1,5,1,0.14867152757398586
506,nikon,rf_clicks,3+6 clicks,1,16000,0.06761163721173372,5,0,2,5,2,0.15158399596112584
506,nikon,dino_clicks,3+6 clicks,2,16000,0.0005618837316075997,5,0,1,5,1,0.002467357910906298
506,nikon,sam,3+6 clicks,2,12000,0.5106413619191777,5,3,1,2,4,0.8067626613419172
506,nikon,rf_clicks,3+6 clicks,2,16000,0.1322975747476145,5,0,10,5,10,0.8924832608376913
506,nikon,dino_clicks,10+20 clicks,0,16000,0.5925316993599451,5,3,3,2,6,0.8305212649324392
506,nikon,sam,10+20 clicks,0,16000,0.5976631924825243,5,4,0,1,4,0.8654266625757036
506,nikon,rf_clicks,10+20 clicks,0,16000,0.23191224737904909,5,0,5,5,5,0.7691025191214652
506,nikon,dino_labels,5 labelled training images,0,16000,0.36956712716502305,5,1,8,4,9,0.7916442552793433
506,nikon,dino_clicks,10+20 clicks,1,16000,0.6292134394641902,5,3,5,2,8,0.8971975508264811
506,nikon,sam,10+20 clicks,1,16000,0.6949836079442605,5,5,0,0,5,0.8398218886026473
506,nikon,rf_clicks,10+20 clicks,1,16000,0.1444495562868442,5,0,9,5,9,0.9147815814306398
506,nikon,dino_clicks,10+20 clicks,2,16000,0.6519450995144872,5,4,1,1,5,0.7736309043649726
506,nikon,sam,10+20 clicks,2,16000,0.45678662663926806,5,2,1,3,3,0.8667574799842782
506,nikon,rf_clicks,10+20 clicks,2,16000,0.14701348690429533,5,0,1,5,1,0.6932832429484654
507,nikon,dino_clicks,3+6 clicks,0,16000,0.8321400882099125,5,5,3,0,8,0.9106995750147957
507,nikon,sam,3+6 clicks,0,12000,0.49112972888767314,5,3,0,2,3,0.6979847572288985
507,nikon,rf_clicks,3+6 clicks,0,16000,0.0,5,0,1,5,1,0.0
507,nikon,dino_clicks,3+6 clicks,1,16000,0.8075049404059923,5,5,1,0,6,0.895473420418639
507,nikon,sam,3+6 clicks,1,12000,0.3349377900376328,5,2,0,3,2,0.48916382891921373
507,nikon,rf_clicks,3+6 clicks,1,16000,0.10406921413121846,5,1,2,4,3,0.18054825910971686
507,nikon,dino_clicks,3+6 clicks,2,16000,0.6484889563891295,5,3,4,2,7,0.9236187667330021
507,nikon,sam,3+6 clicks,2,12000,0.33651240079153927,5,2,0,3,2,0.4897390233347758
507,nikon,rf_clicks,3+6 clicks,2,16000,0.30645074002138045,5,1,7,4,8,0.5560174575939382
507,nikon,dino_clicks,10+20 clicks,0,16000,0.6094068970028165,5,4,1,1,5,0.7779375983008241
507,nikon,sam,10+20 clicks,0,16000,0.3633808326859468,5,2,1,3,3,0.711338198859936
507,nikon,rf_clicks,10+20 clicks,0,16000,0.425230539785448,5,1,4,4,5,0.7292571584863147
507,nikon,dino_labels,5 labelled training images,0,16000,0.6289388349586991,5,3,4,2,7,0.9166362114013604
507,nikon,dino_clicks,10+20 clicks,1,16000,0.837296105694912,5,5,5,0,10,0.9342002219805852
507,nikon,sam,10+20 clicks,1,16000,0.4470531991118213,5,4,0,1,4,0.6570565967459467
507,nikon,rf_clicks,10+20 clicks,1,16000,0.29475495154936815,5,0,4,5,4,0.7088203271549066
507,nikon,dino_clicks,10+20 clicks,2,16000,0.7972497257082257,5,5,2,0,7,0.9112965157895042
507,nikon,sam,10+20 clicks,2,16000,0.8597539979205105,5,5,0,0,5,0.9276923349620972
507,nikon,rf_clicks,10+20 clicks,2,16000,0.4327102474060244,5,1,10,4,11,0.6906909957871067
512,nikon,dino_clicks,3+6 clicks,0,16000,0.23880040492307378,3,0,1,3,1,0.9298732234925506
512,nikon,sam,3+6 clicks,0,12000,0.5026297681138392,3,1,1,2,2,0.8339842224478637
512,nikon,rf_clicks,3+6 clicks,0,16000,0.20107286464237906,3,0,2,3,2,0.8664603693202263
512,nikon,dino_clicks,3+6 clicks,1,16000,0.2501367378696419,3,0,1,3,1,0.7758218560616997
512,nikon,sam,3+6 clicks,1,12000,0.3675428866562735,3,0,2,3,2,0.7011011547812728
512,nikon,rf_clicks,3+6 clicks,1,16000,0.20637639043485836,3,0,1,3,1,0.5511139263850413
512,nikon,dino_clicks,3+6 clicks,2,16000,0.1785818020392104,3,0,2,3,2,0.9228443587656994
512,nikon,sam,3+6 clicks,2,12000,0.2954252196576808,3,0,2,3,2,0.9493040031342905
512,nikon,rf_clicks,3+6 clicks,2,16000,0.12241277123135204,3,0,1,3,1,0.915664823434247
512,nikon,dino_clicks,10+20 clicks,0,16000,0.23074209915013796,3,0,1,3,1,0.9266952836339926
512,nikon,sam,10+20 clicks,0,16000,0.4932949320470586,3,1,2,2,3,0.7938334115866738
512,nikon,rf_clicks,10+20 clicks,0,16000,0.12536672804152257,3,0,1,3,1,0.9201376028224033
512,nikon,dino_labels,5 labelled training images,0,16000,0.15171301229230943,3,0,2,3,2,0.856674478221166
512,nikon,dino_clicks,10+20 clicks,1,16000,0.25109317127722597,3,0,1,3,1,0.9104338761922909
512,nikon,sam,10+20 clicks,1,16000,0.2894843819308324,3,0,1,3,1,0.8305485342874963
512,nikon,rf_clicks,10+20 clicks,1,16000,0.20955600149998987,3,0,2,3,2,0.8541321851605341
512,nikon,dino_clicks,10+20 clicks,2,16000,0.234543383736995,3,0,1,3,1,0.9244107703996675
512,nikon,sam,10+20 clicks,2,16000,0.20010261054039835,3,0,1,3,1,0.7889214114269346
512,nikon,rf_clicks,10+20 clicks,2,16000,0.1935903100076116,3,0,1,3,1,0.6989796616196846
513,nikon,dino_clicks,3+6 clicks,0,16000,0.8479055029123467,4,4,2,0,6,0.9137516096759479
513,nikon,sam,3+6 clicks,0,12000,0.5177159290854502,4,3,0,1,3,0.6634378756695178
513,nikon,rf_clicks,3+6 clicks,0,16000,0.13397059396789293,4,0,2,4,2,0.8999884827125515
513,nikon,dino_clicks,3+6 clicks,1,16000,0.48626961719979606,4,1,3,3,4,0.9178574539386521
513,nikon,sam,3+6 clicks,1,12000,0.5010080464439641,4,3,0,1,3,0.657186131548762
513,nikon,rf_clicks,3+6 clicks,1,16000,0.1258456087621234,4,0,2,4,2,0.9074597989783275
513,nikon,dino_clicks,3+6 clicks,2,16000,0.5537700681207158,4,1,2,3,3,0.9036183218992272
513,nikon,sam,3+6 clicks,2,12000,0.7898857997169642,4,4,0,0,4,0.8770471237927219
513,nikon,rf_clicks,3+6 clicks,2,16000,0.13522881959920155,4,0,1,4,1,0.8834274732228654
513,nikon,dino_clicks,10+20 clicks,0,16000,0.8473606130298684,4,4,1,0,5,0.9123349439641694
513,nikon,sam,10+20 clicks,0,16000,0.7168325620066567,4,4,0,0,4,0.8408020601381774
513,nikon,rf_clicks,10+20 clicks,0,16000,0.2907157604393994,4,0,4,4,4,0.869669713060964
513,nikon,dino_labels,5 labelled training images,0,16000,0.3003004754625691,4,0,2,4,2,0.9088021689014453
513,nikon,dino_clicks,10+20 clicks,1,16000,0.5794426842514759,4,3,1,1,4,0.9329646372653574
513,nikon,sam,10+20 clicks,1,16000,0.710318049489211,4,4,0,0,4,0.8357837084355466
513,nikon,rf_clicks,10+20 clicks,1,16000,0.17261350262063838,4,0,2,4,2,0.8721868344221149
513,nikon,dino_clicks,10+20 clicks,2,16000,0.5855515206023035,4,3,1,1,4,0.9385257627993152
513,nikon,sam,10+20 clicks,2,16000,0.7229632756636727,4,4,0,0,4,0.8434398307369315
513,nikon,rf_clicks,10+20 clicks,2,16000,0.1391308223046865,4,0,1,4,1,0.8553138613430549
516,nikon,dino_clicks,3+6 clicks,0,16000,0.44106519272445155,3,1,2,2,3,0.8699539239293107
516,nikon,sam,3+6 clicks,0,12000,0.45700532797028215,3,2,1,1,3,0.8003211271394465
516,nikon,rf_clicks,3+6 clicks,0,16000,0.0,3,0,2,3,2,0.0
516,nikon,dino_clicks,3+6 clicks,1,16000,0.4334460471080948,3,1,2,2,3,0.91811518473493
516,nikon,sam,3+6 clicks,1,12000,0.445700222368343,3,1,1,2,2,0.7479667747585274
516,nikon,rf_clicks,3+6 clicks,1,16000,0.43506517159607877,3,1,5,2,6,0.756824452731769
516,nikon,dino_clicks,3+6 clicks,2,16000,0.4236933030172298,3,1,2,2,3,0.9065318314319646
516,nikon,sam,3+6 clicks,2,12000,0.35920713958916867,3,1,3,2,4,0.6320547003465222
516,nikon,rf_clicks,3+6 clicks,2,16000,0.0885790443792427,3,0,1,3,1,0.44719287038297606
516,nikon,dino_clicks,10+20 clicks,0,16000,0.46670223468206945,3,1,1,2,2,0.8860007287178697
516,nikon,sam,10+20 clicks,0,16000,0.1875743931965551,3,0,3,3,3,0.7471497251416905
516,nikon,rf_clicks,10+20 clicks,0,16000,0.22707901607389855,3,0,4,3,4,0.42329224845655106
516,nikon,dino_labels,5 labelled training images,0,16000,0.29031151778514414,3,0,3,3,3,0.9140324119535619
516,nikon,dino_clicks,10+20 clicks,1,16000,0.47808910609932376,3,1,3,2,4,0.9060875523183938
516,nikon,sam,10+20 clicks,1,16000,0.2984319101942935,3,0,3,3,3,0.8727883083699498
516,nikon,rf_clicks,10+20 clicks,1,16000,0.244248954426999,3,0,3,3,3,0.8272087048957657
516,nikon,dino_clicks,10+20 clicks,2,16000,0.49813520645513815,3,1,3,2,4,0.8610083967359168
516,nikon,sam,10+20 clicks,2,16000,0.5221814758247159,3,2,0,1,2,0.8468464894882983
516,nikon,rf_clicks,10+20 clicks,2,16000,0.22505067380767754,3,0,2,3,2,0.8147062557814739
518,nikon,dino_clicks,3+6 clicks,0,16000,0.21332582748747417,4,0,2,4,2,0.8519785051294577
518,nikon,sam,3+6 clicks,0,12000,0.21177617930361708,4,1,0,3,1,0.7245220139954159
518,nikon,rf_clicks,3+6 clicks,0,16000,0.22348708078903684,4,0,5,4,5,0.5946887948498296
518,nikon,dino_clicks,3+6 clicks,1,16000,0.09350116888870148,4,0,7,4,7,0.8787539571989363
518,nikon,sam,3+6 clicks,1,12000,0.21811511349830334,4,0,3,4,3,0.8877621335997424
518,nikon,rf_clicks,3+6 clicks,1,16000,0.16369114512185687,4,0,3,4,3,0.8137705511403172
518,nikon,dino_clicks,3+6 clicks,2,16000,0.6497894139672415,4,3,5,1,8,0.8365172339828733
518,nikon,sam,3+6 clicks,2,12000,0.45476689726914565,4,2,0,2,2,0.8577072017049147
518,nikon,rf_clicks,3+6 clicks,2,16000,0.08854557955910798,4,0,5,4,5,0.8638862952588443
518,nikon,dino_clicks,10+20 clicks,0,16000,0.3989129428377752,4,2,4,2,6,0.8742943563481724
518,nikon,sam,10+20 clicks,0,16000,0.3050544598002234,4,2,1,2,3,0.7323676738684858
518,nikon,rf_clicks,10+20 clicks,0,16000,0.25079307843743043,4,0,6,4,6,0.8800301056527324
518,nikon,dino_labels,5 labelled training images,0,16000,0.4877257759431955,4,2,2,2,4,0.85958785038825
518,nikon,dino_clicks,10+20 clicks,1,16000,0.38747288194853347,4,1,2,3,3,0.9336846188840171
518,nikon,sam,10+20 clicks,1,16000,0.2898570825974723,4,0,4,4,4,0.6628484839779958
518,nikon,rf_clicks,10+20 clicks,1,16000,0.2292556402833651,4,0,2,4,2,0.5747724418419282
518,nikon,dino_clicks,10+20 clicks,2,16000,0.4560407959223207,4,2,1,2,3,0.8630012140885802
518,nikon,sam,10+20 clicks,2,16000,0.4677185042357265,4,2,1,2,3,0.87110985886632
518,nikon,rf_clicks,10+20 clicks,2,16000,0.12839325848612798,4,0,1,4,1,0.525960906403623
9276,olympus,dino_clicks,3+6 clicks,0,16000,0.6154177962706915,2,1,2,1,3,0.9097326906494457
9276,olympus,sam,3+6 clicks,0,12000,0.6593968445452427,2,1,1,1,2,0.7902058384102679
9276,olympus,rf_clicks,3+6 clicks,0,16000,0.6216034208334871,2,2,1,0,3,0.7661638759475375
9276,olympus,dino_clicks,3+6 clicks,1,16000,0.5925259492403987,2,2,2,0,4,0.7441778461637095
9276,olympus,sam,3+6 clicks,1,12000,0.567772553280345,2,1,1,1,2,0.7286072732012513
9276,olympus,rf_clicks,3+6 clicks,1,16000,0.7791216455275427,2,2,4,0,6,0.9116028202878773
9276,olympus,dino_clicks,3+6 clicks,2,16000,0.5493360230438344,2,1,2,1,3,0.8521091324144872
9276,olympus,sam,3+6 clicks,2,12000,0.7695714211936331,2,2,0,0,2,0.8732675651367181
9276,olympus,rf_clicks,3+6 clicks,2,16000,0.39030016772977044,2,1,3,1,4,0.8978578530324486
9276,olympus,dino_clicks,10+20 clicks,0,16000,0.8610700808644021,2,2,2,0,4,0.9219067486657094
9276,olympus,sam,10+20 clicks,0,16000,0.919153479326813,2,2,0,0,2,0.9576495118448919
9276,olympus,rf_clicks,10+20 clicks,0,16000,0.7184126129316633,2,2,4,0,6,0.8404772183733186
9276,olympus,dino_labels,5 labelled training images,0,16000,0.6258684110301983,2,1,1,1,2,0.9077183139552496
9276,olympus,dino_clicks,10+20 clicks,1,16000,0.7335891408235712,2,2,1,0,3,0.9590904193628119
9276,olympus,sam,10+20 clicks,1,16000,0.6227062648503114,2,2,2,0,4,0.8215960469771414
9276,olympus,rf_clicks,10+20 clicks,1,16000,0.7962349760347345,2,2,5,0,7,0.9250927191098965
9276,olympus,dino_clicks,10+20 clicks,2,16000,0.855917658653474,2,2,2,0,4,0.9200589061269222
9276,olympus,sam,10+20 clicks,2,16000,0.8207889297386779,2,2,0,0,2,0.9006470727991838
9276,olympus,rf_clicks,10+20 clicks,2,16000,0.6307270349102498,2,2,3,0,5,0.7938917337234821
9281,olympus,dino_clicks,3+6 clicks,0,16000,0.039730446412849084,14,0,3,14,3,0.8787342525928721
9281,olympus,sam,3+6 clicks,0,12000,0.04878125451722058,14,0,1,14,1,0.7270870010279391
9281,olympus,rf_clicks,3+6 clicks,0,16000,0.12435212155971793,14,0,5,14,5,0.2964447475323848
9281,olympus,dino_clicks,3+6 clicks,1,16000,0.16638491202046116,14,0,5,14,5,0.5072367349155488
9281,olympus,sam,3+6 clicks,1,12000,0.053036453078333254,14,0,1,14,1,0.20095119209859416
9281,olympus,rf_clicks,3+6 clicks,1,16000,0.039019145334508495,14,0,2,14,2,0.8557912461063696
9281,olympus,dino_clicks,3+6 clicks,2,16000,0.16400070249719476,14,2,3,12,5,0.8431625283665921
9281,olympus,sam,3+6 clicks,2,12000,0.11294806291261873,14,2,0,12,2,0.15371247412226607
9281,olympus,rf_clicks,3+6 clicks,2,16000,0.07781439733762385,14,0,2,14,2,0.7803001841566992
9281,olympus,dino_clicks,10+20 clicks,0,16000,0.31587396218311076,14,3,4,11,7,0.8651335176474237
9281,olympus,sam,10+20 clicks,0,16000,0.2930685521626999,14,4,3,10,7,0.5164056694348466
9281,olympus,rf_clicks,10+20 clicks,0,16000,0.06315227710634255,14,0,2,14,2,0.738914879409419
9281,olympus,dino_labels,5 labelled training images,0,16000,0.2579036908683346,14,1,5,13,6,0.8320500975259214
9281,olympus,dino_clicks,10+20 clicks,1,16000,0.4183780991135638,14,4,6,10,10,0.8508198478190976
9281,olympus,sam,10+20 clicks,1,16000,0.4014828409553933,14,6,2,8,8,0.6443408570493948
9281,olympus,rf_clicks,10+20 clicks,1,16000,0.39274270999521627,14,2,10,12,12,0.6258041409463427
9281,olympus,dino_clicks,10+20 clicks,2,16000,0.3366666335400859,14,4,4,10,8,0.835080561379649
9281,olympus,sam,10+20 clicks,2,16000,0.26043107270092236,14,5,0,9,5,0.5596119605552278
9281,olympus,rf_clicks,10+20 clicks,2,16000,0.18643886952271885,14,2,3,12,5,0.783307607584293
9286,olympus,dino_clicks,3+6 clicks,0,16000,0.2936699883590766,3,0,7,3,7,0.7149996250865609
9286,olympus,sam,3+6 clicks,0,12000,0.7364402728694497,3,2,3,1,5,0.7967204934142851
9286,olympus,rf_clicks,3+6 clicks,0,16000,0.1568593957589525,3,0,4,3,4,0.7855777531138242
9286,olympus,dino_clicks,3+6 clicks,1,16000,0.1739507850241546,3,1,3,2,4,0.2386676246512742
9286,olympus,sam,3+6 clicks,1,12000,0.387866135675995,3,1,1,2,2,0.52028637015469
9286,olympus,rf_clicks,3+6 clicks,1,16000,0.15192844750002318,3,0,4,3,4,0.215454856451146
9286,olympus,dino_clicks,3+6 clicks,2,16000,0.6708206755638236,3,2,4,1,6,0.7700245722160036
9286,olympus,sam,3+6 clicks,2,12000,0.04867067704273223,3,0,3,3,3,0.8626216666882102
9286,olympus,rf_clicks,3+6 clicks,2,16000,0.3576930248425441,3,1,7,2,8,0.7201872991244597
9286,olympus,dino_clicks,10+20 clicks,0,16000,0.49047651539129883,3,1,5,2,6,0.7097158788679176
9286,olympus,sam,10+20 clicks,0,16000,0.40612064471564063,3,1,2,2,3,0.7516106998467759
9286,olympus,rf_clicks,10+20 clicks,0,16000,0.23139428855519162,3,0,5,3,5,0.7888858156259152
9286,olympus,dino_labels,5 labelled training images,0,16000,0.29397235992833926,3,1,7,2,8,0.5652561384100059
9286,olympus,dino_clicks,10+20 clicks,1,16000,0.475145299242883,3,1,7,2,8,0.8442861079400071
9286,olympus,sam,10+20 clicks,1,16000,0.622648080864241,3,2,4,1,6,0.750719426106132
9286,olympus,rf_clicks,10+20 clicks,1,16000,0.6788876696064251,3,2,9,1,11,0.7716838254062792
9286,olympus,dino_clicks,10+20 clicks,2,16000,0.41197593453974174,3,2,2,1,4,0.6599781640060196
9286,olympus,sam,10+20 clicks,2,16000,0.5119960717282382,3,2,0,1,2,0.6878412487706566
9286,olympus,rf_clicks,10+20 clicks,2,16000,0.22100563675362897,3,1,1,2,2,0.3270425550238057
9292,olympus,dino_clicks,3+6 clicks,0,16000,0.05568780832834806,7,0,3,7,3,0.6479053260874492
9292,olympus,sam,3+6 clicks,0,12000,0.10981605713454558,7,0,2,7,2,0.5456270119176161
9292,olympus,rf_clicks,3+6 clicks,0,16000,0.0950318616950487,7,0,3,7,3,0.7190982695665978
9292,olympus,dino_clicks,3+6 clicks,1,16000,0.18269397946393276,7,1,6,6,7,0.8653209846606331
9292,olympus,sam,3+6 clicks,1,12000,0.042364125043936066,7,0,1,7,1,0.7232015982078673
9292,olympus,rf_clicks,3+6 clicks,1,16000,0.4435268385248457,7,3,8,4,11,0.7556880058866814
9292,olympus,dino_clicks,3+6 clicks,2,16000,0.06093593906093906,7,0,3,7,3,0.14948726000015317
9292,olympus,sam,3+6 clicks,2,12000,0.49578606293616995,7,5,2,2,7,0.7589769777859309
9292,olympus,rf_clicks,3+6 clicks,2,16000,0.36609689549401503,7,3,5,4,8,0.556840122859027
9292,olympus,dino_clicks,10+20 clicks,0,16000,0.6077414144016945,7,4,10,3,14,0.9026757731714795
9292,olympus,sam,10+20 clicks,0,16000,0.21340193603930277,7,1,8,6,9,0.6373261300726527
9292,olympus,rf_clicks,10+20 clicks,0,16000,0.17342531928538654,7,1,8,6,9,0.39756224395317274
9292,olympus,dino_labels,5 labelled training images,0,16000,0.37199125883892226,7,2,6,5,8,0.7716794624790636
9292,olympus,dino_clicks,10+20 clicks,1,16000,0.7818114097373724,7,6,8,1,14,0.8793587549470532
9292,olympus,sam,10+20 clicks,1,16000,0.08399756069890142,7,0,1,7,1,0.39352285507777174
9292,olympus,rf_clicks,10+20 clicks,1,16000,0.2190474777701726,7,1,4,6,5,0.7965766346109603
9292,olympus,dino_clicks,10+20 clicks,2,16000,0.5722626135223747,7,5,5,2,10,0.7845987561697445
9292,olympus,sam,10+20 clicks,2,16000,0.2397032234040759,7,2,0,5,2,0.4125876198033102
9292,olympus,rf_clicks,10+20 clicks,2,16000,0.5360878028399673,7,4,8,3,12,0.7603326704911928
9300,olympus,dino_clicks,3+6 clicks,0,16000,0.25441106803437974,1,0,1,1,1,0.8594805131178195
9300,olympus,sam,3+6 clicks,0,12000,0.9462547298041953,1,1,1,0,2,0.9670189401760741
9300,olympus,rf_clicks,3+6 clicks,0,16000,0.1868641537497756,1,0,2,1,2,0.8496705896071229
9300,olympus,dino_clicks,3+6 clicks,1,16000,0.15297416100763617,1,0,1,1,1,0.8314737527281081
9300,olympus,sam,3+6 clicks,1,12000,0.4647969017704169,1,0,1,1,1,0.9192580565458331
9300,olympus,rf_clicks,3+6 clicks,1,16000,0.14229590062044808,1,0,2,1,2,0.8467296167638729
9300,olympus,dino_clicks,3+6 clicks,2,16000,0.24600223921844663,1,0,1,1,1,0.8749359432099802
9300,olympus,sam,3+6 clicks,2,12000,0.9157076483202288,1,1,2,0,3,0.9563472808032548
9300,olympus,rf_clicks,3+6 clicks,2,16000,0.20176075116057457,1,0,2,1,2,0.8036844533827844
9300,olympus,dino_clicks,10+20 clicks,0,16000,0.4877072285127323,1,0,1,1,1,0.8960928378935911
9300,olympus,sam,10+20 clicks,0,16000,0.7416604316953005,1,1,0,0,1,0.9729344333638897
9300,olympus,rf_clicks,10+20 clicks,0,16000,0.34257045714133927,1,0,4,1,4,0.8855436163273713
9300,olympus,dino_labels,5 labelled training images,0,16000,0.22288091523660947,1,0,1,1,1,0.870225535820156
9300,olympus,dino_clicks,10+20 clicks,1,16000,0.7062377483249949,1,1,0,0,1,0.8852074260829704
9300,olympus,sam,10+20 clicks,1,16000,0.9026073196312584,1,1,1,0,2,0.9488109399328827
9300,olympus,rf_clicks,10+20 clicks,1,16000,0.3844183663965726,1,0,2,1,2,0.8785497632013055
9300,olympus,dino_clicks,10+20 clicks,2,16000,0.5044916771863899,1,1,0,0,1,0.759838167668907
9300,olympus,sam,10+20 clicks,2,16000,0.4971725395568163,1,0,1,1,1,0.6641486220472441
9300,olympus,rf_clicks,10+20 clicks,2,16000,0.27421963222685386,1,0,1,1,1,0.7739936253098808
9317,olympus,dino_clicks,3+6 clicks,0,16000,0.3090330463444308,2,1,6,1,7,0.8716666666666667
9317,olympus,sam,3+6 clicks,0,12000,0.45762542421557106,2,1,2,1,3,0.6781687217034289
9317,olympus,rf_clicks,3+6 clicks,0,16000,0.2829473208631207,2,0,3,2,3,0.891927603767463
9317,olympus,dino_clicks,3+6 clicks,1,16000,0.712464167483554,2,2,3,0,5,0.8065448693112389
9317,olympus,sam,3+6 clicks,1,12000,0.5791367313410184,2,1,2,1,3,0.7132551789752178
9317,olympus,rf_clicks,3+6 clicks,1,16000,0.3767719088684246,2,0,5,2,5,0.6176666400362174
9317,olympus,dino_clicks,3+6 clicks,2,16000,0.5356862553263873,2,1,1,1,2,0.8827732174012528
9317,olympus,sam,3+6 clicks,2,12000,0.6762206401424407,2,1,3,1,4,0.8324532492232815
9317,olympus,rf_clicks,3+6 clicks,2,16000,0.26333845495023966,2,0,2,2,2,0.6564885496183206
9317,olympus,dino_clicks,10+20 clicks,0,16000,0.2946660587969284,2,0,3,2,3,0.9036343694321887
9317,olympus,sam,10+20 clicks,0,16000,0.22545182070322986,2,0,1,2,1,0.34808809690314
9317,olympus,rf_clicks,10+20 clicks,0,16000,0.32957989675776733,2,0,3,2,3,0.9078085152891457
9317,olympus,dino_labels,5 labelled training images,0,16000,0.2819165113901361,2,0,2,2,2,0.8699052843612052
9317,olympus,dino_clicks,10+20 clicks,1,16000,0.39954236869362114,2,0,4,2,4,0.8968561987177092
9317,olympus,sam,10+20 clicks,1,16000,0.7179467717885747,2,2,2,0,4,0.82641812354848
9317,olympus,rf_clicks,10+20 clicks,1,16000,0.3053518126921667,2,0,2,2,2,0.8014520509408035
9317,olympus,dino_clicks,10+20 clicks,2,16000,0.4551516336219395,2,0,5,2,5,0.919534975849827
9317,olympus,sam,10+20 clicks,2,16000,0.9254163258543788,2,2,3,0,5,0.9438829490294488
9317,olympus,rf_clicks,10+20 clicks,2,16000,0.29129560587819514,2,0,3,2,3,0.8768101788554368
9321,olympus,dino_clicks,3+6 clicks,0,16000,0.8587748568102203,1,1,1,0,2,0.9266705925240458
9321,olympus,sam,3+6 clicks,0,12000,0.5864528017969883,1,1,0,0,1,0.7557613400033725
9321,olympus,rf_clicks,3+6 clicks,0,16000,0.6383682170892765,1,1,4,0,5,0.8716158713321904
9321,olympus,dino_clicks,3+6 clicks,1,16000,0.6936564805057955,1,1,3,0,4,0.9196834728571269
9321,olympus,sam,3+6 clicks,1,12000,0.5360134798395709,1,1,1,0,2,0.8843791368811226
9321,olympus,rf_clicks,3+6 clicks,1,16000,0.35699549887471865,1,0,6,1,6,0.7872273448669351
9321,olympus,dino_clicks,3+6 clicks,2,16000,0.3875805661594918,1,0,1,1,1,0.6746513469072898
9321,olympus,sam,3+6 clicks,2,12000,0.5831638700697065,1,1,0,0,1,0.7551734578202122
9321,olympus,rf_clicks,3+6 clicks,2,16000,0.6831329770701531,1,1,3,0,4,0.8544430789295477
9321,olympus,dino_clicks,10+20 clicks,0,16000,0.8841532996016794,1,1,1,0,2,0.9394223620245925
9321,olympus,sam,10+20 clicks,0,16000,0.5500666177792007,1,1,0,0,1,0.7376914073591845
9321,olympus,rf_clicks,10+20 clicks,0,16000,0.7140499504896028,1,1,4,0,5,0.8718963348355501
9321,olympus,dino_labels,5 labelled training images,0,16000,0.8838894743004332,1,1,3,0,4,0.9383665935377214
9321,olympus,dino_clicks,10+20 clicks,1,16000,0.8278056884369809,1,1,0,0,1,0.9165766334790486
9321,olympus,sam,10+20 clicks,1,16000,0.5519923050160653,1,1,0,0,1,0.739592116538132
9321,olympus,rf_clicks,10+20 clicks,1,16000,0.6714990667587124,1,1,3,0,4,0.8771144693996827
9321,olympus,dino_clicks,10+20 clicks,2,16000,0.6122439906339844,1,1,5,0,6,0.8713892492169456
9321,olympus,sam,10+20 clicks,2,16000,0.6083190909510832,1,1,1,0,2,0.9018603294571186
9321,olympus,rf_clicks,10+20 clicks,2,16000,0.6959426353083069,1,1,3,0,4,0.8760252160144227
9339,olympus,dino_clicks,3+6 clicks,0,16000,0.9223872679045093,1,1,1,0,2,0.9596269006816237
9339,olympus,sam,3+6 clicks,0,12000,0.9305877163965156,1,1,0,0,1,0.9640460347831054
9339,olympus,rf_clicks,3+6 clicks,0,16000,0.0,1,0,1,1,1,0.0
9339,olympus,dino_clicks,3+6 clicks,1,16000,0.911585209497923,1,1,5,0,6,0.9537479208027043
9339,olympus,sam,3+6 clicks,1,12000,0.933432115025793,1,1,0,0,1,0.9655700945190315
9339,olympus,rf_clicks,3+6 clicks,1,16000,0.9133853907072049,1,1,5,0,6,0.9547322720694645
9339,olympus,dino_clicks,3+6 clicks,2,16000,0.8868654311039484,1,1,0,0,1,0.9400409976084728
9339,olympus,sam,3+6 clicks,2,12000,0.9320634221537106,1,1,0,0,1,0.9648372941243517
9339,olympus,rf_clicks,3+6 clicks,2,16000,0.0,1,0,3,1,3,0.0
9339,olympus,dino_clicks,10+20 clicks,0,16000,0.8828424030620735,1,1,0,0,1,0.9377762064698604
9339,olympus,sam,10+20 clicks,0,16000,0.932905772076961,1,1,0,0,1,0.9652884124553344
9339,olympus,rf_clicks,10+20 clicks,0,16000,0.0,1,0,0,1,0,0.0
9339,olympus,dino_labels,5 labelled training images,0,16000,0.0,1,0,3,1,3,0.0
9339,olympus,dino_clicks,10+20 clicks,1,16000,0.9288478871745931,1,1,1,0,2,0.963111599780099
9339,olympus,sam,10+20 clicks,1,16000,0.933071081243512,1,1,0,0,1,0.9653768972047144
9339,olympus,rf_clicks,10+20 clicks,1,16000,0.9051034022681788,1,1,5,0,6,0.9501882167556683
9339,olympus,dino_clicks,10+20 clicks,2,16000,0.9114381051364805,1,1,0,0,1,0.9536674011962338
9339,olympus,sam,10+20 clicks,2,16000,0.9316912972085386,1,1,1,0,2,0.9646378782726963
9339,olympus,rf_clicks,10+20 clicks,2,16000,0.9316540814639255,1,1,4,0,5,0.9646179307196256
9342,olympus,dino_clicks,3+6 clicks,0,16000,0.5487636858096192,2,1,1,1,2,0.8398528837148722
9342,olympus,sam,3+6 clicks,0,12000,0.4141027029342341,2,0,1,2,1,0.9471870461084756
9342,olympus,rf_clicks,3+6 clicks,0,16000,0.32913734019756014,2,0,3,2,3,0.909801600375245
9342,olympus,dino_clicks,3+6 clicks,1,16000,0.18556002458434778,2,0,1,2,1,0.8388764986024406
9342,olympus,sam,3+6 clicks,1,12000,0.38853066533567016,2,1,0,1,1,0.7906922463481525
9342,olympus,rf_clicks,3+6 clicks,1,16000,0.3102711132170763,2,0,1,2,1,0.8767884746503724
9342,olympus,dino_clicks,3+6 clicks,2,16000,0.21052900320483436,2,0,4,2,4,0.8792115168054865
9342,olympus,sam,3+6 clicks,2,12000,0.2847099249515136,2,1,0,1,1,0.464609456972324
9342,olympus,rf_clicks,3+6 clicks,2,16000,0.23652130389180437,2,0,5,2,5,0.8966205146492602
9342,olympus,dino_clicks,10+20 clicks,0,16000,0.23222531096365356,2,0,1,2,1,0.8611345058211544
9342,olympus,sam,10+20 clicks,0,16000,0.3124158905270507,2,1,0,1,1,0.6406807728971117
9342,olympus,rf_clicks,10+20 clicks,0,16000,0.2587105341252616,2,0,2,2,2,0.8806251224080872
9342,olympus,dino_labels,5 labelled training images,0,16000,0.187301592466674,2,0,4,2,4,0.8606324226577391
9342,olympus,dino_clicks,10+20 clicks,1,16000,0.19440461462602948,2,0,1,2,1,0.8594598601467718
9342,olympus,sam,10+20 clicks,1,16000,0.34305167695753536,2,0,1,2,1,0.9270157639172036
9342,olympus,rf_clicks,10+20 clicks,1,16000,0.24215401233904948,2,0,5,2,5,0.8998464091700941
9342,olympus,dino_clicks,10+20 clicks,2,16000,0.2899183802237346,2,0,3,2,3,0.8793694160157756
9342,olympus,sam,10+20 clicks,2,16000,0.4953332197310175,2,1,1,1,2,0.7335937711944874
9342,olympus,rf_clicks,10+20 clicks,2,16000,0.24668578747344505,2,0,4,2,4,0.8901779479154455
9343,olympus,dino_clicks,3+6 clicks,0,16000,0.5139789074320815,1,1,4,0,5,0.9455251705908624
9343,olympus,sam,3+6 clicks,0,12000,0.9527823893404627,1,1,0,0,1,0.9758203418274963
9343,olympus,rf_clicks,3+6 clicks,0,16000,0.8794372917609312,1,1,3,0,4,0.9409900641484106
9343,olympus,dino_clicks,3+6 clicks,1,16000,0.938612043970714,1,1,2,0,3,0.9683340685826187
9343,olympus,sam,3+6 clicks,1,12000,0.9622275820484107,1,1,0,0,1,0.980750235957769
9343,olympus,rf_clicks,3+6 clicks,1,16000,0.8832249186890168,1,1,3,0,4,0.941295411620931
9343,olympus,dino_clicks,3+6 clicks,2,16000,0.9300114906507887,1,1,4,0,5,0.9637367395540161
9343,olympus,sam,3+6 clicks,2,12000,0.7438109203829897,1,1,0,0,1,0.8530866640284923
9343,olympus,rf_clicks,3+6 clicks,2,16000,0.8715751972177453,1,1,3,0,4,0.9313814358230602
9343,olympus,dino_clicks,10+20 clicks,0,16000,0.9051250565501195,1,1,1,0,2,0.9502001492638578
9343,olympus,sam,10+20 clicks,0,16000,0.9478176527643065,1,1,0,0,1,0.9732098396574046
9343,olympus,rf_clicks,10+20 clicks,0,16000,0.7810974707883449,1,1,3,0,4,0.8782741948895831
9343,olympus,dino_labels,5 labelled training images,0,16000,0.9205654731193891,1,1,1,0,2,0.9586400318070942
9343,olympus,dino_clicks,10+20 clicks,1,16000,0.8751482224090723,1,1,1,0,2,0.9334176487496407
9343,olympus,sam,10+20 clicks,1,16000,0.9140764674205708,1,1,1,0,2,0.9551096656576
9343,olympus,rf_clicks,10+20 clicks,1,16000,0.8734750057350211,1,1,2,0,3,0.9350776924450794
9343,olympus,dino_clicks,10+20 clicks,2,16000,0.9185167690127539,1,1,3,0,4,0.9575280068940046
9343,olympus,sam,10+20 clicks,2,16000,0.9413563629315358,1,1,0,0,1,0.9697924408994597
9343,olympus,rf_clicks,10+20 clicks,2,16000,0.7421017446248733,1,1,3,0,4,0.851961427528069
9347,olympus,dino_clicks,3+6 clicks,0,16000,0.9374913099612673,1,1,1,0,2,0.9677373055985565
9347,olympus,sam,3+6 clicks,0,12000,0.938783894823336,1,1,0,0,1,0.9684255138800594
9347,olympus,rf_clicks,3+6 clicks,0,16000,0.09639634243731034,1,0,4,1,4,0.8844660194174757
9347,olympus,dino_clicks,3+6 clicks,1,16000,0.9215247944326731,1,1,3,0,4,0.9591599308035489
9347,olympus,sam,3+6 clicks,1,12000,0.9388191290408763,1,1,0,0,1,0.9684442607137935
9347,olympus,rf_clicks,3+6 clicks,1,16000,0.7299968915138327,1,1,5,0,6,0.9266189889025894
9347,olympus,dino_clicks,3+6 clicks,2,16000,0.9272840148996676,1,1,2,0,3,0.9622702287062148
9347,olympus,sam,3+6 clicks,2,12000,0.9355488833134538,1,1,0,0,1,0.9667013748698442
9347,olympus,rf_clicks,3+6 clicks,2,16000,0.7166117950186086,1,1,3,0,4,0.8679351595006934
9347,olympus,dino_clicks,10+20 clicks,0,16000,0.9376075215043008,1,1,2,0,3,0.9677992174352938
9347,olympus,sam,10+20 clicks,0,16000,0.9320476180685486,1,1,0,0,1,0.9648288265278975
9347,olympus,rf_clicks,10+20 clicks,0,16000,0.7824878023188709,1,1,4,0,5,0.9179779660669224
9347,olympus,dino_labels,5 labelled training images,0,16000,0.9306495197143928,1,1,2,0,3,0.9640791974009522
9347,olympus,dino_clicks,10+20 clicks,1,16000,0.9331661137632494,1,1,0,0,1,0.9654277582454378
9347,olympus,sam,10+20 clicks,1,16000,0.6530801583374567,1,1,0,0,1,0.7901373143263367
9347,olympus,rf_clicks,10+20 clicks,1,16000,0.7471162679914254,1,1,2,0,3,0.9097764610826825
9347,olympus,dino_clicks,10+20 clicks,2,16000,0.8940914386151362,1,1,1,0,2,0.9440847684405888
9347,olympus,sam,10+20 clicks,2,16000,0.8590590177465951,1,1,0,0,1,0.9241869241869242
9347,olympus,rf_clicks,10+20 clicks,2,16000,0.7491844995132615,1,1,4,0,5,0.9027060397160201
9353,olympus,dino_clicks,3+6 clicks,0,16000,0.46171486874614875,2,0,1,2,1,0.943848626006572
9353,olympus,sam,3+6 clicks,0,12000,0.7459786746315346,2,2,0,0,2,0.8556489847553722
9353,olympus,rf_clicks,3+6 clicks,0,16000,0.1303010041688643,2,0,5,2,5,0.8998903060275908
9353,olympus,dino_clicks,3+6 clicks,1,16000,0.4263718392613577,2,0,1,2,1,0.9262691590398067
9353,olympus,sam,3+6 clicks,1,12000,0.39355059810159304,2,1,0,1,1,0.8207642230399095
9353,olympus,rf_clicks,3+6 clicks,1,16000,0.180913768687443,2,0,1,2,1,0.825441831709553
9353,olympus,dino_clicks,3+6 clicks,2,16000,0.39019862318427345,2,0,1,2,1,0.912355053825352
9353,olympus,sam,3+6 clicks,2,12000,0.46089134322221914,2,1,0,1,1,0.9203936132722492
9353,olympus,rf_clicks,3+6 clicks,2,16000,0.1980741682326939,2,0,4,2,4,0.8634973029546735
9353,olympus,dino_clicks,10+20 clicks,0,16000,0.4615493977372153,2,0,1,2,1,0.9413600312053049
9353,olympus,sam,10+20 clicks,0,16000,0.30981833873496367,2,0,1,2,1,0.9120429063591334
9353,olympus,rf_clicks,10+20 clicks,0,16000,0.29318872954897335,2,0,2,2,2,0.804114850527786
9353,olympus,dino_labels,5 labelled training images,0,16000,0.4604483924732087,2,1,2,1,3,0.9276055531398149
9353,olympus,dino_clicks,10+20 clicks,1,16000,0.4523958158046879,2,0,1,2,1,0.9429330684217062
9353,olympus,sam,10+20 clicks,1,16000,0.04734378103804088,2,0,1,2,1,0.7658308673063805
9353,olympus,rf_clicks,10+20 clicks,1,16000,0.18848220813901728,2,0,3,2,3,0.8570429919608529
9353,olympus,dino_clicks,10+20 clicks,2,16000,0.4389925326675418,2,0,1,2,1,0.9330014805487375
9353,olympus,sam,10+20 clicks,2,16000,0.42961917040973174,2,1,0,1,1,0.8401570450263434
9353,olympus,rf_clicks,10+20 clicks,2,16000,0.18045556971460186,2,0,3,2,3,0.89155183892026
9357,olympus,dino_clicks,3+6 clicks,0,16000,0.7231119536791527,2,2,3,0,5,0.7992952142775946
9357,olympus,sam,3+6 clicks,0,12000,0.2752163928634517,2,1,0,1,1,0.5267814375475472
9357,olympus,rf_clicks,3+6 clicks,0,16000,0.702026526275223,2,2,8,0,10,0.8136575739511173
9357,olympus,dino_clicks,3+6 clicks,1,16000,0.7278120804638248,2,2,6,0,8,0.8153287370321234
9357,olympus,sam,3+6 clicks,1,12000,0.7527869409986828,2,2,0,0,2,0.8211548403047807
9357,olympus,rf_clicks,3+6 clicks,1,16000,0.74287619759839,2,2,9,0,11,0.8452378658548334
9357,olympus,dino_clicks,3+6 clicks,2,16000,0.35129123415685065,2,1,0,1,1,0.6383476326660311
9357,olympus,sam,3+6 clicks,2,12000,0.15034218691547654,2,0,1,2,1,0.38706022321681494
9357,olympus,rf_clicks,3+6 clicks,2,16000,0.6013024752325677,2,1,10,1,11,0.8968336398372512
9357,olympus,dino_clicks,10+20 clicks,0,16000,0.7196784023174154,2,2,0,0,2,0.799206958594529
9357,olympus,sam,10+20 clicks,0,16000,0.27579049637873165,2,1,0,1,1,0.5275904309992819
9357,olympus,rf_clicks,10+20 clicks,0,16000,0.7045375376513566,2,1,2,1,3,0.7812141508012839
9357,olympus,dino_labels,5 labelled training images,0,16000,0.25989224518636284,2,1,5,1,6,0.5048540913055289
9357,olympus,dino_clicks,10+20 clicks,1,16000,0.7613567459148679,2,2,5,0,7,0.8306471171866388
9357,olympus,sam,10+20 clicks,1,16000,0.0,2,0,0,2,0,0.0
9357,olympus,rf_clicks,10+20 clicks,1,16000,0.26212496950971625,2,1,3,1,4,0.6275564207068557
9357,olympus,dino_clicks,10+20 clicks,2,16000,0.7071344757174871,2,2,4,0,6,0.7877531641905114
9357,olympus,sam,10+20 clicks,2,16000,0.9024904303314347,2,2,0,0,2,0.9445620547322835
9357,olympus,rf_clicks,10+20 clicks,2,16000,0.7307178170851814,2,2,6,0,8,0.7991741408400674
9367,olympus,dino_clicks,3+6 clicks,0,16000,0.8282099356596572,1,1,3,0,4,0.9079563182527302
9367,olympus,sam,3+6 clicks,0,12000,0.8304865637978931,1,1,0,0,1,0.9073943291610945
9367,olympus,rf_clicks,3+6 clicks,0,16000,0.14495402434933602,1,0,2,1,2,0.8512188409785489
9367,olympus,dino_clicks,3+6 clicks,1,16000,0.829185480353206,1,1,0,0,1,0.9394840010953122
9367,olympus,sam,3+6 clicks,1,12000,0.848716608434895,1,1,0,0,1,0.9181684251253739
9367,olympus,rf_clicks,3+6 clicks,1,16000,0.42579572307961605,1,0,6,1,6,0.730827971257605
9367,olympus,dino_clicks,3+6 clicks,2,16000,0.7473325586308895,1,1,0,0,1,0.8615707826510572
9367,olympus,sam,3+6 clicks,2,12000,0.8504787625828627,1,1,0,0,1,0.9194154857926479
9367,olympus,rf_clicks,3+6 clicks,2,16000,0.6340992179184599,1,1,1,0,2,0.8257103257103258
9367,olympus,dino_clicks,10+20 clicks,0,16000,0.8702804851214745,1,1,1,0,2,0.9361746564375322
9367,olympus,sam,10+20 clicks,0,16000,0.743466988105256,1,1,0,0,1,0.9175356115360326
9367,olympus,rf_clicks,10+20 clicks,0,16000,0.30728961441035746,1,0,6,1,6,0.7374242823281538
9367,olympus,dino_labels,5 labelled training images,0,16000,0.8615982080135725,1,1,1,0,2,0.9257136347130153
9367,olympus,dino_clicks,10+20 clicks,1,16000,0.876888865770241,1,1,1,0,2,0.9376420938462501
9367,olympus,sam,10+20 clicks,1,16000,0.7486184368599902,1,1,0,0,1,0.9199491026172784
9367,olympus,rf_clicks,10+20 clicks,1,16000,0.7474569615282299,1,1,1,0,2,0.8646941586799144
9367,olympus,dino_clicks,10+20 clicks,2,16000,0.8600613136781684,1,1,0,0,1,0.9296370456019628
9367,olympus,sam,10+20 clicks,2,16000,0.8246543809638522,1,1,0,0,1,0.9063350346389751
9367,olympus,rf_clicks,10+20 clicks,2,16000,0.7125207749793703,1,1,1,0,2,0.8735474953868952
9373,olympus,dino_clicks,3+6 clicks,0,16000,0.8480128981485734,3,3,13,0,16,0.9124620014935393
9373,olympus,sam,3+6 clicks,0,12000,0.5441169822664971,3,2,2,1,4,0.7527223371826536
9373,olympus,rf_clicks,3+6 clicks,0,16000,0.46026622009320217,3,1,11,2,12,0.6288295404057856
9373,olympus,dino_clicks,3+6 clicks,1,16000,0.26841732068908014,3,0,4,3,4,0.43615076729574537
9373,olympus,sam,3+6 clicks,1,12000,0.2604436980854657,3,0,2,3,2,0.42106137659701987
9373,olympus,rf_clicks,3+6 clicks,1,16000,0.43295820123343276,3,1,4,2,5,0.5846339872400681
9373,olympus,dino_clicks,3+6 clicks,2,16000,0.29464305019821796,3,1,2,2,3,0.8408406631693817
9373,olympus,sam,3+6 clicks,2,12000,0.09230409985118977,3,0,1,3,1,0.8695723673391527
9373,olympus,rf_clicks,3+6 clicks,2,16000,0.0682018567838084,3,0,3,3,3,0.8194543153478084
9373,olympus,dino_clicks,10+20 clicks,0,16000,0.7826913484946885,3,3,6,0,9,0.9168364049988096
9373,olympus,sam,10+20 clicks,0,16000,0.18051434626392426,3,0,2,3,2,0.695560328134352
9373,olympus,rf_clicks,10+20 clicks,0,16000,0.6090077352915685,3,3,4,0,7,0.7933389074693422
9373,olympus,dino_labels,5 labelled training images,0,16000,0.20208153881409383,3,0,3,3,3,0.6169620549457818
9373,olympus,dino_clicks,10+20 clicks,1,16000,0.5999814601895196,3,3,6,0,9,0.7397795830735552
9373,olympus,sam,10+20 clicks,1,16000,0.49392656359440906,3,1,3,2,4,0.6815351565649141
9373,olympus,rf_clicks,10+20 clicks,1,16000,0.5731041531627862,3,1,5,2,6,0.7252904611579393
9373,olympus,dino_clicks,10+20 clicks,2,16000,0.48419836752731343,3,2,3,1,5,0.8688239973077982
9373,olympus,sam,10+20 clicks,2,16000,0.8592984662908553,3,3,4,0,7,0.9210750784581959
9373,olympus,rf_clicks,10+20 clicks,2,16000,0.5632660480287924,3,2,5,1,7,0.7268655280911227
9387,olympus,dino_clicks,3+6 clicks,0,16000,0.629889298892989,1,1,0,0,1,0.8965941577687568
9387,olympus,sam,3+6 clicks,0,12000,0.9600556899923758,1,1,0,0,1,0.9796208290348222
9387,olympus,rf_clicks,3+6 clicks,0,16000,0.5254392924961442,1,1,0,0,1,0.8999198381494065
9387,olympus,dino_clicks,3+6 clicks,1,16000,0.5934422991457212,1,1,0,0,1,0.8726636362316105
9387,olympus,sam,3+6 clicks,1,12000,0.9618148700115913,1,1,0,0,1,0.9805358137650455
9387,olympus,rf_clicks,3+6 clicks,1,16000,0.4641273805807056,1,0,1,1,1,0.8918752718491744
9387,olympus,dino_clicks,3+6 clicks,2,16000,0.6157015005303865,1,1,0,0,1,0.8943876367934055
9387,olympus,sam,3+6 clicks,2,12000,0.9587483633591328,1,1,0,0,1,0.9789397977746753
9387,olympus,rf_clicks,3+6 clicks,2,16000,0.4941141211142377,1,0,1,1,1,0.8837600601561977
9387,olympus,dino_clicks,10+20 clicks,0,16000,0.6695297962147687,1,1,0,0,1,0.9220636148419005
9387,olympus,sam,10+20 clicks,0,16000,0.9597827706674172,1,1,0,0,1,0.9794787310438052
9387,olympus,rf_clicks,10+20 clicks,0,16000,0.6326370501127783,1,1,0,0,1,0.9192878009389374
9387,olympus,dino_labels,5 labelled training images,0,16000,0.6677166581331672,1,1,0,0,1,0.8968239137097196
9387,olympus,dino_clicks,10+20 clicks,1,16000,0.6880937042459736,1,1,0,0,1,0.9344489159654509
9387,olympus,sam,10+20 clicks,1,16000,0.7570206960803887,1,1,0,0,1,0.8617094810199695
9387,olympus,rf_clicks,10+20 clicks,1,16000,0.60836374313158,1,1,0,0,1,0.9084375269128688
9387,olympus,dino_clicks,10+20 clicks,2,16000,0.6796006539000468,1,1,0,0,1,0.9321929381992328
9387,olympus,sam,10+20 clicks,2,16000,0.9166846786931582,1,1,0,0,1,0.9565315452077134
9387,olympus,rf_clicks,10+20 clicks,2,16000,0.4920914175698329,1,0,1,1,1,0.8920211805764486
9396,olympus,dino_clicks,3+6 clicks,0,16000,0.47943386346496436,3,1,5,2,6,0.9221608116293155
9396,olympus,sam,3+6 clicks,0,12000,0.6568505613444381,3,3,0,0,3,0.8058086080500342
9396,olympus,rf_clicks,3+6 clicks,0,16000,0.3182294543049942,3,0,5,3,5,0.9083516715401079
9396,olympus,dino_clicks,3+6 clicks,1,16000,0.527206908084747,3,1,4,2,5,0.9317662961260231
9396,olympus,sam,3+6 clicks,1,12000,0.36829790242532506,3,1,1,2,2,0.6657509722822397
9396,olympus,rf_clicks,3+6 clicks,1,16000,0.5093552636000069,3,1,6,2,7,0.921794975704455
9396,olympus,dino_clicks,3+6 clicks,2,16000,0.195172735235372,3,0,6,3,6,0.8711191221356578
9396,olympus,sam,3+6 clicks,2,12000,0.43555047886108184,3,1,1,2,2,0.7560829610048798
9396,olympus,rf_clicks,3+6 clicks,2,16000,0.5157289835344693,3,1,6,2,7,0.9240031869757876
9396,olympus,dino_clicks,10+20 clicks,0,16000,0.8478117009519918,3,3,4,0,7,0.9089795935601278
9396,olympus,sam,10+20 clicks,0,16000,0.4556284797407981,3,0,3,3,3,0.6500578352499364
9396,olympus,rf_clicks,10+20 clicks,0,16000,0.47736094477451374,3,1,5,2,6,0.8875189617394236
9396,olympus,dino_labels,5 labelled training images,0,16000,0.3528605274060013,3,0,2,3,2,0.9161155916099809
9396,olympus,dino_clicks,10+20 clicks,1,16000,0.5035450557671508,3,1,2,2,3,0.8726151524986623
9396,olympus,sam,10+20 clicks,1,16000,0.14834630309881552,3,0,2,3,2,0.5933294543816513
9396,olympus,rf_clicks,10+20 clicks,1,16000,0.47582980589089524,3,1,2,2,3,0.8542666094636349
9396,olympus,dino_clicks,10+20 clicks,2,16000,0.5389314501270447,3,1,1,2,2,0.9393972629449543
9396,olympus,sam,10+20 clicks,2,16000,0.06845093046770541,3,0,1,3,1,0.5510261561860412
9396,olympus,rf_clicks,10+20 clicks,2,16000,0.23397316752809003,3,0,6,3,6,0.9162658746025399
9397,olympus,dino_clicks,3+6 clicks,0,16000,0.7412151857757108,3,3,1,0,4,0.8427211113652506
9397,olympus,sam,3+6 clicks,0,12000,0.7779133682959355,3,3,1,0,4,0.8952637268591505
9397,olympus,rf_clicks,3+6 clicks,0,16000,0.303737530094748,3,0,3,3,3,0.7283859086886854
9397,olympus,dino_clicks,3+6 clicks,1,16000,0.33064838377925415,3,1,1,2,2,0.5570868728405464
9397,olympus,sam,3+6 clicks,1,12000,0.29409825255522587,3,1,0,2,1,0.32043682868125156
9397,olympus,rf_clicks,3+6 clicks,1,16000,0.31650480853330837,3,1,1,2,2,0.5562509838019354
9397,olympus,dino_clicks,3+6 clicks,2,16000,0.7747412721149348,3,3,0,0,3,0.9089902813752186
9397,olympus,sam,3+6 clicks,2,12000,0.5814728334904676,3,2,1,1,3,0.8634388761488171
9397,olympus,rf_clicks,3+6 clicks,2,16000,0.5496955148532746,3,2,1,1,3,0.7033523170232164
9397,olympus,dino_clicks,10+20 clicks,0,16000,0.8131875661085247,3,3,1,0,4,0.9106614349775785
9397,olympus,sam,10+20 clicks,0,16000,0.26720465139592003,3,1,0,2,1,0.29282627801376887
9397,olympus,rf_clicks,10+20 clicks,0,16000,0.2743106982496119,3,0,4,3,4,0.751985649171894
9397,olympus,dino_labels,5 labelled training images,0,16000,0.35813453077578705,3,0,2,3,2,0.8810529506871463
9397,olympus,dino_clicks,10+20 clicks,1,16000,0.545172305537954,3,2,0,1,2,0.788375682963855
9397,olympus,sam,10+20 clicks,1,16000,0.4126994081176491,3,1,1,2,2,0.671740865741454
9397,olympus,rf_clicks,10+20 clicks,1,16000,0.2563466916627581,3,0,2,3,2,0.8268431263858093
9397,olympus,dino_clicks,10+20 clicks,2,16000,0.7151668194908022,3,2,2,1,4,0.9040363510748545
9397,olympus,sam,10+20 clicks,2,16000,0.6243738998874138,3,2,1,1,3,0.7281281186142661
9397,olympus,rf_clicks,10+20 clicks,2,16000,0.5730039854954415,3,2,1,1,3,0.707025852883961
9398,olympus,dino_clicks,3+6 clicks,0,16000,0.14840566680026157,3,0,1,3,1,0.8162168093043669
9398,olympus,sam,3+6 clicks,0,12000,0.35882280288798407,3,0,2,3,2,0.6232307193225085
9398,olympus,rf_clicks,3+6 clicks,0,16000,0.19161085246881904,3,0,7,3,7,0.8569941329569015
9398,olympus,dino_clicks,3+6 clicks,1,16000,0.21313868804434621,3,0,1,3,1,0.8022489855648205
9398,olympus,sam,3+6 clicks,1,12000,0.24854326969648266,3,1,0,2,1,0.6796672913988321
9398,olympus,rf_clicks,3+6 clicks,1,16000,0.16857261050258332,3,0,5,3,5,0.8885464735657145
9398,olympus,dino_clicks,3+6 clicks,2,16000,0.40057718168791817,3,0,2,3,2,0.7902434916059965
9398,olympus,sam,3+6 clicks,2,12000,0.5096398269005668,3,1,1,2,2,0.7556092762359244
9398,olympus,rf_clicks,3+6 clicks,2,16000,0.604907004424468,3,2,7,1,9,0.8793558176924328
9398,olympus,dino_clicks,10+20 clicks,0,16000,0.1550337307448486,3,0,2,3,2,0.8903964784319055
9398,olympus,sam,10+20 clicks,0,16000,0.550818808344266,3,2,0,1,2,0.8381017378799327
9398,olympus,rf_clicks,10+20 clicks,0,16000,0.4391241599602416,3,1,2,2,3,0.6626110604463715
9398,olympus,dino_labels,5 labelled training images,0,16000,0.5255761721064826,3,2,5,1,7,0.8676145998124343
9398,olympus,dino_clicks,10+20 clicks,1,16000,0.2761623617678601,3,0,1,3,1,0.9253430384104657
9398,olympus,sam,10+20 clicks,1,16000,0.23208065782275644,3,0,1,3,1,0.6445609132430179
9398,olympus,rf_clicks,10+20 clicks,1,16000,0.15001062753578806,3,0,6,3,6,0.9089054439344153
9398,olympus,dino_clicks,10+20 clicks,2,16000,0.7754431117729889,3,3,0,0,3,0.8799469316321346
9398,olympus,sam,10+20 clicks,2,16000,0.5242763317822566,3,1,1,2,2,0.782855219816641
9398,olympus,rf_clicks,10+20 clicks,2,16000,0.0,3,0,0,3,0,0.0
9402,olympus,dino_clicks,3+6 clicks,0,16000,0.31863686092000576,7,3,1,4,4,0.7864466862891857
9402,olympus,sam,3+6 clicks,0,12000,0.051381971146942804,7,0,4,7,4,0.7801826010943115
9402,olympus,rf_clicks,3+6 clicks,0,16000,0.22356248243829466,7,1,3,6,4,0.780884382841544
9402,olympus,dino_clicks,3+6 clicks,1,16000,0.252432105825109,7,1,4,6,5,0.41396678874228665
9402,olympus,sam,3+6 clicks,1,12000,0.10408307005010765,7,1,0,6,1,0.19790470942957283
9402,olympus,rf_clicks,3+6 clicks,1,16000,0.212154369806141,7,0,6,7,6,0.7454344283345054
9402,olympus,dino_clicks,3+6 clicks,2,16000,0.12416473467584381,7,0,2,7,2,0.2900881718278863
9402,olympus,sam,3+6 clicks,2,12000,0.13593267712980442,7,0,3,7,3,0.4356223491771964
9402,olympus,rf_clicks,3+6 clicks,2,16000,0.0,7,0,1,7,1,0.0
9402,olympus,dino_clicks,10+20 clicks,0,16000,0.0426526635689578,7,0,1,7,1,0.7362867418078074
9402,olympus,sam,10+20 clicks,0,16000,0.06944586324421206,7,0,2,7,2,0.1759936612784919
9402,olympus,rf_clicks,10+20 clicks,0,16000,0.08471711375711687,7,0,3,7,3,0.7239447244173206
9402,olympus,dino_labels,5 labelled training images,0,16000,0.39348118200833887,7,2,4,5,6,0.7904839350214641
9402,olympus,dino_clicks,10+20 clicks,1,16000,0.13659539591169093,7,1,2,6,3,0.8537363027123896
9402,olympus,sam,10+20 clicks,1,16000,0.1534626477383081,7,1,2,6,3,0.23799619948229167
9402,olympus,rf_clicks,10+20 clicks,1,16000,0.1834140019305865,7,1,6,6,7,0.8381892204332602
9402,olympus,dino_clicks,10+20 clicks,2,16000,0.14654181564828622,7,1,1,6,2,0.8420465963325797
9402,olympus,sam,10+20 clicks,2,16000,0.07804014708384041,7,1,0,6,1,0.18369146302492212
9402,olympus,rf_clicks,10+20 clicks,2,16000,0.3636901402069691,7,2,6,5,8,0.7647248030175057
9407,olympus,dino_clicks,3+6 clicks,0,16000,0.16191957526544187,3,0,1,3,1,0.878686211431617
9407,olympus,sam,3+6 clicks,0,12000,0.25021385006436897,3,0,1,3,1,0.7543614614310232
9407,olympus,rf_clicks,3+6 clicks,0,16000,0.18312260909963193,3,0,2,3,2,0.9073975473188829
9407,olympus,dino_clicks,3+6 clicks,1,16000,0.12468453229781717,3,0,1,3,1,0.813955673897721
9407,olympus,sam,3+6 clicks,1,12000,0.3981488827012789,3,1,3,2,4,0.7133787323205867
9407,olympus,rf_clicks,3+6 clicks,1,16000,0.12527288107481033,3,0,2,3,2,0.3497418152425868
9407,olympus,dino_clicks,3+6 clicks,2,16000,0.24431248210969866,3,0,5,3,5,0.9014148339197574
9407,olympus,sam,3+6 clicks,2,12000,0.2846926738333236,3,0,1,3,1,0.9339923358299947
9407,olympus,rf_clicks,3+6 clicks,2,16000,0.21429974236282523,3,0,3,3,3,0.8868653540491994
9407,olympus,dino_clicks,10+20 clicks,0,16000,0.2284742812964299,3,0,1,3,1,0.87002170309209
9407,olympus,sam,10+20 clicks,0,16000,0.1003645478316061,3,0,1,3,1,0.7967081177574052
9407,olympus,rf_clicks,10+20 clicks,0,16000,0.16417672222066287,3,0,4,3,4,0.9218798010247723
9407,olympus,dino_labels,5 labelled training images,0,16000,0.2876207893050517,3,0,3,3,3,0.9029711122801399
9407,olympus,dino_clicks,10+20 clicks,1,16000,0.25643598690708747,3,0,1,3,1,0.8586365537432037
9407,olympus,sam,10+20 clicks,1,16000,0.30401940097736074,3,1,1,2,2,0.449464393284618
9407,olympus,rf_clicks,10+20 clicks,1,16000,0.18482069035363133,3,0,4,3,4,0.8920431246582832
9407,olympus,dino_clicks,10+20 clicks,2,16000,0.5136272347825607,3,1,5,2,6,0.6743646339871877
9407,olympus,sam,10+20 clicks,2,16000,0.5695806249121963,3,1,1,2,2,0.9159018727904082
9407,olympus,rf_clicks,10+20 clicks,2,16000,0.2885177000698689,3,0,5,3,5,0.5176503330191842
9421,olympus,dino_clicks,3+6 clicks,0,16000,0.5987965454161449,3,2,3,1,5,0.7358510039407018
9421,olympus,sam,3+6 clicks,0,12000,0.6737268128320615,3,2,2,1,4,0.8946280066291413
9421,olympus,rf_clicks,3+6 clicks,0,16000,0.06941598476760108,3,0,3,3,3,0.8511932051251117
9421,olympus,dino_clicks,3+6 clicks,1,16000,0.25399035029301426,3,0,3,3,3,0.4480814017644018
9421,olympus,sam,3+6 clicks,1,12000,0.4370045926021895,3,1,3,2,4,0.5848490569996014
9421,olympus,rf_clicks,3+6 clicks,1,16000,0.0,3,0,2,3,2,0.0
9421,olympus,dino_clicks,3+6 clicks,2,16000,0.3861044730934006,3,2,0,1,2,0.6215987883908057
9421,olympus,sam,3+6 clicks,2,12000,0.5378620568540203,3,2,1,1,3,0.7667088965246953
9421,olympus,rf_clicks,3+6 clicks,2,16000,0.0,3,0,0,3,0,0.0
9421,olympus,dino_clicks,10+20 clicks,0,16000,0.38843618394951224,3,1,1,2,2,0.8981425435557857
9421,olympus,sam,10+20 clicks,0,16000,0.4168690566991284,3,1,2,2,3,0.679762478230259
9421,olympus,rf_clicks,10+20 clicks,0,16000,0.347167693126166,3,0,4,3,4,0.5457073128656306
9421,olympus,dino_labels,5 labelled training images,0,16000,0.14717417023937754,3,0,1,3,1,0.8665049430435704
9421,olympus,dino_clicks,10+20 clicks,1,16000,0.6024092072972134,3,2,3,1,5,0.7794581844670297
9421,olympus,sam,10+20 clicks,1,16000,0.44419049911483394,3,1,2,2,3,0.5992336200705572
9421,olympus,rf_clicks,10+20 clicks,1,16000,0.10080287361036,3,0,3,3,3,0.7369536221942762
9421,olympus,dino_clicks,10+20 clicks,2,16000,0.733037306892708,3,3,3,0,6,0.8698549201092348
9421,olympus,sam,10+20 clicks,2,16000,0.5495792389410177,3,2,1,1,3,0.780583618938533
9421,olympus,rf_clicks,10+20 clicks,2,16000,0.4189656290106247,3,1,4,2,5,0.696983104277853
9442,olympus,dino_clicks,3+6 clicks,0,16000,0.44013827402562256,1,0,2,1,2,0.8912624270404128
9442,olympus,sam,3+6 clicks,0,12000,0.6506422142062502,1,1,0,0,1,0.7883503870269387
9442,olympus,rf_clicks,3+6 clicks,0,16000,0.15261133061188803,1,0,1,1,1,0.7253683465477049
9442,olympus,dino_clicks,3+6 clicks,1,16000,0.5278095225656464,1,1,1,0,2,0.866215825179247
9442,olympus,sam,3+6 clicks,1,12000,0.5998677965367027,1,1,0,0,1,0.7531462156977456
9442,olympus,rf_clicks,3+6 clicks,1,16000,0.2580368575086885,1,0,1,1,1,0.4102214588842543
9442,olympus,dino_clicks,3+6 clicks,2,16000,0.503187305031873,1,1,2,0,3,0.8819364774218887
9442,olympus,sam,3+6 clicks,2,12000,0.9207071452075934,1,1,0,0,1,0.9587168429136882
9442,olympus,rf_clicks,3+6 clicks,2,16000,0.17795358538108902,1,0,3,1,3,0.8044678699842656
9442,olympus,dino_clicks,10+20 clicks,0,16000,0.6370236658655045,1,1,0,0,1,0.790282769670463
9442,olympus,sam,10+20 clicks,0,16000,0.27523458966250197,1,0,1,1,1,0.7333609604179224
9442,olympus,rf_clicks,10+20 clicks,0,16000,0.6345128408912383,1,1,1,0,2,0.8397954940189339
9442,olympus,dino_labels,5 labelled training images,0,16000,0.21741668178793927,1,0,2,1,2,0.8716279295335783
9442,olympus,dino_clicks,10+20 clicks,1,16000,0.8364454854097727,1,1,1,0,2,0.9110408987186238
9442,olympus,sam,10+20 clicks,1,16000,0.26944150199072214,1,0,2,1,2,0.7520469997514926
9442,olympus,rf_clicks,10+20 clicks,1,16000,0.6338314898726933,1,1,4,0,5,0.8330702836004932
9442,olympus,dino_clicks,10+20 clicks,2,16000,0.7661931314037005,1,1,0,0,1,0.9118536303410253
9442,olympus,sam,10+20 clicks,2,16000,0.6527001436295273,1,1,1,0,2,0.8617343148918696
9442,olympus,rf_clicks,10+20 clicks,2,16000,0.3542167964721712,1,0,2,1,2,0.8558969582267892
9453,olympus,dino_clicks,3+6 clicks,0,16000,0.18663872050051933,3,0,2,3,2,0.8165175181286202
9453,olympus,sam,3+6 clicks,0,12000,0.042756333952952946,3,0,2,3,2,0.2843261222989766
9453,olympus,rf_clicks,3+6 clicks,0,16000,0.31189665427224195,3,1,4,2,5,0.5649897840852615
9453,olympus,dino_clicks,3+6 clicks,1,16000,0.0,3,0,2,3,2,0.0
9453,olympus,sam,3+6 clicks,1,12000,0.2584574307357401,3,1,1,2,2,0.572636442666095
9453,olympus,rf_clicks,3+6 clicks,1,16000,0.4271807498992642,3,1,6,2,7,0.7029317296521561
9453,olympus,dino_clicks,3+6 clicks,2,16000,0.29602492983190526,3,1,7,2,8,0.49670679082443786
9453,olympus,sam,3+6 clicks,2,12000,0.4695698342768646,3,1,2,2,3,0.63294345183275
9453,olympus,rf_clicks,3+6 clicks,2,16000,0.2743385847773567,3,1,6,2,7,0.6983955118408256
9453,olympus,dino_clicks,10+20 clicks,0,16000,0.10272453951546794,3,0,2,3,2,0.7127115381089456
9453,olympus,sam,10+20 clicks,0,16000,0.18371303994806254,3,0,3,3,3,0.5652781810946558
9453,olympus,rf_clicks,10+20 clicks,0,16000,0.2524623672121443,3,0,5,3,5,0.816722326948075
9453,olympus,dino_labels,5 labelled training images,0,16000,0.14299844227403963,3,0,3,3,3,0.44488186523978895
9453,olympus,dino_clicks,10+20 clicks,1,16000,0.06828658698428881,3,0,4,3,4,0.6908653659000765
9453,olympus,sam,10+20 clicks,1,16000,0.15515034187655616,3,0,2,3,2,0.6507914913465557
9453,olympus,rf_clicks,10+20 clicks,1,16000,0.317168809490632,3,1,5,2,6,0.7777171526289874
9453,olympus,dino_clicks,10+20 clicks,2,16000,0.3900508151901842,3,2,4,1,6,0.6113184695202548
9453,olympus,sam,10+20 clicks,2,16000,0.1534623015873016,3,0,1,3,1,0.40805344342080097
9453,olympus,rf_clicks,10+20 clicks,2,16000,0.20589234485054633,3,0,4,3,4,0.7423709564279614
9464,olympus,dino_clicks,3+6 clicks,0,16000,0.7510369346237409,1,1,0,0,1,0.9137193061500338
9464,olympus,sam,3+6 clicks,0,12000,0.9464473511239647,1,1,0,0,1,0.9724869779575022
9464,olympus,rf_clicks,3+6 clicks,0,16000,0.6747093414732684,1,1,1,0,2,0.9693578943125478
9464,olympus,dino_clicks,3+6 clicks,1,16000,0.3870534805617749,1,0,1,1,1,0.8555681314895921
9464,olympus,sam,3+6 clicks,1,12000,0.9442244170186193,1,1,0,0,1,0.9713121682388343
9464,olympus,rf_clicks,3+6 clicks,1,16000,0.6861702738389115,1,1,1,0,2,0.9694069556189981
9464,olympus,dino_clicks,3+6 clicks,2,16000,0.9325527155028798,1,1,0,0,1,0.9650993817886259
9464,olympus,sam,3+6 clicks,2,12000,0.9426158118745173,1,1,0,0,1,0.9704603515658043
9464,olympus,rf_clicks,3+6 clicks,2,16000,0.9417206593947347,1,1,0,0,1,0.9699857235780599
9464,olympus,dino_clicks,10+20 clicks,0,16000,0.8906417544323506,1,1,0,0,1,0.9442709752773992
9464,olympus,sam,10+20 clicks,0,16000,0.6726923140129168,1,1,0,0,1,0.8043228373532446
9464,olympus,rf_clicks,10+20 clicks,0,16000,0.534888429206461,1,1,1,0,2,0.944796436373248
9464,olympus,dino_labels,5 labelled training images,0,16000,0.8181044267877412,1,1,0,0,1,0.9096550273453934
9464,olympus,dino_clicks,10+20 clicks,1,16000,0.9387220507063336,1,1,0,0,1,0.9686574848757884
9464,olympus,sam,10+20 clicks,1,16000,0.8682190925375096,1,1,0,0,1,0.9294617488982522
9464,olympus,rf_clicks,10+20 clicks,1,16000,0.7832245977880397,1,1,0,0,1,0.878436287565316
9464,olympus,dino_clicks,10+20 clicks,2,16000,0.7394242925216377,1,1,0,0,1,0.9061022023938091
9464,olympus,sam,10+20 clicks,2,16000,0.9275771967592973,1,1,0,0,1,0.9624280659874676
9464,olympus,rf_clicks,10+20 clicks,2,16000,0.547898369167036,1,1,1,0,2,0.9487368239698029
9504,olympus,dino_clicks,3+6 clicks,0,16000,0.40806801010762694,4,2,1,2,3,0.5112216626879715
9504,olympus,sam,3+6 clicks,0,12000,0.47284418875575585,4,2,1,2,3,0.666461135003083
9504,olympus,rf_clicks,3+6 clicks,0,16000,0.6166771588108027,4,3,5,1,8,0.7540448647151661
9504,olympus,dino_clicks,3+6 clicks,1,16000,0.814211466912623,4,4,3,0,7,0.8918243303259863
9504,olympus,sam,3+6 clicks,1,12000,0.16641064570867198,4,1,0,3,1,0.3580945059696831
9504,olympus,rf_clicks,3+6 clicks,1,16000,0.5847913259732275,4,2,6,2,8,0.7211539851667654
9504,olympus,dino_clicks,3+6 clicks,2,16000,0.8657106031528303,4,4,1,0,5,0.9190772812117176
9504,olympus,sam,3+6 clicks,2,12000,0.4843861594587513,4,2,2,2,4,0.6769262399628402
9504,olympus,rf_clicks,3+6 clicks,2,16000,0.5501483885901992,4,2,4,2,6,0.6808960815391732
9504,olympus,dino_clicks,10+20 clicks,0,16000,0.8116865794037149,4,4,1,0,5,0.9410940714692192
9504,olympus,sam,10+20 clicks,0,16000,0.4984999699002309,4,2,1,2,3,0.7386710294128154
9504,olympus,rf_clicks,10+20 clicks,0,16000,0.38714209515785214,4,2,3,2,5,0.66685219050648
9504,olympus,dino_labels,5 labelled training images,0,16000,0.5661777891178152,4,3,1,1,4,0.7857499477715261
9504,olympus,dino_clicks,10+20 clicks,1,16000,0.762189434466559,4,4,0,0,4,0.860478356138992
9504,olympus,sam,10+20 clicks,1,16000,0.27723544337857037,4,2,0,2,2,0.5186256750143803
9504,olympus,rf_clicks,10+20 clicks,1,16000,0.6429364843555119,4,3,3,1,6,0.7571323441323955
9504,olympus,dino_clicks,10+20 clicks,2,16000,0.8918250367786916,4,4,0,0,4,0.9431998473082107
9504,olympus,sam,10+20 clicks,2,16000,0.36610970360027373,4,2,0,2,2,0.6316514551403478
9504,olympus,rf_clicks,10+20 clicks,2,16000,0.6259432952618029,4,3,5,1,8,0.8084256549664681
9511,olympus,dino_clicks,3+6 clicks,0,16000,0.0,2,0,1,2,1,0.0
9511,olympus,sam,3+6 clicks,0,12000,0.4205176390193901,2,1,0,1,1,0.5913513513513513
9511,olympus,rf_clicks,3+6 clicks,0,16000,0.25063088850342014,2,0,5,2,5,0.8307028249522509
9511,olympus,dino_clicks,3+6 clicks,1,16000,0.09217990908993329,2,0,6,2,6,0.8458603138084371
9511,olympus,sam,3+6 clicks,1,12000,0.24340162084311945,2,0,5,2,5,0.5405320640543133
9511,olympus,rf_clicks,3+6 clicks,1,16000,0.07439324265249175,2,0,1,2,1,0.8625722044582793
9511,olympus,dino_clicks,3+6 clicks,2,16000,0.7058944949492916,2,2,3,0,5,0.8194587877719285
9511,olympus,sam,3+6 clicks,2,12000,0.8828088983314395,2,2,3,0,5,0.9241232667033622
9511,olympus,rf_clicks,3+6 clicks,2,16000,0.24094996552828635,2,0,6,2,6,0.7034671855651866
9511,olympus,dino_clicks,10+20 clicks,0,16000,0.8213376345828342,2,2,3,0,5,0.9081199526922602
9511,olympus,sam,10+20 clicks,0,16000,0.0,2,0,0,2,0,0.0
9511,olympus,rf_clicks,10+20 clicks,0,16000,0.12828451665792895,2,0,2,2,2,0.8732312388441938
9511,olympus,dino_labels,5 labelled training images,0,16000,0.3982643529310895,2,1,2,1,3,0.8219575365622916
9511,olympus,dino_clicks,10+20 clicks,1,16000,0.7989762308117705,2,2,3,0,5,0.8841177513172099
9511,olympus,sam,10+20 clicks,1,16000,0.2098370825915736,2,0,2,2,2,0.360559168044951
9511,olympus,rf_clicks,10+20 clicks,1,16000,0.26615399950971824,2,0,2,2,2,0.7899682230770401
9511,olympus,dino_clicks,10+20 clicks,2,16000,0.7995995323281401,2,2,3,0,5,0.8764158225554908
9511,olympus,sam,10+20 clicks,2,16000,0.8220680085304327,2,2,0,0,2,0.9028614039680462
9511,olympus,rf_clicks,10+20 clicks,2,16000,0.1419184395855806,2,0,3,2,3,0.8574813268010602
9512,olympus,dino_clicks,3+6 clicks,0,16000,0.6631615270301907,3,3,2,0,5,0.7728576706582923
9512,olympus,sam,3+6 clicks,0,12000,0.22795954621413386,3,0,4,3,4,0.8877760032560753
9512,olympus,rf_clicks,3+6 clicks,0,16000,0.35143070508879487,3,1,5,2,6,0.7982610566672534
9512,olympus,dino_clicks,3+6 clicks,1,16000,0.7110630575557222,3,3,4,0,7,0.8050815518938046
9512,olympus,sam,3+6 clicks,1,12000,0.8371424640593202,3,3,1,0,4,0.9029958084315559
9512,olympus,rf_clicks,3+6 clicks,1,16000,0.350880149503475,3,1,5,2,6,0.8006073559705607
9512,olympus,dino_clicks,3+6 clicks,2,16000,0.5766587018669171,3,2,4,1,6,0.8178856683085739
9512,olympus,sam,3+6 clicks,2,12000,0.7777423118776543,3,3,1,0,4,0.8570185273353709
9512,olympus,rf_clicks,3+6 clicks,2,16000,0.2027958658831908,3,0,5,3,5,0.7995288326637714
9512,olympus,dino_clicks,10+20 clicks,0,16000,0.18778708238045352,3,0,4,3,4,0.9020915904720794
9512,olympus,sam,10+20 clicks,0,16000,0.6637434076180749,3,2,2,1,4,0.7529257912935544
9512,olympus,rf_clicks,10+20 clicks,0,16000,0.35198367623336635,3,1,5,2,6,0.8187362365943852
9512,olympus,dino_labels,5 labelled training images,0,16000,0.3565127334436371,3,1,2,2,3,0.7119783902531972
9512,olympus,dino_clicks,10+20 clicks,1,16000,0.1920666845327319,3,0,3,3,3,0.9003270664145067
9512,olympus,sam,10+20 clicks,1,16000,0.6656635738927169,3,2,1,1,3,0.7718565155045707
9512,olympus,rf_clicks,10+20 clicks,1,16000,0.1965256099379528,3,0,1,3,1,0.7769111836454218
9512,olympus,dino_clicks,10+20 clicks,2,16000,0.45422351541065664,3,1,3,2,4,0.9012029291033966
9512,olympus,sam,10+20 clicks,2,16000,0.7971001303595898,3,3,0,0,3,0.8810131213855208
9512,olympus,rf_clicks,10+20 clicks,2,16000,0.18829273039119188,3,0,6,3,6,0.8271185860986893
9528,olympus,dino_clicks,3+6 clicks,0,16000,0.24229959665331915,3,0,1,3,1,0.9110911254644392
9528,olympus,sam,3+6 clicks,0,12000,0.14243714625503565,3,0,1,3,1,0.6604754337173884
9528,olympus,rf_clicks,3+6 clicks,0,16000,0.34618438362132103,3,0,3,3,3,0.83306645316253
9528,olympus,dino_clicks,3+6 clicks,1,16000,0.5712361075570856,3,2,0,1,2,0.933848242854454
9528,olympus,sam,3+6 clicks,1,12000,0.23519746312448483,3,0,1,3,1,0.5876076477278882
9528,olympus,rf_clicks,3+6 clicks,1,16000,0.2736723617772575,3,0,4,3,4,0.7675074410847448
9528,olympus,dino_clicks,3+6 clicks,2,16000,0.5843184642383799,3,1,1,2,2,0.9226277765071507
9528,olympus,sam,3+6 clicks,2,12000,0.280374634769253,3,0,1,3,1,0.7040250543312097
9528,olympus,rf_clicks,3+6 clicks,2,16000,0.16782992365814986,3,0,3,3,3,0.8540695612726384
9528,olympus,dino_clicks,10+20 clicks,0,16000,0.5845909936408775,3,2,0,1,2,0.9298712963246476
9528,olympus,sam,10+20 clicks,0,16000,0.5988202536739524,3,2,1,1,3,0.7527817696571546
9528,olympus,rf_clicks,10+20 clicks,0,16000,0.3610617771163001,3,0,3,3,3,0.8315692813300469
9528,olympus,dino_labels,5 labelled training images,0,16000,0.5590728362172562,3,1,2,2,3,0.942687359295555
9528,olympus,dino_clicks,10+20 clicks,1,16000,0.5765685988224737,3,1,1,2,2,0.9225703678982697
9528,olympus,sam,10+20 clicks,1,16000,0.4848805705083226,3,2,3,1,5,0.8165135897138278
9528,olympus,rf_clicks,10+20 clicks,1,16000,0.33859791212887663,3,0,4,3,4,0.8224623055918319
9528,olympus,dino_clicks,10+20 clicks,2,16000,0.2498963837567263,3,0,1,3,1,0.925761616576059
9528,olympus,sam,10+20 clicks,2,16000,0.28411867922425343,3,0,4,3,4,0.8855627391839063
9528,olympus,rf_clicks,10+20 clicks,2,16000,0.17680771343161072,3,0,3,3,3,0.8657917473370877
9581,olympus,dino_clicks,3+6 clicks,0,16000,0.580140830383145,2,1,7,1,8,0.8829430654196845
9581,olympus,sam,3+6 clicks,0,12000,0.17441542972377316,2,0,2,2,2,0.5741421746054727
9581,olympus,rf_clicks,3+6 clicks,0,16000,0.3208232753734823,2,0,6,2,6,0.8752701729106628
9581,olympus,dino_clicks,3+6 clicks,1,16000,0.0,2,0,0,2,0,0.0
9581,olympus,sam,3+6 clicks,1,12000,0.24348919629587287,2,0,2,2,2,0.4200291878673135
9581,olympus,rf_clicks,3+6 clicks,1,16000,0.19884699853587115,2,0,3,2,3,0.34301999901724733
9581,olympus,dino_clicks,3+6 clicks,2,16000,0.2398267204455847,2,0,2,2,2,0.7992261295095027
9581,olympus,sam,3+6 clicks,2,12000,0.2113519326618824,2,0,2,2,2,0.3941149815370079
9581,olympus,rf_clicks,3+6 clicks,2,16000,0.31868374485613987,2,0,4,2,4,0.8751581874414778
9581,olympus,dino_clicks,10+20 clicks,0,16000,0.5192904507392742,2,1,4,1,5,0.9027590109598217
9581,olympus,sam,10+20 clicks,0,16000,0.36552021294535997,2,0,2,2,2,0.5687004316214276
9581,olympus,rf_clicks,10+20 clicks,0,16000,0.33064549135204696,2,0,5,2,5,0.8518885524327257
9581,olympus,dino_labels,5 labelled training images,0,16000,0.437545559308279,2,1,3,1,4,0.8227871097571201
9581,olympus,dino_clicks,10+20 clicks,1,16000,0.7049662667633745,2,2,3,0,5,0.8196288195421964
9581,olympus,sam,10+20 clicks,1,16000,0.18881157499447757,2,0,1,2,1,0.4741778340238892
9581,olympus,rf_clicks,10+20 clicks,1,16000,0.08137632227881358,2,0,2,2,2,0.2866914981071947
9581,olympus,dino_clicks,10+20 clicks,2,16000,0.7259012205265541,2,2,3,0,5,0.8793101237417452
9581,olympus,sam,10+20 clicks,2,16000,0.7017753903994498,2,2,0,0,2,0.8244250479881207
9581,olympus,rf_clicks,10+20 clicks,2,16000,0.4059751002826832,2,1,3,1,4,0.8357706261840786
9590,olympus,dino_clicks,3+6 clicks,0,16000,0.3333047168711527,3,0,3,3,3,0.8671005168404532
9590,olympus,sam,3+6 clicks,0,12000,0.46268203716536643,3,1,1,2,2,0.9281101558953987
9590,olympus,rf_clicks,3+6 clicks,0,16000,0.0,3,0,2,3,2,0.0
9590,olympus,dino_clicks,3+6 clicks,1,16000,0.6704474716197951,3,3,1,0,4,0.8566763675824989
9590,olympus,sam,3+6 clicks,1,12000,0.5961330376024633,3,1,1,2,2,0.93405586436263
9590,olympus,rf_clicks,3+6 clicks,1,16000,0.0,3,0,10,3,10,0.0
9590,olympus,dino_clicks,3+6 clicks,2,16000,0.5453155997585412,3,2,2,1,4,0.6833537103175799
9590,olympus,sam,3+6 clicks,2,12000,0.5736362781311874,3,1,2,2,3,0.6867420462684648
9590,olympus,rf_clicks,3+6 clicks,2,16000,0.5247557391471617,3,2,6,1,8,0.722887730329924
9590,olympus,dino_clicks,10+20 clicks,0,16000,0.3329146990984429,3,0,3,3,3,0.8777823080571481
9590,olympus,sam,10+20 clicks,0,16000,0.16117298798775312,3,0,1,3,1,0.7171501961330917
9590,olympus,rf_clicks,10+20 clicks,0,16000,0.41623178770181807,3,1,4,2,5,0.9071920442474635
9590,olympus,dino_labels,5 labelled training images,0,16000,0.4829828879458355,3,1,2,2,3,0.9197182904475102
9590,olympus,dino_clicks,10+20 clicks,1,16000,0.829695005749718,3,3,1,0,4,0.9070373588184187
9590,olympus,sam,10+20 clicks,1,16000,0.19154042737652935,3,0,1,3,1,0.7846289024686884
9590,olympus,rf_clicks,10+20 clicks,1,16000,0.518996352062095,3,1,4,2,5,0.7117699858123172
9590,olympus,dino_clicks,10+20 clicks,2,16000,0.8103576701365883,3,3,2,0,5,0.9039338061465721
9590,olympus,sam,10+20 clicks,2,16000,0.5683496867598729,3,2,0,1,2,0.7201365588117975
9590,olympus,rf_clicks,10+20 clicks,2,16000,0.3371277641468238,3,0,4,3,4,0.7914028238594141
9600,olympus,dino_clicks,3+6 clicks,0,16000,0.456648649071857,2,0,2,2,2,0.9375130498575097
9600,olympus,sam,3+6 clicks,0,12000,0.6184962680838766,2,2,0,0,2,0.7976442222178304
9600,olympus,rf_clicks,3+6 clicks,0,16000,0.24313970033163151,2,0,4,2,4,0.5664425418957747
9600,olympus,dino_clicks,3+6 clicks,1,16000,0.31016750714689423,2,0,3,2,3,0.9059084218524993
9600,olympus,sam,3+6 clicks,1,12000,0.6440758109327469,2,1,1,1,2,0.7911449875724937
9600,olympus,rf_clicks,3+6 clicks,1,16000,0.7145536563323441,2,1,7,1,8,0.8229485869935308
9600,olympus,dino_clicks,3+6 clicks,2,16000,0.893063974472315,2,2,2,0,4,0.9396987880927168
9600,olympus,sam,3+6 clicks,2,12000,0.8759064071359732,2,2,0,0,2,0.9349219001953256
9600,olympus,rf_clicks,3+6 clicks,2,16000,0.22193940288229796,2,0,4,2,4,0.3423493484569716
9600,olympus,dino_clicks,10+20 clicks,0,16000,0.9106096793109366,2,2,1,0,3,0.9507179567770813
9600,olympus,sam,10+20 clicks,0,16000,0.39562788021794537,2,1,0,1,1,0.6521643109540636
9600,olympus,rf_clicks,10+20 clicks,0,16000,0.3670501791672711,2,1,8,1,9,0.8968456641369636
9600,olympus,dino_labels,5 labelled training images,0,16000,0.24600394656213348,2,0,2,2,2,0.9022991551744242
9600,olympus,dino_clicks,10+20 clicks,1,16000,0.3845403069485136,2,0,2,2,2,0.9454479911229772
9600,olympus,sam,10+20 clicks,1,16000,0.4404460235111515,2,0,2,2,2,0.6649458141900186
9600,olympus,rf_clicks,10+20 clicks,1,16000,0.7067722139475721,2,2,2,0,4,0.8322377002139093
9600,olympus,dino_clicks,10+20 clicks,2,16000,0.8766790593656277,2,2,1,0,3,0.9337981615961785
9600,olympus,sam,10+20 clicks,2,16000,0.6532489097622737,2,1,1,1,2,0.8022278023714874
9600,olympus,rf_clicks,10+20 clicks,2,16000,0.0,2,0,0,2,0,0.0
9601,olympus,dino_clicks,3+6 clicks,0,16000,0.21959315280487576,4,1,1,3,2,0.46015911702377216
9601,olympus,sam,3+6 clicks,0,12000,0.16606654084905612,4,0,4,4,4,0.7039316789293506
9601,olympus,rf_clicks,3+6 clicks,0,16000,0.03597819999141767,4,0,4,4,4,0.41944092600116306
9601,olympus,dino_clicks,3+6 clicks,1,16000,0.09095207797261277,4,0,3,4,3,0.7921643695763144
9601,olympus,sam,3+6 clicks,1,12000,0.2264403777220072,4,1,1,3,2,0.2067046281628634
9601,olympus,rf_clicks,3+6 clicks,1,16000,0.3052253178781805,4,0,10,4,10,0.6773088871785444
9601,olympus,dino_clicks,3+6 clicks,2,16000,0.10136455165871142,4,0,4,4,4,0.8706587367884946
9601,olympus,sam,3+6 clicks,2,12000,0.16245947947643175,4,0,2,4,2,0.3242428197845823
9601,olympus,rf_clicks,3+6 clicks,2,16000,0.39959589559503206,4,1,7,3,8,0.5301717214211955
9601,olympus,dino_clicks,10+20 clicks,0,16000,0.10077386913968689,4,0,1,4,1,0.8618339890232648
9601,olympus,sam,10+20 clicks,0,16000,0.29454708000256785,4,0,3,4,3,0.6594335874685484
9601,olympus,rf_clicks,10+20 clicks,0,16000,0.11563599565434103,4,0,3,4,3,0.29032572136661355
9601,olympus,dino_labels,5 labelled training images,0,16000,0.3343010662973085,4,1,4,3,5,0.585494195096394
9601,olympus,dino_clicks,10+20 clicks,1,16000,0.5523457812027156,4,2,7,2,9,0.8582366838192624
9601,olympus,sam,10+20 clicks,1,16000,0.3073706269102008,4,1,1,3,2,0.6767022379166343
9601,olympus,rf_clicks,10+20 clicks,1,16000,0.5410895370173765,4,3,5,1,8,0.685912255981614
9601,olympus,dino_clicks,10+20 clicks,2,16000,0.6923388536699253,4,3,4,1,7,0.8795347517073199
9601,olympus,sam,10+20 clicks,2,16000,0.3136948692040323,4,0,2,4,2,0.7323738791716763
9601,olympus,rf_clicks,10+20 clicks,2,16000,0.0,4,0,0,4,0,0.0
9605,olympus,dino_clicks,3+6 clicks,0,16000,0.28869358323824323,1,0,4,1,4,0.8778993220047004
9605,olympus,sam,3+6 clicks,0,12000,0.8779250778346892,1,1,0,0,1,0.9372252599978557
9605,olympus,rf_clicks,3+6 clicks,0,16000,0.4865220065991835,1,0,8,1,8,0.6545776038825455
9605,olympus,dino_clicks,3+6 clicks,1,16000,0.371630345694814,1,0,8,1,8,0.8928210177080664
9605,olympus,sam,3+6 clicks,1,12000,0.5203879153740812,1,1,0,0,1,0.6845462399588242
9605,olympus,rf_clicks,3+6 clicks,1,16000,0.37781196481959883,1,0,10,1,10,0.8173440713354998
9605,olympus,dino_clicks,3+6 clicks,2,16000,0.6757704074396742,1,1,5,0,6,0.9180968634305454
9605,olympus,sam,3+6 clicks,2,12000,0.8752045295171805,1,1,0,0,1,0.9334496752122546
9605,olympus,rf_clicks,3+6 clicks,2,16000,0.589196675900277,1,1,5,0,6,0.7415025274533729
9605,olympus,dino_clicks,10+20 clicks,0,16000,0.0,1,0,1,1,1,0.0
9605,olympus,sam,10+20 clicks,0,16000,0.595029681054432,1,1,0,0,1,0.7461166043746353
9605,olympus,rf_clicks,10+20 clicks,0,16000,0.20860576073511222,1,0,6,1,6,0.4576024808605485
9605,olympus,dino_labels,5 labelled training images,0,16000,0.5414007657945118,1,1,5,0,6,0.7123589609026503
9605,olympus,dino_clicks,10+20 clicks,1,16000,0.6424229588054644,1,1,2,0,3,0.8820134052545108
9605,olympus,sam,10+20 clicks,1,16000,0.8946525608379492,1,1,0,0,1,0.9443974893658293
9605,olympus,rf_clicks,10+20 clicks,1,16000,0.7367314899220095,1,1,5,0,6,0.8558611560523607
9605,olympus,dino_clicks,10+20 clicks,2,16000,0.6584960115444742,1,1,2,0,3,0.9076092211218387
9605,olympus,sam,10+20 clicks,2,16000,0.5291277041172365,1,1,0,0,1,0.6920647669812526
9605,olympus,rf_clicks,10+20 clicks,2,16000,0.5164837165274061,1,1,4,0,5,0.8141477642794438
9625,olympus,dino_clicks,3+6 clicks,0,16000,0.7825630327663134,6,6,7,0,13,0.8698822729660415
9625,olympus,sam,3+6 clicks,0,12000,0.19050955093036606,6,1,1,5,2,0.3819880533006586
9625,olympus,rf_clicks,3+6 clicks,0,16000,0.40939671991185095,6,2,9,4,11,0.8268754489126255
9625,olympus,dino_clicks,3+6 clicks,1,16000,0.17692965139027447,6,1,2,5,3,0.34826022624218417
9625,olympus,sam,3+6 clicks,1,12000,0.2692199430132616,6,3,0,3,3,0.4419475655430712
9625,olympus,rf_clicks,3+6 clicks,1,16000,0.04544381753143784,6,0,2,6,2,0.13186942540543722
9625,olympus,dino_clicks,3+6 clicks,2,16000,0.27632482461667157,6,2,7,4,9,0.5103746952930631
9625,olympus,sam,3+6 clicks,2,12000,0.2325080895841427,6,1,3,5,4,0.39523134882492017
9625,olympus,rf_clicks,3+6 clicks,2,16000,0.30674535341392256,6,2,10,4,12,0.5907852132186919
9625,olympus,dino_clicks,10+20 clicks,0,16000,0.2633415640989358,6,2,0,4,2,0.6182151869694884
9625,olympus,sam,10+20 clicks,0,16000,0.1382073949794454,6,0,6,6,6,0.778646345270997
9625,olympus,rf_clicks,10+20 clicks,0,16000,0.10398158997554015,6,1,6,5,7,0.4318098841647582
9625,olympus,dino_labels,5 labelled training images,0,16000,0.3767781690663825,6,3,5,3,8,0.5910949549965756
9625,olympus,dino_clicks,10+20 clicks,1,16000,0.4373144019174835,6,3,7,3,10,0.6626828490721313
9625,olympus,sam,10+20 clicks,1,16000,0.31200507730328514,6,3,2,3,5,0.49603238234746017
9625,olympus,rf_clicks,10+20 clicks,1,16000,0.46827079022998436,6,3,4,3,7,0.6673605059024351
9625,olympus,dino_clicks,10+20 clicks,2,16000,0.09943416527369493,6,1,0,5,1,0.21412095698135067
9625,olympus,sam,10+20 clicks,2,16000,0.1717873444122425,6,2,1,4,3,0.32500725972684386
9625,olympus,rf_clicks,10+20 clicks,2,16000,0.0,6,0,0,6,0,0.0
9626,olympus,dino_clicks,3+6 clicks,0,16000,0.22453684981406075,3,0,3,3,3,0.9041968782863785
9626,olympus,sam,3+6 clicks,0,12000,0.5839916951570411,3,2,1,1,3,0.7276972170260404
9626,olympus,rf_clicks,3+6 clicks,0,16000,0.681320708885122,3,2,5,1,7,0.8487871682279081
9626,olympus,dino_clicks,3+6 clicks,1,16000,0.5690350550663871,3,1,1,2,2,0.8820768792556222
9626,olympus,sam,3+6 clicks,1,12000,0.43102916687418613,3,1,2,2,3,0.5843062778062857
9626,olympus,rf_clicks,3+6 clicks,1,16000,0.5183245366740138,3,1,6,2,7,0.9004444087391865
9626,olympus,dino_clicks,3+6 clicks,2,16000,0.5189613898234674,3,1,1,2,2,0.9025474672776354
9626,olympus,sam,3+6 clicks,2,12000,0.2030242740069089,3,0,1,3,1,0.7881624764529834
9626,olympus,rf_clicks,3+6 clicks,2,16000,0.6525457213807848,3,2,6,1,8,0.8558120903417861
9626,olympus,dino_clicks,10+20 clicks,0,16000,0.5637799777599397,3,1,2,2,3,0.9253807033049828
9626,olympus,sam,10+20 clicks,0,16000,0.3693398827289325,3,1,1,2,2,0.8123188346960483
9626,olympus,rf_clicks,10+20 clicks,0,16000,0.5452635512876973,3,2,2,1,4,0.8743245640918109
9626,olympus,dino_labels,5 labelled training images,0,16000,0.5757438980030835,3,1,2,2,3,0.8759719638613043
9626,olympus,dino_clicks,10+20 clicks,1,16000,0.47855279372886966,3,1,1,2,2,0.8853033737782396
9626,olympus,sam,10+20 clicks,1,16000,0.2223802943648211,3,0,1,3,1,0.7995380948871035
9626,olympus,rf_clicks,10+20 clicks,1,16000,0.6822023502992627,3,3,3,0,6,0.8700228635520469
9626,olympus,dino_clicks,10+20 clicks,2,16000,0.26560326292638275,3,0,2,3,2,0.9161588522407927
9626,olympus,sam,10+20 clicks,2,16000,0.18638369470754926,3,0,2,3,2,0.7737188180822503
9626,olympus,rf_clicks,10+20 clicks,2,16000,0.5443617952630193,3,1,3,2,4,0.8655551878206189
9629,olympus,dino_clicks,3+6 clicks,0,16000,0.8068889461579914,5,5,3,0,8,0.9077005882544826
9629,olympus,sam,3+6 clicks,0,12000,0.2032404337886941,5,0,3,5,3,0.6260818220719899
9629,olympus,rf_clicks,3+6 clicks,0,16000,0.3405812584611757,5,1,6,4,7,0.8484148822604259
9629,olympus,dino_clicks,3+6 clicks,1,16000,0.5047885352197621,5,2,3,3,5,0.6612276098285227
9629,olympus,sam,3+6 clicks,1,12000,0.45742270728998474,5,3,1,2,4,0.6682411226921099
9629,olympus,rf_clicks,3+6 clicks,1,16000,0.24508287974248147,5,0,6,5,6,0.4412962756515252
9629,olympus,dino_clicks,3+6 clicks,2,16000,0.7732939752233845,5,5,7,0,12,0.9059856300148172
9629,olympus,sam,3+6 clicks,2,12000,0.4375111777235242,5,3,0,2,3,0.6526405929338117
9629,olympus,rf_clicks,3+6 clicks,2,16000,0.4974781049987138,5,3,5,2,8,0.8002816788799267
9629,olympus,dino_clicks,10+20 clicks,0,16000,0.847209850583803,5,5,1,0,6,0.9258986227784445
9629,olympus,sam,10+20 clicks,0,16000,0.3758875109428125,5,2,3,3,5,0.6611617957837225
9629,olympus,rf_clicks,10+20 clicks,0,16000,0.6690755497612187,5,5,2,0,7,0.8188023865005264
9629,olympus,dino_labels,5 labelled training images,0,16000,0.7931207846241832,5,5,1,0,6,0.8908902945453908
9629,olympus,dino_clicks,10+20 clicks,1,16000,0.8287603077049038,5,5,3,0,8,0.9206376640948016
9629,olympus,sam,10+20 clicks,1,16000,0.36080382920165904,5,2,1,3,3,0.5840452595208262
9629,olympus,rf_clicks,10+20 clicks,1,16000,0.665568548606509,5,4,3,1,7,0.8848176091922199
9629,olympus,dino_clicks,10+20 clicks,2,16000,0.6135108071685592,5,3,2,2,5,0.8889470851811455
9629,olympus,sam,10+20 clicks,2,16000,0.4759443091669181,5,3,1,2,4,0.7103893810119015
9629,olympus,rf_clicks,10+20 clicks,2,16000,0.49091500478809963,5,3,4,2,7,0.7797083933745487
9630,olympus,dino_clicks,3+6 clicks,0,16000,0.05618766620235527,10,0,1,10,1,0.16280389898957134
9630,olympus,sam,3+6 clicks,0,12000,0.02450166898270586,10,0,1,10,1,0.8220768861089022
9630,olympus,rf_clicks,3+6 clicks,0,16000,0.02468910340029568,10,0,1,10,1,0.1116513990836641
9630,olympus,dino_clicks,3+6 clicks,1,16000,0.30517893271384555,10,4,4,6,8,0.42028783997473684
9630,olympus,sam,3+6 clicks,1,12000,0.1225107039596373,10,0,3,10,3,0.5027997146364933
9630,olympus,rf_clicks,3+6 clicks,1,16000,0.28383479853789545,10,3,6,7,9,0.7851690885135791
9630,olympus,dino_clicks,3+6 clicks,2,16000,0.1069920635956763,10,1,2,9,3,0.20309132335734958
9630,olympus,sam,3+6 clicks,2,12000,0.16547299828974477,10,2,1,8,3,0.2511111865983449
9630,olympus,rf_clicks,3+6 clicks,2,16000,0.03814593001379656,10,0,2,10,2,0.13507429335953655
9630,olympus,dino_clicks,10+20 clicks,0,16000,0.6040024527446499,10,5,12,5,17,0.8455534617764002
9630,olympus,sam,10+20 clicks,0,16000,0.3045456638022611,10,4,7,6,11,0.5311297949006432
9630,olympus,rf_clicks,10+20 clicks,0,16000,0.03222379956166567,10,0,3,10,3,0.14282323851155193
9630,olympus,dino_labels,5 labelled training images,0,16000,0.20637456690454065,10,2,3,8,5,0.4429916270236215
9630,olympus,dino_clicks,10+20 clicks,1,16000,0.5798669738621028,10,7,9,3,16,0.7049876167176197
9630,olympus,sam,10+20 clicks,1,16000,0.02530258372005519,10,0,1,10,1,0.0920379922612581
9630,olympus,rf_clicks,10+20 clicks,1,16000,0.02123665470561274,10,0,2,10,2,0.055589072282299375
9630,olympus,dino_clicks,10+20 clicks,2,16000,0.4069212632880969,10,6,5,4,11,0.5537144546864396
9630,olympus,sam,10+20 clicks,2,16000,0.08268975732938133,10,0,2,10,2,0.5042759139178649
9630,olympus,rf_clicks,10+20 clicks,2,16000,0.004642744174603732,10,0,1,10,1,0.015618534151503329
9686,olympus,dino_clicks,3+6 clicks,0,16000,0.7911000429437868,3,3,1,0,4,0.872676387677706
9686,olympus,sam,3+6 clicks,0,12000,0.15256093347154667,3,0,1,3,1,0.3422312586082508
9686,olympus,rf_clicks,3+6 clicks,0,16000,0.15993137968247098,3,0,5,3,5,0.5854295470366053
9686,olympus,dino_clicks,3+6 clicks,1,16000,0.24803093125618,3,0,5,3,5,0.5677828955558322
9686,olympus,sam,3+6 clicks,1,12000,0.2575262650388127,3,1,1,2,2,0.6438790680848623
9686,olympus,rf_clicks,3+6 clicks,1,16000,0.1429356331041865,3,0,3,3,3,0.28630811927671074
9686,olympus,dino_clicks,3+6 clicks,2,16000,0.6266565382182282,3,2,6,1,8,0.8518397186824852
9686,olympus,sam,3+6 clicks,2,12000,0.19295963201892044,3,0,3,3,3,0.7242794058611
9686,olympus,rf_clicks,3+6 clicks,2,16000,0.11037132972157872,3,0,4,3,4,0.23138304652644998
9686,olympus,dino_clicks,10+20 clicks,0,16000,0.2180351518650642,3,0,6,3,6,0.8727097179086944
9686,olympus,sam,10+20 clicks,0,16000,0.30056619519453526,3,0,2,3,2,0.8326886948834126
9686,olympus,rf_clicks,10+20 clicks,0,16000,0.25137723922708494,3,0,4,3,4,0.6298458904876924
9686,olympus,dino_labels,5 labelled training images,0,16000,0.49620921624825237,3,1,4,2,5,0.9100536821806432
9686,olympus,dino_clicks,10+20 clicks,1,16000,0.4881108473219323,3,2,4,1,6,0.6474400646139905
9686,olympus,sam,10+20 clicks,1,16000,0.660713816703875,3,2,1,1,3,0.7958319708761145
9686,olympus,rf_clicks,10+20 clicks,1,16000,0.14112676017031275,3,0,4,3,4,0.2822806276440085
9686,olympus,dino_clicks,10+20 clicks,2,16000,0.7785902270280015,3,3,2,0,5,0.8727110787231027
9686,olympus,sam,10+20 clicks,2,16000,0.4995428466973926,3,1,3,2,4,0.757415522207806
9686,olympus,rf_clicks,10+20 clicks,2,16000,0.21708896352305196,3,0,4,3,4,0.5094994115863529
9692,olympus,dino_clicks,3+6 clicks,0,16000,0.0,3,0,1,3,1,0.0
9692,olympus,sam,3+6 clicks,0,12000,0.5399981536670868,3,2,2,1,4,0.7665148744427313
9692,olympus,rf_clicks,3+6 clicks,0,16000,0.0,3,0,0,3,0,0.0
9692,olympus,dino_clicks,3+6 clicks,1,16000,0.39267234028954173,3,2,6,1,8,0.5789005617936909
9692,olympus,sam,3+6 clicks,1,12000,0.21528538396008276,3,1,2,2,3,0.4006294891453474
9692,olympus,rf_clicks,3+6 clicks,1,16000,0.08248529711074021,3,0,7,3,7,0.7537253746421957
9692,olympus,dino_clicks,3+6 clicks,2,16000,0.4837238188064908,3,1,2,2,3,0.7769723816235444
9692,olympus,sam,3+6 clicks,2,12000,0.27397798419719155,3,0,3,3,3,0.5547117519984025
9692,olympus,rf_clicks,3+6 clicks,2,16000,0.022124420727857433,3,0,5,3,5,0.1442418868285389
9692,olympus,dino_clicks,10+20 clicks,0,16000,0.3529298784801253,3,1,3,2,4,0.745835711984445
9692,olympus,sam,10+20 clicks,0,16000,0.36192138437819404,3,0,4,3,4,0.5849647222498261
9692,olympus,rf_clicks,10+20 clicks,0,16000,0.18166797151996184,3,0,6,3,6,0.7781444324682862
9692,olympus,dino_labels,5 labelled training images,0,16000,0.17792934298564336,3,0,3,3,3,0.7321139049380722
9692,olympus,dino_clicks,10+20 clicks,1,16000,0.15270200870090167,3,0,1,3,1,0.740171762584955
9692,olympus,sam,10+20 clicks,1,16000,0.14533247703406224,3,0,2,3,2,0.6046281808449312
9692,olympus,rf_clicks,10+20 clicks,1,16000,0.2854766131024465,3,0,8,3,8,0.810451688134796
9692,olympus,dino_clicks,10+20 clicks,2,16000,0.38272043193318644,3,1,5,2,6,0.7175653711936517
9692,olympus,sam,10+20 clicks,2,16000,0.8427073848723374,3,3,1,0,4,0.9159391697492807
9692,olympus,rf_clicks,10+20 clicks,2,16000,0.10998582950050344,3,0,6,3,6,0.7019361015759725
9694,olympus,dino_clicks,3+6 clicks,0,16000,0.16961630176031892,6,0,4,6,4,0.8481984491903549
9694,olympus,sam,3+6 clicks,0,12000,0.12661123666931215,6,0,1,6,1,0.7671495855465985
9694,olympus,rf_clicks,3+6 clicks,0,16000,0.058991611524459864,6,0,2,6,2,0.821202230264411
9694,olympus,dino_clicks,3+6 clicks,1,16000,0.414937681955091,6,2,5,4,7,0.7511544045077138
9694,olympus,sam,3+6 clicks,1,12000,0.10875603257659554,6,0,2,6,2,0.40420449769169525
9694,olympus,rf_clicks,3+6 clicks,1,16000,0.06195279529085246,6,0,2,6,2,0.7617831990256136
9694,olympus,dino_clicks,3+6 clicks,2,16000,0.10546521406165636,6,0,2,6,2,0.7749079766764105
9694,olympus,sam,3+6 clicks,2,12000,0.1900105466527793,6,0,5,6,5,0.5128994476693952
9694,olympus,rf_clicks,3+6 clicks,2,16000,0.2541258112406475,6,1,4,5,5,0.7458602660078588
9694,olympus,dino_clicks,10+20 clicks,0,16000,0.11086364263114946,6,0,3,6,3,0.7749970057229747
9694,olympus,sam,10+20 clicks,0,16000,0.21391537356298726,6,0,4,6,4,0.6289443309952943
9694,olympus,rf_clicks,10+20 clicks,0,16000,0.3328443244964024,6,1,5,5,6,0.8385377890545826
9694,olympus,dino_labels,5 labelled training images,0,16000,0.4080554202427494,6,2,3,4,5,0.671324585534484
9694,olympus,dino_clicks,10+20 clicks,1,16000,0.23002854491486682,6,1,2,5,3,0.833084551267268
9694,olympus,sam,10+20 clicks,1,16000,0.22883621356033237,6,0,4,6,4,0.6959492904682033
9694,olympus,rf_clicks,10+20 clicks,1,16000,0.06249551996449157,6,0,2,6,2,0.8457888236441248
9694,olympus,dino_clicks,10+20 clicks,2,16000,0.21234081413533246,6,1,3,5,4,0.862548740998925
9694,olympus,sam,10+20 clicks,2,16000,0.18476620114229958,6,0,4,6,4,0.6835952709893831
9694,olympus,rf_clicks,10+20 clicks,2,16000,0.2553501391453376,6,0,6,6,6,0.8124719782033533
9706,olympus,dino_clicks,3+6 clicks,0,16000,0.48871119438446264,6,3,6,3,9,0.7877621915653993
9706,olympus,sam,3+6 clicks,0,12000,0.24388799033799413,6,1,2,5,3,0.5169659310701938
9706,olympus,rf_clicks,3+6 clicks,0,16000,0.1305525325838827,6,0,11,6,11,0.34645702394215205
9706,olympus,dino_clicks,3+6 clicks,1,16000,0.15862563951510208,6,0,5,6,5,0.33078184288190376
9706,olympus,sam,3+6 clicks,1,12000,0.38276049749307256,6,4,0,2,4,0.5229232032067067
9706,olympus,rf_clicks,3+6 clicks,1,16000,0.0,6,0,2,6,2,0.0
9706,olympus,dino_clicks,3+6 clicks,2,16000,0.14783856830965514,6,0,3,6,3,0.8265781301718932
9706,olympus,sam,3+6 clicks,2,12000,0.08081747708053409,6,0,1,6,1,0.2103497558458057
9706,olympus,rf_clicks,3+6 clicks,2,16000,0.3233791416642395,6,2,9,4,11,0.7094685500106388
9706,olympus,dino_clicks,10+20 clicks,0,16000,0.3137761759814976,6,3,1,3,4,0.5420083311466807
9706,olympus,sam,10+20 clicks,0,16000,0.3715824687856595,6,3,0,3,3,0.5775060165219098
9706,olympus,rf_clicks,10+20 clicks,0,16000,0.09940286197513602,6,0,4,6,4,0.2362207829335857
9706,olympus,dino_labels,5 labelled training images,0,16000,0.546482358903555,6,4,2,2,6,0.8397649702925319
9706,olympus,dino_clicks,10+20 clicks,1,16000,0.36122286582565577,6,3,2,3,5,0.5683991683991684
9706,olympus,sam,10+20 clicks,1,16000,0.3586875484052674,6,2,1,4,3,0.5630892815972236
9706,olympus,rf_clicks,10+20 clicks,1,16000,0.07177222767263797,6,0,9,6,9,0.23492246856533522
9706,olympus,dino_clicks,10+20 clicks,2,16000,0.3270615821312309,6,3,0,3,3,0.5260499679162095
9706,olympus,sam,10+20 clicks,2,16000,0.050207820199265195,6,0,1,6,1,0.3826048440677284
9706,olympus,rf_clicks,10+20 clicks,2,16000,0.4506373504703398,6,3,4,3,7,0.7079942589120776
9710,olympus,dino_clicks,3+6 clicks,0,16000,0.47226699274630174,5,2,3,3,5,0.70499330223105
9710,olympus,sam,3+6 clicks,0,12000,0.6286700540874149,5,4,3,1,7,0.87904253531685
9710,olympus,rf_clicks,3+6 clicks,0,16000,0.35854455561210713,5,1,5,4,6,0.7364816855862458
9710,olympus,dino_clicks,3+6 clicks,1,16000,0.35390248865283536,5,1,4,4,5,0.8189230781846659
9710,olympus,sam,3+6 clicks,1,12000,0.12362939464064873,5,0,1,5,1,0.658675282527806
9710,olympus,rf_clicks,3+6 clicks,1,16000,0.22619694348226052,5,0,3,5,3,0.7086482611468923
9710,olympus,dino_clicks,3+6 clicks,2,16000,0.2196266898354844,5,0,5,5,5,0.9025794996252543
9710,olympus,sam,3+6 clicks,2,12000,0.06549112789462024,5,0,3,5,3,0.6938442679166419
9710,olympus,rf_clicks,3+6 clicks,2,16000,0.19037464062497772,5,0,4,5,4,0.859276498105025
9710,olympus,dino_clicks,10+20 clicks,0,16000,0.6720475929560172,5,3,2,2,5,0.8038959825863957
9710,olympus,sam,10+20 clicks,0,16000,0.4704246429855023,5,2,1,3,3,0.9160374516608583
9710,olympus,rf_clicks,10+20 clicks,0,16000,0.4420517340005822,5,2,5,3,7,0.6563653741636837
9710,olympus,dino_labels,5 labelled training images,0,16000,0.4887188124278972,5,3,1,2,4,0.8454005722853518
9710,olympus,dino_clicks,10+20 clicks,1,16000,0.6809896519080713,5,4,1,1,5,0.8118789982305703
9710,olympus,sam,10+20 clicks,1,16000,0.1337864772272419,5,0,2,5,2,0.7354761376717465
9710,olympus,rf_clicks,10+20 clicks,1,16000,0.25605448265761654,5,0,5,5,5,0.7412921144249415
9710,olympus,dino_clicks,10+20 clicks,2,16000,0.3928750473896399,5,1,2,4,3,0.916923867700706
9710,olympus,sam,10+20 clicks,2,16000,0.1516196101585976,5,1,4,4,5,0.8465101237020525
9710,olympus,rf_clicks,10+20 clicks,2,16000,0.19241977281253747,5,0,3,5,3,0.8367695185795705
9714,olympus,dino_clicks,3+6 clicks,0,16000,0.028423697716627363,11,0,1,11,1,0.13191979477514265
9714,olympus,sam,3+6 clicks,0,12000,0.02809886174259057,11,0,1,11,1,0.5688270585166507
9714,olympus,rf_clicks,3+6 clicks,0,16000,0.026911370986095386,11,0,2,11,2,0.49827909661591746
9714,olympus,dino_clicks,3+6 clicks,1,16000,0.18645227652066323,11,1,4,10,5,0.3521173293163876
9714,olympus,sam,3+6 clicks,1,12000,0.2748931441600407,11,2,7,9,9,0.4832823714885663
9714,olympus,rf_clicks,3+6 clicks,1,16000,0.05761592229588108,11,0,4,11,4,0.0796827073244722
9714,olympus,dino_clicks,3+6 clicks,2,16000,0.1023309230064692,11,1,2,10,3,0.8418776068114026
9714,olympus,sam,3+6 clicks,2,12000,0.029845699835715958,11,0,1,11,1,0.8305616917921508
9714,olympus,rf_clicks,3+6 clicks,2,16000,0.07796087467878061,11,1,2,10,3,0.8376595921238249
9714,olympus,dino_clicks,10+20 clicks,0,16000,0.07968545590275465,11,0,3,11,3,0.7998927874286244
9714,olympus,sam,10+20 clicks,0,16000,0.025374309059810227,11,0,4,11,4,0.3838056612381395
9714,olympus,rf_clicks,10+20 clicks,0,16000,0.10285155676565184,11,1,4,10,5,0.47749124937495535
9714,olympus,dino_labels,5 labelled training images,0,16000,0.2284128957432457,11,1,5,10,6,0.5424377364025943
9714,olympus,dino_clicks,10+20 clicks,1,16000,0.22697352996637415,11,1,7,10,8,0.41748763420026896
9714,olympus,sam,10+20 clicks,1,16000,0.05466352795157234,11,0,5,11,5,0.14870395276709428
9714,olympus,rf_clicks,10+20 clicks,1,16000,0.2879621521872765,11,1,11,10,12,0.5088515495812663
9714,olympus,dino_clicks,10+20 clicks,2,16000,0.18732817949852418,11,2,3,9,5,0.812049180837118
9714,olympus,sam,10+20 clicks,2,16000,0.035992920439748784,11,0,4,11,4,0.20706855339678265
9714,olympus,rf_clicks,10+20 clicks,2,16000,0.061980935315322186,11,1,1,10,2,0.13434903047091412
9719,olympus,dino_clicks,3+6 clicks,0,16000,0.22490720211255325,2,0,1,2,1,0.3767396248461201
9719,olympus,sam,3+6 clicks,0,12000,0.426746668629905,2,1,0,1,1,0.6145513981534656
9719,olympus,rf_clicks,3+6 clicks,0,16000,0.09385752254722504,2,0,7,2,7,0.8689245510141123
9719,olympus,dino_clicks,3+6 clicks,1,16000,0.07489687809559188,2,0,1,2,1,0.8082829611533924
9719,olympus,sam,3+6 clicks,1,12000,0.17461269810845037,2,0,2,2,2,0.7446260771800719
9719,olympus,rf_clicks,3+6 clicks,1,16000,0.09516022398559425,2,0,5,2,5,0.7498004814399076
9719,olympus,dino_clicks,3+6 clicks,2,16000,0.15743907820195557,2,0,10,2,10,0.8441513231598868
9719,olympus,sam,3+6 clicks,2,12000,0.3517038054781015,2,1,1,1,2,0.7499714935119233
9719,olympus,rf_clicks,3+6 clicks,2,16000,0.4526285839989706,2,0,14,2,14,0.6188853094426547
9719,olympus,dino_clicks,10+20 clicks,0,16000,0.6043739869997157,2,1,1,1,2,0.8521448108547658
9719,olympus,sam,10+20 clicks,0,16000,0.4753854396153436,2,1,1,1,2,0.7995726526575663
9719,olympus,rf_clicks,10+20 clicks,0,16000,0.15952703249546618,2,0,2,2,2,0.4672190725396133
9719,olympus,dino_labels,5 labelled training images,0,16000,0.48392321589720866,2,1,7,1,8,0.7686463325750381
9719,olympus,dino_clicks,10+20 clicks,1,16000,0.15541450065254286,2,0,8,2,8,0.7962210113709453
9719,olympus,sam,10+20 clicks,1,16000,0.10547486880098701,2,0,2,2,2,0.6747105919214286
9719,olympus,rf_clicks,10+20 clicks,1,16000,0.3448333774151404,2,1,6,1,7,0.8381384927483574
9719,olympus,dino_clicks,10+20 clicks,2,16000,0.2915900903762293,2,0,2,2,2,0.6944422114225162
9719,olympus,sam,10+20 clicks,2,16000,0.5895351508708637,2,1,2,1,3,0.7479911658286734
9719,olympus,rf_clicks,10+20 clicks,2,16000,0.46448954815954235,2,1,6,1,7,0.7540673279723354
9726,olympus,dino_clicks,3+6 clicks,0,16000,0.43774444941337887,5,2,5,3,7,0.6278770247132446
9726,olympus,sam,3+6 clicks,0,12000,0.23926163941487072,5,1,1,4,2,0.5487303127231278
9726,olympus,rf_clicks,3+6 clicks,0,16000,0.1786736762074511,5,0,3,5,3,0.7799418981920554
9726,olympus,dino_clicks,3+6 clicks,1,16000,0.5979060849764555,5,3,5,2,8,0.7469456863352663
9726,olympus,sam,3+6 clicks,1,12000,0.2739843447686808,5,1,1,4,2,0.7076551838908304
9726,olympus,rf_clicks,3+6 clicks,1,16000,0.2452230551832287,5,0,6,5,6,0.7152450929532829
9726,olympus,dino_clicks,3+6 clicks,2,16000,0.439464106725448,5,2,6,3,8,0.6220436577957549
9726,olympus,sam,3+6 clicks,2,12000,0.18624898671585713,5,0,2,5,2,0.5495162019593067
9726,olympus,rf_clicks,3+6 clicks,2,16000,0.07640333442710438,5,0,4,5,4,0.8166002934395304
9726,olympus,dino_clicks,10+20 clicks,0,16000,0.735603094596093,5,5,4,0,9,0.8429391387898556
9726,olympus,sam,10+20 clicks,0,16000,0.2235573729440777,5,0,5,5,5,0.6696730092332807
9726,olympus,rf_clicks,10+20 clicks,0,16000,0.24034770085063312,5,0,5,5,5,0.4713819484602551
9726,olympus,dino_labels,5 labelled training images,0,16000,0.5427511357324672,5,3,2,2,5,0.8704741005947912
9726,olympus,dino_clicks,10+20 clicks,1,16000,0.7505232552656101,5,5,4,0,9,0.8530655444144041
9726,olympus,sam,10+20 clicks,1,16000,0.30654300935869944,5,0,4,5,4,0.7218006403277791
9726,olympus,rf_clicks,10+20 clicks,1,16000,0.2146722712866437,5,0,6,5,6,0.8393103464157495
9726,olympus,dino_clicks,10+20 clicks,2,16000,0.4062625460261307,5,1,5,4,6,0.816934259058364
9726,olympus,sam,10+20 clicks,2,16000,0.28114379671761125,5,2,2,3,4,0.7010830751386734
9726,olympus,rf_clicks,10+20 clicks,2,16000,0.15030386694910672,5,0,3,5,3,0.7830348057663938
9727,olympus,dino_clicks,3+6 clicks,0,16000,0.6439740472001934,5,3,8,2,11,0.8867983814107476
9727,olympus,sam,3+6 clicks,0,12000,0.3990017624576509,5,2,7,3,9,0.8909619586724248
9727,olympus,rf_clicks,3+6 clicks,0,16000,0.4904024266837089,5,1,10,4,11,0.8979342415119087
9727,olympus,dino_clicks,3+6 clicks,1,16000,0.0,5,0,0,5,0,0.0
9727,olympus,sam,3+6 clicks,1,12000,0.2101406589758124,5,1,1,4,2,0.48370714315326896
9727,olympus,rf_clicks,3+6 clicks,1,16000,0.0,5,0,0,5,0,0.0
9727,olympus,dino_clicks,3+6 clicks,2,16000,0.27870940273764794,5,2,1,3,3,0.583424458968034
9727,olympus,sam,3+6 clicks,2,12000,0.3073288512049291,5,2,1,3,3,0.5095934364098368
9727,olympus,rf_clicks,3+6 clicks,2,16000,0.2569113969657352,5,0,9,5,9,0.7076158969923404
9727,olympus,dino_clicks,10+20 clicks,0,16000,0.3944698763040176,5,1,7,4,8,0.8875680917638323
9727,olympus,sam,10+20 clicks,0,16000,0.6741193046806975,5,4,4,1,8,0.9009221227459429
9727,olympus,rf_clicks,10+20 clicks,0,16000,0.8197652559616257,5,4,9,1,13,0.9307491272867712
9727,olympus,dino_labels,5 labelled training images,0,16000,0.3581075002660997,5,1,5,4,6,0.8266498989720841
9727,olympus,dino_clicks,10+20 clicks,1,16000,0.33299816171667507,5,1,7,4,8,0.7879234167893961
9727,olympus,sam,10+20 clicks,1,16000,0.02495156860670872,5,0,1,5,1,0.26455131152406836
9727,olympus,rf_clicks,10+20 clicks,1,16000,0.3437931612474715,5,1,8,4,9,0.8739063231685205
9727,olympus,dino_clicks,10+20 clicks,2,16000,0.28736106734073374,5,1,1,4,2,0.6809137476023693
9727,olympus,sam,10+20 clicks,2,16000,0.25935755392878146,5,2,1,3,3,0.4916833000665336
9727,olympus,rf_clicks,10+20 clicks,2,16000,0.24048063192066546,5,1,5,4,6,0.8517492137052346
9757,olympus,dino_clicks,3+6 clicks,0,16000,0.2641120687541654,5,1,2,4,3,0.8993870526550273
9757,olympus,sam,3+6 clicks,0,12000,0.2998677635153779,5,1,1,4,2,0.6506758443127931
9757,olympus,rf_clicks,3+6 clicks,0,16000,0.56928565988932,5,3,3,2,6,0.7259260638330882
9757,olympus,dino_clicks,3+6 clicks,1,16000,0.5707563018646845,5,4,2,1,6,0.7346252806296194
9757,olympus,sam,3+6 clicks,1,12000,0.07925533819575739,5,0,2,5,2,0.9008003835510591
9757,olympus,rf_clicks,3+6 clicks,1,16000,0.16366564311213325,5,0,3,5,3,0.5901924930589135
9757,olympus,dino_clicks,3+6 clicks,2,16000,0.32589578665267,5,3,1,2,4,0.46656589317240343
9757,olympus,sam,3+6 clicks,2,12000,0.2317702967742775,5,1,2,4,3,0.3743409275336316
9757,olympus,rf_clicks,3+6 clicks,2,16000,0.49823403043950415,5,3,3,2,6,0.6593567153922621
9757,olympus,dino_clicks,10+20 clicks,0,16000,0.47902943584425434,5,2,3,3,5,0.8974043814619334
9757,olympus,sam,10+20 clicks,0,16000,0.6025026516577793,5,3,5,2,8,0.9271962109018587
9757,olympus,rf_clicks,10+20 clicks,0,16000,0.4675263412238637,5,3,4,2,7,0.6778632222204677
9757,olympus,dino_labels,5 labelled training images,0,16000,0.2785810671286079,5,1,4,4,5,0.9227031343870562
9757,olympus,dino_clicks,10+20 clicks,1,16000,0.767975877909567,5,5,4,0,9,0.8875989531954442
9757,olympus,sam,10+20 clicks,1,16000,0.08870455139265773,5,0,3,5,3,0.9081677154071397
9757,olympus,rf_clicks,10+20 clicks,1,16000,0.1908429625100589,5,0,4,5,4,0.8694863736549958
9757,olympus,dino_clicks,10+20 clicks,2,16000,0.46762754930067124,5,3,1,2,4,0.6135402655630281
9757,olympus,sam,10+20 clicks,2,16000,0.41888072991204606,5,2,3,3,5,0.8796788140827672
9757,olympus,rf_clicks,10+20 clicks,2,16000,0.17914043949838543,5,0,3,5,3,0.8890614340820857
9773,olympus,dino_clicks,3+6 clicks,0,16000,0.06801700281046945,7,0,1,7,1,0.7057802065909933
9773,olympus,sam,3+6 clicks,0,12000,0.08401486294872776,7,0,2,7,2,0.8269681511098855
9773,olympus,rf_clicks,3+6 clicks,0,16000,0.2549837095061492,7,2,3,5,5,0.7601543891154426
9773,olympus,dino_clicks,3+6 clicks,1,16000,0.13382522830414703,7,0,4,7,4,0.8507966588434234
9773,olympus,sam,3+6 clicks,1,12000,0.1587133960395494,7,0,2,7,2,0.6663890307916694
9773,olympus,rf_clicks,3+6 clicks,1,16000,0.1830887679447411,7,0,7,7,7,0.46214514118475963
9773,olympus,dino_clicks,3+6 clicks,2,16000,0.08574516777410243,7,0,1,7,1,0.5459397900765197
9773,olympus,sam,3+6 clicks,2,12000,0.06455102004703797,7,0,2,7,2,0.45455633667082584
9773,olympus,rf_clicks,3+6 clicks,2,16000,0.295522062731468,7,1,7,6,8,0.7350064290962528
9773,olympus,dino_clicks,10+20 clicks,0,16000,0.1462155008990545,7,0,3,7,3,0.5809425896867053
9773,olympus,sam,10+20 clicks,0,16000,0.0636851838105112,7,0,2,7,2,0.6285991058641512
9773,olympus,rf_clicks,10+20 clicks,0,16000,0.1390716657225189,7,0,4,7,4,0.8542434224634443
9773,olympus,dino_labels,5 labelled training images,0,16000,0.17131020990790588,7,0,3,7,3,0.8664306926238113
9773,olympus,dino_clicks,10+20 clicks,1,16000,0.23726413138938166,7,0,6,7,6,0.7466688959330674
9773,olympus,sam,10+20 clicks,1,16000,0.29046877917528846,7,2,3,5,5,0.4908477741603338
9773,olympus,rf_clicks,10+20 clicks,1,16000,0.2680541443524798,7,0,10,7,10,0.6547064435161944
9773,olympus,dino_clicks,10+20 clicks,2,16000,0.09223230177187257,7,0,3,7,3,0.6971933017718043
9773,olympus,sam,10+20 clicks,2,16000,0.05201002055870051,7,0,2,7,2,0.6100810822980129
9773,olympus,rf_clicks,10+20 clicks,2,16000,0.13856427565090781,7,0,3,7,3,0.8858071997092143
9774,olympus,dino_clicks,3+6 clicks,0,16000,0.08280046719374141,5,0,6,5,6,0.8713730806890689
9774,olympus,sam,3+6 clicks,0,12000,0.10234906386776954,5,0,1,5,1,0.8015634864897458
9774,olympus,rf_clicks,3+6 clicks,0,16000,0.4210421534498831,5,1,9,4,10,0.6414775606734613
9774,olympus,dino_clicks,3+6 clicks,1,16000,0.16049156052219066,5,0,3,5,3,0.49101040760346165
9774,olympus,sam,3+6 clicks,1,12000,0.39786533221911097,5,1,3,4,4,0.6582869517641229
9774,olympus,rf_clicks,3+6 clicks,1,16000,0.11506642000869585,5,0,6,5,6,0.3679237264124214
9774,olympus,dino_clicks,3+6 clicks,2,16000,0.5977134718032774,5,3,7,2,10,0.819457775320988
9774,olympus,sam,3+6 clicks,2,12000,0.5024987139639452,5,3,2,2,5,0.7521967891109449
9774,olympus,rf_clicks,3+6 clicks,2,16000,0.030610369842162283,5,0,1,5,1,0.09527142668129185
9774,olympus,dino_clicks,10+20 clicks,0,16000,0.2699006729419956,5,1,1,4,2,0.8249961212092279
9774,olympus,sam,10+20 clicks,0,16000,0.2438786177434879,5,1,3,4,4,0.42449725776965264
9774,olympus,rf_clicks,10+20 clicks,0,16000,0.4475452436976182,5,1,11,4,12,0.6752447939806935
9774,olympus,dino_labels,5 labelled training images,0,16000,0.10823786028373646,5,0,1,5,1,0.876357411601077
9774,olympus,dino_clicks,10+20 clicks,1,16000,0.7006699567620125,5,4,8,1,12,0.8461970559593398
9774,olympus,sam,10+20 clicks,1,16000,0.2621246436264597,5,0,4,5,4,0.44263760675656455
9774,olympus,rf_clicks,10+20 clicks,1,16000,0.2152966845794276,5,1,1,4,2,0.7506991191337116
9774,olympus,dino_clicks,10+20 clicks,2,16000,0.25677460793618284,5,1,4,4,5,0.8800016293979601
9774,olympus,sam,10+20 clicks,2,16000,0.21222537039388426,5,1,3,4,4,0.7296917137638446
9774,olympus,rf_clicks,10+20 clicks,2,16000,0.3158216236821155,5,1,4,4,5,0.6479386318259834
9775,olympus,dino_clicks,3+6 clicks,0,16000,0.056031675513168254,7,0,1,7,1,0.7016456789491721
9775,olympus,sam,3+6 clicks,0,12000,0.12318124484835839,7,0,1,7,1,0.7428208268203887
9775,olympus,rf_clicks,3+6 clicks,0,16000,0.0788542308117394,7,0,1,7,1,0.7594337777513522
9775,olympus,dino_clicks,3+6 clicks,1,16000,0.1142688545016531,7,0,3,7,3,0.8076959013330012
9775,olympus,sam,3+6 clicks,1,12000,0.2527231249804384,7,2,2,5,4,0.53392127908753
9775,olympus,rf_clicks,3+6 clicks,1,16000,0.15120624325706297,7,0,5,7,5,0.7142252230496184
9775,olympus,dino_clicks,3+6 clicks,2,16000,0.12401289690593068,7,0,2,7,2,0.6887876116085289
9775,olympus,sam,3+6 clicks,2,12000,0.1272225707163166,7,0,1,7,1,0.8224642125677978
9775,olympus,rf_clicks,3+6 clicks,2,16000,0.07379868084645472,7,0,1,7,1,0.7900714439409863
9775,olympus,dino_clicks,10+20 clicks,0,16000,0.10232704966901086,7,0,2,7,2,0.8759117029101234
9775,olympus,sam,10+20 clicks,0,16000,0.30348063890144833,7,1,4,6,5,0.6510680051324629
9775,olympus,rf_clicks,10+20 clicks,0,16000,0.21985248364134877,7,0,9,7,9,0.8318157943474076
9775,olympus,dino_labels,5 labelled training images,0,16000,0.3127139418508483,7,2,2,5,4,0.6592565863399003
9775,olympus,dino_clicks,10+20 clicks,1,16000,0.11355534218825658,7,0,1,7,1,0.9002191044733231
9775,olympus,sam,10+20 clicks,1,16000,0.4974077030205971,7,3,2,4,5,0.8974501814721884
9775,olympus,rf_clicks,10+20 clicks,1,16000,0.14074186711641562,7,0,4,7,4,0.8334241290311057
9775,olympus,dino_clicks,10+20 clicks,2,16000,0.11063263437999686,7,0,1,7,1,0.8738950940152767
9775,olympus,sam,10+20 clicks,2,16000,0.19696289796231173,7,2,0,5,2,0.28943067546001655
9775,olympus,rf_clicks,10+20 clicks,2,16000,0.07454679910027585,7,0,1,7,1,0.8755565462412053
9782,olympus,dino_clicks,3+6 clicks,0,16000,0.3987026790918158,9,2,8,7,10,0.558015447338828
9782,olympus,sam,3+6 clicks,0,12000,0.37191516502849087,9,2,7,7,9,0.5088258994169788
9782,olympus,rf_clicks,3+6 clicks,0,16000,0.0,9,0,2,9,2,0.0
9782,olympus,dino_clicks,3+6 clicks,1,16000,0.05285320886382353,9,0,2,9,2,0.5140893874434721
9782,olympus,sam,3+6 clicks,1,12000,0.03734431428623134,9,0,1,9,1,0.5298966682761951
9782,olympus,rf_clicks,3+6 clicks,1,16000,0.4484807780628652,9,3,11,6,14,0.7186037730887068
9782,olympus,dino_clicks,3+6 clicks,2,16000,0.35800167470013994,9,2,7,7,9,0.4888494278554465
9782,olympus,sam,3+6 clicks,2,12000,0.2598859058666989,9,3,1,6,4,0.4411693427674002
9782,olympus,rf_clicks,3+6 clicks,2,16000,0.031524382179084126,9,0,2,9,2,0.07695555527959566
9782,olympus,dino_clicks,10+20 clicks,0,16000,0.14436868967429584,9,1,1,8,2,0.35356332766700593
9782,olympus,sam,10+20 clicks,0,16000,0.04283035804295063,9,0,2,9,2,0.6463139991395074
9782,olympus,rf_clicks,10+20 clicks,0,16000,0.04419702834140844,9,0,1,9,1,0.16464645014997345
9782,olympus,dino_labels,5 labelled training images,0,16000,0.280380335241979,9,2,3,7,5,0.6322079736623586
9782,olympus,dino_clicks,10+20 clicks,1,16000,0.11251463398748826,9,0,2,9,2,0.7597622424238464
9782,olympus,sam,10+20 clicks,1,16000,0.0305091401544185,9,0,2,9,2,0.6592165691707718
9782,olympus,rf_clicks,10+20 clicks,1,16000,0.2145864259188278,9,1,9,8,10,0.7550227134360511
9782,olympus,dino_clicks,10+20 clicks,2,16000,0.4226125831463856,9,3,7,6,10,0.8212189226519337
9782,olympus,sam,10+20 clicks,2,16000,0.3719506581875501,9,3,6,6,9,0.5194189314531595
9782,olympus,rf_clicks,10+20 clicks,2,16000,0.1386917119528469,9,1,6,8,7,0.32342686368919144
9786,olympus,dino_clicks,3+6 clicks,0,16000,0.554997767746416,1,1,2,0,3,0.8991127969397923
9786,olympus,sam,3+6 clicks,0,12000,0.7067836674999575,1,1,0,0,1,0.8286924879118688
9786,olympus,rf_clicks,3+6 clicks,0,16000,0.8295711628374641,1,1,8,0,9,0.9037847114454202
9786,olympus,dino_clicks,3+6 clicks,1,16000,0.7400509264449178,1,1,2,0,3,0.866364198803877
9786,olympus,sam,3+6 clicks,1,12000,0.9120406365002851,1,1,0,0,1,0.9539971265146792
9786,olympus,rf_clicks,3+6 clicks,1,16000,0.3684742983726082,1,0,1,1,1,0.5385184052207607
9786,olympus,dino_clicks,3+6 clicks,2,16000,0.33737881007184206,1,0,2,1,2,0.5045373943882341
9786,olympus,sam,3+6 clicks,2,12000,0.9393626894915953,1,1,0,0,1,0.9687333829628841
9786,olympus,rf_clicks,3+6 clicks,2,16000,0.3263973084384093,1,0,8,1,8,0.7854491905714257
9786,olympus,dino_clicks,10+20 clicks,0,16000,0.6599314723369949,1,1,2,0,3,0.8039243769693497
9786,olympus,sam,10+20 clicks,0,16000,0.6948561572106203,1,1,1,0,2,0.9550161291688186
9786,olympus,rf_clicks,10+20 clicks,0,16000,0.6740552742669846,1,1,5,0,6,0.9196450321907081
9786,olympus,dino_labels,5 labelled training images,0,16000,0.5433903034530868,1,1,4,0,5,0.7041515062487288
9786,olympus,dino_clicks,10+20 clicks,1,16000,0.8528998497989244,1,1,1,0,2,0.9382428711024251
9786,olympus,sam,10+20 clicks,1,16000,0.9420437041926911,1,1,0,0,1,0.9701570589363223
9786,olympus,rf_clicks,10+20 clicks,1,16000,0.39461995230896313,1,0,3,1,3,0.8425776035897873
9786,olympus,dino_clicks,10+20 clicks,2,16000,0.8452155625657203,1,1,0,0,1,0.9325991110793781
9786,olympus,sam,10+20 clicks,2,16000,0.8672479730763347,1,1,0,0,1,0.9541778522077944
9786,olympus,rf_clicks,10+20 clicks,2,16000,0.7025034467745447,1,1,4,0,5,0.8756670706778342
9789,olympus,dino_clicks,3+6 clicks,0,16000,0.014958718925784794,3,0,1,3,1,0.04804837622716427
9789,olympus,sam,3+6 clicks,0,12000,0.29203465194057104,3,1,1,2,2,0.45386692310537413
9789,olympus,rf_clicks,3+6 clicks,0,16000,1.0360547036883547e-05,3,0,4,3,4,5.692221579212007e-05
9789,olympus,dino_clicks,3+6 clicks,1,16000,0.3627374536561619,3,1,2,2,3,0.5836882871784118
9789,olympus,sam,3+6 clicks,1,12000,0.14084568778011905,3,0,1,3,1,0.8397457689113419
9789,olympus,rf_clicks,3+6 clicks,1,16000,0.015162080494913193,3,0,7,3,7,0.04671404175618355
9789,olympus,dino_clicks,3+6 clicks,2,16000,0.0,3,0,1,3,1,0.0
9789,olympus,sam,3+6 clicks,2,12000,0.16380193724522232,3,0,2,3,2,0.5460779363268563
9789,olympus,rf_clicks,3+6 clicks,2,16000,3.951583226517099e-05,3,0,4,3,4,0.0003031078021842706
9789,olympus,dino_clicks,10+20 clicks,0,16000,0.17146023739915175,3,0,1,3,1,0.7799972822394347
9789,olympus,sam,10+20 clicks,0,16000,0.2547702618769048,3,1,0,2,1,0.5013216610294745
9789,olympus,rf_clicks,10+20 clicks,0,16000,0.0,3,0,4,3,4,0.0
9789,olympus,dino_labels,5 labelled training images,0,16000,0.24682179840110716,3,1,8,2,9,0.7170341081766033
9789,olympus,dino_clicks,10+20 clicks,1,16000,0.08403760107927227,3,0,2,3,2,0.8150186950317371
9789,olympus,sam,10+20 clicks,1,16000,0.09752886581468057,3,0,3,3,3,0.4530289403328939
9789,olympus,rf_clicks,10+20 clicks,1,16000,0.0,3,0,6,3,6,0.0
9789,olympus,dino_clicks,10+20 clicks,2,16000,0.12188766135400968,3,0,5,3,5,0.8049159235103598
9789,olympus,sam,10+20 clicks,2,16000,0.1277901240948427,3,0,1,3,1,0.560495677306014
9789,olympus,rf_clicks,10+20 clicks,2,16000,0.11790084078858744,3,0,4,3,4,0.28746481955165204
9798,olympus,dino_clicks,3+6 clicks,0,16000,0.2791884714838452,6,2,5,4,7,0.47952711274258414
9798,olympus,sam,3+6 clicks,0,12000,0.28803729033189135,6,2,0,4,2,0.6105669786307527
9798,olympus,rf_clicks,3+6 clicks,0,16000,0.379238097680953,6,2,4,4,6,0.5375416789023906
9798,olympus,dino_clicks,3+6 clicks,1,16000,0.6154920724670438,6,5,7,1,12,0.7720392135224117
9798,olympus,sam,3+6 clicks,1,12000,0.21857109885765677,6,1,2,5,3,0.6184405044201252
9798,olympus,rf_clicks,3+6 clicks,1,16000,0.41214964671277304,6,2,12,4,14,0.775412857712076
9798,olympus,dino_clicks,3+6 clicks,2,16000,0.4602743001813381,6,4,6,2,10,0.6437568873442401
9798,olympus,sam,3+6 clicks,2,12000,0.16955068067235227,6,1,2,5,3,0.6908071018956753
9798,olympus,rf_clicks,3+6 clicks,2,16000,0.5611571469399205,6,4,9,2,13,0.8358313876126635
9798,olympus,dino_clicks,10+20 clicks,0,16000,0.7119094268532876,6,5,7,1,12,0.8200462890062125
9798,olympus,sam,10+20 clicks,0,16000,0.7158237838404665,6,5,1,1,6,0.8941927553404724
9798,olympus,rf_clicks,10+20 clicks,0,16000,0.3261567674710206,6,1,7,5,8,0.8004419433230009
9798,olympus,dino_labels,5 labelled training images,0,16000,0.3112164202989102,6,2,5,4,7,0.6892311104877038
9798,olympus,dino_clicks,10+20 clicks,1,16000,0.5200197873028027,6,3,4,3,7,0.7632465868312013
9798,olympus,sam,10+20 clicks,1,16000,0.15625577454835224,6,0,5,6,5,0.6587521582353563
9798,olympus,rf_clicks,10+20 clicks,1,16000,0.37110546922779863,6,3,6,3,9,0.7425535849574363
9798,olympus,dino_clicks,10+20 clicks,2,16000,0.2938786933944724,6,3,3,3,6,0.4525340393343419
9798,olympus,sam,10+20 clicks,2,16000,0.603614468754427,6,5,2,1,7,0.8726445902474587
9798,olympus,rf_clicks,10+20 clicks,2,16000,0.09728258023980313,6,1,3,5,4,0.2039535670834896
9801,olympus,dino_clicks,3+6 clicks,0,16000,0.6137918588855792,3,3,3,0,6,0.8379397195869365
9801,olympus,sam,3+6 clicks,0,12000,0.35815022066922797,3,0,2,3,2,0.6397066009639373
9801,olympus,rf_clicks,3+6 clicks,0,16000,0.15600984085891678,3,0,7,3,7,0.8763545107956101
9801,olympus,dino_clicks,3+6 clicks,1,16000,0.4342987220872921,3,0,7,3,7,0.6023735099337748
9801,olympus,sam,3+6 clicks,1,12000,0.45359906024951363,3,1,1,2,2,0.8305394939260516
9801,olympus,rf_clicks,3+6 clicks,1,16000,0.18195213869345464,3,0,8,3,8,0.8325711117318203
9801,olympus,dino_clicks,3+6 clicks,2,16000,0.09872897145675448,3,0,1,3,1,0.8176405412769049
9801,olympus,sam,3+6 clicks,2,12000,0.16962956293565998,3,0,1,3,1,0.5613828891865914
9801,olympus,rf_clicks,3+6 clicks,2,16000,0.5100961949442764,3,1,8,2,9,0.8172203074450765
9801,olympus,dino_clicks,10+20 clicks,0,16000,0.564988132672215,3,2,2,1,4,0.7462411725391773
9801,olympus,sam,10+20 clicks,0,16000,0.30400280424807935,3,0,2,3,2,0.43711196207363917
9801,olympus,rf_clicks,10+20 clicks,0,16000,0.5168709826021601,3,1,8,2,9,0.7074793643663316
9801,olympus,dino_labels,5 labelled training images,0,16000,0.6365750773709938,3,3,2,0,5,0.8086174070916472
9801,olympus,dino_clicks,10+20 clicks,1,16000,0.433729565727725,3,1,5,2,6,0.796600556289107
9801,olympus,sam,10+20 clicks,1,16000,0.20061423211325077,3,0,2,3,2,0.41609564425703194
9801,olympus,rf_clicks,10+20 clicks,1,16000,0.08527441485244365,3,0,1,3,1,0.37103848543900186
9801,olympus,dino_clicks,10+20 clicks,2,16000,0.37432162575239564,3,1,1,2,2,0.8880731239864367
9801,olympus,sam,10+20 clicks,2,16000,0.10173339263259491,3,0,1,3,1,0.7034294437974126
9801,olympus,rf_clicks,10+20 clicks,2,16000,0.37232417817311897,3,1,7,2,8,0.8626828228899485
9805,olympus,dino_clicks,3+6 clicks,0,16000,0.6217544559616461,2,1,10,1,11,0.7622543325744552
9805,olympus,sam,3+6 clicks,0,12000,0.6719007793140215,2,2,4,0,6,0.8840972934623165
9805,olympus,rf_clicks,3+6 clicks,0,16000,0.03802964665726828,2,0,5,2,5,0.10787935004058105
9805,olympus,dino_clicks,3+6 clicks,1,16000,0.35620863223811977,2,1,1,1,2,0.5065377895508087
9805,olympus,sam,3+6 clicks,1,12000,0.23922507123211637,2,0,4,2,4,0.746888915394402
9805,olympus,rf_clicks,3+6 clicks,1,16000,0.0,2,0,0,2,0,0.0
9805,olympus,dino_clicks,3+6 clicks,2,16000,0.15344406707705371,2,0,2,2,2,0.2790821127814106
9805,olympus,sam,3+6 clicks,2,12000,0.5953989447728725,2,1,1,1,2,0.7641437730266021
9805,olympus,rf_clicks,3+6 clicks,2,16000,0.0,2,0,2,2,2,0.0
9805,olympus,dino_clicks,10+20 clicks,0,16000,0.3246149936519883,2,0,4,2,4,0.7686622673176686
9805,olympus,sam,10+20 clicks,0,16000,0.4047204748336253,2,0,2,2,2,0.757844439638749
9805,olympus,rf_clicks,10+20 clicks,0,16000,0.1866913321969603,2,0,6,2,6,0.39716270864037984
9805,olympus,dino_labels,5 labelled training images,0,16000,0.6041549652844624,2,1,6,1,7,0.7482669377946206
9805,olympus,dino_clicks,10+20 clicks,1,16000,0.23840175498086918,2,0,7,2,7,0.7695573288238299
9805,olympus,sam,10+20 clicks,1,16000,0.21100717545769748,2,0,3,2,3,0.7615894351636862
9805,olympus,rf_clicks,10+20 clicks,1,16000,0.2800721323000046,2,0,4,2,4,0.5743197719616481
9805,olympus,dino_clicks,10+20 clicks,2,16000,0.6033988589890931,2,1,2,1,3,0.74253224109602
9805,olympus,sam,10+20 clicks,2,16000,0.31083279810490366,2,0,3,2,3,0.8581867222460614
9805,olympus,rf_clicks,10+20 clicks,2,16000,0.18941555702656943,2,0,7,2,7,0.5038478418088874
9820,olympus,dino_clicks,3+6 clicks,0,16000,0.23335916190191708,2,0,1,2,1,0.8837940159465398
9820,olympus,sam,3+6 clicks,0,12000,0.4318524369160286,2,0,2,2,2,0.9552484241024235
9820,olympus,rf_clicks,3+6 clicks,0,16000,0.19742332571543514,2,0,2,2,2,0.8775610761223045
9820,olympus,dino_clicks,3+6 clicks,1,16000,0.3004095439967944,2,0,1,2,1,0.906543718155061
9820,olympus,sam,3+6 clicks,1,12000,0.4092422739216979,2,1,2,1,3,0.7142392561187126
9820,olympus,rf_clicks,3+6 clicks,1,16000,0.1913714750501832,2,0,2,2,2,0.8806650553496014
9820,olympus,dino_clicks,3+6 clicks,2,16000,0.3782072063424572,2,0,3,2,3,0.9095947691791832
9820,olympus,sam,3+6 clicks,2,12000,0.3754244026094478,2,0,1,2,1,0.9149024617755607
9820,olympus,rf_clicks,3+6 clicks,2,16000,0.18606125841491666,2,0,2,2,2,0.8853738523973107
9820,olympus,dino_clicks,10+20 clicks,0,16000,0.30871401176072943,2,0,1,2,1,0.8828883996481355
9820,olympus,sam,10+20 clicks,0,16000,0.787907793165525,2,2,1,0,3,0.8820964950237993
9820,olympus,rf_clicks,10+20 clicks,0,16000,0.25625343549742574,2,0,2,2,2,0.8403894839337878
9820,olympus,dino_labels,5 labelled training images,0,16000,0.3017731899124114,2,0,4,2,4,0.9264325391192054
9820,olympus,dino_clicks,10+20 clicks,1,16000,0.3829616664913291,2,0,1,2,1,0.8945826649263174
9820,olympus,sam,10+20 clicks,1,16000,0.4474948489692415,2,1,2,1,3,0.6288104962830078
9820,olympus,rf_clicks,10+20 clicks,1,16000,0.24322681454271677,2,0,2,2,2,0.8836387405053305
9820,olympus,dino_clicks,10+20 clicks,2,16000,0.301310572847012,2,0,1,2,1,0.8999654056308259
9820,olympus,sam,10+20 clicks,2,16000,0.46055081217630034,2,1,1,1,2,0.9150241951229808
9820,olympus,rf_clicks,10+20 clicks,2,16000,0.20881658074588655,2,0,2,2,2,0.8753472700683205
9830,olympus,dino_clicks,3+6 clicks,0,16000,0.15305306668719612,2,0,2,2,2,0.8880514029811999
9830,olympus,sam,3+6 clicks,0,12000,0.16812766892756176,2,0,1,2,1,0.9063946450188706
9830,olympus,rf_clicks,3+6 clicks,0,16000,0.19848773562499156,2,0,2,2,2,0.9158806682364296
9830,olympus,dino_clicks,3+6 clicks,1,16000,0.4235472158875368,2,0,3,2,3,0.9406771760942414
9830,olympus,sam,3+6 clicks,1,12000,0.3988556402226987,2,1,2,1,3,0.8990389817844536
9830,olympus,rf_clicks,3+6 clicks,1,16000,0.22396256361276246,2,0,1,2,1,0.9249594320025818
9830,olympus,dino_clicks,3+6 clicks,2,16000,0.268578845139295,2,0,3,2,3,0.9157999562365193
9830,olympus,sam,3+6 clicks,2,12000,0.6665638289373909,2,1,1,1,2,0.8771132397323186
9830,olympus,rf_clicks,3+6 clicks,2,16000,0.23964052335960725,2,0,1,2,1,0.9247724536257491
9830,olympus,dino_clicks,10+20 clicks,0,16000,0.3514613052964718,2,0,2,2,2,0.9532298237410415
9830,olympus,sam,10+20 clicks,0,16000,0.4813073749233091,2,1,0,1,1,0.9618122977346278
9830,olympus,rf_clicks,10+20 clicks,0,16000,0.22876605257733398,2,0,1,2,1,0.9204512583164594
9830,olympus,dino_labels,5 labelled training images,0,16000,0.2163292708894625,2,0,2,2,2,0.9219932878895908
9830,olympus,dino_clicks,10+20 clicks,1,16000,0.43978209499266085,2,0,3,2,3,0.956219461798381
9830,olympus,sam,10+20 clicks,1,16000,0.7353299424586159,2,2,1,0,3,0.9100326597264748
9830,olympus,rf_clicks,10+20 clicks,1,16000,0.2357796139796187,2,0,1,2,1,0.9166005208115748
9830,olympus,dino_clicks,10+20 clicks,2,16000,0.4381727926192378,2,0,3,2,3,0.9548124477275693
9830,olympus,sam,10+20 clicks,2,16000,0.7370924226770981,2,2,0,0,2,0.8539199536995815
9830,olympus,rf_clicks,10+20 clicks,2,16000,0.31589230009448166,2,0,2,2,2,0.8970298207189082
9832,olympus,dino_clicks,3+6 clicks,0,16000,0.3548480873644835,2,0,2,2,2,0.7932448885509057
9832,olympus,sam,3+6 clicks,0,12000,0.4770399882923152,2,1,0,1,1,0.948810417187804
9832,olympus,rf_clicks,3+6 clicks,0,16000,0.22904025244112622,2,0,1,2,1,0.7871272425943512
9832,olympus,dino_clicks,3+6 clicks,1,16000,0.4790233558173639,2,1,1,1,2,0.9513480139946491
9832,olympus,sam,3+6 clicks,1,12000,0.4972817885027906,2,1,0,1,1,0.9804672642389032
9832,olympus,rf_clicks,3+6 clicks,1,16000,0.36367204511660195,2,1,0,1,1,0.9089363677636721
9832,olympus,dino_clicks,3+6 clicks,2,16000,0.45724956645190407,2,1,1,1,2,0.9199392911347201
9832,olympus,sam,3+6 clicks,2,12000,0.4873795655972959,2,1,0,1,1,0.970587635384584
9832,olympus,rf_clicks,3+6 clicks,2,16000,0.36662840937395447,2,0,1,2,1,0.8398494147977793
9832,olympus,dino_clicks,10+20 clicks,0,16000,0.48830009104945615,2,1,1,1,2,0.9656997994318934
9832,olympus,sam,10+20 clicks,0,16000,0.7851752583492834,2,2,0,0,2,0.8856485543847747
9832,olympus,rf_clicks,10+20 clicks,0,16000,0.4329838349784141,2,1,0,1,1,0.9300844822311646
9832,olympus,dino_labels,5 labelled training images,0,16000,0.31554834946359156,2,0,1,2,1,0.9339087914083375
9832,olympus,dino_clicks,10+20 clicks,1,16000,0.36603924751289196,2,0,2,2,2,0.955131101615048
9832,olympus,sam,10+20 clicks,1,16000,0.8100132545301086,2,2,1,0,3,0.9197616457253379
9832,olympus,rf_clicks,10+20 clicks,1,16000,0.26684109881240337,2,0,1,2,1,0.8969606722152791
9832,olympus,dino_clicks,10+20 clicks,2,16000,0.3952012577568659,2,1,1,1,2,0.9624231470573996
9832,olympus,sam,10+20 clicks,2,16000,0.4078113226656397,2,1,0,1,1,0.7033991416309013
9832,olympus,rf_clicks,10+20 clicks,2,16000,0.3138407766789882,2,0,1,2,1,0.918655327569554
9838,olympus,dino_clicks,3+6 clicks,0,16000,0.20441023307180414,3,0,1,3,1,0.9057131796323676
9838,olympus,sam,3+6 clicks,0,12000,0.2766021776820553,3,0,1,3,1,0.9402167464304078
9838,olympus,rf_clicks,3+6 clicks,0,16000,0.15240017899313874,3,0,2,3,2,0.884008923123856
9838,olympus,dino_clicks,3+6 clicks,1,16000,0.1579981724980534,3,0,2,3,2,0.9002303755443255
9838,olympus,sam,3+6 clicks,1,12000,0.5089392168122769,3,2,0,1,2,0.911162870675775
9838,olympus,rf_clicks,3+6 clicks,1,16000,0.1580597838727814,3,0,2,3,2,0.8573956541510963
9838,olympus,dino_clicks,3+6 clicks,2,16000,0.30067123991376576,3,0,3,3,3,0.828975830764252
9838,olympus,sam,3+6 clicks,2,12000,0.2855316900902667,3,0,2,3,2,0.8876718883271963
9838,olympus,rf_clicks,3+6 clicks,2,16000,0.15251411525497513,3,0,2,3,2,0.8825116507235713
9838,olympus,dino_clicks,10+20 clicks,0,16000,0.18024910932578045,3,0,1,3,1,0.9002727629334331
9838,olympus,sam,10+20 clicks,0,16000,0.3010100673416261,3,1,0,2,1,0.5710818307905686
9838,olympus,rf_clicks,10+20 clicks,0,16000,0.1346310752484231,3,0,3,3,3,0.8924298385388363
9838,olympus,dino_labels,5 labelled training images,0,16000,0.18445826530916506,3,0,2,3,2,0.8583402704021587
9838,olympus,dino_clicks,10+20 clicks,1,16000,0.4779687132606918,3,1,1,2,2,0.8681926157000425
9838,olympus,sam,10+20 clicks,1,16000,0.28247346576023497,3,0,1,3,1,0.9100186982273245
9838,olympus,rf_clicks,10+20 clicks,1,16000,0.16056250853124693,3,0,2,3,2,0.8757051550258977
9838,olympus,dino_clicks,10+20 clicks,2,16000,0.5036006006963424,3,1,1,2,2,0.8443619039928943
9838,olympus,sam,10+20 clicks,2,16000,0.29252948433971127,3,1,1,2,2,0.7130864744192912
9838,olympus,rf_clicks,10+20 clicks,2,16000,0.2182942735969998,3,0,1,3,1,0.8319800858956006
9841,olympus,dino_clicks,3+6 clicks,0,16000,0.2631419889661323,2,0,3,2,3,0.920992500097293
9841,olympus,sam,3+6 clicks,0,12000,0.6830784713350064,2,1,1,1,2,0.8222067494107201
9841,olympus,rf_clicks,3+6 clicks,0,16000,0.12647054988793513,2,0,2,2,2,0.8183689432300029
9841,olympus,dino_clicks,3+6 clicks,1,16000,0.22728162431313764,2,0,2,2,2,0.8688777441332324
9841,olympus,sam,3+6 clicks,1,12000,0.38569683197796306,2,1,0,1,1,0.8349454917785942
9841,olympus,rf_clicks,3+6 clicks,1,16000,0.2054170756534182,2,0,4,2,4,0.7804361300501493
9841,olympus,dino_clicks,3+6 clicks,2,16000,0.52020412251809,2,1,2,1,3,0.6949637936057873
9841,olympus,sam,3+6 clicks,2,12000,0.167578335281531,2,0,3,2,3,0.2754528126496465
9841,olympus,rf_clicks,3+6 clicks,2,16000,0.1433451777537604,2,0,3,2,3,0.7598876236312766
9841,olympus,dino_clicks,10+20 clicks,0,16000,0.7760382502769059,2,2,3,0,5,0.8888070380948355
9841,olympus,sam,10+20 clicks,0,16000,0.8134656971807177,2,2,1,0,3,0.9147504437930892
9841,olympus,rf_clicks,10+20 clicks,0,16000,0.2932060343139434,2,1,4,1,5,0.6385778981898349
9841,olympus,dino_labels,5 labelled training images,0,16000,0.13330144812383168,2,0,1,2,1,0.9048137660640383
9841,olympus,dino_clicks,10+20 clicks,1,16000,0.1992336303998974,2,0,1,2,1,0.9013230866740611
9841,olympus,sam,10+20 clicks,1,16000,0.650348725925086,2,2,0,0,2,0.8181141486566442
9841,olympus,rf_clicks,10+20 clicks,1,16000,0.20068968729371123,2,0,3,2,3,0.6899311789347696
9841,olympus,dino_clicks,10+20 clicks,2,16000,0.6928327962163059,2,2,3,0,5,0.8330971730662922
9841,olympus,sam,10+20 clicks,2,16000,0.729720034101997,2,2,0,0,2,0.8614276326393969
9841,olympus,rf_clicks,10+20 clicks,2,16000,0.3710541124294609,2,1,2,1,3,0.5697954739870907
9845,olympus,dino_clicks,3+6 clicks,0,16000,0.20755756477324216,1,0,2,1,2,0.8227910109607495
9845,olympus,sam,3+6 clicks,0,12000,0.9359664280424587,1,1,0,0,1,0.9669242343100503
9845,olympus,rf_clicks,3+6 clicks,0,16000,0.5054012345679012,1,1,3,0,4,0.8578488910854389
9845,olympus,dino_clicks,3+6 clicks,1,16000,0.6301225109797576,1,1,0,0,1,0.914622601943609
9845,olympus,sam,3+6 clicks,1,12000,0.9204309063893016,1,1,0,0,1,0.9585670625556114
9845,olympus,rf_clicks,3+6 clicks,1,16000,0.17372248837047838,1,0,8,1,8,0.8882922662169808
9845,olympus,dino_clicks,3+6 clicks,2,16000,0.5644225044651716,1,1,0,0,1,0.7215729802584635
9845,olympus,sam,3+6 clicks,2,12000,0.5281932971149315,1,1,0,0,1,0.6912650357937113
9845,olympus,rf_clicks,3+6 clicks,2,16000,0.42151324835556875,1,0,2,1,2,0.689985552429473
9845,olympus,dino_clicks,10+20 clicks,0,16000,0.6660152232051019,1,1,0,0,1,0.9317887465822421
9845,olympus,sam,10+20 clicks,0,16000,0.8784693019343986,1,1,0,0,1,0.9353033355719722
9845,olympus,rf_clicks,10+20 clicks,0,16000,0.6197671872104581,1,1,2,0,3,0.8973280161953194
9845,olympus,dino_labels,5 labelled training images,0,16000,0.5915769294133505,1,1,1,0,2,0.8958720798366977
9845,olympus,dino_clicks,10+20 clicks,1,16000,0.6458466370963566,1,1,0,0,1,0.9151402509109584
9845,olympus,sam,10+20 clicks,1,16000,0.7683102081268582,1,1,0,0,1,0.868976726589976
9845,olympus,rf_clicks,10+20 clicks,1,16000,0.47510358749158904,1,0,3,1,3,0.7553772522522523
9845,olympus,dino_clicks,10+20 clicks,2,16000,0.6499384447028247,1,1,0,0,1,0.9162257601870488
9845,olympus,sam,10+20 clicks,2,16000,0.9061663515139609,1,1,0,0,1,0.9507736308473222
9845,olympus,rf_clicks,10+20 clicks,2,16000,0.506963871198143,1,1,2,0,3,0.8340473451002473
9859,olympus,dino_clicks,3+6 clicks,0,16000,0.17771018662207416,4,0,9,4,9,0.8751934311595133
9859,olympus,sam,3+6 clicks,0,12000,0.37544101423378284,4,2,1,2,3,0.616372346454254
9859,olympus,rf_clicks,3+6 clicks,0,16000,0.3129242707526115,4,0,11,4,11,0.494947376940027
9859,olympus,dino_clicks,3+6 clicks,1,16000,0.164367441868844,4,0,4,4,4,0.8646456906597705
9859,olympus,sam,3+6 clicks,1,12000,0.30700453411224393,4,1,2,3,3,0.9045002938890048
9859,olympus,rf_clicks,3+6 clicks,1,16000,0.15607157492916998,4,0,4,4,4,0.656582374138911
9859,olympus,dino_clicks,3+6 clicks,2,16000,0.14535597051853383,4,0,1,4,1,0.7063791397473954
9859,olympus,sam,3+6 clicks,2,12000,0.3272258695200653,4,0,3,4,3,0.4956247785722721
9859,olympus,rf_clicks,3+6 clicks,2,16000,0.1427748325571483,4,0,4,4,4,0.5613890487754205
9859,olympus,dino_clicks,10+20 clicks,0,16000,0.221636263850339,4,0,2,4,2,0.8600893794033878
9859,olympus,sam,10+20 clicks,0,16000,0.22305082916547433,4,0,2,4,2,0.7483630309600977
9859,olympus,rf_clicks,10+20 clicks,0,16000,0.3669725510722658,4,0,9,4,9,0.6338836426071452
9859,olympus,dino_labels,5 labelled training images,0,16000,0.1843200287020979,4,0,3,4,3,0.5763989344057671
9859,olympus,dino_clicks,10+20 clicks,1,16000,0.3120112700759398,4,1,1,3,2,0.834355405863413
9859,olympus,sam,10+20 clicks,1,16000,0.15429750958960564,4,0,2,4,2,0.7063638407915449
9859,olympus,rf_clicks,10+20 clicks,1,16000,0.19578026538159468,4,0,5,4,5,0.7032021459147705
9859,olympus,dino_clicks,10+20 clicks,2,16000,0.12742031884210436,4,0,1,4,1,0.76721968496598
9859,olympus,sam,10+20 clicks,2,16000,0.1207929440860443,4,0,1,4,1,0.8294153857992036
9859,olympus,rf_clicks,10+20 clicks,2,16000,0.19092651245617862,4,0,3,4,3,0.6491405065186121
9871,olympus,dino_clicks,3+6 clicks,0,16000,0.666048828103448,2,1,4,1,5,0.7767308526919299
9871,olympus,sam,3+6 clicks,0,12000,0.6463178986918403,2,2,0,0,2,0.7794800454202263
9871,olympus,rf_clicks,3+6 clicks,0,16000,0.35387761130456585,2,0,6,2,6,0.6333192081845148
9871,olympus,dino_clicks,3+6 clicks,1,16000,0.2392800026654228,2,0,2,2,2,0.4284632519978533
9871,olympus,sam,3+6 clicks,1,12000,0.4688795891951881,2,0,4,2,4,0.6289472481108723
9871,olympus,rf_clicks,3+6 clicks,1,16000,0.3034171834543431,2,1,2,1,3,0.448352982996623
9871,olympus,dino_clicks,3+6 clicks,2,16000,0.3655967459748173,2,0,5,2,5,0.8475266595106488
9871,olympus,sam,3+6 clicks,2,12000,0.6008310169527216,2,2,1,0,3,0.7947253504941393
9871,olympus,rf_clicks,3+6 clicks,2,16000,0.45003744464743556,2,0,4,2,4,0.6854686372336753
9871,olympus,dino_clicks,10+20 clicks,0,16000,0.6700791427192387,2,2,3,0,5,0.813870295182706
9871,olympus,sam,10+20 clicks,0,16000,0.5207273938522388,2,1,2,1,3,0.6826741759485078
9871,olympus,rf_clicks,10+20 clicks,0,16000,0.36621248810990614,2,1,3,1,4,0.7136748329621381
9871,olympus,dino_labels,5 labelled training images,0,16000,0.3970168056656943,2,0,2,2,2,0.8553279764447899
9871,olympus,dino_clicks,10+20 clicks,1,16000,0.6645812121509568,2,1,3,1,4,0.8622438649590132
9871,olympus,sam,10+20 clicks,1,16000,0.5351810019049652,2,1,2,1,3,0.6842621343356757
9871,olympus,rf_clicks,10+20 clicks,1,16000,0.38852362746340074,2,0,3,2,3,0.6792632635812378
9871,olympus,dino_clicks,10+20 clicks,2,16000,0.6558302963742041,2,1,3,1,4,0.8488705906163949
9871,olympus,sam,10+20 clicks,2,16000,0.2708870887088709,2,1,2,1,3,0.4163329926143394
9871,olympus,rf_clicks,10+20 clicks,2,16000,0.36160601249560254,2,0,3,2,3,0.6398457183738219
9875,olympus,dino_clicks,3+6 clicks,0,16000,0.4943270811980308,5,2,5,3,7,0.7370172014268819
9875,olympus,sam,3+6 clicks,0,12000,0.35794931023921184,5,1,3,4,4,0.4564980521515889
9875,olympus,rf_clicks,3+6 clicks,0,16000,0.12225552447810366,5,0,3,5,3,0.8448151402925115
9875,olympus,dino_clicks,3+6 clicks,1,16000,0.5430436931101401,5,3,5,2,8,0.683349862650254
9875,olympus,sam,3+6 clicks,1,12000,0.3235613917828045,5,1,3,4,4,0.45107104653636526
9875,olympus,rf_clicks,3+6 clicks,1,16000,0.20896548253421723,5,0,5,5,5,0.6653996106120418
9875,olympus,dino_clicks,3+6 clicks,2,16000,0.1336235085331085,5,0,1,5,1,0.8776038237328877
9875,olympus,sam,3+6 clicks,2,12000,0.26442915046019266,5,1,1,4,2,0.5404482210435981
9875,olympus,rf_clicks,3+6 clicks,2,16000,0.11952048071607071,5,0,4,5,4,0.8649744797126605
9875,olympus,dino_clicks,10+20 clicks,0,16000,0.1633737911126969,5,0,2,5,2,0.8979951019379632
9875,olympus,sam,10+20 clicks,0,16000,0.25838836923993885,5,0,2,5,2,0.5888997916526648
9875,olympus,rf_clicks,10+20 clicks,0,16000,0.11354918987908065,5,0,5,5,5,0.8737605330197923
9875,olympus,dino_labels,5 labelled training images,0,16000,0.15337175523246743,5,0,2,5,2,0.8799887180933578
9875,olympus,dino_clicks,10+20 clicks,1,16000,0.6338362400188913,5,4,3,1,7,0.8704941415760648
9875,olympus,sam,10+20 clicks,1,16000,0.3410801100931952,5,0,4,5,4,0.5515459004905396
9875,olympus,rf_clicks,10+20 clicks,1,16000,0.1443037283620479,5,0,5,5,5,0.8086961451961421
9875,olympus,dino_clicks,10+20 clicks,2,16000,0.1279405560617049,5,0,1,5,1,0.8848501761607424
9875,olympus,sam,10+20 clicks,2,16000,0.44045419879083497,5,2,1,3,3,0.8724219351303871
9875,olympus,rf_clicks,10+20 clicks,2,16000,0.12125029307569868,5,0,4,5,4,0.8810513419867868
9886,olympus,dino_clicks,3+6 clicks,0,16000,0.21538323087746605,5,0,4,5,4,0.4669322121866353
9886,olympus,sam,3+6 clicks,0,12000,0.08946307669501839,5,0,3,5,3,0.8889529896978113
9886,olympus,rf_clicks,3+6 clicks,0,16000,0.06897504356214391,5,0,2,5,2,0.5874185930007872
9886,olympus,dino_clicks,3+6 clicks,1,16000,0.07942845880961766,5,0,1,5,1,0.15354020229727414
9886,olympus,sam,3+6 clicks,1,12000,0.11291190704228198,5,0,1,5,1,0.49257274479387014
9886,olympus,rf_clicks,3+6 clicks,1,16000,0.14212350439910174,5,0,5,5,5,0.5661749514482872
9886,olympus,dino_clicks,3+6 clicks,2,16000,0.10926241441257412,5,0,2,5,2,0.7392652053684573
9886,olympus,sam,3+6 clicks,2,12000,0.27139873303182493,5,1,1,4,2,0.7435683496469555
9886,olympus,rf_clicks,3+6 clicks,2,16000,0.14498136362329683,5,0,4,5,4,0.6985955675083872
9886,olympus,dino_clicks,10+20 clicks,0,16000,0.11498255382262215,5,0,3,5,3,0.8935406746629699
9886,olympus,sam,10+20 clicks,0,16000,0.19605107110409342,5,0,4,5,4,0.8394582787961478
9886,olympus,rf_clicks,10+20 clicks,0,16000,0.08140408826828636,5,0,1,5,1,0.6640141405463265
9886,olympus,dino_labels,5 labelled training images,0,16000,0.20343343002535427,5,0,3,5,3,0.8379328123011345
9886,olympus,dino_clicks,10+20 clicks,1,16000,0.5072923723660622,5,3,5,2,8,0.6885443825165618
9886,olympus,sam,10+20 clicks,1,16000,0.33496352493391585,5,1,6,4,7,0.8699712025907181
9886,olympus,rf_clicks,10+20 clicks,1,16000,0.07801493572146481,5,0,2,5,2,0.7496782260140478
9886,olympus,dino_clicks,10+20 clicks,2,16000,0.07584631920243443,5,0,3,5,3,0.8660599514798998
9886,olympus,sam,10+20 clicks,2,16000,0.2242931050783544,5,1,3,4,4,0.6815535383207725
9886,olympus,rf_clicks,10+20 clicks,2,16000,0.18535192716812335,5,0,3,5,3,0.6030901328298265
9889,olympus,dino_clicks,3+6 clicks,0,16000,0.31157704473565295,1,0,4,1,4,0.9086021505376344
9889,olympus,sam,3+6 clicks,0,12000,0.9088200238379023,1,1,0,0,1,0.9522322822354043
9889,olympus,rf_clicks,3+6 clicks,0,16000,0.3744008478454609,1,0,4,1,4,0.837454878508701
9889,olympus,dino_clicks,3+6 clicks,1,16000,0.46426938899893344,1,0,1,1,1,0.8553882864862968
9889,olympus,sam,3+6 clicks,1,12000,0.42965984924215816,1,0,1,1,1,0.6010658401995616
9889,olympus,rf_clicks,3+6 clicks,1,16000,0.6322605462238748,1,1,1,0,2,0.891071728214991
9889,olympus,dino_clicks,3+6 clicks,2,16000,0.2693641189353725,1,0,4,1,4,0.9045737294157244
9889,olympus,sam,3+6 clicks,2,12000,0.8546335884099017,1,1,0,0,1,0.921619875484553
9889,olympus,rf_clicks,3+6 clicks,2,16000,0.2538813443319765,1,0,3,1,3,0.5337776431384429
9889,olympus,dino_clicks,10+20 clicks,0,16000,0.885925846434512,1,1,4,0,5,0.9100428498601524
9889,olympus,sam,10+20 clicks,0,16000,0.8740284894696839,1,1,0,0,1,0.9591702204942623
9889,olympus,rf_clicks,10+20 clicks,0,16000,0.38550805366012164,1,0,5,1,5,0.8727062563213408
9889,olympus,dino_labels,5 labelled training images,0,16000,0.11393376879936834,1,0,1,1,1,0.8728616002582219
9889,olympus,dino_clicks,10+20 clicks,1,16000,0.8577067669172932,1,1,4,0,5,0.8965768901489102
9889,olympus,sam,10+20 clicks,1,16000,0.6956060111074812,1,1,0,0,1,0.8204807090217234
9889,olympus,rf_clicks,10+20 clicks,1,16000,0.5885289501220788,1,1,5,0,6,0.8181280967316696
9889,olympus,dino_clicks,10+20 clicks,2,16000,0.4433495618305745,1,0,4,1,4,0.9208553554093409
9889,olympus,sam,10+20 clicks,2,16000,0.8479612315825542,1,1,0,0,1,0.9471166331788795
9889,olympus,rf_clicks,10+20 clicks,2,16000,0.4547039751518949,1,0,2,1,2,0.6251498351813005
9902,olympus,dino_clicks,3+6 clicks,0,16000,0.860940743997711,2,2,2,0,4,0.9162378893207072
9902,olympus,sam,3+6 clicks,0,12000,0.6980158442780646,2,2,1,0,3,0.8123442002007187
9902,olympus,rf_clicks,3+6 clicks,0,16000,0.0,2,0,2,2,2,0.0
9902,olympus,dino_clicks,3+6 clicks,1,16000,0.6344161435720134,2,2,2,0,4,0.7755193283711842
9902,olympus,sam,3+6 clicks,1,12000,0.7295546887054589,2,2,0,0,2,0.835877107613916
9902,olympus,rf_clicks,3+6 clicks,1,16000,0.22555763491983208,2,0,3,2,3,0.385874209074685
9902,olympus,dino_clicks,3+6 clicks,2,16000,0.2573788873498591,2,0,2,2,2,0.8664614175291497
9902,olympus,sam,3+6 clicks,2,12000,0.6852534977171157,2,1,1,1,2,0.8287374014743079
9902,olympus,rf_clicks,3+6 clicks,2,16000,0.10496025180163032,2,0,4,2,4,0.8710877811134881
9902,olympus,dino_clicks,10+20 clicks,0,16000,0.8023068805508315,2,2,2,0,4,0.8778643479259036
9902,olympus,sam,10+20 clicks,0,16000,0.911869603791857,2,2,0,0,2,0.9537473676942728
9902,olympus,rf_clicks,10+20 clicks,0,16000,0.12533245414687505,2,0,4,2,4,0.8179028362387643
9902,olympus,dino_labels,5 labelled training images,0,16000,0.18100834683306816,2,0,2,2,2,0.8690665902104989
9902,olympus,dino_clicks,10+20 clicks,1,16000,0.6765698228738213,2,2,2,0,4,0.806360277062371
9902,olympus,sam,10+20 clicks,1,16000,0.4899237095758302,2,1,2,1,3,0.8936789026056192
9902,olympus,rf_clicks,10+20 clicks,1,16000,0.0,2,0,4,2,4,0.0
9902,olympus,dino_clicks,10+20 clicks,2,16000,0.4157604545032674,2,0,3,2,3,0.8824348036546258
9902,olympus,sam,10+20 clicks,2,16000,0.7447578047400183,2,2,1,0,3,0.8417325858229014
9902,olympus,rf_clicks,10+20 clicks,2,16000,0.13331243568365472,2,0,5,2,5,0.841540711847879
9910,olympus,dino_clicks,3+6 clicks,0,16000,0.0,4,0,0,4,0,0.0
9910,olympus,sam,3+6 clicks,0,12000,0.1249801867536335,4,0,4,4,4,0.7062289327798981
9910,olympus,rf_clicks,3+6 clicks,0,16000,0.17894490667476104,4,0,5,4,5,0.8146106519172208
9910,olympus,dino_clicks,3+6 clicks,1,16000,0.28269044579647495,4,0,2,4,2,0.6185474824003772
9910,olympus,sam,3+6 clicks,1,12000,0.36939927469663825,4,1,4,3,5,0.5530405570685409
9910,olympus,rf_clicks,3+6 clicks,1,16000,0.2132229692626042,4,0,5,4,5,0.7466710405634294
9910,olympus,dino_clicks,3+6 clicks,2,16000,0.31889018269640734,4,0,5,4,5,0.8530120481927711
9910,olympus,sam,3+6 clicks,2,12000,0.367183329766997,4,2,2,2,4,0.5782234545861241
9910,olympus,rf_clicks,3+6 clicks,2,16000,0.18661169149285092,4,0,5,4,5,0.6945811375613302
9910,olympus,dino_clicks,10+20 clicks,0,16000,0.35379468164095484,4,1,4,3,5,0.8333295541785035
9910,olympus,sam,10+20 clicks,0,16000,0.27405872417918153,4,1,4,3,5,0.5930601945236131
9910,olympus,rf_clicks,10+20 clicks,0,16000,0.19918162836586878,4,0,2,4,2,0.8822489883755694
9910,olympus,dino_labels,5 labelled training images,0,16000,0.2828543642005604,4,0,4,4,4,0.8149378456630663
9910,olympus,dino_clicks,10+20 clicks,1,16000,0.5614274661689195,4,2,4,2,6,0.8762373043220153
9910,olympus,sam,10+20 clicks,1,16000,0.6186994561024435,4,3,2,1,5,0.7746582760345267
9910,olympus,rf_clicks,10+20 clicks,1,16000,0.26871113498013854,4,0,5,4,5,0.8122538622286414
9910,olympus,dino_clicks,10+20 clicks,2,16000,0.3242320748894486,4,0,3,4,3,0.7612003457667087
9910,olympus,sam,10+20 clicks,2,16000,0.19314580335797749,4,0,3,4,3,0.3807268482047096
9910,olympus,rf_clicks,10+20 clicks,2,16000,0.1953458913934614,4,0,3,4,3,0.8599182490078187
9912,olympus,dino_clicks,3+6 clicks,0,16000,0.3163241778450633,4,1,3,3,4,0.8959361861625089
9912,olympus,sam,3+6 clicks,0,12000,0.3882077629302828,4,2,1,2,3,0.6801588357820001
9912,olympus,rf_clicks,3+6 clicks,0,16000,0.07998230362381313,4,0,3,4,3,0.21594100245823092
9912,olympus,dino_clicks,3+6 clicks,1,16000,0.42954955404327144,4,1,5,3,6,0.9207010895310279
9912,olympus,sam,3+6 clicks,1,12000,0.5362180235870896,4,2,2,2,4,0.8436499907914791
9912,olympus,rf_clicks,3+6 clicks,1,16000,0.23788791788360836,4,0,4,4,4,0.8598889935430226
9912,olympus,dino_clicks,3+6 clicks,2,16000,0.666145621056009,4,3,4,1,7,0.8085821171727755
9912,olympus,sam,3+6 clicks,2,12000,0.4019999569338012,4,2,4,2,6,0.7167276985373208
9912,olympus,rf_clicks,3+6 clicks,2,16000,0.34670832643367433,4,0,7,4,7,0.5361159274965706
9912,olympus,dino_clicks,10+20 clicks,0,16000,0.36482661858013155,4,1,1,3,2,0.9273941467300888
9912,olympus,sam,10+20 clicks,0,16000,0.13357005213317857,4,0,3,4,3,0.5494677614655686
9912,olympus,rf_clicks,10+20 clicks,0,16000,0.26684767405685816,4,1,5,3,6,0.8486669348906194
9912,olympus,dino_labels,5 labelled training images,0,16000,0.3758833878205828,4,1,2,3,3,0.9023165570940423
9912,olympus,dino_clicks,10+20 clicks,1,16000,0.40499265351197333,4,1,4,3,5,0.9293173810239896
9912,olympus,sam,10+20 clicks,1,16000,0.17159309515663768,4,0,2,4,2,0.8284065738740464
9912,olympus,rf_clicks,10+20 clicks,1,16000,0.3091643591731818,4,1,2,3,3,0.7775018789155139
9912,olympus,dino_clicks,10+20 clicks,2,16000,0.42218339215032696,4,1,3,3,4,0.5842346225575892
9912,olympus,sam,10+20 clicks,2,16000,0.3564589610926689,4,2,0,2,2,0.581474498329195
9912,olympus,rf_clicks,10+20 clicks,2,16000,0.17067498530925035,4,0,6,4,6,0.4126418175985067
