image,camera,method,condition,seed,official,tp,fp,fn,n_pred,n_cells
102,nikon,clicks_frozen,3+6 clicks,0,0.23486971064518888,2,5,6,7,8
102,nikon,clicks_frozen,3+6 clicks,1,0.8049165521125596,7,1,1,8,8
102,nikon,clicks_frozen,3+6 clicks,2,0.6050737677068903,5,3,3,8,8
102,nikon,clicks_frozen,10+20 clicks,0,0.7029672686985289,6,3,2,9,8
102,nikon,clicks_frozen,10+20 clicks,1,0.7432493869276917,7,3,1,10,8
102,nikon,clicks_frozen,10+20 clicks,2,0.5717173563392943,5,2,3,7,8
102,nikon,layer_frozen_20,20 labelled images,0,0.7548426130938348,6,1,2,7,8
102,nikon,layer_finetuned_20,20 labelled images,0,0.5828319678701056,5,0,3,5,8
102,nikon,layer_frozen_100,100 labelled images,0,0.7224889776818026,5,0,3,5,8
102,nikon,layer_finetuned_100,100 labelled images,0,0.5971229978558293,4,1,4,5,8
104,nikon,clicks_frozen,3+6 clicks,0,0.5675637139761042,2,2,2,4,4
104,nikon,clicks_frozen,3+6 clicks,1,0.6501520553800346,2,1,2,3,4
104,nikon,clicks_frozen,3+6 clicks,2,0.6339539770600372,2,1,2,3,4
104,nikon,clicks_frozen,10+20 clicks,0,0.9168956970390564,4,0,0,4,4
104,nikon,clicks_frozen,10+20 clicks,1,0.8432193948988236,4,0,0,4,4
104,nikon,clicks_frozen,10+20 clicks,2,0.8971744946746009,4,0,0,4,4
104,nikon,layer_frozen_20,20 labelled images,0,0.8629251561177174,4,0,0,4,4
104,nikon,layer_finetuned_20,20 labelled images,0,0.8347174178597905,3,0,1,3,4
104,nikon,layer_frozen_100,100 labelled images,0,0.8917200751721964,4,0,0,4,4
104,nikon,layer_finetuned_100,100 labelled images,0,0.905481632514932,4,0,0,4,4
110,nikon,clicks_frozen,3+6 clicks,0,0.45577368951315006,2,4,2,6,4
110,nikon,clicks_frozen,3+6 clicks,1,0.6369899616894132,2,2,2,4,4
110,nikon,clicks_frozen,3+6 clicks,2,0.6173214970667582,2,3,2,5,4
110,nikon,clicks_frozen,10+20 clicks,0,0.671544056289075,3,0,1,3,4
110,nikon,clicks_frozen,10+20 clicks,1,0.6387211998208401,2,1,2,3,4
110,nikon,clicks_frozen,10+20 clicks,2,0.6692464618483088,3,0,1,3,4
110,nikon,layer_frozen_20,20 labelled images,0,0.6234696454042147,2,2,2,4,4
110,nikon,layer_finetuned_20,20 labelled images,0,0.6946864694824466,3,1,1,4,4
110,nikon,layer_frozen_100,100 labelled images,0,0.8202250464045188,4,1,0,5,4
110,nikon,layer_finetuned_100,100 labelled images,0,0.6861672712945519,3,0,1,3,4
113,nikon,clicks_frozen,3+6 clicks,0,0.7499446436054242,3,0,0,3,3
113,nikon,clicks_frozen,3+6 clicks,1,0.9191035368097654,3,0,0,3,3
113,nikon,clicks_frozen,3+6 clicks,2,0.7358605748176933,3,0,0,3,3
113,nikon,clicks_frozen,10+20 clicks,0,0.8726564084991623,3,0,0,3,3
113,nikon,clicks_frozen,10+20 clicks,1,0.8780888101985739,3,0,0,3,3
113,nikon,clicks_frozen,10+20 clicks,2,0.89275352044273,3,0,0,3,3
113,nikon,layer_frozen_20,20 labelled images,0,0.8836466347957109,3,2,0,5,3
113,nikon,layer_finetuned_20,20 labelled images,0,0.6266356729794537,1,1,2,2,3
113,nikon,layer_frozen_100,100 labelled images,0,0.8695834407273817,3,1,0,4,3
113,nikon,layer_finetuned_100,100 labelled images,0,0.6128855636229905,1,1,2,2,3
115,nikon,clicks_frozen,3+6 clicks,0,0.6443170610326151,3,0,1,3,4
115,nikon,clicks_frozen,3+6 clicks,1,0.7788137813624783,3,0,1,3,4
115,nikon,clicks_frozen,3+6 clicks,2,0.4997192976626472,2,0,2,2,4
115,nikon,clicks_frozen,10+20 clicks,0,0.8068015647770557,3,0,1,3,4
115,nikon,clicks_frozen,10+20 clicks,1,0.6092268301410523,3,0,1,3,4
115,nikon,clicks_frozen,10+20 clicks,2,0.7852953252577709,3,0,1,3,4
115,nikon,layer_frozen_20,20 labelled images,0,0.4528933684720692,2,0,2,2,4
115,nikon,layer_finetuned_20,20 labelled images,0,0.6638596115061178,2,1,2,3,4
115,nikon,layer_frozen_100,100 labelled images,0,0.44365719217198907,2,0,2,2,4
115,nikon,layer_finetuned_100,100 labelled images,0,0.45936632781914744,2,0,2,2,4
1693,olympus,clicks_frozen,3+6 clicks,0,0.6730081763417983,1,1,0,2,1
1693,olympus,clicks_frozen,3+6 clicks,1,0.38513365893538,0,3,1,3,1
1693,olympus,clicks_frozen,3+6 clicks,2,0.5800010890675766,1,1,0,2,1
1693,olympus,clicks_frozen,10+20 clicks,0,0.6909303626837581,1,1,0,2,1
1693,olympus,clicks_frozen,10+20 clicks,1,0.7119585972582535,1,1,0,2,1
1693,olympus,clicks_frozen,10+20 clicks,2,0.6926572132382034,1,1,0,2,1
1693,olympus,layer_frozen_20,20 labelled images,0,0.4823124070006377,0,1,1,1,1
1693,olympus,layer_finetuned_20,20 labelled images,0,0.9408689287394782,1,1,0,2,1
1693,olympus,layer_frozen_100,100 labelled images,0,0.510370165903618,1,0,0,1,1
1693,olympus,layer_finetuned_100,100 labelled images,0,0.89738314680711,1,1,0,2,1
1694,olympus,clicks_frozen,3+6 clicks,0,0.41294756535365434,3,2,4,5,7
1694,olympus,clicks_frozen,3+6 clicks,1,0.7747633647777393,6,3,1,9,7
1694,olympus,clicks_frozen,3+6 clicks,2,0.5912762381223804,4,3,3,7,7
1694,olympus,clicks_frozen,10+20 clicks,0,0.6836818873098566,5,3,2,8,7
1694,olympus,clicks_frozen,10+20 clicks,1,0.8106897359372482,6,3,1,9,7
1694,olympus,clicks_frozen,10+20 clicks,2,0.8193522080214724,7,3,0,10,7
1694,olympus,layer_frozen_20,20 labelled images,0,0.6537542824793572,6,3,1,9,7
1694,olympus,layer_finetuned_20,20 labelled images,0,0.518748758352492,3,1,4,4,7
1694,olympus,layer_frozen_100,100 labelled images,0,0.6544343316608107,6,3,1,9,7
1694,olympus,layer_finetuned_100,100 labelled images,0,0.5324877471625064,3,1,4,4,7
1704,olympus,clicks_frozen,3+6 clicks,0,0.8791854458441635,2,0,0,2,2
1704,olympus,clicks_frozen,3+6 clicks,1,0.5728910269914398,1,1,1,2,2
1704,olympus,clicks_frozen,3+6 clicks,2,0.9051067332763629,2,0,0,2,2
1704,olympus,clicks_frozen,10+20 clicks,0,0.6766730905692913,1,0,1,1,2
1704,olympus,clicks_frozen,10+20 clicks,1,0.6791587367818087,1,0,1,1,2
1704,olympus,clicks_frozen,10+20 clicks,2,0.8226672745862236,1,0,1,1,2
1704,olympus,layer_frozen_20,20 labelled images,0,0.7353877144478698,1,0,1,1,2
1704,olympus,layer_finetuned_20,20 labelled images,0,0.7506835848922582,1,0,1,1,2
1704,olympus,layer_frozen_100,100 labelled images,0,0.7921050183018502,1,0,1,1,2
1704,olympus,layer_finetuned_100,100 labelled images,0,0.9135413632597869,2,0,0,2,2
1705,olympus,clicks_frozen,3+6 clicks,0,0.696263695762242,3,2,0,5,3
1705,olympus,clicks_frozen,3+6 clicks,1,0.8013686888083759,3,4,0,7,3
1705,olympus,clicks_frozen,3+6 clicks,2,0.4695512999491682,1,8,2,9,3
1705,olympus,clicks_frozen,10+20 clicks,0,0.8293607647552333,3,4,0,7,3
1705,olympus,clicks_frozen,10+20 clicks,1,0.8174967008520367,3,2,0,5,3
1705,olympus,clicks_frozen,10+20 clicks,2,0.757992477063845,3,1,0,4,3
1705,olympus,layer_frozen_20,20 labelled images,0,0.6942686651800624,2,1,1,3,3
1705,olympus,layer_finetuned_20,20 labelled images,0,0.8970255245685571,3,2,0,5,3
1705,olympus,layer_frozen_100,100 labelled images,0,0.7440641901527525,3,1,0,4,3
1705,olympus,layer_finetuned_100,100 labelled images,0,0.7981471228518794,3,1,0,4,3
1709,olympus,clicks_frozen,3+6 clicks,0,0.665309126737375,3,4,2,7,5
1709,olympus,clicks_frozen,3+6 clicks,1,0.5770223881350589,2,3,3,5,5
1709,olympus,clicks_frozen,3+6 clicks,2,0.5347599751773471,2,2,3,4,5
1709,olympus,clicks_frozen,10+20 clicks,0,0.6659992669857421,2,4,3,6,5
1709,olympus,clicks_frozen,10+20 clicks,1,0.7465687010028912,5,3,0,8,5
1709,olympus,clicks_frozen,10+20 clicks,2,0.5588138413240069,3,3,2,6,5
1709,olympus,layer_frozen_20,20 labelled images,0,0.6477474862804155,3,3,2,6,5
1709,olympus,layer_finetuned_20,20 labelled images,0,0.3675521751635577,2,2,3,4,5
1709,olympus,layer_frozen_100,100 labelled images,0,0.6819176139302321,3,3,2,6,5
1709,olympus,layer_finetuned_100,100 labelled images,0,0.36363530498674973,2,2,3,4,5
1715,olympus,clicks_frozen,3+6 clicks,0,0.22415219576472817,0,4,10,4,10
1715,olympus,clicks_frozen,3+6 clicks,1,0.40370325082134084,2,5,8,7,10
1715,olympus,clicks_frozen,3+6 clicks,2,0.38806707444935534,2,6,8,8,10
1715,olympus,clicks_frozen,10+20 clicks,0,0.5184478944275251,5,2,5,7,10
1715,olympus,clicks_frozen,10+20 clicks,1,0.5088700968508394,3,4,7,7,10
1715,olympus,clicks_frozen,10+20 clicks,2,0.7931797365443776,8,1,2,9,10
1715,olympus,layer_frozen_20,20 labelled images,0,0.364581406108243,1,4,9,5,10
1715,olympus,layer_finetuned_20,20 labelled images,0,0.5152715407191802,4,1,6,5,10
1715,olympus,layer_frozen_100,100 labelled images,0,0.4354388964144652,2,4,8,6,10
1715,olympus,layer_finetuned_100,100 labelled images,0,0.2608569775238935,1,2,9,3,10
1716,olympus,clicks_frozen,3+6 clicks,0,0.6073693310789643,1,4,2,5,3
1716,olympus,clicks_frozen,3+6 clicks,1,0.6124759424577403,1,4,2,5,3
1716,olympus,clicks_frozen,3+6 clicks,2,0.8552802120584229,3,1,0,4,3
1716,olympus,clicks_frozen,10+20 clicks,0,0.928745291645208,3,2,0,5,3
1716,olympus,clicks_frozen,10+20 clicks,1,0.6242924339447974,3,0,0,3,3
1716,olympus,clicks_frozen,10+20 clicks,2,0.6098350945449135,1,3,2,4,3
1716,olympus,layer_frozen_20,20 labelled images,0,0.8880327418554165,3,0,0,3,3
1716,olympus,layer_finetuned_20,20 labelled images,0,0.3183336060926046,0,1,3,1,3
1716,olympus,layer_frozen_100,100 labelled images,0,0.8968658916814966,3,0,0,3,3
1716,olympus,layer_finetuned_100,100 labelled images,0,0.6110314325301119,1,1,2,2,3
1719,olympus,clicks_frozen,3+6 clicks,0,0.167393141353892,0,5,8,5,8
1719,olympus,clicks_frozen,3+6 clicks,1,0.5825443972630472,4,2,4,6,8
1719,olympus,clicks_frozen,3+6 clicks,2,0.5632171762403491,0,1,8,1,8
1719,olympus,clicks_frozen,10+20 clicks,0,0.5914235057287305,5,1,3,6,8
1719,olympus,clicks_frozen,10+20 clicks,1,0.7696940501751244,6,1,2,7,8
1719,olympus,clicks_frozen,10+20 clicks,2,0.598923459654053,5,2,3,7,8
1719,olympus,layer_frozen_20,20 labelled images,0,0.42823650226780213,4,2,4,6,8
1719,olympus,layer_finetuned_20,20 labelled images,0,0.25399351087711275,1,3,7,4,8
1719,olympus,layer_frozen_100,100 labelled images,0,0.4726673281456227,4,2,4,6,8
1719,olympus,layer_finetuned_100,100 labelled images,0,0.30809758071739857,2,2,6,4,8
1738,olympus,clicks_frozen,3+6 clicks,0,0.7354325275815039,3,3,2,6,5
1738,olympus,clicks_frozen,3+6 clicks,1,0.7061343420947802,4,1,1,5,5
1738,olympus,clicks_frozen,3+6 clicks,2,0.06738166421815142,0,2,5,2,5
1738,olympus,clicks_frozen,10+20 clicks,0,0.8800303738446165,5,2,0,7,5
1738,olympus,clicks_frozen,10+20 clicks,1,0.6323486711834783,2,0,3,2,5
1738,olympus,clicks_frozen,10+20 clicks,2,0.685133781063773,3,2,2,5,5
1738,olympus,layer_frozen_20,20 labelled images,0,0.6006176104830239,4,1,1,5,5
1738,olympus,layer_finetuned_20,20 labelled images,0,0.5051217166705806,3,0,2,3,5
1738,olympus,layer_frozen_100,100 labelled images,0,0.6467067860140945,4,1,1,5,5
1738,olympus,layer_finetuned_100,100 labelled images,0,0.611889605204752,3,0,2,3,5
1739,olympus,clicks_frozen,3+6 clicks,0,0.36541009431451354,0,3,3,3,3
1739,olympus,clicks_frozen,3+6 clicks,1,0.39236260697728714,0,4,3,4,3
1739,olympus,clicks_frozen,3+6 clicks,2,0.5366706449059852,1,3,2,4,3
1739,olympus,clicks_frozen,10+20 clicks,0,0.5889311746617878,2,2,1,4,3
1739,olympus,clicks_frozen,10+20 clicks,1,0.564092714579009,1,3,2,4,3
1739,olympus,clicks_frozen,10+20 clicks,2,0.5950590721311754,2,2,1,4,3
1739,olympus,layer_frozen_20,20 labelled images,0,0.5426029535633362,1,2,2,3,3
1739,olympus,layer_finetuned_20,20 labelled images,0,0.2919750815055268,1,0,2,1,3
1739,olympus,layer_frozen_100,100 labelled images,0,0.49942131517872806,1,2,2,3,3
1739,olympus,layer_finetuned_100,100 labelled images,0,0.2757416884119341,0,1,3,1,3
1742,olympus,clicks_frozen,3+6 clicks,0,0.36643445685419457,2,4,4,6,6
1742,olympus,clicks_frozen,3+6 clicks,1,0.4483384724524311,2,5,4,7,6
1742,olympus,clicks_frozen,3+6 clicks,2,0.4844791397504187,1,0,5,1,6
1742,olympus,clicks_frozen,10+20 clicks,0,0.8430260670160726,4,2,2,6,6
1742,olympus,clicks_frozen,10+20 clicks,1,0.6571570415461966,3,2,3,5,6
1742,olympus,clicks_frozen,10+20 clicks,2,0.6671873711832191,3,2,3,5,6
1742,olympus,layer_frozen_20,20 labelled images,0,0.5379659633911376,3,0,3,3,6
1742,olympus,layer_finetuned_20,20 labelled images,0,0.3554483334272416,2,0,4,2,6
1742,olympus,layer_frozen_100,100 labelled images,0,0.42516071996891625,2,0,4,2,6
1742,olympus,layer_finetuned_100,100 labelled images,0,0.32314850205333395,2,0,4,2,6
1745,olympus,clicks_frozen,3+6 clicks,0,0.7130926576119261,4,3,0,7,4
1745,olympus,clicks_frozen,3+6 clicks,1,0.3308315043132823,0,3,4,3,4
1745,olympus,clicks_frozen,3+6 clicks,2,0.6751549719226483,3,3,1,6,4
1745,olympus,clicks_frozen,10+20 clicks,0,0.7902307458295852,4,5,0,9,4
1745,olympus,clicks_frozen,10+20 clicks,1,0.47006703832498675,1,4,3,5,4
1745,olympus,clicks_frozen,10+20 clicks,2,0.72123252294646,3,5,1,8,4
1745,olympus,layer_frozen_20,20 labelled images,0,0.6119239753396937,3,2,1,5,4
1745,olympus,layer_finetuned_20,20 labelled images,0,0.3653949041818611,2,1,2,3,4
1745,olympus,layer_frozen_100,100 labelled images,0,0.6111381613737179,3,2,1,5,4
1745,olympus,layer_finetuned_100,100 labelled images,0,0.8736048103972136,4,1,0,5,4
1747,olympus,clicks_frozen,3+6 clicks,0,0.36460579570066287,2,5,6,7,8
1747,olympus,clicks_frozen,3+6 clicks,1,0.16808787840805717,0,0,8,0,8
1747,olympus,clicks_frozen,3+6 clicks,2,0.3674074774874835,1,5,7,6,8
1747,olympus,clicks_frozen,10+20 clicks,0,0.32511675986992117,1,5,7,6,8
1747,olympus,clicks_frozen,10+20 clicks,1,0.6310369402674421,5,3,3,8,8
1747,olympus,clicks_frozen,10+20 clicks,2,0.8447403029188985,8,3,0,11,8
1747,olympus,layer_frozen_20,20 labelled images,0,0.5863464551959869,4,3,4,7,8
1747,olympus,layer_finetuned_20,20 labelled images,0,0.28648454441145565,1,2,7,3,8
1747,olympus,layer_frozen_100,100 labelled images,0,0.5710071555681152,4,3,4,7,8
1747,olympus,layer_finetuned_100,100 labelled images,0,0.44881461815479295,3,1,5,4,8
1762,olympus,clicks_frozen,3+6 clicks,0,0.2998070712843927,1,3,3,4,4
1762,olympus,clicks_frozen,3+6 clicks,1,0.33293327474561507,1,4,3,5,4
1762,olympus,clicks_frozen,3+6 clicks,2,0.7665215627475673,4,3,0,7,4
1762,olympus,clicks_frozen,10+20 clicks,0,0.4338389702474038,1,5,3,6,4
1762,olympus,clicks_frozen,10+20 clicks,1,0.7349281283891812,3,3,1,6,4
1762,olympus,clicks_frozen,10+20 clicks,2,0.6126889344487348,2,4,2,6,4
1762,olympus,layer_frozen_20,20 labelled images,0,0.8261088641505504,4,3,0,7,4
1762,olympus,layer_finetuned_20,20 labelled images,0,0.6768818815685583,3,0,1,3,4
1762,olympus,layer_frozen_100,100 labelled images,0,0.8016341187481922,4,3,0,7,4
1762,olympus,layer_finetuned_100,100 labelled images,0,0.6597895562871399,2,1,2,3,4
1766,olympus,clicks_frozen,3+6 clicks,0,0.5901972490453777,2,1,2,3,4
1766,olympus,clicks_frozen,3+6 clicks,1,0.6118522236416549,1,0,3,1,4
1766,olympus,clicks_frozen,3+6 clicks,2,0.9009513127929336,4,3,0,7,4
1766,olympus,clicks_frozen,10+20 clicks,0,0.9132312509973626,4,2,0,6,4
1766,olympus,clicks_frozen,10+20 clicks,1,0.7003599297716585,2,1,2,3,4
1766,olympus,clicks_frozen,10+20 clicks,2,0.6880943152157769,2,0,2,2,4
1766,olympus,layer_frozen_20,20 labelled images,0,0.7221001737255032,2,0,2,2,4
1766,olympus,layer_finetuned_20,20 labelled images,0,0.45031576247130267,2,0,2,2,4
1766,olympus,layer_frozen_100,100 labelled images,0,0.5666969059862478,2,0,2,2,4
1766,olympus,layer_finetuned_100,100 labelled images,0,0.4392139941612089,2,0,2,2,4
1770,olympus,clicks_frozen,3+6 clicks,0,0.2895530682557855,0,2,3,2,3
1770,olympus,clicks_frozen,3+6 clicks,1,0.6987726755183602,2,4,1,6,3
1770,olympus,clicks_frozen,3+6 clicks,2,0.3156759046364521,0,1,3,1,3
1770,olympus,clicks_frozen,10+20 clicks,0,0.4857224118343146,1,5,2,6,3
1770,olympus,clicks_frozen,10+20 clicks,1,0.6695762444850794,2,4,1,6,3
1770,olympus,clicks_frozen,10+20 clicks,2,0.6198583470879037,2,4,1,6,3
1770,olympus,layer_frozen_20,20 labelled images,0,0.6600311570779286,2,3,1,5,3
1770,olympus,layer_finetuned_20,20 labelled images,0,0.2865421332849742,1,0,2,1,3
1770,olympus,layer_frozen_100,100 labelled images,0,0.6623866262993815,2,3,1,5,3
1770,olympus,layer_finetuned_100,100 labelled images,0,0.5728096805609718,2,0,1,2,3
1774,olympus,clicks_frozen,3+6 clicks,0,0.3839771852314145,2,4,4,6,6
1774,olympus,clicks_frozen,3+6 clicks,1,0.5269034452436626,0,1,6,1,6
1774,olympus,clicks_frozen,3+6 clicks,2,0.6192231388812517,0,3,6,3,6
1774,olympus,clicks_frozen,10+20 clicks,0,0.8475151581247964,4,2,2,6,6
1774,olympus,clicks_frozen,10+20 clicks,1,0.7464520358538284,3,1,3,4,6
1774,olympus,clicks_frozen,10+20 clicks,2,0.5559999668147065,1,4,5,5,6
1774,olympus,layer_frozen_20,20 labelled images,0,0.38970744827799547,0,3,6,3,6
1774,olympus,layer_finetuned_20,20 labelled images,0,0.22800423406383394,0,2,6,2,6
1774,olympus,layer_frozen_100,100 labelled images,0,0.4240788172665994,0,3,6,3,6
1774,olympus,layer_finetuned_100,100 labelled images,0,0.23905609129174032,0,3,6,3,6
1776,olympus,clicks_frozen,3+6 clicks,0,0.3173825358860607,0,3,7,3,7
1776,olympus,clicks_frozen,3+6 clicks,1,0.3691523884799235,1,6,6,7,7
1776,olympus,clicks_frozen,3+6 clicks,2,0.2947784687649811,0,9,7,9,7
1776,olympus,clicks_frozen,10+20 clicks,0,0.18310155073404707,1,4,6,5,7
1776,olympus,clicks_frozen,10+20 clicks,1,0.5460588903841125,1,7,6,8,7
1776,olympus,clicks_frozen,10+20 clicks,2,0.36118202309127795,1,7,6,8,7
1776,olympus,layer_frozen_20,20 labelled images,0,0.33836255393705456,2,2,5,4,7
1776,olympus,layer_finetuned_20,20 labelled images,0,0.21886231775854423,1,3,6,4,7
1776,olympus,layer_frozen_100,100 labelled images,0,0.3088631613897948,1,3,6,4,7
1776,olympus,layer_finetuned_100,100 labelled images,0,0.3642034988536323,2,2,5,4,7
1808,olympus,clicks_frozen,3+6 clicks,0,0.5187982941070517,3,6,2,9,5
1808,olympus,clicks_frozen,3+6 clicks,1,0.8181104794661543,5,4,0,9,5
1808,olympus,clicks_frozen,3+6 clicks,2,0.6973309981464008,4,0,1,4,5
1808,olympus,clicks_frozen,10+20 clicks,0,0.7783243649685943,5,1,0,6,5
1808,olympus,clicks_frozen,10+20 clicks,1,0.7647417423408972,4,0,1,4,5
1808,olympus,clicks_frozen,10+20 clicks,2,0.6922173561335004,4,0,1,4,5
1808,olympus,layer_frozen_20,20 labelled images,0,0.7139619350309789,4,1,1,5,5
1808,olympus,layer_finetuned_20,20 labelled images,0,0.8690772831383458,5,2,0,7,5
1808,olympus,layer_frozen_100,100 labelled images,0,0.7062001428820815,4,1,1,5,5
1808,olympus,layer_finetuned_100,100 labelled images,0,0.8456530866705332,5,2,0,7,5
1812,olympus,clicks_frozen,3+6 clicks,0,0.17012266617593422,0,2,5,2,5
1812,olympus,clicks_frozen,3+6 clicks,1,0.20535312281761287,1,1,4,2,5
1812,olympus,clicks_frozen,3+6 clicks,2,0.11773130756244257,0,3,5,3,5
1812,olympus,clicks_frozen,10+20 clicks,0,0.12125608272732635,0,1,5,1,5
1812,olympus,clicks_frozen,10+20 clicks,1,0.1606101897386303,0,1,5,1,5
1812,olympus,clicks_frozen,10+20 clicks,2,0.21932555694349481,1,4,4,5,5
1812,olympus,layer_frozen_20,20 labelled images,0,0.2334809024326637,1,3,4,4,5
1812,olympus,layer_finetuned_20,20 labelled images,0,0.2674398557219787,0,1,5,1,5
1812,olympus,layer_frozen_100,100 labelled images,0,0.22368342289146587,1,3,4,4,5
1812,olympus,layer_finetuned_100,100 labelled images,0,0.3142077221148866,0,2,5,2,5
1815,olympus,clicks_frozen,3+6 clicks,0,0.32232206881258946,0,2,4,2,4
1815,olympus,clicks_frozen,3+6 clicks,1,0.2948100732786421,1,3,3,4,4
1815,olympus,clicks_frozen,3+6 clicks,2,0.5937846105856264,1,2,3,3,4
1815,olympus,clicks_frozen,10+20 clicks,0,0.5530480022695542,2,2,2,4,4
1815,olympus,clicks_frozen,10+20 clicks,1,0.23259265607778187,0,3,4,3,4
1815,olympus,clicks_frozen,10+20 clicks,2,0.640466627529894,1,2,3,3,4
1815,olympus,layer_frozen_20,20 labelled images,0,0.2347219527356171,0,3,4,3,4
1815,olympus,layer_finetuned_20,20 labelled images,0,0.23795234154987296,0,2,4,2,4
1815,olympus,layer_frozen_100,100 labelled images,0,0.2326531908110854,0,3,4,3,4
1815,olympus,layer_finetuned_100,100 labelled images,0,0.23876171154917017,0,2,4,2,4
1816,olympus,clicks_frozen,3+6 clicks,0,0.13138987045784267,0,5,9,5,9
1816,olympus,clicks_frozen,3+6 clicks,1,0.23037946850531826,1,8,8,9,9
1816,olympus,clicks_frozen,3+6 clicks,2,0.524405371697746,5,6,4,11,9
1816,olympus,clicks_frozen,10+20 clicks,0,0.49874132238533936,5,6,4,11,9
1816,olympus,clicks_frozen,10+20 clicks,1,0.6007857217676214,4,5,5,9,9
1816,olympus,clicks_frozen,10+20 clicks,2,0.2493785081162028,2,5,7,7,9
1816,olympus,layer_frozen_20,20 labelled images,0,0.4868839670812561,4,2,5,6,9
1816,olympus,layer_finetuned_20,20 labelled images,0,0.23633695989627393,1,1,8,2,9
1816,olympus,layer_frozen_100,100 labelled images,0,0.5417934852741548,3,4,6,7,9
1816,olympus,layer_finetuned_100,100 labelled images,0,0.16528447879531,1,1,8,2,9
1837,olympus,clicks_frozen,3+6 clicks,0,0.47399068499656244,1,7,4,8,5
1837,olympus,clicks_frozen,3+6 clicks,1,0.42877065492148514,1,6,4,7,5
1837,olympus,clicks_frozen,3+6 clicks,2,0.39491980164129104,1,2,4,3,5
1837,olympus,clicks_frozen,10+20 clicks,0,0.814152510649358,4,4,1,8,5
1837,olympus,clicks_frozen,10+20 clicks,1,0.7822061441534283,5,5,0,10,5
1837,olympus,clicks_frozen,10+20 clicks,2,0.4112405358459085,2,2,3,4,5
1837,olympus,layer_frozen_20,20 labelled images,0,0.6095261407055239,4,2,1,6,5
1837,olympus,layer_finetuned_20,20 labelled images,0,0.7202079074992931,4,0,1,4,5
1837,olympus,layer_frozen_100,100 labelled images,0,0.5868532317819072,3,3,2,6,5
1837,olympus,layer_finetuned_100,100 labelled images,0,0.8824732058270067,5,0,0,5,5
1838,olympus,clicks_frozen,3+6 clicks,0,0.534488778793089,3,7,4,10,7
1838,olympus,clicks_frozen,3+6 clicks,1,0.44048275444180046,0,4,7,4,7
1838,olympus,clicks_frozen,3+6 clicks,2,0.044742570946805525,0,2,7,2,7
1838,olympus,clicks_frozen,10+20 clicks,0,0.33693022426939784,1,7,6,8,7
1838,olympus,clicks_frozen,10+20 clicks,1,0.5934453384508692,4,4,3,8,7
1838,olympus,clicks_frozen,10+20 clicks,2,0.229728600689085,1,3,6,4,7
1838,olympus,layer_frozen_20,20 labelled images,0,0.4063779558787258,1,6,6,7,7
1838,olympus,layer_finetuned_20,20 labelled images,0,0.3465382469428008,1,3,6,4,7
1838,olympus,layer_frozen_100,100 labelled images,0,0.4987883868327133,2,6,5,8,7
1838,olympus,layer_finetuned_100,100 labelled images,0,0.28240259854429245,1,2,6,3,7
1839,olympus,clicks_frozen,3+6 clicks,0,0.0967573079535695,0,1,3,1,3
1839,olympus,clicks_frozen,3+6 clicks,1,0.2603776546922457,0,2,3,2,3
1839,olympus,clicks_frozen,3+6 clicks,2,0.11505421805799891,0,2,3,2,3
1839,olympus,clicks_frozen,10+20 clicks,0,0.26222146092637155,0,2,3,2,3
1839,olympus,clicks_frozen,10+20 clicks,1,0.28592550852754256,0,1,3,1,3
1839,olympus,clicks_frozen,10+20 clicks,2,0.1486703892303791,0,1,3,1,3
1839,olympus,layer_frozen_20,20 labelled images,0,0.12806621345306116,0,3,3,3,3
1839,olympus,layer_finetuned_20,20 labelled images,0,0.21187495014158297,0,3,3,3,3
1839,olympus,layer_frozen_100,100 labelled images,0,0.1440992462022617,0,3,3,3,3
1839,olympus,layer_finetuned_100,100 labelled images,0,0.3132033228232884,0,2,3,2,3
1844,olympus,clicks_frozen,3+6 clicks,0,0.4112107153725036,0,4,4,4,4
1844,olympus,clicks_frozen,3+6 clicks,1,0.5514995440378121,2,9,2,11,4
1844,olympus,clicks_frozen,3+6 clicks,2,0.5728021803765461,4,6,0,10,4
1844,olympus,clicks_frozen,10+20 clicks,0,0.5893750158817036,3,7,1,10,4
1844,olympus,clicks_frozen,10+20 clicks,1,0.3518799250528208,1,6,3,7,4
1844,olympus,clicks_frozen,10+20 clicks,2,0.49300899952170846,1,7,3,8,4
1844,olympus,layer_frozen_20,20 labelled images,0,0.7080117443999819,4,5,0,9,4
1844,olympus,layer_finetuned_20,20 labelled images,0,0.7493293097028754,4,2,0,6,4
1844,olympus,layer_frozen_100,100 labelled images,0,0.7145436687952509,4,5,0,9,4
1844,olympus,layer_finetuned_100,100 labelled images,0,0.6796355251588679,2,3,2,5,4
1847,olympus,clicks_frozen,3+6 clicks,0,0.5685525918276496,2,1,1,3,3
1847,olympus,clicks_frozen,3+6 clicks,1,0.5249136421210231,2,1,1,3,3
1847,olympus,clicks_frozen,3+6 clicks,2,0.3997450303936636,1,9,2,10,3
1847,olympus,clicks_frozen,10+20 clicks,0,0.8560547640564926,3,2,0,5,3
1847,olympus,clicks_frozen,10+20 clicks,1,0.5041435438461181,2,1,1,3,3
1847,olympus,clicks_frozen,10+20 clicks,2,0.7904752762079256,3,2,0,5,3
1847,olympus,layer_frozen_20,20 labelled images,0,0.7703652894718586,3,3,0,6,3
1847,olympus,layer_finetuned_20,20 labelled images,0,0.9329586988553414,3,3,0,6,3
1847,olympus,layer_frozen_100,100 labelled images,0,0.7384583917271317,2,2,1,4,3
1847,olympus,layer_finetuned_100,100 labelled images,0,0.7458707484689083,2,3,1,5,3
1853,olympus,clicks_frozen,3+6 clicks,0,0.31473510188507836,1,5,7,6,8
1853,olympus,clicks_frozen,3+6 clicks,1,0.4487990819720246,2,5,6,7,8
1853,olympus,clicks_frozen,3+6 clicks,2,0.7002206367956936,6,9,2,15,8
1853,olympus,clicks_frozen,10+20 clicks,0,0.6940167139324466,7,2,1,9,8
1853,olympus,clicks_frozen,10+20 clicks,1,0.7003617179801762,8,3,0,11,8
1853,olympus,clicks_frozen,10+20 clicks,2,0.6874625077776034,7,4,1,11,8
1853,olympus,layer_frozen_20,20 labelled images,0,0.5227973686076779,4,4,4,8,8
1853,olympus,layer_finetuned_20,20 labelled images,0,0.3509567395782688,2,1,6,3,8
1853,olympus,layer_frozen_100,100 labelled images,0,0.6592554035044605,6,4,2,10,8
1853,olympus,layer_finetuned_100,100 labelled images,0,0.3540764702709032,2,3,6,5,8
1854,olympus,clicks_frozen,3+6 clicks,0,0.5472282265499708,3,5,3,8,6
1854,olympus,clicks_frozen,3+6 clicks,1,0.2502164316578197,0,3,6,3,6
1854,olympus,clicks_frozen,3+6 clicks,2,0.35407852788171895,0,3,6,3,6
1854,olympus,clicks_frozen,10+20 clicks,0,0.5946236504293093,3,2,3,5,6
1854,olympus,clicks_frozen,10+20 clicks,1,0.7450616436207494,5,3,1,8,6
1854,olympus,clicks_frozen,10+20 clicks,2,0.6647074833185946,3,1,3,4,6
1854,olympus,layer_frozen_20,20 labelled images,0,0.5409554921111138,3,3,3,6,6
1854,olympus,layer_finetuned_20,20 labelled images,0,0.4556354062173796,1,3,5,4,6
1854,olympus,layer_frozen_100,100 labelled images,0,0.5417320781005063,3,4,3,7,6
1854,olympus,layer_finetuned_100,100 labelled images,0,0.29610882369802277,0,3,6,3,6
1855,olympus,clicks_frozen,3+6 clicks,0,0.8372569666520923,2,2,1,4,3
1855,olympus,clicks_frozen,3+6 clicks,1,0.6992282954025909,2,4,1,6,3
1855,olympus,clicks_frozen,3+6 clicks,2,0.49311433313394293,1,0,2,1,3
1855,olympus,clicks_frozen,10+20 clicks,0,0.7128761903005477,2,2,1,4,3
1855,olympus,clicks_frozen,10+20 clicks,1,0.5688091319209673,1,3,2,4,3
1855,olympus,clicks_frozen,10+20 clicks,2,0.8824508953654275,2,3,1,5,3
1855,olympus,layer_frozen_20,20 labelled images,0,0.8386609870296956,2,2,1,4,3
1855,olympus,layer_finetuned_20,20 labelled images,0,0.2803151169634183,1,0,2,1,3
1855,olympus,layer_frozen_100,100 labelled images,0,0.8442158967301991,2,2,1,4,3
1855,olympus,layer_finetuned_100,100 labelled images,0,0.5920345930725819,2,1,1,3,3
1863,olympus,clicks_frozen,3+6 clicks,0,0.622464982472505,2,5,2,7,4
1863,olympus,clicks_frozen,3+6 clicks,1,0.39042576756394687,0,2,4,2,4
1863,olympus,clicks_frozen,3+6 clicks,2,0.6380394064462052,2,4,2,6,4
1863,olympus,clicks_frozen,10+20 clicks,0,0.7535232315053959,3,2,1,5,4
1863,olympus,clicks_frozen,10+20 clicks,1,0.38714623055447245,0,2,4,2,4
1863,olympus,clicks_frozen,10+20 clicks,2,0.7867083970058983,3,3,1,6,4
1863,olympus,layer_frozen_20,20 labelled images,0,0.44240799544752407,1,1,3,2,4
1863,olympus,layer_finetuned_20,20 labelled images,0,0.4600807992222011,1,1,3,2,4
1863,olympus,layer_frozen_100,100 labelled images,0,0.4413564165685788,1,1,3,2,4
1863,olympus,layer_finetuned_100,100 labelled images,0,0.4407035352986216,1,1,3,2,4
1870,olympus,clicks_frozen,3+6 clicks,0,0.43536004083784086,3,3,4,6,7
1870,olympus,clicks_frozen,3+6 clicks,1,0.7059519075225275,5,1,2,6,7
1870,olympus,clicks_frozen,3+6 clicks,2,0.38373225742064976,0,5,7,5,7
1870,olympus,clicks_frozen,10+20 clicks,0,0.651053010798013,6,0,1,6,7
1870,olympus,clicks_frozen,10+20 clicks,1,0.7104556035999451,6,0,1,6,7
1870,olympus,clicks_frozen,10+20 clicks,2,0.6016227031053966,6,1,1,7,7
1870,olympus,layer_frozen_20,20 labelled images,0,0.39038521173483715,2,1,5,3,7
1870,olympus,layer_finetuned_20,20 labelled images,0,0.43833791021697566,2,1,5,3,7
1870,olympus,layer_frozen_100,100 labelled images,0,0.39026519807297294,2,1,5,3,7
1870,olympus,layer_finetuned_100,100 labelled images,0,0.5298703771471172,3,1,4,4,7
1871,olympus,clicks_frozen,3+6 clicks,0,0.8985454680767256,3,3,0,6,3
1871,olympus,clicks_frozen,3+6 clicks,1,0.8859602624625259,3,3,0,6,3
1871,olympus,clicks_frozen,3+6 clicks,2,0.5233587455485224,2,3,1,5,3
1871,olympus,clicks_frozen,10+20 clicks,0,0.5179790938155744,1,2,2,3,3
1871,olympus,clicks_frozen,10+20 clicks,1,0.4870220468602758,0,2,3,2,3
1871,olympus,clicks_frozen,10+20 clicks,2,0.8471571688756568,3,3,0,6,3
1871,olympus,layer_frozen_20,20 labelled images,0,0.5329362643297992,2,3,1,5,3
1871,olympus,layer_finetuned_20,20 labelled images,0,0.5804335220683062,2,1,1,3,3
1871,olympus,layer_frozen_100,100 labelled images,0,0.648233544150275,2,3,1,5,3
1871,olympus,layer_finetuned_100,100 labelled images,0,0.898049366597927,3,0,0,3,3
1888,olympus,clicks_frozen,3+6 clicks,0,0.44896912052319193,1,6,3,7,4
1888,olympus,clicks_frozen,3+6 clicks,1,0.44979414683332786,1,8,3,9,4
1888,olympus,clicks_frozen,3+6 clicks,2,0.6840856027621988,3,4,1,7,4
1888,olympus,clicks_frozen,10+20 clicks,0,0.5760780223612556,3,3,1,6,4
1888,olympus,clicks_frozen,10+20 clicks,1,0.40429623864040604,0,7,4,7,4
1888,olympus,clicks_frozen,10+20 clicks,2,0.7517094059795697,3,4,1,7,4
1888,olympus,layer_frozen_20,20 labelled images,0,0.6248639199426047,3,3,1,6,4
1888,olympus,layer_finetuned_20,20 labelled images,0,0.30024069130543024,1,0,3,1,4
1888,olympus,layer_frozen_100,100 labelled images,0,0.6273652123048972,3,3,1,6,4
1888,olympus,layer_finetuned_100,100 labelled images,0,0.5772233384256635,3,0,1,3,4
1898,olympus,clicks_frozen,3+6 clicks,0,0.6324504269884625,5,5,3,10,8
1898,olympus,clicks_frozen,3+6 clicks,1,0.6795873662938942,6,4,2,10,8
1898,olympus,clicks_frozen,3+6 clicks,2,0.526644532282716,3,6,5,9,8
1898,olympus,clicks_frozen,10+20 clicks,0,0.7325252009176907,6,5,2,11,8
1898,olympus,clicks_frozen,10+20 clicks,1,0.6242504756821663,5,5,3,10,8
1898,olympus,clicks_frozen,10+20 clicks,2,0.27537022778352227,1,4,7,5,8
1898,olympus,layer_frozen_20,20 labelled images,0,0.46832910256950755,3,3,5,6,8
1898,olympus,layer_finetuned_20,20 labelled images,0,0.547740332736814,5,1,3,6,8
1898,olympus,layer_frozen_100,100 labelled images,0,0.5551313482501109,4,3,4,7,8
1898,olympus,layer_finetuned_100,100 labelled images,0,0.3215407125791009,2,2,6,4,8
1944,olympus,clicks_frozen,3+6 clicks,0,0.062319922774348745,0,2,2,2,2
1944,olympus,clicks_frozen,3+6 clicks,1,0.8097010911643385,2,9,0,11,2
1944,olympus,clicks_frozen,3+6 clicks,2,0.45698383934182024,1,1,1,2,2
1944,olympus,clicks_frozen,10+20 clicks,0,0.7810040368310246,2,3,0,5,2
1944,olympus,clicks_frozen,10+20 clicks,1,0.33078423981148125,0,4,2,4,2
1944,olympus,clicks_frozen,10+20 clicks,2,0.8917417484108245,2,6,0,8,2
1944,olympus,layer_frozen_20,20 labelled images,0,0.7619374215534398,2,6,0,8,2
1944,olympus,layer_finetuned_20,20 labelled images,0,0.7232029546148615,2,3,0,5,2
1944,olympus,layer_frozen_100,100 labelled images,0,0.844634677884134,2,3,0,5,2
1944,olympus,layer_finetuned_100,100 labelled images,0,0.9153701590659575,2,1,0,3,2
1948,olympus,clicks_frozen,3+6 clicks,0,0.37082691837375575,3,10,8,13,11
1948,olympus,clicks_frozen,3+6 clicks,1,0.4680347237957587,4,12,7,16,11
1948,olympus,clicks_frozen,3+6 clicks,2,0.05084509052967827,0,1,11,1,11
1948,olympus,clicks_frozen,10+20 clicks,0,0.20066437510624657,1,5,10,6,11
1948,olympus,clicks_frozen,10+20 clicks,1,0.2561112932974853,3,2,8,5,11
1948,olympus,clicks_frozen,10+20 clicks,2,0.4152165542653208,5,6,6,11,11
1948,olympus,layer_frozen_20,20 labelled images,0,0.3572637721911489,3,4,8,7,11
1948,olympus,layer_finetuned_20,20 labelled images,0,0.4025813113138654,3,2,8,5,11
1948,olympus,layer_frozen_100,100 labelled images,0,0.39072678252727405,3,7,8,10,11
1948,olympus,layer_finetuned_100,100 labelled images,0,0.34245000038248596,2,3,9,5,11
1954,olympus,clicks_frozen,3+6 clicks,0,0.2368084911620367,0,5,3,5,3
1954,olympus,clicks_frozen,3+6 clicks,1,0.5997162848532361,2,7,1,9,3
1954,olympus,clicks_frozen,3+6 clicks,2,0.5177930233212834,1,8,2,9,3
1954,olympus,clicks_frozen,10+20 clicks,0,0.44943042378602893,1,2,2,3,3
1954,olympus,clicks_frozen,10+20 clicks,1,0.5487229177163236,1,3,2,4,3
1954,olympus,clicks_frozen,10+20 clicks,2,0.6180902726576293,1,3,2,4,3
1954,olympus,layer_frozen_20,20 labelled images,0,0.569706786867533,1,3,2,4,3
1954,olympus,layer_finetuned_20,20 labelled images,0,0.3143938546314988,0,2,3,2,3
1954,olympus,layer_frozen_100,100 labelled images,0,0.5622776396145945,1,3,2,4,3
1954,olympus,layer_finetuned_100,100 labelled images,0,0.295818571106536,0,1,3,1,3
1957,olympus,clicks_frozen,3+6 clicks,0,0.657904855672455,4,6,0,10,4
1957,olympus,clicks_frozen,3+6 clicks,1,0.334587641409133,1,6,3,7,4
1957,olympus,clicks_frozen,3+6 clicks,2,0.4636718926311253,1,6,3,7,4
1957,olympus,clicks_frozen,10+20 clicks,0,0.7937351486409332,4,5,0,9,4
1957,olympus,clicks_frozen,10+20 clicks,1,0.621057497023841,2,6,2,8,4
1957,olympus,clicks_frozen,10+20 clicks,2,0.7329834486268938,4,5,0,9,4
1957,olympus,layer_frozen_20,20 labelled images,0,0.3512316028831627,1,2,3,3,4
1957,olympus,layer_finetuned_20,20 labelled images,0,0.4381829880604807,0,4,4,4,4
1957,olympus,layer_frozen_100,100 labelled images,0,0.3696551379293185,1,2,3,3,4
1957,olympus,layer_finetuned_100,100 labelled images,0,0.42872842865008426,0,4,4,4,4
1959,olympus,clicks_frozen,3+6 clicks,0,0.8216979076344089,2,4,0,6,2
1959,olympus,clicks_frozen,3+6 clicks,1,0.3211797500090831,0,1,2,1,2
1959,olympus,clicks_frozen,3+6 clicks,2,0.502510874059932,1,3,1,4,2
1959,olympus,clicks_frozen,10+20 clicks,0,0.8188473470837621,2,0,0,2,2
1959,olympus,clicks_frozen,10+20 clicks,1,0.8593624237056727,2,1,0,3,2
1959,olympus,clicks_frozen,10+20 clicks,2,0.6765730969248234,2,1,0,3,2
1959,olympus,layer_frozen_20,20 labelled images,0,0.77557067683705,2,3,0,5,2
1959,olympus,layer_finetuned_20,20 labelled images,0,0.0,0,0,2,0,2
1959,olympus,layer_frozen_100,100 labelled images,0,0.779161303467192,2,3,0,5,2
1959,olympus,layer_finetuned_100,100 labelled images,0,0.6128675831775756,1,1,1,2,2
1963,olympus,clicks_frozen,3+6 clicks,0,0.7035725084768166,6,2,1,8,7
1963,olympus,clicks_frozen,3+6 clicks,1,0.3858859474779445,3,3,4,6,7
1963,olympus,clicks_frozen,3+6 clicks,2,0.35059338791152683,2,2,5,4,7
1963,olympus,clicks_frozen,10+20 clicks,0,0.6938115096177392,5,3,2,8,7
1963,olympus,clicks_frozen,10+20 clicks,1,0.7657614186504148,6,2,1,8,7
1963,olympus,clicks_frozen,10+20 clicks,2,0.8614009503697988,7,1,0,8,7
1963,olympus,layer_frozen_20,20 labelled images,0,0.6059739316240303,4,3,3,7,7
1963,olympus,layer_finetuned_20,20 labelled images,0,0.6814925787125421,5,2,2,7,7
1963,olympus,layer_frozen_100,100 labelled images,0,0.59709522670145,4,3,3,7,7
1963,olympus,layer_finetuned_100,100 labelled images,0,0.7775258648979405,6,0,1,6,7
1967,olympus,clicks_frozen,3+6 clicks,0,0.5145572790244918,3,5,2,8,5
1967,olympus,clicks_frozen,3+6 clicks,1,0.4841081058527573,2,7,3,9,5
1967,olympus,clicks_frozen,3+6 clicks,2,0.39646033259214014,1,7,4,8,5
1967,olympus,clicks_frozen,10+20 clicks,0,0.7358189908650427,4,6,1,10,5
1967,olympus,clicks_frozen,10+20 clicks,1,0.7377608342982245,5,5,0,10,5
1967,olympus,clicks_frozen,10+20 clicks,2,0.7499769882368484,5,2,0,7,5
1967,olympus,layer_frozen_20,20 labelled images,0,0.5921575410506901,3,6,2,9,5
1967,olympus,layer_finetuned_20,20 labelled images,0,0.6965146572807666,4,0,1,4,5
1967,olympus,layer_frozen_100,100 labelled images,0,0.5804665969066023,2,6,3,8,5
1967,olympus,layer_finetuned_100,100 labelled images,0,0.6878048469751322,3,1,2,4,5
1970,olympus,clicks_frozen,3+6 clicks,0,0.16380392151241052,0,4,8,4,8
1970,olympus,clicks_frozen,3+6 clicks,1,0.1559305666182928,0,4,8,4,8
1970,olympus,clicks_frozen,3+6 clicks,2,0.17914250477877192,0,4,8,4,8
1970,olympus,clicks_frozen,10+20 clicks,0,0.804578284650122,8,0,0,8,8
1970,olympus,clicks_frozen,10+20 clicks,1,0.5260276678051008,5,1,3,6,8
1970,olympus,clicks_frozen,10+20 clicks,2,0.6684128193341443,5,1,3,6,8
1970,olympus,layer_frozen_20,20 labelled images,0,0.5707048691336731,4,1,4,5,8
1970,olympus,layer_finetuned_20,20 labelled images,0,0.3660607305079546,2,1,6,3,8
1970,olympus,layer_frozen_100,100 labelled images,0,0.5415629083103292,4,1,4,5,8
1970,olympus,layer_finetuned_100,100 labelled images,0,0.35307522597787167,1,2,7,3,8
1972,olympus,clicks_frozen,3+6 clicks,0,0.2548420592351211,0,7,3,7,3
1972,olympus,clicks_frozen,3+6 clicks,1,0.5454412899344369,1,4,2,5,3
1972,olympus,clicks_frozen,3+6 clicks,2,0.25641914426455614,0,3,3,3,3
1972,olympus,clicks_frozen,10+20 clicks,0,0.6081479618836116,1,2,2,3,3
1972,olympus,clicks_frozen,10+20 clicks,1,0.560539717034707,1,1,2,2,3
1972,olympus,clicks_frozen,10+20 clicks,2,0.25647279234977494,0,2,3,2,3
1972,olympus,layer_frozen_20,20 labelled images,0,0.2572666004092841,0,2,3,2,3
1972,olympus,layer_finetuned_20,20 labelled images,0,0.31990006185177094,0,1,3,1,3
1972,olympus,layer_frozen_100,100 labelled images,0,0.2558048014271287,0,2,3,2,3
1972,olympus,layer_finetuned_100,100 labelled images,0,0.28672359394989116,0,1,3,1,3
1981,olympus,clicks_frozen,3+6 clicks,0,0.18905896948306541,0,2,4,2,4
1981,olympus,clicks_frozen,3+6 clicks,1,0.5814358572103512,3,11,1,14,4
1981,olympus,clicks_frozen,3+6 clicks,2,0.4779919124240277,2,12,2,14,4
1981,olympus,clicks_frozen,10+20 clicks,0,0.2114938210297721,0,2,4,2,4
1981,olympus,clicks_frozen,10+20 clicks,1,0.4189441188514905,1,6,3,7,4
1981,olympus,clicks_frozen,10+20 clicks,2,0.28929560619093175,0,8,4,8,4
1981,olympus,layer_frozen_20,20 labelled images,0,0.4003368569316292,1,8,3,9,4
1981,olympus,layer_finetuned_20,20 labelled images,0,0.16845695223817858,0,4,4,4,4
1981,olympus,layer_frozen_100,100 labelled images,0,0.5423476623772989,1,9,3,10,4
1981,olympus,layer_finetuned_100,100 labelled images,0,0.35372439136993894,1,4,3,5,4
1984,olympus,clicks_frozen,3+6 clicks,0,0.2748615200203079,1,7,2,8,3
1984,olympus,clicks_frozen,3+6 clicks,1,0.3278273592806011,0,0,3,0,3
1984,olympus,clicks_frozen,3+6 clicks,2,0.672826456565491,2,10,1,12,3
1984,olympus,clicks_frozen,10+20 clicks,0,0.6675195042744629,2,11,1,13,3
1984,olympus,clicks_frozen,10+20 clicks,1,0.4377712142280881,0,3,3,3,3
1984,olympus,clicks_frozen,10+20 clicks,2,0.5646664029399614,1,6,2,7,3
1984,olympus,layer_frozen_20,20 labelled images,0,0.5900425820236724,2,4,1,6,3
1984,olympus,layer_finetuned_20,20 labelled images,0,0.8769387998543743,3,2,0,5,3
1984,olympus,layer_frozen_100,100 labelled images,0,0.6334753579495612,2,5,1,7,3
1984,olympus,layer_finetuned_100,100 labelled images,0,0.7487081061226268,3,2,0,5,3
1992,olympus,clicks_frozen,3+6 clicks,0,0.16931097015883764,0,2,6,2,6
1992,olympus,clicks_frozen,3+6 clicks,1,0.2558940595932357,1,3,5,4,6
1992,olympus,clicks_frozen,3+6 clicks,2,0.3470434730289234,1,2,5,3,6
1992,olympus,clicks_frozen,10+20 clicks,0,0.2084254420017165,1,3,5,4,6
1992,olympus,clicks_frozen,10+20 clicks,1,0.18473719415074397,1,3,5,4,6
1992,olympus,clicks_frozen,10+20 clicks,2,0.12504286297546954,0,2,6,2,6
1992,olympus,layer_frozen_20,20 labelled images,0,0.4561365804314849,3,3,3,6,6
1992,olympus,layer_finetuned_20,20 labelled images,0,0.415707940983645,2,1,4,3,6
1992,olympus,layer_frozen_100,100 labelled images,0,0.42158355582111756,2,2,4,4,6
1992,olympus,layer_finetuned_100,100 labelled images,0,0.3133375000173751,1,2,5,3,6
1993,olympus,clicks_frozen,3+6 clicks,0,0.549714896679454,6,4,7,10,13
1993,olympus,clicks_frozen,3+6 clicks,1,0.2393659970872089,1,6,12,7,13
1993,olympus,clicks_frozen,3+6 clicks,2,0.13421891239364056,1,2,12,3,13
1993,olympus,clicks_frozen,10+20 clicks,0,0.2757966239512306,2,3,11,5,13
1993,olympus,clicks_frozen,10+20 clicks,1,0.23935345825942236,2,4,11,6,13
1993,olympus,clicks_frozen,10+20 clicks,2,0.3329699940392734,3,6,10,9,13
1993,olympus,layer_frozen_20,20 labelled images,0,0.30406290619519016,3,3,10,6,13
1993,olympus,layer_finetuned_20,20 labelled images,0,0.20485691724409483,2,1,11,3,13
1993,olympus,layer_frozen_100,100 labelled images,0,0.41585474640942965,4,5,9,9,13
1993,olympus,layer_finetuned_100,100 labelled images,0,0.17547979959779936,1,2,12,3,13
1994,olympus,clicks_frozen,3+6 clicks,0,0.4623295165332476,4,7,6,11,10
1994,olympus,clicks_frozen,3+6 clicks,1,0.40197823995783366,1,3,9,4,10
1994,olympus,clicks_frozen,3+6 clicks,2,0.4229912717115476,2,10,8,12,10
1994,olympus,clicks_frozen,10+20 clicks,0,0.29764513233929757,0,6,10,6,10
1994,olympus,clicks_frozen,10+20 clicks,1,0.5503874640550214,7,5,3,12,10
1994,olympus,clicks_frozen,10+20 clicks,2,0.41592136929342616,3,5,7,8,10
1994,olympus,layer_frozen_20,20 labelled images,0,0.33739787498368995,2,4,8,6,10
1994,olympus,layer_finetuned_20,20 labelled images,0,0.45400578769660604,4,2,6,6,10
1994,olympus,layer_frozen_100,100 labelled images,0,0.32767070559683037,2,4,8,6,10
1994,olympus,layer_finetuned_100,100 labelled images,0,0.3561152178787022,3,2,7,5,10
2013,olympus,clicks_frozen,3+6 clicks,0,0.1641687575834441,0,3,9,3,9
2013,olympus,clicks_frozen,3+6 clicks,1,0.2537297196396304,1,3,8,4,9
2013,olympus,clicks_frozen,3+6 clicks,2,0.6245965321988756,5,3,4,8,9
2013,olympus,clicks_frozen,10+20 clicks,0,0.5470004542238311,4,4,5,8,9
2013,olympus,clicks_frozen,10+20 clicks,1,0.521060588151362,4,4,5,8,9
2013,olympus,clicks_frozen,10+20 clicks,2,0.696728282002022,7,2,2,9,9
2013,olympus,layer_frozen_20,20 labelled images,0,0.5109998869451771,5,2,4,7,9
2013,olympus,layer_finetuned_20,20 labelled images,0,0.3061265460087008,1,2,8,3,9
2013,olympus,layer_frozen_100,100 labelled images,0,0.520549639372375,5,2,4,7,9
2013,olympus,layer_finetuned_100,100 labelled images,0,0.41257404801385217,2,2,7,4,9
2015,olympus,clicks_frozen,3+6 clicks,0,0.28762644105722107,3,3,9,6,12
2015,olympus,clicks_frozen,3+6 clicks,1,0.34478043391803054,4,3,8,7,12
2015,olympus,clicks_frozen,3+6 clicks,2,0.6115128871320256,7,6,5,13,12
2015,olympus,clicks_frozen,10+20 clicks,0,0.27059347574814807,3,1,9,4,12
2015,olympus,clicks_frozen,10+20 clicks,1,0.44882377646543087,5,3,7,8,12
2015,olympus,clicks_frozen,10+20 clicks,2,0.4189944663710108,1,11,11,12,12
2015,olympus,layer_frozen_20,20 labelled images,0,0.5159172208637058,7,2,5,9,12
2015,olympus,layer_finetuned_20,20 labelled images,0,0.5462264251696015,8,0,4,8,12
2015,olympus,layer_frozen_100,100 labelled images,0,0.48752984096927515,6,3,6,9,12
2015,olympus,layer_finetuned_100,100 labelled images,0,0.4855548490197474,5,1,7,6,12
2025,olympus,clicks_frozen,3+6 clicks,0,0.46925280394731433,2,8,4,10,6
2025,olympus,clicks_frozen,3+6 clicks,1,0.4502900787930893,1,9,5,10,6
2025,olympus,clicks_frozen,3+6 clicks,2,0.4443135469050097,1,8,5,9,6
2025,olympus,clicks_frozen,10+20 clicks,0,0.3913796250191443,2,4,4,6,6
2025,olympus,clicks_frozen,10+20 clicks,1,0.24565701100315962,1,3,5,4,6
2025,olympus,clicks_frozen,10+20 clicks,2,0.35612955733182633,0,4,6,4,6
2025,olympus,layer_frozen_20,20 labelled images,0,0.28074842848533027,1,4,5,5,6
2025,olympus,layer_finetuned_20,20 labelled images,0,0.44371638392194224,3,0,3,3,6
2025,olympus,layer_frozen_100,100 labelled images,0,0.23409087231536765,0,5,6,5,6
2025,olympus,layer_finetuned_100,100 labelled images,0,0.28375624641338065,1,2,5,3,6
2026,olympus,clicks_frozen,3+6 clicks,0,0.6125058615903807,3,1,2,4,5
2026,olympus,clicks_frozen,3+6 clicks,1,0.5640524613368227,3,6,2,9,5
2026,olympus,clicks_frozen,3+6 clicks,2,0.7038023128418001,3,3,2,6,5
2026,olympus,clicks_frozen,10+20 clicks,0,0.6872914113997517,5,1,0,6,5
2026,olympus,clicks_frozen,10+20 clicks,1,0.7604780477986717,3,2,2,5,5
2026,olympus,clicks_frozen,10+20 clicks,2,0.7433570496987285,2,2,3,4,5
2026,olympus,layer_frozen_20,20 labelled images,0,0.7067241975430536,3,4,2,7,5
2026,olympus,layer_finetuned_20,20 labelled images,0,0.26890936693715617,0,2,5,2,5
2026,olympus,layer_frozen_100,100 labelled images,0,0.6860717743144725,2,5,3,7,5
2026,olympus,layer_finetuned_100,100 labelled images,0,0.13972872899876237,0,2,5,2,5
2033,olympus,clicks_frozen,3+6 clicks,0,0.6272844843701499,5,2,0,7,5
2033,olympus,clicks_frozen,3+6 clicks,1,0.6982984983280636,4,4,1,8,5
2033,olympus,clicks_frozen,3+6 clicks,2,0.38021151924107266,2,1,3,3,5
2033,olympus,clicks_frozen,10+20 clicks,0,0.8105432570666051,4,4,1,8,5
2033,olympus,clicks_frozen,10+20 clicks,1,0.6893625490935398,4,3,1,7,5
2033,olympus,clicks_frozen,10+20 clicks,2,0.4006602020584909,1,5,4,6,5
2033,olympus,layer_frozen_20,20 labelled images,0,0.7724457519646947,4,3,1,7,5
2033,olympus,layer_finetuned_20,20 labelled images,0,0.7528540529707293,4,1,1,5,5
2033,olympus,layer_frozen_100,100 labelled images,0,0.7625894634944776,4,3,1,7,5
2033,olympus,layer_finetuned_100,100 labelled images,0,0.7857060000051399,5,0,0,5,5
203,nikon,clicks_frozen,3+6 clicks,0,0.5379705736704813,1,2,3,3,4
203,nikon,clicks_frozen,3+6 clicks,1,0.6864318277838781,2,2,2,4,4
203,nikon,clicks_frozen,3+6 clicks,2,0.3918072971922931,0,0,4,0,4
203,nikon,clicks_frozen,10+20 clicks,0,0.6536653594585934,1,3,3,4,4
203,nikon,clicks_frozen,10+20 clicks,1,0.5991751243753908,1,3,3,4,4
203,nikon,clicks_frozen,10+20 clicks,2,0.7071821348449553,1,1,3,2,4
203,nikon,layer_frozen_20,20 labelled images,0,0.5474696208854455,1,2,3,3,4
203,nikon,layer_finetuned_20,20 labelled images,0,0.4529013121931397,1,2,3,3,4
203,nikon,layer_frozen_100,100 labelled images,0,0.5304435165621648,1,2,3,3,4
203,nikon,layer_finetuned_100,100 labelled images,0,0.4470601697164985,1,2,3,3,4
2046,olympus,clicks_frozen,3+6 clicks,0,0.5629308894783028,3,6,1,9,4
2046,olympus,clicks_frozen,3+6 clicks,1,0.17862534242254577,0,0,4,0,4
2046,olympus,clicks_frozen,3+6 clicks,2,0.39756504426073763,1,6,3,7,4
2046,olympus,clicks_frozen,10+20 clicks,0,0.5570372907699386,3,5,1,8,4
2046,olympus,clicks_frozen,10+20 clicks,1,0.7725899665361822,4,4,0,8,4
2046,olympus,clicks_frozen,10+20 clicks,2,0.3919603575991205,1,5,3,6,4
2046,olympus,layer_frozen_20,20 labelled images,0,0.6890094325350123,4,4,0,8,4
2046,olympus,layer_finetuned_20,20 labelled images,0,0.4161216176289231,2,0,2,2,4
2046,olympus,layer_frozen_100,100 labelled images,0,0.6657543662902102,4,4,0,8,4
2046,olympus,layer_finetuned_100,100 labelled images,0,0.4576493216852049,2,0,2,2,4
2047,olympus,clicks_frozen,3+6 clicks,0,0.04389307307104506,0,3,8,3,8
2047,olympus,clicks_frozen,3+6 clicks,1,0.40713727735013483,2,8,6,10,8
2047,olympus,clicks_frozen,3+6 clicks,2,0.5127382264118353,3,13,5,16,8
2047,olympus,clicks_frozen,10+20 clicks,0,0.04024205219672813,0,2,8,2,8
2047,olympus,clicks_frozen,10+20 clicks,1,0.5588885176833907,6,4,2,10,8
2047,olympus,clicks_frozen,10+20 clicks,2,0.43661426951842885,2,6,6,8,8
2047,olympus,layer_frozen_20,20 labelled images,0,0.30620714394869075,2,4,6,6,8
2047,olympus,layer_finetuned_20,20 labelled images,0,0.52448811413169,4,1,4,5,8
2047,olympus,layer_frozen_100,100 labelled images,0,0.2984453055395991,1,5,7,6,8
2047,olympus,layer_finetuned_100,100 labelled images,0,0.6506234377583311,6,1,2,7,8
2052,olympus,clicks_frozen,3+6 clicks,0,0.7662374691502434,4,5,0,9,4
2052,olympus,clicks_frozen,3+6 clicks,1,0.7643721104719605,4,3,0,7,4
2052,olympus,clicks_frozen,3+6 clicks,2,0.8353814000472396,4,4,0,8,4
2052,olympus,clicks_frozen,10+20 clicks,0,0.7982563831057443,3,4,1,7,4
2052,olympus,clicks_frozen,10+20 clicks,1,0.7279445620356768,3,4,1,7,4
2052,olympus,clicks_frozen,10+20 clicks,2,0.6990294438121003,3,3,1,6,4
2052,olympus,layer_frozen_20,20 labelled images,0,0.5684470023675576,2,3,2,5,4
2052,olympus,layer_finetuned_20,20 labelled images,0,0.5281213021892248,2,1,2,3,4
2052,olympus,layer_frozen_100,100 labelled images,0,0.5728732095670279,2,3,2,5,4
2052,olympus,layer_finetuned_100,100 labelled images,0,0.27963124360442926,1,1,3,2,4
2060,olympus,clicks_frozen,3+6 clicks,0,0.14609980850747098,0,2,3,2,3
2060,olympus,clicks_frozen,3+6 clicks,1,0.4203309908333745,1,2,2,3,3
2060,olympus,clicks_frozen,3+6 clicks,2,0.5660645122453839,2,2,1,4,3
2060,olympus,clicks_frozen,10+20 clicks,0,0.4816185593903837,2,1,1,3,3
2060,olympus,clicks_frozen,10+20 clicks,1,0.5824527093383857,2,2,1,4,3
2060,olympus,clicks_frozen,10+20 clicks,2,0.5472814673088733,2,1,1,3,3
2060,olympus,layer_frozen_20,20 labelled images,0,0.7354352227526223,2,5,1,7,3
2060,olympus,layer_finetuned_20,20 labelled images,0,0.5789049793743378,2,1,1,3,3
2060,olympus,layer_frozen_100,100 labelled images,0,0.7182727369643954,2,3,1,5,3
2060,olympus,layer_finetuned_100,100 labelled images,0,0.6032382084831837,2,1,1,3,3
2063,olympus,clicks_frozen,3+6 clicks,0,0.16934738380059824,1,5,7,6,8
2063,olympus,clicks_frozen,3+6 clicks,1,0.3809584543064885,3,4,5,7,8
2063,olympus,clicks_frozen,3+6 clicks,2,0.06086736997436709,0,3,8,3,8
2063,olympus,clicks_frozen,10+20 clicks,0,0.5725136809743248,5,6,3,11,8
2063,olympus,clicks_frozen,10+20 clicks,1,0.5023467412634822,4,6,4,10,8
2063,olympus,clicks_frozen,10+20 clicks,2,0.6003485233408801,5,8,3,13,8
2063,olympus,layer_frozen_20,20 labelled images,0,0.4769282976345468,3,3,5,6,8
2063,olympus,layer_finetuned_20,20 labelled images,0,0.6626201134153983,6,3,2,9,8
2063,olympus,layer_frozen_100,100 labelled images,0,0.4941280660560726,4,3,4,7,8
2063,olympus,layer_finetuned_100,100 labelled images,0,0.59079013074624,4,3,4,7,8
206,nikon,clicks_frozen,3+6 clicks,0,0.519352068261105,3,3,2,6,5
206,nikon,clicks_frozen,3+6 clicks,1,0.2868566141518356,0,0,5,0,5
206,nikon,clicks_frozen,3+6 clicks,2,0.6748598366852715,2,0,3,2,5
206,nikon,clicks_frozen,10+20 clicks,0,0.7365437004170757,2,1,3,3,5
206,nikon,clicks_frozen,10+20 clicks,1,0.8068552010015534,4,1,1,5,5
206,nikon,clicks_frozen,10+20 clicks,2,0.7224233148716387,2,1,3,3,5
206,nikon,layer_frozen_20,20 labelled images,0,0.7126220711872137,4,1,1,5,5
206,nikon,layer_finetuned_20,20 labelled images,0,0.8330588887117084,5,1,0,6,5
206,nikon,layer_frozen_100,100 labelled images,0,0.6512223952902697,2,1,3,3,5
206,nikon,layer_finetuned_100,100 labelled images,0,0.6401931239919538,3,2,2,5,5
2071,olympus,clicks_frozen,3+6 clicks,0,0.33524940822637045,1,2,4,3,5
2071,olympus,clicks_frozen,3+6 clicks,1,0.3664906609433193,0,4,5,4,5
2071,olympus,clicks_frozen,3+6 clicks,2,0.539286137623579,2,4,3,6,5
2071,olympus,clicks_frozen,10+20 clicks,0,0.3831478419637054,2,5,3,7,5
2071,olympus,clicks_frozen,10+20 clicks,1,0.770871666155169,4,6,1,10,5
2071,olympus,clicks_frozen,10+20 clicks,2,0.8030400764668377,4,6,1,10,5
2071,olympus,layer_frozen_20,20 labelled images,0,0.7026915274682876,4,4,1,8,5
2071,olympus,layer_finetuned_20,20 labelled images,0,0.70653955043152,3,2,2,5,5
2071,olympus,layer_frozen_100,100 labelled images,0,0.7635487195340573,5,3,0,8,5
2071,olympus,layer_finetuned_100,100 labelled images,0,0.5766344980115902,3,1,2,4,5
2073,olympus,clicks_frozen,3+6 clicks,0,0.388292522825715,0,4,4,4,4
2073,olympus,clicks_frozen,3+6 clicks,1,0.15717461982721642,0,1,4,1,4
2073,olympus,clicks_frozen,3+6 clicks,2,0.38239287476471434,0,2,4,2,4
2073,olympus,clicks_frozen,10+20 clicks,0,0.14429240862879203,0,4,4,4,4
2073,olympus,clicks_frozen,10+20 clicks,1,0.1636374014142791,0,1,4,1,4
2073,olympus,clicks_frozen,10+20 clicks,2,0.1585811945729516,0,2,4,2,4
2073,olympus,layer_frozen_20,20 labelled images,0,0.3187597232723786,1,2,3,3,4
2073,olympus,layer_finetuned_20,20 labelled images,0,0.40484468114372907,1,2,3,3,4
2073,olympus,layer_frozen_100,100 labelled images,0,0.4101645680010998,2,2,2,4,4
2073,olympus,layer_finetuned_100,100 labelled images,0,0.19955928151960547,0,1,4,1,4
2078,olympus,clicks_frozen,3+6 clicks,0,0.3297151947750558,2,0,5,2,7
2078,olympus,clicks_frozen,3+6 clicks,1,0.5041578705469629,1,2,6,3,7
2078,olympus,clicks_frozen,3+6 clicks,2,0.7051884934052364,5,5,2,10,7
2078,olympus,clicks_frozen,10+20 clicks,0,0.20009441970268418,0,2,7,2,7
2078,olympus,clicks_frozen,10+20 clicks,1,0.2735035714196919,1,3,6,4,7
2078,olympus,clicks_frozen,10+20 clicks,2,0.47097880545068105,1,6,6,7,7
2078,olympus,layer_frozen_20,20 labelled images,0,0.35145957257085625,3,4,4,7,7
2078,olympus,layer_finetuned_20,20 labelled images,0,0.30126573955369357,2,1,5,3,7
2078,olympus,layer_frozen_100,100 labelled images,0,0.4328861305458828,4,4,3,8,7
2078,olympus,layer_finetuned_100,100 labelled images,0,0.2824703393423773,2,1,5,3,7
207,nikon,clicks_frozen,3+6 clicks,0,0.2914185700249287,0,2,6,2,6
207,nikon,clicks_frozen,3+6 clicks,1,0.45031224887650145,1,8,5,9,6
207,nikon,clicks_frozen,3+6 clicks,2,0.7473641456733989,3,1,3,4,6
207,nikon,clicks_frozen,10+20 clicks,0,0.5833327750857312,2,3,4,5,6
207,nikon,clicks_frozen,10+20 clicks,1,0.7619037310873055,4,2,2,6,6
207,nikon,clicks_frozen,10+20 clicks,2,0.7139971770352086,3,0,3,3,6
207,nikon,layer_frozen_20,20 labelled images,0,0.6392694417007195,3,1,3,4,6
207,nikon,layer_finetuned_20,20 labelled images,0,0.6605879281030255,4,0,2,4,6
207,nikon,layer_frozen_100,100 labelled images,0,0.5921389907077569,3,1,3,4,6
207,nikon,layer_finetuned_100,100 labelled images,0,0.6674209265890597,4,0,2,4,6
2082,olympus,clicks_frozen,3+6 clicks,0,0.4650750686368072,2,2,3,4,5
2082,olympus,clicks_frozen,3+6 clicks,1,0.41043163192349585,0,8,5,8,5
2082,olympus,clicks_frozen,3+6 clicks,2,0.35508869275867966,1,7,4,8,5
2082,olympus,clicks_frozen,10+20 clicks,0,0.41913933456518426,1,5,4,6,5
2082,olympus,clicks_frozen,10+20 clicks,1,0.5513809616792221,3,5,2,8,5
2082,olympus,clicks_frozen,10+20 clicks,2,0.06818051054154602,0,1,5,1,5
2082,olympus,layer_frozen_20,20 labelled images,0,0.4953985383179681,2,6,3,8,5
2082,olympus,layer_finetuned_20,20 labelled images,0,0.2686763263297099,0,2,5,2,5
2082,olympus,layer_frozen_100,100 labelled images,0,0.48916222643447416,2,5,3,7,5
2082,olympus,layer_finetuned_100,100 labelled images,0,0.2576199993164662,0,2,5,2,5
2086,olympus,clicks_frozen,3+6 clicks,0,0.1446982195011914,0,1,4,1,4
2086,olympus,clicks_frozen,3+6 clicks,1,0.4889654909796419,1,4,3,5,4
2086,olympus,clicks_frozen,3+6 clicks,2,0.36380581666205314,1,2,3,3,4
2086,olympus,clicks_frozen,10+20 clicks,0,0.5820241479665195,2,3,2,5,4
2086,olympus,clicks_frozen,10+20 clicks,1,0.6783491735269936,3,2,1,5,4
2086,olympus,clicks_frozen,10+20 clicks,2,0.6346541062679547,2,3,2,5,4
2086,olympus,layer_frozen_20,20 labelled images,0,0.388322367823668,1,2,3,3,4
2086,olympus,layer_finetuned_20,20 labelled images,0,0.46523515708920976,1,1,3,2,4
2086,olympus,layer_frozen_100,100 labelled images,0,0.41647024792450876,1,2,3,3,4
2086,olympus,layer_finetuned_100,100 labelled images,0,0.4541138579518084,1,1,3,2,4
2087,olympus,clicks_frozen,3+6 clicks,0,0.27439471287466716,1,2,9,3,10
2087,olympus,clicks_frozen,3+6 clicks,1,0.4866279111853948,5,2,5,7,10
2087,olympus,clicks_frozen,3+6 clicks,2,0.038168434790433865,0,1,10,1,10
2087,olympus,clicks_frozen,10+20 clicks,0,0.2288631433872454,1,6,9,7,10
2087,olympus,clicks_frozen,10+20 clicks,1,0.6216007197788735,6,5,4,11,10
2087,olympus,clicks_frozen,10+20 clicks,2,0.2152539809725919,1,4,9,5,10
2087,olympus,layer_frozen_20,20 labelled images,0,0.334984476678799,3,3,7,6,10
2087,olympus,layer_finetuned_20,20 labelled images,0,0.41288383879095536,3,2,7,5,10
2087,olympus,layer_frozen_100,100 labelled images,0,0.46884048287691815,5,3,5,8,10
2087,olympus,layer_finetuned_100,100 labelled images,0,0.44028011441860687,3,2,7,5,10
208,nikon,clicks_frozen,3+6 clicks,0,0.5237331789771319,0,0,6,0,6
208,nikon,clicks_frozen,3+6 clicks,1,0.8282159878940898,6,8,0,14,6
208,nikon,clicks_frozen,3+6 clicks,2,0.7726135638158347,5,0,1,5,6
208,nikon,clicks_frozen,10+20 clicks,0,0.8662547766756764,6,2,0,8,6
208,nikon,clicks_frozen,10+20 clicks,1,0.8418424001512688,6,1,0,7,6
208,nikon,clicks_frozen,10+20 clicks,2,0.6293444935430603,2,0,4,2,6
208,nikon,layer_frozen_20,20 labelled images,0,0.7647842130516076,4,2,2,6,6
208,nikon,layer_finetuned_20,20 labelled images,0,0.765213724808262,5,1,1,6,6
208,nikon,layer_frozen_100,100 labelled images,0,0.7686647110787003,4,2,2,6,6
208,nikon,layer_finetuned_100,100 labelled images,0,0.7068774089488518,5,0,1,5,6
2105,olympus,clicks_frozen,3+6 clicks,0,0.24314207286369569,1,3,13,4,14
2105,olympus,clicks_frozen,3+6 clicks,1,0.11540289536215677,0,5,14,5,14
2105,olympus,clicks_frozen,3+6 clicks,2,0.19258905278098024,2,1,12,3,14
2105,olympus,clicks_frozen,10+20 clicks,0,0.4054815402405397,5,3,9,8,14
2105,olympus,clicks_frozen,10+20 clicks,1,0.49440712683113486,6,6,8,12,14
2105,olympus,clicks_frozen,10+20 clicks,2,0.2079521369449653,2,4,12,6,14
2105,olympus,layer_frozen_20,20 labelled images,0,0.16982886713237838,1,2,13,3,14
2105,olympus,layer_finetuned_20,20 labelled images,0,0.1346381408777879,0,2,14,2,14
2105,olympus,layer_frozen_100,100 labelled images,0,0.3409170176938447,3,3,11,6,14
2105,olympus,layer_finetuned_100,100 labelled images,0,0.13266878879359678,0,2,14,2,14
2110,olympus,clicks_frozen,3+6 clicks,0,0.33394785550762607,0,3,2,3,2
2110,olympus,clicks_frozen,3+6 clicks,1,0.11566771521251705,0,1,2,1,2
2110,olympus,clicks_frozen,3+6 clicks,2,0.4525048402569906,1,1,1,2,2
2110,olympus,clicks_frozen,10+20 clicks,0,0.40956006749999774,0,5,2,5,2
2110,olympus,clicks_frozen,10+20 clicks,1,0.457608168370041,1,4,1,5,2
2110,olympus,clicks_frozen,10+20 clicks,2,0.42030484556160674,0,2,2,2,2
2110,olympus,layer_frozen_20,20 labelled images,0,0.3666536994701667,0,3,2,3,2
2110,olympus,layer_finetuned_20,20 labelled images,0,0.4741951664024241,1,1,1,2,2
2110,olympus,layer_frozen_100,100 labelled images,0,0.4785334775626543,1,3,1,4,2
2110,olympus,layer_finetuned_100,100 labelled images,0,0.4681996423498469,1,1,1,2,2
2122,olympus,clicks_frozen,3+6 clicks,0,0.25169543603650407,0,5,4,5,4
2122,olympus,clicks_frozen,3+6 clicks,1,0.37709091577954384,1,7,3,8,4
2122,olympus,clicks_frozen,3+6 clicks,2,0.4445754005361714,1,8,3,9,4
2122,olympus,clicks_frozen,10+20 clicks,0,0.5041149598908008,2,2,2,4,4
2122,olympus,clicks_frozen,10+20 clicks,1,0.4147858949222637,1,1,3,2,4
2122,olympus,clicks_frozen,10+20 clicks,2,0.651463752922613,3,2,1,5,4
2122,olympus,layer_frozen_20,20 labelled images,0,0.4225565497589244,1,1,3,2,4
2122,olympus,layer_finetuned_20,20 labelled images,0,0.6493904444324896,3,0,1,3,4
2122,olympus,layer_frozen_100,100 labelled images,0,0.6030150804133556,2,1,2,3,4
2122,olympus,layer_finetuned_100,100 labelled images,0,0.8387569368859267,3,1,1,4,4
2139,olympus,clicks_frozen,3+6 clicks,0,0.20240159375186137,0,3,10,3,10
2139,olympus,clicks_frozen,3+6 clicks,1,0.3743984745840262,4,1,6,5,10
2139,olympus,clicks_frozen,3+6 clicks,2,0.12123027124773596,1,2,9,3,10
2139,olympus,clicks_frozen,10+20 clicks,0,0.4500045772611213,4,3,6,7,10
2139,olympus,clicks_frozen,10+20 clicks,1,0.4516583229205044,4,2,6,6,10
2139,olympus,clicks_frozen,10+20 clicks,2,0.12852930313420496,1,2,9,3,10
2139,olympus,layer_frozen_20,20 labelled images,0,0.38554390905783753,2,2,8,4,10
2139,olympus,layer_finetuned_20,20 labelled images,0,0.2734616204750265,1,3,9,4,10
2139,olympus,layer_frozen_100,100 labelled images,0,0.5272147453044325,5,1,5,6,10
2139,olympus,layer_finetuned_100,100 labelled images,0,0.16323002520304794,0,2,10,2,10
2142,olympus,clicks_frozen,3+6 clicks,0,0.19622751436524932,0,6,11,6,11
2142,olympus,clicks_frozen,3+6 clicks,1,0.29983439994699324,1,5,10,6,11
2142,olympus,clicks_frozen,3+6 clicks,2,0.5056568112046861,5,4,6,9,11
2142,olympus,clicks_frozen,10+20 clicks,0,0.6854394846194495,9,2,2,11,11
2142,olympus,clicks_frozen,10+20 clicks,1,0.6662638567453498,9,1,2,10,11
2142,olympus,clicks_frozen,10+20 clicks,2,0.3222568034811333,1,6,10,7,11
2142,olympus,layer_frozen_20,20 labelled images,0,0.4981281793554423,4,3,7,7,11
2142,olympus,layer_finetuned_20,20 labelled images,0,0.476164217646842,5,1,6,6,11
2142,olympus,layer_frozen_100,100 labelled images,0,0.5762720921932282,8,0,3,8,11
2142,olympus,layer_finetuned_100,100 labelled images,0,0.5974701415723341,6,2,5,8,11
2145,olympus,clicks_frozen,3+6 clicks,0,0.16195407766325,1,4,14,5,15
2145,olympus,clicks_frozen,3+6 clicks,1,0.27463039963803776,2,1,13,3,15
2145,olympus,clicks_frozen,3+6 clicks,2,0.25080643845548156,2,4,13,6,15
2145,olympus,clicks_frozen,10+20 clicks,0,0.10305302384345498,0,3,15,3,15
2145,olympus,clicks_frozen,10+20 clicks,1,0.279268262552906,2,7,13,9,15
2145,olympus,clicks_frozen,10+20 clicks,2,0.1449315664411606,1,4,14,5,15
2145,olympus,layer_frozen_20,20 labelled images,0,0.31701483989138257,4,3,11,7,15
2145,olympus,layer_finetuned_20,20 labelled images,0,0.2068504029631164,3,2,12,5,15
2145,olympus,layer_frozen_100,100 labelled images,0,0.4342146720576052,3,5,12,8,15
2145,olympus,layer_finetuned_100,100 labelled images,0,0.0930554919421991,0,3,15,3,15
2159,olympus,clicks_frozen,3+6 clicks,0,0.8243108073734088,7,5,0,12,7
2159,olympus,clicks_frozen,3+6 clicks,1,0.5532345071868251,3,3,4,6,7
2159,olympus,clicks_frozen,3+6 clicks,2,0.5585797151372096,3,8,4,11,7
2159,olympus,clicks_frozen,10+20 clicks,0,0.5084433609294128,3,2,4,5,7
2159,olympus,clicks_frozen,10+20 clicks,1,0.7770965380546224,7,1,0,8,7
2159,olympus,clicks_frozen,10+20 clicks,2,0.5903039744002031,4,4,3,8,7
2159,olympus,layer_frozen_20,20 labelled images,0,0.8311569160905937,6,1,1,7,7
2159,olympus,layer_finetuned_20,20 labelled images,0,0.425680999820172,3,1,4,4,7
2159,olympus,layer_frozen_100,100 labelled images,0,0.8319854191870801,6,1,1,7,7
2159,olympus,layer_finetuned_100,100 labelled images,0,0.6248936730619317,5,1,2,6,7
2160,olympus,clicks_frozen,3+6 clicks,0,0.6638482970812511,7,3,4,10,11
2160,olympus,clicks_frozen,3+6 clicks,1,0.5182815424025842,4,4,7,8,11
2160,olympus,clicks_frozen,3+6 clicks,2,0.062158218477162165,0,1,11,1,11
2160,olympus,clicks_frozen,10+20 clicks,0,0.6664677632408208,7,6,4,13,11
2160,olympus,clicks_frozen,10+20 clicks,1,0.6546938427777305,7,4,4,11,11
2160,olympus,clicks_frozen,10+20 clicks,2,0.6558871331219771,8,5,3,13,11
2160,olympus,layer_frozen_20,20 labelled images,0,0.5843067073626261,8,0,3,8,11
2160,olympus,layer_finetuned_20,20 labelled images,0,0.5072874025310135,5,1,6,6,11
2160,olympus,layer_frozen_100,100 labelled images,0,0.6142767836316582,8,1,3,9,11
2160,olympus,layer_finetuned_100,100 labelled images,0,0.6482221009406911,7,1,4,8,11
2174,olympus,clicks_frozen,3+6 clicks,0,0.5724013743067756,2,4,1,6,3
2174,olympus,clicks_frozen,3+6 clicks,1,0.5048536123817623,1,1,2,2,3
2174,olympus,clicks_frozen,3+6 clicks,2,0.9029628648349436,3,3,0,6,3
2174,olympus,clicks_frozen,10+20 clicks,0,0.9112651114865097,3,2,0,5,3
2174,olympus,clicks_frozen,10+20 clicks,1,0.7338635714586715,2,4,1,6,3
2174,olympus,clicks_frozen,10+20 clicks,2,0.8346695111899597,3,1,0,4,3
2174,olympus,layer_frozen_20,20 labelled images,0,0.6954505261645195,2,3,1,5,3
2174,olympus,layer_finetuned_20,20 labelled images,0,0.8920623885459825,3,2,0,5,3
2174,olympus,layer_frozen_100,100 labelled images,0,0.6932507997326859,2,2,1,4,3
2174,olympus,layer_finetuned_100,100 labelled images,0,0.8808378775041592,3,2,0,5,3
2178,olympus,clicks_frozen,3+6 clicks,0,0.19652615309301766,0,2,3,2,3
2178,olympus,clicks_frozen,3+6 clicks,1,0.22974997023244892,0,2,3,2,3
2178,olympus,clicks_frozen,3+6 clicks,2,0.20284788856669697,0,2,3,2,3
2178,olympus,clicks_frozen,10+20 clicks,0,0.25501471604385634,1,1,2,2,3
2178,olympus,clicks_frozen,10+20 clicks,1,0.38811340567003544,1,3,2,4,3
2178,olympus,clicks_frozen,10+20 clicks,2,0.23897416286754156,0,2,3,2,3
2178,olympus,layer_frozen_20,20 labelled images,0,0.5899600859860016,2,6,1,8,3
2178,olympus,layer_finetuned_20,20 labelled images,0,0.5906967965137015,1,2,2,3,3
2178,olympus,layer_frozen_100,100 labelled images,0,0.591389802488331,2,5,1,7,3
2178,olympus,layer_finetuned_100,100 labelled images,0,0.6012428107042703,2,1,1,3,3
2184,olympus,clicks_frozen,3+6 clicks,0,0.40094741521813637,1,2,3,3,4
2184,olympus,clicks_frozen,3+6 clicks,1,0.4034110731400654,1,4,3,5,4
2184,olympus,clicks_frozen,3+6 clicks,2,0.41738296089135496,1,2,3,3,4
2184,olympus,clicks_frozen,10+20 clicks,0,0.4405200143103248,1,2,3,3,4
2184,olympus,clicks_frozen,10+20 clicks,1,0.458350373056838,1,3,3,4,4
2184,olympus,clicks_frozen,10+20 clicks,2,0.25528373277333943,0,2,4,2,4
2184,olympus,layer_frozen_20,20 labelled images,0,0.4517400460868015,1,2,3,3,4
2184,olympus,layer_finetuned_20,20 labelled images,0,0.4649801669431859,1,1,3,2,4
2184,olympus,layer_frozen_100,100 labelled images,0,0.6206717328723779,2,2,2,4,4
2184,olympus,layer_finetuned_100,100 labelled images,0,0.45392980249084935,1,1,3,2,4
2186,olympus,clicks_frozen,3+6 clicks,0,0.5231613186372606,4,4,2,8,6
2186,olympus,clicks_frozen,3+6 clicks,1,0.5462705075106734,3,1,3,4,6
2186,olympus,clicks_frozen,3+6 clicks,2,0.2873906878288191,1,3,5,4,6
2186,olympus,clicks_frozen,10+20 clicks,0,0.7283736276331032,6,2,0,8,6
2186,olympus,clicks_frozen,10+20 clicks,1,0.5569188966901601,3,4,3,7,6
2186,olympus,clicks_frozen,10+20 clicks,2,0.34563846201713705,1,3,5,4,6
2186,olympus,layer_frozen_20,20 labelled images,0,0.3385445590900706,1,2,5,3,6
2186,olympus,layer_finetuned_20,20 labelled images,0,0.31385113745727933,0,2,6,2,6
2186,olympus,layer_frozen_100,100 labelled images,0,0.34790815177715434,1,3,5,4,6
2186,olympus,layer_finetuned_100,100 labelled images,0,0.3164718181022375,1,1,5,2,6
2188,olympus,clicks_frozen,3+6 clicks,0,0.18228492803244406,0,7,4,7,4
2188,olympus,clicks_frozen,3+6 clicks,1,0.6652987910921093,4,2,0,6,4
2188,olympus,clicks_frozen,3+6 clicks,2,0.8112791358554283,4,5,0,9,4
2188,olympus,clicks_frozen,10+20 clicks,0,0.7368652130015478,4,4,0,8,4
2188,olympus,clicks_frozen,10+20 clicks,1,0.7188917485702293,4,2,0,6,4
2188,olympus,clicks_frozen,10+20 clicks,2,0.5889633347255674,2,2,2,4,4
2188,olympus,layer_frozen_20,20 labelled images,0,0.548801653482436,2,5,2,7,4
2188,olympus,layer_finetuned_20,20 labelled images,0,0.6298354612223793,3,2,1,5,4
2188,olympus,layer_frozen_100,100 labelled images,0,0.7389847032443065,4,2,0,6,4
2188,olympus,layer_finetuned_100,100 labelled images,0,0.13739741971608466,0,3,4,3,4
2189,olympus,clicks_frozen,3+6 clicks,0,0.45855524673317544,3,3,4,6,7
2189,olympus,clicks_frozen,3+6 clicks,1,0.49502872026725087,4,2,3,6,7
2189,olympus,clicks_frozen,3+6 clicks,2,0.5038075150532207,3,2,4,5,7
2189,olympus,clicks_frozen,10+20 clicks,0,0.6428358842729293,6,2,1,8,7
2189,olympus,clicks_frozen,10+20 clicks,1,0.5388257242682435,4,4,3,8,7
2189,olympus,clicks_frozen,10+20 clicks,2,0.7258970256347427,5,2,2,7,7
2189,olympus,layer_frozen_20,20 labelled images,0,0.54921847546717,4,3,3,7,7
2189,olympus,layer_finetuned_20,20 labelled images,0,0.36926742314646804,2,2,5,4,7
2189,olympus,layer_frozen_100,100 labelled images,0,0.5163309786664722,4,1,3,5,7
2189,olympus,layer_finetuned_100,100 labelled images,0,0.22317558024936268,1,1,6,2,7
2192,olympus,clicks_frozen,3+6 clicks,0,0.05618936917049084,0,2,7,2,7
2192,olympus,clicks_frozen,3+6 clicks,1,0.4578505953890181,4,3,3,7,7
2192,olympus,clicks_frozen,3+6 clicks,2,0.44187271769094744,2,7,5,9,7
2192,olympus,clicks_frozen,10+20 clicks,0,0.06504344028096862,0,2,7,2,7
2192,olympus,clicks_frozen,10+20 clicks,1,0.3706340072266358,1,5,6,6,7
2192,olympus,clicks_frozen,10+20 clicks,2,0.4512589624882392,3,3,4,6,7
2192,olympus,layer_frozen_20,20 labelled images,0,0.2133871671903804,1,3,6,4,7
2192,olympus,layer_finetuned_20,20 labelled images,0,0.48612139458107106,2,2,5,4,7
2192,olympus,layer_frozen_100,100 labelled images,0,0.28901588575764753,0,5,7,5,7
2192,olympus,layer_finetuned_100,100 labelled images,0,0.35478737434253343,1,2,6,3,7
2200,olympus,clicks_frozen,3+6 clicks,0,0.1811415751131722,0,5,7,5,7
2200,olympus,clicks_frozen,3+6 clicks,1,0.5697132837472768,4,1,3,5,7
2200,olympus,clicks_frozen,3+6 clicks,2,0.7471017778558627,5,3,2,8,7
2200,olympus,clicks_frozen,10+20 clicks,0,0.6106537101997337,4,2,3,6,7
2200,olympus,clicks_frozen,10+20 clicks,1,0.7262172645133396,6,2,1,8,7
2200,olympus,clicks_frozen,10+20 clicks,2,0.7351828026649831,6,2,1,8,7
2200,olympus,layer_frozen_20,20 labelled images,0,0.6281381625851407,5,1,2,6,7
2200,olympus,layer_finetuned_20,20 labelled images,0,0.5203007556143184,4,1,3,5,7
2200,olympus,layer_frozen_100,100 labelled images,0,0.5709786793453756,4,2,3,6,7
2200,olympus,layer_finetuned_100,100 labelled images,0,0.5837350537540624,4,1,3,5,7
2216,olympus,clicks_frozen,3+6 clicks,0,0.508774804737388,1,4,4,5,5
2216,olympus,clicks_frozen,3+6 clicks,1,0.39787693919032885,1,0,4,1,5
2216,olympus,clicks_frozen,3+6 clicks,2,0.5761943080949145,2,2,3,4,5
2216,olympus,clicks_frozen,10+20 clicks,0,0.8355382409034388,5,4,0,9,5
2216,olympus,clicks_frozen,10+20 clicks,1,0.8933936789731,5,5,0,10,5
2216,olympus,clicks_frozen,10+20 clicks,2,0.8441705864378213,5,4,0,9,5
2216,olympus,layer_frozen_20,20 labelled images,0,0.63163555410865,4,2,1,6,5
2216,olympus,layer_finetuned_20,20 labelled images,0,0.6066277889712385,3,1,2,4,5
2216,olympus,layer_frozen_100,100 labelled images,0,0.6351324830918403,4,2,1,6,5
2216,olympus,layer_finetuned_100,100 labelled images,0,0.5471551014328702,2,2,3,4,5
2221,olympus,clicks_frozen,3+6 clicks,0,0.12928358158277864,0,2,3,2,3
2221,olympus,clicks_frozen,3+6 clicks,1,0.85175564257348,3,6,0,9,3
2221,olympus,clicks_frozen,3+6 clicks,2,0.8791824600090364,3,6,0,9,3
2221,olympus,clicks_frozen,10+20 clicks,0,0.13010787642326005,0,2,3,2,3
2221,olympus,clicks_frozen,10+20 clicks,1,0.5789096722774965,2,4,1,6,3
2221,olympus,clicks_frozen,10+20 clicks,2,0.6606769359841298,3,1,0,4,3
2221,olympus,layer_frozen_20,20 labelled images,0,0.6534913353605122,2,1,1,3,3
2221,olympus,layer_finetuned_20,20 labelled images,0,0.8988062768346149,3,0,0,3,3
2221,olympus,layer_frozen_100,100 labelled images,0,0.7536079842483013,3,1,0,4,3
2221,olympus,layer_finetuned_100,100 labelled images,0,0.896721613653388,3,0,0,3,3
2227,olympus,clicks_frozen,3+6 clicks,0,0.4456950371386579,2,3,2,5,4
2227,olympus,clicks_frozen,3+6 clicks,1,0.5309291354684832,2,3,2,5,4
2227,olympus,clicks_frozen,3+6 clicks,2,0.8392887387351603,4,3,0,7,4
2227,olympus,clicks_frozen,10+20 clicks,0,0.5495331667476338,2,5,2,7,4
2227,olympus,clicks_frozen,10+20 clicks,1,0.639025942630076,2,4,2,6,4
2227,olympus,clicks_frozen,10+20 clicks,2,0.6473951763160066,2,3,2,5,4
2227,olympus,layer_frozen_20,20 labelled images,0,0.6353314901805092,3,1,1,4,4
2227,olympus,layer_finetuned_20,20 labelled images,0,0.5009818391066989,1,1,3,2,4
2227,olympus,layer_frozen_100,100 labelled images,0,0.6317357481484314,3,3,1,6,4
2227,olympus,layer_finetuned_100,100 labelled images,0,0.4251196144245153,1,2,3,3,4
2258,olympus,clicks_frozen,3+6 clicks,0,0.3525776060259778,3,5,7,8,10
2258,olympus,clicks_frozen,3+6 clicks,1,0.4995665356429533,5,8,5,13,10
2258,olympus,clicks_frozen,3+6 clicks,2,0.1978014177356656,1,3,9,4,10
2258,olympus,clicks_frozen,10+20 clicks,0,0.46502440000111606,5,6,5,11,10
2258,olympus,clicks_frozen,10+20 clicks,1,0.44766333398481395,5,8,5,13,10
2258,olympus,clicks_frozen,10+20 clicks,2,0.45038200058367617,4,5,6,9,10
2258,olympus,layer_frozen_20,20 labelled images,0,0.4822963608495714,3,5,7,8,10
2258,olympus,layer_finetuned_20,20 labelled images,0,0.49411873682501517,4,2,6,6,10
2258,olympus,layer_frozen_100,100 labelled images,0,0.612417314285324,5,4,5,9,10
2258,olympus,layer_finetuned_100,100 labelled images,0,0.38060702492500653,3,4,7,7,10
2276,olympus,clicks_frozen,3+6 clicks,0,0.06363022210142807,0,1,8,1,8
2276,olympus,clicks_frozen,3+6 clicks,1,0.38388756810276303,2,9,6,11,8
2276,olympus,clicks_frozen,3+6 clicks,2,0.4824508195445659,4,2,4,6,8
2276,olympus,clicks_frozen,10+20 clicks,0,0.3910507754647633,3,2,5,5,8
2276,olympus,clicks_frozen,10+20 clicks,1,0.5946096887524746,4,10,4,14,8
2276,olympus,clicks_frozen,10+20 clicks,2,0.5307494480564424,4,4,4,8,8
2276,olympus,layer_frozen_20,20 labelled images,0,0.2682628054423336,0,8,8,8,8
2276,olympus,layer_finetuned_20,20 labelled images,0,0.3077603376608661,0,3,8,3,8
2276,olympus,layer_frozen_100,100 labelled images,0,0.4084500856483402,3,5,5,8,8
2276,olympus,layer_finetuned_100,100 labelled images,0,0.2774114036327153,1,3,7,4,8
2295,olympus,clicks_frozen,3+6 clicks,0,0.032718397058483,0,1,12,1,12
2295,olympus,clicks_frozen,3+6 clicks,1,0.277756097419304,3,6,9,9,12
2295,olympus,clicks_frozen,3+6 clicks,2,0.04345105982481846,0,1,12,1,12
2295,olympus,clicks_frozen,10+20 clicks,0,0.04958328233755196,0,1,12,1,12
2295,olympus,clicks_frozen,10+20 clicks,1,0.17913998516861018,1,5,11,6,12
2295,olympus,clicks_frozen,10+20 clicks,2,0.04523809581615488,0,1,12,1,12
2295,olympus,layer_frozen_20,20 labelled images,0,0.39807809263409105,5,4,7,9,12
2295,olympus,layer_finetuned_20,20 labelled images,0,0.43320092446037745,4,3,8,7,12
2295,olympus,layer_frozen_100,100 labelled images,0,0.37136409243359075,3,7,9,10,12
2295,olympus,layer_finetuned_100,100 labelled images,0,0.2786067307754113,2,2,10,4,12
2299,olympus,clicks_frozen,3+6 clicks,0,0.8722025875537381,3,3,0,6,3
2299,olympus,clicks_frozen,3+6 clicks,1,0.5691353018039035,3,2,0,5,3
2299,olympus,clicks_frozen,3+6 clicks,2,0.7569105209735977,3,1,0,4,3
2299,olympus,clicks_frozen,10+20 clicks,0,0.8657375711114428,3,1,0,4,3
2299,olympus,clicks_frozen,10+20 clicks,1,0.7801267674546929,3,2,0,5,3
2299,olympus,clicks_frozen,10+20 clicks,2,0.7825097398384209,3,2,0,5,3
2299,olympus,layer_frozen_20,20 labelled images,0,0.6100601948769965,2,1,1,3,3
2299,olympus,layer_finetuned_20,20 labelled images,0,0.7113401562215736,2,0,1,2,3
2299,olympus,layer_frozen_100,100 labelled images,0,0.5574958843810001,1,2,2,3,3
2299,olympus,layer_finetuned_100,100 labelled images,0,0.9056750929408596,3,1,0,4,3
2301,olympus,clicks_frozen,3+6 clicks,0,0.2656341556955831,1,3,5,4,6
2301,olympus,clicks_frozen,3+6 clicks,1,0.30013498045375014,0,2,6,2,6
2301,olympus,clicks_frozen,3+6 clicks,2,0.3406127946235533,2,2,4,4,6
2301,olympus,clicks_frozen,10+20 clicks,0,0.5269593390106977,3,4,3,7,6
2301,olympus,clicks_frozen,10+20 clicks,1,0.25123166113824474,1,3,5,4,6
2301,olympus,clicks_frozen,10+20 clicks,2,0.29357473414518687,0,4,6,4,6
2301,olympus,layer_frozen_20,20 labelled images,0,0.3325025036804879,1,3,5,4,6
2301,olympus,layer_finetuned_20,20 labelled images,0,0.4400583523565736,2,2,4,4,6
2301,olympus,layer_frozen_100,100 labelled images,0,0.4789745288603271,2,4,4,6,6
2301,olympus,layer_finetuned_100,100 labelled images,0,0.547402040866803,3,2,3,5,6
2315,olympus,clicks_frozen,3+6 clicks,0,0.1752428474384704,0,3,7,3,7
2315,olympus,clicks_frozen,3+6 clicks,1,0.3968892880742438,3,4,4,7,7
2315,olympus,clicks_frozen,3+6 clicks,2,0.20155705100732474,1,1,6,2,7
2315,olympus,clicks_frozen,10+20 clicks,0,0.6661361411542216,5,3,2,8,7
2315,olympus,clicks_frozen,10+20 clicks,1,0.828051597780404,7,2,0,9,7
2315,olympus,clicks_frozen,10+20 clicks,2,0.6256289575401193,5,0,2,5,7
2315,olympus,layer_frozen_20,20 labelled images,0,0.6515041878228267,6,2,1,8,7
2315,olympus,layer_finetuned_20,20 labelled images,0,0.6504953112565531,5,2,2,7,7
2315,olympus,layer_frozen_100,100 labelled images,0,0.6200823196602135,6,1,1,7,7
2315,olympus,layer_finetuned_100,100 labelled images,0,0.5301689064441412,3,3,4,6,7
2318,olympus,clicks_frozen,3+6 clicks,0,0.372296481112336,1,7,7,8,8
2318,olympus,clicks_frozen,3+6 clicks,1,0.3692022702481319,0,4,8,4,8
2318,olympus,clicks_frozen,3+6 clicks,2,0.30763996088794576,0,5,8,5,8
2318,olympus,clicks_frozen,10+20 clicks,0,0.051902951623402166,0,4,8,4,8
2318,olympus,clicks_frozen,10+20 clicks,1,0.5545259935467346,3,6,5,9,8
2318,olympus,clicks_frozen,10+20 clicks,2,0.3910541207078819,0,5,8,5,8
2318,olympus,layer_frozen_20,20 labelled images,0,0.3298593402278862,1,5,7,6,8
2318,olympus,layer_finetuned_20,20 labelled images,0,0.3285688298880509,1,2,7,3,8
2318,olympus,layer_frozen_100,100 labelled images,0,0.4040238265507585,3,3,5,6,8
2318,olympus,layer_finetuned_100,100 labelled images,0,0.37862031351269865,2,1,6,3,8
2335,olympus,clicks_frozen,3+6 clicks,0,0.6028644455595303,4,3,2,7,6
2335,olympus,clicks_frozen,3+6 clicks,1,0.07704619333593231,0,4,6,4,6
2335,olympus,clicks_frozen,3+6 clicks,2,0.49414593054176953,2,5,4,7,6
2335,olympus,clicks_frozen,10+20 clicks,0,0.5957924345835988,3,4,3,7,6
2335,olympus,clicks_frozen,10+20 clicks,1,0.8196324578975188,6,2,0,8,6
2335,olympus,clicks_frozen,10+20 clicks,2,0.5359801521650139,3,3,3,6,6
2335,olympus,layer_frozen_20,20 labelled images,0,0.537531388175441,3,3,3,6,6
2335,olympus,layer_finetuned_20,20 labelled images,0,0.3875425760267968,1,3,5,4,6
2335,olympus,layer_frozen_100,100 labelled images,0,0.5356139389946072,3,2,3,5,6
2335,olympus,layer_finetuned_100,100 labelled images,0,0.3743096724364136,0,3,6,3,6
2339,olympus,clicks_frozen,3+6 clicks,0,0.5915489870583642,3,6,4,9,7
2339,olympus,clicks_frozen,3+6 clicks,1,0.43676586887408453,0,6,7,6,7
2339,olympus,clicks_frozen,3+6 clicks,2,0.13349832465127823,0,5,7,5,7
2339,olympus,clicks_frozen,10+20 clicks,0,0.6394426544775155,3,8,4,11,7
2339,olympus,clicks_frozen,10+20 clicks,1,0.5657893807956864,2,2,5,4,7
2339,olympus,clicks_frozen,10+20 clicks,2,0.6640487220201537,4,3,3,7,7
2339,olympus,layer_frozen_20,20 labelled images,0,0.40497150051755665,2,3,5,5,7
2339,olympus,layer_finetuned_20,20 labelled images,0,0.30129085193723765,0,3,7,3,7
2339,olympus,layer_frozen_100,100 labelled images,0,0.6191240236315961,4,2,3,6,7
2339,olympus,layer_finetuned_100,100 labelled images,0,0.29016490174940046,0,3,7,3,7
2351,olympus,clicks_frozen,3+6 clicks,0,0.1807617309147908,0,1,8,1,8
2351,olympus,clicks_frozen,3+6 clicks,1,0.4963095488578376,4,4,4,8,8
2351,olympus,clicks_frozen,3+6 clicks,2,0.049467892321120185,0,1,8,1,8
2351,olympus,clicks_frozen,10+20 clicks,0,0.639584689599427,5,4,3,9,8
2351,olympus,clicks_frozen,10+20 clicks,1,0.530935852593747,3,4,5,7,8
2351,olympus,clicks_frozen,10+20 clicks,2,0.6148235185346189,6,3,2,9,8
2351,olympus,layer_frozen_20,20 labelled images,0,0.2661452967074824,2,3,6,5,8
2351,olympus,layer_finetuned_20,20 labelled images,0,0.37626577181936016,1,3,7,4,8
2351,olympus,layer_frozen_100,100 labelled images,0,0.2361606869953198,1,2,7,3,8
2351,olympus,layer_finetuned_100,100 labelled images,0,0.37881417371766346,2,1,6,3,8
2355,olympus,clicks_frozen,3+6 clicks,0,0.04286065029538684,0,1,7,1,7
2355,olympus,clicks_frozen,3+6 clicks,1,0.5892392237012185,4,6,3,10,7
2355,olympus,clicks_frozen,3+6 clicks,2,0.4537787184581838,3,6,4,9,7
2355,olympus,clicks_frozen,10+20 clicks,0,0.25860043073377986,1,3,6,4,7
2355,olympus,clicks_frozen,10+20 clicks,1,0.6815038609099596,6,3,1,9,7
2355,olympus,clicks_frozen,10+20 clicks,2,0.20169512918871937,1,5,6,6,7
2355,olympus,layer_frozen_20,20 labelled images,0,0.40498734793664404,2,5,5,7,7
2355,olympus,layer_finetuned_20,20 labelled images,0,0.48712981721710186,4,1,3,5,7
2355,olympus,layer_frozen_100,100 labelled images,0,0.4271159137402633,2,5,5,7,7
2355,olympus,layer_finetuned_100,100 labelled images,0,0.44242955497260045,3,1,4,4,7
2359,olympus,clicks_frozen,3+6 clicks,0,0.28669574569103506,0,4,8,4,8
2359,olympus,clicks_frozen,3+6 clicks,1,0.19670241024894863,0,3,8,3,8
2359,olympus,clicks_frozen,3+6 clicks,2,0.3396991072718012,1,6,7,7,8
2359,olympus,clicks_frozen,10+20 clicks,0,0.56643461425574,5,6,3,11,8
2359,olympus,clicks_frozen,10+20 clicks,1,0.3948299346823179,3,6,5,9,8
2359,olympus,clicks_frozen,10+20 clicks,2,0.5373608958136373,5,3,3,8,8
2359,olympus,layer_frozen_20,20 labelled images,0,0.46884127210993276,4,3,4,7,8
2359,olympus,layer_finetuned_20,20 labelled images,0,0.5346732877537739,5,1,3,6,8
2359,olympus,layer_frozen_100,100 labelled images,0,0.4543489517163839,4,3,4,7,8
2359,olympus,layer_finetuned_100,100 labelled images,0,0.3368362543587309,2,2,6,4,8
2378,olympus,clicks_frozen,3+6 clicks,0,0.1695397217165017,1,4,6,5,7
2378,olympus,clicks_frozen,3+6 clicks,1,0.49323505122610395,2,4,5,6,7
2378,olympus,clicks_frozen,3+6 clicks,2,0.47187417568905626,2,3,5,5,7
2378,olympus,clicks_frozen,10+20 clicks,0,0.677088108611402,5,1,2,6,7
2378,olympus,clicks_frozen,10+20 clicks,1,0.3776380314071797,2,1,5,3,7
2378,olympus,clicks_frozen,10+20 clicks,2,0.37443629734313727,2,3,5,5,7
2378,olympus,layer_frozen_20,20 labelled images,0,0.39559075269178007,3,1,4,4,7
2378,olympus,layer_finetuned_20,20 labelled images,0,0.45139195152184663,3,1,4,4,7
2378,olympus,layer_frozen_100,100 labelled images,0,0.37787240608750644,3,1,4,4,7
2378,olympus,layer_finetuned_100,100 labelled images,0,0.3798592047647698,2,1,5,3,7
2380,olympus,clicks_frozen,3+6 clicks,0,0.08339128341364346,0,2,4,2,4
2380,olympus,clicks_frozen,3+6 clicks,1,0.4473255536727474,1,6,3,7,4
2380,olympus,clicks_frozen,3+6 clicks,2,0.10938287233848687,0,3,4,3,4
2380,olympus,clicks_frozen,10+20 clicks,0,0.7512385351714559,4,4,0,8,4
2380,olympus,clicks_frozen,10+20 clicks,1,0.8123439926280592,4,2,0,6,4
2380,olympus,clicks_frozen,10+20 clicks,2,0.7305380342629659,3,1,1,4,4
2380,olympus,layer_frozen_20,20 labelled images,0,0.6344251312895886,3,2,1,5,4
2380,olympus,layer_finetuned_20,20 labelled images,0,0.9223729063399846,4,0,0,4,4
2380,olympus,layer_frozen_100,100 labelled images,0,0.6276732127978205,3,2,1,5,4
2380,olympus,layer_finetuned_100,100 labelled images,0,0.9145909799304287,4,0,0,4,4
2384,olympus,clicks_frozen,3+6 clicks,0,0.5053215442987211,2,4,2,6,4
2384,olympus,clicks_frozen,3+6 clicks,1,0.48475507477402846,2,9,2,11,4
2384,olympus,clicks_frozen,3+6 clicks,2,0.1370650861044609,0,1,4,1,4
2384,olympus,clicks_frozen,10+20 clicks,0,0.669480863866789,3,5,1,8,4
2384,olympus,clicks_frozen,10+20 clicks,1,0.484455455224826,1,5,3,6,4
2384,olympus,clicks_frozen,10+20 clicks,2,0.4750531049009211,1,8,3,9,4
2384,olympus,layer_frozen_20,20 labelled images,0,0.1399284948322788,0,1,4,1,4
2384,olympus,layer_finetuned_20,20 labelled images,0,0.13879860818915363,0,2,4,2,4
2384,olympus,layer_frozen_100,100 labelled images,0,0.35691117676651674,1,3,3,4,4
2384,olympus,layer_finetuned_100,100 labelled images,0,0.12355782990560946,0,1,4,1,4
2386,olympus,clicks_frozen,3+6 clicks,0,0.4895308800717467,3,6,5,9,8
2386,olympus,clicks_frozen,3+6 clicks,1,0.42080278611641275,2,4,6,6,8
2386,olympus,clicks_frozen,3+6 clicks,2,0.3032167155670381,1,2,7,3,8
2386,olympus,clicks_frozen,10+20 clicks,0,0.6605402179580816,4,6,4,10,8
2386,olympus,clicks_frozen,10+20 clicks,1,0.7914309590303337,6,4,2,10,8
2386,olympus,clicks_frozen,10+20 clicks,2,0.8297202442647065,7,4,1,11,8
2386,olympus,layer_frozen_20,20 labelled images,0,0.5767073158663011,4,2,4,6,8
2386,olympus,layer_finetuned_20,20 labelled images,0,0.4957085872417163,3,2,5,5,8
2386,olympus,layer_frozen_100,100 labelled images,0,0.5931329713419369,4,3,4,7,8
2386,olympus,layer_finetuned_100,100 labelled images,0,0.4725785726771824,3,2,5,5,8
2392,olympus,clicks_frozen,3+6 clicks,0,0.60538048439016,3,3,2,6,5
2392,olympus,clicks_frozen,3+6 clicks,1,0.649034158614655,4,1,1,5,5
2392,olympus,clicks_frozen,3+6 clicks,2,0.14106817502707272,0,1,5,1,5
2392,olympus,clicks_frozen,10+20 clicks,0,0.8331349525617837,5,0,0,5,5
2392,olympus,clicks_frozen,10+20 clicks,1,0.8260130437104447,5,0,0,5,5
2392,olympus,clicks_frozen,10+20 clicks,2,0.08544880874891443,0,4,5,4,5
2392,olympus,layer_frozen_20,20 labelled images,0,0.8072339759893337,5,1,0,6,5
2392,olympus,layer_finetuned_20,20 labelled images,0,0.931770052293896,5,0,0,5,5
2392,olympus,layer_frozen_100,100 labelled images,0,0.79254595271025,5,0,0,5,5
2392,olympus,layer_finetuned_100,100 labelled images,0,0.7370669316678387,4,1,1,5,5
2394,olympus,clicks_frozen,3+6 clicks,0,0.5200645881390915,7,0,7,7,14
2394,olympus,clicks_frozen,3+6 clicks,1,0.5364961834324146,5,4,9,9,14
2394,olympus,clicks_frozen,3+6 clicks,2,0.3514547572529291,2,4,12,6,14
2394,olympus,clicks_frozen,10+20 clicks,0,0.6139604564840849,7,1,7,8,14
2394,olympus,clicks_frozen,10+20 clicks,1,0.5992383969172473,8,1,6,9,14
2394,olympus,clicks_frozen,10+20 clicks,2,0.5358821968049077,1,1,13,2,14
2394,olympus,layer_frozen_20,20 labelled images,0,0.3658666461468445,3,3,11,6,14
2394,olympus,layer_finetuned_20,20 labelled images,0,0.2898144692503667,3,1,11,4,14
2394,olympus,layer_frozen_100,100 labelled images,0,0.34444448093297614,3,3,11,6,14
2394,olympus,layer_finetuned_100,100 labelled images,0,0.34979944330973306,3,2,11,5,14
2404,olympus,clicks_frozen,3+6 clicks,0,0.0969151346898584,0,3,3,3,3
2404,olympus,clicks_frozen,3+6 clicks,1,0.11914428695556846,0,1,3,1,3
2404,olympus,clicks_frozen,3+6 clicks,2,0.1698858717292251,0,4,3,4,3
2404,olympus,clicks_frozen,10+20 clicks,0,0.6219760251928973,2,1,1,3,3
2404,olympus,clicks_frozen,10+20 clicks,1,0.1989809563411574,0,1,3,1,3
2404,olympus,clicks_frozen,10+20 clicks,2,0.4914977466780604,1,1,2,2,3
2404,olympus,layer_frozen_20,20 labelled images,0,0.7777557207944331,3,2,0,5,3
2404,olympus,layer_finetuned_20,20 labelled images,0,0.6076519509652613,2,3,1,5,3
2404,olympus,layer_frozen_100,100 labelled images,0,0.7641537408681008,3,2,0,5,3
2404,olympus,layer_finetuned_100,100 labelled images,0,0.6028209443618512,2,4,1,6,3
2423,olympus,clicks_frozen,3+6 clicks,0,0.6245570496808909,5,8,6,13,11
2423,olympus,clicks_frozen,3+6 clicks,1,0.3584444667781134,0,1,11,1,11
2423,olympus,clicks_frozen,3+6 clicks,2,0.2956618100425103,0,2,11,2,11
2423,olympus,clicks_frozen,10+20 clicks,0,0.40887021507337273,3,7,8,10,11
2423,olympus,clicks_frozen,10+20 clicks,1,0.5775708874333003,4,6,7,10,11
2423,olympus,clicks_frozen,10+20 clicks,2,0.04868817157403726,0,4,11,4,11
2423,olympus,layer_frozen_20,20 labelled images,0,0.4683133735674236,2,6,9,8,11
2423,olympus,layer_finetuned_20,20 labelled images,0,0.24215030261039605,2,1,9,3,11
2423,olympus,layer_frozen_100,100 labelled images,0,0.5057847344718297,3,6,8,9,11
2423,olympus,layer_finetuned_100,100 labelled images,0,0.24231711421367394,1,2,10,3,11
2424,olympus,clicks_frozen,3+6 clicks,0,0.3719423236863643,2,6,4,8,6
2424,olympus,clicks_frozen,3+6 clicks,1,0.1090042191940741,0,0,6,0,6
2424,olympus,clicks_frozen,3+6 clicks,2,0.28864512261711217,1,2,5,3,6
2424,olympus,clicks_frozen,10+20 clicks,0,0.21155133319926414,0,4,6,4,6
2424,olympus,clicks_frozen,10+20 clicks,1,0.5345257563896091,4,6,2,10,6
2424,olympus,clicks_frozen,10+20 clicks,2,0.410148714017265,3,6,3,9,6
2424,olympus,layer_frozen_20,20 labelled images,0,0.551228799144795,4,2,2,6,6
2424,olympus,layer_finetuned_20,20 labelled images,0,0.7799700101378378,5,1,1,6,6
2424,olympus,layer_frozen_100,100 labelled images,0,0.528165171814954,3,4,3,7,6
2424,olympus,layer_finetuned_100,100 labelled images,0,0.7187155808504068,5,0,1,5,6
2435,olympus,clicks_frozen,3+6 clicks,0,0.2872988238426323,1,5,7,6,8
2435,olympus,clicks_frozen,3+6 clicks,1,0.5187829927129004,3,5,5,8,8
2435,olympus,clicks_frozen,3+6 clicks,2,0.44081325683672323,4,6,4,10,8
2435,olympus,clicks_frozen,10+20 clicks,0,0.34083557449332186,2,6,6,8,8
2435,olympus,clicks_frozen,10+20 clicks,1,0.6157801955303979,5,4,3,9,8
2435,olympus,clicks_frozen,10+20 clicks,2,0.3140168654749937,1,6,7,7,8
2435,olympus,layer_frozen_20,20 labelled images,0,0.3903123056238122,2,4,6,6,8
2435,olympus,layer_finetuned_20,20 labelled images,0,0.20339284435503063,0,2,8,2,8
2435,olympus,layer_frozen_100,100 labelled images,0,0.4951415246116738,2,5,6,7,8
2435,olympus,layer_finetuned_100,100 labelled images,0,0.1995646441445897,0,2,8,2,8
2439,olympus,clicks_frozen,3+6 clicks,0,0.40002615941659575,1,5,9,6,10
2439,olympus,clicks_frozen,3+6 clicks,1,0.3825359783112604,3,5,7,8,10
2439,olympus,clicks_frozen,3+6 clicks,2,0.3665350105374193,0,4,10,4,10
2439,olympus,clicks_frozen,10+20 clicks,0,0.33908360315224506,2,6,8,8,10
2439,olympus,clicks_frozen,10+20 clicks,1,0.6353363091963629,6,5,4,11,10
2439,olympus,clicks_frozen,10+20 clicks,2,0.6629392131409718,8,3,2,11,10
2439,olympus,layer_frozen_20,20 labelled images,0,0.4890008815475054,5,4,5,9,10
2439,olympus,layer_finetuned_20,20 labelled images,0,0.39550468192268,2,2,8,4,10
2439,olympus,layer_frozen_100,100 labelled images,0,0.5478152375946043,5,5,5,10,10
2439,olympus,layer_finetuned_100,100 labelled images,0,0.5512447735575592,5,1,5,6,10
304,nikon,clicks_frozen,3+6 clicks,0,0.4592631081605599,1,1,2,2,3
304,nikon,clicks_frozen,3+6 clicks,1,0.4995745109799574,1,1,2,2,3
304,nikon,clicks_frozen,3+6 clicks,2,0.3055582168087134,0,2,3,2,3
304,nikon,clicks_frozen,10+20 clicks,0,0.23471675630967423,0,1,3,1,3
304,nikon,clicks_frozen,10+20 clicks,1,0.5512481790639645,1,1,2,2,3
304,nikon,clicks_frozen,10+20 clicks,2,0.505910298688541,1,1,2,2,3
304,nikon,layer_frozen_20,20 labelled images,0,0.5129213554783125,1,1,2,2,3
304,nikon,layer_finetuned_20,20 labelled images,0,0.610650546415115,2,0,1,2,3
304,nikon,layer_frozen_100,100 labelled images,0,0.5247899423414216,1,1,2,2,3
304,nikon,layer_finetuned_100,100 labelled images,0,0.6019797927554132,2,1,1,3,3
305,nikon,clicks_frozen,3+6 clicks,0,0.25518910102664283,0,3,7,3,7
305,nikon,clicks_frozen,3+6 clicks,1,0.22521107251285336,0,6,7,6,7
305,nikon,clicks_frozen,3+6 clicks,2,0.45491766005563494,0,1,7,1,7
305,nikon,clicks_frozen,10+20 clicks,0,0.27758835609743426,1,5,6,6,7
305,nikon,clicks_frozen,10+20 clicks,1,0.32875850075338053,1,6,6,7,7
305,nikon,clicks_frozen,10+20 clicks,2,0.41004998124868475,1,4,6,5,7
305,nikon,layer_frozen_20,20 labelled images,0,0.5552360283472269,4,1,3,5,7
305,nikon,layer_finetuned_20,20 labelled images,0,0.4690408314227028,2,2,5,4,7
305,nikon,layer_frozen_100,100 labelled images,0,0.5101168321366283,2,1,5,3,7
305,nikon,layer_finetuned_100,100 labelled images,0,0.2437280131401911,1,3,6,4,7
403,nikon,clicks_frozen,3+6 clicks,0,0.4332334393557758,0,2,1,2,1
403,nikon,clicks_frozen,3+6 clicks,1,0.34476018205158127,0,2,1,2,1
403,nikon,clicks_frozen,3+6 clicks,2,0.2771021117317133,0,3,1,3,1
403,nikon,clicks_frozen,10+20 clicks,0,0.880548035113627,1,0,0,1,1
403,nikon,clicks_frozen,10+20 clicks,1,0.7283522389925314,1,0,0,1,1
403,nikon,clicks_frozen,10+20 clicks,2,0.5053695652173913,1,0,0,1,1
403,nikon,layer_frozen_20,20 labelled images,0,0.7832799540116613,1,2,0,3,1
403,nikon,layer_finetuned_20,20 labelled images,0,0.9340370460244277,1,0,0,1,1
403,nikon,layer_frozen_100,100 labelled images,0,0.7934412789506047,1,2,0,3,1
403,nikon,layer_finetuned_100,100 labelled images,0,0.9009139928869173,1,0,0,1,1
407,nikon,clicks_frozen,3+6 clicks,0,0.5556822339899895,2,5,1,7,3
407,nikon,clicks_frozen,3+6 clicks,1,0.255881623736835,0,0,3,0,3
407,nikon,clicks_frozen,3+6 clicks,2,0.43635864523824514,0,3,3,3,3
407,nikon,clicks_frozen,10+20 clicks,0,0.6819449466967167,2,10,1,12,3
407,nikon,clicks_frozen,10+20 clicks,1,0.5318599329291942,2,9,1,11,3
407,nikon,clicks_frozen,10+20 clicks,2,0.7129553790342708,2,8,1,10,3
407,nikon,layer_frozen_20,20 labelled images,0,0.4845480679482083,1,3,2,4,3
407,nikon,layer_finetuned_20,20 labelled images,0,0.6940004978153932,2,3,1,5,3
407,nikon,layer_frozen_100,100 labelled images,0,0.3815998875760185,0,3,3,3,3
407,nikon,layer_finetuned_100,100 labelled images,0,0.5664763180529184,2,0,1,2,3
409,nikon,clicks_frozen,3+6 clicks,0,0.8723955313309366,1,1,0,2,1
409,nikon,clicks_frozen,3+6 clicks,1,0.39923757294052736,0,3,1,3,1
409,nikon,clicks_frozen,3+6 clicks,2,0.2703740957924924,0,6,1,6,1
409,nikon,clicks_frozen,10+20 clicks,0,0.5754970190731812,1,2,0,3,1
409,nikon,clicks_frozen,10+20 clicks,1,0.8769798136645963,1,0,0,1,1
409,nikon,clicks_frozen,10+20 clicks,2,0.7722814664902312,1,0,0,1,1
409,nikon,layer_frozen_20,20 labelled images,0,0.5675597355040966,1,3,0,4,1
409,nikon,layer_finetuned_20,20 labelled images,0,0.5010702314123016,1,1,0,2,1
409,nikon,layer_frozen_100,100 labelled images,0,0.5533052039381153,1,3,0,4,1
409,nikon,layer_finetuned_100,100 labelled images,0,0.5551818141845842,1,1,0,2,1
417,nikon,clicks_frozen,3+6 clicks,0,0.6599313551815766,1,1,0,2,1
417,nikon,clicks_frozen,3+6 clicks,1,0.6371329418045916,1,1,0,2,1
417,nikon,clicks_frozen,3+6 clicks,2,0.647673314339981,1,2,0,3,1
417,nikon,clicks_frozen,10+20 clicks,0,0.8369390103567319,1,0,0,1,1
417,nikon,clicks_frozen,10+20 clicks,1,0.8524898561416452,1,0,0,1,1
417,nikon,clicks_frozen,10+20 clicks,2,0.8477755447846476,1,0,0,1,1
417,nikon,layer_frozen_20,20 labelled images,0,0.7961188998067673,1,0,0,1,1
417,nikon,layer_finetuned_20,20 labelled images,0,0.4355107482086319,0,0,1,0,1
417,nikon,layer_frozen_100,100 labelled images,0,0.7978448805670504,1,0,0,1,1
417,nikon,layer_finetuned_100,100 labelled images,0,0.7862124557529878,1,0,0,1,1
506,nikon,clicks_frozen,3+6 clicks,0,0.4596446693965591,2,4,3,6,5
506,nikon,clicks_frozen,3+6 clicks,1,0.19747104846961408,0,0,5,0,5
506,nikon,clicks_frozen,3+6 clicks,2,0.2246121899411923,0,1,5,1,5
506,nikon,clicks_frozen,10+20 clicks,0,0.5925316993599451,3,3,2,6,5
506,nikon,clicks_frozen,10+20 clicks,1,0.6292134394641902,3,5,2,8,5
506,nikon,clicks_frozen,10+20 clicks,2,0.6519450995144872,4,1,1,5,5
506,nikon,layer_frozen_20,20 labelled images,0,0.5737009231309326,4,5,1,9,5
506,nikon,layer_finetuned_20,20 labelled images,0,0.3537597122608432,1,5,4,6,5
506,nikon,layer_frozen_100,100 labelled images,0,0.5025941331794374,3,6,2,9,5
506,nikon,layer_finetuned_100,100 labelled images,0,0.31798871778224236,0,5,5,5,5
507,nikon,clicks_frozen,3+6 clicks,0,0.8321400882099125,5,3,0,8,5
507,nikon,clicks_frozen,3+6 clicks,1,0.8075049404059923,5,1,0,6,5
507,nikon,clicks_frozen,3+6 clicks,2,0.6484889563891295,3,4,2,7,5
507,nikon,clicks_frozen,10+20 clicks,0,0.6943954814777024,4,1,1,5,5
507,nikon,clicks_frozen,10+20 clicks,1,0.837296105694912,5,5,0,10,5
507,nikon,clicks_frozen,10+20 clicks,2,0.7972497257082257,5,2,0,7,5
507,nikon,layer_frozen_20,20 labelled images,0,0.8213300529680166,5,4,0,9,5
507,nikon,layer_finetuned_20,20 labelled images,0,0.9182076525167719,5,3,0,8,5
507,nikon,layer_frozen_100,100 labelled images,0,0.8385469690941347,5,4,0,9,5
507,nikon,layer_finetuned_100,100 labelled images,0,0.8125506412792671,4,2,1,6,5
512,nikon,clicks_frozen,3+6 clicks,0,0.23880040492307378,0,1,3,1,3
512,nikon,clicks_frozen,3+6 clicks,1,0.2501367378696419,0,1,3,1,3
512,nikon,clicks_frozen,3+6 clicks,2,0.1785818020392104,0,2,3,2,3
512,nikon,clicks_frozen,10+20 clicks,0,0.23074209915013796,0,1,3,1,3
512,nikon,clicks_frozen,10+20 clicks,1,0.25109317127722597,0,1,3,1,3
512,nikon,clicks_frozen,10+20 clicks,2,0.234543383736995,0,1,3,1,3
512,nikon,layer_frozen_20,20 labelled images,0,0.6748789300917054,3,1,0,4,3
512,nikon,layer_finetuned_20,20 labelled images,0,0.6197691027652338,2,1,1,3,3
512,nikon,layer_frozen_100,100 labelled images,0,0.6423712953956323,1,3,2,4,3
512,nikon,layer_finetuned_100,100 labelled images,0,0.29601235754754257,0,2,3,2,3
513,nikon,clicks_frozen,3+6 clicks,0,0.8479055029123467,4,2,0,6,4
513,nikon,clicks_frozen,3+6 clicks,1,0.48626961719979606,1,3,3,4,4
513,nikon,clicks_frozen,3+6 clicks,2,0.5537700681207158,1,2,3,3,4
513,nikon,clicks_frozen,10+20 clicks,0,0.8473606130298684,4,1,0,5,4
513,nikon,clicks_frozen,10+20 clicks,1,0.5794426842514759,3,1,1,4,4
513,nikon,clicks_frozen,10+20 clicks,2,0.5855515206023035,3,1,1,4,4
513,nikon,layer_frozen_20,20 labelled images,0,0.5869807265019988,3,1,1,4,4
513,nikon,layer_finetuned_20,20 labelled images,0,0.6987320582227186,3,0,1,3,4
513,nikon,layer_frozen_100,100 labelled images,0,0.5875372816055402,3,1,1,4,4
513,nikon,layer_finetuned_100,100 labelled images,0,0.6903721212186438,3,0,1,3,4
516,nikon,clicks_frozen,3+6 clicks,0,0.44106519272445155,1,2,2,3,3
516,nikon,clicks_frozen,3+6 clicks,1,0.4334460471080948,1,2,2,3,3
516,nikon,clicks_frozen,3+6 clicks,2,0.4236933030172298,1,2,2,3,3
516,nikon,clicks_frozen,10+20 clicks,0,0.46670223468206945,1,1,2,2,3
516,nikon,clicks_frozen,10+20 clicks,1,0.47808910609932376,1,3,2,4,3
516,nikon,clicks_frozen,10+20 clicks,2,0.49813520645513815,1,3,2,4,3
516,nikon,layer_frozen_20,20 labelled images,0,0.4295932506465195,1,2,2,3,3
516,nikon,layer_finetuned_20,20 labelled images,0,0.4443938599795583,1,2,2,3,3
516,nikon,layer_frozen_100,100 labelled images,0,0.43032556733376787,1,2,2,3,3
516,nikon,layer_finetuned_100,100 labelled images,0,0.5960664572856035,2,2,1,4,3
518,nikon,clicks_frozen,3+6 clicks,0,0.2694826497848472,0,2,4,2,4
518,nikon,clicks_frozen,3+6 clicks,1,0.09350116888870148,0,7,4,7,4
518,nikon,clicks_frozen,3+6 clicks,2,0.7608648807987732,3,5,1,8,4
518,nikon,clicks_frozen,10+20 clicks,0,0.5153539402127474,2,4,2,6,4
518,nikon,clicks_frozen,10+20 clicks,1,0.38747288194853347,1,2,3,3,4
518,nikon,clicks_frozen,10+20 clicks,2,0.5638989789459574,2,1,2,3,4
518,nikon,layer_frozen_20,20 labelled images,0,0.7373586223149998,3,2,1,5,4
518,nikon,layer_finetuned_20,20 labelled images,0,0.4538347362138564,2,1,2,3,4
518,nikon,layer_frozen_100,100 labelled images,0,0.7612908000777414,4,1,0,5,4
518,nikon,layer_finetuned_100,100 labelled images,0,0.4568040743894449,1,3,3,4,4
9276,olympus,clicks_frozen,3+6 clicks,0,0.6154177962706915,1,2,1,3,2
9276,olympus,clicks_frozen,3+6 clicks,1,0.5925259492403987,2,2,0,4,2
9276,olympus,clicks_frozen,3+6 clicks,2,0.5493360230438344,1,2,1,3,2
9276,olympus,clicks_frozen,10+20 clicks,0,0.8610700808644021,2,2,0,4,2
9276,olympus,clicks_frozen,10+20 clicks,1,0.7335891408235712,2,1,0,3,2
9276,olympus,clicks_frozen,10+20 clicks,2,0.855917658653474,2,2,0,4,2
9276,olympus,layer_frozen_20,20 labelled images,0,0.8719800781953538,2,1,0,3,2
9276,olympus,layer_finetuned_20,20 labelled images,0,0.1648505798952932,0,0,2,0,2
9276,olympus,layer_frozen_100,100 labelled images,0,0.8807959282579225,2,1,0,3,2
9276,olympus,layer_finetuned_100,100 labelled images,0,0.5978872725822055,1,1,1,2,2
9281,olympus,clicks_frozen,3+6 clicks,0,0.039730446412849084,0,3,14,3,14
9281,olympus,clicks_frozen,3+6 clicks,1,0.2633509186988517,0,5,14,5,14
9281,olympus,clicks_frozen,3+6 clicks,2,0.16400070249719476,2,3,12,5,14
9281,olympus,clicks_frozen,10+20 clicks,0,0.31587396218311076,3,4,11,7,14
9281,olympus,clicks_frozen,10+20 clicks,1,0.4183780991135638,4,6,10,10,14
9281,olympus,clicks_frozen,10+20 clicks,2,0.3366666335400859,4,4,10,8,14
9281,olympus,layer_frozen_20,20 labelled images,0,0.2971014318121409,1,5,13,6,14
9281,olympus,layer_finetuned_20,20 labelled images,0,0.24449299019635506,3,1,11,4,14
9281,olympus,layer_frozen_100,100 labelled images,0,0.43340300863095377,4,4,10,8,14
9281,olympus,layer_finetuned_100,100 labelled images,0,0.23466765687688712,3,1,11,4,14
9286,olympus,clicks_frozen,3+6 clicks,0,0.2936699883590766,0,7,3,7,3
9286,olympus,clicks_frozen,3+6 clicks,1,0.5169433572906038,1,3,2,4,3
9286,olympus,clicks_frozen,3+6 clicks,2,0.6708206755638236,2,4,1,6,3
9286,olympus,clicks_frozen,10+20 clicks,0,0.49047651539129883,1,5,2,6,3
9286,olympus,clicks_frozen,10+20 clicks,1,0.475145299242883,1,7,2,8,3
9286,olympus,clicks_frozen,10+20 clicks,2,0.6924501251728818,2,2,1,4,3
9286,olympus,layer_frozen_20,20 labelled images,0,0.648177900172676,1,6,2,7,3
9286,olympus,layer_finetuned_20,20 labelled images,0,0.30700947675684825,1,2,2,3,3
9286,olympus,layer_frozen_100,100 labelled images,0,0.6514546784151741,1,4,2,5,3
9286,olympus,layer_finetuned_100,100 labelled images,0,0.30682935261342004,1,1,2,2,3
9292,olympus,clicks_frozen,3+6 clicks,0,0.06447348625953297,0,3,7,3,7
9292,olympus,clicks_frozen,3+6 clicks,1,0.18269397946393276,1,6,6,7,7
9292,olympus,clicks_frozen,3+6 clicks,2,0.4106029589587917,0,3,7,3,7
9292,olympus,clicks_frozen,10+20 clicks,0,0.6077414144016945,4,10,3,14,7
9292,olympus,clicks_frozen,10+20 clicks,1,0.7818114097373724,6,8,1,14,7
9292,olympus,clicks_frozen,10+20 clicks,2,0.6185703189274048,5,5,2,10,7
9292,olympus,layer_frozen_20,20 labelled images,0,0.518200518187478,3,6,4,9,7
9292,olympus,layer_finetuned_20,20 labelled images,0,0.30381378714240476,1,3,6,4,7
9292,olympus,layer_frozen_100,100 labelled images,0,0.4630527111037268,2,5,5,7,7
9292,olympus,layer_finetuned_100,100 labelled images,0,0.35694188399582666,1,3,6,4,7
9300,olympus,clicks_frozen,3+6 clicks,0,0.25441106803437974,0,1,1,1,1
9300,olympus,clicks_frozen,3+6 clicks,1,0.15297416100763617,0,1,1,1,1
9300,olympus,clicks_frozen,3+6 clicks,2,0.24600223921844663,0,1,1,1,1
9300,olympus,clicks_frozen,10+20 clicks,0,0.4877072285127323,0,1,1,1,1
9300,olympus,clicks_frozen,10+20 clicks,1,0.7062377483249949,1,0,0,1,1
9300,olympus,clicks_frozen,10+20 clicks,2,0.5044916771863899,1,0,0,1,1
9300,olympus,layer_frozen_20,20 labelled images,0,0.21694220318001037,0,1,1,1,1
9300,olympus,layer_finetuned_20,20 labelled images,0,0.921693277233726,1,1,0,2,1
9300,olympus,layer_frozen_100,100 labelled images,0,0.26146623539814773,0,2,1,2,1
9300,olympus,layer_finetuned_100,100 labelled images,0,0.6562295910194325,1,1,0,2,1
9317,olympus,clicks_frozen,3+6 clicks,0,0.3090330463444308,1,6,1,7,2
9317,olympus,clicks_frozen,3+6 clicks,1,0.712464167483554,2,3,0,5,2
9317,olympus,clicks_frozen,3+6 clicks,2,0.5356862553263873,1,1,1,2,2
9317,olympus,clicks_frozen,10+20 clicks,0,0.2946660587969284,0,3,2,3,2
9317,olympus,clicks_frozen,10+20 clicks,1,0.39954236869362114,0,4,2,4,2
9317,olympus,clicks_frozen,10+20 clicks,2,0.4551516336219395,0,5,2,5,2
9317,olympus,layer_frozen_20,20 labelled images,0,0.3952913994194583,1,3,1,4,2
9317,olympus,layer_finetuned_20,20 labelled images,0,0.8184069525841304,2,2,0,4,2
9317,olympus,layer_frozen_100,100 labelled images,0,0.3734551839356516,0,4,2,4,2
9317,olympus,layer_finetuned_100,100 labelled images,0,0.8828434218139951,2,2,0,4,2
9321,olympus,clicks_frozen,3+6 clicks,0,0.8587748568102203,1,1,0,2,1
9321,olympus,clicks_frozen,3+6 clicks,1,0.6936564805057955,1,3,0,4,1
9321,olympus,clicks_frozen,3+6 clicks,2,0.3875805661594918,0,1,1,1,1
9321,olympus,clicks_frozen,10+20 clicks,0,0.8841532996016794,1,1,0,2,1
9321,olympus,clicks_frozen,10+20 clicks,1,0.8278056884369809,1,0,0,1,1
9321,olympus,clicks_frozen,10+20 clicks,2,0.6122439906339844,1,5,0,6,1
9321,olympus,layer_frozen_20,20 labelled images,0,0.24773851163912677,0,4,1,4,1
9321,olympus,layer_finetuned_20,20 labelled images,0,0.0,0,0,1,0,1
9321,olympus,layer_frozen_100,100 labelled images,0,0.24098419973465204,0,5,1,5,1
9321,olympus,layer_finetuned_100,100 labelled images,0,0.2702513882364278,0,1,1,1,1
9339,olympus,clicks_frozen,3+6 clicks,0,0.9223872679045093,1,1,0,2,1
9339,olympus,clicks_frozen,3+6 clicks,1,0.911585209497923,1,5,0,6,1
9339,olympus,clicks_frozen,3+6 clicks,2,0.8868654311039484,1,0,0,1,1
9339,olympus,clicks_frozen,10+20 clicks,0,0.8828424030620735,1,0,0,1,1
9339,olympus,clicks_frozen,10+20 clicks,1,0.9288478871745931,1,1,0,2,1
9339,olympus,clicks_frozen,10+20 clicks,2,0.9114381051364805,1,0,0,1,1
9339,olympus,layer_frozen_20,20 labelled images,0,0.031000836353498745,0,1,1,1,1
9339,olympus,layer_finetuned_20,20 labelled images,0,0.0,0,0,1,0,1
9339,olympus,layer_frozen_100,100 labelled images,0,0.011318650683022024,0,1,1,1,1
9339,olympus,layer_finetuned_100,100 labelled images,0,0.0,0,0,1,0,1
9342,olympus,clicks_frozen,3+6 clicks,0,0.5487636858096192,1,1,1,2,2
9342,olympus,clicks_frozen,3+6 clicks,1,0.18556002458434778,0,1,2,1,2
9342,olympus,clicks_frozen,3+6 clicks,2,0.21052900320483436,0,4,2,4,2
9342,olympus,clicks_frozen,10+20 clicks,0,0.23222531096365356,0,1,2,1,2
9342,olympus,clicks_frozen,10+20 clicks,1,0.19440461462602948,0,1,2,1,2
9342,olympus,clicks_frozen,10+20 clicks,2,0.2899183802237346,0,3,2,3,2
9342,olympus,layer_frozen_20,20 labelled images,0,0.20177390097760847,0,3,2,3,2
9342,olympus,layer_finetuned_20,20 labelled images,0,0.4648243348258808,1,0,1,1,2
9342,olympus,layer_frozen_100,100 labelled images,0,0.4876706618706178,1,4,1,5,2
9342,olympus,layer_finetuned_100,100 labelled images,0,0.42050714021022395,0,1,2,1,2
9343,olympus,clicks_frozen,3+6 clicks,0,0.5139789074320815,1,4,0,5,1
9343,olympus,clicks_frozen,3+6 clicks,1,0.938612043970714,1,2,0,3,1
9343,olympus,clicks_frozen,3+6 clicks,2,0.9300114906507887,1,4,0,5,1
9343,olympus,clicks_frozen,10+20 clicks,0,0.9051250565501195,1,1,0,2,1
9343,olympus,clicks_frozen,10+20 clicks,1,0.8751482224090723,1,1,0,2,1
9343,olympus,clicks_frozen,10+20 clicks,2,0.9185167690127539,1,3,0,4,1
9343,olympus,layer_frozen_20,20 labelled images,0,0.8451009564293305,1,1,0,2,1
9343,olympus,layer_finetuned_20,20 labelled images,0,0.9556520456126298,1,0,0,1,1
9343,olympus,layer_frozen_100,100 labelled images,0,0.6893749866358757,1,3,0,4,1
9343,olympus,layer_finetuned_100,100 labelled images,0,0.919747178689636,1,1,0,2,1
9347,olympus,clicks_frozen,3+6 clicks,0,0.9374913099612673,1,1,0,2,1
9347,olympus,clicks_frozen,3+6 clicks,1,0.9215247944326731,1,3,0,4,1
9347,olympus,clicks_frozen,3+6 clicks,2,0.9272840148996676,1,2,0,3,1
9347,olympus,clicks_frozen,10+20 clicks,0,0.9376075215043008,1,2,0,3,1
9347,olympus,clicks_frozen,10+20 clicks,1,0.9331661137632494,1,0,0,1,1
9347,olympus,clicks_frozen,10+20 clicks,2,0.8940914386151362,1,1,0,2,1
9347,olympus,layer_frozen_20,20 labelled images,0,0.8913653948117747,1,1,0,2,1
9347,olympus,layer_finetuned_20,20 labelled images,0,0.8705145949965915,1,0,0,1,1
9347,olympus,layer_frozen_100,100 labelled images,0,0.897635174816961,1,1,0,2,1
9347,olympus,layer_finetuned_100,100 labelled images,0,0.944124229999802,1,0,0,1,1
9353,olympus,clicks_frozen,3+6 clicks,0,0.46171486874614875,0,1,2,1,2
9353,olympus,clicks_frozen,3+6 clicks,1,0.4263718392613577,0,1,2,1,2
9353,olympus,clicks_frozen,3+6 clicks,2,0.39019862318427345,0,1,2,1,2
9353,olympus,clicks_frozen,10+20 clicks,0,0.4615493977372153,0,1,2,1,2
9353,olympus,clicks_frozen,10+20 clicks,1,0.4523958158046879,0,1,2,1,2
9353,olympus,clicks_frozen,10+20 clicks,2,0.4389925326675418,0,1,2,1,2
9353,olympus,layer_frozen_20,20 labelled images,0,0.4566888315023264,0,2,2,2,2
9353,olympus,layer_finetuned_20,20 labelled images,0,0.4564933678860426,1,0,1,1,2
9353,olympus,layer_frozen_100,100 labelled images,0,0.4537327644930073,0,2,2,2,2
9353,olympus,layer_finetuned_100,100 labelled images,0,0.45829855577084005,0,2,2,2,2
9357,olympus,clicks_frozen,3+6 clicks,0,0.7231119536791527,2,3,0,5,2
9357,olympus,clicks_frozen,3+6 clicks,1,0.7278120804638248,2,6,0,8,2
9357,olympus,clicks_frozen,3+6 clicks,2,0.5487257319734445,1,0,1,1,2
9357,olympus,clicks_frozen,10+20 clicks,0,0.7196784023174154,2,0,0,2,2
9357,olympus,clicks_frozen,10+20 clicks,1,0.7613567459148679,2,5,0,7,2
9357,olympus,clicks_frozen,10+20 clicks,2,0.7071344757174871,2,4,0,6,2
9357,olympus,layer_frozen_20,20 labelled images,0,0.7139441882192503,2,4,0,6,2
9357,olympus,layer_finetuned_20,20 labelled images,0,0.43898228970782227,1,1,1,2,2
9357,olympus,layer_frozen_100,100 labelled images,0,0.7118973790367076,2,4,0,6,2
9357,olympus,layer_finetuned_100,100 labelled images,0,0.3248612158842531,1,3,1,4,2
9367,olympus,clicks_frozen,3+6 clicks,0,0.8282099356596572,1,3,0,4,1
9367,olympus,clicks_frozen,3+6 clicks,1,0.829185480353206,1,0,0,1,1
9367,olympus,clicks_frozen,3+6 clicks,2,0.7473325586308895,1,0,0,1,1
9367,olympus,clicks_frozen,10+20 clicks,0,0.8702804851214745,1,1,0,2,1
9367,olympus,clicks_frozen,10+20 clicks,1,0.876888865770241,1,1,0,2,1
9367,olympus,clicks_frozen,10+20 clicks,2,0.8600613136781684,1,0,0,1,1
9367,olympus,layer_frozen_20,20 labelled images,0,0.7077694997719325,1,1,0,2,1
9367,olympus,layer_finetuned_20,20 labelled images,0,0.8213567734690199,1,0,0,1,1
9367,olympus,layer_frozen_100,100 labelled images,0,0.6805617167572363,1,1,0,2,1
9367,olympus,layer_finetuned_100,100 labelled images,0,0.8828463675529131,1,0,0,1,1
9373,olympus,clicks_frozen,3+6 clicks,0,0.8480128981485734,3,13,0,16,3
9373,olympus,clicks_frozen,3+6 clicks,1,0.40301268188396744,0,4,3,4,3
9373,olympus,clicks_frozen,3+6 clicks,2,0.29464305019821796,1,2,2,3,3
9373,olympus,clicks_frozen,10+20 clicks,0,0.7826913484946885,3,6,0,9,3
9373,olympus,clicks_frozen,10+20 clicks,1,0.5999814601895196,3,6,0,9,3
9373,olympus,clicks_frozen,10+20 clicks,2,0.48419836752731343,2,3,1,5,3
9373,olympus,layer_frozen_20,20 labelled images,0,0.6173019729380721,2,6,1,8,3
9373,olympus,layer_finetuned_20,20 labelled images,0,0.5299868236497725,1,4,2,5,3
9373,olympus,layer_frozen_100,100 labelled images,0,0.5756335570804945,2,6,1,8,3
9373,olympus,layer_finetuned_100,100 labelled images,0,0.830205218031133,3,3,0,6,3
9387,olympus,clicks_frozen,3+6 clicks,0,0.629889298892989,1,0,0,1,1
9387,olympus,clicks_frozen,3+6 clicks,1,0.5934422991457212,1,0,0,1,1
9387,olympus,clicks_frozen,3+6 clicks,2,0.6157015005303865,1,0,0,1,1
9387,olympus,clicks_frozen,10+20 clicks,0,0.6695297962147687,1,0,0,1,1
9387,olympus,clicks_frozen,10+20 clicks,1,0.6880937042459736,1,0,0,1,1
9387,olympus,clicks_frozen,10+20 clicks,2,0.6796006539000468,1,0,0,1,1
9387,olympus,layer_frozen_20,20 labelled images,0,0.6687874208977607,1,0,0,1,1
9387,olympus,layer_finetuned_20,20 labelled images,0,0.5513562686073437,1,0,0,1,1
9387,olympus,layer_frozen_100,100 labelled images,0,0.8923596713506873,1,0,0,1,1
9387,olympus,layer_finetuned_100,100 labelled images,0,0.9206735678044643,1,0,0,1,1
9396,olympus,clicks_frozen,3+6 clicks,0,0.47943386346496436,1,5,2,6,3
9396,olympus,clicks_frozen,3+6 clicks,1,0.527206908084747,1,4,2,5,3
9396,olympus,clicks_frozen,3+6 clicks,2,0.195172735235372,0,6,3,6,3
9396,olympus,clicks_frozen,10+20 clicks,0,0.8478117009519918,3,4,0,7,3
9396,olympus,clicks_frozen,10+20 clicks,1,0.5035450557671508,1,2,2,3,3
9396,olympus,clicks_frozen,10+20 clicks,2,0.5389314501270447,1,1,2,2,3
9396,olympus,layer_frozen_20,20 labelled images,0,0.7729059653575172,3,0,0,3,3
9396,olympus,layer_finetuned_20,20 labelled images,0,0.4052259573658649,1,1,2,2,3
9396,olympus,layer_frozen_100,100 labelled images,0,0.713781791621281,3,0,0,3,3
9396,olympus,layer_finetuned_100,100 labelled images,0,0.45316335495068794,1,2,2,3,3
9397,olympus,clicks_frozen,3+6 clicks,0,0.7412151857757108,3,1,0,4,3
9397,olympus,clicks_frozen,3+6 clicks,1,0.5333933833608091,1,1,2,2,3
9397,olympus,clicks_frozen,3+6 clicks,2,0.7747412721149348,3,0,0,3,3
9397,olympus,clicks_frozen,10+20 clicks,0,0.8131875661085247,3,1,0,4,3
9397,olympus,clicks_frozen,10+20 clicks,1,0.7578930353061355,2,0,1,2,3
9397,olympus,clicks_frozen,10+20 clicks,2,0.7151668194908022,2,2,1,4,3
9397,olympus,layer_frozen_20,20 labelled images,0,0.45554963021586453,2,0,1,2,3
9397,olympus,layer_finetuned_20,20 labelled images,0,0.30234505862646566,1,0,2,1,3
9397,olympus,layer_frozen_100,100 labelled images,0,0.4571221511744013,2,0,1,2,3
9397,olympus,layer_finetuned_100,100 labelled images,0,0.35438848941520895,1,1,2,2,3
9398,olympus,clicks_frozen,3+6 clicks,0,0.14840566680026157,0,1,3,1,3
9398,olympus,clicks_frozen,3+6 clicks,1,0.21313868804434621,0,1,3,1,3
9398,olympus,clicks_frozen,3+6 clicks,2,0.40057718168791817,0,2,3,2,3
9398,olympus,clicks_frozen,10+20 clicks,0,0.1550337307448486,0,2,3,2,3
9398,olympus,clicks_frozen,10+20 clicks,1,0.2761623617678601,0,1,3,1,3
9398,olympus,clicks_frozen,10+20 clicks,2,0.7754431117729889,3,0,0,3,3
9398,olympus,layer_frozen_20,20 labelled images,0,0.43909568728557086,1,7,2,8,3
9398,olympus,layer_finetuned_20,20 labelled images,0,0.3196588344234142,0,2,3,2,3
9398,olympus,layer_frozen_100,100 labelled images,0,0.6301025941080334,2,6,1,8,3
9398,olympus,layer_finetuned_100,100 labelled images,0,0.31763893759050293,0,2,3,2,3
9402,olympus,clicks_frozen,3+6 clicks,0,0.36715284729520803,3,1,4,4,7
9402,olympus,clicks_frozen,3+6 clicks,1,0.45675887795567044,1,4,6,5,7
9402,olympus,clicks_frozen,3+6 clicks,2,0.1851212492726332,0,2,7,2,7
9402,olympus,clicks_frozen,10+20 clicks,0,0.06904708130129945,0,1,7,1,7
9402,olympus,clicks_frozen,10+20 clicks,1,0.13659539591169093,1,2,6,3,7
9402,olympus,clicks_frozen,10+20 clicks,2,0.14654181564828622,1,1,6,2,7
9402,olympus,layer_frozen_20,20 labelled images,0,0.43847571410088204,3,4,4,7,7
9402,olympus,layer_finetuned_20,20 labelled images,0,0.5562993609054653,4,1,3,5,7
9402,olympus,layer_frozen_100,100 labelled images,0,0.42068647756146965,2,4,5,6,7
9402,olympus,layer_finetuned_100,100 labelled images,0,0.4348134302306902,3,1,4,4,7
9407,olympus,clicks_frozen,3+6 clicks,0,0.16191957526544187,0,1,3,1,3
9407,olympus,clicks_frozen,3+6 clicks,1,0.12468453229781717,0,1,3,1,3
9407,olympus,clicks_frozen,3+6 clicks,2,0.24431248210969866,0,5,3,5,3
9407,olympus,clicks_frozen,10+20 clicks,0,0.2284742812964299,0,1,3,1,3
9407,olympus,clicks_frozen,10+20 clicks,1,0.25643598690708747,0,1,3,1,3
9407,olympus,clicks_frozen,10+20 clicks,2,0.5136272347825607,1,5,2,6,3
9407,olympus,layer_frozen_20,20 labelled images,0,0.494473770633284,1,3,2,4,3
9407,olympus,layer_finetuned_20,20 labelled images,0,0.5182672768020459,2,1,1,3,3
9407,olympus,layer_frozen_100,100 labelled images,0,0.5465793360626848,3,3,0,6,3
9407,olympus,layer_finetuned_100,100 labelled images,0,0.6467996620257653,2,2,1,4,3
9421,olympus,clicks_frozen,3+6 clicks,0,0.5987965454161449,2,3,1,5,3
9421,olympus,clicks_frozen,3+6 clicks,1,0.38859436444035733,0,3,3,3,3
9421,olympus,clicks_frozen,3+6 clicks,2,0.51626431665077,2,0,1,2,3
9421,olympus,clicks_frozen,10+20 clicks,0,0.38843618394951224,1,1,2,2,3
9421,olympus,clicks_frozen,10+20 clicks,1,0.6024092072972134,2,3,1,5,3
9421,olympus,clicks_frozen,10+20 clicks,2,0.733037306892708,3,3,0,6,3
9421,olympus,layer_frozen_20,20 labelled images,0,0.5383896087696659,1,2,2,3,3
9421,olympus,layer_finetuned_20,20 labelled images,0,0.5542543514632249,2,0,1,2,3
9421,olympus,layer_frozen_100,100 labelled images,0,0.5428756547751555,1,3,2,4,3
9421,olympus,layer_finetuned_100,100 labelled images,0,0.5541837030410648,2,0,1,2,3
9442,olympus,clicks_frozen,3+6 clicks,0,0.44013827402562256,0,2,1,2,1
9442,olympus,clicks_frozen,3+6 clicks,1,0.5278095225656464,1,1,0,2,1
9442,olympus,clicks_frozen,3+6 clicks,2,0.503187305031873,1,2,0,3,1
9442,olympus,clicks_frozen,10+20 clicks,0,0.6370236658655045,1,0,0,1,1
9442,olympus,clicks_frozen,10+20 clicks,1,0.8364454854097727,1,1,0,2,1
9442,olympus,clicks_frozen,10+20 clicks,2,0.7661931314037005,1,0,0,1,1
9442,olympus,layer_frozen_20,20 labelled images,0,0.1482625099285147,0,2,1,2,1
9442,olympus,layer_finetuned_20,20 labelled images,0,0.7597848307998035,1,0,0,1,1
9442,olympus,layer_frozen_100,100 labelled images,0,0.3481820437191609,0,3,1,3,1
9442,olympus,layer_finetuned_100,100 labelled images,0,0.43081354147026507,0,1,1,1,1
9453,olympus,clicks_frozen,3+6 clicks,0,0.18663872050051933,0,2,3,2,3
9453,olympus,clicks_frozen,3+6 clicks,1,0.3615582367156874,0,2,3,2,3
9453,olympus,clicks_frozen,3+6 clicks,2,0.4848328929297445,1,7,2,8,3
9453,olympus,clicks_frozen,10+20 clicks,0,0.23711731958217386,0,2,3,2,3
9453,olympus,clicks_frozen,10+20 clicks,1,0.1934961464635112,0,4,3,4,3
9453,olympus,clicks_frozen,10+20 clicks,2,0.5695408116501883,2,4,1,6,3
9453,olympus,layer_frozen_20,20 labelled images,0,0.46927007227357126,1,4,2,5,3
9453,olympus,layer_finetuned_20,20 labelled images,0,0.2801832524798749,0,2,3,2,3
9453,olympus,layer_frozen_100,100 labelled images,0,0.3706734695839227,0,4,3,4,3
9453,olympus,layer_finetuned_100,100 labelled images,0,0.5527194365552733,1,2,2,3,3
9464,olympus,clicks_frozen,3+6 clicks,0,0.7510369346237409,1,0,0,1,1
9464,olympus,clicks_frozen,3+6 clicks,1,0.3870534805617749,0,1,1,1,1
9464,olympus,clicks_frozen,3+6 clicks,2,0.9325527155028798,1,0,0,1,1
9464,olympus,clicks_frozen,10+20 clicks,0,0.8906417544323506,1,0,0,1,1
9464,olympus,clicks_frozen,10+20 clicks,1,0.9387220507063336,1,0,0,1,1
9464,olympus,clicks_frozen,10+20 clicks,2,0.7394242925216377,1,0,0,1,1
9464,olympus,layer_frozen_20,20 labelled images,0,0.8317946201269821,1,0,0,1,1
9464,olympus,layer_finetuned_20,20 labelled images,0,0.9417102694260054,1,0,0,1,1
9464,olympus,layer_frozen_100,100 labelled images,0,0.8264699507694213,1,0,0,1,1
9464,olympus,layer_finetuned_100,100 labelled images,0,0.9200553966031534,1,0,0,1,1
9504,olympus,clicks_frozen,3+6 clicks,0,0.44907685269524733,2,1,2,3,4
9504,olympus,clicks_frozen,3+6 clicks,1,0.814211466912623,4,3,0,7,4
9504,olympus,clicks_frozen,3+6 clicks,2,0.8657106031528303,4,1,0,5,4
9504,olympus,clicks_frozen,10+20 clicks,0,0.8116865794037149,4,1,0,5,4
9504,olympus,clicks_frozen,10+20 clicks,1,0.762189434466559,4,0,0,4,4
9504,olympus,clicks_frozen,10+20 clicks,2,0.8918250367786916,4,0,0,4,4
9504,olympus,layer_frozen_20,20 labelled images,0,0.5356715979737097,2,1,2,3,4
9504,olympus,layer_finetuned_20,20 labelled images,0,0.6979977349711928,3,0,1,3,4
9504,olympus,layer_frozen_100,100 labelled images,0,0.5282150972119966,2,0,2,2,4
9504,olympus,layer_finetuned_100,100 labelled images,0,0.6548568115548048,3,0,1,3,4
9511,olympus,clicks_frozen,3+6 clicks,0,0.2821274305240056,0,1,2,1,2
9511,olympus,clicks_frozen,3+6 clicks,1,0.09217990908993329,0,6,2,6,2
9511,olympus,clicks_frozen,3+6 clicks,2,0.7058944949492916,2,3,0,5,2
9511,olympus,clicks_frozen,10+20 clicks,0,0.8213376345828342,2,3,0,5,2
9511,olympus,clicks_frozen,10+20 clicks,1,0.7989762308117705,2,3,0,5,2
9511,olympus,clicks_frozen,10+20 clicks,2,0.7995995323281401,2,3,0,5,2
9511,olympus,layer_frozen_20,20 labelled images,0,0.7526980017911789,2,2,0,4,2
9511,olympus,layer_finetuned_20,20 labelled images,0,0.9157354208450468,2,1,0,3,2
9511,olympus,layer_frozen_100,100 labelled images,0,0.7275380340468571,2,2,0,4,2
9511,olympus,layer_finetuned_100,100 labelled images,0,0.6405755326438898,1,1,1,2,2
9512,olympus,clicks_frozen,3+6 clicks,0,0.6631615270301907,3,2,0,5,3
9512,olympus,clicks_frozen,3+6 clicks,1,0.7110630575557222,3,4,0,7,3
9512,olympus,clicks_frozen,3+6 clicks,2,0.5766587018669171,2,4,1,6,3
9512,olympus,clicks_frozen,10+20 clicks,0,0.18778708238045352,0,4,3,4,3
9512,olympus,clicks_frozen,10+20 clicks,1,0.1920666845327319,0,3,3,3,3
9512,olympus,clicks_frozen,10+20 clicks,2,0.45422351541065664,1,3,2,4,3
9512,olympus,layer_frozen_20,20 labelled images,0,0.6538531781350089,2,4,1,6,3
9512,olympus,layer_finetuned_20,20 labelled images,0,0.22300801012340055,0,1,3,1,3
9512,olympus,layer_frozen_100,100 labelled images,0,0.6494706460809767,2,3,1,5,3
9512,olympus,layer_finetuned_100,100 labelled images,0,0.18793796743735022,0,1,3,1,3
9528,olympus,clicks_frozen,3+6 clicks,0,0.24229959665331915,0,1,3,1,3
9528,olympus,clicks_frozen,3+6 clicks,1,0.5712361075570856,2,0,1,2,3
9528,olympus,clicks_frozen,3+6 clicks,2,0.5843184642383799,1,1,2,2,3
9528,olympus,clicks_frozen,10+20 clicks,0,0.5845909936408775,2,0,1,2,3
9528,olympus,clicks_frozen,10+20 clicks,1,0.5765685988224737,1,1,2,2,3
9528,olympus,clicks_frozen,10+20 clicks,2,0.2498963837567263,0,1,3,1,3
9528,olympus,layer_frozen_20,20 labelled images,0,0.5515183047619777,1,1,2,2,3
9528,olympus,layer_finetuned_20,20 labelled images,0,0.30114683782419077,0,1,3,1,3
9528,olympus,layer_frozen_100,100 labelled images,0,0.7722308588575412,3,0,0,3,3
9528,olympus,layer_finetuned_100,100 labelled images,0,0.2994473216491928,0,1,3,1,3
9581,olympus,clicks_frozen,3+6 clicks,0,0.580140830383145,1,7,1,8,2
9581,olympus,clicks_frozen,3+6 clicks,1,0.3518907532789719,0,0,2,0,2
9581,olympus,clicks_frozen,3+6 clicks,2,0.2398267204455847,0,2,2,2,2
9581,olympus,clicks_frozen,10+20 clicks,0,0.5192904507392742,1,4,1,5,2
9581,olympus,clicks_frozen,10+20 clicks,1,0.7049662667633745,2,3,0,5,2
9581,olympus,clicks_frozen,10+20 clicks,2,0.7259012205265541,2,3,0,5,2
9581,olympus,layer_frozen_20,20 labelled images,0,0.5003804158722868,1,5,1,6,2
9581,olympus,layer_finetuned_20,20 labelled images,0,0.6324344797483943,2,0,0,2,2
9581,olympus,layer_frozen_100,100 labelled images,0,0.46149047544278676,0,6,2,6,2
9581,olympus,layer_finetuned_100,100 labelled images,0,0.5196888200816814,1,1,1,2,2
9590,olympus,clicks_frozen,3+6 clicks,0,0.3333047168711527,0,3,3,3,3
9590,olympus,clicks_frozen,3+6 clicks,1,0.6704474716197951,3,1,0,4,3
9590,olympus,clicks_frozen,3+6 clicks,2,0.5453155997585412,2,2,1,4,3
9590,olympus,clicks_frozen,10+20 clicks,0,0.3329146990984429,0,3,3,3,3
9590,olympus,clicks_frozen,10+20 clicks,1,0.829695005749718,3,1,0,4,3
9590,olympus,clicks_frozen,10+20 clicks,2,0.8103576701365883,3,2,0,5,3
9590,olympus,layer_frozen_20,20 labelled images,0,0.4618710997620454,1,2,2,3,3
9590,olympus,layer_finetuned_20,20 labelled images,0,0.2902928365209316,1,0,2,1,3
9590,olympus,layer_frozen_100,100 labelled images,0,0.3962690179152415,1,1,2,2,3
9590,olympus,layer_finetuned_100,100 labelled images,0,0.42548141932469674,0,2,3,2,3
9600,olympus,clicks_frozen,3+6 clicks,0,0.456648649071857,0,2,2,2,2
9600,olympus,clicks_frozen,3+6 clicks,1,0.31016750714689423,0,3,2,3,2
9600,olympus,clicks_frozen,3+6 clicks,2,0.893063974472315,2,2,0,4,2
9600,olympus,clicks_frozen,10+20 clicks,0,0.9106096793109366,2,1,0,3,2
9600,olympus,clicks_frozen,10+20 clicks,1,0.3845403069485136,0,2,2,2,2
9600,olympus,clicks_frozen,10+20 clicks,2,0.8766790593656277,2,1,0,3,2
9600,olympus,layer_frozen_20,20 labelled images,0,0.7780354740010628,2,1,0,3,2
9600,olympus,layer_finetuned_20,20 labelled images,0,0.46399859228028373,0,1,2,1,2
9600,olympus,layer_frozen_100,100 labelled images,0,0.5852279733769353,1,2,1,3,2
9600,olympus,layer_finetuned_100,100 labelled images,0,0.45580188980745445,0,1,2,1,2
9601,olympus,clicks_frozen,3+6 clicks,0,0.28993156118758723,1,1,3,2,4
9601,olympus,clicks_frozen,3+6 clicks,1,0.10273306484405122,0,3,4,3,4
9601,olympus,clicks_frozen,3+6 clicks,2,0.10136455165871142,0,4,4,4,4
9601,olympus,clicks_frozen,10+20 clicks,0,0.10077386913968689,0,1,4,1,4
9601,olympus,clicks_frozen,10+20 clicks,1,0.5523457812027156,2,7,2,9,4
9601,olympus,clicks_frozen,10+20 clicks,2,0.6923388536699253,3,4,1,7,4
9601,olympus,layer_frozen_20,20 labelled images,0,0.39211548112648237,1,4,3,5,4
9601,olympus,layer_finetuned_20,20 labelled images,0,0.8098920384225605,4,2,0,6,4
9601,olympus,layer_frozen_100,100 labelled images,0,0.36957016566555095,1,4,3,5,4
9601,olympus,layer_finetuned_100,100 labelled images,0,0.2679576057417142,1,2,3,3,4
9605,olympus,clicks_frozen,3+6 clicks,0,0.28869358323824323,0,4,1,4,1
9605,olympus,clicks_frozen,3+6 clicks,1,0.371630345694814,0,8,1,8,1
9605,olympus,clicks_frozen,3+6 clicks,2,0.6757704074396742,1,5,0,6,1
9605,olympus,clicks_frozen,10+20 clicks,0,0.3068542769573697,0,1,1,1,1
9605,olympus,clicks_frozen,10+20 clicks,1,0.6424229588054644,1,2,0,3,1
9605,olympus,clicks_frozen,10+20 clicks,2,0.6584960115444742,1,2,0,3,1
9605,olympus,layer_frozen_20,20 labelled images,0,0.5287211740041928,1,5,0,6,1
9605,olympus,layer_finetuned_20,20 labelled images,0,0.059796758209456624,0,1,1,1,1
9605,olympus,layer_frozen_100,100 labelled images,0,0.46376081296716215,0,5,1,5,1
9605,olympus,layer_finetuned_100,100 labelled images,0,0.29275036959973716,0,2,1,2,1
9625,olympus,clicks_frozen,3+6 clicks,0,0.7825630327663134,6,7,0,13,6
9625,olympus,clicks_frozen,3+6 clicks,1,0.5078744254573072,1,2,5,3,6
9625,olympus,clicks_frozen,3+6 clicks,2,0.521152258542784,2,7,4,9,6
9625,olympus,clicks_frozen,10+20 clicks,0,0.3939550518640936,2,0,4,2,6
9625,olympus,clicks_frozen,10+20 clicks,1,0.6058489352167095,3,7,3,10,6
9625,olympus,clicks_frozen,10+20 clicks,2,0.4707849477534571,1,0,5,1,6
9625,olympus,layer_frozen_20,20 labelled images,0,0.7069435735918362,5,3,1,8,6
9625,olympus,layer_finetuned_20,20 labelled images,0,0.5629999345142472,4,1,2,5,6
9625,olympus,layer_frozen_100,100 labelled images,0,0.666539028928714,3,3,3,6,6
9625,olympus,layer_finetuned_100,100 labelled images,0,0.37607476414814406,1,3,5,4,6
9626,olympus,clicks_frozen,3+6 clicks,0,0.22453684981406075,0,3,3,3,3
9626,olympus,clicks_frozen,3+6 clicks,1,0.5690350550663871,1,1,2,2,3
9626,olympus,clicks_frozen,3+6 clicks,2,0.5189613898234674,1,1,2,2,3
9626,olympus,clicks_frozen,10+20 clicks,0,0.5637799777599397,1,2,2,3,3
9626,olympus,clicks_frozen,10+20 clicks,1,0.47855279372886966,1,1,2,2,3
9626,olympus,clicks_frozen,10+20 clicks,2,0.26560326292638275,0,2,3,2,3
9626,olympus,layer_frozen_20,20 labelled images,0,0.5284908075039877,1,2,2,3,3
9626,olympus,layer_finetuned_20,20 labelled images,0,0.6029393621937875,2,0,1,2,3
9626,olympus,layer_frozen_100,100 labelled images,0,0.6723467861927174,3,1,0,4,3
9626,olympus,layer_finetuned_100,100 labelled images,0,0.5658632480595738,1,1,2,2,3
9629,olympus,clicks_frozen,3+6 clicks,0,0.8068889461579914,5,3,0,8,5
9629,olympus,clicks_frozen,3+6 clicks,1,0.5047885352197621,2,3,3,5,5
9629,olympus,clicks_frozen,3+6 clicks,2,0.7732939752233845,5,7,0,12,5
9629,olympus,clicks_frozen,10+20 clicks,0,0.847209850583803,5,1,0,6,5
9629,olympus,clicks_frozen,10+20 clicks,1,0.8287603077049038,5,3,0,8,5
9629,olympus,clicks_frozen,10+20 clicks,2,0.6135108071685592,3,2,2,5,5
9629,olympus,layer_frozen_20,20 labelled images,0,0.6323958257509537,4,0,1,4,5
9629,olympus,layer_finetuned_20,20 labelled images,0,0.7194633314602055,4,0,1,4,5
9629,olympus,layer_frozen_100,100 labelled images,0,0.6110650891079021,3,1,2,4,5
9629,olympus,layer_finetuned_100,100 labelled images,0,0.8792784861501888,5,0,0,5,5
9630,olympus,clicks_frozen,3+6 clicks,0,0.1767319278864617,0,1,10,1,10
9630,olympus,clicks_frozen,3+6 clicks,1,0.5088908799497791,4,4,6,8,10
9630,olympus,clicks_frozen,3+6 clicks,2,0.41725200343074287,1,2,9,3,10
9630,olympus,clicks_frozen,10+20 clicks,0,0.6040024527446499,5,12,5,17,10
9630,olympus,clicks_frozen,10+20 clicks,1,0.6327752823232676,7,9,3,16,10
9630,olympus,clicks_frozen,10+20 clicks,2,0.5743215242344899,6,5,4,11,10
9630,olympus,layer_frozen_20,20 labelled images,0,0.522281883386306,5,3,5,8,10
9630,olympus,layer_finetuned_20,20 labelled images,0,0.4916091833216905,5,1,5,6,10
9630,olympus,layer_frozen_100,100 labelled images,0,0.5212736067697404,4,3,6,7,10
9630,olympus,layer_finetuned_100,100 labelled images,0,0.3831608635351296,3,2,7,5,10
9686,olympus,clicks_frozen,3+6 clicks,0,0.7911000429437868,3,1,0,4,3
9686,olympus,clicks_frozen,3+6 clicks,1,0.3349429406164974,0,5,3,5,3
9686,olympus,clicks_frozen,3+6 clicks,2,0.6266565382182282,2,6,1,8,3
9686,olympus,clicks_frozen,10+20 clicks,0,0.2180351518650642,0,6,3,6,3
9686,olympus,clicks_frozen,10+20 clicks,1,0.4881108473219323,2,4,1,6,3
9686,olympus,clicks_frozen,10+20 clicks,2,0.7785902270280015,3,2,0,5,3
9686,olympus,layer_frozen_20,20 labelled images,0,0.6568986304851673,2,4,1,6,3
9686,olympus,layer_finetuned_20,20 labelled images,0,0.8768473870745342,3,0,0,3,3
9686,olympus,layer_frozen_100,100 labelled images,0,0.8033086278166973,3,4,0,7,3
9686,olympus,layer_finetuned_100,100 labelled images,0,0.897865265180224,3,1,0,4,3
9692,olympus,clicks_frozen,3+6 clicks,0,0.3707436893582177,0,1,3,1,3
9692,olympus,clicks_frozen,3+6 clicks,1,0.5566162564235734,2,6,1,8,3
9692,olympus,clicks_frozen,3+6 clicks,2,0.4837238188064908,1,2,2,3,3
9692,olympus,clicks_frozen,10+20 clicks,0,0.45069724888353496,1,3,2,4,3
9692,olympus,clicks_frozen,10+20 clicks,1,0.18792601504444414,0,1,3,1,3
9692,olympus,clicks_frozen,10+20 clicks,2,0.5368682738747488,1,5,2,6,3
9692,olympus,layer_frozen_20,20 labelled images,0,0.5276524875648791,1,3,2,4,3
9692,olympus,layer_finetuned_20,20 labelled images,0,0.7192702512198487,3,2,0,5,3
9692,olympus,layer_frozen_100,100 labelled images,0,0.5494132510656811,2,3,1,5,3
9692,olympus,layer_finetuned_100,100 labelled images,0,0.4340811064095416,1,3,2,4,3
9694,olympus,clicks_frozen,3+6 clicks,0,0.16961630176031892,0,4,6,4,6
9694,olympus,clicks_frozen,3+6 clicks,1,0.414937681955091,2,5,4,7,6
9694,olympus,clicks_frozen,3+6 clicks,2,0.15055913477008698,0,2,6,2,6
9694,olympus,clicks_frozen,10+20 clicks,0,0.18078619935017215,0,3,6,3,6
9694,olympus,clicks_frozen,10+20 clicks,1,0.23002854491486682,1,2,5,3,6
9694,olympus,clicks_frozen,10+20 clicks,2,0.21234081413533246,1,3,5,4,6
9694,olympus,layer_frozen_20,20 labelled images,0,0.4460050741476949,2,3,4,5,6
9694,olympus,layer_finetuned_20,20 labelled images,0,0.1991466212036547,0,2,6,2,6
9694,olympus,layer_frozen_100,100 labelled images,0,0.39814160354095796,1,4,5,5,6
9694,olympus,layer_finetuned_100,100 labelled images,0,0.4597071243562631,2,2,4,4,6
9706,olympus,clicks_frozen,3+6 clicks,0,0.5544207395460626,3,6,3,9,6
9706,olympus,clicks_frozen,3+6 clicks,1,0.45041643580365753,0,5,6,5,6
9706,olympus,clicks_frozen,3+6 clicks,2,0.14783856830965514,0,3,6,3,6
9706,olympus,clicks_frozen,10+20 clicks,0,0.5396833343012485,3,1,3,4,6
9706,olympus,clicks_frozen,10+20 clicks,1,0.6052846635577952,3,2,3,5,6
9706,olympus,clicks_frozen,10+20 clicks,2,0.5986251105734465,3,0,3,3,6
9706,olympus,layer_frozen_20,20 labelled images,0,0.6250252821202363,4,3,2,7,6
9706,olympus,layer_finetuned_20,20 labelled images,0,0.6393751395239027,3,3,3,6,6
9706,olympus,layer_frozen_100,100 labelled images,0,0.6814017852723498,4,3,2,7,6
9706,olympus,layer_finetuned_100,100 labelled images,0,0.6534852351029313,4,4,2,8,6
9710,olympus,clicks_frozen,3+6 clicks,0,0.5844772912403047,2,3,3,5,5
9710,olympus,clicks_frozen,3+6 clicks,1,0.35390248865283536,1,4,4,5,5
9710,olympus,clicks_frozen,3+6 clicks,2,0.2196266898354844,0,5,5,5,5
9710,olympus,clicks_frozen,10+20 clicks,0,0.6720475929560172,3,2,2,5,5
9710,olympus,clicks_frozen,10+20 clicks,1,0.6809896519080713,4,1,1,5,5
9710,olympus,clicks_frozen,10+20 clicks,2,0.3928750473896399,1,2,4,3,5
9710,olympus,layer_frozen_20,20 labelled images,0,0.622193859569049,4,1,1,5,5
9710,olympus,layer_finetuned_20,20 labelled images,0,0.3678062223039349,2,0,3,2,5
9710,olympus,layer_frozen_100,100 labelled images,0,0.4988355350007005,3,1,2,4,5
9710,olympus,layer_finetuned_100,100 labelled images,0,0.5459246349339278,3,0,2,3,5
9714,olympus,clicks_frozen,3+6 clicks,0,0.08639746127315034,0,1,11,1,11
9714,olympus,clicks_frozen,3+6 clicks,1,0.27460100694817535,1,4,10,5,11
9714,olympus,clicks_frozen,3+6 clicks,2,0.1023309230064692,1,2,10,3,11
9714,olympus,clicks_frozen,10+20 clicks,0,0.07968545590275465,0,3,11,3,11
9714,olympus,clicks_frozen,10+20 clicks,1,0.4284638695657272,1,7,10,8,11
9714,olympus,clicks_frozen,10+20 clicks,2,0.19051947155330629,2,3,9,5,11
9714,olympus,layer_frozen_20,20 labelled images,0,0.4828219849435721,2,7,9,9,11
9714,olympus,layer_finetuned_20,20 labelled images,0,0.3539055347484071,4,1,7,5,11
9714,olympus,layer_frozen_100,100 labelled images,0,0.4877314029750869,3,4,8,7,11
9714,olympus,layer_finetuned_100,100 labelled images,0,0.14235356373765048,1,1,10,2,11
9719,olympus,clicks_frozen,3+6 clicks,0,0.3993307433867327,0,1,2,1,2
9719,olympus,clicks_frozen,3+6 clicks,1,0.07489687809559188,0,1,2,1,2
9719,olympus,clicks_frozen,3+6 clicks,2,0.15743907820195557,0,10,2,10,2
9719,olympus,clicks_frozen,10+20 clicks,0,0.6043739869997157,1,1,1,2,2
9719,olympus,clicks_frozen,10+20 clicks,1,0.15541450065254286,0,8,2,8,2
9719,olympus,clicks_frozen,10+20 clicks,2,0.2915900903762293,0,2,2,2,2
9719,olympus,layer_frozen_20,20 labelled images,0,0.5729312222209573,1,10,1,11,2
9719,olympus,layer_finetuned_20,20 labelled images,0,0.819107043530134,2,2,0,4,2
9719,olympus,layer_frozen_100,100 labelled images,0,0.51233172816297,1,9,1,10,2
9719,olympus,layer_finetuned_100,100 labelled images,0,0.832569391541752,2,2,0,4,2
9726,olympus,clicks_frozen,3+6 clicks,0,0.5069095832780836,2,5,3,7,5
9726,olympus,clicks_frozen,3+6 clicks,1,0.5979060849764555,3,5,2,8,5
9726,olympus,clicks_frozen,3+6 clicks,2,0.439464106725448,2,6,3,8,5
9726,olympus,clicks_frozen,10+20 clicks,0,0.735603094596093,5,4,0,9,5
9726,olympus,clicks_frozen,10+20 clicks,1,0.7505232552656101,5,4,0,9,5
9726,olympus,clicks_frozen,10+20 clicks,2,0.4062625460261307,1,5,4,6,5
9726,olympus,layer_frozen_20,20 labelled images,0,0.537394732570988,2,4,3,6,5
9726,olympus,layer_finetuned_20,20 labelled images,0,0.6831349607354981,3,1,2,4,5
9726,olympus,layer_frozen_100,100 labelled images,0,0.517240821170446,2,4,3,6,5
9726,olympus,layer_finetuned_100,100 labelled images,0,0.6821868864721103,3,2,2,5,5
9727,olympus,clicks_frozen,3+6 clicks,0,0.6439740472001934,3,8,2,11,5
9727,olympus,clicks_frozen,3+6 clicks,1,0.18756833281383228,0,0,5,0,5
9727,olympus,clicks_frozen,3+6 clicks,2,0.28031834677588,2,1,3,3,5
9727,olympus,clicks_frozen,10+20 clicks,0,0.3944698763040176,1,7,4,8,5
9727,olympus,clicks_frozen,10+20 clicks,1,0.4324814872216069,1,7,4,8,5
9727,olympus,clicks_frozen,10+20 clicks,2,0.4221459580851996,1,1,4,2,5
9727,olympus,layer_frozen_20,20 labelled images,0,0.564194117471955,2,7,3,9,5
9727,olympus,layer_finetuned_20,20 labelled images,0,0.22323117768495454,0,4,5,4,5
9727,olympus,layer_frozen_100,100 labelled images,0,0.5300358734664081,2,7,3,9,5
9727,olympus,layer_finetuned_100,100 labelled images,0,0.3473177303262903,1,2,4,3,5
9757,olympus,clicks_frozen,3+6 clicks,0,0.2641120687541654,1,2,4,3,5
9757,olympus,clicks_frozen,3+6 clicks,1,0.6322199600392963,4,2,1,6,5
9757,olympus,clicks_frozen,3+6 clicks,2,0.44349391098221086,3,1,2,4,5
9757,olympus,clicks_frozen,10+20 clicks,0,0.47902943584425434,2,3,3,5,5
9757,olympus,clicks_frozen,10+20 clicks,1,0.767975877909567,5,4,0,9,5
9757,olympus,clicks_frozen,10+20 clicks,2,0.5292962032490157,3,1,2,4,5
9757,olympus,layer_frozen_20,20 labelled images,0,0.35522408718397813,1,4,4,5,5
9757,olympus,layer_finetuned_20,20 labelled images,0,0.4137135162143837,2,1,3,3,5
9757,olympus,layer_frozen_100,100 labelled images,0,0.5880875008575398,2,4,3,6,5
9757,olympus,layer_finetuned_100,100 labelled images,0,0.7065445671380928,4,1,1,5,5
9773,olympus,clicks_frozen,3+6 clicks,0,0.06801700281046945,0,1,7,1,7
9773,olympus,clicks_frozen,3+6 clicks,1,0.13382522830414703,0,4,7,4,7
9773,olympus,clicks_frozen,3+6 clicks,2,0.09628500935117501,0,1,7,1,7
9773,olympus,clicks_frozen,10+20 clicks,0,0.1462155008990545,0,3,7,3,7
9773,olympus,clicks_frozen,10+20 clicks,1,0.23726413138938166,0,6,7,6,7
9773,olympus,clicks_frozen,10+20 clicks,2,0.09223230177187257,0,3,7,3,7
9773,olympus,layer_frozen_20,20 labelled images,0,0.44518403106859467,4,3,3,7,7
9773,olympus,layer_finetuned_20,20 labelled images,0,0.2750422002243516,2,1,5,3,7
9773,olympus,layer_frozen_100,100 labelled images,0,0.501771234121467,4,5,3,9,7
9773,olympus,layer_finetuned_100,100 labelled images,0,0.09834397020939305,0,1,7,1,7
9774,olympus,clicks_frozen,3+6 clicks,0,0.08280046719374141,0,6,5,6,5
9774,olympus,clicks_frozen,3+6 clicks,1,0.34401575571365967,0,3,5,3,5
9774,olympus,clicks_frozen,3+6 clicks,2,0.5977134718032774,3,7,2,10,5
9774,olympus,clicks_frozen,10+20 clicks,0,0.2699006729419956,1,1,4,2,5
9774,olympus,clicks_frozen,10+20 clicks,1,0.7006699567620125,4,8,1,12,5
9774,olympus,clicks_frozen,10+20 clicks,2,0.25677460793618284,1,4,4,5,5
9774,olympus,layer_frozen_20,20 labelled images,0,0.2356789290965628,1,2,4,3,5
9774,olympus,layer_finetuned_20,20 labelled images,0,0.3979800934018478,1,3,4,4,5
9774,olympus,layer_frozen_100,100 labelled images,0,0.22821443056793916,1,4,4,5,5
9774,olympus,layer_finetuned_100,100 labelled images,0,0.40693857233988906,1,3,4,4,5
9775,olympus,clicks_frozen,3+6 clicks,0,0.06200230544193264,0,1,7,1,7
9775,olympus,clicks_frozen,3+6 clicks,1,0.1142688545016531,0,3,7,3,7
9775,olympus,clicks_frozen,3+6 clicks,2,0.19240832835104385,0,2,7,2,7
9775,olympus,clicks_frozen,10+20 clicks,0,0.10232704966901086,0,2,7,2,7
9775,olympus,clicks_frozen,10+20 clicks,1,0.11355534218825658,0,1,7,1,7
9775,olympus,clicks_frozen,10+20 clicks,2,0.11063263437999686,0,1,7,1,7
9775,olympus,layer_frozen_20,20 labelled images,0,0.3403901036605645,1,4,6,5,7
9775,olympus,layer_finetuned_20,20 labelled images,0,0.26289656338705963,1,2,6,3,7
9775,olympus,layer_frozen_100,100 labelled images,0,0.43978486775861375,3,4,4,7,7
9775,olympus,layer_finetuned_100,100 labelled images,0,0.26661149535766904,1,2,6,3,7
9782,olympus,clicks_frozen,3+6 clicks,0,0.4735817889730937,2,8,7,10,9
9782,olympus,clicks_frozen,3+6 clicks,1,0.07911975427353837,0,2,9,2,9
9782,olympus,clicks_frozen,3+6 clicks,2,0.45294480842728446,2,7,7,9,9
9782,olympus,clicks_frozen,10+20 clicks,0,0.37778483888493963,1,1,8,2,9
9782,olympus,clicks_frozen,10+20 clicks,1,0.11251463398748826,0,2,9,2,9
9782,olympus,clicks_frozen,10+20 clicks,2,0.4805322048957945,3,7,6,10,9
9782,olympus,layer_frozen_20,20 labelled images,0,0.5046815022002701,3,6,6,9,9
9782,olympus,layer_finetuned_20,20 labelled images,0,0.5193732493732575,5,1,4,6,9
9782,olympus,layer_frozen_100,100 labelled images,0,0.47877747619216887,3,6,6,9,9
9782,olympus,layer_finetuned_100,100 labelled images,0,0.42930760344803237,2,4,7,6,9
9786,olympus,clicks_frozen,3+6 clicks,0,0.554997767746416,1,2,0,3,1
9786,olympus,clicks_frozen,3+6 clicks,1,0.7400509264449178,1,2,0,3,1
9786,olympus,clicks_frozen,3+6 clicks,2,0.33737881007184206,0,2,1,2,1
9786,olympus,clicks_frozen,10+20 clicks,0,0.6599314723369949,1,2,0,3,1
9786,olympus,clicks_frozen,10+20 clicks,1,0.8528998497989244,1,1,0,2,1
9786,olympus,clicks_frozen,10+20 clicks,2,0.8452155625657203,1,0,0,1,1
9786,olympus,layer_frozen_20,20 labelled images,0,0.4545329858729941,0,3,1,3,1
9786,olympus,layer_finetuned_20,20 labelled images,0,0.925198224704533,1,0,0,1,1
9786,olympus,layer_frozen_100,100 labelled images,0,0.41018734559429043,0,3,1,3,1
9786,olympus,layer_finetuned_100,100 labelled images,0,0.8591335958800363,1,1,0,2,1
9789,olympus,clicks_frozen,3+6 clicks,0,0.37859239975955344,0,1,3,1,3
9789,olympus,clicks_frozen,3+6 clicks,1,0.5012395633608032,1,2,2,3,3
9789,olympus,clicks_frozen,3+6 clicks,2,0.35259334317236474,0,1,3,1,3
9789,olympus,clicks_frozen,10+20 clicks,0,0.17146023739915175,0,1,3,1,3
9789,olympus,clicks_frozen,10+20 clicks,1,0.08403760107927227,0,2,3,2,3
9789,olympus,clicks_frozen,10+20 clicks,2,0.12188766135400968,0,5,3,5,3
9789,olympus,layer_frozen_20,20 labelled images,0,0.30657333988654983,0,7,3,7,3
9789,olympus,layer_finetuned_20,20 labelled images,0,0.35966916067362326,1,3,2,4,3
9789,olympus,layer_frozen_100,100 labelled images,0,0.26997580795869636,0,6,3,6,3
9789,olympus,layer_finetuned_100,100 labelled images,0,0.34522654949315495,1,2,2,3,3
9798,olympus,clicks_frozen,3+6 clicks,0,0.5344365273023667,2,5,4,7,6
9798,olympus,clicks_frozen,3+6 clicks,1,0.6154920724670438,5,7,1,12,6
9798,olympus,clicks_frozen,3+6 clicks,2,0.6163211070260805,4,6,2,10,6
9798,olympus,clicks_frozen,10+20 clicks,0,0.7119094268532876,5,7,1,12,6
9798,olympus,clicks_frozen,10+20 clicks,1,0.5897557652352866,3,4,3,7,6
9798,olympus,clicks_frozen,10+20 clicks,2,0.5216987255580988,3,3,3,6,6
9798,olympus,layer_frozen_20,20 labelled images,0,0.637119124713382,5,6,1,11,6
9798,olympus,layer_finetuned_20,20 labelled images,0,0.4639179928672286,3,2,3,5,6
9798,olympus,layer_frozen_100,100 labelled images,0,0.6321886390701742,5,6,1,11,6
9798,olympus,layer_finetuned_100,100 labelled images,0,0.40088281097811596,2,1,4,3,6
9801,olympus,clicks_frozen,3+6 clicks,0,0.6137918588855792,3,3,0,6,3
9801,olympus,clicks_frozen,3+6 clicks,1,0.4342987220872921,0,7,3,7,3
9801,olympus,clicks_frozen,3+6 clicks,2,0.09872897145675448,0,1,3,1,3
9801,olympus,clicks_frozen,10+20 clicks,0,0.564988132672215,2,2,1,4,3
9801,olympus,clicks_frozen,10+20 clicks,1,0.433729565727725,1,5,2,6,3
9801,olympus,clicks_frozen,10+20 clicks,2,0.37432162575239564,1,1,2,2,3
9801,olympus,layer_frozen_20,20 labelled images,0,0.6162332507967675,3,2,0,5,3
9801,olympus,layer_finetuned_20,20 labelled images,0,0.616129733849615,2,1,1,3,3
9801,olympus,layer_frozen_100,100 labelled images,0,0.5581445197491816,2,3,1,5,3
9801,olympus,layer_finetuned_100,100 labelled images,0,0.6054423097792028,1,1,2,2,3
9805,olympus,clicks_frozen,3+6 clicks,0,0.6217544559616461,1,10,1,11,2
9805,olympus,clicks_frozen,3+6 clicks,1,0.4881685832573519,1,1,1,2,2
9805,olympus,clicks_frozen,3+6 clicks,2,0.2689468216250304,0,2,2,2,2
9805,olympus,clicks_frozen,10+20 clicks,0,0.3246149936519883,0,4,2,4,2
9805,olympus,clicks_frozen,10+20 clicks,1,0.23840175498086918,0,7,2,7,2
9805,olympus,clicks_frozen,10+20 clicks,2,0.6033988589890931,1,2,1,3,2
9805,olympus,layer_frozen_20,20 labelled images,0,0.5945899857403646,1,3,1,4,2
9805,olympus,layer_finetuned_20,20 labelled images,0,0.8892732136867045,2,1,0,3,2
9805,olympus,layer_frozen_100,100 labelled images,0,0.5910220374639683,1,3,1,4,2
9805,olympus,layer_finetuned_100,100 labelled images,0,0.6836272474233888,1,2,1,3,2
9820,olympus,clicks_frozen,3+6 clicks,0,0.23335916190191708,0,1,2,1,2
9820,olympus,clicks_frozen,3+6 clicks,1,0.3004095439967944,0,1,2,1,2
9820,olympus,clicks_frozen,3+6 clicks,2,0.3782072063424572,0,3,2,3,2
9820,olympus,clicks_frozen,10+20 clicks,0,0.30871401176072943,0,1,2,1,2
9820,olympus,clicks_frozen,10+20 clicks,1,0.3829616664913291,0,1,2,1,2
9820,olympus,clicks_frozen,10+20 clicks,2,0.301310572847012,0,1,2,1,2
9820,olympus,layer_frozen_20,20 labelled images,0,0.3161226794350098,0,3,2,3,2
9820,olympus,layer_finetuned_20,20 labelled images,0,0.29969739823860897,0,1,2,1,2
9820,olympus,layer_frozen_100,100 labelled images,0,0.31430747735948933,0,3,2,3,2
9820,olympus,layer_finetuned_100,100 labelled images,0,0.3443550532282056,0,1,2,1,2
9830,olympus,clicks_frozen,3+6 clicks,0,0.15305306668719612,0,2,2,2,2
9830,olympus,clicks_frozen,3+6 clicks,1,0.4235472158875368,0,3,2,3,2
9830,olympus,clicks_frozen,3+6 clicks,2,0.268578845139295,0,3,2,3,2
9830,olympus,clicks_frozen,10+20 clicks,0,0.3514613052964718,0,2,2,2,2
9830,olympus,clicks_frozen,10+20 clicks,1,0.43978209499266085,0,3,2,3,2
9830,olympus,clicks_frozen,10+20 clicks,2,0.4381727926192378,0,3,2,3,2
9830,olympus,layer_frozen_20,20 labelled images,0,0.29453810665421853,0,2,2,2,2
9830,olympus,layer_finetuned_20,20 labelled images,0,0.30618847582256953,0,1,2,1,2
9830,olympus,layer_frozen_100,100 labelled images,0,0.40210218093144856,0,2,2,2,2
9830,olympus,layer_finetuned_100,100 labelled images,0,0.28260595211083184,0,1,2,1,2
9832,olympus,clicks_frozen,3+6 clicks,0,0.3548480873644835,0,2,2,2,2
9832,olympus,clicks_frozen,3+6 clicks,1,0.4790233558173639,1,1,1,2,2
9832,olympus,clicks_frozen,3+6 clicks,2,0.45724956645190407,1,1,1,2,2
9832,olympus,clicks_frozen,10+20 clicks,0,0.48830009104945615,1,1,1,2,2
9832,olympus,clicks_frozen,10+20 clicks,1,0.36603924751289196,0,2,2,2,2
9832,olympus,clicks_frozen,10+20 clicks,2,0.3952012577568659,1,1,1,2,2
9832,olympus,layer_frozen_20,20 labelled images,0,0.3739009251813169,0,2,2,2,2
9832,olympus,layer_finetuned_20,20 labelled images,0,0.3569544910403209,0,1,2,1,2
9832,olympus,layer_frozen_100,100 labelled images,0,0.4240581981049555,0,1,2,1,2
9832,olympus,layer_finetuned_100,100 labelled images,0,0.41866530005522096,1,0,1,1,2
9838,olympus,clicks_frozen,3+6 clicks,0,0.20441023307180414,0,1,3,1,3
9838,olympus,clicks_frozen,3+6 clicks,1,0.1579981724980534,0,2,3,2,3
9838,olympus,clicks_frozen,3+6 clicks,2,0.30067123991376576,0,3,3,3,3
9838,olympus,clicks_frozen,10+20 clicks,0,0.18024910932578045,0,1,3,1,3
9838,olympus,clicks_frozen,10+20 clicks,1,0.4779687132606918,1,1,2,2,3
9838,olympus,clicks_frozen,10+20 clicks,2,0.5036006006963424,1,1,2,2,3
9838,olympus,layer_frozen_20,20 labelled images,0,0.21146593118571597,0,2,3,2,3
9838,olympus,layer_finetuned_20,20 labelled images,0,0.31357455250545674,1,0,2,1,3
9838,olympus,layer_frozen_100,100 labelled images,0,0.3509487201911892,0,3,3,3,3
9838,olympus,layer_finetuned_100,100 labelled images,0,0.24837525941417946,0,1,3,1,3
9841,olympus,clicks_frozen,3+6 clicks,0,0.2631419889661323,0,3,2,3,2
9841,olympus,clicks_frozen,3+6 clicks,1,0.22728162431313764,0,2,2,2,2
9841,olympus,clicks_frozen,3+6 clicks,2,0.52020412251809,1,2,1,3,2
9841,olympus,clicks_frozen,10+20 clicks,0,0.7760382502769059,2,3,0,5,2
9841,olympus,clicks_frozen,10+20 clicks,1,0.1992336303998974,0,1,2,1,2
9841,olympus,clicks_frozen,10+20 clicks,2,0.6928327962163059,2,3,0,5,2
9841,olympus,layer_frozen_20,20 labelled images,0,0.2555718100526385,0,2,2,2,2
9841,olympus,layer_finetuned_20,20 labelled images,0,0.49519585564653545,0,2,2,2,2
9841,olympus,layer_frozen_100,100 labelled images,0,0.23968654266278158,0,2,2,2,2
9841,olympus,layer_finetuned_100,100 labelled images,0,0.47556944688358826,0,2,2,2,2
9845,olympus,clicks_frozen,3+6 clicks,0,0.20755756477324216,0,2,1,2,1
9845,olympus,clicks_frozen,3+6 clicks,1,0.6301225109797576,1,0,0,1,1
9845,olympus,clicks_frozen,3+6 clicks,2,0.5644225044651716,1,0,0,1,1
9845,olympus,clicks_frozen,10+20 clicks,0,0.6660152232051019,1,0,0,1,1
9845,olympus,clicks_frozen,10+20 clicks,1,0.6458466370963566,1,0,0,1,1
9845,olympus,clicks_frozen,10+20 clicks,2,0.6499384447028247,1,0,0,1,1
9845,olympus,layer_frozen_20,20 labelled images,0,0.616288294370833,1,0,0,1,1
9845,olympus,layer_finetuned_20,20 labelled images,0,0.8921381936887922,1,0,0,1,1
9845,olympus,layer_frozen_100,100 labelled images,0,0.6127504244482174,1,0,0,1,1
9845,olympus,layer_finetuned_100,100 labelled images,0,0.7816548968409393,1,0,0,1,1
9859,olympus,clicks_frozen,3+6 clicks,0,0.17771018662207416,0,9,4,9,4
9859,olympus,clicks_frozen,3+6 clicks,1,0.164367441868844,0,4,4,4,4
9859,olympus,clicks_frozen,3+6 clicks,2,0.21108887543775362,0,1,4,1,4
9859,olympus,clicks_frozen,10+20 clicks,0,0.221636263850339,0,2,4,2,4
9859,olympus,clicks_frozen,10+20 clicks,1,0.3120112700759398,1,1,3,2,4
9859,olympus,clicks_frozen,10+20 clicks,2,0.20403139726904013,0,1,4,1,4
9859,olympus,layer_frozen_20,20 labelled images,0,0.3224799458144039,1,2,3,3,4
9859,olympus,layer_finetuned_20,20 labelled images,0,0.6765967942558236,2,1,2,3,4
9859,olympus,layer_frozen_100,100 labelled images,0,0.35667495312437947,1,3,3,4,4
9859,olympus,layer_finetuned_100,100 labelled images,0,0.4572681728918908,1,1,3,2,4
9871,olympus,clicks_frozen,3+6 clicks,0,0.666048828103448,1,4,1,5,2
9871,olympus,clicks_frozen,3+6 clicks,1,0.3287800129575123,0,2,2,2,2
9871,olympus,clicks_frozen,3+6 clicks,2,0.3655967459748173,0,5,2,5,2
9871,olympus,clicks_frozen,10+20 clicks,0,0.6700791427192387,2,3,0,5,2
9871,olympus,clicks_frozen,10+20 clicks,1,0.6645812121509568,1,3,1,4,2
9871,olympus,clicks_frozen,10+20 clicks,2,0.6558302963742041,1,3,1,4,2
9871,olympus,layer_frozen_20,20 labelled images,0,0.32909002972694185,0,2,2,2,2
9871,olympus,layer_finetuned_20,20 labelled images,0,0.46995225384416484,0,2,2,2,2
9871,olympus,layer_frozen_100,100 labelled images,0,0.4542363906831216,1,2,1,3,2
9871,olympus,layer_finetuned_100,100 labelled images,0,0.4581119714572609,0,2,2,2,2
9875,olympus,clicks_frozen,3+6 clicks,0,0.4943270811980308,2,5,3,7,5
9875,olympus,clicks_frozen,3+6 clicks,1,0.5430436931101401,3,5,2,8,5
9875,olympus,clicks_frozen,3+6 clicks,2,0.1336235085331085,0,1,5,1,5
9875,olympus,clicks_frozen,10+20 clicks,0,0.1633737911126969,0,2,5,2,5
9875,olympus,clicks_frozen,10+20 clicks,1,0.6338362400188913,4,3,1,7,5
9875,olympus,clicks_frozen,10+20 clicks,2,0.1279405560617049,0,1,5,1,5
9875,olympus,layer_frozen_20,20 labelled images,0,0.6324486927780646,4,2,1,6,5
9875,olympus,layer_finetuned_20,20 labelled images,0,0.3657625052523287,1,1,4,2,5
9875,olympus,layer_frozen_100,100 labelled images,0,0.6975579437455317,5,1,0,6,5
9875,olympus,layer_finetuned_100,100 labelled images,0,0.1799163948095052,0,1,5,1,5
9886,olympus,clicks_frozen,3+6 clicks,0,0.3344276774380332,0,4,5,4,5
9886,olympus,clicks_frozen,3+6 clicks,1,0.2670928498715345,0,1,5,1,5
9886,olympus,clicks_frozen,3+6 clicks,2,0.10926241441257412,0,2,5,2,5
9886,olympus,clicks_frozen,10+20 clicks,0,0.11498255382262215,0,3,5,3,5
9886,olympus,clicks_frozen,10+20 clicks,1,0.5072923723660622,3,5,2,8,5
9886,olympus,clicks_frozen,10+20 clicks,2,0.07584631920243443,0,3,5,3,5
9886,olympus,layer_frozen_20,20 labelled images,0,0.3186808478550719,1,3,4,4,5
9886,olympus,layer_finetuned_20,20 labelled images,0,0.3175853862365691,1,1,4,2,5
9886,olympus,layer_frozen_100,100 labelled images,0,0.39942987210215314,1,5,4,6,5
9886,olympus,layer_finetuned_100,100 labelled images,0,0.3045081262423798,1,1,4,2,5
9889,olympus,clicks_frozen,3+6 clicks,0,0.31157704473565295,0,4,1,4,1
9889,olympus,clicks_frozen,3+6 clicks,1,0.46426938899893344,0,1,1,1,1
9889,olympus,clicks_frozen,3+6 clicks,2,0.2693641189353725,0,4,1,4,1
9889,olympus,clicks_frozen,10+20 clicks,0,0.885925846434512,1,4,0,5,1
9889,olympus,clicks_frozen,10+20 clicks,1,0.8577067669172932,1,4,0,5,1
9889,olympus,clicks_frozen,10+20 clicks,2,0.4433495618305745,0,4,1,4,1
9889,olympus,layer_frozen_20,20 labelled images,0,0.37958292466489185,0,4,1,4,1
9889,olympus,layer_finetuned_20,20 labelled images,0,0.9191553464770865,1,0,0,1,1
9889,olympus,layer_frozen_100,100 labelled images,0,0.36259250735819576,0,5,1,5,1
9889,olympus,layer_finetuned_100,100 labelled images,0,0.8754095881433684,1,0,0,1,1
9902,olympus,clicks_frozen,3+6 clicks,0,0.860940743997711,2,2,0,4,2
9902,olympus,clicks_frozen,3+6 clicks,1,0.6344161435720134,2,2,0,4,2
9902,olympus,clicks_frozen,3+6 clicks,2,0.2573788873498591,0,2,2,2,2
9902,olympus,clicks_frozen,10+20 clicks,0,0.8023068805508315,2,2,0,4,2
9902,olympus,clicks_frozen,10+20 clicks,1,0.6765698228738213,2,2,0,4,2
9902,olympus,clicks_frozen,10+20 clicks,2,0.4157604545032674,0,3,2,3,2
9902,olympus,layer_frozen_20,20 labelled images,0,0.24457787608684495,0,2,2,2,2
9902,olympus,layer_finetuned_20,20 labelled images,0,0.4047447560149657,0,1,2,1,2
9902,olympus,layer_frozen_100,100 labelled images,0,0.2474256234067856,0,2,2,2,2
9902,olympus,layer_finetuned_100,100 labelled images,0,0.3707631488953862,0,1,2,1,2
9910,olympus,clicks_frozen,3+6 clicks,0,0.11752235840736441,0,0,4,0,4
9910,olympus,clicks_frozen,3+6 clicks,1,0.36285973237446767,0,2,4,2,4
9910,olympus,clicks_frozen,3+6 clicks,2,0.31889018269640734,0,5,4,5,4
9910,olympus,clicks_frozen,10+20 clicks,0,0.47964809714820655,1,4,3,5,4
9910,olympus,clicks_frozen,10+20 clicks,1,0.5614274661689195,2,4,2,6,4
9910,olympus,clicks_frozen,10+20 clicks,2,0.4142328129785359,0,3,4,3,4
9910,olympus,layer_frozen_20,20 labelled images,0,0.3864817607536043,0,5,4,5,4
9910,olympus,layer_finetuned_20,20 labelled images,0,0.36082827142985,1,1,3,2,4
9910,olympus,layer_frozen_100,100 labelled images,0,0.3618698530648399,0,4,4,4,4
9910,olympus,layer_finetuned_100,100 labelled images,0,0.34329885596103,0,2,4,2,4
9912,olympus,clicks_frozen,3+6 clicks,0,0.3163241778450633,1,3,3,4,4
9912,olympus,clicks_frozen,3+6 clicks,1,0.42954955404327144,1,5,3,6,4
9912,olympus,clicks_frozen,3+6 clicks,2,0.666145621056009,3,4,1,7,4
9912,olympus,clicks_frozen,10+20 clicks,0,0.36482661858013155,1,1,3,2,4
9912,olympus,clicks_frozen,10+20 clicks,1,0.40499265351197333,1,4,3,5,4
9912,olympus,clicks_frozen,10+20 clicks,2,0.42218339215032696,1,3,3,4,4
9912,olympus,layer_frozen_20,20 labelled images,0,0.37856576769023315,1,2,3,3,4
9912,olympus,layer_finetuned_20,20 labelled images,0,0.2166198438470544,0,2,4,2,4
9912,olympus,layer_frozen_100,100 labelled images,0,0.37022982041304875,1,1,3,2,4
9912,olympus,layer_finetuned_100,100 labelled images,0,0.36042413111804394,1,1,3,2,4
102,nikon,clicks_finetuned_20,3+6 clicks,0,0.5462822345554439,4,1,4,5,8
102,nikon,clicks_finetuned_20,3+6 clicks,1,0.5964880471127001,5,0,3,5,8
102,nikon,clicks_finetuned_20,3+6 clicks,2,0.5692842820780687,4,1,4,5,8
102,nikon,clicks_finetuned_20,10+20 clicks,0,0.572344932485703,4,1,4,5,8
102,nikon,clicks_finetuned_20,10+20 clicks,1,0.27229377142526956,1,3,7,4,8
102,nikon,clicks_finetuned_20,10+20 clicks,2,0.577273831619146,4,1,4,5,8
104,nikon,clicks_finetuned_20,3+6 clicks,0,0.9313042901773276,4,0,0,4,4
104,nikon,clicks_finetuned_20,3+6 clicks,1,0.9287898883304668,4,0,0,4,4
104,nikon,clicks_finetuned_20,3+6 clicks,2,0.9392335802410605,4,0,0,4,4
104,nikon,clicks_finetuned_20,10+20 clicks,0,0.9149207564106344,4,0,0,4,4
104,nikon,clicks_finetuned_20,10+20 clicks,1,0.9481731264099402,4,0,0,4,4
104,nikon,clicks_finetuned_20,10+20 clicks,2,0.9501356091761054,4,0,0,4,4
110,nikon,clicks_finetuned_20,3+6 clicks,0,0.645466904311222,2,2,2,4,4
110,nikon,clicks_finetuned_20,3+6 clicks,1,0.6773096452685733,2,2,2,4,4
110,nikon,clicks_finetuned_20,3+6 clicks,2,0.6967191112298864,3,1,1,4,4
110,nikon,clicks_finetuned_20,10+20 clicks,0,0.698960607297532,3,1,1,4,4
110,nikon,clicks_finetuned_20,10+20 clicks,1,0.6901512847915291,3,0,1,3,4
110,nikon,clicks_finetuned_20,10+20 clicks,2,0.6892773149590206,3,0,1,3,4
113,nikon,clicks_finetuned_20,3+6 clicks,0,0.6102130680785547,1,1,2,2,3
113,nikon,clicks_finetuned_20,3+6 clicks,1,0.6092174111503955,1,1,2,2,3
113,nikon,clicks_finetuned_20,3+6 clicks,2,0.9329521148071326,3,0,0,3,3
113,nikon,clicks_finetuned_20,10+20 clicks,0,0.95059201338305,3,0,0,3,3
113,nikon,clicks_finetuned_20,10+20 clicks,1,0.949078223863343,3,0,0,3,3
113,nikon,clicks_finetuned_20,10+20 clicks,2,0.9495713888364415,3,0,0,3,3
115,nikon,clicks_finetuned_20,3+6 clicks,0,0.47076930490170543,2,0,2,2,4
115,nikon,clicks_finetuned_20,3+6 clicks,1,0.6784413549052863,2,1,2,3,4
115,nikon,clicks_finetuned_20,3+6 clicks,2,0.4692479295194565,2,0,2,2,4
115,nikon,clicks_finetuned_20,10+20 clicks,0,0.6761025599772825,2,1,2,3,4
115,nikon,clicks_finetuned_20,10+20 clicks,1,0.6726933941853077,2,1,2,3,4
115,nikon,clicks_finetuned_20,10+20 clicks,2,0.6760419752576432,2,1,2,3,4
1693,olympus,clicks_finetuned_20,3+6 clicks,0,0.9125479120435748,1,1,0,2,1
1693,olympus,clicks_finetuned_20,3+6 clicks,1,0.8972842028937741,1,1,0,2,1
1693,olympus,clicks_finetuned_20,3+6 clicks,2,0.9248621048856709,1,1,0,2,1
1693,olympus,clicks_finetuned_20,10+20 clicks,0,0.9442997146755986,1,1,0,2,1
1693,olympus,clicks_finetuned_20,10+20 clicks,1,0.9409527833526988,1,1,0,2,1
1693,olympus,clicks_finetuned_20,10+20 clicks,2,0.9465704744727584,1,1,0,2,1
1694,olympus,clicks_finetuned_20,3+6 clicks,0,0.506447879216375,3,1,4,4,7
1694,olympus,clicks_finetuned_20,3+6 clicks,1,0.5411251608513772,3,1,4,4,7
1694,olympus,clicks_finetuned_20,3+6 clicks,2,0.5365923798983314,3,1,4,4,7
1694,olympus,clicks_finetuned_20,10+20 clicks,0,0.5441543459734139,3,1,4,4,7
1694,olympus,clicks_finetuned_20,10+20 clicks,1,0.5464190411527049,3,1,4,4,7
1694,olympus,clicks_finetuned_20,10+20 clicks,2,0.6796411238479577,5,0,2,5,7
1704,olympus,clicks_finetuned_20,3+6 clicks,0,0.9151914894288726,2,0,0,2,2
1704,olympus,clicks_finetuned_20,3+6 clicks,1,0.9092586332684163,2,0,0,2,2
1704,olympus,clicks_finetuned_20,3+6 clicks,2,0.9183365658443838,2,0,0,2,2
1704,olympus,clicks_finetuned_20,10+20 clicks,0,0.9182843373303441,2,0,0,2,2
1704,olympus,clicks_finetuned_20,10+20 clicks,1,0.9085048561892309,2,0,0,2,2
1704,olympus,clicks_finetuned_20,10+20 clicks,2,0.9070598230972537,2,0,0,2,2
1705,olympus,clicks_finetuned_20,3+6 clicks,0,0.7923122338219765,3,1,0,4,3
1705,olympus,clicks_finetuned_20,3+6 clicks,1,0.941027202279202,3,2,0,5,3
1705,olympus,clicks_finetuned_20,3+6 clicks,2,0.805011127722815,3,1,0,4,3
1705,olympus,clicks_finetuned_20,10+20 clicks,0,0.7783716298759052,2,2,1,4,3
1705,olympus,clicks_finetuned_20,10+20 clicks,1,0.9386745649130251,3,2,0,5,3
1705,olympus,clicks_finetuned_20,10+20 clicks,2,0.9405804194883829,3,2,0,5,3
1709,olympus,clicks_finetuned_20,3+6 clicks,0,0.28302827775620887,1,2,4,3,5
1709,olympus,clicks_finetuned_20,3+6 clicks,1,0.286502886362384,1,2,4,3,5
1709,olympus,clicks_finetuned_20,3+6 clicks,2,0.4942063231527947,2,2,3,4,5
1709,olympus,clicks_finetuned_20,10+20 clicks,0,0.4064117473189784,2,2,3,4,5
1709,olympus,clicks_finetuned_20,10+20 clicks,1,0.40633950193798773,2,2,3,4,5
1709,olympus,clicks_finetuned_20,10+20 clicks,2,0.25992550683521487,0,2,5,2,5
1715,olympus,clicks_finetuned_20,3+6 clicks,0,0.2656447578119332,1,3,9,4,10
1715,olympus,clicks_finetuned_20,3+6 clicks,1,0.2638601512323838,1,3,9,4,10
1715,olympus,clicks_finetuned_20,3+6 clicks,2,0.23022935420020355,1,2,9,3,10
1715,olympus,clicks_finetuned_20,10+20 clicks,0,0.23586612153157027,1,2,9,3,10
1715,olympus,clicks_finetuned_20,10+20 clicks,1,0.23507089943529644,1,2,9,3,10
1715,olympus,clicks_finetuned_20,10+20 clicks,2,0.23696363601391363,1,2,9,3,10
1716,olympus,clicks_finetuned_20,3+6 clicks,0,0.5654962918838731,1,2,2,3,3
1716,olympus,clicks_finetuned_20,3+6 clicks,1,0.5756329198466692,1,2,2,3,3
1716,olympus,clicks_finetuned_20,3+6 clicks,2,0.5629844834420409,1,2,2,3,3
1716,olympus,clicks_finetuned_20,10+20 clicks,0,0.5048582806395532,1,1,2,2,3
1716,olympus,clicks_finetuned_20,10+20 clicks,1,0.594228446109021,1,1,2,2,3
1716,olympus,clicks_finetuned_20,10+20 clicks,2,0.5808948195633793,1,1,2,2,3
1719,olympus,clicks_finetuned_20,3+6 clicks,0,0.08234375021637291,0,3,8,3,8
1719,olympus,clicks_finetuned_20,3+6 clicks,1,0.5380444544259035,3,5,5,8,8
1719,olympus,clicks_finetuned_20,3+6 clicks,2,0.6997000844303398,6,0,2,6,8
1719,olympus,clicks_finetuned_20,10+20 clicks,0,0.4393095850610729,3,1,5,4,8
1719,olympus,clicks_finetuned_20,10+20 clicks,1,0.5459866634329777,4,1,4,5,8
1719,olympus,clicks_finetuned_20,10+20 clicks,2,0.36802833182838973,3,1,5,4,8
1738,olympus,clicks_finetuned_20,3+6 clicks,0,0.48643575899880725,2,3,3,5,5
1738,olympus,clicks_finetuned_20,3+6 clicks,1,0.5883218472054618,4,0,1,4,5
1738,olympus,clicks_finetuned_20,3+6 clicks,2,0.51098491059987,2,2,3,4,5
1738,olympus,clicks_finetuned_20,10+20 clicks,0,0.4981088308305589,2,3,3,5,5
1738,olympus,clicks_finetuned_20,10+20 clicks,1,0.6052569106593939,4,1,1,5,5
1738,olympus,clicks_finetuned_20,10+20 clicks,2,0.564592363837934,3,2,2,5,5
1739,olympus,clicks_finetuned_20,3+6 clicks,0,0.3814903149124113,0,2,3,2,3
1739,olympus,clicks_finetuned_20,3+6 clicks,1,0.385105101446862,0,2,3,2,3
1739,olympus,clicks_finetuned_20,3+6 clicks,2,0.37600652843470544,0,2,3,2,3
1739,olympus,clicks_finetuned_20,10+20 clicks,0,0.3947947309726605,0,2,3,2,3
1739,olympus,clicks_finetuned_20,10+20 clicks,1,0.41075745544350056,0,2,3,2,3
1739,olympus,clicks_finetuned_20,10+20 clicks,2,0.40758644493474,0,2,3,2,3
1742,olympus,clicks_finetuned_20,3+6 clicks,0,0.5395149492017909,2,1,4,3,6
1742,olympus,clicks_finetuned_20,3+6 clicks,1,0.4922743324043397,2,1,4,3,6
1742,olympus,clicks_finetuned_20,3+6 clicks,2,0.46608068420873133,1,1,5,2,6
1742,olympus,clicks_finetuned_20,10+20 clicks,0,0.5488000682888802,3,1,3,4,6
1742,olympus,clicks_finetuned_20,10+20 clicks,1,0.556038953231252,3,1,3,4,6
1742,olympus,clicks_finetuned_20,10+20 clicks,2,0.539944712472868,2,2,4,4,6
1745,olympus,clicks_finetuned_20,3+6 clicks,0,0.7178344006408899,3,1,1,4,4
1745,olympus,clicks_finetuned_20,3+6 clicks,1,0.6875279154359359,3,1,1,4,4
1745,olympus,clicks_finetuned_20,3+6 clicks,2,0.8471481843332628,4,2,0,6,4
1745,olympus,clicks_finetuned_20,10+20 clicks,0,0.8228138940397058,4,2,0,6,4
1745,olympus,clicks_finetuned_20,10+20 clicks,1,0.7980923987544886,4,2,0,6,4
1745,olympus,clicks_finetuned_20,10+20 clicks,2,0.6197621280003058,3,2,1,5,4
1747,olympus,clicks_finetuned_20,3+6 clicks,0,0.324231527827318,1,3,7,4,8
1747,olympus,clicks_finetuned_20,3+6 clicks,1,0.2170213076123496,1,2,7,3,8
1747,olympus,clicks_finetuned_20,3+6 clicks,2,0.34318946201341094,1,2,7,3,8
1747,olympus,clicks_finetuned_20,10+20 clicks,0,0.3465772669104123,1,2,7,3,8
1747,olympus,clicks_finetuned_20,10+20 clicks,1,0.3315473920965071,1,2,7,3,8
1747,olympus,clicks_finetuned_20,10+20 clicks,2,0.34740639989241306,1,2,7,3,8
1762,olympus,clicks_finetuned_20,3+6 clicks,0,0.6802683626382465,2,1,2,3,4
1762,olympus,clicks_finetuned_20,3+6 clicks,1,0.6513521046293111,2,1,2,3,4
1762,olympus,clicks_finetuned_20,3+6 clicks,2,0.6733605106879658,2,1,2,3,4
1762,olympus,clicks_finetuned_20,10+20 clicks,0,0.6855182913267444,3,0,1,3,4
1762,olympus,clicks_finetuned_20,10+20 clicks,1,0.6933224958425283,3,0,1,3,4
1762,olympus,clicks_finetuned_20,10+20 clicks,2,0.6951218208934329,3,0,1,3,4
1766,olympus,clicks_finetuned_20,3+6 clicks,0,0.6523763353346169,2,1,2,3,4
1766,olympus,clicks_finetuned_20,3+6 clicks,1,0.6458823888860381,2,1,2,3,4
1766,olympus,clicks_finetuned_20,3+6 clicks,2,0.6576385604977925,2,1,2,3,4
1766,olympus,clicks_finetuned_20,10+20 clicks,0,0.6751476943354344,3,0,1,3,4
1766,olympus,clicks_finetuned_20,10+20 clicks,1,0.6676361750044526,3,0,1,3,4
1766,olympus,clicks_finetuned_20,10+20 clicks,2,0.6625213032208987,3,0,1,3,4
1770,olympus,clicks_finetuned_20,3+6 clicks,0,0.48163735104958044,1,3,2,4,3
1770,olympus,clicks_finetuned_20,3+6 clicks,1,0.47569449753677057,1,3,2,4,3
1770,olympus,clicks_finetuned_20,3+6 clicks,2,0.4917280672074081,2,1,1,3,3
1770,olympus,clicks_finetuned_20,10+20 clicks,0,0.47645732791004897,0,3,3,3,3
1770,olympus,clicks_finetuned_20,10+20 clicks,1,0.44232049676121105,0,3,3,3,3
1770,olympus,clicks_finetuned_20,10+20 clicks,2,0.5433238058998388,1,3,2,4,3
1774,olympus,clicks_finetuned_20,3+6 clicks,0,0.37667225572930346,1,3,5,4,6
1774,olympus,clicks_finetuned_20,3+6 clicks,1,0.394231123717445,2,1,4,3,6
1774,olympus,clicks_finetuned_20,3+6 clicks,2,0.43132832378950026,1,2,5,3,6
1774,olympus,clicks_finetuned_20,10+20 clicks,0,0.37775157318827945,0,3,6,3,6
1774,olympus,clicks_finetuned_20,10+20 clicks,1,0.301619703124207,0,3,6,3,6
1774,olympus,clicks_finetuned_20,10+20 clicks,2,0.3400486598096039,0,3,6,3,6
1776,olympus,clicks_finetuned_20,3+6 clicks,0,0.39696250167981917,2,6,5,8,7
1776,olympus,clicks_finetuned_20,3+6 clicks,1,0.36601083951209057,3,3,4,6,7
1776,olympus,clicks_finetuned_20,3+6 clicks,2,0.3760474354372456,3,2,4,5,7
1776,olympus,clicks_finetuned_20,10+20 clicks,0,0.3890662433077418,2,4,5,6,7
1776,olympus,clicks_finetuned_20,10+20 clicks,1,0.5331355146086726,5,2,2,7,7
1776,olympus,clicks_finetuned_20,10+20 clicks,2,0.5180043490183278,2,5,5,7,7
1808,olympus,clicks_finetuned_20,3+6 clicks,0,0.8741853679125897,5,2,0,7,5
1808,olympus,clicks_finetuned_20,3+6 clicks,1,0.8460459501658425,5,1,0,6,5
1808,olympus,clicks_finetuned_20,3+6 clicks,2,0.8759120658956681,5,2,0,7,5
1808,olympus,clicks_finetuned_20,10+20 clicks,0,0.8624174600055705,5,1,0,6,5
1808,olympus,clicks_finetuned_20,10+20 clicks,1,0.8836219578921793,5,1,0,6,5
1808,olympus,clicks_finetuned_20,10+20 clicks,2,0.8808160633186317,5,1,0,6,5
1812,olympus,clicks_finetuned_20,3+6 clicks,0,0.2533556136628633,0,1,5,1,5
1812,olympus,clicks_finetuned_20,3+6 clicks,1,0.3873536654811136,1,2,4,3,5
1812,olympus,clicks_finetuned_20,3+6 clicks,2,0.38102685717744916,1,2,4,3,5
1812,olympus,clicks_finetuned_20,10+20 clicks,0,0.5523378253679612,1,1,4,2,5
1812,olympus,clicks_finetuned_20,10+20 clicks,1,0.4062555649295322,1,2,4,3,5
1812,olympus,clicks_finetuned_20,10+20 clicks,2,0.5607515901220165,1,1,4,2,5
1815,olympus,clicks_finetuned_20,3+6 clicks,0,0.21897958196944942,0,3,4,3,4
1815,olympus,clicks_finetuned_20,3+6 clicks,1,0.20067628551595687,0,4,4,4,4
1815,olympus,clicks_finetuned_20,3+6 clicks,2,0.22599440310027427,0,2,4,2,4
1815,olympus,clicks_finetuned_20,10+20 clicks,0,0.21873448500939652,0,3,4,3,4
1815,olympus,clicks_finetuned_20,10+20 clicks,1,0.2370149593445761,0,2,4,2,4
1815,olympus,clicks_finetuned_20,10+20 clicks,2,0.24119837094615162,0,2,4,2,4
1816,olympus,clicks_finetuned_20,3+6 clicks,0,0.23855846701525238,2,1,7,3,9
1816,olympus,clicks_finetuned_20,3+6 clicks,1,0.147591383765193,0,4,9,4,9
1816,olympus,clicks_finetuned_20,3+6 clicks,2,0.41458627201119186,5,1,4,6,9
1816,olympus,clicks_finetuned_20,10+20 clicks,0,0.185379937409078,0,5,9,5,9
1816,olympus,clicks_finetuned_20,10+20 clicks,1,0.21679216699900158,1,3,8,4,9
1816,olympus,clicks_finetuned_20,10+20 clicks,2,0.16910135692959993,0,4,9,4,9
1837,olympus,clicks_finetuned_20,3+6 clicks,0,0.6869702834184699,4,0,1,4,5
1837,olympus,clicks_finetuned_20,3+6 clicks,1,0.7963791029391863,4,2,1,6,5
1837,olympus,clicks_finetuned_20,3+6 clicks,2,0.8457486351131959,5,1,0,6,5
1837,olympus,clicks_finetuned_20,10+20 clicks,0,0.7373456577855113,4,0,1,4,5
1837,olympus,clicks_finetuned_20,10+20 clicks,1,0.8392585945788877,5,1,0,6,5
1837,olympus,clicks_finetuned_20,10+20 clicks,2,0.7390056285594084,4,0,1,4,5
1838,olympus,clicks_finetuned_20,3+6 clicks,0,0.32299318913375263,2,1,5,3,7
1838,olympus,clicks_finetuned_20,3+6 clicks,1,0.25655126311930637,1,2,6,3,7
1838,olympus,clicks_finetuned_20,3+6 clicks,2,0.2685365322899043,1,2,6,3,7
1838,olympus,clicks_finetuned_20,10+20 clicks,0,0.2925415174059179,1,2,6,3,7
1838,olympus,clicks_finetuned_20,10+20 clicks,1,0.2987119036293367,1,2,6,3,7
1838,olympus,clicks_finetuned_20,10+20 clicks,2,0.30166762874281067,1,2,6,3,7
1839,olympus,clicks_finetuned_20,3+6 clicks,0,0.24299185019570868,0,1,3,1,3
1839,olympus,clicks_finetuned_20,3+6 clicks,1,0.5570402233162322,1,1,2,2,3
1839,olympus,clicks_finetuned_20,3+6 clicks,2,0.23594369605636137,0,1,3,1,3
1839,olympus,clicks_finetuned_20,10+20 clicks,0,0.2580606610891609,0,1,3,1,3
1839,olympus,clicks_finetuned_20,10+20 clicks,1,0.2667536395642561,0,1,3,1,3
1839,olympus,clicks_finetuned_20,10+20 clicks,2,0.303719178680214,0,1,3,1,3
1844,olympus,clicks_finetuned_20,3+6 clicks,0,0.6864358975669356,2,3,2,5,4
1844,olympus,clicks_finetuned_20,3+6 clicks,1,0.6468303804960085,2,3,2,5,4
1844,olympus,clicks_finetuned_20,3+6 clicks,2,0.7622372513561838,4,2,0,6,4
1844,olympus,clicks_finetuned_20,10+20 clicks,0,0.6927498533718983,3,2,1,5,4
1844,olympus,clicks_finetuned_20,10+20 clicks,1,0.666500476989955,2,3,2,5,4
1844,olympus,clicks_finetuned_20,10+20 clicks,2,0.7312967760513545,4,0,0,4,4
1847,olympus,clicks_finetuned_20,3+6 clicks,0,0.7876814826764479,3,2,0,5,3
1847,olympus,clicks_finetuned_20,3+6 clicks,1,0.9421797610577821,3,3,0,6,3
1847,olympus,clicks_finetuned_20,3+6 clicks,2,0.9053100421217204,3,3,0,6,3
1847,olympus,clicks_finetuned_20,10+20 clicks,0,0.9276162514416333,3,2,0,5,3
1847,olympus,clicks_finetuned_20,10+20 clicks,1,0.8799204632605946,3,2,0,5,3
1847,olympus,clicks_finetuned_20,10+20 clicks,2,0.9450318019698684,3,3,0,6,3
1853,olympus,clicks_finetuned_20,3+6 clicks,0,0.31271387532269357,2,3,6,5,8
1853,olympus,clicks_finetuned_20,3+6 clicks,1,0.34342329331535904,2,2,6,4,8
1853,olympus,clicks_finetuned_20,3+6 clicks,2,0.1895700854977299,0,7,8,7,8
1853,olympus,clicks_finetuned_20,10+20 clicks,0,0.33322775085195644,2,3,6,5,8
1853,olympus,clicks_finetuned_20,10+20 clicks,1,0.38270996410283376,2,2,6,4,8
1853,olympus,clicks_finetuned_20,10+20 clicks,2,0.3361062598597593,2,3,6,5,8
1854,olympus,clicks_finetuned_20,3+6 clicks,0,0.44095976138476867,1,3,5,4,6
1854,olympus,clicks_finetuned_20,3+6 clicks,1,0.26699527013806346,0,3,6,3,6
1854,olympus,clicks_finetuned_20,3+6 clicks,2,0.6121554735310943,3,2,3,5,6
1854,olympus,clicks_finetuned_20,10+20 clicks,0,0.4417761435624532,1,3,5,4,6
1854,olympus,clicks_finetuned_20,10+20 clicks,1,0.43740269098412976,1,3,5,4,6
1854,olympus,clicks_finetuned_20,10+20 clicks,2,0.61818370341673,3,2,3,5,6
1855,olympus,clicks_finetuned_20,3+6 clicks,0,0.46547537703727165,0,6,3,6,3
1855,olympus,clicks_finetuned_20,3+6 clicks,1,0.695618308762862,3,3,0,6,3
1855,olympus,clicks_finetuned_20,3+6 clicks,2,0.6548692562068134,3,3,0,6,3
1855,olympus,clicks_finetuned_20,10+20 clicks,0,0.4191199087276645,1,3,2,4,3
1855,olympus,clicks_finetuned_20,10+20 clicks,1,0.43021604422818815,2,1,1,3,3
1855,olympus,clicks_finetuned_20,10+20 clicks,2,0.5321924367547606,2,2,1,4,3
1863,olympus,clicks_finetuned_20,3+6 clicks,0,0.4256351515286305,1,1,3,2,4
1863,olympus,clicks_finetuned_20,3+6 clicks,1,0.9161871352577926,4,0,0,4,4
1863,olympus,clicks_finetuned_20,3+6 clicks,2,0.44171337107144637,1,1,3,2,4
1863,olympus,clicks_finetuned_20,10+20 clicks,0,0.6866868767814737,2,1,2,3,4
1863,olympus,clicks_finetuned_20,10+20 clicks,1,0.9256497893830337,4,0,0,4,4
1863,olympus,clicks_finetuned_20,10+20 clicks,2,0.9244298621673143,4,0,0,4,4
1870,olympus,clicks_finetuned_20,3+6 clicks,0,0.47940726442988374,3,1,4,4,7
1870,olympus,clicks_finetuned_20,3+6 clicks,1,0.4975047919538232,3,1,4,4,7
1870,olympus,clicks_finetuned_20,3+6 clicks,2,0.5070032120798125,3,1,4,4,7
1870,olympus,clicks_finetuned_20,10+20 clicks,0,0.5191915620737122,3,1,4,4,7
1870,olympus,clicks_finetuned_20,10+20 clicks,1,0.4839067560023617,3,1,4,4,7
1870,olympus,clicks_finetuned_20,10+20 clicks,2,0.4657432908623616,2,1,5,3,7
1871,olympus,clicks_finetuned_20,3+6 clicks,0,0.8792009745546512,3,1,0,4,3
1871,olympus,clicks_finetuned_20,3+6 clicks,1,0.8874776870318901,3,1,0,4,3
1871,olympus,clicks_finetuned_20,3+6 clicks,2,0.875157598169733,3,1,0,4,3
1871,olympus,clicks_finetuned_20,10+20 clicks,0,0.9047939112021463,3,0,0,3,3
1871,olympus,clicks_finetuned_20,10+20 clicks,1,0.6125027697363304,2,0,1,2,3
1871,olympus,clicks_finetuned_20,10+20 clicks,2,0.9210874256647478,3,0,0,3,3
1888,olympus,clicks_finetuned_20,3+6 clicks,0,0.7747121802833457,4,1,0,5,4
1888,olympus,clicks_finetuned_20,3+6 clicks,1,0.761662437239097,4,3,0,7,4
1888,olympus,clicks_finetuned_20,3+6 clicks,2,0.7763283479399753,4,1,0,5,4
1888,olympus,clicks_finetuned_20,10+20 clicks,0,0.7874148806265483,3,1,1,4,4
1888,olympus,clicks_finetuned_20,10+20 clicks,1,0.7898127937395824,4,1,0,5,4
1888,olympus,clicks_finetuned_20,10+20 clicks,2,0.795596733753656,4,1,0,5,4
1898,olympus,clicks_finetuned_20,3+6 clicks,0,0.6199521922203063,5,2,3,7,8
1898,olympus,clicks_finetuned_20,3+6 clicks,1,0.6011727694038801,5,2,3,7,8
1898,olympus,clicks_finetuned_20,3+6 clicks,2,0.3304977794564825,2,2,6,4,8
1898,olympus,clicks_finetuned_20,10+20 clicks,0,0.20711478476168832,1,2,7,3,8
1898,olympus,clicks_finetuned_20,10+20 clicks,1,0.20509630129392295,1,3,7,4,8
1898,olympus,clicks_finetuned_20,10+20 clicks,2,0.19144147546735107,1,2,7,3,8
1944,olympus,clicks_finetuned_20,3+6 clicks,0,0.7206822704230729,2,4,0,6,2
1944,olympus,clicks_finetuned_20,3+6 clicks,1,0.7495454523731043,2,4,0,6,2
1944,olympus,clicks_finetuned_20,3+6 clicks,2,0.8668706546232805,2,1,0,3,2
1944,olympus,clicks_finetuned_20,10+20 clicks,0,0.905119369752899,2,2,0,4,2
1944,olympus,clicks_finetuned_20,10+20 clicks,1,0.8573830779280294,2,1,0,3,2
1944,olympus,clicks_finetuned_20,10+20 clicks,2,0.8757072667132337,2,1,0,3,2
1948,olympus,clicks_finetuned_20,3+6 clicks,0,0.3235278753975266,2,2,9,4,11
1948,olympus,clicks_finetuned_20,3+6 clicks,1,0.3358694990567645,3,1,8,4,11
1948,olympus,clicks_finetuned_20,3+6 clicks,2,0.21700314648806104,2,1,9,3,11
1948,olympus,clicks_finetuned_20,10+20 clicks,0,0.3257690607909635,2,2,9,4,11
1948,olympus,clicks_finetuned_20,10+20 clicks,1,0.3638464229236175,3,1,8,4,11
1948,olympus,clicks_finetuned_20,10+20 clicks,2,0.3252424721543553,2,2,9,4,11
1954,olympus,clicks_finetuned_20,3+6 clicks,0,0.28189811220117794,0,3,3,3,3
1954,olympus,clicks_finetuned_20,3+6 clicks,1,0.2889215853945178,0,3,3,3,3
1954,olympus,clicks_finetuned_20,3+6 clicks,2,0.3046522773776944,0,3,3,3,3
1954,olympus,clicks_finetuned_20,10+20 clicks,0,0.31128695504514314,0,1,3,1,3
1954,olympus,clicks_finetuned_20,10+20 clicks,1,0.6203686494645848,2,0,1,2,3
1954,olympus,clicks_finetuned_20,10+20 clicks,2,0.30416994149703114,0,1,3,1,3
1957,olympus,clicks_finetuned_20,3+6 clicks,0,0.578424403660039,1,4,3,5,4
1957,olympus,clicks_finetuned_20,3+6 clicks,1,0.42696829246313484,0,4,4,4,4
1957,olympus,clicks_finetuned_20,3+6 clicks,2,0.6728521440811593,2,4,2,6,4
1957,olympus,clicks_finetuned_20,10+20 clicks,0,0.6812258253592183,2,4,2,6,4
1957,olympus,clicks_finetuned_20,10+20 clicks,1,0.5760263296303051,1,4,3,5,4
1957,olympus,clicks_finetuned_20,10+20 clicks,2,0.6126388912450976,2,2,2,4,4
1959,olympus,clicks_finetuned_20,3+6 clicks,0,0.9351841988202299,2,0,0,2,2
1959,olympus,clicks_finetuned_20,3+6 clicks,1,0.8938381998182325,2,0,0,2,2
1959,olympus,clicks_finetuned_20,3+6 clicks,2,0.9083626554670555,2,2,0,4,2
1959,olympus,clicks_finetuned_20,10+20 clicks,0,0.9074549571434771,2,0,0,2,2
1959,olympus,clicks_finetuned_20,10+20 clicks,1,0.9099500281301409,2,0,0,2,2
1959,olympus,clicks_finetuned_20,10+20 clicks,2,0.9076572937549581,2,0,0,2,2
1963,olympus,clicks_finetuned_20,3+6 clicks,0,0.5919927516336851,4,1,3,5,7
1963,olympus,clicks_finetuned_20,3+6 clicks,1,0.33720999806476026,2,2,5,4,7
1963,olympus,clicks_finetuned_20,3+6 clicks,2,0.6904108300647688,5,2,2,7,7
1963,olympus,clicks_finetuned_20,10+20 clicks,0,0.4726047649545115,2,2,5,4,7
1963,olympus,clicks_finetuned_20,10+20 clicks,1,0.4616969965633662,2,2,5,4,7
1963,olympus,clicks_finetuned_20,10+20 clicks,2,0.6220894103157709,4,1,3,5,7
1967,olympus,clicks_finetuned_20,3+6 clicks,0,0.650532709887584,3,1,2,4,5
1967,olympus,clicks_finetuned_20,3+6 clicks,1,0.6659781130446709,3,1,2,4,5
1967,olympus,clicks_finetuned_20,3+6 clicks,2,0.6419430157535982,3,1,2,4,5
1967,olympus,clicks_finetuned_20,10+20 clicks,0,0.7369778530994503,4,1,1,5,5
1967,olympus,clicks_finetuned_20,10+20 clicks,1,0.7437898090244289,4,1,1,5,5
1967,olympus,clicks_finetuned_20,10+20 clicks,2,0.6554206966939814,3,1,2,4,5
1970,olympus,clicks_finetuned_20,3+6 clicks,0,0.31198442226560325,1,2,7,3,8
1970,olympus,clicks_finetuned_20,3+6 clicks,1,0.3383805061780048,1,2,7,3,8
1970,olympus,clicks_finetuned_20,3+6 clicks,2,0.3336840977686351,1,2,7,3,8
1970,olympus,clicks_finetuned_20,10+20 clicks,0,0.34103739146616063,1,2,7,3,8
1970,olympus,clicks_finetuned_20,10+20 clicks,1,0.40398350652208775,1,2,7,3,8
1970,olympus,clicks_finetuned_20,10+20 clicks,2,0.3452539832790702,1,2,7,3,8
1972,olympus,clicks_finetuned_20,3+6 clicks,0,0.3116859583272011,0,1,3,1,3
1972,olympus,clicks_finetuned_20,3+6 clicks,1,0.31626329583585183,0,1,3,1,3
1972,olympus,clicks_finetuned_20,3+6 clicks,2,0.31653498632111293,0,1,3,1,3
1972,olympus,clicks_finetuned_20,10+20 clicks,0,0.3216182579525438,0,1,3,1,3
1972,olympus,clicks_finetuned_20,10+20 clicks,1,0.3228016258039587,0,1,3,1,3
1972,olympus,clicks_finetuned_20,10+20 clicks,2,0.32166858121831443,0,1,3,1,3
1981,olympus,clicks_finetuned_20,3+6 clicks,0,0.3327142417932891,1,7,3,8,4
1981,olympus,clicks_finetuned_20,3+6 clicks,1,0.32466479125987263,1,6,3,7,4
1981,olympus,clicks_finetuned_20,3+6 clicks,2,0.3316503704467876,1,6,3,7,4
1981,olympus,clicks_finetuned_20,10+20 clicks,0,0.20122301076298893,0,5,4,5,4
1981,olympus,clicks_finetuned_20,10+20 clicks,1,0.15301537255466732,0,6,4,6,4
1981,olympus,clicks_finetuned_20,10+20 clicks,2,0.2050491647370621,0,6,4,6,4
1984,olympus,clicks_finetuned_20,3+6 clicks,0,0.6796166223483194,2,2,1,4,3
1984,olympus,clicks_finetuned_20,3+6 clicks,1,0.8824040252534672,3,1,0,4,3
1984,olympus,clicks_finetuned_20,3+6 clicks,2,0.8140523873712459,3,2,0,5,3
1984,olympus,clicks_finetuned_20,10+20 clicks,0,0.8169367152077406,3,1,0,4,3
1984,olympus,clicks_finetuned_20,10+20 clicks,1,0.7321053346460386,3,1,0,4,3
1984,olympus,clicks_finetuned_20,10+20 clicks,2,0.8139815952737615,3,2,0,5,3
1992,olympus,clicks_finetuned_20,3+6 clicks,0,0.3886146573417975,2,1,4,3,6
1992,olympus,clicks_finetuned_20,3+6 clicks,1,0.4053783535737454,2,1,4,3,6
1992,olympus,clicks_finetuned_20,3+6 clicks,2,0.5073551404719777,3,1,3,4,6
1992,olympus,clicks_finetuned_20,10+20 clicks,0,0.4069705450985726,2,1,4,3,6
1992,olympus,clicks_finetuned_20,10+20 clicks,1,0.5077733797853957,3,1,3,4,6
1992,olympus,clicks_finetuned_20,10+20 clicks,2,0.40369571733370435,2,1,4,3,6
1993,olympus,clicks_finetuned_20,3+6 clicks,0,0.2703546199735955,3,1,10,4,13
1993,olympus,clicks_finetuned_20,3+6 clicks,1,0.27445786636449154,3,1,10,4,13
1993,olympus,clicks_finetuned_20,3+6 clicks,2,0.2674001248958119,3,1,10,4,13
1993,olympus,clicks_finetuned_20,10+20 clicks,0,0.20290005432696218,2,1,11,3,13
1993,olympus,clicks_finetuned_20,10+20 clicks,1,0.2721098100120111,3,1,10,4,13
1993,olympus,clicks_finetuned_20,10+20 clicks,2,0.27357972936998304,3,1,10,4,13
1994,olympus,clicks_finetuned_20,3+6 clicks,0,0.490020483355553,4,3,6,7,10
1994,olympus,clicks_finetuned_20,3+6 clicks,1,0.45707312575966974,4,2,6,6,10
1994,olympus,clicks_finetuned_20,3+6 clicks,2,0.458269074357632,4,2,6,6,10
1994,olympus,clicks_finetuned_20,10+20 clicks,0,0.48993867430149657,4,3,6,7,10
1994,olympus,clicks_finetuned_20,10+20 clicks,1,0.48623862219792746,4,2,6,6,10
1994,olympus,clicks_finetuned_20,10+20 clicks,2,0.49134717318908266,4,3,6,7,10
2013,olympus,clicks_finetuned_20,3+6 clicks,0,0.4204683733626813,2,2,7,4,9
2013,olympus,clicks_finetuned_20,3+6 clicks,1,0.4146766690324538,2,2,7,4,9
2013,olympus,clicks_finetuned_20,3+6 clicks,2,0.4100319143949796,2,3,7,5,9
2013,olympus,clicks_finetuned_20,10+20 clicks,0,0.42032631656510605,2,2,7,4,9
2013,olympus,clicks_finetuned_20,10+20 clicks,1,0.4181401672598577,2,2,7,4,9
2013,olympus,clicks_finetuned_20,10+20 clicks,2,0.4190992911017073,2,2,7,4,9
2015,olympus,clicks_finetuned_20,3+6 clicks,0,0.28319802947222994,2,2,10,4,12
2015,olympus,clicks_finetuned_20,3+6 clicks,1,0.37442941114053846,4,1,8,5,12
2015,olympus,clicks_finetuned_20,3+6 clicks,2,0.40294140778392085,5,1,7,6,12
2015,olympus,clicks_finetuned_20,10+20 clicks,0,0.36753412205542585,4,1,8,5,12
2015,olympus,clicks_finetuned_20,10+20 clicks,1,0.40206970167523176,4,2,8,6,12
2015,olympus,clicks_finetuned_20,10+20 clicks,2,0.39636450039827964,4,2,8,6,12
2025,olympus,clicks_finetuned_20,3+6 clicks,0,0.6167576279521678,3,1,3,4,6
2025,olympus,clicks_finetuned_20,3+6 clicks,1,0.32765063084046975,1,1,5,2,6
2025,olympus,clicks_finetuned_20,3+6 clicks,2,0.2711368112512779,1,2,5,3,6
2025,olympus,clicks_finetuned_20,10+20 clicks,0,0.2622800855754079,1,1,5,2,6
2025,olympus,clicks_finetuned_20,10+20 clicks,1,0.24221985903443158,0,3,6,3,6
2025,olympus,clicks_finetuned_20,10+20 clicks,2,0.22137190839660492,1,1,5,2,6
2026,olympus,clicks_finetuned_20,3+6 clicks,0,0.13421776017028858,0,3,5,3,5
2026,olympus,clicks_finetuned_20,3+6 clicks,1,0.12695662425684723,0,3,5,3,5
2026,olympus,clicks_finetuned_20,3+6 clicks,2,0.3220977792236023,1,2,4,3,5
2026,olympus,clicks_finetuned_20,10+20 clicks,0,0.13381619988037632,0,3,5,3,5
2026,olympus,clicks_finetuned_20,10+20 clicks,1,0.4604070737352289,1,2,4,3,5
2026,olympus,clicks_finetuned_20,10+20 clicks,2,0.13225986645510174,0,3,5,3,5
2033,olympus,clicks_finetuned_20,3+6 clicks,0,0.7642803324116669,4,2,1,6,5
2033,olympus,clicks_finetuned_20,3+6 clicks,1,0.7412964006055177,4,2,1,6,5
2033,olympus,clicks_finetuned_20,3+6 clicks,2,0.8046837448522355,4,1,1,5,5
2033,olympus,clicks_finetuned_20,10+20 clicks,0,0.8342257442976168,4,2,1,6,5
2033,olympus,clicks_finetuned_20,10+20 clicks,1,0.8598243450387326,5,1,0,6,5
2033,olympus,clicks_finetuned_20,10+20 clicks,2,0.7894270810031008,5,0,0,5,5
203,nikon,clicks_finetuned_20,3+6 clicks,0,0.4407976272521641,1,2,3,3,4
203,nikon,clicks_finetuned_20,3+6 clicks,1,0.5274044000872726,1,4,3,5,4
203,nikon,clicks_finetuned_20,3+6 clicks,2,0.3556295394729623,1,0,3,1,4
203,nikon,clicks_finetuned_20,10+20 clicks,0,0.5650282592966609,1,3,3,4,4
203,nikon,clicks_finetuned_20,10+20 clicks,1,0.5577129548948836,1,3,3,4,4
203,nikon,clicks_finetuned_20,10+20 clicks,2,0.40777445035967713,1,2,3,3,4
2046,olympus,clicks_finetuned_20,3+6 clicks,0,0.46534812019793037,2,2,2,4,4
2046,olympus,clicks_finetuned_20,3+6 clicks,1,0.5041209467052424,2,2,2,4,4
2046,olympus,clicks_finetuned_20,3+6 clicks,2,0.5007438255391115,2,1,2,3,4
2046,olympus,clicks_finetuned_20,10+20 clicks,0,0.590049386278181,3,1,1,4,4
2046,olympus,clicks_finetuned_20,10+20 clicks,1,0.5038653047648416,2,2,2,4,4
2046,olympus,clicks_finetuned_20,10+20 clicks,2,0.5089448757814312,2,1,2,3,4
2047,olympus,clicks_finetuned_20,3+6 clicks,0,0.2934235297059913,1,3,7,4,8
2047,olympus,clicks_finetuned_20,3+6 clicks,1,0.44905261028966514,3,2,5,5,8
2047,olympus,clicks_finetuned_20,3+6 clicks,2,0.4506045288598448,3,2,5,5,8
2047,olympus,clicks_finetuned_20,10+20 clicks,0,0.44197289698521647,2,3,6,5,8
2047,olympus,clicks_finetuned_20,10+20 clicks,1,0.4985112103543784,3,1,5,4,8
2047,olympus,clicks_finetuned_20,10+20 clicks,2,0.5594675529367754,4,2,4,6,8
2052,olympus,clicks_finetuned_20,3+6 clicks,0,0.5333625326702702,2,1,2,3,4
2052,olympus,clicks_finetuned_20,3+6 clicks,1,0.5444430468957504,2,1,2,3,4
2052,olympus,clicks_finetuned_20,3+6 clicks,2,0.6945656800167324,3,2,1,5,4
2052,olympus,clicks_finetuned_20,10+20 clicks,0,0.836157785695105,3,3,1,6,4
2052,olympus,clicks_finetuned_20,10+20 clicks,1,0.6889857457989171,3,2,1,5,4
2052,olympus,clicks_finetuned_20,10+20 clicks,2,0.7551995396094842,3,1,1,4,4
2060,olympus,clicks_finetuned_20,3+6 clicks,0,0.5807337579087012,2,1,1,3,3
2060,olympus,clicks_finetuned_20,3+6 clicks,1,0.5809310158236975,2,1,1,3,3
2060,olympus,clicks_finetuned_20,3+6 clicks,2,0.5794004120008464,2,1,1,3,3
2060,olympus,clicks_finetuned_20,10+20 clicks,0,0.5811218732902278,2,1,1,3,3
2060,olympus,clicks_finetuned_20,10+20 clicks,1,0.6907285498842567,2,2,1,4,3
2060,olympus,clicks_finetuned_20,10+20 clicks,2,0.6994824440606912,2,2,1,4,3
2063,olympus,clicks_finetuned_20,3+6 clicks,0,0.44126885085237516,2,4,6,6,8
2063,olympus,clicks_finetuned_20,3+6 clicks,1,0.41817668428962246,2,4,6,6,8
2063,olympus,clicks_finetuned_20,3+6 clicks,2,0.4331934514144262,2,4,6,6,8
2063,olympus,clicks_finetuned_20,10+20 clicks,0,0.6141125595866128,5,3,3,8,8
2063,olympus,clicks_finetuned_20,10+20 clicks,1,0.6153220023025454,5,3,3,8,8
2063,olympus,clicks_finetuned_20,10+20 clicks,2,0.6002668432304256,5,3,3,8,8
206,nikon,clicks_finetuned_20,3+6 clicks,0,0.8430248437543529,5,1,0,6,5
206,nikon,clicks_finetuned_20,3+6 clicks,1,0.8556708776675424,5,1,0,6,5
206,nikon,clicks_finetuned_20,3+6 clicks,2,0.8561840440916187,5,1,0,6,5
206,nikon,clicks_finetuned_20,10+20 clicks,0,0.8823521630714388,4,0,1,4,5
206,nikon,clicks_finetuned_20,10+20 clicks,1,0.8605748358292878,5,1,0,6,5
206,nikon,clicks_finetuned_20,10+20 clicks,2,0.869528549489813,5,1,0,6,5
2071,olympus,clicks_finetuned_20,3+6 clicks,0,0.7196982071872865,3,1,2,4,5
2071,olympus,clicks_finetuned_20,3+6 clicks,1,0.8996135279461035,5,1,0,6,5
2071,olympus,clicks_finetuned_20,3+6 clicks,2,0.9015630970030684,5,1,0,6,5
2071,olympus,clicks_finetuned_20,10+20 clicks,0,0.7160447197058917,3,1,2,4,5
2071,olympus,clicks_finetuned_20,10+20 clicks,1,0.717276112140644,3,2,2,5,5
2071,olympus,clicks_finetuned_20,10+20 clicks,2,0.7184028336102337,3,2,2,5,5
2073,olympus,clicks_finetuned_20,3+6 clicks,0,0.4203488875730162,1,2,3,3,4
2073,olympus,clicks_finetuned_20,3+6 clicks,1,0.20021134525015244,0,2,4,2,4
2073,olympus,clicks_finetuned_20,3+6 clicks,2,0.20130872528718227,0,2,4,2,4
2073,olympus,clicks_finetuned_20,10+20 clicks,0,0.20974096584814422,0,2,4,2,4
2073,olympus,clicks_finetuned_20,10+20 clicks,1,0.21213632521916231,0,2,4,2,4
2073,olympus,clicks_finetuned_20,10+20 clicks,2,0.21098421411433382,0,2,4,2,4
2078,olympus,clicks_finetuned_20,3+6 clicks,0,0.3140411428782703,2,2,5,4,7
2078,olympus,clicks_finetuned_20,3+6 clicks,1,0.2973585339811935,2,1,5,3,7
2078,olympus,clicks_finetuned_20,3+6 clicks,2,0.1634347733510351,0,2,7,2,7
2078,olympus,clicks_finetuned_20,10+20 clicks,0,0.32271816196626046,2,1,5,3,7
2078,olympus,clicks_finetuned_20,10+20 clicks,1,0.29872083210098743,2,1,5,3,7
2078,olympus,clicks_finetuned_20,10+20 clicks,2,0.34228379455663865,2,2,5,4,7
207,nikon,clicks_finetuned_20,3+6 clicks,0,0.46358908571399643,1,3,5,4,6
207,nikon,clicks_finetuned_20,3+6 clicks,1,0.5904248075531245,4,2,2,6,6
207,nikon,clicks_finetuned_20,3+6 clicks,2,0.6598284817165593,3,2,3,5,6
207,nikon,clicks_finetuned_20,10+20 clicks,0,0.5714410838890064,4,2,2,6,6
207,nikon,clicks_finetuned_20,10+20 clicks,1,0.6034664600924007,3,1,3,4,6
207,nikon,clicks_finetuned_20,10+20 clicks,2,0.6096522220152447,3,1,3,4,6
2082,olympus,clicks_finetuned_20,3+6 clicks,0,0.3669003775922094,1,2,4,3,5
2082,olympus,clicks_finetuned_20,3+6 clicks,1,0.16320131510382058,0,7,5,7,5
2082,olympus,clicks_finetuned_20,3+6 clicks,2,0.1374420521982572,0,3,5,3,5
2082,olympus,clicks_finetuned_20,10+20 clicks,0,0.2667223714711064,0,2,5,2,5
2082,olympus,clicks_finetuned_20,10+20 clicks,1,0.12840216412353098,0,4,5,4,5
2082,olympus,clicks_finetuned_20,10+20 clicks,2,0.26508502286252156,0,2,5,2,5
2086,olympus,clicks_finetuned_20,3+6 clicks,0,0.45436570498915513,1,1,3,2,4
2086,olympus,clicks_finetuned_20,3+6 clicks,1,0.4588103697090222,1,1,3,2,4
2086,olympus,clicks_finetuned_20,3+6 clicks,2,0.4718663712541814,1,1,3,2,4
2086,olympus,clicks_finetuned_20,10+20 clicks,0,0.47639005578874244,1,1,3,2,4
2086,olympus,clicks_finetuned_20,10+20 clicks,1,0.4766778270237162,1,1,3,2,4
2086,olympus,clicks_finetuned_20,10+20 clicks,2,0.4778029573099341,1,1,3,2,4
2087,olympus,clicks_finetuned_20,3+6 clicks,0,0.4179449459504041,3,2,7,5,10
2087,olympus,clicks_finetuned_20,3+6 clicks,1,0.222776901751858,1,2,9,3,10
2087,olympus,clicks_finetuned_20,3+6 clicks,2,0.2993810743041518,1,3,9,4,10
2087,olympus,clicks_finetuned_20,10+20 clicks,0,0.31753209084894124,1,3,9,4,10
2087,olympus,clicks_finetuned_20,10+20 clicks,1,0.4106126239241279,3,2,7,5,10
2087,olympus,clicks_finetuned_20,10+20 clicks,2,0.4002518416679779,3,2,7,5,10
208,nikon,clicks_finetuned_20,3+6 clicks,0,0.906051497689016,6,1,0,7,6
208,nikon,clicks_finetuned_20,3+6 clicks,1,0.9369483557728687,6,1,0,7,6
208,nikon,clicks_finetuned_20,3+6 clicks,2,0.9222720618990402,6,1,0,7,6
208,nikon,clicks_finetuned_20,10+20 clicks,0,0.869312573403681,6,1,0,7,6
208,nikon,clicks_finetuned_20,10+20 clicks,1,0.9381544955593769,6,1,0,7,6
208,nikon,clicks_finetuned_20,10+20 clicks,2,0.9359361540631519,6,1,0,7,6
2105,olympus,clicks_finetuned_20,3+6 clicks,0,0.1305651717914145,0,2,14,2,14
2105,olympus,clicks_finetuned_20,3+6 clicks,1,0.12047921165829649,0,3,14,3,14
2105,olympus,clicks_finetuned_20,3+6 clicks,2,0.12741559002331046,0,2,14,2,14
2105,olympus,clicks_finetuned_20,10+20 clicks,0,0.12948743218791064,0,2,14,2,14
2105,olympus,clicks_finetuned_20,10+20 clicks,1,0.12843863016900556,0,2,14,2,14
2105,olympus,clicks_finetuned_20,10+20 clicks,2,0.12933200670656178,0,2,14,2,14
2110,olympus,clicks_finetuned_20,3+6 clicks,0,0.4744654541654535,1,1,1,2,2
2110,olympus,clicks_finetuned_20,3+6 clicks,1,0.46519169679835837,1,1,1,2,2
2110,olympus,clicks_finetuned_20,3+6 clicks,2,0.47613421147800716,1,1,1,2,2
2110,olympus,clicks_finetuned_20,10+20 clicks,0,0.476752670694878,1,1,1,2,2
2110,olympus,clicks_finetuned_20,10+20 clicks,1,0.4764085206677908,1,1,1,2,2
2110,olympus,clicks_finetuned_20,10+20 clicks,2,0.4766362546985225,1,1,1,2,2
2122,olympus,clicks_finetuned_20,3+6 clicks,0,0.3341636417561096,0,2,4,2,4
2122,olympus,clicks_finetuned_20,3+6 clicks,1,0.7828475844117775,3,1,1,4,4
2122,olympus,clicks_finetuned_20,3+6 clicks,2,0.5776269112464802,1,2,3,3,4
2122,olympus,clicks_finetuned_20,10+20 clicks,0,0.8968467236432046,3,0,1,3,4
2122,olympus,clicks_finetuned_20,10+20 clicks,1,0.8979068302814741,3,1,1,4,4
2122,olympus,clicks_finetuned_20,10+20 clicks,2,0.88445856487865,3,0,1,3,4
2139,olympus,clicks_finetuned_20,3+6 clicks,0,0.227931114624762,1,2,9,3,10
2139,olympus,clicks_finetuned_20,3+6 clicks,1,0.2350468541358853,1,2,9,3,10
2139,olympus,clicks_finetuned_20,3+6 clicks,2,0.12236339128367421,1,1,9,2,10
2139,olympus,clicks_finetuned_20,10+20 clicks,0,0.22568740550597025,1,2,9,3,10
2139,olympus,clicks_finetuned_20,10+20 clicks,1,0.23545365552069333,1,2,9,3,10
2139,olympus,clicks_finetuned_20,10+20 clicks,2,0.22554810682537374,1,2,9,3,10
2142,olympus,clicks_finetuned_20,3+6 clicks,0,0.3820509819870205,3,3,8,6,11
2142,olympus,clicks_finetuned_20,3+6 clicks,1,0.39990663448068986,3,3,8,6,11
2142,olympus,clicks_finetuned_20,3+6 clicks,2,0.37885320081635465,3,4,8,7,11
2142,olympus,clicks_finetuned_20,10+20 clicks,0,0.5566937602401638,6,2,5,8,11
2142,olympus,clicks_finetuned_20,10+20 clicks,1,0.5861324310362357,6,3,5,9,11
2142,olympus,clicks_finetuned_20,10+20 clicks,2,0.39687404637014106,3,3,8,6,11
2145,olympus,clicks_finetuned_20,3+6 clicks,0,0.16121561656288502,2,2,13,4,15
2145,olympus,clicks_finetuned_20,3+6 clicks,1,0.2624302892522129,3,4,12,7,15
2145,olympus,clicks_finetuned_20,3+6 clicks,2,0.09440825692026451,1,3,14,4,15
2145,olympus,clicks_finetuned_20,10+20 clicks,0,0.1837501223016748,2,3,13,5,15
2145,olympus,clicks_finetuned_20,10+20 clicks,1,0.18454381528279257,2,3,13,5,15
2145,olympus,clicks_finetuned_20,10+20 clicks,2,0.1575564722380781,2,3,13,5,15
2159,olympus,clicks_finetuned_20,3+6 clicks,0,0.6847884202269823,5,1,2,6,7
2159,olympus,clicks_finetuned_20,3+6 clicks,1,0.6553459439363526,5,1,2,6,7
2159,olympus,clicks_finetuned_20,3+6 clicks,2,0.5446902765429767,4,1,3,5,7
2159,olympus,clicks_finetuned_20,10+20 clicks,0,0.6942389045826504,5,1,2,6,7
2159,olympus,clicks_finetuned_20,10+20 clicks,1,0.6761307302363583,5,1,2,6,7
2159,olympus,clicks_finetuned_20,10+20 clicks,2,0.6440717570370039,5,1,2,6,7
2160,olympus,clicks_finetuned_20,3+6 clicks,0,0.5973372069920918,6,1,5,7,11
2160,olympus,clicks_finetuned_20,3+6 clicks,1,0.6613061507252362,7,3,4,10,11
2160,olympus,clicks_finetuned_20,3+6 clicks,2,0.5932300479263973,6,1,5,7,11
2160,olympus,clicks_finetuned_20,10+20 clicks,0,0.6698616056682861,7,1,4,8,11
2160,olympus,clicks_finetuned_20,10+20 clicks,1,0.5848193736232421,6,2,5,8,11
2160,olympus,clicks_finetuned_20,10+20 clicks,2,0.5379567927958108,6,3,5,9,11
2174,olympus,clicks_finetuned_20,3+6 clicks,0,0.8696065580908493,3,2,0,5,3
2174,olympus,clicks_finetuned_20,3+6 clicks,1,0.9104014668474271,3,2,0,5,3
2174,olympus,clicks_finetuned_20,3+6 clicks,2,0.9182237021059111,3,2,0,5,3
2174,olympus,clicks_finetuned_20,10+20 clicks,0,0.9237010773685824,3,2,0,5,3
2174,olympus,clicks_finetuned_20,10+20 clicks,1,0.9258154640686319,3,2,0,5,3
2174,olympus,clicks_finetuned_20,10+20 clicks,2,0.9330876696968828,3,2,0,5,3
2178,olympus,clicks_finetuned_20,3+6 clicks,0,0.5621588438227665,1,3,2,4,3
2178,olympus,clicks_finetuned_20,3+6 clicks,1,0.5804613324062265,1,3,2,4,3
2178,olympus,clicks_finetuned_20,3+6 clicks,2,0.4049378708199563,1,3,2,4,3
2178,olympus,clicks_finetuned_20,10+20 clicks,0,0.5953793402154154,1,1,2,2,3
2178,olympus,clicks_finetuned_20,10+20 clicks,1,0.6009439660942358,1,1,2,2,3
2178,olympus,clicks_finetuned_20,10+20 clicks,2,0.590793090398729,1,2,2,3,3
2184,olympus,clicks_finetuned_20,3+6 clicks,0,0.4552028684227586,1,1,3,2,4
2184,olympus,clicks_finetuned_20,3+6 clicks,1,0.4349177170622585,1,1,3,2,4
2184,olympus,clicks_finetuned_20,3+6 clicks,2,0.4430813866257949,1,1,3,2,4
2184,olympus,clicks_finetuned_20,10+20 clicks,0,0.35898706682672277,1,1,3,2,4
2184,olympus,clicks_finetuned_20,10+20 clicks,1,0.46623448339587187,1,1,3,2,4
2184,olympus,clicks_finetuned_20,10+20 clicks,2,0.4646289467814755,1,1,3,2,4
2186,olympus,clicks_finetuned_20,3+6 clicks,0,0.30548132985234105,0,3,6,3,6
2186,olympus,clicks_finetuned_20,3+6 clicks,1,0.39811004389340837,1,4,5,5,6
2186,olympus,clicks_finetuned_20,3+6 clicks,2,0.339652593841626,1,4,5,5,6
2186,olympus,clicks_finetuned_20,10+20 clicks,0,0.297336766182893,0,4,6,4,6
2186,olympus,clicks_finetuned_20,10+20 clicks,1,0.3830336680347002,1,4,5,5,6
2186,olympus,clicks_finetuned_20,10+20 clicks,2,0.29323649911578564,0,3,6,3,6
2188,olympus,clicks_finetuned_20,3+6 clicks,0,0.2712050724532897,1,2,3,3,4
2188,olympus,clicks_finetuned_20,3+6 clicks,1,0.6505997990646947,3,1,1,4,4
2188,olympus,clicks_finetuned_20,3+6 clicks,2,0.6509122462842607,3,2,1,5,4
2188,olympus,clicks_finetuned_20,10+20 clicks,0,0.6529045796554371,3,2,1,5,4
2188,olympus,clicks_finetuned_20,10+20 clicks,1,0.6698447630303473,3,1,1,4,4
2188,olympus,clicks_finetuned_20,10+20 clicks,2,0.6423223818943102,3,2,1,5,4
2189,olympus,clicks_finetuned_20,3+6 clicks,0,0.37219226326520116,1,3,6,4,7
2189,olympus,clicks_finetuned_20,3+6 clicks,1,0.6205359696469775,3,3,4,6,7
2189,olympus,clicks_finetuned_20,3+6 clicks,2,0.6440187213686989,4,3,3,7,7
2189,olympus,clicks_finetuned_20,10+20 clicks,0,0.6477980500659336,3,4,4,7,7
2189,olympus,clicks_finetuned_20,10+20 clicks,1,0.645394965909781,3,4,4,7,7
2189,olympus,clicks_finetuned_20,10+20 clicks,2,0.6043170048818347,5,1,2,6,7
2192,olympus,clicks_finetuned_20,3+6 clicks,0,0.3659611720921912,2,1,5,3,7
2192,olympus,clicks_finetuned_20,3+6 clicks,1,0.4987565910293957,2,2,5,4,7
2192,olympus,clicks_finetuned_20,3+6 clicks,2,0.4908826883785155,2,2,5,4,7
2192,olympus,clicks_finetuned_20,10+20 clicks,0,0.4981232988179272,2,2,5,4,7
2192,olympus,clicks_finetuned_20,10+20 clicks,1,0.4814342681632208,2,2,5,4,7
2192,olympus,clicks_finetuned_20,10+20 clicks,2,0.4385534382982925,1,2,6,3,7
2200,olympus,clicks_finetuned_20,3+6 clicks,0,0.5795538988632732,4,1,3,5,7
2200,olympus,clicks_finetuned_20,3+6 clicks,1,0.5857211689407215,4,1,3,5,7
2200,olympus,clicks_finetuned_20,3+6 clicks,2,0.6458503995657028,4,1,3,5,7
2200,olympus,clicks_finetuned_20,10+20 clicks,0,0.5765019230587817,4,1,3,5,7
2200,olympus,clicks_finetuned_20,10+20 clicks,1,0.5852145578313628,4,1,3,5,7
2200,olympus,clicks_finetuned_20,10+20 clicks,2,0.6177893959367861,4,1,3,5,7
2216,olympus,clicks_finetuned_20,3+6 clicks,0,0.526352486958247,2,2,3,4,5
2216,olympus,clicks_finetuned_20,3+6 clicks,1,0.5578602349887858,2,2,3,4,5
2216,olympus,clicks_finetuned_20,3+6 clicks,2,0.5362414078026196,2,2,3,4,5
2216,olympus,clicks_finetuned_20,10+20 clicks,0,0.5413521132978427,2,2,3,4,5
2216,olympus,clicks_finetuned_20,10+20 clicks,1,0.7234746304762592,4,1,1,5,5
2216,olympus,clicks_finetuned_20,10+20 clicks,2,0.5414917832817776,2,2,3,4,5
2221,olympus,clicks_finetuned_20,3+6 clicks,0,0.8863937457441015,3,0,0,3,3
2221,olympus,clicks_finetuned_20,3+6 clicks,1,0.889853943809943,3,0,0,3,3
2221,olympus,clicks_finetuned_20,3+6 clicks,2,0.8755490051053378,3,1,0,4,3
2221,olympus,clicks_finetuned_20,10+20 clicks,0,0.9002294326907371,3,0,0,3,3
2221,olympus,clicks_finetuned_20,10+20 clicks,1,0.8967103360771481,3,0,0,3,3
2221,olympus,clicks_finetuned_20,10+20 clicks,2,0.8940882749671873,3,0,0,3,3
2227,olympus,clicks_finetuned_20,3+6 clicks,0,0.5850905046948192,2,2,2,4,4
2227,olympus,clicks_finetuned_20,3+6 clicks,1,0.3598612490008836,1,3,3,4,4
2227,olympus,clicks_finetuned_20,3+6 clicks,2,0.5997952447903021,2,3,2,5,4
2227,olympus,clicks_finetuned_20,10+20 clicks,0,0.38214513800913774,1,3,3,4,4
2227,olympus,clicks_finetuned_20,10+20 clicks,1,0.5639627912489478,2,1,2,3,4
2227,olympus,clicks_finetuned_20,10+20 clicks,2,0.5937639754922264,2,3,2,5,4
2258,olympus,clicks_finetuned_20,3+6 clicks,0,0.3796038659649846,4,2,6,6,10
2258,olympus,clicks_finetuned_20,3+6 clicks,1,0.6710299208556619,6,3,4,9,10
2258,olympus,clicks_finetuned_20,3+6 clicks,2,0.6928429889427562,6,3,4,9,10
2258,olympus,clicks_finetuned_20,10+20 clicks,0,0.6409467292786982,6,2,4,8,10
2258,olympus,clicks_finetuned_20,10+20 clicks,1,0.683500776563398,6,3,4,9,10
2258,olympus,clicks_finetuned_20,10+20 clicks,2,0.6011529758242627,5,2,5,7,10
2276,olympus,clicks_finetuned_20,3+6 clicks,0,0.28918360806003074,1,2,7,3,8
2276,olympus,clicks_finetuned_20,3+6 clicks,1,0.24087387356188422,1,5,7,6,8
2276,olympus,clicks_finetuned_20,3+6 clicks,2,0.3747087003226667,2,6,6,8,8
2276,olympus,clicks_finetuned_20,10+20 clicks,0,0.3241890536017197,0,7,8,7,8
2276,olympus,clicks_finetuned_20,10+20 clicks,1,0.3057761081185483,1,6,7,7,8
2276,olympus,clicks_finetuned_20,10+20 clicks,2,0.33562968060491405,2,1,6,3,8
2295,olympus,clicks_finetuned_20,3+6 clicks,0,0.13677501565544978,0,2,12,2,12
2295,olympus,clicks_finetuned_20,3+6 clicks,1,0.21287709208392488,1,3,11,4,12
2295,olympus,clicks_finetuned_20,3+6 clicks,2,0.10367227406533512,0,1,12,1,12
2295,olympus,clicks_finetuned_20,10+20 clicks,0,0.21611013732182638,0,3,12,3,12
2295,olympus,clicks_finetuned_20,10+20 clicks,1,0.22488684537734613,1,2,11,3,12
2295,olympus,clicks_finetuned_20,10+20 clicks,2,0.19652347479589913,1,2,11,3,12
2299,olympus,clicks_finetuned_20,3+6 clicks,0,0.8705362165077947,3,1,0,4,3
2299,olympus,clicks_finetuned_20,3+6 clicks,1,0.7448963095243234,3,1,0,4,3
2299,olympus,clicks_finetuned_20,3+6 clicks,2,0.9082918305383861,3,0,0,3,3
2299,olympus,clicks_finetuned_20,10+20 clicks,0,0.8655556707376758,3,0,0,3,3
2299,olympus,clicks_finetuned_20,10+20 clicks,1,0.9329520093787195,3,0,0,3,3
2299,olympus,clicks_finetuned_20,10+20 clicks,2,0.8900681656108577,3,0,0,3,3
2301,olympus,clicks_finetuned_20,3+6 clicks,0,0.4135825606661952,2,2,4,4,6
2301,olympus,clicks_finetuned_20,3+6 clicks,1,0.2999662418086893,1,3,5,4,6
2301,olympus,clicks_finetuned_20,3+6 clicks,2,0.30880367011195325,1,3,5,4,6
2301,olympus,clicks_finetuned_20,10+20 clicks,0,0.3180380693493415,1,3,5,4,6
2301,olympus,clicks_finetuned_20,10+20 clicks,1,0.31571883919446525,1,3,5,4,6
2301,olympus,clicks_finetuned_20,10+20 clicks,2,0.41573301184839506,2,2,4,4,6
2315,olympus,clicks_finetuned_20,3+6 clicks,0,0.6345395165668215,4,3,3,7,7
2315,olympus,clicks_finetuned_20,3+6 clicks,1,0.6382860176425211,4,3,3,7,7
2315,olympus,clicks_finetuned_20,3+6 clicks,2,0.625917933101742,4,3,3,7,7
2315,olympus,clicks_finetuned_20,10+20 clicks,0,0.6408584611738413,4,3,3,7,7
2315,olympus,clicks_finetuned_20,10+20 clicks,1,0.8878671394978558,7,2,0,9,7
2315,olympus,clicks_finetuned_20,10+20 clicks,2,0.715229565870615,6,1,1,7,7
2318,olympus,clicks_finetuned_20,3+6 clicks,0,0.2746218500384394,1,2,7,3,8
2318,olympus,clicks_finetuned_20,3+6 clicks,1,0.4520745258716638,2,3,6,5,8
2318,olympus,clicks_finetuned_20,3+6 clicks,2,0.2899903079777476,1,5,7,6,8
2318,olympus,clicks_finetuned_20,10+20 clicks,0,0.3764954652615015,1,3,7,4,8
2318,olympus,clicks_finetuned_20,10+20 clicks,1,0.38348424091436967,2,4,6,6,8
2318,olympus,clicks_finetuned_20,10+20 clicks,2,0.362364093348313,1,2,7,3,8
2335,olympus,clicks_finetuned_20,3+6 clicks,0,0.372085030968238,0,4,6,4,6
2335,olympus,clicks_finetuned_20,3+6 clicks,1,0.3727986040754731,0,4,6,4,6
2335,olympus,clicks_finetuned_20,3+6 clicks,2,0.5304245989320192,2,3,4,5,6
2335,olympus,clicks_finetuned_20,10+20 clicks,0,0.6177250836054858,3,3,3,6,6
2335,olympus,clicks_finetuned_20,10+20 clicks,1,0.5480076727917713,2,3,4,5,6
2335,olympus,clicks_finetuned_20,10+20 clicks,2,0.6184836371209879,3,3,3,6,6
2339,olympus,clicks_finetuned_20,3+6 clicks,0,0.2722040361537306,0,3,7,3,7
2339,olympus,clicks_finetuned_20,3+6 clicks,1,0.27237975506621914,0,3,7,3,7
2339,olympus,clicks_finetuned_20,3+6 clicks,2,0.2789881154513241,0,3,7,3,7
2339,olympus,clicks_finetuned_20,10+20 clicks,0,0.4425567091403823,2,2,5,4,7
2339,olympus,clicks_finetuned_20,10+20 clicks,1,0.3005505571956819,0,3,7,3,7
2339,olympus,clicks_finetuned_20,10+20 clicks,2,0.46008563567231053,1,2,6,3,7
2351,olympus,clicks_finetuned_20,3+6 clicks,0,0.6541059673671754,5,3,3,8,8
2351,olympus,clicks_finetuned_20,3+6 clicks,1,0.2475424840076952,0,3,8,3,8
2351,olympus,clicks_finetuned_20,3+6 clicks,2,0.14964376808274482,0,2,8,2,8
2351,olympus,clicks_finetuned_20,10+20 clicks,0,0.8034368122366451,8,3,0,11,8
2351,olympus,clicks_finetuned_20,10+20 clicks,1,0.7454560255819465,7,3,1,10,8
2351,olympus,clicks_finetuned_20,10+20 clicks,2,0.8015580736028081,8,3,0,11,8
2355,olympus,clicks_finetuned_20,3+6 clicks,0,0.11702806332701286,0,3,7,3,7
2355,olympus,clicks_finetuned_20,3+6 clicks,1,0.4921853002694868,4,1,3,5,7
2355,olympus,clicks_finetuned_20,3+6 clicks,2,0.137816881836223,0,2,7,2,7
2355,olympus,clicks_finetuned_20,10+20 clicks,0,0.4914964405899216,4,1,3,5,7
2355,olympus,clicks_finetuned_20,10+20 clicks,1,0.5008510244255528,4,1,3,5,7
2355,olympus,clicks_finetuned_20,10+20 clicks,2,0.49427337185619763,3,2,4,5,7
2359,olympus,clicks_finetuned_20,3+6 clicks,0,0.597604915069162,5,2,3,7,8
2359,olympus,clicks_finetuned_20,3+6 clicks,1,0.5028103059548048,4,3,4,7,8
2359,olympus,clicks_finetuned_20,3+6 clicks,2,0.4508547564148776,3,3,5,6,8
2359,olympus,clicks_finetuned_20,10+20 clicks,0,0.46339832992581537,3,2,5,5,8
2359,olympus,clicks_finetuned_20,10+20 clicks,1,0.37452558832276617,2,2,6,4,8
2359,olympus,clicks_finetuned_20,10+20 clicks,2,0.624461067714505,6,2,2,8,8
2378,olympus,clicks_finetuned_20,3+6 clicks,0,0.5130977121948564,3,1,4,4,7
2378,olympus,clicks_finetuned_20,3+6 clicks,1,0.5405779673806325,3,1,4,4,7
2378,olympus,clicks_finetuned_20,3+6 clicks,2,0.5321211093013172,3,2,4,5,7
2378,olympus,clicks_finetuned_20,10+20 clicks,0,0.5447056421331379,3,1,4,4,7
2378,olympus,clicks_finetuned_20,10+20 clicks,1,0.5423318523968994,3,1,4,4,7
2378,olympus,clicks_finetuned_20,10+20 clicks,2,0.5478465772786709,3,1,4,4,7
2380,olympus,clicks_finetuned_20,3+6 clicks,0,0.7468709708975823,4,0,0,4,4
2380,olympus,clicks_finetuned_20,3+6 clicks,1,0.9180036661945093,4,0,0,4,4
2380,olympus,clicks_finetuned_20,3+6 clicks,2,0.9189928740279087,4,0,0,4,4
2380,olympus,clicks_finetuned_20,10+20 clicks,0,0.9204647981776617,4,0,0,4,4
2380,olympus,clicks_finetuned_20,10+20 clicks,1,0.9192930575708913,4,0,0,4,4
2380,olympus,clicks_finetuned_20,10+20 clicks,2,0.9187392441671176,4,0,0,4,4
2384,olympus,clicks_finetuned_20,3+6 clicks,0,0.13468745951208527,0,2,4,2,4
2384,olympus,clicks_finetuned_20,3+6 clicks,1,0.13997175941951337,0,2,4,2,4
2384,olympus,clicks_finetuned_20,3+6 clicks,2,0.13888412396201022,0,2,4,2,4
2384,olympus,clicks_finetuned_20,10+20 clicks,0,0.6845525077500512,3,3,1,6,4
2384,olympus,clicks_finetuned_20,10+20 clicks,1,0.6130238782312513,3,2,1,5,4
2384,olympus,clicks_finetuned_20,10+20 clicks,2,0.6917896122944615,4,2,0,6,4
2386,olympus,clicks_finetuned_20,3+6 clicks,0,0.3694255067275402,2,2,6,4,8
2386,olympus,clicks_finetuned_20,3+6 clicks,1,0.3978091300372408,2,2,6,4,8
2386,olympus,clicks_finetuned_20,3+6 clicks,2,0.6457066622638905,6,1,2,7,8
2386,olympus,clicks_finetuned_20,10+20 clicks,0,0.5656788049858184,3,3,5,6,8
2386,olympus,clicks_finetuned_20,10+20 clicks,1,0.5714619445876182,3,3,5,6,8
2386,olympus,clicks_finetuned_20,10+20 clicks,2,0.5705455273286651,3,3,5,6,8
2392,olympus,clicks_finetuned_20,3+6 clicks,0,0.9400457874520873,5,0,0,5,5
2392,olympus,clicks_finetuned_20,3+6 clicks,1,0.9323459219128185,5,0,0,5,5
2392,olympus,clicks_finetuned_20,3+6 clicks,2,0.9026472041188534,5,0,0,5,5
2392,olympus,clicks_finetuned_20,10+20 clicks,0,0.92836333709628,5,0,0,5,5
2392,olympus,clicks_finetuned_20,10+20 clicks,1,0.9310085252345408,5,0,0,5,5
2392,olympus,clicks_finetuned_20,10+20 clicks,2,0.9362489692351899,5,0,0,5,5
2394,olympus,clicks_finetuned_20,3+6 clicks,0,0.43734610847034594,5,2,9,7,14
2394,olympus,clicks_finetuned_20,3+6 clicks,1,0.43884373907194607,5,2,9,7,14
2394,olympus,clicks_finetuned_20,3+6 clicks,2,0.43042755628207663,5,2,9,7,14
2394,olympus,clicks_finetuned_20,10+20 clicks,0,0.44824142044979143,5,2,9,7,14
2394,olympus,clicks_finetuned_20,10+20 clicks,1,0.44454397730558176,5,3,9,8,14
2394,olympus,clicks_finetuned_20,10+20 clicks,2,0.3731409430687294,4,1,10,5,14
2404,olympus,clicks_finetuned_20,3+6 clicks,0,0.908780284208328,3,1,0,4,3
2404,olympus,clicks_finetuned_20,3+6 clicks,1,0.45243452708616777,1,5,2,6,3
2404,olympus,clicks_finetuned_20,3+6 clicks,2,0.570608460469036,1,4,2,5,3
2404,olympus,clicks_finetuned_20,10+20 clicks,0,0.9126089691530145,3,2,0,5,3
2404,olympus,clicks_finetuned_20,10+20 clicks,1,0.6091334177420306,2,2,1,4,3
2404,olympus,clicks_finetuned_20,10+20 clicks,2,0.6170990361106007,2,2,1,4,3
2423,olympus,clicks_finetuned_20,3+6 clicks,0,0.1328205459391851,0,2,11,2,11
2423,olympus,clicks_finetuned_20,3+6 clicks,1,0.1591118964868676,0,2,11,2,11
2423,olympus,clicks_finetuned_20,3+6 clicks,2,0.13891809829570417,0,2,11,2,11
2423,olympus,clicks_finetuned_20,10+20 clicks,0,0.13993351504280394,0,2,11,2,11
2423,olympus,clicks_finetuned_20,10+20 clicks,1,0.15923576708151355,0,2,11,2,11
2423,olympus,clicks_finetuned_20,10+20 clicks,2,0.1563829053691926,0,2,11,2,11
2424,olympus,clicks_finetuned_20,3+6 clicks,0,0.782591539758165,5,1,1,6,6
2424,olympus,clicks_finetuned_20,3+6 clicks,1,0.7228769670264551,5,2,1,7,6
2424,olympus,clicks_finetuned_20,3+6 clicks,2,0.7580806128709177,5,1,1,6,6
2424,olympus,clicks_finetuned_20,10+20 clicks,0,0.7829800790835701,5,1,1,6,6
2424,olympus,clicks_finetuned_20,10+20 clicks,1,0.7665337111866474,5,1,1,6,6
2424,olympus,clicks_finetuned_20,10+20 clicks,2,0.7604705685810371,5,1,1,6,6
2435,olympus,clicks_finetuned_20,3+6 clicks,0,0.19520062428148321,0,2,8,2,8
2435,olympus,clicks_finetuned_20,3+6 clicks,1,0.4507649041106705,3,2,5,5,8
2435,olympus,clicks_finetuned_20,3+6 clicks,2,0.19694188130679344,0,2,8,2,8
2435,olympus,clicks_finetuned_20,10+20 clicks,0,0.20325365349842722,0,2,8,2,8
2435,olympus,clicks_finetuned_20,10+20 clicks,1,0.2058888011227786,0,2,8,2,8
2435,olympus,clicks_finetuned_20,10+20 clicks,2,0.20413755305213743,0,2,8,2,8
2439,olympus,clicks_finetuned_20,3+6 clicks,0,0.6462700318192556,6,1,4,7,10
2439,olympus,clicks_finetuned_20,3+6 clicks,1,0.3462586399548849,2,2,8,4,10
2439,olympus,clicks_finetuned_20,3+6 clicks,2,0.6460640008458529,6,1,4,7,10
2439,olympus,clicks_finetuned_20,10+20 clicks,0,0.6498477856163256,6,1,4,7,10
2439,olympus,clicks_finetuned_20,10+20 clicks,1,0.6126997425576203,5,2,5,7,10
2439,olympus,clicks_finetuned_20,10+20 clicks,2,0.6487720873660253,6,1,4,7,10
304,nikon,clicks_finetuned_20,3+6 clicks,0,0.5659726789495213,1,3,2,4,3
304,nikon,clicks_finetuned_20,3+6 clicks,1,0.6095144172871042,2,0,1,2,3
304,nikon,clicks_finetuned_20,3+6 clicks,2,0.5754973660611459,1,1,2,2,3
304,nikon,clicks_finetuned_20,10+20 clicks,0,0.5986854782761968,1,1,2,2,3
304,nikon,clicks_finetuned_20,10+20 clicks,1,0.6089908095647799,2,0,1,2,3
304,nikon,clicks_finetuned_20,10+20 clicks,2,0.6045553621176046,2,0,1,2,3
305,nikon,clicks_finetuned_20,3+6 clicks,0,0.43850049751521647,1,4,6,5,7
305,nikon,clicks_finetuned_20,3+6 clicks,1,0.4915229147888316,2,2,5,4,7
305,nikon,clicks_finetuned_20,3+6 clicks,2,0.5603000839120591,1,3,6,4,7
305,nikon,clicks_finetuned_20,10+20 clicks,0,0.5236143140845602,2,4,5,6,7
305,nikon,clicks_finetuned_20,10+20 clicks,1,0.5763152455854125,1,3,6,4,7
305,nikon,clicks_finetuned_20,10+20 clicks,2,0.5262946074021299,2,3,5,5,7
403,nikon,clicks_finetuned_20,3+6 clicks,0,0.9462452509902191,1,0,0,1,1
403,nikon,clicks_finetuned_20,3+6 clicks,1,0.9323599052880821,1,1,0,2,1
403,nikon,clicks_finetuned_20,3+6 clicks,2,0.9419773355223642,1,0,0,1,1
403,nikon,clicks_finetuned_20,10+20 clicks,0,0.9445109121663435,1,0,0,1,1
403,nikon,clicks_finetuned_20,10+20 clicks,1,0.9417616580310881,1,0,0,1,1
403,nikon,clicks_finetuned_20,10+20 clicks,2,0.9324262472433736,1,0,0,1,1
407,nikon,clicks_finetuned_20,3+6 clicks,0,0.8361483610133121,3,4,0,7,3
407,nikon,clicks_finetuned_20,3+6 clicks,1,0.8316445038493279,3,4,0,7,3
407,nikon,clicks_finetuned_20,3+6 clicks,2,0.7385639447579374,2,3,1,5,3
407,nikon,clicks_finetuned_20,10+20 clicks,0,0.8374116721177746,3,4,0,7,3
407,nikon,clicks_finetuned_20,10+20 clicks,1,0.8446128369250512,3,4,0,7,3
407,nikon,clicks_finetuned_20,10+20 clicks,2,0.8040981073079164,3,3,0,6,3
409,nikon,clicks_finetuned_20,3+6 clicks,0,0.9275836704670835,1,2,0,3,1
409,nikon,clicks_finetuned_20,3+6 clicks,1,0.9371654200994722,1,2,0,3,1
409,nikon,clicks_finetuned_20,3+6 clicks,2,0.9217435635992862,1,2,0,3,1
409,nikon,clicks_finetuned_20,10+20 clicks,0,0.9360127519070932,1,2,0,3,1
409,nikon,clicks_finetuned_20,10+20 clicks,1,0.9348223118484134,1,2,0,3,1
409,nikon,clicks_finetuned_20,10+20 clicks,2,0.9320193236714975,1,1,0,2,1
417,nikon,clicks_finetuned_20,3+6 clicks,0,0.7923567743687212,1,0,0,1,1
417,nikon,clicks_finetuned_20,3+6 clicks,1,0.7483353414928023,1,0,0,1,1
417,nikon,clicks_finetuned_20,3+6 clicks,2,0.7900394244701284,1,0,0,1,1
417,nikon,clicks_finetuned_20,10+20 clicks,0,0.8494471438956269,1,0,0,1,1
417,nikon,clicks_finetuned_20,10+20 clicks,1,0.7947375816763859,1,0,0,1,1
417,nikon,clicks_finetuned_20,10+20 clicks,2,0.812103167485741,1,0,0,1,1
506,nikon,clicks_finetuned_20,3+6 clicks,0,0.36080261783883516,1,5,4,6,5
506,nikon,clicks_finetuned_20,3+6 clicks,1,0.3587628032837513,1,5,4,6,5
506,nikon,clicks_finetuned_20,3+6 clicks,2,0.35908803825958563,1,5,4,6,5
506,nikon,clicks_finetuned_20,10+20 clicks,0,0.3469331854598194,1,3,4,4,5
506,nikon,clicks_finetuned_20,10+20 clicks,1,0.5138918346568498,2,3,3,5,5
506,nikon,clicks_finetuned_20,10+20 clicks,2,0.3635889026602471,1,5,4,6,5
507,nikon,clicks_finetuned_20,3+6 clicks,0,0.9018691489874531,5,2,0,7,5
507,nikon,clicks_finetuned_20,3+6 clicks,1,0.877648173532062,5,2,0,7,5
507,nikon,clicks_finetuned_20,3+6 clicks,2,0.9280841303000494,5,3,0,8,5
507,nikon,clicks_finetuned_20,10+20 clicks,0,0.8639890848501327,5,2,0,7,5
507,nikon,clicks_finetuned_20,10+20 clicks,1,0.8989241558790045,5,2,0,7,5
507,nikon,clicks_finetuned_20,10+20 clicks,2,0.9168767081506688,5,2,0,7,5
512,nikon,clicks_finetuned_20,3+6 clicks,0,0.6227351826633634,2,1,1,3,3
512,nikon,clicks_finetuned_20,3+6 clicks,1,0.29915594985310673,0,2,3,2,3
512,nikon,clicks_finetuned_20,3+6 clicks,2,0.31213519634842357,0,2,3,2,3
512,nikon,clicks_finetuned_20,10+20 clicks,0,0.62084476276413,2,1,1,3,3
512,nikon,clicks_finetuned_20,10+20 clicks,1,0.6234665287989274,2,1,1,3,3
512,nikon,clicks_finetuned_20,10+20 clicks,2,0.300316108243797,0,2,3,2,3
513,nikon,clicks_finetuned_20,3+6 clicks,0,0.6983528088396538,3,0,1,3,4
513,nikon,clicks_finetuned_20,3+6 clicks,1,0.7009348625125815,3,0,1,3,4
513,nikon,clicks_finetuned_20,3+6 clicks,2,0.6979318099911604,3,0,1,3,4
513,nikon,clicks_finetuned_20,10+20 clicks,0,0.7081995133476384,3,0,1,3,4
513,nikon,clicks_finetuned_20,10+20 clicks,1,0.7063626724833445,3,0,1,3,4
513,nikon,clicks_finetuned_20,10+20 clicks,2,0.7013960040890425,3,0,1,3,4
516,nikon,clicks_finetuned_20,3+6 clicks,0,0.46265858450366343,1,2,2,3,3
516,nikon,clicks_finetuned_20,3+6 clicks,1,0.46310133988620333,1,2,2,3,3
516,nikon,clicks_finetuned_20,3+6 clicks,2,0.43391906004602127,1,2,2,3,3
516,nikon,clicks_finetuned_20,10+20 clicks,0,0.494164476025823,1,2,2,3,3
516,nikon,clicks_finetuned_20,10+20 clicks,1,0.4685198899119112,1,2,2,3,3
516,nikon,clicks_finetuned_20,10+20 clicks,2,0.45375753664677604,1,2,2,3,3
518,nikon,clicks_finetuned_20,3+6 clicks,0,0.39641230807552036,1,3,3,4,4
518,nikon,clicks_finetuned_20,3+6 clicks,1,0.4612515285214913,1,3,3,4,4
518,nikon,clicks_finetuned_20,3+6 clicks,2,0.47506542805959645,2,1,2,3,4
518,nikon,clicks_finetuned_20,10+20 clicks,0,0.47590658202115255,2,1,2,3,4
518,nikon,clicks_finetuned_20,10+20 clicks,1,0.4733816552086614,2,1,2,3,4
518,nikon,clicks_finetuned_20,10+20 clicks,2,0.4684725552775819,2,1,2,3,4
9276,olympus,clicks_finetuned_20,3+6 clicks,0,0.8419291650979612,2,0,0,2,2
9276,olympus,clicks_finetuned_20,3+6 clicks,1,0.9003352733966803,2,0,0,2,2
9276,olympus,clicks_finetuned_20,3+6 clicks,2,0.7726875795593589,2,0,0,2,2
9276,olympus,clicks_finetuned_20,10+20 clicks,0,0.9020160388485848,2,0,0,2,2
9276,olympus,clicks_finetuned_20,10+20 clicks,1,0.9137158253420652,2,0,0,2,2
9276,olympus,clicks_finetuned_20,10+20 clicks,2,0.9220576081474694,2,0,0,2,2
9281,olympus,clicks_finetuned_20,3+6 clicks,0,0.09807100607882586,1,1,13,2,14
9281,olympus,clicks_finetuned_20,3+6 clicks,1,0.1669786149242957,2,1,12,3,14
9281,olympus,clicks_finetuned_20,3+6 clicks,2,0.10878881625446177,1,1,13,2,14
9281,olympus,clicks_finetuned_20,10+20 clicks,0,0.17424277350023185,2,1,12,3,14
9281,olympus,clicks_finetuned_20,10+20 clicks,1,0.1644654675475355,2,1,12,3,14
9281,olympus,clicks_finetuned_20,10+20 clicks,2,0.09330758017766531,1,1,13,2,14
9286,olympus,clicks_finetuned_20,3+6 clicks,0,0.3004228915128783,1,4,2,5,3
9286,olympus,clicks_finetuned_20,3+6 clicks,1,0.33157545782178083,1,3,2,4,3
9286,olympus,clicks_finetuned_20,3+6 clicks,2,0.2661320844889338,0,4,3,4,3
9286,olympus,clicks_finetuned_20,10+20 clicks,0,0.3159126572477755,1,2,2,3,3
9286,olympus,clicks_finetuned_20,10+20 clicks,1,0.36478689829871164,1,3,2,4,3
9286,olympus,clicks_finetuned_20,10+20 clicks,2,0.3295172797677636,1,3,2,4,3
9292,olympus,clicks_finetuned_20,3+6 clicks,0,0.6856854294724061,6,1,1,7,7
9292,olympus,clicks_finetuned_20,3+6 clicks,1,0.5423204050937106,3,3,4,6,7
9292,olympus,clicks_finetuned_20,3+6 clicks,2,0.6324614777025275,5,2,2,7,7
9292,olympus,clicks_finetuned_20,10+20 clicks,0,0.6628654925429639,5,2,2,7,7
9292,olympus,clicks_finetuned_20,10+20 clicks,1,0.47846068880843423,2,3,5,5,7
9292,olympus,clicks_finetuned_20,10+20 clicks,2,0.6077797585185459,4,2,3,6,7
9300,olympus,clicks_finetuned_20,3+6 clicks,0,0.9413695033909429,1,0,0,1,1
9300,olympus,clicks_finetuned_20,3+6 clicks,1,0.8560085121250139,1,1,0,2,1
9300,olympus,clicks_finetuned_20,3+6 clicks,2,0.9413979927169376,1,1,0,2,1
9300,olympus,clicks_finetuned_20,10+20 clicks,0,0.8943984969330804,1,0,0,1,1
9300,olympus,clicks_finetuned_20,10+20 clicks,1,0.9434681577227507,1,0,0,1,1
9300,olympus,clicks_finetuned_20,10+20 clicks,2,0.8901987511282212,1,0,0,1,1
9317,olympus,clicks_finetuned_20,3+6 clicks,0,0.9369002100357382,2,1,0,3,2
9317,olympus,clicks_finetuned_20,3+6 clicks,1,0.928580328628434,2,0,0,2,2
9317,olympus,clicks_finetuned_20,3+6 clicks,2,0.6685035681720586,1,2,1,3,2
9317,olympus,clicks_finetuned_20,10+20 clicks,0,0.9374652207877041,2,0,0,2,2
9317,olympus,clicks_finetuned_20,10+20 clicks,1,0.926036893803941,2,0,0,2,2
9317,olympus,clicks_finetuned_20,10+20 clicks,2,0.9360201177083739,2,0,0,2,2
9321,olympus,clicks_finetuned_20,3+6 clicks,0,0.8541153226225758,1,1,0,2,1
9321,olympus,clicks_finetuned_20,3+6 clicks,1,0.8706297797206888,1,3,0,4,1
9321,olympus,clicks_finetuned_20,3+6 clicks,2,0.7780989835090057,1,2,0,3,1
9321,olympus,clicks_finetuned_20,10+20 clicks,0,0.8763113058945812,1,0,0,1,1
9321,olympus,clicks_finetuned_20,10+20 clicks,1,0.8791314992590683,1,0,0,1,1
9321,olympus,clicks_finetuned_20,10+20 clicks,2,0.8681419224426831,1,0,0,1,1
9339,olympus,clicks_finetuned_20,3+6 clicks,0,0.9240289116530601,1,0,0,1,1
9339,olympus,clicks_finetuned_20,3+6 clicks,1,0.8553642131374326,1,3,0,4,1
9339,olympus,clicks_finetuned_20,3+6 clicks,2,0.8764484427712316,1,0,0,1,1
9339,olympus,clicks_finetuned_20,10+20 clicks,0,0.9298340450835181,1,0,0,1,1
9339,olympus,clicks_finetuned_20,10+20 clicks,1,0.9322883343996587,1,0,0,1,1
9339,olympus,clicks_finetuned_20,10+20 clicks,2,0.9309252898239588,1,0,0,1,1
9342,olympus,clicks_finetuned_20,3+6 clicks,0,0.4524724964330926,0,1,2,1,2
9342,olympus,clicks_finetuned_20,3+6 clicks,1,0.4353339346501462,0,1,2,1,2
9342,olympus,clicks_finetuned_20,3+6 clicks,2,0.43242396322087745,0,1,2,1,2
9342,olympus,clicks_finetuned_20,10+20 clicks,0,0.4527687341405784,0,1,2,1,2
9342,olympus,clicks_finetuned_20,10+20 clicks,1,0.46733618390428633,1,0,1,1,2
9342,olympus,clicks_finetuned_20,10+20 clicks,2,0.46576894798686413,1,0,1,1,2
9343,olympus,clicks_finetuned_20,3+6 clicks,0,0.960392048709082,1,0,0,1,1
9343,olympus,clicks_finetuned_20,3+6 clicks,1,0.9572658546829064,1,0,0,1,1
9343,olympus,clicks_finetuned_20,3+6 clicks,2,0.958765066610277,1,0,0,1,1
9343,olympus,clicks_finetuned_20,10+20 clicks,0,0.9462159955305341,1,0,0,1,1
9343,olympus,clicks_finetuned_20,10+20 clicks,1,0.9215187691246821,1,0,0,1,1
9343,olympus,clicks_finetuned_20,10+20 clicks,2,0.938443995008391,1,0,0,1,1
9347,olympus,clicks_finetuned_20,3+6 clicks,0,0.9087657876409359,1,0,0,1,1
9347,olympus,clicks_finetuned_20,3+6 clicks,1,0.920962658771846,1,0,0,1,1
9347,olympus,clicks_finetuned_20,3+6 clicks,2,0.9274411424160556,1,0,0,1,1
9347,olympus,clicks_finetuned_20,10+20 clicks,0,0.9461844989041642,1,0,0,1,1
9347,olympus,clicks_finetuned_20,10+20 clicks,1,0.9476431414115153,1,0,0,1,1
9347,olympus,clicks_finetuned_20,10+20 clicks,2,0.9446684722640185,1,0,0,1,1
9353,olympus,clicks_finetuned_20,3+6 clicks,0,0.4453932867875481,0,1,2,1,2
9353,olympus,clicks_finetuned_20,3+6 clicks,1,0.42736032627896803,0,1,2,1,2
9353,olympus,clicks_finetuned_20,3+6 clicks,2,0.45367996962131485,0,1,2,1,2
9353,olympus,clicks_finetuned_20,10+20 clicks,0,0.45377724383204665,0,1,2,1,2
9353,olympus,clicks_finetuned_20,10+20 clicks,1,0.44948477436522505,0,1,2,1,2
9353,olympus,clicks_finetuned_20,10+20 clicks,2,0.45822311313699815,0,1,2,1,2
9357,olympus,clicks_finetuned_20,3+6 clicks,0,0.7663357135309952,2,4,0,6,2
9357,olympus,clicks_finetuned_20,3+6 clicks,1,0.7449474908197568,2,4,0,6,2
9357,olympus,clicks_finetuned_20,3+6 clicks,2,0.6856459961281576,1,6,1,7,2
9357,olympus,clicks_finetuned_20,10+20 clicks,0,0.8742642028474066,1,0,1,1,2
9357,olympus,clicks_finetuned_20,10+20 clicks,1,0.7806522499521871,2,1,0,3,2
9357,olympus,clicks_finetuned_20,10+20 clicks,2,0.9160689189031511,2,4,0,6,2
9367,olympus,clicks_finetuned_20,3+6 clicks,0,0.8950143689525165,1,0,0,1,1
9367,olympus,clicks_finetuned_20,3+6 clicks,1,0.8903577082984722,1,0,0,1,1
9367,olympus,clicks_finetuned_20,3+6 clicks,2,0.8924518291341538,1,0,0,1,1
9367,olympus,clicks_finetuned_20,10+20 clicks,0,0.895423800465018,1,0,0,1,1
9367,olympus,clicks_finetuned_20,10+20 clicks,1,0.8958050886499151,1,0,0,1,1
9367,olympus,clicks_finetuned_20,10+20 clicks,2,0.8911076861220935,1,0,0,1,1
9373,olympus,clicks_finetuned_20,3+6 clicks,0,0.8655983726503805,3,3,0,6,3
9373,olympus,clicks_finetuned_20,3+6 clicks,1,0.7646326065388295,3,3,0,6,3
9373,olympus,clicks_finetuned_20,3+6 clicks,2,0.7030178924036928,2,3,1,5,3
9373,olympus,clicks_finetuned_20,10+20 clicks,0,0.7949971971614923,3,3,0,6,3
9373,olympus,clicks_finetuned_20,10+20 clicks,1,0.819224218570246,3,3,0,6,3
9373,olympus,clicks_finetuned_20,10+20 clicks,2,0.9016733713721542,3,3,0,6,3
9387,olympus,clicks_finetuned_20,3+6 clicks,0,0.930962473507044,1,0,0,1,1
9387,olympus,clicks_finetuned_20,3+6 clicks,1,0.8382595104524269,1,0,0,1,1
9387,olympus,clicks_finetuned_20,3+6 clicks,2,0.8669767173146917,1,0,0,1,1
9387,olympus,clicks_finetuned_20,10+20 clicks,0,0.8802535806527354,1,0,0,1,1
9387,olympus,clicks_finetuned_20,10+20 clicks,1,0.9179912851356328,1,0,0,1,1
9387,olympus,clicks_finetuned_20,10+20 clicks,2,0.9310688843509844,1,0,0,1,1
9396,olympus,clicks_finetuned_20,3+6 clicks,0,0.37385869952284967,1,1,2,2,3
9396,olympus,clicks_finetuned_20,3+6 clicks,1,0.3556890608372026,0,2,3,2,3
9396,olympus,clicks_finetuned_20,3+6 clicks,2,0.3745232835133279,1,1,2,2,3
9396,olympus,clicks_finetuned_20,10+20 clicks,0,0.9252970929934229,3,0,0,3,3
9396,olympus,clicks_finetuned_20,10+20 clicks,1,0.6030305059401028,2,1,1,3,3
9396,olympus,clicks_finetuned_20,10+20 clicks,2,0.6099146414923137,2,1,1,3,3
9397,olympus,clicks_finetuned_20,3+6 clicks,0,0.35897002324464417,0,2,3,2,3
9397,olympus,clicks_finetuned_20,3+6 clicks,1,0.6795359467539309,2,1,1,3,3
9397,olympus,clicks_finetuned_20,3+6 clicks,2,0.31304176945942475,0,2,3,2,3
9397,olympus,clicks_finetuned_20,10+20 clicks,0,0.6659951258058615,2,1,1,3,3
9397,olympus,clicks_finetuned_20,10+20 clicks,1,0.6073653518631319,2,1,1,3,3
9397,olympus,clicks_finetuned_20,10+20 clicks,2,0.37264779594608627,0,2,3,2,3
9398,olympus,clicks_finetuned_20,3+6 clicks,0,0.3069741522482799,0,3,3,3,3
9398,olympus,clicks_finetuned_20,3+6 clicks,1,0.3089527558870869,0,2,3,2,3
9398,olympus,clicks_finetuned_20,3+6 clicks,2,0.3154965694019438,0,2,3,2,3
9398,olympus,clicks_finetuned_20,10+20 clicks,0,0.6178454866672217,2,1,1,3,3
9398,olympus,clicks_finetuned_20,10+20 clicks,1,0.6134294726001376,2,1,1,3,3
9398,olympus,clicks_finetuned_20,10+20 clicks,2,0.8547991973940184,3,0,0,3,3
9402,olympus,clicks_finetuned_20,3+6 clicks,0,0.4015923593554286,2,2,5,4,7
9402,olympus,clicks_finetuned_20,3+6 clicks,1,0.27684922848179416,2,1,5,3,7
9402,olympus,clicks_finetuned_20,3+6 clicks,2,0.4186409867133313,3,1,4,4,7
9402,olympus,clicks_finetuned_20,10+20 clicks,0,0.14745591006902053,1,1,6,2,7
9402,olympus,clicks_finetuned_20,10+20 clicks,1,0.3819836969416029,2,3,5,5,7
9402,olympus,clicks_finetuned_20,10+20 clicks,2,0.40655323942852056,2,2,5,4,7
9407,olympus,clicks_finetuned_20,3+6 clicks,0,0.2692317644469094,0,1,3,1,3
9407,olympus,clicks_finetuned_20,3+6 clicks,1,0.25907129832705417,0,1,3,1,3
9407,olympus,clicks_finetuned_20,3+6 clicks,2,0.2681865474195059,0,2,3,2,3
9407,olympus,clicks_finetuned_20,10+20 clicks,0,0.2818650152709146,0,1,3,1,3
9407,olympus,clicks_finetuned_20,10+20 clicks,1,0.2833693994371557,0,1,3,1,3
9407,olympus,clicks_finetuned_20,10+20 clicks,2,0.5402013500988486,2,0,1,2,3
9421,olympus,clicks_finetuned_20,3+6 clicks,0,0.5185140490574157,2,0,1,2,3
9421,olympus,clicks_finetuned_20,3+6 clicks,1,0.5553090691591028,2,0,1,2,3
9421,olympus,clicks_finetuned_20,3+6 clicks,2,0.5390526275726183,2,0,1,2,3
9421,olympus,clicks_finetuned_20,10+20 clicks,0,0.5790691991884832,2,0,1,2,3
9421,olympus,clicks_finetuned_20,10+20 clicks,1,0.56605184284604,2,0,1,2,3
9421,olympus,clicks_finetuned_20,10+20 clicks,2,0.5715541336443343,2,0,1,2,3
9442,olympus,clicks_finetuned_20,3+6 clicks,0,0.8735572093404679,1,2,0,3,1
9442,olympus,clicks_finetuned_20,3+6 clicks,1,0.8991314816407258,1,1,0,2,1
9442,olympus,clicks_finetuned_20,3+6 clicks,2,0.8971631205673759,1,1,0,2,1
9442,olympus,clicks_finetuned_20,10+20 clicks,0,0.901502540501137,1,0,0,1,1
9442,olympus,clicks_finetuned_20,10+20 clicks,1,0.884050020711351,1,0,0,1,1
9442,olympus,clicks_finetuned_20,10+20 clicks,2,0.8987786496431263,1,0,0,1,1
9453,olympus,clicks_finetuned_20,3+6 clicks,0,0.24727132042529942,0,3,3,3,3
9453,olympus,clicks_finetuned_20,3+6 clicks,1,0.280804719603031,0,3,3,3,3
9453,olympus,clicks_finetuned_20,3+6 clicks,2,0.5084671056034245,1,4,2,5,3
9453,olympus,clicks_finetuned_20,10+20 clicks,0,0.4098149186409968,1,5,2,6,3
9453,olympus,clicks_finetuned_20,10+20 clicks,1,0.33157279163248593,0,3,3,3,3
9453,olympus,clicks_finetuned_20,10+20 clicks,2,0.4161435092654215,0,4,3,4,3
9464,olympus,clicks_finetuned_20,3+6 clicks,0,0.8999673774429847,1,0,0,1,1
9464,olympus,clicks_finetuned_20,3+6 clicks,1,0.9027891409445891,1,0,0,1,1
9464,olympus,clicks_finetuned_20,3+6 clicks,2,0.9549509080408137,1,0,0,1,1
9464,olympus,clicks_finetuned_20,10+20 clicks,0,0.9520562099607357,1,0,0,1,1
9464,olympus,clicks_finetuned_20,10+20 clicks,1,0.9547627923561923,1,0,0,1,1
9464,olympus,clicks_finetuned_20,10+20 clicks,2,0.9441476826394344,1,0,0,1,1
9504,olympus,clicks_finetuned_20,3+6 clicks,0,0.7350984012799511,3,1,1,4,4
9504,olympus,clicks_finetuned_20,3+6 clicks,1,0.7859988665541715,4,1,0,5,4
9504,olympus,clicks_finetuned_20,3+6 clicks,2,0.758739613535394,3,1,1,4,4
9504,olympus,clicks_finetuned_20,10+20 clicks,0,0.6757689285010219,3,1,1,4,4
9504,olympus,clicks_finetuned_20,10+20 clicks,1,0.7176946734939813,3,1,1,4,4
9504,olympus,clicks_finetuned_20,10+20 clicks,2,0.726284241595297,3,1,1,4,4
9511,olympus,clicks_finetuned_20,3+6 clicks,0,0.920639303150935,2,1,0,3,2
9511,olympus,clicks_finetuned_20,3+6 clicks,1,0.8861829153120406,2,1,0,3,2
9511,olympus,clicks_finetuned_20,3+6 clicks,2,0.8916279977429858,2,1,0,3,2
9511,olympus,clicks_finetuned_20,10+20 clicks,0,0.9123366416830594,2,1,0,3,2
9511,olympus,clicks_finetuned_20,10+20 clicks,1,0.9156401154761558,2,1,0,3,2
9511,olympus,clicks_finetuned_20,10+20 clicks,2,0.9168228456877945,2,1,0,3,2
9512,olympus,clicks_finetuned_20,3+6 clicks,0,0.20212813904269974,0,1,3,1,3
9512,olympus,clicks_finetuned_20,3+6 clicks,1,0.19672021151628769,0,1,3,1,3
9512,olympus,clicks_finetuned_20,3+6 clicks,2,0.17559435548175864,0,1,3,1,3
9512,olympus,clicks_finetuned_20,10+20 clicks,0,0.22350321897310085,0,1,3,1,3
9512,olympus,clicks_finetuned_20,10+20 clicks,1,0.22241742350605717,0,1,3,1,3
9512,olympus,clicks_finetuned_20,10+20 clicks,2,0.213967165017492,0,1,3,1,3
9528,olympus,clicks_finetuned_20,3+6 clicks,0,0.27927619134905834,0,1,3,1,3
9528,olympus,clicks_finetuned_20,3+6 clicks,1,0.29241434556013224,0,1,3,1,3
9528,olympus,clicks_finetuned_20,3+6 clicks,2,0.28129611709113717,0,1,3,1,3
9528,olympus,clicks_finetuned_20,10+20 clicks,0,0.2913978793336991,0,1,3,1,3
9528,olympus,clicks_finetuned_20,10+20 clicks,1,0.2987354296486274,0,1,3,1,3
9528,olympus,clicks_finetuned_20,10+20 clicks,2,0.2906569633676405,0,1,3,1,3
9581,olympus,clicks_finetuned_20,3+6 clicks,0,0.5702436489357756,2,0,0,2,2
9581,olympus,clicks_finetuned_20,3+6 clicks,1,0.8583053298364494,2,1,0,3,2
9581,olympus,clicks_finetuned_20,3+6 clicks,2,0.5634528877490558,2,0,0,2,2
9581,olympus,clicks_finetuned_20,10+20 clicks,0,0.8285811267486931,2,1,0,3,2
9581,olympus,clicks_finetuned_20,10+20 clicks,1,0.8553298997609686,2,1,0,3,2
9581,olympus,clicks_finetuned_20,10+20 clicks,2,0.8532036522588637,2,1,0,3,2
9590,olympus,clicks_finetuned_20,3+6 clicks,0,0.43402178966299293,1,2,2,3,3
9590,olympus,clicks_finetuned_20,3+6 clicks,1,0.3667950880619653,0,3,3,3,3
9590,olympus,clicks_finetuned_20,3+6 clicks,2,0.3832193830213244,1,2,2,3,3
9590,olympus,clicks_finetuned_20,10+20 clicks,0,0.42225296521664735,1,2,2,3,3
9590,olympus,clicks_finetuned_20,10+20 clicks,1,0.5352902422600595,1,1,2,2,3
9590,olympus,clicks_finetuned_20,10+20 clicks,2,0.38575393755153864,0,1,3,1,3
9600,olympus,clicks_finetuned_20,3+6 clicks,0,0.4418520816262633,0,1,2,1,2
9600,olympus,clicks_finetuned_20,3+6 clicks,1,0.45054254987142217,0,1,2,1,2
9600,olympus,clicks_finetuned_20,3+6 clicks,2,0.4651473067610332,0,1,2,1,2
9600,olympus,clicks_finetuned_20,10+20 clicks,0,0.4627257498817592,0,1,2,1,2
9600,olympus,clicks_finetuned_20,10+20 clicks,1,0.9232396681386095,2,0,0,2,2
9600,olympus,clicks_finetuned_20,10+20 clicks,2,0.9227126279165895,2,0,0,2,2
9601,olympus,clicks_finetuned_20,3+6 clicks,0,0.5923916554239459,3,0,1,3,4
9601,olympus,clicks_finetuned_20,3+6 clicks,1,0.8323797159435318,4,2,0,6,4
9601,olympus,clicks_finetuned_20,3+6 clicks,2,0.2878175294220304,1,3,3,4,4
9601,olympus,clicks_finetuned_20,10+20 clicks,0,0.8362200845743052,4,2,0,6,4
9601,olympus,clicks_finetuned_20,10+20 clicks,1,0.8323998040369328,4,2,0,6,4
9601,olympus,clicks_finetuned_20,10+20 clicks,2,0.6337781553391644,3,2,1,5,4
9605,olympus,clicks_finetuned_20,3+6 clicks,0,0.37470878371287647,0,2,1,2,1
9605,olympus,clicks_finetuned_20,3+6 clicks,1,0.34068669527896994,0,1,1,1,1
9605,olympus,clicks_finetuned_20,3+6 clicks,2,0.3959002277651242,0,2,1,2,1
9605,olympus,clicks_finetuned_20,10+20 clicks,0,0.9221645863727238,1,0,0,1,1
9605,olympus,clicks_finetuned_20,10+20 clicks,1,0.46666492468089,0,1,1,1,1
9605,olympus,clicks_finetuned_20,10+20 clicks,2,0.6482533785014388,1,0,0,1,1
9625,olympus,clicks_finetuned_20,3+6 clicks,0,0.5606350686409646,3,3,3,6,6
9625,olympus,clicks_finetuned_20,3+6 clicks,1,0.4844150553971271,2,4,4,6,6
9625,olympus,clicks_finetuned_20,3+6 clicks,2,0.3954682612029355,1,5,5,6,6
9625,olympus,clicks_finetuned_20,10+20 clicks,0,0.4638132865251155,2,4,4,6,6
9625,olympus,clicks_finetuned_20,10+20 clicks,1,0.43214356083838856,2,4,4,6,6
9625,olympus,clicks_finetuned_20,10+20 clicks,2,0.5799771115576272,3,3,3,6,6
9626,olympus,clicks_finetuned_20,3+6 clicks,0,0.5465358852081033,1,1,2,2,3
9626,olympus,clicks_finetuned_20,3+6 clicks,1,0.5966543196589712,1,1,2,2,3
9626,olympus,clicks_finetuned_20,3+6 clicks,2,0.6042232330674899,2,0,1,2,3
9626,olympus,clicks_finetuned_20,10+20 clicks,0,0.6059873844752649,2,0,1,2,3
9626,olympus,clicks_finetuned_20,10+20 clicks,1,0.6047331240139072,2,0,1,2,3
9626,olympus,clicks_finetuned_20,10+20 clicks,2,0.5536827438176768,1,1,2,2,3
9629,olympus,clicks_finetuned_20,3+6 clicks,0,0.8242386571976559,5,0,0,5,5
9629,olympus,clicks_finetuned_20,3+6 clicks,1,0.8799699021704865,5,0,0,5,5
9629,olympus,clicks_finetuned_20,3+6 clicks,2,0.8595911826831186,5,0,0,5,5
9629,olympus,clicks_finetuned_20,10+20 clicks,0,0.7381453701302101,4,0,1,4,5
9629,olympus,clicks_finetuned_20,10+20 clicks,1,0.8555365255546642,5,0,0,5,5
9629,olympus,clicks_finetuned_20,10+20 clicks,2,0.7306358972952278,4,0,1,4,5
9630,olympus,clicks_finetuned_20,3+6 clicks,0,0.26793434171486974,2,2,8,4,10
9630,olympus,clicks_finetuned_20,3+6 clicks,1,0.5251437615161885,5,2,5,7,10
9630,olympus,clicks_finetuned_20,3+6 clicks,2,0.4330469661937547,4,2,6,6,10
9630,olympus,clicks_finetuned_20,10+20 clicks,0,0.4122381241236351,3,2,7,5,10
9630,olympus,clicks_finetuned_20,10+20 clicks,1,0.6791406922730903,7,2,3,9,10
9630,olympus,clicks_finetuned_20,10+20 clicks,2,0.6289953766258918,7,2,3,9,10
9686,olympus,clicks_finetuned_20,3+6 clicks,0,0.7845445181339303,3,0,0,3,3
9686,olympus,clicks_finetuned_20,3+6 clicks,1,0.9221430014554759,3,0,0,3,3
9686,olympus,clicks_finetuned_20,3+6 clicks,2,0.9201684774953174,3,0,0,3,3
9686,olympus,clicks_finetuned_20,10+20 clicks,0,0.9109960781541382,3,0,0,3,3
9686,olympus,clicks_finetuned_20,10+20 clicks,1,0.917768836958338,3,0,0,3,3
9686,olympus,clicks_finetuned_20,10+20 clicks,2,0.9233393051352605,3,0,0,3,3
9692,olympus,clicks_finetuned_20,3+6 clicks,0,0.8574239623618626,3,0,0,3,3
9692,olympus,clicks_finetuned_20,3+6 clicks,1,0.668135927689861,3,3,0,6,3
9692,olympus,clicks_finetuned_20,3+6 clicks,2,0.8008385494685344,3,4,0,7,3
9692,olympus,clicks_finetuned_20,10+20 clicks,0,0.8381719328894661,3,0,0,3,3
9692,olympus,clicks_finetuned_20,10+20 clicks,1,0.8711138175628724,3,0,0,3,3
9692,olympus,clicks_finetuned_20,10+20 clicks,2,0.8511207365107869,3,0,0,3,3
9694,olympus,clicks_finetuned_20,3+6 clicks,0,0.25980970533666764,1,2,5,3,6
9694,olympus,clicks_finetuned_20,3+6 clicks,1,0.2868452531857839,1,2,5,3,6
9694,olympus,clicks_finetuned_20,3+6 clicks,2,0.2899395999208359,1,2,5,3,6
9694,olympus,clicks_finetuned_20,10+20 clicks,0,0.250071394555988,1,2,5,3,6
9694,olympus,clicks_finetuned_20,10+20 clicks,1,0.27256747346147864,1,2,5,3,6
9694,olympus,clicks_finetuned_20,10+20 clicks,2,0.24294186070399634,1,2,5,3,6
9706,olympus,clicks_finetuned_20,3+6 clicks,0,0.5941152524046295,4,2,2,6,6
9706,olympus,clicks_finetuned_20,3+6 clicks,1,0.5982725352842572,3,2,3,5,6
9706,olympus,clicks_finetuned_20,3+6 clicks,2,0.42067680941464297,3,2,3,5,6
9706,olympus,clicks_finetuned_20,10+20 clicks,0,0.5852916555704166,3,2,3,5,6
9706,olympus,clicks_finetuned_20,10+20 clicks,1,0.6006476499528557,3,3,3,6,6
9706,olympus,clicks_finetuned_20,10+20 clicks,2,0.4890387804000042,3,3,3,6,6
9710,olympus,clicks_finetuned_20,3+6 clicks,0,0.410586312268025,2,1,3,3,5
9710,olympus,clicks_finetuned_20,3+6 clicks,1,0.4957014028593071,2,1,3,3,5
9710,olympus,clicks_finetuned_20,3+6 clicks,2,0.42049899776822486,2,0,3,2,5
9710,olympus,clicks_finetuned_20,10+20 clicks,0,0.5236417798295729,2,1,3,3,5
9710,olympus,clicks_finetuned_20,10+20 clicks,1,0.51682722994988,2,1,3,3,5
9710,olympus,clicks_finetuned_20,10+20 clicks,2,0.44129429311706014,1,1,4,2,5
9714,olympus,clicks_finetuned_20,3+6 clicks,0,0.1470014404829321,1,1,10,2,11
9714,olympus,clicks_finetuned_20,3+6 clicks,1,0.0689877030047466,0,2,11,2,11
9714,olympus,clicks_finetuned_20,3+6 clicks,2,0.11046839123409004,1,1,10,2,11
9714,olympus,clicks_finetuned_20,10+20 clicks,0,0.14496930463634378,1,1,10,2,11
9714,olympus,clicks_finetuned_20,10+20 clicks,1,0.20319403180639764,2,1,9,3,11
9714,olympus,clicks_finetuned_20,10+20 clicks,2,0.13386236113181083,1,1,10,2,11
9719,olympus,clicks_finetuned_20,3+6 clicks,0,0.868316974051673,2,2,0,4,2
9719,olympus,clicks_finetuned_20,3+6 clicks,1,0.8484624275869033,2,2,0,4,2
9719,olympus,clicks_finetuned_20,3+6 clicks,2,0.8665387411300226,2,2,0,4,2
9719,olympus,clicks_finetuned_20,10+20 clicks,0,0.8706989660971374,2,2,0,4,2
9719,olympus,clicks_finetuned_20,10+20 clicks,1,0.8649555804035536,2,2,0,4,2
9719,olympus,clicks_finetuned_20,10+20 clicks,2,0.8604449910532307,2,2,0,4,2
9726,olympus,clicks_finetuned_20,3+6 clicks,0,0.6920644278049707,3,1,2,4,5
9726,olympus,clicks_finetuned_20,3+6 clicks,1,0.67050266384726,3,1,2,4,5
9726,olympus,clicks_finetuned_20,3+6 clicks,2,0.6908117252430139,3,1,2,4,5
9726,olympus,clicks_finetuned_20,10+20 clicks,0,0.689440575313272,3,1,2,4,5
9726,olympus,clicks_finetuned_20,10+20 clicks,1,0.676520860158694,3,1,2,4,5
9726,olympus,clicks_finetuned_20,10+20 clicks,2,0.6954563767771387,3,1,2,4,5
9727,olympus,clicks_finetuned_20,3+6 clicks,0,0.3210927923867491,1,3,4,4,5
9727,olympus,clicks_finetuned_20,3+6 clicks,1,0.20434304723747956,0,3,5,3,5
9727,olympus,clicks_finetuned_20,3+6 clicks,2,0.2231276366013526,0,2,5,2,5
9727,olympus,clicks_finetuned_20,10+20 clicks,0,0.3499231915868031,1,2,4,3,5
9727,olympus,clicks_finetuned_20,10+20 clicks,1,0.34532184937271715,1,2,4,3,5
9727,olympus,clicks_finetuned_20,10+20 clicks,2,0.2131169414926842,0,3,5,3,5
9757,olympus,clicks_finetuned_20,3+6 clicks,0,0.5052663858755786,1,4,4,5,5
9757,olympus,clicks_finetuned_20,3+6 clicks,1,0.5184802583016896,1,4,4,5,5
9757,olympus,clicks_finetuned_20,3+6 clicks,2,0.5348126474018812,1,4,4,5,5
9757,olympus,clicks_finetuned_20,10+20 clicks,0,0.5406935274132303,1,4,4,5,5
9757,olympus,clicks_finetuned_20,10+20 clicks,1,0.5400320137403813,1,4,4,5,5
9757,olympus,clicks_finetuned_20,10+20 clicks,2,0.5346001993993311,1,4,4,5,5
9773,olympus,clicks_finetuned_20,3+6 clicks,0,0.16526419115884786,1,1,6,2,7
9773,olympus,clicks_finetuned_20,3+6 clicks,1,0.18347997777175637,1,1,6,2,7
9773,olympus,clicks_finetuned_20,3+6 clicks,2,0.16878316033642626,1,1,6,2,7
9773,olympus,clicks_finetuned_20,10+20 clicks,0,0.18858726276078228,1,1,6,2,7
9773,olympus,clicks_finetuned_20,10+20 clicks,1,0.18171052800000417,1,1,6,2,7
9773,olympus,clicks_finetuned_20,10+20 clicks,2,0.18045364890230983,1,1,6,2,7
9774,olympus,clicks_finetuned_20,3+6 clicks,0,0.13255543305390305,0,2,5,2,5
9774,olympus,clicks_finetuned_20,3+6 clicks,1,0.561047354395177,3,1,2,4,5
9774,olympus,clicks_finetuned_20,3+6 clicks,2,0.5813946259909121,4,0,1,4,5
9774,olympus,clicks_finetuned_20,10+20 clicks,0,0.47850534423413904,2,1,3,3,5
9774,olympus,clicks_finetuned_20,10+20 clicks,1,0.6485837054971756,4,1,1,5,5
9774,olympus,clicks_finetuned_20,10+20 clicks,2,0.6120292170554706,4,0,1,4,5
9775,olympus,clicks_finetuned_20,3+6 clicks,0,0.10680164567793655,0,1,7,1,7
9775,olympus,clicks_finetuned_20,3+6 clicks,1,0.138690937986878,0,2,7,2,7
9775,olympus,clicks_finetuned_20,3+6 clicks,2,0.2661237243265356,1,2,6,3,7
9775,olympus,clicks_finetuned_20,10+20 clicks,0,0.12640998438029116,0,2,7,2,7
9775,olympus,clicks_finetuned_20,10+20 clicks,1,0.1348789863122958,0,2,7,2,7
9775,olympus,clicks_finetuned_20,10+20 clicks,2,0.14722901507401764,0,2,7,2,7
9782,olympus,clicks_finetuned_20,3+6 clicks,0,0.45288729884008877,3,3,6,6,9
9782,olympus,clicks_finetuned_20,3+6 clicks,1,0.38672695254389605,2,4,7,6,9
9782,olympus,clicks_finetuned_20,3+6 clicks,2,0.6599698018910163,6,2,3,8,9
9782,olympus,clicks_finetuned_20,10+20 clicks,0,0.3555640678376227,1,5,8,6,9
9782,olympus,clicks_finetuned_20,10+20 clicks,1,0.3185738232747166,1,4,8,5,9
9782,olympus,clicks_finetuned_20,10+20 clicks,2,0.4177942260923376,2,7,7,9,9
9786,olympus,clicks_finetuned_20,3+6 clicks,0,0.8787500585032528,1,0,0,1,1
9786,olympus,clicks_finetuned_20,3+6 clicks,1,0.8992061582872264,1,0,0,1,1
9786,olympus,clicks_finetuned_20,3+6 clicks,2,0.919527293190771,1,0,0,1,1
9786,olympus,clicks_finetuned_20,10+20 clicks,0,0.9229536699280674,1,0,0,1,1
9786,olympus,clicks_finetuned_20,10+20 clicks,1,0.9251006301058102,1,0,0,1,1
9786,olympus,clicks_finetuned_20,10+20 clicks,2,0.9230756364366239,1,0,0,1,1
9789,olympus,clicks_finetuned_20,3+6 clicks,0,0.4736208431834372,1,3,2,4,3
9789,olympus,clicks_finetuned_20,3+6 clicks,1,0.49416180666005616,1,3,2,4,3
9789,olympus,clicks_finetuned_20,3+6 clicks,2,0.4768253496181795,1,3,2,4,3
9789,olympus,clicks_finetuned_20,10+20 clicks,0,0.48529265033110297,1,3,2,4,3
9789,olympus,clicks_finetuned_20,10+20 clicks,1,0.48045707290446266,1,2,2,3,3
9789,olympus,clicks_finetuned_20,10+20 clicks,2,0.42805507556013717,1,2,2,3,3
9798,olympus,clicks_finetuned_20,3+6 clicks,0,0.4965158473008962,3,3,3,6,6
9798,olympus,clicks_finetuned_20,3+6 clicks,1,0.38841795030279697,1,5,5,6,6
9798,olympus,clicks_finetuned_20,3+6 clicks,2,0.5588495163445679,4,4,2,8,6
9798,olympus,clicks_finetuned_20,10+20 clicks,0,0.41726260495317957,3,2,3,5,6
9798,olympus,clicks_finetuned_20,10+20 clicks,1,0.45744088799553434,3,3,3,6,6
9798,olympus,clicks_finetuned_20,10+20 clicks,2,0.38889199335766605,3,3,3,6,6
9801,olympus,clicks_finetuned_20,3+6 clicks,0,0.6093109395250552,2,1,1,3,3
9801,olympus,clicks_finetuned_20,3+6 clicks,1,0.6190890638675263,2,1,1,3,3
9801,olympus,clicks_finetuned_20,3+6 clicks,2,0.611908216135244,2,1,1,3,3
9801,olympus,clicks_finetuned_20,10+20 clicks,0,0.6249194038458122,2,0,1,2,3
9801,olympus,clicks_finetuned_20,10+20 clicks,1,0.6223734115995443,2,0,1,2,3
9801,olympus,clicks_finetuned_20,10+20 clicks,2,0.6239780491247107,2,0,1,2,3
9805,olympus,clicks_finetuned_20,3+6 clicks,0,0.7856519966589375,2,0,0,2,2
9805,olympus,clicks_finetuned_20,3+6 clicks,1,0.8495061911925781,2,0,0,2,2
9805,olympus,clicks_finetuned_20,3+6 clicks,2,0.8544141883990675,2,0,0,2,2
9805,olympus,clicks_finetuned_20,10+20 clicks,0,0.8535815954223042,2,0,0,2,2
9805,olympus,clicks_finetuned_20,10+20 clicks,1,0.9018602948484746,2,0,0,2,2
9805,olympus,clicks_finetuned_20,10+20 clicks,2,0.887515419308287,2,0,0,2,2
9820,olympus,clicks_finetuned_20,3+6 clicks,0,0.2797055457381449,0,1,2,1,2
9820,olympus,clicks_finetuned_20,3+6 clicks,1,0.29093388957457433,0,1,2,1,2
9820,olympus,clicks_finetuned_20,3+6 clicks,2,0.355712866329263,0,2,2,2,2
9820,olympus,clicks_finetuned_20,10+20 clicks,0,0.3541956677906709,0,1,2,1,2
9820,olympus,clicks_finetuned_20,10+20 clicks,1,0.45487154030599153,0,1,2,1,2
9820,olympus,clicks_finetuned_20,10+20 clicks,2,0.3548207804673763,0,1,2,1,2
9830,olympus,clicks_finetuned_20,3+6 clicks,0,0.2716285562001698,0,1,2,1,2
9830,olympus,clicks_finetuned_20,3+6 clicks,1,0.30612816633251344,0,1,2,1,2
9830,olympus,clicks_finetuned_20,3+6 clicks,2,0.2994375443438356,0,1,2,1,2
9830,olympus,clicks_finetuned_20,10+20 clicks,0,0.3203788922712514,0,1,2,1,2
9830,olympus,clicks_finetuned_20,10+20 clicks,1,0.41389415618364145,0,2,2,2,2
9830,olympus,clicks_finetuned_20,10+20 clicks,2,0.40899942808295087,0,2,2,2,2
9832,olympus,clicks_finetuned_20,3+6 clicks,0,0.37233899600394893,0,1,2,1,2
9832,olympus,clicks_finetuned_20,3+6 clicks,1,0.42109831823706506,1,0,1,1,2
9832,olympus,clicks_finetuned_20,3+6 clicks,2,0.41950042314897384,1,0,1,1,2
9832,olympus,clicks_finetuned_20,10+20 clicks,0,0.37593451679293777,0,1,2,1,2
9832,olympus,clicks_finetuned_20,10+20 clicks,1,0.37263723440808516,0,1,2,1,2
9832,olympus,clicks_finetuned_20,10+20 clicks,2,0.3786936904260847,0,1,2,1,2
9838,olympus,clicks_finetuned_20,3+6 clicks,0,0.19840942267166128,0,2,3,2,3
9838,olympus,clicks_finetuned_20,3+6 clicks,1,0.1912908402492305,0,2,3,2,3
9838,olympus,clicks_finetuned_20,3+6 clicks,2,0.1847483682196216,0,2,3,2,3
9838,olympus,clicks_finetuned_20,10+20 clicks,0,0.20972629637434506,0,2,3,2,3
9838,olympus,clicks_finetuned_20,10+20 clicks,1,0.2932658948942431,0,1,3,1,3
9838,olympus,clicks_finetuned_20,10+20 clicks,2,0.23511030267446795,0,2,3,2,3
9841,olympus,clicks_finetuned_20,3+6 clicks,0,0.497580426606659,0,2,2,2,2
9841,olympus,clicks_finetuned_20,3+6 clicks,1,0.479413475762318,0,2,2,2,2
9841,olympus,clicks_finetuned_20,3+6 clicks,2,0.4984578001932239,0,2,2,2,2
9841,olympus,clicks_finetuned_20,10+20 clicks,0,0.49313678658480975,0,1,2,1,2
9841,olympus,clicks_finetuned_20,10+20 clicks,1,0.4878306945324368,0,1,2,1,2
9841,olympus,clicks_finetuned_20,10+20 clicks,2,0.47407645945402266,0,1,2,1,2
9845,olympus,clicks_finetuned_20,3+6 clicks,0,0.8291551560631675,1,0,0,1,1
9845,olympus,clicks_finetuned_20,3+6 clicks,1,0.894732124851554,1,0,0,1,1
9845,olympus,clicks_finetuned_20,3+6 clicks,2,0.9075168244553439,1,0,0,1,1
9845,olympus,clicks_finetuned_20,10+20 clicks,0,0.9150958632305101,1,0,0,1,1
9845,olympus,clicks_finetuned_20,10+20 clicks,1,0.9269246262114068,1,0,0,1,1
9845,olympus,clicks_finetuned_20,10+20 clicks,2,0.9258917807247713,1,0,0,1,1
9859,olympus,clicks_finetuned_20,3+6 clicks,0,0.42341680305315005,1,1,3,2,4
9859,olympus,clicks_finetuned_20,3+6 clicks,1,0.6430785192586875,2,1,2,3,4
9859,olympus,clicks_finetuned_20,3+6 clicks,2,0.6432439487485797,2,1,2,3,4
9859,olympus,clicks_finetuned_20,10+20 clicks,0,0.6459445713445275,2,1,2,3,4
9859,olympus,clicks_finetuned_20,10+20 clicks,1,0.6608956987796458,2,1,2,3,4
9859,olympus,clicks_finetuned_20,10+20 clicks,2,0.6614525999040087,2,1,2,3,4
9871,olympus,clicks_finetuned_20,3+6 clicks,0,0.5214383787224273,1,1,1,2,2
9871,olympus,clicks_finetuned_20,3+6 clicks,1,0.758467180763833,2,1,0,3,2
9871,olympus,clicks_finetuned_20,3+6 clicks,2,0.5013495464885283,1,1,1,2,2
9871,olympus,clicks_finetuned_20,10+20 clicks,0,0.761916252696879,2,1,0,3,2
9871,olympus,clicks_finetuned_20,10+20 clicks,1,0.7700006837359331,2,1,0,3,2
9871,olympus,clicks_finetuned_20,10+20 clicks,2,0.7438481979830902,2,1,0,3,2
9875,olympus,clicks_finetuned_20,3+6 clicks,0,0.17974105979966323,0,1,5,1,5
9875,olympus,clicks_finetuned_20,3+6 clicks,1,0.18250627129513594,0,1,5,1,5
9875,olympus,clicks_finetuned_20,3+6 clicks,2,0.17180729006232642,0,1,5,1,5
9875,olympus,clicks_finetuned_20,10+20 clicks,0,0.5566432762392228,2,1,3,3,5
9875,olympus,clicks_finetuned_20,10+20 clicks,1,0.5581238513780259,2,1,3,3,5
9875,olympus,clicks_finetuned_20,10+20 clicks,2,0.1814032444062081,0,1,5,1,5
9886,olympus,clicks_finetuned_20,3+6 clicks,0,0.31056302257876517,0,2,5,2,5
9886,olympus,clicks_finetuned_20,3+6 clicks,1,0.3196083593509534,1,1,4,2,5
9886,olympus,clicks_finetuned_20,3+6 clicks,2,0.2985203470313772,0,2,5,2,5
9886,olympus,clicks_finetuned_20,10+20 clicks,0,0.31811945919006934,0,2,5,2,5
9886,olympus,clicks_finetuned_20,10+20 clicks,1,0.40003714021573744,1,2,4,3,5
9886,olympus,clicks_finetuned_20,10+20 clicks,2,0.328011885716433,1,1,4,2,5
9889,olympus,clicks_finetuned_20,3+6 clicks,0,0.9398713997236688,1,0,0,1,1
9889,olympus,clicks_finetuned_20,3+6 clicks,1,0.9377598752598753,1,0,0,1,1
9889,olympus,clicks_finetuned_20,3+6 clicks,2,0.9414577749750381,1,0,0,1,1
9889,olympus,clicks_finetuned_20,10+20 clicks,0,0.9144823862869483,1,0,0,1,1
9889,olympus,clicks_finetuned_20,10+20 clicks,1,0.9015559464213232,1,0,0,1,1
9889,olympus,clicks_finetuned_20,10+20 clicks,2,0.9080702323945568,1,0,0,1,1
9902,olympus,clicks_finetuned_20,3+6 clicks,0,0.4159254121263354,0,1,2,1,2
9902,olympus,clicks_finetuned_20,3+6 clicks,1,0.411713439179464,0,1,2,1,2
9902,olympus,clicks_finetuned_20,3+6 clicks,2,0.38682896064491334,0,1,2,1,2
9902,olympus,clicks_finetuned_20,10+20 clicks,0,0.8627280617848592,2,0,0,2,2
9902,olympus,clicks_finetuned_20,10+20 clicks,1,0.8543901244531692,2,0,0,2,2
9902,olympus,clicks_finetuned_20,10+20 clicks,2,0.4180267278672784,0,1,2,1,2
9910,olympus,clicks_finetuned_20,3+6 clicks,0,0.3963244983338727,1,2,3,3,4
9910,olympus,clicks_finetuned_20,3+6 clicks,1,0.31141198505785067,0,2,4,2,4
9910,olympus,clicks_finetuned_20,3+6 clicks,2,0.6093078496767902,2,2,2,4,4
9910,olympus,clicks_finetuned_20,10+20 clicks,0,0.40062926177698177,1,2,3,3,4
9910,olympus,clicks_finetuned_20,10+20 clicks,1,0.62229196945726,2,2,2,4,4
9910,olympus,clicks_finetuned_20,10+20 clicks,2,0.6309523062651772,2,2,2,4,4
9912,olympus,clicks_finetuned_20,3+6 clicks,0,0.3878965424534897,1,1,3,2,4
9912,olympus,clicks_finetuned_20,3+6 clicks,1,0.36803067548876517,1,1,3,2,4
9912,olympus,clicks_finetuned_20,3+6 clicks,2,0.3768776237979912,1,1,3,2,4
9912,olympus,clicks_finetuned_20,10+20 clicks,0,0.35269669147872457,1,1,3,2,4
9912,olympus,clicks_finetuned_20,10+20 clicks,1,0.29574301572523276,0,2,4,2,4
9912,olympus,clicks_finetuned_20,10+20 clicks,2,0.3577437108444021,1,1,3,2,4
102,nikon,clicks_finetuned_100,3+6 clicks,0,0.5100517104243698,4,1,4,5,8
102,nikon,clicks_finetuned_100,3+6 clicks,1,0.5950351513861386,4,1,4,5,8
102,nikon,clicks_finetuned_100,3+6 clicks,2,0.557871882894802,4,1,4,5,8
102,nikon,clicks_finetuned_100,10+20 clicks,0,0.5648604186143824,4,1,4,5,8
102,nikon,clicks_finetuned_100,10+20 clicks,1,0.5018254694259241,4,1,4,5,8
102,nikon,clicks_finetuned_100,10+20 clicks,2,0.5673287019133727,4,1,4,5,8
104,nikon,clicks_finetuned_100,3+6 clicks,0,0.6161849779803599,2,1,2,3,4
104,nikon,clicks_finetuned_100,3+6 clicks,1,0.8908927613163181,4,0,0,4,4
104,nikon,clicks_finetuned_100,3+6 clicks,2,0.6318751116073391,2,1,2,3,4
104,nikon,clicks_finetuned_100,10+20 clicks,0,0.9241536640887577,4,0,0,4,4
104,nikon,clicks_finetuned_100,10+20 clicks,1,0.9228849650557663,4,0,0,4,4
104,nikon,clicks_finetuned_100,10+20 clicks,2,0.9259216351164216,4,0,0,4,4
110,nikon,clicks_finetuned_100,3+6 clicks,0,0.6041150804546092,2,1,2,3,4
110,nikon,clicks_finetuned_100,3+6 clicks,1,0.5935730736417878,2,1,2,3,4
110,nikon,clicks_finetuned_100,3+6 clicks,2,0.6552883476808345,2,1,2,3,4
110,nikon,clicks_finetuned_100,10+20 clicks,0,0.6963585409849801,3,0,1,3,4
110,nikon,clicks_finetuned_100,10+20 clicks,1,0.7004673955695271,3,0,1,3,4
110,nikon,clicks_finetuned_100,10+20 clicks,2,0.7088001362746986,3,0,1,3,4
113,nikon,clicks_finetuned_100,3+6 clicks,0,0.5770384078041115,1,1,2,2,3
113,nikon,clicks_finetuned_100,3+6 clicks,1,0.5671455776757051,1,1,2,2,3
113,nikon,clicks_finetuned_100,3+6 clicks,2,0.5801794888173345,1,1,2,2,3
113,nikon,clicks_finetuned_100,10+20 clicks,0,0.6100014922661744,1,1,2,2,3
113,nikon,clicks_finetuned_100,10+20 clicks,1,0.6070874716372369,1,1,2,2,3
113,nikon,clicks_finetuned_100,10+20 clicks,2,0.6097295794701195,1,1,2,2,3
115,nikon,clicks_finetuned_100,3+6 clicks,0,0.45657717792340496,2,0,2,2,4
115,nikon,clicks_finetuned_100,3+6 clicks,1,0.5789892861915931,1,3,3,4,4
115,nikon,clicks_finetuned_100,3+6 clicks,2,0.4690411274622378,2,0,2,2,4
115,nikon,clicks_finetuned_100,10+20 clicks,0,0.5668476501028727,1,2,3,3,4
115,nikon,clicks_finetuned_100,10+20 clicks,1,0.5640532815866887,1,2,3,3,4
115,nikon,clicks_finetuned_100,10+20 clicks,2,0.573190000744652,1,3,3,4,4
1693,olympus,clicks_finetuned_100,3+6 clicks,0,0.8636421219319081,1,1,0,2,1
1693,olympus,clicks_finetuned_100,3+6 clicks,1,0.8604489737967155,1,1,0,2,1
1693,olympus,clicks_finetuned_100,3+6 clicks,2,0.8607770728781997,1,1,0,2,1
1693,olympus,clicks_finetuned_100,10+20 clicks,0,0.9065181821217484,1,1,0,2,1
1693,olympus,clicks_finetuned_100,10+20 clicks,1,0.9099523681738897,1,1,0,2,1
1693,olympus,clicks_finetuned_100,10+20 clicks,2,0.9157469535382899,1,1,0,2,1
1694,olympus,clicks_finetuned_100,3+6 clicks,0,0.48030691312302076,3,2,4,5,7
1694,olympus,clicks_finetuned_100,3+6 clicks,1,0.5164150512126673,3,1,4,4,7
1694,olympus,clicks_finetuned_100,3+6 clicks,2,0.4973582552867235,3,1,4,4,7
1694,olympus,clicks_finetuned_100,10+20 clicks,0,0.5380153562585882,3,1,4,4,7
1694,olympus,clicks_finetuned_100,10+20 clicks,1,0.5244243081639024,3,1,4,4,7
1694,olympus,clicks_finetuned_100,10+20 clicks,2,0.53832827117795,3,1,4,4,7
1704,olympus,clicks_finetuned_100,3+6 clicks,0,0.8907307257452102,2,0,0,2,2
1704,olympus,clicks_finetuned_100,3+6 clicks,1,0.9043510258227665,2,0,0,2,2
1704,olympus,clicks_finetuned_100,3+6 clicks,2,0.8917554506482486,2,0,0,2,2
1704,olympus,clicks_finetuned_100,10+20 clicks,0,0.922311904656819,2,0,0,2,2
1704,olympus,clicks_finetuned_100,10+20 clicks,1,0.9213261442134824,2,0,0,2,2
1704,olympus,clicks_finetuned_100,10+20 clicks,2,0.9191447100564003,2,0,0,2,2
1705,olympus,clicks_finetuned_100,3+6 clicks,0,0.798346404050302,3,0,0,3,3
1705,olympus,clicks_finetuned_100,3+6 clicks,1,0.7747977288583106,2,2,1,4,3
1705,olympus,clicks_finetuned_100,3+6 clicks,2,0.7895868349089242,3,1,0,4,3
1705,olympus,clicks_finetuned_100,10+20 clicks,0,0.7877153608666712,3,1,0,4,3
1705,olympus,clicks_finetuned_100,10+20 clicks,1,0.7987218553848684,3,0,0,3,3
1705,olympus,clicks_finetuned_100,10+20 clicks,2,0.9403328958585212,3,1,0,4,3
1709,olympus,clicks_finetuned_100,3+6 clicks,0,0.13399150034822255,0,2,5,2,5
1709,olympus,clicks_finetuned_100,3+6 clicks,1,0.23890061777795787,1,2,4,3,5
1709,olympus,clicks_finetuned_100,3+6 clicks,2,0.37685293978907086,2,2,3,4,5
1709,olympus,clicks_finetuned_100,10+20 clicks,0,0.13725434843732154,0,2,5,2,5
1709,olympus,clicks_finetuned_100,10+20 clicks,1,0.13636232660941183,0,2,5,2,5
1709,olympus,clicks_finetuned_100,10+20 clicks,2,0.1385901230667439,0,2,5,2,5
1715,olympus,clicks_finetuned_100,3+6 clicks,0,0.2802404899240165,1,3,9,4,10
1715,olympus,clicks_finetuned_100,3+6 clicks,1,0.27649518206918955,1,3,9,4,10
1715,olympus,clicks_finetuned_100,3+6 clicks,2,0.23797281988985075,1,2,9,3,10
1715,olympus,clicks_finetuned_100,10+20 clicks,0,0.2662578158523427,1,2,9,3,10
1715,olympus,clicks_finetuned_100,10+20 clicks,1,0.25097427392570115,1,2,9,3,10
1715,olympus,clicks_finetuned_100,10+20 clicks,2,0.267399375472514,1,2,9,3,10
1716,olympus,clicks_finetuned_100,3+6 clicks,0,0.5719507176190701,1,1,2,2,3
1716,olympus,clicks_finetuned_100,3+6 clicks,1,0.5784011118126392,1,1,2,2,3
1716,olympus,clicks_finetuned_100,3+6 clicks,2,0.5784262774304562,1,1,2,2,3
1716,olympus,clicks_finetuned_100,10+20 clicks,0,0.6052816957386876,1,1,2,2,3
1716,olympus,clicks_finetuned_100,10+20 clicks,1,0.60033061994987,1,1,2,2,3
1716,olympus,clicks_finetuned_100,10+20 clicks,2,0.6023214915313005,1,1,2,2,3
1719,olympus,clicks_finetuned_100,3+6 clicks,0,0.2680145113542265,1,5,7,6,8
1719,olympus,clicks_finetuned_100,3+6 clicks,1,0.36925101854599807,3,4,5,7,8
1719,olympus,clicks_finetuned_100,3+6 clicks,2,0.4075970189404443,3,1,5,4,8
1719,olympus,clicks_finetuned_100,10+20 clicks,0,0.38380110376177135,3,1,5,4,8
1719,olympus,clicks_finetuned_100,10+20 clicks,1,0.3961175183163273,3,1,5,4,8
1719,olympus,clicks_finetuned_100,10+20 clicks,2,0.38765334980307453,3,2,5,5,8
1738,olympus,clicks_finetuned_100,3+6 clicks,0,0.4182793455943159,2,3,3,5,5
1738,olympus,clicks_finetuned_100,3+6 clicks,1,0.5832891027738188,4,0,1,4,5
1738,olympus,clicks_finetuned_100,3+6 clicks,2,0.5474640467314986,4,0,1,4,5
1738,olympus,clicks_finetuned_100,10+20 clicks,0,0.5087909487684641,2,5,3,7,5
1738,olympus,clicks_finetuned_100,10+20 clicks,1,0.5404699119266961,4,1,1,5,5
1738,olympus,clicks_finetuned_100,10+20 clicks,2,0.5453461633742465,4,1,1,5,5
1739,olympus,clicks_finetuned_100,3+6 clicks,0,0.3827120096708237,0,2,3,2,3
1739,olympus,clicks_finetuned_100,3+6 clicks,1,0.38697086980273737,0,2,3,2,3
1739,olympus,clicks_finetuned_100,3+6 clicks,2,0.38238205225095073,0,2,3,2,3
1739,olympus,clicks_finetuned_100,10+20 clicks,0,0.39903047469981034,0,2,3,2,3
1739,olympus,clicks_finetuned_100,10+20 clicks,1,0.40311033711874916,0,2,3,2,3
1739,olympus,clicks_finetuned_100,10+20 clicks,2,0.41388817673968314,0,2,3,2,3
1742,olympus,clicks_finetuned_100,3+6 clicks,0,0.405403682501372,2,1,4,3,6
1742,olympus,clicks_finetuned_100,3+6 clicks,1,0.520441625106573,2,3,4,5,6
1742,olympus,clicks_finetuned_100,3+6 clicks,2,0.5671492325549297,3,2,3,5,6
1742,olympus,clicks_finetuned_100,10+20 clicks,0,0.5340635208734127,2,2,4,4,6
1742,olympus,clicks_finetuned_100,10+20 clicks,1,0.5258390688164593,3,1,3,4,6
1742,olympus,clicks_finetuned_100,10+20 clicks,2,0.5374406736644054,3,1,3,4,6
1745,olympus,clicks_finetuned_100,3+6 clicks,0,0.8750449892779111,4,1,0,5,4
1745,olympus,clicks_finetuned_100,3+6 clicks,1,0.9056555551175114,4,1,0,5,4
1745,olympus,clicks_finetuned_100,3+6 clicks,2,0.8873261384000531,4,1,0,5,4
1745,olympus,clicks_finetuned_100,10+20 clicks,0,0.8746276104796944,4,1,0,5,4
1745,olympus,clicks_finetuned_100,10+20 clicks,1,0.8761942459058899,4,1,0,5,4
1745,olympus,clicks_finetuned_100,10+20 clicks,2,0.8801576487871369,4,1,0,5,4
1747,olympus,clicks_finetuned_100,3+6 clicks,0,0.20457023148554315,1,1,7,2,8
1747,olympus,clicks_finetuned_100,3+6 clicks,1,0.20811369661247972,1,1,7,2,8
1747,olympus,clicks_finetuned_100,3+6 clicks,2,0.2124217923623995,1,1,7,2,8
1747,olympus,clicks_finetuned_100,10+20 clicks,0,0.3249195490778154,1,2,7,3,8
1747,olympus,clicks_finetuned_100,10+20 clicks,1,0.3224652292294698,1,2,7,3,8
1747,olympus,clicks_finetuned_100,10+20 clicks,2,0.32966301445789237,1,2,7,3,8
1762,olympus,clicks_finetuned_100,3+6 clicks,0,0.6369125417486344,2,2,2,4,4
1762,olympus,clicks_finetuned_100,3+6 clicks,1,0.6356024795847475,2,2,2,4,4
1762,olympus,clicks_finetuned_100,3+6 clicks,2,0.6353204911614029,2,2,2,4,4
1762,olympus,clicks_finetuned_100,10+20 clicks,0,0.6887056067396944,3,0,1,3,4
1762,olympus,clicks_finetuned_100,10+20 clicks,1,0.6830614179247457,2,1,2,3,4
1762,olympus,clicks_finetuned_100,10+20 clicks,2,0.6913461411027129,3,0,1,3,4
1766,olympus,clicks_finetuned_100,3+6 clicks,0,0.6075184308324657,2,2,2,4,4
1766,olympus,clicks_finetuned_100,3+6 clicks,1,0.5970237745411202,2,2,2,4,4
1766,olympus,clicks_finetuned_100,3+6 clicks,2,0.6182738429768008,2,2,2,4,4
1766,olympus,clicks_finetuned_100,10+20 clicks,0,0.6236242665555576,2,1,2,3,4
1766,olympus,clicks_finetuned_100,10+20 clicks,1,0.6207276885597841,2,1,2,3,4
1766,olympus,clicks_finetuned_100,10+20 clicks,2,0.5727064271123394,1,1,3,2,4
1770,olympus,clicks_finetuned_100,3+6 clicks,0,0.624457455555965,1,2,2,3,3
1770,olympus,clicks_finetuned_100,3+6 clicks,1,0.6190390012923476,2,1,1,3,3
1770,olympus,clicks_finetuned_100,3+6 clicks,2,0.5713380929830103,2,1,1,3,3
1770,olympus,clicks_finetuned_100,10+20 clicks,0,0.5583156962862237,2,1,1,3,3
1770,olympus,clicks_finetuned_100,10+20 clicks,1,0.47761706448153785,2,1,1,3,3
1770,olympus,clicks_finetuned_100,10+20 clicks,2,0.5993822793660054,1,2,2,3,3
1774,olympus,clicks_finetuned_100,3+6 clicks,0,0.25429101606387083,0,3,6,3,6
1774,olympus,clicks_finetuned_100,3+6 clicks,1,0.24858790167435374,0,3,6,3,6
1774,olympus,clicks_finetuned_100,3+6 clicks,2,0.2708800813124966,1,2,5,3,6
1774,olympus,clicks_finetuned_100,10+20 clicks,0,0.2618243508552475,0,3,6,3,6
1774,olympus,clicks_finetuned_100,10+20 clicks,1,0.3624803492202882,1,2,5,3,6
1774,olympus,clicks_finetuned_100,10+20 clicks,2,0.30137174289381397,0,3,6,3,6
1776,olympus,clicks_finetuned_100,3+6 clicks,0,0.46531856265384963,3,3,4,6,7
1776,olympus,clicks_finetuned_100,3+6 clicks,1,0.44644334467023733,3,3,4,6,7
1776,olympus,clicks_finetuned_100,3+6 clicks,2,0.45235530163509,3,3,4,6,7
1776,olympus,clicks_finetuned_100,10+20 clicks,0,0.25432799466837597,2,3,5,5,7
1776,olympus,clicks_finetuned_100,10+20 clicks,1,0.45819451377418613,3,4,4,7,7
1776,olympus,clicks_finetuned_100,10+20 clicks,2,0.3966632880557474,3,3,4,6,7
1808,olympus,clicks_finetuned_100,3+6 clicks,0,0.7643369120796738,5,2,0,7,5
1808,olympus,clicks_finetuned_100,3+6 clicks,1,0.8578473897595333,5,2,0,7,5
1808,olympus,clicks_finetuned_100,3+6 clicks,2,0.8545113937760023,5,2,0,7,5
1808,olympus,clicks_finetuned_100,10+20 clicks,0,0.8526162776910091,5,2,0,7,5
1808,olympus,clicks_finetuned_100,10+20 clicks,1,0.8592474269976078,5,2,0,7,5
1808,olympus,clicks_finetuned_100,10+20 clicks,2,0.8763811287079646,5,1,0,6,5
1812,olympus,clicks_finetuned_100,3+6 clicks,0,0.6983361860054469,2,2,3,4,5
1812,olympus,clicks_finetuned_100,3+6 clicks,1,0.7061954149095434,2,2,3,4,5
1812,olympus,clicks_finetuned_100,3+6 clicks,2,0.4083840150501171,1,2,4,3,5
1812,olympus,clicks_finetuned_100,10+20 clicks,0,0.7090521790527482,2,2,3,4,5
1812,olympus,clicks_finetuned_100,10+20 clicks,1,0.7243673891634537,2,2,3,4,5
1812,olympus,clicks_finetuned_100,10+20 clicks,2,0.5684795352318615,1,2,4,3,5
1815,olympus,clicks_finetuned_100,3+6 clicks,0,0.21603853246703772,0,4,4,4,4
1815,olympus,clicks_finetuned_100,3+6 clicks,1,0.2083245517149782,0,4,4,4,4
1815,olympus,clicks_finetuned_100,3+6 clicks,2,0.24061709498334746,0,3,4,3,4
1815,olympus,clicks_finetuned_100,10+20 clicks,0,0.21731364018660415,0,4,4,4,4
1815,olympus,clicks_finetuned_100,10+20 clicks,1,0.23147334995964158,0,2,4,2,4
1815,olympus,clicks_finetuned_100,10+20 clicks,2,0.24212766533079177,0,2,4,2,4
1816,olympus,clicks_finetuned_100,3+6 clicks,0,0.24529844840076528,2,2,7,4,9
1816,olympus,clicks_finetuned_100,3+6 clicks,1,0.18532498059396565,1,4,8,5,9
1816,olympus,clicks_finetuned_100,3+6 clicks,2,0.3999676202781617,3,1,6,4,9
1816,olympus,clicks_finetuned_100,10+20 clicks,0,0.2808945724008712,2,1,7,3,9
1816,olympus,clicks_finetuned_100,10+20 clicks,1,0.28602312209181263,2,2,7,4,9
1816,olympus,clicks_finetuned_100,10+20 clicks,2,0.3157185130861091,1,4,8,5,9
1837,olympus,clicks_finetuned_100,3+6 clicks,0,0.8654451747956274,5,0,0,5,5
1837,olympus,clicks_finetuned_100,3+6 clicks,1,0.8348839270836743,5,1,0,6,5
1837,olympus,clicks_finetuned_100,3+6 clicks,2,0.8552160604512743,5,1,0,6,5
1837,olympus,clicks_finetuned_100,10+20 clicks,0,0.9241600222543305,5,0,0,5,5
1837,olympus,clicks_finetuned_100,10+20 clicks,1,0.9216416768847008,5,0,0,5,5
1837,olympus,clicks_finetuned_100,10+20 clicks,2,0.9209111392539725,5,0,0,5,5
1838,olympus,clicks_finetuned_100,3+6 clicks,0,0.30257637829301526,1,2,6,3,7
1838,olympus,clicks_finetuned_100,3+6 clicks,1,0.28060451278863485,1,2,6,3,7
1838,olympus,clicks_finetuned_100,3+6 clicks,2,0.2716124982809883,1,2,6,3,7
1838,olympus,clicks_finetuned_100,10+20 clicks,0,0.3035745656361727,1,2,6,3,7
1838,olympus,clicks_finetuned_100,10+20 clicks,1,0.297725128672872,1,2,6,3,7
1838,olympus,clicks_finetuned_100,10+20 clicks,2,0.3007904920729768,1,2,6,3,7
1839,olympus,clicks_finetuned_100,3+6 clicks,0,0.19718203667119186,0,1,3,1,3
1839,olympus,clicks_finetuned_100,3+6 clicks,1,0.3163115047160837,0,2,3,2,3
1839,olympus,clicks_finetuned_100,3+6 clicks,2,0.3113000360749753,0,2,3,2,3
1839,olympus,clicks_finetuned_100,10+20 clicks,0,0.3170028076221247,0,2,3,2,3
1839,olympus,clicks_finetuned_100,10+20 clicks,1,0.3220715106099274,0,1,3,1,3
1839,olympus,clicks_finetuned_100,10+20 clicks,2,0.31652942868015216,0,2,3,2,3
1844,olympus,clicks_finetuned_100,3+6 clicks,0,0.6587272005084062,2,3,2,5,4
1844,olympus,clicks_finetuned_100,3+6 clicks,1,0.6473872207596257,2,3,2,5,4
1844,olympus,clicks_finetuned_100,3+6 clicks,2,0.6782037453730305,2,3,2,5,4
1844,olympus,clicks_finetuned_100,10+20 clicks,0,0.6719791658345482,2,3,2,5,4
1844,olympus,clicks_finetuned_100,10+20 clicks,1,0.6813401088033395,2,3,2,5,4
1844,olympus,clicks_finetuned_100,10+20 clicks,2,0.6853336565397679,2,3,2,5,4
1847,olympus,clicks_finetuned_100,3+6 clicks,0,0.6832189618154194,2,2,1,4,3
1847,olympus,clicks_finetuned_100,3+6 clicks,1,0.9197385991052308,3,3,0,6,3
1847,olympus,clicks_finetuned_100,3+6 clicks,2,0.8748787302096206,3,3,0,6,3
1847,olympus,clicks_finetuned_100,10+20 clicks,0,0.8097277935880024,3,2,0,5,3
1847,olympus,clicks_finetuned_100,10+20 clicks,1,0.9156987920841196,3,2,0,5,3
1847,olympus,clicks_finetuned_100,10+20 clicks,2,0.8446538126931763,3,2,0,5,3
1853,olympus,clicks_finetuned_100,3+6 clicks,0,0.32606101659261727,2,4,6,6,8
1853,olympus,clicks_finetuned_100,3+6 clicks,1,0.5574048247998677,4,3,4,7,8
1853,olympus,clicks_finetuned_100,3+6 clicks,2,0.19550184803504927,1,4,7,5,8
1853,olympus,clicks_finetuned_100,10+20 clicks,0,0.32886494290857415,2,4,6,6,8
1853,olympus,clicks_finetuned_100,10+20 clicks,1,0.5153158950054628,3,3,5,6,8
1853,olympus,clicks_finetuned_100,10+20 clicks,2,0.46659368437158266,3,3,5,6,8
1854,olympus,clicks_finetuned_100,3+6 clicks,0,0.4192778612705071,1,3,5,4,6
1854,olympus,clicks_finetuned_100,3+6 clicks,1,0.2561965403362382,0,3,6,3,6
1854,olympus,clicks_finetuned_100,3+6 clicks,2,0.45730846690696003,1,3,5,4,6
1854,olympus,clicks_finetuned_100,10+20 clicks,0,0.4417617397330536,1,3,5,4,6
1854,olympus,clicks_finetuned_100,10+20 clicks,1,0.44088622188249044,1,3,5,4,6
1854,olympus,clicks_finetuned_100,10+20 clicks,2,0.45590239986104025,1,3,5,4,6
1855,olympus,clicks_finetuned_100,3+6 clicks,0,0.5261018459471831,2,2,1,4,3
1855,olympus,clicks_finetuned_100,3+6 clicks,1,0.6954837002086268,3,1,0,4,3
1855,olympus,clicks_finetuned_100,3+6 clicks,2,0.4100766460083956,1,4,2,5,3
1855,olympus,clicks_finetuned_100,10+20 clicks,0,0.4772441267916485,1,1,2,2,3
1855,olympus,clicks_finetuned_100,10+20 clicks,1,0.5237891182233475,2,1,1,3,3
1855,olympus,clicks_finetuned_100,10+20 clicks,2,0.565282109829452,2,1,1,3,3
1863,olympus,clicks_finetuned_100,3+6 clicks,0,0.4118992542184295,1,1,3,2,4
1863,olympus,clicks_finetuned_100,3+6 clicks,1,0.668561969057333,2,1,2,3,4
1863,olympus,clicks_finetuned_100,3+6 clicks,2,0.4189630086839866,1,1,3,2,4
1863,olympus,clicks_finetuned_100,10+20 clicks,0,0.6681938313218015,2,1,2,3,4
1863,olympus,clicks_finetuned_100,10+20 clicks,1,0.676322135475464,2,1,2,3,4
1863,olympus,clicks_finetuned_100,10+20 clicks,2,0.6761898292335831,2,1,2,3,4
1870,olympus,clicks_finetuned_100,3+6 clicks,0,0.4637865850545878,3,1,4,4,7
1870,olympus,clicks_finetuned_100,3+6 clicks,1,0.4661400146781121,3,1,4,4,7
1870,olympus,clicks_finetuned_100,3+6 clicks,2,0.4938614423879639,3,1,4,4,7
1870,olympus,clicks_finetuned_100,10+20 clicks,0,0.5323111027077136,3,1,4,4,7
1870,olympus,clicks_finetuned_100,10+20 clicks,1,0.5325680285415838,3,1,4,4,7
1870,olympus,clicks_finetuned_100,10+20 clicks,2,0.5291529767515329,3,1,4,4,7
1871,olympus,clicks_finetuned_100,3+6 clicks,0,0.8458853654180912,3,0,0,3,3
1871,olympus,clicks_finetuned_100,3+6 clicks,1,0.8430048322913933,3,0,0,3,3
1871,olympus,clicks_finetuned_100,3+6 clicks,2,0.8536854593576017,3,0,0,3,3
1871,olympus,clicks_finetuned_100,10+20 clicks,0,0.9074433897446772,3,0,0,3,3
1871,olympus,clicks_finetuned_100,10+20 clicks,1,0.8133742844803359,3,0,0,3,3
1871,olympus,clicks_finetuned_100,10+20 clicks,2,0.9134904585501312,3,0,0,3,3
1888,olympus,clicks_finetuned_100,3+6 clicks,0,0.7695942877536828,3,2,1,5,4
1888,olympus,clicks_finetuned_100,3+6 clicks,1,0.7587378281098635,3,2,1,5,4
1888,olympus,clicks_finetuned_100,3+6 clicks,2,0.5484210960047473,2,2,2,4,4
1888,olympus,clicks_finetuned_100,10+20 clicks,0,0.5978668416468746,2,1,2,3,4
1888,olympus,clicks_finetuned_100,10+20 clicks,1,0.7061174184320229,3,1,1,4,4
1888,olympus,clicks_finetuned_100,10+20 clicks,2,0.7585184530200922,3,2,1,5,4
1898,olympus,clicks_finetuned_100,3+6 clicks,0,0.4597389407051945,4,2,4,6,8
1898,olympus,clicks_finetuned_100,3+6 clicks,1,0.44770118914237544,4,2,4,6,8
1898,olympus,clicks_finetuned_100,3+6 clicks,2,0.21052705768161745,1,2,7,3,8
1898,olympus,clicks_finetuned_100,10+20 clicks,0,0.18127853911885683,1,2,7,3,8
1898,olympus,clicks_finetuned_100,10+20 clicks,1,0.1947323061263107,1,2,7,3,8
1898,olympus,clicks_finetuned_100,10+20 clicks,2,0.20179726832503853,1,2,7,3,8
1944,olympus,clicks_finetuned_100,3+6 clicks,0,0.8529065344706117,2,2,0,4,2
1944,olympus,clicks_finetuned_100,3+6 clicks,1,0.8960343124148735,2,2,0,4,2
1944,olympus,clicks_finetuned_100,3+6 clicks,2,0.9386765191836064,2,1,0,3,2
1944,olympus,clicks_finetuned_100,10+20 clicks,0,0.9468859836735322,2,1,0,3,2
1944,olympus,clicks_finetuned_100,10+20 clicks,1,0.9337068986787435,2,1,0,3,2
1944,olympus,clicks_finetuned_100,10+20 clicks,2,0.9327366102073564,2,1,0,3,2
1948,olympus,clicks_finetuned_100,3+6 clicks,0,0.3098975753649695,2,2,9,4,11
1948,olympus,clicks_finetuned_100,3+6 clicks,1,0.4050027866310644,3,2,8,5,11
1948,olympus,clicks_finetuned_100,3+6 clicks,2,0.21917135858492306,2,1,9,3,11
1948,olympus,clicks_finetuned_100,10+20 clicks,0,0.3227524374974333,3,1,8,4,11
1948,olympus,clicks_finetuned_100,10+20 clicks,1,0.35920989832586797,2,3,9,5,11
1948,olympus,clicks_finetuned_100,10+20 clicks,2,0.2319753118815047,2,1,9,3,11
1954,olympus,clicks_finetuned_100,3+6 clicks,0,0.2702597732365189,0,1,3,1,3
1954,olympus,clicks_finetuned_100,3+6 clicks,1,0.2738489472559289,0,1,3,1,3
1954,olympus,clicks_finetuned_100,3+6 clicks,2,0.2880371372589788,0,1,3,1,3
1954,olympus,clicks_finetuned_100,10+20 clicks,0,0.29979831821474745,0,1,3,1,3
1954,olympus,clicks_finetuned_100,10+20 clicks,1,0.2942418743503173,0,1,3,1,3
1954,olympus,clicks_finetuned_100,10+20 clicks,2,0.2847585774421238,0,1,3,1,3
1957,olympus,clicks_finetuned_100,3+6 clicks,0,0.4154507768020623,0,4,4,4,4
1957,olympus,clicks_finetuned_100,3+6 clicks,1,0.40684225566114507,0,4,4,4,4
1957,olympus,clicks_finetuned_100,3+6 clicks,2,0.44101437908477165,1,3,3,4,4
1957,olympus,clicks_finetuned_100,10+20 clicks,0,0.5892848344728164,2,2,2,4,4
1957,olympus,clicks_finetuned_100,10+20 clicks,1,0.4349403808945177,0,4,4,4,4
1957,olympus,clicks_finetuned_100,10+20 clicks,2,0.6503938804553762,2,2,2,4,4
1959,olympus,clicks_finetuned_100,3+6 clicks,0,0.923620468449077,2,1,0,3,2
1959,olympus,clicks_finetuned_100,3+6 clicks,1,0.9142851597258654,2,1,0,3,2
1959,olympus,clicks_finetuned_100,3+6 clicks,2,0.9105640140327709,2,1,0,3,2
1959,olympus,clicks_finetuned_100,10+20 clicks,0,0.9186464276736421,2,1,0,3,2
1959,olympus,clicks_finetuned_100,10+20 clicks,1,0.9210025206731915,2,1,0,3,2
1959,olympus,clicks_finetuned_100,10+20 clicks,2,0.9161707208221295,2,0,0,2,2
1963,olympus,clicks_finetuned_100,3+6 clicks,0,0.7517818187473791,6,0,1,6,7
1963,olympus,clicks_finetuned_100,3+6 clicks,1,0.7371423669269881,6,0,1,6,7
1963,olympus,clicks_finetuned_100,3+6 clicks,2,0.9176532372846598,7,0,0,7,7
1963,olympus,clicks_finetuned_100,10+20 clicks,0,0.7786509977396233,6,0,1,6,7
1963,olympus,clicks_finetuned_100,10+20 clicks,1,0.7824963005323616,6,0,1,6,7
1963,olympus,clicks_finetuned_100,10+20 clicks,2,0.7797045647576428,6,0,1,6,7
1967,olympus,clicks_finetuned_100,3+6 clicks,0,0.6388080921375517,3,1,2,4,5
1967,olympus,clicks_finetuned_100,3+6 clicks,1,0.6576077133409151,3,1,2,4,5
1967,olympus,clicks_finetuned_100,3+6 clicks,2,0.6609028604443721,3,1,2,4,5
1967,olympus,clicks_finetuned_100,10+20 clicks,0,0.6697068764778568,3,1,2,4,5
1967,olympus,clicks_finetuned_100,10+20 clicks,1,0.6820801439253337,3,1,2,4,5
1967,olympus,clicks_finetuned_100,10+20 clicks,2,0.6711996303252119,3,1,2,4,5
1970,olympus,clicks_finetuned_100,3+6 clicks,0,0.3168017382382091,1,2,7,3,8
1970,olympus,clicks_finetuned_100,3+6 clicks,1,0.3256530271622976,1,2,7,3,8
1970,olympus,clicks_finetuned_100,3+6 clicks,2,0.3220856142581883,1,2,7,3,8
1970,olympus,clicks_finetuned_100,10+20 clicks,0,0.34456821564821893,1,2,7,3,8
1970,olympus,clicks_finetuned_100,10+20 clicks,1,0.3423816621620732,1,2,7,3,8
1970,olympus,clicks_finetuned_100,10+20 clicks,2,0.337161592043678,1,2,7,3,8
1972,olympus,clicks_finetuned_100,3+6 clicks,0,0.30402181236441567,0,1,3,1,3
1972,olympus,clicks_finetuned_100,3+6 clicks,1,0.2994572437706997,0,1,3,1,3
1972,olympus,clicks_finetuned_100,3+6 clicks,2,0.31408395431799124,0,1,3,1,3
1972,olympus,clicks_finetuned_100,10+20 clicks,0,0.3152123607977509,0,1,3,1,3
1972,olympus,clicks_finetuned_100,10+20 clicks,1,0.31670324482005724,0,1,3,1,3
1972,olympus,clicks_finetuned_100,10+20 clicks,2,0.315177841930719,0,1,3,1,3
1981,olympus,clicks_finetuned_100,3+6 clicks,0,0.3193689965195472,1,6,3,7,4
1981,olympus,clicks_finetuned_100,3+6 clicks,1,0.37527590036182057,1,6,3,7,4
1981,olympus,clicks_finetuned_100,3+6 clicks,2,0.32270090192819634,1,6,3,7,4
1981,olympus,clicks_finetuned_100,10+20 clicks,0,0.37907124679573434,1,6,3,7,4
1981,olympus,clicks_finetuned_100,10+20 clicks,1,0.24684735344969427,0,6,4,6,4
1981,olympus,clicks_finetuned_100,10+20 clicks,2,0.3706500452493854,1,6,3,7,4
1984,olympus,clicks_finetuned_100,3+6 clicks,0,0.7379692867583275,2,4,1,6,3
1984,olympus,clicks_finetuned_100,3+6 clicks,1,0.7718478241480259,3,2,0,5,3
1984,olympus,clicks_finetuned_100,3+6 clicks,2,0.7755108591205437,3,2,0,5,3
1984,olympus,clicks_finetuned_100,10+20 clicks,0,0.8201112647508118,3,0,0,3,3
1984,olympus,clicks_finetuned_100,10+20 clicks,1,0.7521997635359198,3,1,0,4,3
1984,olympus,clicks_finetuned_100,10+20 clicks,2,0.8704354079307869,3,1,0,4,3
1992,olympus,clicks_finetuned_100,3+6 clicks,0,0.25624969310633455,1,2,5,3,6
1992,olympus,clicks_finetuned_100,3+6 clicks,1,0.3325444479264186,1,2,5,3,6
1992,olympus,clicks_finetuned_100,3+6 clicks,2,0.29190161074315824,1,2,5,3,6
1992,olympus,clicks_finetuned_100,10+20 clicks,0,0.19280039197163926,1,2,5,3,6
1992,olympus,clicks_finetuned_100,10+20 clicks,1,0.28853423880669454,1,2,5,3,6
1992,olympus,clicks_finetuned_100,10+20 clicks,2,0.23909026928578717,1,2,5,3,6
1993,olympus,clicks_finetuned_100,3+6 clicks,0,0.22461146903308488,3,1,10,4,13
1993,olympus,clicks_finetuned_100,3+6 clicks,1,0.22950114032641997,3,1,10,4,13
1993,olympus,clicks_finetuned_100,3+6 clicks,2,0.18189877797325812,2,1,11,3,13
1993,olympus,clicks_finetuned_100,10+20 clicks,0,0.21288832371992925,1,3,12,4,13
1993,olympus,clicks_finetuned_100,10+20 clicks,1,0.2154043274269069,3,1,10,4,13
1993,olympus,clicks_finetuned_100,10+20 clicks,2,0.17794014732109284,2,1,11,3,13
1994,olympus,clicks_finetuned_100,3+6 clicks,0,0.3565957540185899,3,2,7,5,10
1994,olympus,clicks_finetuned_100,3+6 clicks,1,0.36359141566398157,3,2,7,5,10
1994,olympus,clicks_finetuned_100,3+6 clicks,2,0.42579143292261135,4,3,6,7,10
1994,olympus,clicks_finetuned_100,10+20 clicks,0,0.4130972872122401,4,3,6,7,10
1994,olympus,clicks_finetuned_100,10+20 clicks,1,0.42309479351115015,4,3,6,7,10
1994,olympus,clicks_finetuned_100,10+20 clicks,2,0.4185138930432878,4,3,6,7,10
2013,olympus,clicks_finetuned_100,3+6 clicks,0,0.41703589657680884,2,2,7,4,9
2013,olympus,clicks_finetuned_100,3+6 clicks,1,0.4114237207577567,2,2,7,4,9
2013,olympus,clicks_finetuned_100,3+6 clicks,2,0.4128583518317818,2,3,7,5,9
2013,olympus,clicks_finetuned_100,10+20 clicks,0,0.5185055822748214,3,2,6,5,9
2013,olympus,clicks_finetuned_100,10+20 clicks,1,0.4142507365985928,2,3,7,5,9
2013,olympus,clicks_finetuned_100,10+20 clicks,2,0.419084233833393,2,2,7,4,9
2015,olympus,clicks_finetuned_100,3+6 clicks,0,0.289662794194453,2,2,10,4,12
2015,olympus,clicks_finetuned_100,3+6 clicks,1,0.38031109636537824,3,2,9,5,12
2015,olympus,clicks_finetuned_100,3+6 clicks,2,0.518922735395169,6,1,6,7,12
2015,olympus,clicks_finetuned_100,10+20 clicks,0,0.38133012764982493,3,2,9,5,12
2015,olympus,clicks_finetuned_100,10+20 clicks,1,0.5316912062746971,6,1,6,7,12
2015,olympus,clicks_finetuned_100,10+20 clicks,2,0.533484639360788,6,1,6,7,12
2025,olympus,clicks_finetuned_100,3+6 clicks,0,0.5544980249957217,3,1,3,4,6
2025,olympus,clicks_finetuned_100,3+6 clicks,1,0.30747347147051746,1,3,5,4,6
2025,olympus,clicks_finetuned_100,3+6 clicks,2,0.2702970828885583,1,2,5,3,6
2025,olympus,clicks_finetuned_100,10+20 clicks,0,0.3062641675920419,1,3,5,4,6
2025,olympus,clicks_finetuned_100,10+20 clicks,1,0.46018946936589034,1,2,5,3,6
2025,olympus,clicks_finetuned_100,10+20 clicks,2,0.3059218399095603,1,3,5,4,6
2026,olympus,clicks_finetuned_100,3+6 clicks,0,0.1360065558511875,0,2,5,2,5
2026,olympus,clicks_finetuned_100,3+6 clicks,1,0.16265911364431065,0,4,5,4,5
2026,olympus,clicks_finetuned_100,3+6 clicks,2,0.1428876090331273,0,2,5,2,5
2026,olympus,clicks_finetuned_100,10+20 clicks,0,0.11686738187268275,0,2,5,2,5
2026,olympus,clicks_finetuned_100,10+20 clicks,1,0.1476148736741079,0,2,5,2,5
2026,olympus,clicks_finetuned_100,10+20 clicks,2,0.1203057126960653,0,4,5,4,5
2033,olympus,clicks_finetuned_100,3+6 clicks,0,0.8776809126678243,5,1,0,6,5
2033,olympus,clicks_finetuned_100,3+6 clicks,1,0.7576886852573923,5,0,0,5,5
2033,olympus,clicks_finetuned_100,3+6 clicks,2,0.8789930989052088,5,1,0,6,5
2033,olympus,clicks_finetuned_100,10+20 clicks,0,0.8514416615893007,5,1,0,6,5
2033,olympus,clicks_finetuned_100,10+20 clicks,1,0.7070003895549518,4,0,1,4,5
2033,olympus,clicks_finetuned_100,10+20 clicks,2,0.8782438406198029,5,1,0,6,5
203,nikon,clicks_finetuned_100,3+6 clicks,0,0.3996907556558776,1,2,3,3,4
203,nikon,clicks_finetuned_100,3+6 clicks,1,0.5182900363186117,1,3,3,4,4
203,nikon,clicks_finetuned_100,3+6 clicks,2,0.38582946860390266,0,1,4,1,4
203,nikon,clicks_finetuned_100,10+20 clicks,0,0.5761827408955078,1,2,3,3,4
203,nikon,clicks_finetuned_100,10+20 clicks,1,0.5490033217890222,1,3,3,4,4
203,nikon,clicks_finetuned_100,10+20 clicks,2,0.4454738384508621,1,2,3,3,4
2046,olympus,clicks_finetuned_100,3+6 clicks,0,0.41036154479724135,2,1,2,3,4
2046,olympus,clicks_finetuned_100,3+6 clicks,1,0.6854527477146469,3,1,1,4,4
2046,olympus,clicks_finetuned_100,3+6 clicks,2,0.6755656879786847,3,1,1,4,4
2046,olympus,clicks_finetuned_100,10+20 clicks,0,0.6902182948071847,3,1,1,4,4
2046,olympus,clicks_finetuned_100,10+20 clicks,1,0.6823267780001033,3,0,1,3,4
2046,olympus,clicks_finetuned_100,10+20 clicks,2,0.6808316838014428,3,1,1,4,4
2047,olympus,clicks_finetuned_100,3+6 clicks,0,0.2712516272343028,1,3,7,4,8
2047,olympus,clicks_finetuned_100,3+6 clicks,1,0.5753562506928153,4,2,4,6,8
2047,olympus,clicks_finetuned_100,3+6 clicks,2,0.5593242324117791,3,3,5,6,8
2047,olympus,clicks_finetuned_100,10+20 clicks,0,0.437755644026985,2,3,6,5,8
2047,olympus,clicks_finetuned_100,10+20 clicks,1,0.5833193619276474,5,1,3,6,8
2047,olympus,clicks_finetuned_100,10+20 clicks,2,0.7230933123878138,6,1,2,7,8
2052,olympus,clicks_finetuned_100,3+6 clicks,0,0.47255745270997385,2,1,2,3,4
2052,olympus,clicks_finetuned_100,3+6 clicks,1,0.490866183024889,2,1,2,3,4
2052,olympus,clicks_finetuned_100,3+6 clicks,2,0.4764988202120932,2,1,2,3,4
2052,olympus,clicks_finetuned_100,10+20 clicks,0,0.48435249172856176,1,2,3,3,4
2052,olympus,clicks_finetuned_100,10+20 clicks,1,0.41491302427429916,1,2,3,3,4
2052,olympus,clicks_finetuned_100,10+20 clicks,2,0.41710856871915836,1,2,3,3,4
2060,olympus,clicks_finetuned_100,3+6 clicks,0,0.6340540805011319,2,1,1,3,3
2060,olympus,clicks_finetuned_100,3+6 clicks,1,0.5726789014131676,2,1,1,3,3
2060,olympus,clicks_finetuned_100,3+6 clicks,2,0.57135499842613,2,1,1,3,3
2060,olympus,clicks_finetuned_100,10+20 clicks,0,0.6333124665002314,2,1,1,3,3
2060,olympus,clicks_finetuned_100,10+20 clicks,1,0.6312490394587331,2,1,1,3,3
2060,olympus,clicks_finetuned_100,10+20 clicks,2,0.6280505161231074,2,1,1,3,3
2063,olympus,clicks_finetuned_100,3+6 clicks,0,0.5397746329155609,3,5,5,8,8
2063,olympus,clicks_finetuned_100,3+6 clicks,1,0.4544496748954479,2,5,6,7,8
2063,olympus,clicks_finetuned_100,3+6 clicks,2,0.5330140135906543,3,5,5,8,8
2063,olympus,clicks_finetuned_100,10+20 clicks,0,0.536094092356148,4,3,4,7,8
2063,olympus,clicks_finetuned_100,10+20 clicks,1,0.5934847442995457,4,5,4,9,8
2063,olympus,clicks_finetuned_100,10+20 clicks,2,0.5423978711923778,4,3,4,7,8
206,nikon,clicks_finetuned_100,3+6 clicks,0,0.57467363571221,3,2,2,5,5
206,nikon,clicks_finetuned_100,3+6 clicks,1,0.6399704655163478,3,2,2,5,5
206,nikon,clicks_finetuned_100,3+6 clicks,2,0.6325545468832736,3,2,2,5,5
206,nikon,clicks_finetuned_100,10+20 clicks,0,0.75561920146254,3,1,2,4,5
206,nikon,clicks_finetuned_100,10+20 clicks,1,0.8676265126320096,5,1,0,6,5
206,nikon,clicks_finetuned_100,10+20 clicks,2,0.848856345053122,5,1,0,6,5
2071,olympus,clicks_finetuned_100,3+6 clicks,0,0.6010816632552499,2,2,3,4,5
2071,olympus,clicks_finetuned_100,3+6 clicks,1,0.5938253569350873,3,1,2,4,5
2071,olympus,clicks_finetuned_100,3+6 clicks,2,0.5460476261195828,2,3,3,5,5
2071,olympus,clicks_finetuned_100,10+20 clicks,0,0.5987941839065346,3,1,2,4,5
2071,olympus,clicks_finetuned_100,10+20 clicks,1,0.5992878985316363,2,2,3,4,5
2071,olympus,clicks_finetuned_100,10+20 clicks,2,0.6013031477941478,2,2,3,4,5
2073,olympus,clicks_finetuned_100,3+6 clicks,0,0.6277631752052194,2,1,2,3,4
2073,olympus,clicks_finetuned_100,3+6 clicks,1,0.19253012088341143,0,1,4,1,4
2073,olympus,clicks_finetuned_100,3+6 clicks,2,0.1894779126526094,0,2,4,2,4
2073,olympus,clicks_finetuned_100,10+20 clicks,0,0.201572860881929,0,1,4,1,4
2073,olympus,clicks_finetuned_100,10+20 clicks,1,0.19928843287552073,0,1,4,1,4
2073,olympus,clicks_finetuned_100,10+20 clicks,2,0.19963969820673272,0,1,4,1,4
2078,olympus,clicks_finetuned_100,3+6 clicks,0,0.30048910809224394,1,3,6,4,7
2078,olympus,clicks_finetuned_100,3+6 clicks,1,0.28465013702822833,1,2,6,3,7
2078,olympus,clicks_finetuned_100,3+6 clicks,2,0.2660726284638501,1,2,6,3,7
2078,olympus,clicks_finetuned_100,10+20 clicks,0,0.2754047225607964,1,2,6,3,7
2078,olympus,clicks_finetuned_100,10+20 clicks,1,0.2771299372858882,1,2,6,3,7
2078,olympus,clicks_finetuned_100,10+20 clicks,2,0.2830092050529993,1,2,6,3,7
207,nikon,clicks_finetuned_100,3+6 clicks,0,0.551712719764897,4,1,2,5,6
207,nikon,clicks_finetuned_100,3+6 clicks,1,0.5796909715117278,4,1,2,5,6
207,nikon,clicks_finetuned_100,3+6 clicks,2,0.6100454133414952,4,1,2,5,6
207,nikon,clicks_finetuned_100,10+20 clicks,0,0.5299227776793274,4,2,2,6,6
207,nikon,clicks_finetuned_100,10+20 clicks,1,0.6670721126189187,3,1,3,4,6
207,nikon,clicks_finetuned_100,10+20 clicks,2,0.6838255920353156,3,1,3,4,6
2082,olympus,clicks_finetuned_100,3+6 clicks,0,0.2488534300504987,0,2,5,2,5
2082,olympus,clicks_finetuned_100,3+6 clicks,1,0.10497249481537722,0,3,5,3,5
2082,olympus,clicks_finetuned_100,3+6 clicks,2,0.1670077604183155,0,2,5,2,5
2082,olympus,clicks_finetuned_100,10+20 clicks,0,0.25746714811183624,0,2,5,2,5
2082,olympus,clicks_finetuned_100,10+20 clicks,1,0.09266838126911998,0,3,5,3,5
2082,olympus,clicks_finetuned_100,10+20 clicks,2,0.26404092218516917,0,2,5,2,5
2086,olympus,clicks_finetuned_100,3+6 clicks,0,0.4182280726326601,1,2,3,3,4
2086,olympus,clicks_finetuned_100,3+6 clicks,1,0.4181553291215937,1,2,3,3,4
2086,olympus,clicks_finetuned_100,3+6 clicks,2,0.47109269389553143,1,1,3,2,4
2086,olympus,clicks_finetuned_100,10+20 clicks,0,0.46582643222885717,1,1,3,2,4
2086,olympus,clicks_finetuned_100,10+20 clicks,1,0.4667602314390701,1,1,3,2,4
2086,olympus,clicks_finetuned_100,10+20 clicks,2,0.4689195752700437,1,1,3,2,4
2087,olympus,clicks_finetuned_100,3+6 clicks,0,0.46829242635253554,3,3,7,6,10
2087,olympus,clicks_finetuned_100,3+6 clicks,1,0.227735374835799,1,2,9,3,10
2087,olympus,clicks_finetuned_100,3+6 clicks,2,0.4523085118664264,3,2,7,5,10
2087,olympus,clicks_finetuned_100,10+20 clicks,0,0.4475385223069118,3,2,7,5,10
2087,olympus,clicks_finetuned_100,10+20 clicks,1,0.4444933360053301,3,2,7,5,10
2087,olympus,clicks_finetuned_100,10+20 clicks,2,0.4477090672877237,3,2,7,5,10
208,nikon,clicks_finetuned_100,3+6 clicks,0,0.7543568939975028,5,0,1,5,6
208,nikon,clicks_finetuned_100,3+6 clicks,1,0.7356612189774187,5,1,1,6,6
208,nikon,clicks_finetuned_100,3+6 clicks,2,0.7242602670817319,4,1,2,5,6
208,nikon,clicks_finetuned_100,10+20 clicks,0,0.7533750079850798,5,0,1,5,6
208,nikon,clicks_finetuned_100,10+20 clicks,1,0.7547881921910631,5,0,1,5,6
208,nikon,clicks_finetuned_100,10+20 clicks,2,0.7513762220925678,5,0,1,5,6
2105,olympus,clicks_finetuned_100,3+6 clicks,0,0.19951158304348585,0,3,14,3,14
2105,olympus,clicks_finetuned_100,3+6 clicks,1,0.12063952990339447,0,3,14,3,14
2105,olympus,clicks_finetuned_100,3+6 clicks,2,0.12741866092802148,0,2,14,2,14
2105,olympus,clicks_finetuned_100,10+20 clicks,0,0.26599948382576055,1,3,13,4,14
2105,olympus,clicks_finetuned_100,10+20 clicks,1,0.12814105016760252,0,2,14,2,14
2105,olympus,clicks_finetuned_100,10+20 clicks,2,0.1285446167564284,0,2,14,2,14
2110,olympus,clicks_finetuned_100,3+6 clicks,0,0.46588291262748455,1,2,1,3,2
2110,olympus,clicks_finetuned_100,3+6 clicks,1,0.4571440150312399,1,2,1,3,2
2110,olympus,clicks_finetuned_100,3+6 clicks,2,0.47384079646011557,1,0,1,1,2
2110,olympus,clicks_finetuned_100,10+20 clicks,0,0.4740950551394256,1,0,1,1,2
2110,olympus,clicks_finetuned_100,10+20 clicks,1,0.4749957752456466,1,0,1,1,2
2110,olympus,clicks_finetuned_100,10+20 clicks,2,0.4762698321604901,1,0,1,1,2
2122,olympus,clicks_finetuned_100,3+6 clicks,0,0.3335991259423201,0,2,4,2,4
2122,olympus,clicks_finetuned_100,3+6 clicks,1,0.5584211098838919,2,1,2,3,4
2122,olympus,clicks_finetuned_100,3+6 clicks,2,0.4760516822829973,2,1,2,3,4
2122,olympus,clicks_finetuned_100,10+20 clicks,0,0.5588494285876094,2,1,2,3,4
2122,olympus,clicks_finetuned_100,10+20 clicks,1,0.8576241823370901,3,0,1,3,4
2122,olympus,clicks_finetuned_100,10+20 clicks,2,0.8570315633772906,3,1,1,4,4
2139,olympus,clicks_finetuned_100,3+6 clicks,0,0.16328932628589654,0,2,10,2,10
2139,olympus,clicks_finetuned_100,3+6 clicks,1,0.24516746847228044,1,2,9,3,10
2139,olympus,clicks_finetuned_100,3+6 clicks,2,0.1186485840961847,1,1,9,2,10
2139,olympus,clicks_finetuned_100,10+20 clicks,0,0.23147657320762036,1,2,9,3,10
2139,olympus,clicks_finetuned_100,10+20 clicks,1,0.1877521378434217,0,2,10,2,10
2139,olympus,clicks_finetuned_100,10+20 clicks,2,0.23535506385986302,1,2,9,3,10
2142,olympus,clicks_finetuned_100,3+6 clicks,0,0.43587595506298377,4,3,7,7,11
2142,olympus,clicks_finetuned_100,3+6 clicks,1,0.6685336350268701,7,3,4,10,11
2142,olympus,clicks_finetuned_100,3+6 clicks,2,0.3460343360157896,1,5,10,6,11
2142,olympus,clicks_finetuned_100,10+20 clicks,0,0.5924767784256108,6,2,5,8,11
2142,olympus,clicks_finetuned_100,10+20 clicks,1,0.6545346119853727,7,2,4,9,11
2142,olympus,clicks_finetuned_100,10+20 clicks,2,0.49293648411086666,5,2,6,7,11
2145,olympus,clicks_finetuned_100,3+6 clicks,0,0.16205405086315683,2,2,13,4,15
2145,olympus,clicks_finetuned_100,3+6 clicks,1,0.21067191442074956,3,2,12,5,15
2145,olympus,clicks_finetuned_100,3+6 clicks,2,0.10374299693596484,0,4,15,4,15
2145,olympus,clicks_finetuned_100,10+20 clicks,0,0.19204814109436094,2,3,13,5,15
2145,olympus,clicks_finetuned_100,10+20 clicks,1,0.22011843882477838,3,2,12,5,15
2145,olympus,clicks_finetuned_100,10+20 clicks,2,0.10619117034020793,1,3,14,4,15
2159,olympus,clicks_finetuned_100,3+6 clicks,0,0.7326378214265429,6,1,1,7,7
2159,olympus,clicks_finetuned_100,3+6 clicks,1,0.7721030715355767,6,1,1,7,7
2159,olympus,clicks_finetuned_100,3+6 clicks,2,0.6113285703323953,5,1,2,6,7
2159,olympus,clicks_finetuned_100,10+20 clicks,0,0.6988867421238691,5,1,2,6,7
2159,olympus,clicks_finetuned_100,10+20 clicks,1,0.7780010746859994,6,1,1,7,7
2159,olympus,clicks_finetuned_100,10+20 clicks,2,0.7378084492185801,6,1,1,7,7
2160,olympus,clicks_finetuned_100,3+6 clicks,0,0.4787289219183157,5,2,6,7,11
2160,olympus,clicks_finetuned_100,3+6 clicks,1,0.7037092603954045,8,2,3,10,11
2160,olympus,clicks_finetuned_100,3+6 clicks,2,0.6611100196933167,7,1,4,8,11
2160,olympus,clicks_finetuned_100,10+20 clicks,0,0.5540248349617394,5,3,6,8,11
2160,olympus,clicks_finetuned_100,10+20 clicks,1,0.5543708364387498,6,2,5,8,11
2160,olympus,clicks_finetuned_100,10+20 clicks,2,0.6514371503202239,7,2,4,9,11
2174,olympus,clicks_finetuned_100,3+6 clicks,0,0.7805807089150325,3,2,0,5,3
2174,olympus,clicks_finetuned_100,3+6 clicks,1,0.904707215642194,3,2,0,5,3
2174,olympus,clicks_finetuned_100,3+6 clicks,2,0.8437599154268739,3,2,0,5,3
2174,olympus,clicks_finetuned_100,10+20 clicks,0,0.8714344981814305,3,2,0,5,3
2174,olympus,clicks_finetuned_100,10+20 clicks,1,0.877571081335403,3,2,0,5,3
2174,olympus,clicks_finetuned_100,10+20 clicks,2,0.9145988640881441,3,2,0,5,3
2178,olympus,clicks_finetuned_100,3+6 clicks,0,0.5470180323483048,1,3,2,4,3
2178,olympus,clicks_finetuned_100,3+6 clicks,1,0.5548330643405536,2,2,1,4,3
2178,olympus,clicks_finetuned_100,3+6 clicks,2,0.39241682169187414,0,4,3,4,3
2178,olympus,clicks_finetuned_100,10+20 clicks,0,0.5784061714759581,1,3,2,4,3
2178,olympus,clicks_finetuned_100,10+20 clicks,1,0.5822138403913165,2,2,1,4,3
2178,olympus,clicks_finetuned_100,10+20 clicks,2,0.5454833061295775,1,3,2,4,3
2184,olympus,clicks_finetuned_100,3+6 clicks,0,0.4426469559608842,1,1,3,2,4
2184,olympus,clicks_finetuned_100,3+6 clicks,1,0.4247493185325761,1,1,3,2,4
2184,olympus,clicks_finetuned_100,3+6 clicks,2,0.4329310715745049,1,1,3,2,4
2184,olympus,clicks_finetuned_100,10+20 clicks,0,0.46106361211206354,1,1,3,2,4
2184,olympus,clicks_finetuned_100,10+20 clicks,1,0.45987764434971484,1,1,3,2,4
2184,olympus,clicks_finetuned_100,10+20 clicks,2,0.4554330020708457,1,1,3,2,4
2186,olympus,clicks_finetuned_100,3+6 clicks,0,0.42782420455687875,1,2,5,3,6
2186,olympus,clicks_finetuned_100,3+6 clicks,1,0.44496070265099524,1,2,5,3,6
2186,olympus,clicks_finetuned_100,3+6 clicks,2,0.37550039538583274,1,3,5,4,6
2186,olympus,clicks_finetuned_100,10+20 clicks,0,0.4459046002651416,1,2,5,3,6
2186,olympus,clicks_finetuned_100,10+20 clicks,1,0.44739722127918613,1,2,5,3,6
2186,olympus,clicks_finetuned_100,10+20 clicks,2,0.4457189391592346,1,2,5,3,6
2188,olympus,clicks_finetuned_100,3+6 clicks,0,0.4094454470980753,1,3,3,4,4
2188,olympus,clicks_finetuned_100,3+6 clicks,1,0.1415435255123663,0,3,4,3,4
2188,olympus,clicks_finetuned_100,3+6 clicks,2,0.6063406715348615,2,3,2,5,4
2188,olympus,clicks_finetuned_100,10+20 clicks,0,0.6197531891137352,2,3,2,5,4
2188,olympus,clicks_finetuned_100,10+20 clicks,1,0.6134547248592331,3,2,1,5,4
2188,olympus,clicks_finetuned_100,10+20 clicks,2,0.5766792674765158,2,3,2,5,4
2189,olympus,clicks_finetuned_100,3+6 clicks,0,0.41947611170094756,2,2,5,4,7
2189,olympus,clicks_finetuned_100,3+6 clicks,1,0.3232460407526824,2,1,5,3,7
2189,olympus,clicks_finetuned_100,3+6 clicks,2,0.40707697615208355,2,2,5,4,7
2189,olympus,clicks_finetuned_100,10+20 clicks,0,0.3265090501869909,2,1,5,3,7
2189,olympus,clicks_finetuned_100,10+20 clicks,1,0.4223410673657034,2,3,5,5,7
2189,olympus,clicks_finetuned_100,10+20 clicks,2,0.33077155540099895,2,1,5,3,7
2192,olympus,clicks_finetuned_100,3+6 clicks,0,0.33940024585718953,2,1,5,3,7
2192,olympus,clicks_finetuned_100,3+6 clicks,1,0.3640051531025269,1,2,6,3,7
2192,olympus,clicks_finetuned_100,3+6 clicks,2,0.29840012576686714,1,1,6,2,7
2192,olympus,clicks_finetuned_100,10+20 clicks,0,0.35873708113720726,1,2,6,3,7
2192,olympus,clicks_finetuned_100,10+20 clicks,1,0.36509554160012087,1,2,6,3,7
2192,olympus,clicks_finetuned_100,10+20 clicks,2,0.36499159831522415,1,2,6,3,7
2200,olympus,clicks_finetuned_100,3+6 clicks,0,0.5735281647378867,4,1,3,5,7
2200,olympus,clicks_finetuned_100,3+6 clicks,1,0.5784210835199751,4,1,3,5,7
2200,olympus,clicks_finetuned_100,3+6 clicks,2,0.5614771091191925,4,1,3,5,7
2200,olympus,clicks_finetuned_100,10+20 clicks,0,0.579767187031686,4,1,3,5,7
2200,olympus,clicks_finetuned_100,10+20 clicks,1,0.585908588603937,4,1,3,5,7
2200,olympus,clicks_finetuned_100,10+20 clicks,2,0.5923145872225868,4,1,3,5,7
2216,olympus,clicks_finetuned_100,3+6 clicks,0,0.5295117435547667,2,2,3,4,5
2216,olympus,clicks_finetuned_100,3+6 clicks,1,0.557749176956028,2,2,3,4,5
2216,olympus,clicks_finetuned_100,3+6 clicks,2,0.5192276239955789,2,2,3,4,5
2216,olympus,clicks_finetuned_100,10+20 clicks,0,0.5355756314919976,2,2,3,4,5
2216,olympus,clicks_finetuned_100,10+20 clicks,1,0.5495229256842084,2,2,3,4,5
2216,olympus,clicks_finetuned_100,10+20 clicks,2,0.5548980483957151,2,2,3,4,5
2221,olympus,clicks_finetuned_100,3+6 clicks,0,0.88720171581067,3,0,0,3,3
2221,olympus,clicks_finetuned_100,3+6 clicks,1,0.8842062092931321,3,0,0,3,3
2221,olympus,clicks_finetuned_100,3+6 clicks,2,0.8652492087097324,3,0,0,3,3
2221,olympus,clicks_finetuned_100,10+20 clicks,0,0.9087969848374714,3,0,0,3,3
2221,olympus,clicks_finetuned_100,10+20 clicks,1,0.9069178362395314,3,0,0,3,3
2221,olympus,clicks_finetuned_100,10+20 clicks,2,0.9110917237611718,3,0,0,3,3
2227,olympus,clicks_finetuned_100,3+6 clicks,0,0.3615479608582135,1,3,3,4,4
2227,olympus,clicks_finetuned_100,3+6 clicks,1,0.336744240202433,0,4,4,4,4
2227,olympus,clicks_finetuned_100,3+6 clicks,2,0.35480270197327535,1,3,3,4,4
2227,olympus,clicks_finetuned_100,10+20 clicks,0,0.36332498899634086,1,3,3,4,4
2227,olympus,clicks_finetuned_100,10+20 clicks,1,0.36418299355137196,1,3,3,4,4
2227,olympus,clicks_finetuned_100,10+20 clicks,2,0.3689579773930335,1,2,3,3,4
2258,olympus,clicks_finetuned_100,3+6 clicks,0,0.46381208595346096,3,4,7,7,10
2258,olympus,clicks_finetuned_100,3+6 clicks,1,0.42070876961039466,3,5,7,8,10
2258,olympus,clicks_finetuned_100,3+6 clicks,2,0.6256365178766625,5,6,5,11,10
2258,olympus,clicks_finetuned_100,10+20 clicks,0,0.6288493223461663,6,4,4,10,10
2258,olympus,clicks_finetuned_100,10+20 clicks,1,0.6378342302027302,5,4,5,9,10
2258,olympus,clicks_finetuned_100,10+20 clicks,2,0.5287226686563649,5,3,5,8,10
2276,olympus,clicks_finetuned_100,3+6 clicks,0,0.276969909048935,1,3,7,4,8
2276,olympus,clicks_finetuned_100,3+6 clicks,1,0.04724033727563527,0,1,8,1,8
2276,olympus,clicks_finetuned_100,3+6 clicks,2,0.290311779019448,1,3,7,4,8
2276,olympus,clicks_finetuned_100,10+20 clicks,0,0.28614070658008767,1,3,7,4,8
2276,olympus,clicks_finetuned_100,10+20 clicks,1,0.29071994235931853,1,3,7,4,8
2276,olympus,clicks_finetuned_100,10+20 clicks,2,0.2547281829917376,1,2,7,3,8
2295,olympus,clicks_finetuned_100,3+6 clicks,0,0.056951014835666454,0,1,12,1,12
2295,olympus,clicks_finetuned_100,3+6 clicks,1,0.057752900676446395,0,1,12,1,12
2295,olympus,clicks_finetuned_100,3+6 clicks,2,0.0604048674295736,0,1,12,1,12
2295,olympus,clicks_finetuned_100,10+20 clicks,0,0.22288109250032576,0,3,12,3,12
2295,olympus,clicks_finetuned_100,10+20 clicks,1,0.1208051273226175,0,2,12,2,12
2295,olympus,clicks_finetuned_100,10+20 clicks,2,0.4249162281693775,3,3,9,6,12
2299,olympus,clicks_finetuned_100,3+6 clicks,0,0.8367661298929158,3,1,0,4,3
2299,olympus,clicks_finetuned_100,3+6 clicks,1,0.8005846612422894,3,1,0,4,3
2299,olympus,clicks_finetuned_100,3+6 clicks,2,0.8954947639644993,3,1,0,4,3
2299,olympus,clicks_finetuned_100,10+20 clicks,0,0.9115696847661249,3,1,0,4,3
2299,olympus,clicks_finetuned_100,10+20 clicks,1,0.8985073760677148,3,1,0,4,3
2299,olympus,clicks_finetuned_100,10+20 clicks,2,0.8707170554381957,3,1,0,4,3
2301,olympus,clicks_finetuned_100,3+6 clicks,0,0.5205819936535653,3,2,3,5,6
2301,olympus,clicks_finetuned_100,3+6 clicks,1,0.5310966666950973,3,2,3,5,6
2301,olympus,clicks_finetuned_100,3+6 clicks,2,0.533349890782401,3,2,3,5,6
2301,olympus,clicks_finetuned_100,10+20 clicks,0,0.5394329146255491,3,2,3,5,6
2301,olympus,clicks_finetuned_100,10+20 clicks,1,0.5320407099399329,3,2,3,5,6
2301,olympus,clicks_finetuned_100,10+20 clicks,2,0.5244230986582469,3,2,3,5,6
2315,olympus,clicks_finetuned_100,3+6 clicks,0,0.6061125677235396,4,3,3,7,7
2315,olympus,clicks_finetuned_100,3+6 clicks,1,0.6169438164563702,4,3,3,7,7
2315,olympus,clicks_finetuned_100,3+6 clicks,2,0.7049071872255387,5,2,2,7,7
2315,olympus,clicks_finetuned_100,10+20 clicks,0,0.7214080432929951,5,2,2,7,7
2315,olympus,clicks_finetuned_100,10+20 clicks,1,0.6639498205835029,5,2,2,7,7
2315,olympus,clicks_finetuned_100,10+20 clicks,2,0.5602530772361748,4,1,3,5,7
2318,olympus,clicks_finetuned_100,3+6 clicks,0,0.4444068245115653,3,1,5,4,8
2318,olympus,clicks_finetuned_100,3+6 clicks,1,0.42821949496939543,1,5,7,6,8
2318,olympus,clicks_finetuned_100,3+6 clicks,2,0.3465386654574064,1,5,7,6,8
2318,olympus,clicks_finetuned_100,10+20 clicks,0,0.44131192775671224,2,4,6,6,8
2318,olympus,clicks_finetuned_100,10+20 clicks,1,0.4453236441968623,2,4,6,6,8
2318,olympus,clicks_finetuned_100,10+20 clicks,2,0.2939177594806346,1,4,7,5,8
2335,olympus,clicks_finetuned_100,3+6 clicks,0,0.504630836543189,2,3,4,5,6
2335,olympus,clicks_finetuned_100,3+6 clicks,1,0.3579184714198714,0,4,6,4,6
2335,olympus,clicks_finetuned_100,3+6 clicks,2,0.5122711947889101,2,3,4,5,6
2335,olympus,clicks_finetuned_100,10+20 clicks,0,0.3547466135229907,0,4,6,4,6
2335,olympus,clicks_finetuned_100,10+20 clicks,1,0.34727240127624387,0,4,6,4,6
2335,olympus,clicks_finetuned_100,10+20 clicks,2,0.5305296819504526,2,2,4,4,6
2339,olympus,clicks_finetuned_100,3+6 clicks,0,0.258579624620853,0,3,7,3,7
2339,olympus,clicks_finetuned_100,3+6 clicks,1,0.2688425383427075,0,3,7,3,7
2339,olympus,clicks_finetuned_100,3+6 clicks,2,0.2794206183529772,0,3,7,3,7
2339,olympus,clicks_finetuned_100,10+20 clicks,0,0.3583923720688994,0,3,7,3,7
2339,olympus,clicks_finetuned_100,10+20 clicks,1,0.30268222095168934,0,3,7,3,7
2339,olympus,clicks_finetuned_100,10+20 clicks,2,0.36228718468279736,0,3,7,3,7
2351,olympus,clicks_finetuned_100,3+6 clicks,0,0.43722523802107066,2,3,6,5,8
2351,olympus,clicks_finetuned_100,3+6 clicks,1,0.24187189406230056,0,3,8,3,8
2351,olympus,clicks_finetuned_100,3+6 clicks,2,0.146049017982344,0,2,8,2,8
2351,olympus,clicks_finetuned_100,10+20 clicks,0,0.7635040840023486,7,2,1,9,8
2351,olympus,clicks_finetuned_100,10+20 clicks,1,0.7645403105531934,7,2,1,9,8
2351,olympus,clicks_finetuned_100,10+20 clicks,2,0.7061128503091398,6,2,2,8,8
2355,olympus,clicks_finetuned_100,3+6 clicks,0,0.29494665530313885,1,3,6,4,7
2355,olympus,clicks_finetuned_100,3+6 clicks,1,0.4953608278266975,4,1,3,5,7
2355,olympus,clicks_finetuned_100,3+6 clicks,2,0.2852820022598429,1,3,6,4,7
2355,olympus,clicks_finetuned_100,10+20 clicks,0,0.47628699117998485,3,2,4,5,7
2355,olympus,clicks_finetuned_100,10+20 clicks,1,0.49448319905915644,4,1,3,5,7
2355,olympus,clicks_finetuned_100,10+20 clicks,2,0.4796106095239235,3,2,4,5,7
2359,olympus,clicks_finetuned_100,3+6 clicks,0,0.4286818880631299,2,3,6,5,8
2359,olympus,clicks_finetuned_100,3+6 clicks,1,0.5867762675894275,5,2,3,7,8
2359,olympus,clicks_finetuned_100,3+6 clicks,2,0.5416063496355399,4,3,4,7,8
2359,olympus,clicks_finetuned_100,10+20 clicks,0,0.4931983835831587,4,2,4,6,8
2359,olympus,clicks_finetuned_100,10+20 clicks,1,0.5060411090796024,4,2,4,6,8
2359,olympus,clicks_finetuned_100,10+20 clicks,2,0.5669970118566916,6,2,2,8,8
2378,olympus,clicks_finetuned_100,3+6 clicks,0,0.5106019753957459,3,1,4,4,7
2378,olympus,clicks_finetuned_100,3+6 clicks,1,0.5518219930857996,3,2,4,5,7
2378,olympus,clicks_finetuned_100,3+6 clicks,2,0.5159148358721592,3,2,4,5,7
2378,olympus,clicks_finetuned_100,10+20 clicks,0,0.5545032542867535,3,1,4,4,7
2378,olympus,clicks_finetuned_100,10+20 clicks,1,0.5519199969908554,3,1,4,4,7
2378,olympus,clicks_finetuned_100,10+20 clicks,2,0.5504737153800793,3,1,4,4,7
2380,olympus,clicks_finetuned_100,3+6 clicks,0,0.5874115389962027,2,1,2,3,4
2380,olympus,clicks_finetuned_100,3+6 clicks,1,0.9024027986423385,4,0,0,4,4
2380,olympus,clicks_finetuned_100,3+6 clicks,2,0.9306260209236532,4,0,0,4,4
2380,olympus,clicks_finetuned_100,10+20 clicks,0,0.9293898024160898,4,0,0,4,4
2380,olympus,clicks_finetuned_100,10+20 clicks,1,0.931089216159567,4,0,0,4,4
2380,olympus,clicks_finetuned_100,10+20 clicks,2,0.9256248465516119,4,0,0,4,4
2384,olympus,clicks_finetuned_100,3+6 clicks,0,0.11864798406397012,0,1,4,1,4
2384,olympus,clicks_finetuned_100,3+6 clicks,1,0.153164106606105,0,3,4,3,4
2384,olympus,clicks_finetuned_100,3+6 clicks,2,0.12126430725232154,0,1,4,1,4
2384,olympus,clicks_finetuned_100,10+20 clicks,0,0.21709004467239837,0,3,4,3,4
2384,olympus,clicks_finetuned_100,10+20 clicks,1,0.2716525323856739,0,4,4,4,4
2384,olympus,clicks_finetuned_100,10+20 clicks,2,0.266517398259441,0,3,4,3,4
2386,olympus,clicks_finetuned_100,3+6 clicks,0,0.36471259963625274,2,2,6,4,8
2386,olympus,clicks_finetuned_100,3+6 clicks,1,0.38334724909790696,2,2,6,4,8
2386,olympus,clicks_finetuned_100,3+6 clicks,2,0.6251865231891092,5,2,3,7,8
2386,olympus,clicks_finetuned_100,10+20 clicks,0,0.4000109427864911,2,2,6,4,8
2386,olympus,clicks_finetuned_100,10+20 clicks,1,0.5130505812838069,3,2,5,5,8
2386,olympus,clicks_finetuned_100,10+20 clicks,2,0.48634826882984594,3,2,5,5,8
2392,olympus,clicks_finetuned_100,3+6 clicks,0,0.7276260263841303,3,2,2,5,5
2392,olympus,clicks_finetuned_100,3+6 clicks,1,0.728320465475717,4,1,1,5,5
2392,olympus,clicks_finetuned_100,3+6 clicks,2,0.5402200706707361,2,2,3,4,5
2392,olympus,clicks_finetuned_100,10+20 clicks,0,0.9272302690432108,5,1,0,6,5
2392,olympus,clicks_finetuned_100,10+20 clicks,1,0.9198807156876614,5,1,0,6,5
2392,olympus,clicks_finetuned_100,10+20 clicks,2,0.735772290474227,4,1,1,5,5
2394,olympus,clicks_finetuned_100,3+6 clicks,0,0.47770388618878856,5,3,9,8,14
2394,olympus,clicks_finetuned_100,3+6 clicks,1,0.4886180855876408,6,3,8,9,14
2394,olympus,clicks_finetuned_100,3+6 clicks,2,0.48806226378897527,6,3,8,9,14
2394,olympus,clicks_finetuned_100,10+20 clicks,0,0.49211084661375276,5,2,9,7,14
2394,olympus,clicks_finetuned_100,10+20 clicks,1,0.4895537155360463,5,3,9,8,14
2394,olympus,clicks_finetuned_100,10+20 clicks,2,0.43749657559869837,5,1,9,6,14
2404,olympus,clicks_finetuned_100,3+6 clicks,0,0.5967567500598625,2,2,1,4,3
2404,olympus,clicks_finetuned_100,3+6 clicks,1,0.34294078433378355,1,4,2,5,3
2404,olympus,clicks_finetuned_100,3+6 clicks,2,0.5074541853016487,1,5,2,6,3
2404,olympus,clicks_finetuned_100,10+20 clicks,0,0.606469043040262,2,2,1,4,3
2404,olympus,clicks_finetuned_100,10+20 clicks,1,0.6014092240610235,2,3,1,5,3
2404,olympus,clicks_finetuned_100,10+20 clicks,2,0.6051642926711135,2,3,1,5,3
2423,olympus,clicks_finetuned_100,3+6 clicks,0,0.11868629667947445,0,3,11,3,11
2423,olympus,clicks_finetuned_100,3+6 clicks,1,0.14639491703833407,0,3,11,3,11
2423,olympus,clicks_finetuned_100,3+6 clicks,2,0.14798227188459076,0,3,11,3,11
2423,olympus,clicks_finetuned_100,10+20 clicks,0,0.133205146723089,0,3,11,3,11
2423,olympus,clicks_finetuned_100,10+20 clicks,1,0.16655704857754555,0,3,11,3,11
2423,olympus,clicks_finetuned_100,10+20 clicks,2,0.13822856071811093,0,3,11,3,11
2424,olympus,clicks_finetuned_100,3+6 clicks,0,0.7255363897849242,5,0,1,5,6
2424,olympus,clicks_finetuned_100,3+6 clicks,1,0.7177484054982016,5,1,1,6,6
2424,olympus,clicks_finetuned_100,3+6 clicks,2,0.6635686822331889,4,1,2,5,6
2424,olympus,clicks_finetuned_100,10+20 clicks,0,0.7241826968796259,5,0,1,5,6
2424,olympus,clicks_finetuned_100,10+20 clicks,1,0.7592937251480869,5,1,1,6,6
2424,olympus,clicks_finetuned_100,10+20 clicks,2,0.7631929522718174,5,1,1,6,6
2435,olympus,clicks_finetuned_100,3+6 clicks,0,0.19358651386029962,0,3,8,3,8
2435,olympus,clicks_finetuned_100,3+6 clicks,1,0.20308688787975682,0,2,8,2,8
2435,olympus,clicks_finetuned_100,3+6 clicks,2,0.19079831893538457,0,3,8,3,8
2435,olympus,clicks_finetuned_100,10+20 clicks,0,0.19902463242062213,0,2,8,2,8
2435,olympus,clicks_finetuned_100,10+20 clicks,1,0.2039369007035154,0,2,8,2,8
2435,olympus,clicks_finetuned_100,10+20 clicks,2,0.19933820405983882,0,2,8,2,8
2439,olympus,clicks_finetuned_100,3+6 clicks,0,0.5761486349432294,5,1,5,6,10
2439,olympus,clicks_finetuned_100,3+6 clicks,1,0.5271173031987666,5,1,5,6,10
2439,olympus,clicks_finetuned_100,3+6 clicks,2,0.35371308793098793,2,2,8,4,10
2439,olympus,clicks_finetuned_100,10+20 clicks,0,0.5542143337118434,5,1,5,6,10
2439,olympus,clicks_finetuned_100,10+20 clicks,1,0.5545257643654089,5,1,5,6,10
2439,olympus,clicks_finetuned_100,10+20 clicks,2,0.558574394367785,5,1,5,6,10
304,nikon,clicks_finetuned_100,3+6 clicks,0,0.5450549092917997,1,2,2,3,3
304,nikon,clicks_finetuned_100,3+6 clicks,1,0.6153452347688813,2,0,1,2,3
304,nikon,clicks_finetuned_100,3+6 clicks,2,0.5742471021355866,1,2,2,3,3
304,nikon,clicks_finetuned_100,10+20 clicks,0,0.5843665760280601,1,1,2,2,3
304,nikon,clicks_finetuned_100,10+20 clicks,1,0.5941371133390135,1,1,2,2,3
304,nikon,clicks_finetuned_100,10+20 clicks,2,0.5872212316590781,1,1,2,2,3
305,nikon,clicks_finetuned_100,3+6 clicks,0,0.4408574438946348,1,5,6,6,7
305,nikon,clicks_finetuned_100,3+6 clicks,1,0.27254409760227427,1,2,6,3,7
305,nikon,clicks_finetuned_100,3+6 clicks,2,0.4200668243885037,1,5,6,6,7
305,nikon,clicks_finetuned_100,10+20 clicks,0,0.46531541377308877,2,4,5,6,7
305,nikon,clicks_finetuned_100,10+20 clicks,1,0.42490799424427195,1,5,6,6,7
305,nikon,clicks_finetuned_100,10+20 clicks,2,0.4694590327472633,1,5,6,6,7
403,nikon,clicks_finetuned_100,3+6 clicks,0,0.8591172214182344,1,0,0,1,1
403,nikon,clicks_finetuned_100,3+6 clicks,1,0.8017343185882512,1,0,0,1,1
403,nikon,clicks_finetuned_100,3+6 clicks,2,0.8193888812249965,1,0,0,1,1
403,nikon,clicks_finetuned_100,10+20 clicks,0,0.9036176796424342,1,0,0,1,1
403,nikon,clicks_finetuned_100,10+20 clicks,1,0.9001483510213397,1,0,0,1,1
403,nikon,clicks_finetuned_100,10+20 clicks,2,0.925120012591485,1,0,0,1,1
407,nikon,clicks_finetuned_100,3+6 clicks,0,0.8717313905996878,3,4,0,7,3
407,nikon,clicks_finetuned_100,3+6 clicks,1,0.8748443191457134,3,3,0,6,3
407,nikon,clicks_finetuned_100,3+6 clicks,2,0.8258799169312332,2,2,1,4,3
407,nikon,clicks_finetuned_100,10+20 clicks,0,0.886709306094328,3,2,0,5,3
407,nikon,clicks_finetuned_100,10+20 clicks,1,0.8721918368386913,3,2,0,5,3
407,nikon,clicks_finetuned_100,10+20 clicks,2,0.8188471073302686,2,2,1,4,3
409,nikon,clicks_finetuned_100,3+6 clicks,0,0.9017308371600141,1,1,0,2,1
409,nikon,clicks_finetuned_100,3+6 clicks,1,0.9303523135627755,1,1,0,2,1
409,nikon,clicks_finetuned_100,3+6 clicks,2,0.8948860653155518,1,1,0,2,1
409,nikon,clicks_finetuned_100,10+20 clicks,0,0.9285027370912857,1,1,0,2,1
409,nikon,clicks_finetuned_100,10+20 clicks,1,0.9294265910523,1,1,0,2,1
409,nikon,clicks_finetuned_100,10+20 clicks,2,0.9312809440494361,1,1,0,2,1
417,nikon,clicks_finetuned_100,3+6 clicks,0,0.7594366921741367,1,0,0,1,1
417,nikon,clicks_finetuned_100,3+6 clicks,1,0.7489399405100943,1,0,0,1,1
417,nikon,clicks_finetuned_100,3+6 clicks,2,0.7582734735761929,1,0,0,1,1
417,nikon,clicks_finetuned_100,10+20 clicks,0,0.7934866437635841,1,0,0,1,1
417,nikon,clicks_finetuned_100,10+20 clicks,1,0.7803220158604827,1,0,0,1,1
417,nikon,clicks_finetuned_100,10+20 clicks,2,0.7865748113272866,1,0,0,1,1
506,nikon,clicks_finetuned_100,3+6 clicks,0,0.5134133618380822,2,4,3,6,5
506,nikon,clicks_finetuned_100,3+6 clicks,1,0.30964238346696105,1,4,4,5,5
506,nikon,clicks_finetuned_100,3+6 clicks,2,0.318106350181759,1,4,4,5,5
506,nikon,clicks_finetuned_100,10+20 clicks,0,0.35452842512267896,1,5,4,6,5
506,nikon,clicks_finetuned_100,10+20 clicks,1,0.3506647588957559,1,4,4,5,5
506,nikon,clicks_finetuned_100,10+20 clicks,2,0.36191604040481484,1,4,4,5,5
507,nikon,clicks_finetuned_100,3+6 clicks,0,0.9283316325199834,5,2,0,7,5
507,nikon,clicks_finetuned_100,3+6 clicks,1,0.9171950424370354,5,0,0,5,5
507,nikon,clicks_finetuned_100,3+6 clicks,2,0.9127495616669741,5,2,0,7,5
507,nikon,clicks_finetuned_100,10+20 clicks,0,0.9199383529659946,5,1,0,6,5
507,nikon,clicks_finetuned_100,10+20 clicks,1,0.9294078123646777,5,2,0,7,5
507,nikon,clicks_finetuned_100,10+20 clicks,2,0.9302804425605988,5,1,0,6,5
512,nikon,clicks_finetuned_100,3+6 clicks,0,0.30306325604981116,0,2,3,2,3
512,nikon,clicks_finetuned_100,3+6 clicks,1,0.28719135020292513,0,2,3,2,3
512,nikon,clicks_finetuned_100,3+6 clicks,2,0.2951957153914338,0,2,3,2,3
512,nikon,clicks_finetuned_100,10+20 clicks,0,0.2950743204011415,0,2,3,2,3
512,nikon,clicks_finetuned_100,10+20 clicks,1,0.3027951887028772,0,2,3,2,3
512,nikon,clicks_finetuned_100,10+20 clicks,2,0.29080326461791633,0,2,3,2,3
513,nikon,clicks_finetuned_100,3+6 clicks,0,0.7067851933958655,3,0,1,3,4
513,nikon,clicks_finetuned_100,3+6 clicks,1,0.6809500263118149,3,0,1,3,4
513,nikon,clicks_finetuned_100,3+6 clicks,2,0.6783143867340055,3,0,1,3,4
513,nikon,clicks_finetuned_100,10+20 clicks,0,0.7032937143725306,3,0,1,3,4
513,nikon,clicks_finetuned_100,10+20 clicks,1,0.7034518184416872,3,0,1,3,4
513,nikon,clicks_finetuned_100,10+20 clicks,2,0.7055677799995366,3,0,1,3,4
516,nikon,clicks_finetuned_100,3+6 clicks,0,0.4467007268177629,1,2,2,3,3
516,nikon,clicks_finetuned_100,3+6 clicks,1,0.4429328765974643,1,2,2,3,3
516,nikon,clicks_finetuned_100,3+6 clicks,2,0.43446641195568914,1,2,2,3,3
516,nikon,clicks_finetuned_100,10+20 clicks,0,0.6029242673794576,2,2,1,4,3
516,nikon,clicks_finetuned_100,10+20 clicks,1,0.44591853908848916,1,2,2,3,3
516,nikon,clicks_finetuned_100,10+20 clicks,2,0.43728683532083124,1,2,2,3,3
518,nikon,clicks_finetuned_100,3+6 clicks,0,0.46477235893972346,1,3,3,4,4
518,nikon,clicks_finetuned_100,3+6 clicks,1,0.4680292094781433,1,3,3,4,4
518,nikon,clicks_finetuned_100,3+6 clicks,2,0.468761866323162,1,4,3,5,4
518,nikon,clicks_finetuned_100,10+20 clicks,0,0.4733205494156885,1,3,3,4,4
518,nikon,clicks_finetuned_100,10+20 clicks,1,0.48027120125529443,2,2,2,4,4
518,nikon,clicks_finetuned_100,10+20 clicks,2,0.4795227254559584,2,2,2,4,4
9276,olympus,clicks_finetuned_100,3+6 clicks,0,0.6811761259606831,1,1,1,2,2
9276,olympus,clicks_finetuned_100,3+6 clicks,1,0.6784456436775355,1,1,1,2,2
9276,olympus,clicks_finetuned_100,3+6 clicks,2,0.6776306335143039,1,1,1,2,2
9276,olympus,clicks_finetuned_100,10+20 clicks,0,0.6957801768666432,1,1,1,2,2
9276,olympus,clicks_finetuned_100,10+20 clicks,1,0.6941826089399952,1,1,1,2,2
9276,olympus,clicks_finetuned_100,10+20 clicks,2,0.7033535838668432,1,1,1,2,2
9281,olympus,clicks_finetuned_100,3+6 clicks,0,0.10460087548987947,0,2,14,2,14
9281,olympus,clicks_finetuned_100,3+6 clicks,1,0.1580219479033552,2,1,12,3,14
9281,olympus,clicks_finetuned_100,3+6 clicks,2,0.16960440652433428,2,1,12,3,14
9281,olympus,clicks_finetuned_100,10+20 clicks,0,0.1649745396296365,2,1,12,3,14
9281,olympus,clicks_finetuned_100,10+20 clicks,1,0.15754996583425354,2,1,12,3,14
9281,olympus,clicks_finetuned_100,10+20 clicks,2,0.1656055516290713,2,1,12,3,14
9286,olympus,clicks_finetuned_100,3+6 clicks,0,0.4245094851075679,2,2,1,4,3
9286,olympus,clicks_finetuned_100,3+6 clicks,1,0.3161505872399068,1,2,2,3,3
9286,olympus,clicks_finetuned_100,3+6 clicks,2,0.25271473590175697,0,4,3,4,3
9286,olympus,clicks_finetuned_100,10+20 clicks,0,0.3787510203757219,1,3,2,4,3
9286,olympus,clicks_finetuned_100,10+20 clicks,1,0.2991112475214936,1,2,2,3,3
9286,olympus,clicks_finetuned_100,10+20 clicks,2,0.29327488334580093,1,2,2,3,3
9292,olympus,clicks_finetuned_100,3+6 clicks,0,0.4701468195278635,2,4,5,6,7
9292,olympus,clicks_finetuned_100,3+6 clicks,1,0.42173265873317695,2,3,5,5,7
9292,olympus,clicks_finetuned_100,3+6 clicks,2,0.32381130837535393,3,2,4,5,7
9292,olympus,clicks_finetuned_100,10+20 clicks,0,0.6363805306175905,5,3,2,8,7
9292,olympus,clicks_finetuned_100,10+20 clicks,1,0.5978023803576524,3,3,4,6,7
9292,olympus,clicks_finetuned_100,10+20 clicks,2,0.48100243317204944,2,3,5,5,7
9300,olympus,clicks_finetuned_100,3+6 clicks,0,0.6385072986597223,1,0,0,1,1
9300,olympus,clicks_finetuned_100,3+6 clicks,1,0.5255491509580932,1,1,0,2,1
9300,olympus,clicks_finetuned_100,3+6 clicks,2,0.6190065638974147,1,1,0,2,1
9300,olympus,clicks_finetuned_100,10+20 clicks,0,0.9170161232015038,1,0,0,1,1
9300,olympus,clicks_finetuned_100,10+20 clicks,1,0.8963410424577148,1,0,0,1,1
9300,olympus,clicks_finetuned_100,10+20 clicks,2,0.9040472779369627,1,0,0,1,1
9317,olympus,clicks_finetuned_100,3+6 clicks,0,0.9033135586350503,2,2,0,4,2
9317,olympus,clicks_finetuned_100,3+6 clicks,1,0.928579876005215,2,1,0,3,2
9317,olympus,clicks_finetuned_100,3+6 clicks,2,0.5885793248681555,1,2,1,3,2
9317,olympus,clicks_finetuned_100,10+20 clicks,0,0.9305279634908334,2,3,0,5,2
9317,olympus,clicks_finetuned_100,10+20 clicks,1,0.9311469182195186,2,1,0,3,2
9317,olympus,clicks_finetuned_100,10+20 clicks,2,0.9315495550115014,2,3,0,5,2
9321,olympus,clicks_finetuned_100,3+6 clicks,0,0.8916919082648205,1,1,0,2,1
9321,olympus,clicks_finetuned_100,3+6 clicks,1,0.844375114699945,1,4,0,5,1
9321,olympus,clicks_finetuned_100,3+6 clicks,2,0.8545850671678008,1,1,0,2,1
9321,olympus,clicks_finetuned_100,10+20 clicks,0,0.9034128343655291,1,0,0,1,1
9321,olympus,clicks_finetuned_100,10+20 clicks,1,0.8598144434863014,1,0,0,1,1
9321,olympus,clicks_finetuned_100,10+20 clicks,2,0.9029536329134811,1,0,0,1,1
9339,olympus,clicks_finetuned_100,3+6 clicks,0,0.9245472837022133,1,0,0,1,1
9339,olympus,clicks_finetuned_100,3+6 clicks,1,0.8636100943941437,1,4,0,5,1
9339,olympus,clicks_finetuned_100,3+6 clicks,2,0.8842567467561301,1,2,0,3,1
9339,olympus,clicks_finetuned_100,10+20 clicks,0,0.9216173847234985,1,0,0,1,1
9339,olympus,clicks_finetuned_100,10+20 clicks,1,0.9273722239931994,1,0,0,1,1
9339,olympus,clicks_finetuned_100,10+20 clicks,2,0.928064085447263,1,0,0,1,1
9342,olympus,clicks_finetuned_100,3+6 clicks,0,0.43158755297715556,0,1,2,1,2
9342,olympus,clicks_finetuned_100,3+6 clicks,1,0.4100243981398546,0,1,2,1,2
9342,olympus,clicks_finetuned_100,3+6 clicks,2,0.30393523262963723,0,1,2,1,2
9342,olympus,clicks_finetuned_100,10+20 clicks,0,0.41399135009394433,0,1,2,1,2
9342,olympus,clicks_finetuned_100,10+20 clicks,1,0.44926089250816437,0,1,2,1,2
9342,olympus,clicks_finetuned_100,10+20 clicks,2,0.4202805551401392,0,1,2,1,2
9343,olympus,clicks_finetuned_100,3+6 clicks,0,0.9310268217805785,1,1,0,2,1
9343,olympus,clicks_finetuned_100,3+6 clicks,1,0.9280640682536169,1,1,0,2,1
9343,olympus,clicks_finetuned_100,3+6 clicks,2,0.8948815239275205,1,1,0,2,1
9343,olympus,clicks_finetuned_100,10+20 clicks,0,0.9315278900565885,1,1,0,2,1
9343,olympus,clicks_finetuned_100,10+20 clicks,1,0.9567727578098757,1,0,0,1,1
9343,olympus,clicks_finetuned_100,10+20 clicks,2,0.9441796441632083,1,1,0,2,1
9347,olympus,clicks_finetuned_100,3+6 clicks,0,0.9084419731750385,1,0,0,1,1
9347,olympus,clicks_finetuned_100,3+6 clicks,1,0.9172882385317619,1,0,0,1,1
9347,olympus,clicks_finetuned_100,3+6 clicks,2,0.9173578817500238,1,0,0,1,1
9347,olympus,clicks_finetuned_100,10+20 clicks,0,0.9506669573662617,1,0,0,1,1
9347,olympus,clicks_finetuned_100,10+20 clicks,1,0.9568696841131643,1,0,0,1,1
9347,olympus,clicks_finetuned_100,10+20 clicks,2,0.9494201923457474,1,0,0,1,1
9353,olympus,clicks_finetuned_100,3+6 clicks,0,0.4597072658262267,0,2,2,2,2
9353,olympus,clicks_finetuned_100,3+6 clicks,1,0.4360618904236946,0,2,2,2,2
9353,olympus,clicks_finetuned_100,3+6 clicks,2,0.4491810032236589,0,2,2,2,2
9353,olympus,clicks_finetuned_100,10+20 clicks,0,0.46146350022498533,0,2,2,2,2
9353,olympus,clicks_finetuned_100,10+20 clicks,1,0.4569051309419201,0,2,2,2,2
9353,olympus,clicks_finetuned_100,10+20 clicks,2,0.46098182152239386,0,2,2,2,2
9357,olympus,clicks_finetuned_100,3+6 clicks,0,0.24581718179265155,0,4,2,4,2
9357,olympus,clicks_finetuned_100,3+6 clicks,1,0.6218540040379155,1,4,1,5,2
9357,olympus,clicks_finetuned_100,3+6 clicks,2,0.6571778418470129,1,5,1,6,2
9357,olympus,clicks_finetuned_100,10+20 clicks,0,0.27946814987905017,1,3,1,4,2
9357,olympus,clicks_finetuned_100,10+20 clicks,1,0.29719173554994804,1,4,1,5,2
9357,olympus,clicks_finetuned_100,10+20 clicks,2,0.5209350614649787,1,4,1,5,2
9367,olympus,clicks_finetuned_100,3+6 clicks,0,0.8961454848409899,1,0,0,1,1
9367,olympus,clicks_finetuned_100,3+6 clicks,1,0.8954577382346055,1,0,0,1,1
9367,olympus,clicks_finetuned_100,3+6 clicks,2,0.8927347719838119,1,0,0,1,1
9367,olympus,clicks_finetuned_100,10+20 clicks,0,0.8976824101884763,1,0,0,1,1
9367,olympus,clicks_finetuned_100,10+20 clicks,1,0.8994984209548579,1,0,0,1,1
9367,olympus,clicks_finetuned_100,10+20 clicks,2,0.8958859786343641,1,0,0,1,1
9373,olympus,clicks_finetuned_100,3+6 clicks,0,0.9095564707265461,3,3,0,6,3
9373,olympus,clicks_finetuned_100,3+6 clicks,1,0.6656780707569391,2,3,1,5,3
9373,olympus,clicks_finetuned_100,3+6 clicks,2,0.9062829073028871,3,3,0,6,3
9373,olympus,clicks_finetuned_100,10+20 clicks,0,0.905205821899716,3,3,0,6,3
9373,olympus,clicks_finetuned_100,10+20 clicks,1,0.9002949362336071,3,3,0,6,3
9373,olympus,clicks_finetuned_100,10+20 clicks,2,0.8855087765297777,3,3,0,6,3
9387,olympus,clicks_finetuned_100,3+6 clicks,0,0.8641448506515973,1,0,0,1,1
9387,olympus,clicks_finetuned_100,3+6 clicks,1,0.854209387104124,1,0,0,1,1
9387,olympus,clicks_finetuned_100,3+6 clicks,2,0.8550251578602278,1,0,0,1,1
9387,olympus,clicks_finetuned_100,10+20 clicks,0,0.9069735496573513,1,0,0,1,1
9387,olympus,clicks_finetuned_100,10+20 clicks,1,0.911893934738524,1,0,0,1,1
9387,olympus,clicks_finetuned_100,10+20 clicks,2,0.9071442743547871,1,0,0,1,1
9396,olympus,clicks_finetuned_100,3+6 clicks,0,0.34005361766575803,0,2,3,2,3
9396,olympus,clicks_finetuned_100,3+6 clicks,1,0.32204355983430927,0,2,3,2,3
9396,olympus,clicks_finetuned_100,3+6 clicks,2,0.35274119027293777,1,1,2,2,3
9396,olympus,clicks_finetuned_100,10+20 clicks,0,0.6287275901793151,2,0,1,2,3
9396,olympus,clicks_finetuned_100,10+20 clicks,1,0.5930710259135088,2,1,1,3,3
9396,olympus,clicks_finetuned_100,10+20 clicks,2,0.5886859270438174,2,1,1,3,3
9397,olympus,clicks_finetuned_100,3+6 clicks,0,0.3121935981903763,0,2,3,2,3
9397,olympus,clicks_finetuned_100,3+6 clicks,1,0.34733639199480804,0,2,3,2,3
9397,olympus,clicks_finetuned_100,3+6 clicks,2,0.2876250385838084,0,2,3,2,3
9397,olympus,clicks_finetuned_100,10+20 clicks,0,0.36481350661228623,0,2,3,2,3
9397,olympus,clicks_finetuned_100,10+20 clicks,1,0.32298129872066045,0,2,3,2,3
9397,olympus,clicks_finetuned_100,10+20 clicks,2,0.32752612994684327,0,2,3,2,3
9398,olympus,clicks_finetuned_100,3+6 clicks,0,0.3013752044247546,0,3,3,3,3
9398,olympus,clicks_finetuned_100,3+6 clicks,1,0.30881140110732735,0,3,3,3,3
9398,olympus,clicks_finetuned_100,3+6 clicks,2,0.3140752691141752,0,2,3,2,3
9398,olympus,clicks_finetuned_100,10+20 clicks,0,0.6193190714771895,2,1,1,3,3
9398,olympus,clicks_finetuned_100,10+20 clicks,1,0.6177885078600713,2,1,1,3,3
9398,olympus,clicks_finetuned_100,10+20 clicks,2,0.8785700612965136,3,1,0,4,3
9402,olympus,clicks_finetuned_100,3+6 clicks,0,0.2762372604762219,2,1,5,3,7
9402,olympus,clicks_finetuned_100,3+6 clicks,1,0.24610042360113132,1,1,6,2,7
9402,olympus,clicks_finetuned_100,3+6 clicks,2,0.5609534700167264,4,1,3,5,7
9402,olympus,clicks_finetuned_100,10+20 clicks,0,0.24145323669328805,1,1,6,2,7
9402,olympus,clicks_finetuned_100,10+20 clicks,1,0.27862546994684817,1,2,6,3,7
9402,olympus,clicks_finetuned_100,10+20 clicks,2,0.4007983207256228,3,1,4,4,7
9407,olympus,clicks_finetuned_100,3+6 clicks,0,0.2627054532138645,0,1,3,1,3
9407,olympus,clicks_finetuned_100,3+6 clicks,1,0.25008400760590105,0,1,3,1,3
9407,olympus,clicks_finetuned_100,3+6 clicks,2,0.278222297371308,0,2,3,2,3
9407,olympus,clicks_finetuned_100,10+20 clicks,0,0.2954498802297914,0,1,3,1,3
9407,olympus,clicks_finetuned_100,10+20 clicks,1,0.30002014856161713,0,1,3,1,3
9407,olympus,clicks_finetuned_100,10+20 clicks,2,0.30196482805312846,0,1,3,1,3
9421,olympus,clicks_finetuned_100,3+6 clicks,0,0.4875303915085915,1,1,2,2,3
9421,olympus,clicks_finetuned_100,3+6 clicks,1,0.5307597810153225,1,1,2,2,3
9421,olympus,clicks_finetuned_100,3+6 clicks,2,0.5307122295497403,2,0,1,2,3
9421,olympus,clicks_finetuned_100,10+20 clicks,0,0.5448311794561849,2,0,1,2,3
9421,olympus,clicks_finetuned_100,10+20 clicks,1,0.5402500575205961,2,0,1,2,3
9421,olympus,clicks_finetuned_100,10+20 clicks,2,0.5486360368724047,2,0,1,2,3
9442,olympus,clicks_finetuned_100,3+6 clicks,0,0.3219630797619318,0,1,1,1,1
9442,olympus,clicks_finetuned_100,3+6 clicks,1,0.47430088873169063,0,1,1,1,1
9442,olympus,clicks_finetuned_100,3+6 clicks,2,0.394942438988116,0,1,1,1,1
9442,olympus,clicks_finetuned_100,10+20 clicks,0,0.8024121821060657,1,0,0,1,1
9442,olympus,clicks_finetuned_100,10+20 clicks,1,0.7145240466083189,1,1,0,2,1
9442,olympus,clicks_finetuned_100,10+20 clicks,2,0.8877941679446584,1,0,0,1,1
9453,olympus,clicks_finetuned_100,3+6 clicks,0,0.5460383420673791,1,2,2,3,3
9453,olympus,clicks_finetuned_100,3+6 clicks,1,0.5822253226655872,2,1,1,3,3
9453,olympus,clicks_finetuned_100,3+6 clicks,2,0.4574601004091827,1,2,2,3,3
9453,olympus,clicks_finetuned_100,10+20 clicks,0,0.34102046154302057,0,6,3,6,3
9453,olympus,clicks_finetuned_100,10+20 clicks,1,0.5490631710532335,1,2,2,3,3
9453,olympus,clicks_finetuned_100,10+20 clicks,2,0.5809393946194715,2,1,1,3,3
9464,olympus,clicks_finetuned_100,3+6 clicks,0,0.8755705297107397,1,0,0,1,1
9464,olympus,clicks_finetuned_100,3+6 clicks,1,0.8681746824603968,1,0,0,1,1
9464,olympus,clicks_finetuned_100,3+6 clicks,2,0.9112255810100462,1,0,0,1,1
9464,olympus,clicks_finetuned_100,10+20 clicks,0,0.9273177179392598,1,0,0,1,1
9464,olympus,clicks_finetuned_100,10+20 clicks,1,0.9345312912185962,1,0,0,1,1
9464,olympus,clicks_finetuned_100,10+20 clicks,2,0.9134860819526046,1,0,0,1,1
9504,olympus,clicks_finetuned_100,3+6 clicks,0,0.7624909336789297,3,0,1,3,4
9504,olympus,clicks_finetuned_100,3+6 clicks,1,0.7954606051592796,3,1,1,4,4
9504,olympus,clicks_finetuned_100,3+6 clicks,2,0.7987102365949504,4,1,0,5,4
9504,olympus,clicks_finetuned_100,10+20 clicks,0,0.7419114663726091,3,0,1,3,4
9504,olympus,clicks_finetuned_100,10+20 clicks,1,0.7605560214454739,3,0,1,3,4
9504,olympus,clicks_finetuned_100,10+20 clicks,2,0.7779717594205668,3,0,1,3,4
9511,olympus,clicks_finetuned_100,3+6 clicks,0,0.9065333122031286,2,1,0,3,2
9511,olympus,clicks_finetuned_100,3+6 clicks,1,0.8714131005730696,2,1,0,3,2
9511,olympus,clicks_finetuned_100,3+6 clicks,2,0.8851695960192496,2,1,0,3,2
9511,olympus,clicks_finetuned_100,10+20 clicks,0,0.8989043010739829,2,1,0,3,2
9511,olympus,clicks_finetuned_100,10+20 clicks,1,0.9014982824448662,2,1,0,3,2
9511,olympus,clicks_finetuned_100,10+20 clicks,2,0.8988131937430879,2,1,0,3,2
9512,olympus,clicks_finetuned_100,3+6 clicks,0,0.18188876603771878,0,1,3,1,3
9512,olympus,clicks_finetuned_100,3+6 clicks,1,0.18149144778203752,0,1,3,1,3
9512,olympus,clicks_finetuned_100,3+6 clicks,2,0.17448296356933182,0,1,3,1,3
9512,olympus,clicks_finetuned_100,10+20 clicks,0,0.19416312615604883,0,1,3,1,3
9512,olympus,clicks_finetuned_100,10+20 clicks,1,0.1951644231739973,0,1,3,1,3
9512,olympus,clicks_finetuned_100,10+20 clicks,2,0.19021103467238454,0,1,3,1,3
9528,olympus,clicks_finetuned_100,3+6 clicks,0,0.2799061548097754,0,1,3,1,3
9528,olympus,clicks_finetuned_100,3+6 clicks,1,0.2880152396862478,0,1,3,1,3
9528,olympus,clicks_finetuned_100,3+6 clicks,2,0.28259329957683593,0,1,3,1,3
9528,olympus,clicks_finetuned_100,10+20 clicks,0,0.29494432555781036,0,1,3,1,3
9528,olympus,clicks_finetuned_100,10+20 clicks,1,0.3013673531060293,0,1,3,1,3
9528,olympus,clicks_finetuned_100,10+20 clicks,2,0.2919575367978495,0,1,3,1,3
9581,olympus,clicks_finetuned_100,3+6 clicks,0,0.5149024745689439,1,1,1,2,2
9581,olympus,clicks_finetuned_100,3+6 clicks,1,0.7433740623234191,2,1,0,3,2
9581,olympus,clicks_finetuned_100,3+6 clicks,2,0.4444390101174275,0,2,2,2,2
9581,olympus,clicks_finetuned_100,10+20 clicks,0,0.5395569284706374,2,0,0,2,2
9581,olympus,clicks_finetuned_100,10+20 clicks,1,0.7345064403588979,2,1,0,3,2
9581,olympus,clicks_finetuned_100,10+20 clicks,2,0.7356341382961016,2,1,0,3,2
9590,olympus,clicks_finetuned_100,3+6 clicks,0,0.5834440692264157,1,2,2,3,3
9590,olympus,clicks_finetuned_100,3+6 clicks,1,0.5435313129139014,1,2,2,3,3
9590,olympus,clicks_finetuned_100,3+6 clicks,2,0.5751649281117376,1,2,2,3,3
9590,olympus,clicks_finetuned_100,10+20 clicks,0,0.5837735069083484,1,2,2,3,3
9590,olympus,clicks_finetuned_100,10+20 clicks,1,0.6019272078509612,1,2,2,3,3
9590,olympus,clicks_finetuned_100,10+20 clicks,2,0.6015530061528019,1,2,2,3,3
9600,olympus,clicks_finetuned_100,3+6 clicks,0,0.4349037120378524,0,1,2,1,2
9600,olympus,clicks_finetuned_100,3+6 clicks,1,0.4320336334411019,0,1,2,1,2
9600,olympus,clicks_finetuned_100,3+6 clicks,2,0.4575859999777268,0,1,2,1,2
9600,olympus,clicks_finetuned_100,10+20 clicks,0,0.4671538611181895,0,1,2,1,2
9600,olympus,clicks_finetuned_100,10+20 clicks,1,0.46979409319218046,0,1,2,1,2
9600,olympus,clicks_finetuned_100,10+20 clicks,2,0.4684040689171478,0,1,2,1,2
9601,olympus,clicks_finetuned_100,3+6 clicks,0,0.4203135844588684,1,2,3,3,4
9601,olympus,clicks_finetuned_100,3+6 clicks,1,0.3430818696993571,1,2,3,3,4
9601,olympus,clicks_finetuned_100,3+6 clicks,2,0.29617935222136516,1,4,3,5,4
9601,olympus,clicks_finetuned_100,10+20 clicks,0,0.8750271757002368,4,2,0,6,4
9601,olympus,clicks_finetuned_100,10+20 clicks,1,0.8544994675752906,4,2,0,6,4
9601,olympus,clicks_finetuned_100,10+20 clicks,2,0.8696374189296054,4,2,0,6,4
9605,olympus,clicks_finetuned_100,3+6 clicks,0,0.4009079875938329,0,2,1,2,1
9605,olympus,clicks_finetuned_100,3+6 clicks,1,0.40854139741287615,0,1,1,1,1
9605,olympus,clicks_finetuned_100,3+6 clicks,2,0.24277381988253208,0,3,1,3,1
9605,olympus,clicks_finetuned_100,10+20 clicks,0,0.9071455963185479,1,0,0,1,1
9605,olympus,clicks_finetuned_100,10+20 clicks,1,0.45554039057617,0,1,1,1,1
9605,olympus,clicks_finetuned_100,10+20 clicks,2,0.48781854971016075,0,1,1,1,1
9625,olympus,clicks_finetuned_100,3+6 clicks,0,0.4641033086925286,2,3,4,5,6
9625,olympus,clicks_finetuned_100,3+6 clicks,1,0.38815216303922684,1,3,5,4,6
9625,olympus,clicks_finetuned_100,3+6 clicks,2,0.47232844947841324,2,3,4,5,6
9625,olympus,clicks_finetuned_100,10+20 clicks,0,0.4751639421966654,2,3,4,5,6
9625,olympus,clicks_finetuned_100,10+20 clicks,1,0.47858045902830165,2,3,4,5,6
9625,olympus,clicks_finetuned_100,10+20 clicks,2,0.49979900234362157,2,3,4,5,6
9626,olympus,clicks_finetuned_100,3+6 clicks,0,0.5348394617244453,1,1,2,2,3
9626,olympus,clicks_finetuned_100,3+6 clicks,1,0.556789941237311,1,1,2,2,3
9626,olympus,clicks_finetuned_100,3+6 clicks,2,0.5473071694161588,1,1,2,2,3
9626,olympus,clicks_finetuned_100,10+20 clicks,0,0.5710971315980801,1,1,2,2,3
9626,olympus,clicks_finetuned_100,10+20 clicks,1,0.5657295891207526,1,1,2,2,3
9626,olympus,clicks_finetuned_100,10+20 clicks,2,0.5577593113854348,1,1,2,2,3
9629,olympus,clicks_finetuned_100,3+6 clicks,0,0.8282829241914668,5,0,0,5,5
9629,olympus,clicks_finetuned_100,3+6 clicks,1,0.879746152285161,5,0,0,5,5
9629,olympus,clicks_finetuned_100,3+6 clicks,2,0.8571125514850564,5,0,0,5,5
9629,olympus,clicks_finetuned_100,10+20 clicks,0,0.8866244861041042,5,0,0,5,5
9629,olympus,clicks_finetuned_100,10+20 clicks,1,0.8768993611086717,5,0,0,5,5
9629,olympus,clicks_finetuned_100,10+20 clicks,2,0.8993459173164624,5,0,0,5,5
9630,olympus,clicks_finetuned_100,3+6 clicks,0,0.2473771613433015,2,3,8,5,10
9630,olympus,clicks_finetuned_100,3+6 clicks,1,0.3604199513732885,3,2,7,5,10
9630,olympus,clicks_finetuned_100,3+6 clicks,2,0.27317722762496427,2,2,8,4,10
9630,olympus,clicks_finetuned_100,10+20 clicks,0,0.3632753937180647,3,2,7,5,10
9630,olympus,clicks_finetuned_100,10+20 clicks,1,0.545522401686403,5,2,5,7,10
9630,olympus,clicks_finetuned_100,10+20 clicks,2,0.6350355352830122,7,2,3,9,10
9686,olympus,clicks_finetuned_100,3+6 clicks,0,0.8561446082344689,3,1,0,4,3
9686,olympus,clicks_finetuned_100,3+6 clicks,1,0.9066681678576097,3,0,0,3,3
9686,olympus,clicks_finetuned_100,3+6 clicks,2,0.917723432093703,3,0,0,3,3
9686,olympus,clicks_finetuned_100,10+20 clicks,0,0.919485088427565,3,0,0,3,3
9686,olympus,clicks_finetuned_100,10+20 clicks,1,0.9235307389932705,3,0,0,3,3
9686,olympus,clicks_finetuned_100,10+20 clicks,2,0.9243866224554668,3,0,0,3,3
9692,olympus,clicks_finetuned_100,3+6 clicks,0,0.5925115308895755,2,3,1,5,3
9692,olympus,clicks_finetuned_100,3+6 clicks,1,0.5633210698037093,2,2,1,4,3
9692,olympus,clicks_finetuned_100,3+6 clicks,2,0.6600181347938542,2,3,1,5,3
9692,olympus,clicks_finetuned_100,10+20 clicks,0,0.5778480117671488,2,3,1,5,3
9692,olympus,clicks_finetuned_100,10+20 clicks,1,0.5885332441840334,2,1,1,3,3
9692,olympus,clicks_finetuned_100,10+20 clicks,2,0.5658812568856579,2,3,1,5,3
9694,olympus,clicks_finetuned_100,3+6 clicks,0,0.17207552911619842,0,4,6,4,6
9694,olympus,clicks_finetuned_100,3+6 clicks,1,0.19021676909126317,0,4,6,4,6
9694,olympus,clicks_finetuned_100,3+6 clicks,2,0.29789342318696804,1,2,5,3,6
9694,olympus,clicks_finetuned_100,10+20 clicks,0,0.2873922420522446,1,2,5,3,6
9694,olympus,clicks_finetuned_100,10+20 clicks,1,0.20383003890939913,1,2,5,3,6
9694,olympus,clicks_finetuned_100,10+20 clicks,2,0.2890785514264664,1,2,5,3,6
9706,olympus,clicks_finetuned_100,3+6 clicks,0,0.6394850887605292,4,3,2,7,6
9706,olympus,clicks_finetuned_100,3+6 clicks,1,0.6832966748347259,4,4,2,8,6
9706,olympus,clicks_finetuned_100,3+6 clicks,2,0.43964082788372555,1,5,5,6,6
9706,olympus,clicks_finetuned_100,10+20 clicks,0,0.6554142504420226,4,1,2,5,6
9706,olympus,clicks_finetuned_100,10+20 clicks,1,0.6806381476973119,4,4,2,8,6
9706,olympus,clicks_finetuned_100,10+20 clicks,2,0.6050131151488153,5,2,1,7,6
9710,olympus,clicks_finetuned_100,3+6 clicks,0,0.44707985329009936,2,1,3,3,5
9710,olympus,clicks_finetuned_100,3+6 clicks,1,0.28726061949694215,0,2,5,2,5
9710,olympus,clicks_finetuned_100,3+6 clicks,2,0.46180496636543555,2,1,3,3,5
9710,olympus,clicks_finetuned_100,10+20 clicks,0,0.6645330753404994,4,0,1,4,5
9710,olympus,clicks_finetuned_100,10+20 clicks,1,0.6561153662479212,4,0,1,4,5
9710,olympus,clicks_finetuned_100,10+20 clicks,2,0.4772087038222259,2,1,3,3,5
9714,olympus,clicks_finetuned_100,3+6 clicks,0,0.20088896299919393,2,1,9,3,11
9714,olympus,clicks_finetuned_100,3+6 clicks,1,0.051251115599856664,0,1,11,1,11
9714,olympus,clicks_finetuned_100,3+6 clicks,2,0.04709620710282188,0,1,11,1,11
9714,olympus,clicks_finetuned_100,10+20 clicks,0,0.1377861412582986,1,1,10,2,11
9714,olympus,clicks_finetuned_100,10+20 clicks,1,0.22686731941418017,2,1,9,3,11
9714,olympus,clicks_finetuned_100,10+20 clicks,2,0.15132760301489218,1,1,10,2,11
9719,olympus,clicks_finetuned_100,3+6 clicks,0,0.8347037120107046,2,2,0,4,2
9719,olympus,clicks_finetuned_100,3+6 clicks,1,0.41329875417277473,0,3,2,3,2
9719,olympus,clicks_finetuned_100,3+6 clicks,2,0.769009704579284,2,2,0,4,2
9719,olympus,clicks_finetuned_100,10+20 clicks,0,0.8360456136932367,2,2,0,4,2
9719,olympus,clicks_finetuned_100,10+20 clicks,1,0.8270463213733235,2,2,0,4,2
9719,olympus,clicks_finetuned_100,10+20 clicks,2,0.836760365970258,2,2,0,4,2
9726,olympus,clicks_finetuned_100,3+6 clicks,0,0.7011481289054953,3,2,2,5,5
9726,olympus,clicks_finetuned_100,3+6 clicks,1,0.6748624486384937,3,1,2,4,5
9726,olympus,clicks_finetuned_100,3+6 clicks,2,0.6981321264719401,3,2,2,5,5
9726,olympus,clicks_finetuned_100,10+20 clicks,0,0.7005634945222632,3,2,2,5,5
9726,olympus,clicks_finetuned_100,10+20 clicks,1,0.7022620035904745,3,2,2,5,5
9726,olympus,clicks_finetuned_100,10+20 clicks,2,0.6925658352280974,3,1,2,4,5
9727,olympus,clicks_finetuned_100,3+6 clicks,0,0.30890695043731925,1,3,4,4,5
9727,olympus,clicks_finetuned_100,3+6 clicks,1,0.21252287537602169,0,3,5,3,5
9727,olympus,clicks_finetuned_100,3+6 clicks,2,0.33943857938072935,1,2,4,3,5
9727,olympus,clicks_finetuned_100,10+20 clicks,0,0.3816296201948484,1,3,4,4,5
9727,olympus,clicks_finetuned_100,10+20 clicks,1,0.3416239505939497,1,2,4,3,5
9727,olympus,clicks_finetuned_100,10+20 clicks,2,0.2543010516938248,0,3,5,3,5
9757,olympus,clicks_finetuned_100,3+6 clicks,0,0.5423982793318878,1,4,4,5,5
9757,olympus,clicks_finetuned_100,3+6 clicks,1,0.4642715751294116,1,4,4,5,5
9757,olympus,clicks_finetuned_100,3+6 clicks,2,0.536593414596539,2,3,3,5,5
9757,olympus,clicks_finetuned_100,10+20 clicks,0,0.5475453685333136,1,4,4,5,5
9757,olympus,clicks_finetuned_100,10+20 clicks,1,0.5418746650073959,1,4,4,5,5
9757,olympus,clicks_finetuned_100,10+20 clicks,2,0.5487664329832698,1,4,4,5,5
9773,olympus,clicks_finetuned_100,3+6 clicks,0,0.12329554913167136,0,2,7,2,7
9773,olympus,clicks_finetuned_100,3+6 clicks,1,0.19875256634851599,1,1,6,2,7
9773,olympus,clicks_finetuned_100,3+6 clicks,2,0.18922162919695845,1,1,6,2,7
9773,olympus,clicks_finetuned_100,10+20 clicks,0,0.19783980927937667,1,1,6,2,7
9773,olympus,clicks_finetuned_100,10+20 clicks,1,0.1770436449449378,0,2,7,2,7
9773,olympus,clicks_finetuned_100,10+20 clicks,2,0.17645203899519205,1,1,6,2,7
9774,olympus,clicks_finetuned_100,3+6 clicks,0,0.28644143314801807,1,2,4,3,5
9774,olympus,clicks_finetuned_100,3+6 clicks,1,0.5896076705260263,4,0,1,4,5
9774,olympus,clicks_finetuned_100,3+6 clicks,2,0.4666921090592801,2,2,3,4,5
9774,olympus,clicks_finetuned_100,10+20 clicks,0,0.46638410480202275,2,1,3,3,5
9774,olympus,clicks_finetuned_100,10+20 clicks,1,0.5886718264449784,4,0,1,4,5
9774,olympus,clicks_finetuned_100,10+20 clicks,2,0.4677979811671008,2,1,3,3,5
9775,olympus,clicks_finetuned_100,3+6 clicks,0,0.10966300038163222,0,1,7,1,7
9775,olympus,clicks_finetuned_100,3+6 clicks,1,0.13317054119606062,0,2,7,2,7
9775,olympus,clicks_finetuned_100,3+6 clicks,2,0.2803773663432349,1,2,6,3,7
9775,olympus,clicks_finetuned_100,10+20 clicks,0,0.12873295608585836,0,2,7,2,7
9775,olympus,clicks_finetuned_100,10+20 clicks,1,0.13186409800125587,0,2,7,2,7
9775,olympus,clicks_finetuned_100,10+20 clicks,2,0.13613588522084344,0,2,7,2,7
9782,olympus,clicks_finetuned_100,3+6 clicks,0,0.6069267940947042,3,5,6,8,9
9782,olympus,clicks_finetuned_100,3+6 clicks,1,0.21096333927516334,1,2,8,3,9
9782,olympus,clicks_finetuned_100,3+6 clicks,2,0.48491706417426045,2,5,7,7,9
9782,olympus,clicks_finetuned_100,10+20 clicks,0,0.3839699361896163,2,3,7,5,9
9782,olympus,clicks_finetuned_100,10+20 clicks,1,0.3217471594434686,1,4,8,5,9
9782,olympus,clicks_finetuned_100,10+20 clicks,2,0.5149230544542724,3,5,6,8,9
9786,olympus,clicks_finetuned_100,3+6 clicks,0,0.7966840694228869,1,1,0,2,1
9786,olympus,clicks_finetuned_100,3+6 clicks,1,0.8338961869765089,1,1,0,2,1
9786,olympus,clicks_finetuned_100,3+6 clicks,2,0.8287502398559389,1,1,0,2,1
9786,olympus,clicks_finetuned_100,10+20 clicks,0,0.8810418351009021,1,0,0,1,1
9786,olympus,clicks_finetuned_100,10+20 clicks,1,0.8726273256906597,1,0,0,1,1
9786,olympus,clicks_finetuned_100,10+20 clicks,2,0.8733448384060245,1,0,0,1,1
9789,olympus,clicks_finetuned_100,3+6 clicks,0,0.47276589258612584,1,3,2,4,3
9789,olympus,clicks_finetuned_100,3+6 clicks,1,0.48177743728847133,1,3,2,4,3
9789,olympus,clicks_finetuned_100,3+6 clicks,2,0.39967939565150784,1,4,2,5,3
9789,olympus,clicks_finetuned_100,10+20 clicks,0,0.49737659832782116,1,2,2,3,3
9789,olympus,clicks_finetuned_100,10+20 clicks,1,0.47433875009540216,1,2,2,3,3
9789,olympus,clicks_finetuned_100,10+20 clicks,2,0.4160906451124331,1,3,2,4,3
9798,olympus,clicks_finetuned_100,3+6 clicks,0,0.5888353839289088,3,3,3,6,6
9798,olympus,clicks_finetuned_100,3+6 clicks,1,0.4907967025651119,2,4,4,6,6
9798,olympus,clicks_finetuned_100,3+6 clicks,2,0.45289005149718503,2,5,4,7,6
9798,olympus,clicks_finetuned_100,10+20 clicks,0,0.5096232947080384,2,3,4,5,6
9798,olympus,clicks_finetuned_100,10+20 clicks,1,0.5095089514468584,2,4,4,6,6
9798,olympus,clicks_finetuned_100,10+20 clicks,2,0.4835297432667746,3,1,3,4,6
9801,olympus,clicks_finetuned_100,3+6 clicks,0,0.5986441858240856,1,2,2,3,3
9801,olympus,clicks_finetuned_100,3+6 clicks,1,0.6092841144467401,1,2,2,3,3
9801,olympus,clicks_finetuned_100,3+6 clicks,2,0.6079611757752114,1,2,2,3,3
9801,olympus,clicks_finetuned_100,10+20 clicks,0,0.6187927057542084,2,0,1,2,3
9801,olympus,clicks_finetuned_100,10+20 clicks,1,0.6205515291766401,2,0,1,2,3
9801,olympus,clicks_finetuned_100,10+20 clicks,2,0.6164769079202124,2,0,1,2,3
9805,olympus,clicks_finetuned_100,3+6 clicks,0,0.7844177131219621,2,2,0,4,2
9805,olympus,clicks_finetuned_100,3+6 clicks,1,0.8660218194503845,2,1,0,3,2
9805,olympus,clicks_finetuned_100,3+6 clicks,2,0.8443350023817582,2,1,0,3,2
9805,olympus,clicks_finetuned_100,10+20 clicks,0,0.8425114823210968,2,1,0,3,2
9805,olympus,clicks_finetuned_100,10+20 clicks,1,0.8920301458725746,2,0,0,2,2
9805,olympus,clicks_finetuned_100,10+20 clicks,2,0.8978262036570192,2,0,0,2,2
9820,olympus,clicks_finetuned_100,3+6 clicks,0,0.32718675168846106,0,2,2,2,2
9820,olympus,clicks_finetuned_100,3+6 clicks,1,0.3326563205480742,0,2,2,2,2
9820,olympus,clicks_finetuned_100,3+6 clicks,2,0.34872097935602014,0,1,2,1,2
9820,olympus,clicks_finetuned_100,10+20 clicks,0,0.347582114690111,0,1,2,1,2
9820,olympus,clicks_finetuned_100,10+20 clicks,1,0.46148801228332115,0,1,2,1,2
9820,olympus,clicks_finetuned_100,10+20 clicks,2,0.34830513548055253,0,1,2,1,2
9830,olympus,clicks_finetuned_100,3+6 clicks,0,0.19446823091442073,0,1,2,1,2
9830,olympus,clicks_finetuned_100,3+6 clicks,1,0.26175265419614707,0,1,2,1,2
9830,olympus,clicks_finetuned_100,3+6 clicks,2,0.2501107974449852,0,1,2,1,2
9830,olympus,clicks_finetuned_100,10+20 clicks,0,0.3035913151415092,0,1,2,1,2
9830,olympus,clicks_finetuned_100,10+20 clicks,1,0.3000674551747117,0,1,2,1,2
9830,olympus,clicks_finetuned_100,10+20 clicks,2,0.320531938612852,0,1,2,1,2
9832,olympus,clicks_finetuned_100,3+6 clicks,0,0.44173988427232463,1,0,1,1,2
9832,olympus,clicks_finetuned_100,3+6 clicks,1,0.4755623565109431,1,0,1,1,2
9832,olympus,clicks_finetuned_100,3+6 clicks,2,0.47299603898233983,1,0,1,1,2
9832,olympus,clicks_finetuned_100,10+20 clicks,0,0.45403932615856557,1,0,1,1,2
9832,olympus,clicks_finetuned_100,10+20 clicks,1,0.44126970694074086,1,0,1,1,2
9832,olympus,clicks_finetuned_100,10+20 clicks,2,0.47392180911156023,1,0,1,1,2
9838,olympus,clicks_finetuned_100,3+6 clicks,0,0.19266035123200062,0,1,3,1,3
9838,olympus,clicks_finetuned_100,3+6 clicks,1,0.189970885006133,0,1,3,1,3
9838,olympus,clicks_finetuned_100,3+6 clicks,2,0.1885115707892007,0,1,3,1,3
9838,olympus,clicks_finetuned_100,10+20 clicks,0,0.21895025975005664,0,1,3,1,3
9838,olympus,clicks_finetuned_100,10+20 clicks,1,0.2422493601835137,0,1,3,1,3
9838,olympus,clicks_finetuned_100,10+20 clicks,2,0.20980873506220496,0,1,3,1,3
9841,olympus,clicks_finetuned_100,3+6 clicks,0,0.4615838320263398,0,3,2,3,2
9841,olympus,clicks_finetuned_100,3+6 clicks,1,0.4487002298734326,0,3,2,3,2
9841,olympus,clicks_finetuned_100,3+6 clicks,2,0.4649205475593813,0,3,2,3,2
9841,olympus,clicks_finetuned_100,10+20 clicks,0,0.49774010584009276,0,2,2,2,2
9841,olympus,clicks_finetuned_100,10+20 clicks,1,0.4976938874451211,0,1,2,1,2
9841,olympus,clicks_finetuned_100,10+20 clicks,2,0.4978735142204854,0,1,2,1,2
9845,olympus,clicks_finetuned_100,3+6 clicks,0,0.6297294755650293,1,0,0,1,1
9845,olympus,clicks_finetuned_100,3+6 clicks,1,0.7131875367012473,1,0,0,1,1
9845,olympus,clicks_finetuned_100,3+6 clicks,2,0.7369614512471655,1,0,0,1,1
9845,olympus,clicks_finetuned_100,10+20 clicks,0,0.8177109028120375,1,0,0,1,1
9845,olympus,clicks_finetuned_100,10+20 clicks,1,0.8255533867685535,1,0,0,1,1
9845,olympus,clicks_finetuned_100,10+20 clicks,2,0.8298250010441465,1,0,0,1,1
9859,olympus,clicks_finetuned_100,3+6 clicks,0,0.45247266135176056,1,1,3,2,4
9859,olympus,clicks_finetuned_100,3+6 clicks,1,0.3940070235369502,1,1,3,2,4
9859,olympus,clicks_finetuned_100,3+6 clicks,2,0.48742664586479595,1,1,3,2,4
9859,olympus,clicks_finetuned_100,10+20 clicks,0,0.4519927229900421,1,1,3,2,4
9859,olympus,clicks_finetuned_100,10+20 clicks,1,0.5114709741859141,1,1,3,2,4
9859,olympus,clicks_finetuned_100,10+20 clicks,2,0.458608825494701,1,1,3,2,4
9871,olympus,clicks_finetuned_100,3+6 clicks,0,0.45077948396684897,0,2,2,2,2
9871,olympus,clicks_finetuned_100,3+6 clicks,1,0.469900041956828,0,2,2,2,2
9871,olympus,clicks_finetuned_100,3+6 clicks,2,0.44667347233129084,0,2,2,2,2
9871,olympus,clicks_finetuned_100,10+20 clicks,0,0.5115448245492319,2,0,0,2,2
9871,olympus,clicks_finetuned_100,10+20 clicks,1,0.4950888739406075,0,2,2,2,2
9871,olympus,clicks_finetuned_100,10+20 clicks,2,0.7180673008653407,2,1,0,3,2
9875,olympus,clicks_finetuned_100,3+6 clicks,0,0.17169480766386264,0,1,5,1,5
9875,olympus,clicks_finetuned_100,3+6 clicks,1,0.1756545453028817,0,1,5,1,5
9875,olympus,clicks_finetuned_100,3+6 clicks,2,0.17043043145414447,0,1,5,1,5
9875,olympus,clicks_finetuned_100,10+20 clicks,0,0.3740251508382131,1,1,4,2,5
9875,olympus,clicks_finetuned_100,10+20 clicks,1,0.18624721033829278,0,1,5,1,5
9875,olympus,clicks_finetuned_100,10+20 clicks,2,0.1750190099514783,0,1,5,1,5
9886,olympus,clicks_finetuned_100,3+6 clicks,0,0.27873674539728455,0,3,5,3,5
9886,olympus,clicks_finetuned_100,3+6 clicks,1,0.30498772080447994,0,3,5,3,5
9886,olympus,clicks_finetuned_100,3+6 clicks,2,0.3020015991005615,0,3,5,3,5
9886,olympus,clicks_finetuned_100,10+20 clicks,0,0.3184975873972343,1,1,4,2,5
9886,olympus,clicks_finetuned_100,10+20 clicks,1,0.3017833156689481,1,1,4,2,5
9886,olympus,clicks_finetuned_100,10+20 clicks,2,0.3115510197645929,1,1,4,2,5
9889,olympus,clicks_finetuned_100,3+6 clicks,0,0.6137873754152824,1,0,0,1,1
9889,olympus,clicks_finetuned_100,3+6 clicks,1,0.894013568251286,1,0,0,1,1
9889,olympus,clicks_finetuned_100,3+6 clicks,2,0.4029751847066229,0,2,1,2,1
9889,olympus,clicks_finetuned_100,10+20 clicks,0,0.9244291936122476,1,0,0,1,1
9889,olympus,clicks_finetuned_100,10+20 clicks,1,0.9213447086197213,1,0,0,1,1
9889,olympus,clicks_finetuned_100,10+20 clicks,2,0.9240949476196791,1,0,0,1,1
9902,olympus,clicks_finetuned_100,3+6 clicks,0,0.41194905944848664,0,1,2,1,2
9902,olympus,clicks_finetuned_100,3+6 clicks,1,0.4104207293949669,0,1,2,1,2
9902,olympus,clicks_finetuned_100,3+6 clicks,2,0.37744251798821415,0,2,2,2,2
9902,olympus,clicks_finetuned_100,10+20 clicks,0,0.4381563804470861,0,1,2,1,2
9902,olympus,clicks_finetuned_100,10+20 clicks,1,0.8797887757296903,2,0,0,2,2
9902,olympus,clicks_finetuned_100,10+20 clicks,2,0.4320319884083037,0,1,2,1,2
9910,olympus,clicks_finetuned_100,3+6 clicks,0,0.3400948573547181,0,2,4,2,4
9910,olympus,clicks_finetuned_100,3+6 clicks,1,0.3326738320796119,0,2,4,2,4
9910,olympus,clicks_finetuned_100,3+6 clicks,2,0.4189851013152329,0,3,4,3,4
9910,olympus,clicks_finetuned_100,10+20 clicks,0,0.328026472248835,0,2,4,2,4
9910,olympus,clicks_finetuned_100,10+20 clicks,1,0.6305108788319472,2,2,2,4,4
9910,olympus,clicks_finetuned_100,10+20 clicks,2,0.5307603121548419,1,2,3,3,4
9912,olympus,clicks_finetuned_100,3+6 clicks,0,0.3708092996835132,1,1,3,2,4
9912,olympus,clicks_finetuned_100,3+6 clicks,1,0.3572706424993911,1,1,3,2,4
9912,olympus,clicks_finetuned_100,3+6 clicks,2,0.37957300386441245,1,1,3,2,4
9912,olympus,clicks_finetuned_100,10+20 clicks,0,0.36178274899307145,1,1,3,2,4
9912,olympus,clicks_finetuned_100,10+20 clicks,1,0.3864496082892903,1,1,3,2,4
9912,olympus,clicks_finetuned_100,10+20 clicks,2,0.3843540427976052,1,1,3,2,4
