sample,z,method,budget,noisy,seed,gt_B.Ar/T.Ar_%,gt_B.Pm/T.Ar_per_mm,gt_Tb.Th_um,dice,iou,hd95_um,pred_B.Ar/T.Ar_%,pred_B.Pm/T.Ar_per_mm,pred_Tb.Th_um
A,25,otsu,none,False,0,12.613594919197636,3.084680142301765,81.78219029079278,0.21636481537295302,0.12130553222866272,371.197807779087,42.46582405835377,29.178664698254483,29.10744853988754
A,46,otsu,none,False,0,13.814877696032195,3.3416146529512183,82.68384676749781,0.1425892152678075,0.0767677330399298,383.88815101668575,34.800477897252094,24.414194073558342,28.508397854461684
A,66,otsu,none,False,0,12.19115890083632,3.0141745861491933,80.89218824189828,0.13344361113058106,0.07149187237327902,379.7587100337998,32.665157517449536,24.224540553021097,26.968649783845578
A,87,otsu,none,False,0,10.970131421744325,3.323383860165258,66.01784135281217,0.17920949336354808,0.09842400468937085,339.71168114379924,38.75532918317299,26.809754647840425,28.911364309180502
A,107,otsu,none,False,0,12.201848707790983,3.4929145816017844,69.86628743835726,0.20583735236280137,0.11472613847684124,378.68078988113456,39.664214299188835,25.63047308093219,30.950824960540473
A,133,otsu,none,False,0,10.764887128214802,3.4600939783035476,62.223091024208124,0.1657992565055762,0.09039319010944467,391.6789381942818,37.95044960070427,22.636340272580146,33.53055232755484
A,154,otsu,none,False,0,10.329120291768849,2.9755295445676695,69.42710624820647,0.13993144584491646,0.07522918740405181,462.1586847928803,36.26711941143181,20.977145625588918,34.57774480736927
A,174,otsu,none,False,0,13.883292460542036,3.2340166189071162,85.85789188203783,0.14664098980075285,0.07912174003728942,469.15863476463403,39.47104319939634,25.59830224330993,30.83879768605516
A,195,otsu,none,False,0,17.852732188895178,3.648771636018321,97.85612238740576,0.21211289942350142,0.11863886671317574,341.7332887282127,40.8292774948123,30.226737587422296,27.01533857348988
A,216,otsu,none,False,0,19.10243350311262,5.057535766536992,75.54047814947036,0.22700168567919798,0.12803265736107453,322.11254821214976,34.763377978997674,30.44842282402605,22.83427169933203
A,25,rf_clicks,3+6,False,0,12.613594919197636,3.084680142301765,81.78219029079278,0.3247560990689105,0.19385601039252448,395.14574051860916,7.727975853612526,11.689678358259508,13.221879365315841
A,25,sam,3+6,False,0,12.613594919197636,3.084680142301765,81.78219029079278,0.6290904664103641,0.458885470555546,280.66576990173223,19.41143180531975,5.281978870295788,73.50060377743512
A,25,microsam,3+6,False,0,12.613594919197636,3.084680142301765,81.78219029079278,0.43775955639452574,0.28021266392529576,372.3580327728425,30.024900962082626,10.383046810126858,57.834470962412595
A,25,dino_clicks,3+6,False,0,12.613594919197636,3.084680142301765,81.78219029079278,0.7411071894056872,0.5886976104469265,58.137767414994535,13.824938690813054,3.055927183727719,90.47950333652221
A,25,rf_clicks,3+6,False,1,12.613594919197636,3.084680142301765,81.78219029079278,0.376274283225139,0.23173512578991295,406.0874674869935,28.96069923913727,41.443123592029195,13.976117980019882
A,25,sam,3+6,False,1,12.613594919197636,3.084680142301765,81.78219029079278,0.6966576083654964,0.5345161891740725,291.68365032376016,18.439539709488777,5.670946934657182,65.03160732045707
A,25,microsam,3+6,False,1,12.613594919197636,3.084680142301765,81.78219029079278,0.23485931288241052,0.13305416083628283,383.3691514063175,56.63359114632459,2.684262712903807,421.9675732488865
A,25,dino_clicks,3+6,False,1,12.613594919197636,3.084680142301765,81.78219029079278,0.6987400461925609,0.5369719126052201,99.97382469926816,16.572344840596113,4.136588945829119,80.12565453140247
A,25,rf_clicks,3+6,False,2,12.613594919197636,3.084680142301765,81.78219029079278,0.46507275165475054,0.3029933517410216,368.84636452729205,22.46079356096334,24.371314348516524,18.432156132219863
A,25,sam,3+6,False,2,12.613594919197636,3.084680142301765,81.78219029079278,0.4544230735898221,0.2940151770027289,421.32665196470015,30.920581022448594,6.676867393647441,92.62002433017406
A,25,microsam,3+6,False,2,12.613594919197636,3.084680142301765,81.78219029079278,0.2806378770108705,0.16322208873775731,921.3827376529098,8.939696912532227,2.0241545247793606,88.33018233631825
A,25,dino_clicks,3+6,False,2,12.613594919197636,3.084680142301765,81.78219029079278,0.6739764920779892,0.5082688866761995,181.61873943475968,12.723008237439476,3.3443450196107127,76.08669657486747
A,25,rf_clicks,3+6,True,0,12.613594919197636,3.084680142301765,81.78219029079278,0.15893300288176998,0.08632657210766545,395.20721609501237,26.357542602024775,30.560592392812666,17.24936628402768
A,25,sam,3+6,True,0,12.613594919197636,3.084680142301765,81.78219029079278,0.6230927803450046,0.45253069448000266,579.9881972304098,20.20813682952902,5.329755417687613,75.83138529195998
A,25,microsam,3+6,True,0,12.613594919197636,3.084680142301765,81.78219029079278,0.4460489347583617,0.28704181536694745,413.92867058861697,31.92454253914356,4.788159583289142,133.3478635530922
A,25,dino_clicks,3+6,True,0,12.613594919197636,3.084680142301765,81.78219029079278,0.5993208074396217,0.4278787110016894,116.81811400326104,18.53109476199459,3.990466789046945,92.87682740705345
A,25,rf_clicks,3+6,True,1,12.613594919197636,3.084680142301765,81.78219029079278,0.3304624452731422,0.19793651501730192,385.53959751236965,11.02710180469094,18.969738739873165,11.625992277387232
A,25,sam,3+6,True,1,12.613594919197636,3.084680142301765,81.78219029079278,0.7262585437816982,0.5701773623180459,247.5046231610627,16.200339558573855,4.308838168629943,75.19585987943933
A,25,microsam,3+6,True,1,12.613594919197636,3.084680142301765,81.78219029079278,0.23228462003920447,0.1314038575850124,368.8211072011737,56.80450229516443,3.507120194715384,323.9381551893139
A,25,dino_clicks,3+6,True,1,12.613594919197636,3.084680142301765,81.78219029079278,0.6586767428296098,0.4910648788861916,121.28260137086829,12.182355530403068,3.2980605070396867,73.87587646982168
A,25,rf_clicks,3+6,True,2,12.613594919197636,3.084680142301765,81.78219029079278,0.2591522601788664,0.14886555225415257,429.7450679562083,25.607369678676978,27.49983078864141,18.623656178461946
A,25,sam,3+6,True,2,12.613594919197636,3.084680142301765,81.78219029079278,0.5730066488665515,0.4015482261437429,709.7404921723936,11.408287744450732,6.521121150752107,34.98873117281366
A,25,microsam,3+6,True,2,12.613594919197636,3.084680142301765,81.78219029079278,0.32377065780946207,0.19315415239441555,869.2486348065919,12.224988995786958,3.3330103748954354,73.35704135736745
A,25,dino_clicks,3+6,True,2,12.613594919197636,3.084680142301765,81.78219029079278,0.5723135674127506,0.40086783368502393,489.697458998468,11.097654530591713,3.2819464428719707,67.628492565408
A,46,rf_clicks,3+6,False,0,13.814877696032195,3.3416146529512183,82.68384676749781,0.44449613179798036,0.2857570083138179,371.6171058883871,21.330440797333836,26.56373929027626,16.059817907595495
A,46,sam,3+6,False,0,13.814877696032195,3.3416146529512183,82.68384676749781,0.517645361003276,0.3492048038879716,437.9548312229159,29.757404263346537,10.784645951294404,55.184758772308086
A,46,microsam,3+6,False,0,13.814877696032195,3.3416146529512183,82.68384676749781,0.39491772011988546,0.24604204100327015,387.0400688304892,35.111488398415396,12.484127713104968,56.24980648276739
A,46,dino_clicks,3+6,False,0,13.814877696032195,3.3416146529512183,82.68384676749781,0.6711782950497482,0.505092814596128,74.8064950527509,18.947745708356912,4.285173472376471,88.43397276912982
A,46,rf_clicks,3+6,False,1,13.814877696032195,3.3416146529512183,82.68384676749781,0.441966606553204,0.2836695339215118,312.1996747901299,21.26240332012828,28.10655327671604,15.129854671823049
A,46,sam,3+6,False,1,13.814877696032195,3.3416146529512183,82.68384676749781,0.5647065257516304,0.39344324758903704,343.14752053337594,32.17707350814312,15.860499730443093,40.575106781007065
A,46,microsam,3+6,False,1,13.814877696032195,3.3416146529512183,82.68384676749781,0.21626299846575486,0.12124152735506448,326.9445305823788,62.90926240332013,4.737547385594719,265.5773432244961
A,46,dino_clicks,3+6,False,1,13.814877696032195,3.3416146529512183,82.68384676749781,0.5033475247548554,0.3363155662923081,364.1249337121786,38.499654153304405,6.506885747420879,118.33511651426932
A,46,rf_clicks,3+6,False,2,13.814877696032195,3.3416146529512183,82.68384676749781,0.3817147021430806,0.2358760242391017,354.26546697636087,17.938502169402,33.743231240699224,10.632355888765964
A,46,sam,3+6,False,2,13.814877696032195,3.3416146529512183,82.68384676749781,0.5242635800973026,0.35525556801794583,496.7505661798485,28.7338238068289,9.489058407721194,60.56201273552779
A,46,microsam,3+6,False,2,13.814877696032195,3.3416146529512183,82.68384676749781,0.1375532778867871,0.07385622163232308,966.1680707992836,7.400113186191285,1.5578114471512579,95.0065323980478
A,46,dino_clicks,3+6,False,2,13.814877696032195,3.3416146529512183,82.68384676749781,0.6494016598146796,0.48082515763018996,100.77882468202135,23.90291140036471,4.659790603546347,102.59221254351357
A,46,rf_clicks,3+6,True,0,13.814877696032195,3.3416146529512183,82.68384676749781,0.14216158180491553,0.07651988483639362,376.308033515326,31.516066151040683,15.400234932975321,40.9293316474774
A,46,sam,3+6,True,0,13.814877696032195,3.3416146529512183,82.68384676749781,0.6169923522563284,0.44612360116947275,488.40482690357106,22.264101112997547,8.450686578275093,52.691816000450864
A,46,microsam,3+6,True,0,13.814877696032195,3.3416146529512183,82.68384676749781,0.2867364452466538,0.1673627180424873,400.2028936462381,59.97157768974407,16.500826181169593,72.68918177949467
A,46,dino_clicks,3+6,True,0,13.814877696032195,3.3416146529512183,82.68384676749781,0.6273653458845748,0.4570519504251271,86.66598765193221,20.27956989247312,4.960742859731571,81.7602140078289
A,46,rf_clicks,3+6,True,1,13.814877696032195,3.3416146529512183,82.68384676749781,0.2274534543009637,0.1283201588431424,372.0824211448318,31.6380557127586,41.32724346827572,15.310992487096367
A,46,sam,3+6,True,1,13.814877696032195,3.3416146529512183,82.68384676749781,0.3215959502145188,0.19160818293760812,391.9803776789402,65.53455322895051,14.214636347480937,92.20714709393785
A,46,microsam,3+6,True,1,13.814877696032195,3.3416146529512183,82.68384676749781,0.17860410615199954,0.0980589155577093,451.5161265115566,52.29830849525247,11.606153619102018,90.12168925487452
A,46,dino_clicks,3+6,True,1,13.814877696032195,3.3416146529512183,82.68384676749781,0.5026415183839007,0.33568549185456215,141.5173460221343,7.395334213670377,3.226208236144236,45.84536193800573
A,46,rf_clicks,3+6,True,2,13.814877696032195,3.3416146529512183,82.68384676749781,0.3208746827728608,0.19109632823757572,355.88983987323945,41.488901465132365,13.274137230017695,62.51088224598242
A,46,sam,3+6,True,2,13.814877696032195,3.3416146529512183,82.68384676749781,0.43224653321584144,0.27571078130191196,495.20871759958726,21.43671005470666,9.903007283322307,43.29333391647264
A,46,microsam,3+6,True,2,13.814877696032195,3.3416146529512183,82.68384676749781,0.1302948916687696,0.06968740208719963,908.5763578405696,14.093315726592467,2.4599248927881128,114.58330104232499
A,46,dino_clicks,3+6,True,2,13.814877696032195,3.3416146529512183,82.68384676749781,0.6003673086415361,0.42894633166850943,130.3721017825085,14.466452870527574,4.143068677666483,69.83448258297071
A,66,rf_clicks,3+6,False,0,12.19115890083632,3.0141745861491933,80.89218824189828,0.18815147824874062,0.10384503781082154,385.59712602411946,34.69383135257499,50.880820280614984,13.637292465504116
A,66,sam,3+6,False,0,12.19115890083632,3.0141745861491933,80.89218824189828,0.39833096316874467,0.24869742375541162,463.5709585477196,33.44098597748852,7.787193539476081,85.88713201479881
A,66,microsam,3+6,False,0,12.19115890083632,3.0141745861491933,80.89218824189828,0.24750458500799938,0.141229804592173,576.3783569447329,20.037980255297743,6.13865950918462,65.28454697745349
A,66,dino_clicks,3+6,False,0,12.19115890083632,3.0141745861491933,80.89218824189828,0.5132945751793083,0.3452564083037605,318.3836981173499,10.024900962082626,3.108644244745188,64.49693289303586
A,66,rf_clicks,3+6,False,1,12.19115890083632,3.0141745861491933,80.89218824189828,0.3815671750854593,0.23576336886617918,389.5981131262664,23.09061183424511,30.12174277884147,15.33152447637574
A,66,sam,3+6,False,1,12.19115890083632,3.0141745861491933,80.89218824189828,0.5378803823236978,0.36787713934003097,297.9542788533178,22.466201345658053,9.335142023193416,48.132532509607586
A,66,microsam,3+6,False,1,12.19115890083632,3.0141745861491933,80.89218824189828,0.1786951666475776,0.09811381564208482,353.8636479200291,58.082877444507325,4.589832628687735,253.09366220229091
A,66,dino_clicks,3+6,False,1,12.19115890083632,3.0141745861491933,80.89218824189828,0.5808363400608862,0.4092807309382526,202.1502407785057,23.50122618373892,5.043598150317707,93.19230233383493
A,66,rf_clicks,3+6,False,2,12.19115890083632,3.0141745861491933,80.89218824189828,0.20924635124754615,0.11684820600160144,268.88029977063417,9.910960196189398,11.55121144656212,17.160035970320855
A,66,sam,3+6,False,2,12.19115890083632,3.0141745861491933,80.89218824189828,0.5735535824901921,0.4020856132061816,495.7991837377858,18.262214676476137,6.127953467066874,59.60298091237723
A,66,microsam,3+6,False,2,12.19115890083632,3.0141745861491933,80.89218824189828,0.1343821932196572,0.07203093405908903,810.4486347125826,15.946299440357166,3.02524366258717,105.42158727617985
A,66,dino_clicks,3+6,False,2,12.19115890083632,3.0141745861491933,80.89218824189828,0.5495930019115618,0.37892329714066264,258.4587913719021,27.54624913538326,5.368230876851688,102.62691664088166
A,66,rf_clicks,3+6,True,0,12.19115890083632,3.0141745861491933,80.89218824189828,0.36528785679729076,0.22345699107710976,384.9864729729828,19.002955417216878,28.22090590865806,13.46728944756295
A,66,sam,3+6,True,0,12.19115890083632,3.0141745861491933,80.89218824189828,0.5898274454212727,0.41826615012903645,508.24375466555944,18.1499088222348,5.369019625188486,67.60976896819454
A,66,microsam,3+6,True,0,12.19115890083632,3.0141745861491933,80.89218824189828,0.2535209476515359,0.14516117288130656,346.9357615017642,27.36691190341445,7.9898504689229615,68.50419043475175
A,66,dino_clicks,3+6,True,0,12.19115890083632,3.0141745861491933,80.89218824189828,0.6042370364871386,0.43290805980866015,164.125,14.914167138275797,4.3935485283571065,67.89121386512919
A,66,rf_clicks,3+6,True,1,12.19115890083632,3.0141745861491933,80.89218824189828,0.14991691872448107,0.08103253320987215,461.8822019318207,48.88775702697604,22.159457358200793,44.123604866960896
A,66,sam,3+6,True,1,12.19115890083632,3.0141745861491933,80.89218824189828,0.24873696689212177,0.1420328997927289,399.1596731466574,71.7229453562221,13.053950087861972,109.88696122396338
A,66,microsam,3+6,True,1,12.19115890083632,3.0141745861491933,80.89218824189828,0.20064201339779691,0.11150755707966536,313.71760138470495,61.345029239766085,7.515015543838282,163.25988650832306
A,66,dino_clicks,3+6,True,1,12.19115890083632,3.0141745861491933,80.89218824189828,0.5694627834573517,0.39807617507053816,175.853604430325,16.287115638558763,5.341196965124002,60.98676287321915
A,66,rf_clicks,3+6,True,2,12.19115890083632,3.0141745861491933,80.89218824189828,0.2482320362749749,0.14170371956519,261.1413425263359,10.607306797459598,12.33190935124004,17.203024276841575
A,66,sam,3+6,True,2,12.19115890083632,3.0141745861491933,80.89218824189828,0.5189234020213784,0.35036905095226467,479.3502112234853,16.316292523423254,6.859165075289857,47.57515628892706
A,66,microsam,3+6,True,2,12.19115890083632,3.0141745861491933,80.89218824189828,0.16442062542275873,0.08957423890243212,771.6443772928758,19.23020813682953,3.0028140600163757,128.08124480890874
A,66,dino_clicks,3+6,True,2,12.19115890083632,3.0141745861491933,80.89218824189828,0.5994458895167479,0.42800623341136956,132.64218848225713,13.047098031817896,4.4050937403585895,59.23641493611357
A,87,rf_clicks,3+6,False,0,10.970131421744325,3.323383860165258,66.01784135281217,0.34960180866448054,0.21182876380976828,276.12140388865595,19.90265987549519,31.867084680494628,12.49104527448494
A,87,sam,3+6,False,0,10.970131421744325,3.323383860165258,66.01784135281217,0.23434081710785387,0.13272143309333576,507.3176088306817,62.61196000754575,16.098495582378426,77.78610080320973
A,87,microsam,3+6,False,0,10.970131421744325,3.323383860165258,66.01784135281217,0.3305845456616071,0.19802413162194024,264.0091980784657,32.09771741180909,12.680290894592144,50.626153104260474
A,87,dino_clicks,3+6,False,0,10.970131421744325,3.323383860165258,66.01784135281217,0.6216393227887481,0.4509990259200304,159.3796979589028,19.753128340564672,4.719267929234762,83.71268017312033
A,87,rf_clicks,3+6,False,1,10.970131421744325,3.323383860165258,66.01784135281217,0.28801935486980285,0.16823750647478775,256.73071470610444,15.124693454065271,34.43553075888031,8.784353323878932
A,87,sam,3+6,False,1,10.970131421744325,3.323383860165258,66.01784135281217,0.335316783420227,0.20142978560759603,442.0500316031152,49.11752499528391,18.00747542071546,54.552372109618474
A,87,microsam,3+6,False,1,10.970131421744325,3.323383860165258,66.01784135281217,0.35143091483938155,0.21317330162426404,367.84037958508554,25.9830220713073,26.69613412033549,19.465756318264088
A,87,dino_clicks,3+6,False,1,10.970131421744325,3.323383860165258,66.01784135281217,0.5935306638351348,0.42200042942533195,154.8953987147175,14.8497767716783,4.695503338321352,63.25105404775248
A,87,rf_clicks,3+6,False,2,10.970131421744325,3.323383860165258,66.01784135281217,0.20173346243771106,0.1121821811304896,343.5981696402452,26.305980003772873,31.2265416028547,16.848474825254428
A,87,sam,3+6,False,2,10.970131421744325,3.323383860165258,66.01784135281217,0.5829679862946968,0.4114007168901798,791.7861473211603,12.007042696346602,3.363091984394997,71.4047831701315
A,87,microsam,3+6,False,2,10.970131421744325,3.323383860165258,66.01784135281217,0.3997929410827788,0.24983825615248711,503.8977988825262,14.296673583600578,7.289239880353884,39.226788576771305
A,87,dino_clicks,3+6,False,2,10.970131421744325,3.323383860165258,66.01784135281217,0.6096583034374983,0.43849530294950156,174.65537495307723,11.079922027290449,3.287444784008762,67.4075019065684
A,87,rf_clicks,3+6,True,0,10.970131421744325,3.323383860165258,66.01784135281217,0.2529702295439531,0.14480018247079868,363.32398129295217,13.016034710431994,22.490790352285664,11.574546297888743
A,87,sam,3+6,True,0,10.970131421744325,3.323383860165258,66.01784135281217,0.25225457675104135,0.14433141886426146,478.4398493582177,60.19241652518393,19.87453159887344,60.57241271396389
A,87,microsam,3+6,True,0,10.970131421744325,3.323383860165258,66.01784135281217,0.38869519353932774,0.24123008383070618,286.9912525345454,25.750235804565175,9.073498058638904,56.759224806464374
A,87,dino_clicks,3+6,True,0,10.970131421744325,3.323383860165258,66.01784135281217,0.5559927616456141,0.38503460846860604,159.32045586786688,17.31547506759731,5.248092894627257,65.98768510871464
A,87,rf_clicks,3+6,True,1,10.970131421744325,3.323383860165258,66.01784135281217,0.21904858397684673,0.12299526085106804,312.3256763780397,17.579073130855814,24.30195437649881,14.467209392719168
A,87,sam,3+6,True,1,10.970131421744325,3.323383860165258,66.01784135281217,0.5470569160927704,0.37651641151808535,303.9922901982878,21.608375778155064,12.646940634922379,34.17170429105551
A,87,microsam,3+6,True,1,10.970131421744325,3.323383860165258,66.01784135281217,0.2027226760015558,0.11279432132963989,374.1050289073893,55.313588631075895,17.274675791811823,64.0400888534122
A,87,dino_clicks,3+6,True,1,10.970131421744325,3.323383860165258,66.01784135281217,0.6311556688425062,0.4610865198300535,190.4060419978772,9.702823366660379,2.6512456973366416,73.19444875597559
A,87,rf_clicks,3+6,True,2,10.970131421744325,3.323383860165258,66.01784135281217,0.1099480356050706,0.05817196440959693,468.7223550912628,17.612022888763125,27.030261525894932,13.031337393381005
A,87,sam,3+6,True,2,10.970131421744325,3.323383860165258,66.01784135281217,0.2420216661677886,0.13767044878204293,638.1062848932916,28.52405206564799,5.351049682340734,106.61105300435403
A,87,microsam,3+6,True,2,10.970131421744325,3.323383860165258,66.01784135281217,0.29067316034552854,0.17005124684304734,624.6507578389924,19.03565365025467,6.04485929915998,62.98129603413581
A,87,dino_clicks,3+6,True,2,10.970131421744325,3.323383860165258,66.01784135281217,0.47814904325846436,0.3141891399682387,720.3403201458572,11.717914858831668,3.5382656964021635,66.23535858681764
A,107,rf_clicks,3+6,False,0,12.201848707790983,3.4929145816017844,69.86628743835726,0.2767486587711307,0.1605968045112782,376.0279492141901,30.039992454253916,42.878683427598865,14.011620718241865
A,107,sam,3+6,False,0,12.201848707790983,3.4929145816017844,69.86628743835726,0.6082968770800722,0.4370881023848006,394.89702708031757,15.19436584292272,5.316108441624167,57.163490962500255
A,107,microsam,3+6,False,0,12.201848707790983,3.4929145816017844,69.86628743835726,0.3657433801062966,0.22379801045571754,261.5167163014533,35.66748412249261,13.132095924543052,54.3210837438864
A,107,dino_clicks,3+6,False,0,12.201848707790983,3.4929145816017844,69.86628743835726,0.6715856832364766,0.5055543852257566,87.45459504966198,14.762371879519588,4.398137872957719,67.13010053771684
A,107,rf_clicks,3+6,False,1,12.201848707790983,3.4929145816017844,69.86628743835726,0.17252952292385737,0.0944089248434238,490.75269038997635,29.991699679305793,45.79635102875938,13.097855617567207
A,107,sam,3+6,False,1,12.201848707790983,3.4929145816017844,69.86628743835726,0.6310889252552309,0.4610152820722092,347.0944231095307,22.91819153618814,9.710074195753595,47.204977169403534
A,107,microsam,3+6,False,1,12.201848707790983,3.4929145816017844,69.86628743835726,0.26612000831486815,0.15348236878622154,453.375,44.66817581588379,19.77855884970045,45.16828162792084
A,107,dino_clicks,3+6,False,1,12.201848707790983,3.4929145816017844,69.86628743835726,0.6373053067157757,0.46768018533910116,208.13325809442372,16.002012198956173,4.238690928458507,75.50450112566078
A,107,rf_clicks,3+6,False,2,12.201848707790983,3.4929145816017844,69.86628743835726,0.3376499730385549,0.20311605110972575,262.3144635674925,17.651135005973714,26.463557623996188,13.339956219619022
A,107,sam,3+6,False,2,12.201848707790983,3.4929145816017844,69.86628743835726,0.6236158811702117,0.4530827351454872,577.3897351442957,13.94340690435767,3.647598551387912,76.45253011218682
A,107,microsam,3+6,False,2,12.201848707790983,3.4929145816017844,69.86628743835726,0.4491550373903315,0.2896195610904397,734.6278641893103,11.292209017166572,4.837865883708466,46.682604638516885
A,107,dino_clicks,3+6,False,2,12.201848707790983,3.4929145816017844,69.86628743835726,0.6595401823414853,0.4920253286618881,187.2180546530265,16.986606300697982,3.974649702452167,85.47473398834653
A,107,rf_clicks,3+6,True,0,12.201848707790983,3.4929145816017844,69.86628743835726,0.3211509869036066,0.19129235827544147,501.8935468027845,16.049676161730492,14.236567841870773,22.547114360706008
A,107,sam,3+6,True,0,12.201848707790983,3.4929145816017844,69.86628743835726,0.33402068941815305,0.20049510056730274,458.14914670334156,46.34710431993963,18.90787763710613,49.02412127840819
A,107,microsam,3+6,True,0,12.201848707790983,3.4929145816017844,69.86628743835726,0.39255089796993436,0.2442073577783442,394.21423642816967,13.581714141985788,5.362856553819433,50.651043919169815
A,107,dino_clicks,3+6,True,0,12.201848707790983,3.4929145816017844,69.86628743835726,0.5945672289464168,0.4230492138736023,224.30415597355244,17.359240394894044,4.4059501645206876,78.79907736896754
A,107,rf_clicks,3+6,True,1,12.201848707790983,3.4929145816017844,69.86628743835726,0.18793103983172577,0.1037107549230764,271.9040683224402,28.335282651072124,33.90787295738592,16.713099454326017
A,107,sam,3+6,True,1,12.201848707790983,3.4929145816017844,69.86628743835726,0.6137280974373903,0.44271841353985164,287.3174200076503,19.76620763377979,8.002162595538726,49.40216447188819
A,107,microsam,3+6,True,1,12.201848707790983,3.4929145816017844,69.86628743835726,0.23697922336156285,0.13441658005495127,500.9603533949935,57.11790228258819,23.512947552260044,48.58421272419168
A,107,dino_clicks,3+6,True,1,12.201848707790983,3.4929145816017844,69.86628743835726,0.43109188198347553,0.2747719111355475,224.5947520769252,15.790228258819091,5.213373947597159,60.57585132981608
A,107,rf_clicks,3+6,True,2,12.201848707790983,3.4929145816017844,69.86628743835726,0.15570606098343695,0.08442583781762274,474.0434439944295,27.182795698924732,40.261630397971736,13.503077461211864
A,107,sam,3+6,True,2,12.201848707790983,3.4929145816017844,69.86628743835726,0.3299660144663767,0.19758041891641093,721.906375505569,22.693579827705463,5.391141194430146,84.18840838801003
A,107,microsam,3+6,True,2,12.201848707790983,3.4929145816017844,69.86628743835726,0.421621944915562,0.2671235472118919,711.4429228938556,17.236244733698044,4.889892333076134,70.49744067822886
A,107,dino_clicks,3+6,True,2,12.201848707790983,3.4929145816017844,69.86628743835726,0.5913262464585806,0.4197751572867604,197.0170746662437,18.959818902093943,4.945070283675707,76.68169637419581
A,133,rf_clicks,3+6,False,0,10.764887128214802,3.4600939783035476,62.223091024208124,0.1563897481927904,0.08482798793263839,295.42213959060103,20.619883040935672,24.069194535578987,17.133837204610604
A,133,sam,3+6,False,0,10.764887128214802,3.4600939783035476,62.223091024208124,0.6340123729309168,0.46414210521897536,401.06229526319,11.169716405709615,3.8256149217588464,58.39435820986541
A,133,microsam,3+6,False,0,10.764887128214802,3.4600939783035476,62.223091024208124,0.28791411375589654,0.16816569546491006,793.843352746128,3.151732377538829,1.3076827654856658,48.2033175128418
A,133,dino_clicks,3+6,False,0,10.764887128214802,3.4600939783035476,62.223091024208124,0.6040312123419795,0.4326967892708737,146.8850678210813,16.68238697101176,4.160113040343762,80.20160418349232
A,133,rf_clicks,3+6,False,1,10.764887128214802,3.4600939783035476,62.223091024208124,0.20014423210273763,0.11120015040791983,303.2129819969156,34.5762434760737,27.949288978687434,24.74212743117695
A,133,sam,3+6,False,1,10.764887128214802,3.4600939783035476,62.223091024208124,0.22502631090199962,0.1267772656485701,427.99797601115085,70.49273721939257,12.243109235276297,115.15495919334046
A,133,microsam,3+6,False,1,10.764887128214802,3.4600939783035476,62.223091024208124,0.20665474791268212,0.11523422367898857,450.3660446881624,77.93925674401056,22.218151185640643,70.15818381358561
A,133,dino_clicks,3+6,False,1,10.764887128214802,3.4600939783035476,62.223091024208124,0.493508174257275,0.3275876880473397,193.73482297943315,22.27479091995221,6.723236026783123,66.26211196875104
A,133,rf_clicks,3+6,False,2,10.764887128214802,3.4600939783035476,62.223091024208124,0.28250932857333944,0.1644895854593892,229.34155588916266,16.501289064956296,16.966527310721894,19.45158106046652
A,133,sam,3+6,False,2,10.764887128214802,3.4600939783035476,62.223091024208124,0.5954147083390473,0.42390783377416436,785.5775521162868,9.410677230711187,3.9812339083936297,47.275178737278765
A,133,microsam,3+6,False,2,10.764887128214802,3.4600939783035476,62.223091024208124,0.3804573804573805,0.23491655969191272,768.0441759153335,10.649185688234924,3.727758122766209,57.134531466503105
A,133,dino_clicks,3+6,False,2,10.764887128214802,3.4600939783035476,62.223091024208124,0.5879181726931287,0.4163485155916275,151.52805402885022,15.922278815317865,4.201758735201176,75.78863908546393
A,133,rf_clicks,3+6,True,0,10.764887128214802,3.4600939783035476,62.223091024208124,0.3381285770042449,0.20346253767016523,340.1408748663192,25.646230271018048,27.35556289146126,18.750285178027347
A,133,sam,3+6,True,0,10.764887128214802,3.4600939783035476,62.223091024208124,0.568615933813251,0.3972490313714762,287.3354297989495,16.85518455637301,8.321762060743229,40.508691388534245
A,133,microsam,3+6,True,0,10.764887128214802,3.4600939783035476,62.223091024208124,0.2891782189198181,0.16902883872406407,251.71112366461995,17.58510972772433,8.299323021494251,42.37721482145231
A,133,dino_clicks,3+6,True,0,10.764887128214802,3.4600939783035476,62.223091024208124,0.649746687451286,0.4812035500396854,91.94325813342529,12.469974218700875,4.009865138585217,62.19647687752712
A,133,rf_clicks,3+6,True,1,10.764887128214802,3.4600939783035476,62.223091024208124,0.11958523874314175,0.06359513933150135,318.59077083031065,14.838709677419354,27.625626587097834,10.742713567517466
A,133,sam,3+6,True,1,10.764887128214802,3.4600939783035476,62.223091024208124,0.3494275438296438,0.2117008208415052,371.88933539992684,39.97233226435264,19.34626041329707,41.32305821426746
A,133,microsam,3+6,True,1,10.764887128214802,3.4600939783035476,62.223091024208124,0.2715120023094175,0.1570806408098768,377.71411213501415,23.215871219266806,22.96498966671164,20.218490455424696
A,133,dino_clicks,3+6,True,1,10.764887128214802,3.4600939783035476,62.223091024208124,0.4260946402998263,0.2707244356680993,157.31475166710044,9.87209960384833,3.8857758510358913,50.811472314938456
A,133,rf_clicks,3+6,True,2,10.764887128214802,3.4600939783035476,62.223091024208124,0.2709331457957892,0.15669327367939398,260.7960377038454,23.56976671068352,31.320387377192247,15.050750443685258
A,133,sam,3+6,True,2,10.764887128214802,3.4600939783035476,62.223091024208124,0.6509877593459048,0.4825662360411649,791.4773117327449,10.523171728604666,3.621102113631932,58.12137519673546
A,133,microsam,3+6,True,2,10.764887128214802,3.4600939783035476,62.223091024208124,0.371426959122459,0.22806895963494467,359.84486495232323,18.207130730050935,7.450811371071514,48.87288061201457
A,133,dino_clicks,3+6,True,2,10.764887128214802,3.4600939783035476,62.223091024208124,0.6205292758512279,0.44983142084014643,129.54619855479118,14.436269886184997,3.998541549626132,72.20767725939876
A,154,rf_clicks,3+6,False,0,10.329120291768849,2.9755295445676695,69.42710624820647,0.29200016034420556,0.17096029728143947,441.45077318499267,27.318619128466327,37.337643071818185,14.633285275087946
A,154,sam,3+6,False,0,10.329120291768849,2.9755295445676695,69.42710624820647,0.691155646225849,0.5280655749729521,777.8206050439328,10.630447085455575,3.1371693817546684,67.77094757637727
A,154,microsam,3+6,False,0,10.329120291768849,2.9755295445676695,69.42710624820647,0.4824732773296866,0.317933958013407,633.1672296065217,7.695654907879017,3.9334337693063426,39.129449530485616
A,154,dino_clicks,3+6,False,0,10.329120291768849,2.9755295445676695,69.42710624820647,0.6569149101294508,0.4891089291987944,789.4471529141471,9.92680626296925,2.5285800981387467,78.51684247832401
A,154,rf_clicks,3+6,False,1,10.329120291768849,2.9755295445676695,69.42710624820647,0.25445349156352515,0.145772965849787,468.0944999631295,47.40564673332076,31.215555027903356,30.373092319483153
A,154,sam,3+6,False,1,10.329120291768849,2.9755295445676695,69.42710624820647,0.507376812431402,0.33992290663653113,407.06817610813056,22.326982330377916,10.398013809976641,42.94470605329592
A,154,microsam,3+6,False,1,10.329120291768849,2.9755295445676695,69.42710624820647,0.12053331284100514,0.06413165695594399,419.7282437264072,55.13274224988996,6.8382841276089685,161.24729894534912
A,154,dino_clicks,3+6,False,1,10.329120291768849,2.9755295445676695,69.42710624820647,0.5525336259694809,0.38172467138627353,279.7712185277038,23.593032761114255,5.594709687925157,84.34050764790952
A,154,rf_clicks,3+6,False,2,10.329120291768849,2.9755295445676695,69.42710624820647,0.2315932240921169,0.13096151137128456,474.8225246449961,26.019241652518392,42.99482911962965,12.103428335589822
A,154,sam,3+6,False,2,10.329120291768849,2.9755295445676695,69.42710624820647,0.6304908228500722,0.4603772164288672,394.06450646520096,14.063761554423694,4.446935847484932,63.251470391135875
A,154,microsam,3+6,False,2,10.329120291768849,2.9755295445676695,69.42710624820647,0.4118116520351157,0.2592964824120603,510.26363196322427,9.210840721876375,3.4805868197856706,52.92694133941222
A,154,dino_clicks,3+6,False,2,10.329120291768849,2.9755295445676695,69.42710624820647,0.6024230225639164,0.43104818717684373,276.1005593372164,12.5393950826888,3.1550348504983208,79.48815576923515
A,154,rf_clicks,3+6,True,0,10.329120291768849,2.9755295445676695,69.42710624820647,0.28855153770129643,0.168600775341919,449.1133711167798,24.282713953342135,31.30414591786903,15.514056200128483
A,154,sam,3+6,True,0,10.329120291768849,2.9755295445676695,69.42710624820647,0.5217713782770795,0.352970691143119,190.78978282045293,15.104822989373075,8.170210718832635,36.975357207264935
A,154,microsam,3+6,True,0,10.329120291768849,2.9755295445676695,69.42710624820647,0.2441010135965831,0.1390176858046782,766.7744591157827,3.480475382003396,3.3312825620149606,20.895707987605796
A,154,dino_clicks,3+6,True,0,10.329120291768849,2.9755295445676695,69.42710624820647,0.37395075982151216,0.22997505277298022,807.3751601262861,5.792114695340501,1.9995587204773226,57.93392948177929
A,154,rf_clicks,3+6,True,1,10.329120291768849,2.9755295445676695,69.42710624820647,0.31040175214932497,0.1837133487467714,366.3807421539684,35.837263409419606,26.355738105804623,27.195036819345813
A,154,sam,3+6,True,1,10.329120291768849,2.9755295445676695,69.42710624820647,0.23663788715233877,0.13419698961899051,568.8247449248338,66.25995095265044,19.253265674138447,68.82983081841826
A,154,microsam,3+6,True,1,10.329120291768849,2.9755295445676695,69.42710624820647,0.17526967217152065,0.09605236976583842,412.46776717629166,79.03577941268944,9.953641453634184,158.80776855556235
A,154,dino_clicks,3+6,True,1,10.329120291768849,2.9755295445676695,69.42710624820647,0.6178492787489327,0.447020190525734,291.808574577829,17.656794315537947,4.2952186930620435,82.21604336029974
A,154,rf_clicks,3+6,True,2,10.329120291768849,2.9755295445676695,69.42710624820647,0.2814131073256692,0.16374680182027695,454.7823139975872,19.6450984091052,20.554238457605173,19.11537462175974
A,154,sam,3+6,True,2,10.329120291768849,2.9755295445676695,69.42710624820647,0.6022359250718968,0.4308566344451756,780.552178696407,9.08709048607181,3.1292518065485972,58.07835896782242
A,154,microsam,3+6,True,2,10.329120291768849,2.9755295445676695,69.42710624820647,0.4215570488020091,0.2670714506862981,858.426830662603,8.199459221530528,2.0949712135221468,78.27753592609305
A,154,dino_clicks,3+6,True,2,10.329120291768849,2.9755295445676695,69.42710624820647,0.5729199484462265,0.40146307687676236,421.17037589572044,7.234861346915676,1.6506232584141558,87.66217621174931
A,174,rf_clicks,3+6,False,0,13.883292460542036,3.2340166189071162,85.85789188203783,0.3390660821079342,0.20414182554490293,558.66450678729,31.812613972206503,26.814777916911982,23.727672905426083
A,174,sam,3+6,False,0,13.883292460542036,3.2340166189071162,85.85789188203783,0.5850210992230946,0.4134486379280173,411.4355352274552,22.68452493240269,5.410473626116063,83.85411888122223
A,174,microsam,3+6,False,0,13.883292460542036,3.2340166189071162,85.85789188203783,0.28856508845807094,0.16861002806007166,430.625,42.05420360938188,17.104249419317387,49.17398311776983
A,174,dino_clicks,3+6,False,0,13.883292460542036,3.2340166189071162,85.85789188203783,0.6709862551609924,0.5048753316259145,389.7115676816768,19.074262717726214,4.123127326278407,92.52327764004762
A,174,rf_clicks,3+6,False,1,13.883292460542036,3.2340166189071162,85.85789188203783,0.4617487954122203,0.3001777564256546,418.44996323341235,20.15204678362573,22.690651806759693,17.76242212453527
A,174,sam,3+6,False,1,13.883292460542036,3.2340166189071162,85.85789188203783,0.5184530276490543,0.34994032408325443,474.03619982592306,31.492800100609948,8.347553731832132,75.45396199252225
A,174,microsam,3+6,False,1,13.883292460542036,3.2340166189071162,85.85789188203783,0.24343852571540522,0.1385881048168564,352.6736710408011,77.26919449160536,17.62603048794427,87.67622925020515
A,174,dino_clicks,3+6,False,1,13.883292460542036,3.2340166189071162,85.85789188203783,0.6730859720197858,0.507256655538065,202.94629486889505,18.990882223479847,4.685639565348425,81.05993625255587
A,174,rf_clicks,3+6,False,2,13.883292460542036,3.2340166189071162,85.85789188203783,0.3461513674828104,0.20930051316483622,451.1366857026596,11.485631641828586,12.251529775897353,18.74971020259767
A,174,sam,3+6,False,2,13.883292460542036,3.2340166189071162,85.85789188203783,0.5945650191501003,0.42304697638204,771.0124124829165,10.940703012010312,3.110114306948535,70.35563283038752
A,174,microsam,3+6,False,2,13.883292460542036,3.2340166189071162,85.85789188203783,0.41669266135922856,0.263178633225403,919.7356307149357,4.662390743884802,1.7873097848569843,52.17216157363424
A,174,dino_clicks,3+6,False,2,13.883292460542036,3.2340166189071162,85.85789188203783,0.6501310502304515,0.48162530913941143,317.36863671348686,12.938942337923661,2.145808133520051,120.5973836691374
A,174,rf_clicks,3+6,True,0,13.883292460542036,3.2340166189071162,85.85789188203783,0.23923330887747615,0.1358688292342469,547.6852711640145,27.25611519839024,34.734174870307314,15.694119869068933
A,174,sam,3+6,True,0,13.883292460542036,3.2340166189071162,85.85789188203783,0.4896220257520916,0.3241718524105852,311.1346595655881,28.506193799911966,6.1846092974699705,92.184299537154
A,174,microsam,3+6,True,0,13.883292460542036,3.2340166189071162,85.85789188203783,0.3795627263605008,0.2342347541216474,280.2491306154841,21.08382066276803,14.505565355598042,29.069974380048944
A,174,dino_clicks,3+6,True,0,13.883292460542036,3.2340166189071162,85.85789188203783,0.41475480355606537,0.26163448057527927,474.2444895613401,10.674589700056593,2.8014464157042642,76.20770213713386
A,174,rf_clicks,3+6,True,1,13.883292460542036,3.2340166189071162,85.85789188203783,0.29793319268184765,0.17504200857502392,381.875,5.728227378482047,7.118958018398364,16.092881468546135
A,174,sam,3+6,True,1,13.883292460542036,3.2340166189071162,85.85789188203783,0.43284361354670287,0.2761968220199714,550.2250959834529,39.83172986229013,14.579817038772463,54.639546924854606
A,174,microsam,3+6,True,1,13.883292460542036,3.2340166189071162,85.85789188203783,0.24097271320688984,0.1369920267957913,402.9872224426567,84.30497390429478,12.750724056580319,132.2355868265962
A,174,dino_clicks,3+6,True,1,13.883292460542036,3.2340166189071162,85.85789188203783,0.667095049846108,0.5004820859650103,115.31317048580638,13.125573791108597,4.0435241022281865,64.92145692355707
A,174,rf_clicks,3+6,True,2,13.883292460542036,3.2340166189071162,85.85789188203783,0.29826812796163144,0.17527328062814024,622.5737417367045,18.946613846444066,27.123556480782515,13.97059700476083
A,174,sam,3+6,True,2,13.883292460542036,3.2340166189071162,85.85789188203783,0.47967682613103213,0.3155097773786707,888.657789402008,10.804250770294914,2.4827811578094128,87.03345227436503
A,174,microsam,3+6,True,2,13.883292460542036,3.2340166189071162,85.85789188203783,0.5046827029665482,0.3375087708593917,356.91850376441505,13.685216625793876,4.174619539830388,65.56389867494319
A,174,dino_clicks,3+6,True,2,13.883292460542036,3.2340166189071162,85.85789188203783,0.5621826233787118,0.39099723825829596,834.6680852290928,6.449600704269635,1.5155434871134135,85.11271051091902
A,195,rf_clicks,3+6,False,0,17.852732188895178,3.648771636018321,97.85612238740576,0.38535049785026315,0.23865891472868217,344.2500269049431,42.43287430044646,26.698161478300854,31.787113382271002
A,195,sam,3+6,False,0,17.852732188895178,3.648771636018321,97.85612238740576,0.6853287815979843,0.5212929073103175,438.23586498013714,20.828648682638494,5.20183817227386,80.08187872378102
A,195,microsam,3+6,False,0,17.852732188895178,3.648771636018321,97.85612238740576,0.4380963886807198,0.28048874815692154,345.25839264633686,48.770043388039994,10.968665917939196,88.92611690958122
A,195,dino_clicks,3+6,False,0,17.852732188895178,3.648771636018321,97.85612238740576,0.5561034396183782,0.38514077453817047,328.79054078031515,19.715651135005974,5.711641977465589,69.03671908285241
A,195,rf_clicks,3+6,False,1,17.852732188895178,3.648771636018321,97.85612238740576,0.3793856111460449,0.23409986592451143,318.5918002939643,20.347481607243918,19.07584716771348,21.333240330927712
A,195,sam,3+6,False,1,17.852732188895178,3.648771636018321,97.85612238740576,0.525652455553123,0.3565322555953584,329.6732140520512,37.86719486889266,17.359808905189407,43.626280768071055
A,195,microsam,3+6,False,1,17.852732188895178,3.648771636018321,97.85612238740576,0.23949958011889344,0.13604062652542157,365.5014774929776,65.56335282651072,7.06351288044348,185.6395080924503
A,195,dino_clicks,3+6,False,1,17.852732188895178,3.648771636018321,97.85612238740576,0.5372695137097545,0.3673058835824015,135.18789008265497,15.056152927120669,5.825495830582578,51.690545714852846
A,195,rf_clicks,3+6,False,2,17.852732188895178,3.648771636018321,97.85612238740576,0.4487785226361153,0.28930654273737927,279.57557117888535,17.73514431239389,17.817494322848635,19.907562748204004
A,195,sam,3+6,False,2,17.852732188895178,3.648771636018321,97.85612238740576,0.6581557627212696,0.49048596285364254,618.9191598101704,18.409105200276677,4.2886250504423975,85.85084955551275
A,195,microsam,3+6,False,2,17.852732188895178,3.648771636018321,97.85612238740576,0.36922464892389706,0.2264104915985246,315.1075709182501,13.760171036911274,9.195885414725295,29.92679968560119
A,195,dino_clicks,3+6,False,2,17.852732188895178,3.648771636018321,97.85612238740576,0.48121247662675387,0.3168398931523844,407.6075252887264,8.31050745142426,2.3157647078680794,71.77333192088425
A,195,rf_clicks,3+6,True,0,17.852732188895178,3.648771636018321,97.85612238740576,0.4761388115295698,0.3124555012832188,273.589393526138,22.02188266364837,22.906977014243413,19.227227276611227
A,195,sam,3+6,True,0,17.852732188895178,3.648771636018321,97.85612238740576,0.5116792840458165,0.3437963864648432,302.46396996171296,35.77186694334402,9.962969371713413,71.80964953060383
A,195,microsam,3+6,True,0,17.852732188895178,3.648771636018321,97.85612238740576,0.3390611902766136,0.20413827908150392,372.60934415895844,67.36691190341445,17.4424653548896,77.24471344244884
A,195,dino_clicks,3+6,True,0,17.852732188895178,3.648771636018321,97.85612238740576,0.43160387806914413,0.2751880548759555,397.4757400646657,19.051625479469283,6.213059079948912,61.32768169211081
A,195,rf_clicks,3+6,True,1,17.852732188895178,3.648771636018321,97.85612238740576,0.5069842919101294,0.33957063489891426,221.79404681731629,25.23674778343709,20.71329338710553,24.367682446044537
A,195,sam,3+6,True,1,17.852732188895178,3.648771636018321,97.85612238740576,0.35201723697368714,0.21360492650253923,302.9335178055616,61.87889077532541,23.07964427235556,53.6220489753761
A,195,microsam,3+6,True,1,17.852732188895178,3.648771636018321,97.85612238740576,0.24905669232999927,0.14224143708080517,417.2519366119088,57.173489278752434,19.701814728753355,58.03880512114645
A,195,dino_clicks,3+6,True,1,17.852732188895178,3.648771636018321,97.85612238740576,0.3665093102543929,0.2243718391265955,410.33742702756035,5.164811670753946,2.3798541603135632,43.404438447383214
A,195,rf_clicks,3+6,True,2,17.852732188895178,3.648771636018321,97.85612238740576,0.14848819796049348,0.08019835347359298,348.40318328027666,10.364333773501855,19.070800560905727,10.869322177012608
A,195,sam,3+6,True,2,17.852732188895178,3.648771636018321,97.85612238740576,0.1437437573336178,0.07743745396225035,462.0603991904089,8.084763881028737,6.00966583564438,26.905868319920838
A,195,microsam,3+6,True,2,17.852732188895178,3.648771636018321,97.85612238740576,0.3064036887468064,0.18091896322098144,805.8209681221641,11.140413758410363,2.345796844254641,94.98191444579376
A,195,dino_clicks,3+6,True,2,17.852732188895178,3.648771636018321,97.85612238740576,0.48476459289585455,0.31992691737735746,703.8904638606728,10.039615166949632,3.429704335474853,58.54507668842316
A,216,rf_clicks,3+6,False,0,19.10243350311262,5.057535766536992,75.54047814947036,0.42163699844422736,0.26713563231564924,318.31029082983287,36.512733446519526,26.858082268641493,27.18938238501894
A,216,sam,3+6,False,0,19.10243350311262,5.057535766536992,75.54047814947036,0.6006180955145389,0.42920241685944927,582.3198216295061,17.72520908004779,5.090065590784455,69.64628947862369
A,216,microsam,3+6,False,0,19.10243350311262,5.057535766536992,75.54047814947036,0.42893129738996305,0.27301880349177216,299.07064382851087,40.90611834245111,22.76428041521469,35.93886351453585
A,216,dino_clicks,3+6,False,0,19.10243350311262,5.057535766536992,75.54047814947036,0.5184296908279311,0.34991906061997147,565.9210508968677,16.0304345092121,4.046134220688296,79.23827354637349
A,216,rf_clicks,3+6,False,1,19.10243350311262,5.057535766536992,75.54047814947036,0.4327936681349589,0.2761561508113079,302.267472613247,24.18046909388166,27.338651312922636,17.68958447665036
A,216,sam,3+6,False,1,19.10243350311262,5.057535766536992,75.54047814947036,0.375414716878358,0.23108341604387692,319.7742366605015,62.16827013770987,16.266116904326896,76.43898110823571
A,216,microsam,3+6,False,1,19.10243350311262,5.057535766536992,75.54047814947036,0.29029157410900147,0.16979010556008622,325.1900693205763,70.91454442558008,15.35172449934286,92.38642138036757
A,216,dino_clicks,3+6,False,1,19.10243350311262,5.057535766536992,75.54047814947036,0.5489886350862869,0.3783489560186412,162.84089243798684,23.412563667232597,7.451260815678476,62.84188473974592
A,216,rf_clicks,3+6,False,2,19.10243350311262,5.057535766536992,75.54047814947036,0.27550099295901787,0.1597571189279732,268.1446962462618,20.603659686851536,32.86239103553197,12.539355194559116
A,216,sam,3+6,False,2,19.10243350311262,5.057535766536992,75.54047814947036,0.5495761557840267,0.37890728146509484,960.1085907575605,10.45073256618248,3.1285682029599684,66.80840492014809
A,216,microsam,3+6,False,2,19.10243350311262,5.057535766536992,75.54047814947036,0.43920215188905404,0.28139592351477555,679.2005739361359,18.72175061309187,6.5346078421813525,57.30030344664804
A,216,dino_clicks,3+6,False,2,19.10243350311262,5.057535766536992,75.54047814947036,0.5478525604632678,0.37727061698228465,141.10390674960067,16.340438910897316,5.575163589691951,58.618688574841215
A,216,rf_clicks,3+6,True,0,19.10243350311262,5.057535766536992,75.54047814947036,0.2430432138258967,0.1383319246884497,308.4539332277844,28.663271080928126,18.266045135436485,31.38421138062428
A,216,sam,3+6,True,0,19.10243350311262,5.057535766536992,75.54047814947036,0.5411948283548819,0.3709849943461386,285.04278735831923,31.672891907187324,15.389333149232712,41.1621369165908
A,216,microsam,3+6,True,0,19.10243350311262,5.057535766536992,75.54047814947036,0.2965417851274891,0.17408221847677235,338.12341479177775,70.60592341067724,22.318924517344513,63.27000510782485
A,216,dino_clicks,3+6,True,0,19.10243350311262,5.057535766536992,75.54047814947036,0.4765762832501685,0.31283239062795115,206.9946264715452,14.115701439979878,5.82822376862506,48.439119705624904
A,216,rf_clicks,3+6,True,1,19.10243350311262,5.057535766536992,75.54047814947036,0.4075455159431536,0.25592286625669436,283.9280057420271,15.905300886625165,17.343445717483746,18.341569657742465
A,216,sam,3+6,True,1,19.10243350311262,5.057535766536992,75.54047814947036,0.3041079164735909,0.17932032316657442,338.4218001107055,66.38898321071495,18.943628928132878,70.09109338298087
A,216,microsam,3+6,True,1,19.10243350311262,5.057535766536992,75.54047814947036,0.29698255271436597,0.174386089342604,334.5338529131317,82.51788970634472,6.951523533145702,237.409509765419
A,216,dino_clicks,3+6,True,1,19.10243350311262,5.057535766536992,75.54047814947036,0.4461909590415076,0.2871594560720714,207.2572657700832,15.253222662390744,5.955341209945821,51.22535258573206
A,216,rf_clicks,3+6,True,2,19.10243350311262,5.057535766536992,75.54047814947036,0.23936981390246792,0.13595689531657715,206.46518653219,13.801672640382318,17.236300366202624,16.014657840896053
A,216,sam,3+6,True,2,19.10243350311262,5.057535766536992,75.54047814947036,0.47942322202847065,0.3152903746616649,893.6913297548558,15.73212601395963,4.5282205105637106,69.48480524417377
A,216,microsam,3+6,True,2,19.10243350311262,5.057535766536992,75.54047814947036,0.3269797386698456,0.19544278466172102,885.3225296039377,10.647802301452556,3.223987033421894,66.05362981346195
A,216,dino_clicks,3+6,True,2,19.10243350311262,5.057535766536992,75.54047814947036,0.5500820776097586,0.379388425451648,180.21022042486032,23.57039552285732,7.0660665177294195,66.71433240464692
A,25,rf_clicks,25+25,False,0,12.613594919197636,3.084680142301765,81.78219029079278,0.48053743786211967,0.31625487184495327,380.83635347088386,24.677230711186567,32.06035573050504,15.394233874770446
A,25,sam,25+25,False,0,12.613594919197636,3.084680142301765,81.78219029079278,0.7067204750419881,0.5464560919766611,186.61617979623742,18.985725963654655,4.426196311081876,85.78799777190207
A,25,microsam,25+25,False,0,12.613594919197636,3.084680142301765,81.78219029079278,0.3435466030462761,0.20739889433537365,445.50850008692004,59.1297239514557,10.116044967279445,116.90284917220517
A,25,dino_clicks,25+25,False,0,12.613594919197636,3.084680142301765,81.78219029079278,0.7258540204096403,0.5696788531585711,96.98268996205887,15.188958058228007,3.7545995310250535,80.90853862159425
A,25,rf_clicks,25+25,False,1,12.613594919197636,3.084680142301765,81.78219029079278,0.5024440251385442,0.33550934560895274,384.97412656566934,21.245173866566056,26.40868055976964,16.089538300471137
A,25,sam,25+25,False,1,12.613594919197636,3.084680142301765,81.78219029079278,0.7001693349753695,0.5386619609886661,213.87831282420228,20.06451612903226,5.291069530132267,75.84295014369498
A,25,microsam,25+25,False,1,12.613594919197636,3.084680142301765,81.78219029079278,0.3516344184441327,0.21332307734321307,437.14614248616033,54.43740174809784,10.401657081972402,104.67063337907159
A,25,dino_clicks,25+25,False,1,12.613594919197636,3.084680142301765,81.78219029079278,0.6876025222350975,0.5239285611902647,184.2816795784433,20.813557190467208,4.372183627512537,95.20898005973575
A,25,rf_clicks,25+25,False,2,12.613594919197636,3.084680142301765,81.78219029079278,0.49521292435973796,0.32909169169268215,362.7211491361107,21.171225554926743,23.76977677926639,17.8135669943638
A,25,sam,25+25,False,2,12.613594919197636,3.084680142301765,81.78219029079278,0.6686934593351577,0.5022836130597077,265.0807748040309,21.348424825504623,6.501265539006695,65.67467425354964
A,25,microsam,25+25,False,2,12.613594919197636,3.084680142301765,81.78219029079278,0.2970642553698748,0.17444243348970084,524.8976388306581,60.1816009557945,5.7616302909015715,208.9047645102455
A,25,dino_clicks,25+25,False,2,12.613594919197636,3.084680142301765,81.78219029079278,0.6836255974782551,0.5193245904574344,161.32381242263327,21.538200339558575,4.350069875871051,99.02461778385022
A,25,rf_clicks,25+25,True,0,12.613594919197636,3.084680142301765,81.78219029079278,0.35819487486940305,0.21817137088112729,377.02871648504384,44.44306105766208,25.035224890877725,35.50442326871698
A,25,sam,25+25,True,0,12.613594919197636,3.084680142301765,81.78219029079278,0.6753005720055085,0.5097764502154798,252.25340509201754,21.267182292649185,5.557848940398278,76.53026385105447
A,25,microsam,25+25,True,0,12.613594919197636,3.084680142301765,81.78219029079278,0.28446006337237895,0.16581372272310121,521.8203675234698,69.98126139722065,10.08488073113123,138.78450972889354
A,25,dino_clicks,25+25,True,0,12.613594919197636,3.084680142301765,81.78219029079278,0.7403808870130275,0.587781559821953,100.91227943937447,15.603848330503679,3.8848385444651576,80.33203002855774
A,25,rf_clicks,25+25,True,1,12.613594919197636,3.084680142301765,81.78219029079278,0.38377742454041724,0.23745332503556188,382.84186111892205,29.39772369993083,31.409140309765068,18.719215750576346
A,25,sam,25+25,True,1,12.613594919197636,3.084680142301765,81.78219029079278,0.6638956107769144,0.49688902763275455,286.0039239740126,22.362573099415204,6.9823217746075406,64.0548339686684
A,25,microsam,25+25,True,1,12.613594919197636,3.084680142301765,81.78219029079278,0.3048062684104262,0.17980615591623916,491.54166324448096,57.959630258441805,11.294268169878553,102.63547737075744
A,25,dino_clicks,25+25,True,1,12.613594919197636,3.084680142301765,81.78219029079278,0.7544663528322272,0.6057374319415724,71.83161734222612,13.460479154876438,3.022570725535786,89.06642971929406
A,25,rf_clicks,25+25,True,2,12.613594919197636,3.084680142301765,81.78219029079278,0.4425992234183543,0.2841909610381855,393.780620176068,30.657737533798656,31.34960717354655,19.558610329043162
A,25,sam,25+25,True,2,12.613594919197636,3.084680142301765,81.78219029079278,0.6735381667012792,0.5077704836981899,242.65063475297762,21.904043262277558,6.10347157354712,71.77568699495953
A,25,microsam,25+25,True,2,12.613594919197636,3.084680142301765,81.78219029079278,0.29127006232196095,0.17045997492018097,425.78922675027815,72.72539772369993,11.479524178639961,126.70455080188889
A,25,dino_clicks,25+25,True,2,12.613594919197636,3.084680142301765,81.78219029079278,0.6667827462246938,0.5001306008728492,207.8780881324959,22.055712758599007,4.16471653996165,105.91699361513858
A,46,rf_clicks,25+25,False,0,13.814877696032195,3.3416146529512183,82.68384676749781,0.4980025437451324,0.3315601778626638,346.1923200070642,31.07652644155191,34.40446493720895,18.065403137801557
A,46,sam,25+25,False,0,13.814877696032195,3.3416146529512183,82.68384676749781,0.6987403227023061,0.5369722392023777,95.22555460589348,22.86524555115387,4.382004125894628,104.35976276715948
A,46,microsam,25+25,False,0,13.814877696032195,3.3416146529512183,82.68384676749781,0.3533808666531691,0.21460996018848988,413.5968183206926,55.13399987423757,19.21220921608782,57.39475273678546
A,46,dino_clicks,25+25,False,0,13.814877696032195,3.3416146529512183,82.68384676749781,0.6572830268061065,0.48951718040968883,70.55195337480033,19.664088536754072,4.231580304301532,92.9396921370719
A,46,rf_clicks,25+25,False,1,13.814877696032195,3.3416146529512183,82.68384676749781,0.5129693851239574,0.34496222202306037,373.15091922947374,29.593158523549015,32.059660400516144,18.461305050550436
A,46,sam,25+25,False,1,13.814877696032195,3.3416146529512183,82.68384676749781,0.699130644087955,0.5374334024478512,82.24731399269474,21.714016223354083,4.902324568996347,88.58661199496873
A,46,microsam,25+25,False,1,13.814877696032195,3.3416146529512183,82.68384676749781,0.318131146400489,0.18915336098865818,454.18095788752237,62.10878450606804,14.67512505771319,84.64498157502774
A,46,dino_clicks,25+25,False,1,13.814877696032195,3.3416146529512183,82.68384676749781,0.6800653131950982,0.5152264880933597,67.00046641628698,16.377413066716972,4.169299547145161,78.56194011260746
A,46,rf_clicks,25+25,False,2,13.814877696032195,3.3416146529512183,82.68384676749781,0.5621488999897476,0.39096461378075886,301.64744960134584,21.758410362824623,21.35390575964878,20.378857720670673
A,46,sam,25+25,False,2,13.814877696032195,3.3416146529512183,82.68384676749781,0.6994686800894855,0.5378330143849313,83.02859202075298,22.163239640319436,5.146532965413732,86.12881638673318
A,46,microsam,25+25,False,2,13.814877696032195,3.3416146529512183,82.68384676749781,0.3685860051819469,0.22593039311462706,423.66402151351014,42.684147645098406,14.981418469662088,56.98278535044641
A,46,dino_clicks,25+25,False,2,13.814877696032195,3.3416146529512183,82.68384676749781,0.6634272407898456,0.4963644786400532,101.80012107397081,23.55819656668553,4.506447820625002,104.55328677662678
A,46,rf_clicks,25+25,True,0,13.814877696032195,3.3416146529512183,82.68384676749781,0.48736165422627153,0.32219311085689917,331.55416186320736,26.739860403697417,29.613971720598258,18.058949104147537
A,46,sam,25+25,True,0,13.814877696032195,3.3416146529512183,82.68384676749781,0.6928417360866608,0.530036610878661,101.53324578678651,22.97604225617808,4.635004585497547,99.14140032597922
A,46,microsam,25+25,True,0,13.814877696032195,3.3416146529512183,82.68384676749781,0.2938330754460208,0.1722182461852809,419.3751620613878,67.1373954599761,7.7244429841733036,173.83103376524278
A,46,dino_clicks,25+25,True,0,13.814877696032195,3.3416146529512183,82.68384676749781,0.5983118634609125,0.42685091488196947,144.67976318530094,29.453436458529836,4.990513336640918,118.03770262381366
A,46,rf_clicks,25+25,True,1,13.814877696032195,3.3416146529512183,82.68384676749781,0.41449656448541605,0.2614289917012314,359.79624712312483,35.256240960825004,32.41250646082532,21.754714343635662
A,46,sam,25+25,True,1,13.814877696032195,3.3416146529512183,82.68384676749781,0.689076601851285,0.5256421563795403,107.12682320502181,23.167578444318682,4.74051029215787,97.74297287211606
A,46,microsam,25+25,True,1,13.814877696032195,3.3416146529512183,82.68384676749781,0.2726790608200696,0.1578624184047278,492.5602561339854,62.544048292774946,9.013054306806195,138.78546864084666
A,46,dino_clicks,25+25,True,1,13.814877696032195,3.3416146529512183,82.68384676749781,0.6123552580922202,0.44129108812846,123.54275575686339,28.651323649625855,4.655348198101662,123.08992767204467
A,46,rf_clicks,25+25,True,2,13.814877696032195,3.3416146529512183,82.68384676749781,0.4697937740139575,0.3070133724696024,344.45592006737166,26.28133056655977,21.88450100297358,24.01821322130102
A,46,sam,25+25,True,2,13.814877696032195,3.3416146529512183,82.68384676749781,0.6899132217865108,0.52661642973553,78.86859469795893,21.879896874803496,5.31734205512377,82.2963678017295
A,46,microsam,25+25,True,2,13.814877696032195,3.3416146529512183,82.68384676749781,0.3167205364958159,0.18815683513210554,459.34427065270347,60.03508771929825,14.021580721990762,85.63241036745899
A,46,dino_clicks,25+25,True,2,13.814877696032195,3.3416146529512183,82.68384676749781,0.6018111151636728,0.4304218991371264,137.21967671326175,30.32069420863988,4.234057638622993,143.22286939155052
A,66,rf_clicks,25+25,False,0,12.19115890083632,3.0141745861491933,80.89218824189828,0.4554523726619045,0.2948775192169635,325.56216988419663,25.010249638433,29.525519003754397,16.941446235206065
A,66,sam,25+25,False,0,12.19115890083632,3.0141745861491933,80.89218824189828,0.5899345565503674,0.4183738841986874,286.7468940546698,25.397220650191787,7.304237479960298,69.54105947368468
A,66,microsam,25+25,False,0,12.19115890083632,3.0141745861491933,80.89218824189828,0.29640906378616566,0.17399074947236068,412.78550533923044,53.56649688737974,14.109734032644676,75.92842893203628
A,66,dino_clicks,25+25,False,0,12.19115890083632,3.0141745861491933,80.89218824189828,0.6269391868011219,0.45659972287790745,176.15816941165733,21.256869772998805,4.7108734089261795,90.24598170148752
A,66,rf_clicks,25+25,False,1,12.19115890083632,3.0141745861491933,80.89218824189828,0.3862989259245813,0.2393869175218304,326.34818802157827,36.30711186568572,26.216599455813807,27.697804154103775
A,66,sam,25+25,False,1,12.19115890083632,3.0141745861491933,80.89218824189828,0.6154286368318644,0.44449036951310245,183.4415558577471,22.970005659309564,6.079956106171654,75.55977463716597
A,66,microsam,25+25,False,1,12.19115890083632,3.0141745861491933,80.89218824189828,0.3227691574493287,0.19244170167922336,375.867101416942,42.16927623718795,14.084453005676,59.8806019945451
A,66,dino_clicks,25+25,False,1,12.19115890083632,3.0141745861491933,80.89218824189828,0.6388999669073661,0.4693997144763009,133.28368401561454,17.451298497138904,4.380471245100009,79.67772196500508
A,66,rf_clicks,25+25,False,2,12.19115890083632,3.0141745861491933,80.89218824189828,0.4718805251476508,0.3087981881738959,334.4951090306843,21.240269131610386,21.222979233819952,20.01629356331168
A,66,sam,25+25,False,2,12.19115890083632,3.0141745861491933,80.89218824189828,0.630672363891061,0.4605708285295184,172.31897204022545,21.744450732566182,6.555279032115038,66.3418006343825
A,66,microsam,25+25,False,2,12.19115890083632,3.0141745861491933,80.89218824189828,0.2742175797952856,0.15889464198085734,473.4553997527184,51.367540715588255,13.615635022343453,75.4537568483488
A,66,dino_clicks,25+25,False,2,12.19115890083632,3.0141745861491933,80.89218824189828,0.6383002623745296,0.46875257792705205,150.38702809516667,19.156637112494497,4.298211528737758,89.13771220617505
A,66,rf_clicks,25+25,True,0,12.19115890083632,3.0141745861491933,80.89218824189828,0.4226891135293246,0.26798085092477614,344.38653715870873,26.848267622461172,43.72349814632289,12.280933027184647
A,66,sam,25+25,True,0,12.19115890083632,3.0141745861491933,80.89218824189828,0.5805515434483222,0.4089979743672264,236.91948294554544,25.249575551782684,7.34281970295055,68.77351364527362
A,66,microsam,25+25,True,0,12.19115890083632,3.0141745861491933,80.89218824189828,0.24604582580772844,0.1402806466828229,495.0111142708773,58.344337546374895,9.94037018672517,117.38866148926853
A,66,dino_clicks,25+25,True,0,12.19115890083632,3.0141745861491933,80.89218824189828,0.640590081554976,0.47122657622486824,140.80978868754167,18.141105451801547,4.558602335792231,79.59064693739661
A,66,rf_clicks,25+25,True,1,12.19115890083632,3.0141745861491933,80.89218824189828,0.3790052046764073,0.23381025390692142,340.2801993348106,32.945985034270265,38.26974403796263,17.21777130340285
A,66,sam,25+25,True,1,12.19115890083632,3.0141745861491933,80.89218824189828,0.6120812994445379,0.44100659440612444,190.15277574886989,23.67226309501352,6.624996510574882,71.4634733987486
A,66,microsam,25+25,True,1,12.19115890083632,3.0141745861491933,80.89218824189828,0.25117511803107756,0.14362508254588124,463.7595979822388,48.356033452807644,12.700040413155447,76.15099146096833
A,66,dino_clicks,25+25,True,1,12.19115890083632,3.0141745861491933,80.89218824189828,0.6355200796323038,0.4657599354492851,178.61254076014916,21.163428283971577,4.838749808366112,87.47477808164575
A,66,rf_clicks,25+25,True,2,12.19115890083632,3.0141745861491933,80.89218824189828,0.31810409745293466,0.18913423653104655,343.00320328697785,30.395145570018236,24.903241342027922,24.41059390828929
A,66,sam,25+25,True,2,12.19115890083632,3.0141745861491933,80.89218824189828,0.5910146176939888,0.419461142121082,179.369380991963,21.06973527007483,7.005451425506319,60.152398440338956
A,66,microsam,25+25,True,2,12.19115890083632,3.0141745861491933,80.89218824189828,0.2861027501945671,0.16693109824818636,402.8754847964815,54.86977299880526,16.716016050735632,65.64934232207868
A,66,dino_clicks,25+25,True,2,12.19115890083632,3.0141745861491933,80.89218824189828,0.603536697958716,0.432189443916281,197.04423051169584,25.13186191284663,4.880482723049264,102.98924651102777
A,87,rf_clicks,25+25,False,0,10.970131421744325,3.323383860165258,66.01784135281217,0.37910097136855453,0.233883150444378,266.148014505087,29.501980758347482,36.52852383359082,16.152845865191036
A,87,sam,25+25,False,0,10.970131421744325,3.323383860165258,66.01784135281217,0.6043855850105992,0.43306057784964147,211.7730800531427,22.133811230585422,6.108078981965094,72.47388678482518
A,87,microsam,25+25,False,0,10.970131421744325,3.323383860165258,66.01784135281217,0.4145524146226539,0.2614734277222971,312.5475337349749,32.00150914921713,19.49263250315619,32.834466195405405
A,87,dino_clicks,25+25,False,0,10.970131421744325,3.323383860165258,66.01784135281217,0.6064773132654968,0.4352116539176546,163.67388498169157,18.642897566496888,4.241031569841228,87.91680636885626
A,87,rf_clicks,25+25,False,1,10.970131421744325,3.323383860165258,66.01784135281217,0.35470834842377613,0.21558995214250196,266.60253321935375,37.29711375212224,22.86958688813487,32.61721686059193
A,87,sam,25+25,False,1,10.970131421744325,3.323383860165258,66.01784135281217,0.6259356163476187,0.45553587138604673,196.3481521192165,19.408036219581213,5.599289595847583,69.3232092655974
A,87,microsam,25+25,False,1,10.970131421744325,3.323383860165258,66.01784135281217,0.4796306050071983,0.31546978424244665,243.2658097359212,24.845752373765958,14.826056563060368,33.516332907659354
A,87,dino_clicks,25+25,False,1,10.970131421744325,3.323383860165258,66.01784135281217,0.6520034528155396,0.4836833255822273,165.85311955170624,15.108847387285417,3.2013696457213516,94.38989594643328
A,87,rf_clicks,25+25,False,2,10.970131421744325,3.323383860165258,66.01784135281217,0.410040818950278,0.25789392824510193,269.42676416792744,28.158334905363766,28.811549789555627,19.546560397505132
A,87,sam,25+25,False,2,10.970131421744325,3.323383860165258,66.01784135281217,0.6425256711912911,0.47332436242470843,166.37329092051908,17.946047915487643,6.102117041204063,58.81908784871996
A,87,microsam,25+25,False,2,10.970131421744325,3.323383860165258,66.01784135281217,0.3084557320642776,0.18235155763360653,436.65793659275204,46.560271646859086,23.44704063849133,39.7152650219102
A,87,dino_clicks,25+25,False,2,10.970131421744325,3.323383860165258,66.01784135281217,0.5541510206996614,0.3832703336470319,170.02074440956312,22.48808400930642,5.126563442886038,87.73161303801824
A,87,rf_clicks,25+25,True,0,10.970131421744325,3.323383860165258,66.01784135281217,0.36060904742612154,0.21996525408412052,260.2908139122408,30.625290825630383,33.49399471797625,18.287033889805787
A,87,sam,25+25,True,0,10.970131421744325,3.323383860165258,66.01784135281217,0.5768660583206194,0.40534909710598577,294.58363737138654,23.980758347481608,9.238145557162964,51.916822914503
A,87,microsam,25+25,True,0,10.970131421744325,3.323383860165258,66.01784135281217,0.3157305143578416,0.18745843052393935,442.0477915339019,52.79645349933975,20.00650920316034,52.77927594784973
A,87,dino_clicks,25+25,True,0,10.970131421744325,3.323383860165258,66.01784135281217,0.6426178679733644,0.4734244342924314,132.33527496476515,16.773942023517574,3.9823025189199406,84.24242981955533
A,87,rf_clicks,25+25,True,1,10.970131421744325,3.323383860165258,66.01784135281217,0.390321419174364,0.2424840734192788,261.96290290802625,25.355593284285984,21.084437777131036,24.051476783305652
A,87,sam,25+25,True,1,10.970131421744325,3.323383860165258,66.01784135281217,0.6021964682879609,0.43081624464804913,198.7664524097172,21.76922593221405,6.143162443498499,70.87302714989444
A,87,microsam,25+25,True,1,10.970131421744325,3.323383860165258,66.01784135281217,0.2872666809055106,0.16772411542585428,434.14377208667395,52.0339558573854,24.234619726683647,42.94183811771815
A,87,dino_clicks,25+25,True,1,10.970131421744325,3.323383860165258,66.01784135281217,0.5925626238067794,0.4210223728813559,164.1318340958221,21.97975224800352,4.835851339472242,90.90334133556004
A,87,rf_clicks,25+25,True,2,10.970131421744325,3.323383860165258,66.01784135281217,0.2999303115001012,0.17642236287663746,280.9269707133786,39.379236622021004,32.35271948272977,24.34369490517919
A,87,sam,25+25,True,2,10.970131421744325,3.323383860165258,66.01784135281217,0.5881087314804057,0.4165396759603545,197.34483794542987,18.255675029868577,6.0735447208036595,60.11538852208522
A,87,microsam,25+25,True,2,10.970131421744325,3.323383860165258,66.01784135281217,0.405354459773255,0.2541972178441719,246.42094879062253,25.85813997358989,16.15652319940294,32.00953528732651
A,87,dino_clicks,25+25,True,2,10.970131421744325,3.323383860165258,66.01784135281217,0.6521769639924963,0.4838743266507469,141.89702472215546,15.91297239514557,3.753201724091163,84.79678719639773
A,107,rf_clicks,25+25,False,0,12.201848707790983,3.4929145816017844,69.86628743835726,0.4393515002628804,0.2815185484347603,253.02559776631296,28.701502861095392,28.985603128201408,19.80397146414414
A,107,sam,25+25,False,0,12.201848707790983,3.4929145816017844,69.86628743835726,0.631393986723936,0.4613409415121255,282.6031540498068,23.226686788656227,7.317541914137892,63.482210450427345
A,107,microsam,25+25,False,0,12.201848707790983,3.4929145816017844,69.86628743835726,0.60624265846507,0.4349700198152294,175.24854298384875,15.848959315852355,8.782820463781828,36.09081930163444
A,107,dino_clicks,25+25,False,0,12.201848707790983,3.4929145816017844,69.86628743835726,0.6711198594619764,0.5050266303101348,157.2727600264497,17.507640067911716,4.380677094047121,79.93120557414632
A,107,rf_clicks,25+25,False,1,12.201848707790983,3.4929145816017844,69.86628743835726,0.44780605513261035,0.2884987772393793,259.2269758339205,23.44702257435704,26.440024092803355,17.73600696584768
A,107,sam,25+25,False,1,12.201848707790983,3.4929145816017844,69.86628743835726,0.6397245325311154,0.4702904285420032,310.1501854479845,21.910960196189396,7.414928105445119,59.0995890576449
A,107,microsam,25+25,False,1,12.201848707790983,3.4929145816017844,69.86628743835726,0.5842701664174047,0.41269891511636186,317.86428793310466,10.250141482739107,4.313568924508384,47.52510815116887
A,107,dino_clicks,25+25,False,1,12.201848707790983,3.4929145816017844,69.86628743835726,0.6286969242338645,0.4584667936244632,210.71024402652213,21.412312142363078,5.1817947753987,82.6443850845697
A,107,rf_clicks,25+25,False,2,12.201848707790983,3.4929145816017844,69.86628743835726,0.5077085216550932,0.34022074710108924,234.09590048738573,17.988555618436774,22.25800786810432,16.16367082358196
A,107,sam,25+25,False,2,12.201848707790983,3.4929145816017844,69.86628743835726,0.6424088880624768,0.47319762365388895,284.2568217987766,20.2629692510847,7.530292866739277,53.81721430937879
A,107,microsam,25+25,False,2,12.201848707790983,3.4929145816017844,69.86628743835726,0.5384519389760709,0.3684120648067112,255.1301751067482,11.98453122052443,8.456276048037713,28.344701976245094
A,107,dino_clicks,25+25,False,2,12.201848707790983,3.4929145816017844,69.86628743835726,0.6465570683093341,0.47771284120689256,160.5632359718645,19.851223039678047,4.6430510360421815,85.50938977659648
A,107,rf_clicks,25+25,True,0,12.201848707790983,3.4929145816017844,69.86628743835726,0.4150974030680734,0.26190720103028664,266.8633953928429,31.17449537823052,27.017300720932063,23.077431531920293
A,107,sam,25+25,True,0,12.201848707790983,3.4929145816017844,69.86628743835726,0.6332508778663937,0.4633263468849628,322.6918551591427,23.183172986229014,7.171837792667047,64.6505781542717
A,107,microsam,25+25,True,0,12.201848707790983,3.4929145816017844,69.86628743835726,0.5234647188860635,0.35452232370035086,204.91114690274904,19.599572407721812,13.630423534846736,28.758566977195837
A,107,dino_clicks,25+25,True,0,12.201848707790983,3.4929145816017844,69.86628743835726,0.6311481931956395,0.4610785404660278,157.88774516753978,20.989247311827956,4.816868596628282,87.14893043385091
A,107,rf_clicks,25+25,True,1,12.201848707790983,3.4929145816017844,69.86628743835726,0.3910915754160254,0.2430788287513333,267.4589070057848,33.233100672829025,28.06453753947722,23.683341032134525
A,107,sam,25+25,True,1,12.201848707790983,3.4929145816017844,69.86628743835726,0.6270877870988907,0.45675738128498955,293.91883317302376,22.683015783185564,6.869937983693898,66.03557655694914
A,107,microsam,25+25,True,1,12.201848707790983,3.4929145816017844,69.86628743835726,0.4467255957973297,0.28760249611313443,256.1728704075927,25.81412312142363,18.39296521605438,28.069561180805866
A,107,dino_clicks,25+25,True,1,12.201848707790983,3.4929145816017844,69.86628743835726,0.6529905122162967,0.48477053661343694,145.93368571032528,20.246871659435328,4.804582490324995,84.28150292020807
A,107,rf_clicks,25+25,True,2,12.201848707790983,3.4929145816017844,69.86628743835726,0.430567948985017,0.2743463463146175,277.28518687473115,28.24724894673961,29.677555247262607,19.036102341580225
A,107,sam,25+25,True,2,12.201848707790983,3.4929145816017844,69.86628743835726,0.6096966809990013,0.4385350107896588,275.0122177870137,17.895491416713828,6.530962141568575,54.80200628575616
A,107,microsam,25+25,True,2,12.201848707790983,3.4929145816017844,69.86628743835726,0.4050140039064367,0.2539295046466842,278.0801873945592,27.267559579953467,13.49426180754141,40.413562399856076
A,107,dino_clicks,25+25,True,2,12.201848707790983,3.4929145816017844,69.86628743835726,0.5645219620208993,0.39326408839779003,234.63840421806137,27.441740552097087,5.818682183998542,94.3228713455506
A,133,rf_clicks,25+25,False,0,10.764887128214802,3.4600939783035476,62.223091024208124,0.3499140577378239,0.21205808059797857,311.08544343719353,35.03754008677608,40.456247214291096,17.321201297385354
A,133,sam,25+25,False,0,10.764887128214802,3.4600939783035476,62.223091024208124,0.592848975081157,0.4213115469360152,306.3700362737894,22.009557945041816,6.847782576539586,64.28229196542038
A,133,microsam,25+25,False,0,10.764887128214802,3.4600939783035476,62.223091024208124,0.5529969582061035,0.38216710140466276,209.7805138585399,10.693076777966422,6.753171506665762,31.6683110073889
A,133,dino_clicks,25+25,False,0,10.764887128214802,3.4600939783035476,62.223091024208124,0.557683694521345,0.38665838582215095,207.05005429556505,24.89568006036597,5.51513949224858,90.28123439255292
A,133,rf_clicks,25+25,False,1,10.764887128214802,3.4600939783035476,62.223091024208124,0.35585007337421387,0.21643407794598682,300.48003261448173,35.76985474438785,37.51851505317696,19.067841407736612
A,133,sam,25+25,False,1,10.764887128214802,3.4600939783035476,62.223091024208124,0.6290792291220557,0.45887351223017087,293.5713911577329,18.60064138841728,8.02376961186007,46.363847139686946
A,133,microsam,25+25,False,1,10.764887128214802,3.4600939783035476,62.223091024208124,0.5012341325811002,0.3344312433831314,209.61491763128618,10.6348487706722,7.199509604775513,29.543258789787547
A,133,dino_clicks,25+25,False,1,10.764887128214802,3.4600939783035476,62.223091024208124,0.6393621298074775,0.46989882011516515,144.81281316688066,17.38954914167138,4.24941274467154,81.84448151560066
A,133,rf_clicks,25+25,False,2,10.764887128214802,3.4600939783035476,62.223091024208124,0.36931513044461406,0.2264785412188865,346.1169891276076,33.72860466578633,29.922118050861048,22.544262814854946
A,133,sam,25+25,False,2,10.764887128214802,3.4600939783035476,62.223091024208124,0.6575576845492415,0.48982192901782157,284.8314367707971,15.108344337546376,6.839846127977148,44.177439243109404
A,133,microsam,25+25,False,2,10.764887128214802,3.4600939783035476,62.223091024208124,0.4510589967804188,0.2912047623782064,297.6623440419528,15.367414953153492,12.689183384186752,24.22128278531202
A,133,dino_clicks,25+25,False,2,10.764887128214802,3.4600939783035476,62.223091024208124,0.6266202453514389,0.4562614551659726,223.87404812278226,15.315223542727788,3.6277217765640533,84.43438877627155
A,133,rf_clicks,25+25,True,0,10.764887128214802,3.4600939783035476,62.223091024208124,0.28456484195620957,0.1658849304923395,344.82408101101765,46.25416588065145,34.820627336827165,26.567106579226905
A,133,sam,25+25,True,0,10.764887128214802,3.4600939783035476,62.223091024208124,0.5694462876944629,0.3980600538072217,300.6607813056597,23.34943092498271,7.983103688625222,58.497125518367746
A,133,microsam,25+25,True,0,10.764887128214802,3.4600939783035476,62.223091024208124,0.3079519098153823,0.1819995020246629,479.1601213004161,45.95221027479092,19.808252353001247,46.39703640268746
A,133,dino_clicks,25+25,True,0,10.764887128214802,3.4600939783035476,62.223091024208124,0.5941337945785667,0.42261048191315237,169.3714660997928,21.80871533672892,5.289555522694015,82.45953839849876
A,133,rf_clicks,25+25,True,1,10.764887128214802,3.4600939783035476,62.223091024208124,0.39299982038116354,0.24455493245456822,264.32560812007785,29.84455763063573,23.740585431841573,25.142225507722593
A,133,sam,25+25,True,1,10.764887128214802,3.4600939783035476,62.223091024208124,0.5799177619779415,0.4083691397940951,322.7762933435136,22.542161856253536,7.48261216631237,60.252118792795635
A,133,microsam,25+25,True,1,10.764887128214802,3.4600939783035476,62.223091024208124,0.30165108242432764,0.17761431664756083,467.7539282945505,35.74432497013142,23.784267365762794,30.057116681748212
A,133,dino_clicks,25+25,True,1,10.764887128214802,3.4600939783035476,62.223091024208124,0.6216897798734968,0.45105214399152993,136.5269285638757,16.81267685342388,4.725229869995793,71.16130777120839
A,133,rf_clicks,25+25,True,2,10.764887128214802,3.4600939783035476,62.223091024208124,0.3684081281846645,0.22579674154343982,317.54304567313636,26.108910268502797,26.937695738908896,19.38466491088249
A,133,sam,25+25,True,2,10.764887128214802,3.4600939783035476,62.223091024208124,0.629084295802924,0.4588789039887532,328.90392384594395,15.85839149845941,5.831209457344668,54.391431535648444
A,133,microsam,25+25,True,2,10.764887128214802,3.4600939783035476,62.223091024208124,0.42795020286437563,0.27222433007155905,238.47255603507818,25.50122618373892,11.675823104631936,43.6821043882076
A,133,dino_clicks,25+25,True,2,10.764887128214802,3.4600939783035476,62.223091024208124,0.6502646351242983,0.4817719473359,143.9579419362463,16.679620197447022,4.404266435770052,75.74301164879788
A,154,rf_clicks,25+25,False,0,10.329120291768849,2.9755295445676695,69.42710624820647,0.34859090921802943,0.21108695063133365,364.0389904912685,34.63987926806263,33.049590952338164,20.96236490068387
A,154,sam,25+25,False,0,10.329120291768849,2.9755295445676695,69.42710624820647,0.5478393194360412,0.3772580588143203,393.32648816364707,23.968182104005532,8.214668472297186,58.35459382161278
A,154,microsam,25+25,False,0,10.329120291768849,2.9755295445676695,69.42710624820647,0.3720243127059665,0.22851957532875247,363.1836826009258,35.04584040747029,21.81330670820848,32.13253348175986
A,154,dino_clicks,25+25,False,0,10.329120291768849,2.9755295445676695,69.42710624820647,0.6122238298840857,0.4411545918337463,149.00893368646666,20.613972206501916,3.9395717687968586,104.65082712681436
A,154,rf_clicks,25+25,False,1,10.329120291768849,2.9755295445676695,69.42710624820647,0.39860875932451606,0.2489140374942844,357.5,30.891404137584104,28.272852424051027,21.852343494924863
A,154,sam,25+25,False,1,10.329120291768849,2.9755295445676695,69.42710624820647,0.5964183797269357,0.4249260400053568,443.7470070321602,19.109853486763505,8.668056804589654,44.09258941783819
A,154,microsam,25+25,False,1,10.329120291768849,2.9755295445676695,69.42710624820647,0.36235692874231085,0.22126734152395328,308.550006032818,29.149845941017418,14.363756590027057,40.58805335263971
A,154,dino_clicks,25+25,False,1,10.329120291768849,2.9755295445676695,69.42710624820647,0.6605900065656909,0.49319477217868707,118.58044602192675,17.444884612966106,3.5807308782479423,97.437563481464
A,154,rf_clicks,25+25,False,2,10.329120291768849,2.9755295445676695,69.42710624820647,0.35994375517911437,0.21947037262641236,357.5369298535335,33.22781865056908,25.6211769650028,25.93777693816061
A,154,sam,25+25,False,2,10.329120291768849,2.9755295445676695,69.42710624820647,0.6238586664620579,0.45333909479934764,446.32953079323124,15.89586870401811,8.806126173410089,36.101841811023206
A,154,microsam,25+25,False,2,10.329120291768849,2.9755295445676695,69.42710624820647,0.3712752692459922,0.2279545844890024,396.14517464389974,31.930956423316356,16.250847399026075,39.29758939860576
A,154,dino_clicks,25+25,False,2,10.329120291768849,2.9755295445676695,69.42710624820647,0.6168439869676787,0.445968481614275,148.9780290009235,20.203609381877634,3.880491985985393,104.12911277664824
A,154,rf_clicks,25+25,True,0,10.329120291768849,2.9755295445676695,69.42710624820647,0.26859336370279735,0.1551301456700044,359.19852188587856,34.587813620071685,33.33422882328665,20.752130672307203
A,154,sam,25+25,True,0,10.329120291768849,2.9755295445676695,69.42710624820647,0.5435895556573522,0.3732392594195532,365.53974321652726,23.98830409356725,9.459276875055656,50.71910762401933
A,154,microsam,25+25,True,0,10.329120291768849,2.9755295445676695,69.42710624820647,0.3163835702975317,0.18791903233769439,507.7468317699456,50.19103313840156,17.97047407144975,55.859442481978384
A,154,dino_clicks,25+25,True,0,10.329120291768849,2.9755295445676695,69.42710624820647,0.6046381559235363,0.4333199725148878,157.71501735722538,21.151103565365027,4.081213773421612,103.65104471179092
A,154,rf_clicks,25+25,True,1,10.329120291768849,2.9755295445676695,69.42710624820647,0.29658364387075503,0.17411106967687942,360.15587326544517,41.542476262340436,28.525918130862237,29.126127384762817
A,154,sam,25+25,True,1,10.329120291768849,2.9755295445676695,69.42710624820647,0.5985798359706439,0.42712375013187354,386.43579673731057,20.29315223542728,8.90074506088409,45.59877200529909
A,154,microsam,25+25,True,1,10.329120291768849,2.9755295445676695,69.42710624820647,0.30755464655503006,0.18172205438066466,348.4100045205361,36.895177010626924,19.305141807299236,38.22316083342826
A,154,dino_clicks,25+25,True,1,10.329120291768849,2.9755295445676695,69.42710624820647,0.6385949573781452,0.4690705097935516,123.66538317890198,19.01515437338867,3.8223330650053047,99.49501547878471
A,154,rf_clicks,25+25,True,2,10.329120291768849,2.9755295445676695,69.42710624820647,0.40531859685540766,0.25416901210244863,348.6944808106549,25.536816952776206,22.967103434963736,22.23773409223254
A,154,sam,25+25,True,2,10.329120291768849,2.9755295445676695,69.42710624820647,0.5788847375467026,0.4073453806606533,398.3388449780252,18.416902471231843,7.587279512627962,48.54678792465598
A,154,microsam,25+25,True,2,10.329120291768849,2.9755295445676695,69.42710624820647,0.4606575034753229,0.29925601645854266,270.031285735186,16.992265610262216,9.37467570777168,36.251420614316274
A,154,dino_clicks,25+25,True,2,10.329120291768849,2.9755295445676695,69.42710624820647,0.6054304054862246,0.4341342360166051,146.08650581127654,21.21335597057159,3.899451137133892,108.80175298805499
A,174,rf_clicks,25+25,False,0,13.883292460542036,3.2340166189071162,85.85789188203783,0.4942198248719807,0.32821512265557806,420.130228913603,28.456894925485756,24.54620361889002,23.18639197108769
A,174,sam,25+25,False,0,13.883292460542036,3.2340166189071162,85.85789188203783,0.5757070091194987,0.4042054639078124,488.3815755753025,29.225806451612904,7.1264827690665795,82.02028237118961
A,174,microsam,25+25,False,0,13.883292460542036,3.2340166189071162,85.85789188203783,0.38398225566198774,0.23761017291260175,583.8907809712075,55.51719801295353,22.085687060678104,50.27436806509652
A,174,dino_clicks,25+25,False,0,13.883292460542036,3.2340166189071162,85.85789188203783,0.6809293699150178,0.5162190366342615,104.44331426392566,20.83443375463749,3.9572439245326674,105.29769785216334
A,174,rf_clicks,25+25,False,1,13.883292460542036,3.2340166189071162,85.85789188203783,0.5200920900748073,0.351435441750627,382.6486843372129,25.55656165503364,19.236656601050857,26.570689683817033
A,174,sam,25+25,False,1,13.883292460542036,3.2340166189071162,85.85789188203783,0.5929776742870724,0.42144155316555837,519.7942950271272,27.91976356662265,9.516503207804103,58.67651795404592
A,174,microsam,25+25,False,1,13.883292460542036,3.2340166189071162,85.85789188203783,0.3269893200848566,0.19544963102174687,653.379035468768,68.99339747217506,15.505457817079979,88.99240291528271
A,174,dino_clicks,25+25,False,1,13.883292460542036,3.2340166189071162,85.85789188203783,0.6288190999129498,0.458596746696974,350.62099896338344,27.435452430359053,4.375236853162509,125.41242154937581
A,174,rf_clicks,25+25,False,2,13.883292460542036,3.2340166189071162,85.85789188203783,0.5302067417553443,0.36073559242512754,373.631638829481,23.32075708985726,15.836914436415189,29.451137320327785
A,174,sam,25+25,False,2,13.883292460542036,3.2340166189071162,85.85789188203783,0.6026856054370576,0.4313171092934801,536.5238408862749,23.551279632773692,10.557675230562143,44.614518098829045
A,174,microsam,25+25,False,2,13.883292460542036,3.2340166189071162,85.85789188203783,0.3742859578821724,0.2302286553387875,588.8243052897867,45.11941143180532,22.202701712810246,40.643172182755464
A,174,dino_clicks,25+25,False,2,13.883292460542036,3.2340166189071162,85.85789188203783,0.7016535403680341,0.5404208831646734,83.65199489551938,19.809721436207006,3.774298766936352,104.97166578196891
A,174,rf_clicks,25+25,True,0,13.883292460542036,3.2340166189071162,85.85789188203783,0.4269074193108553,0.27138098834833646,464.66931089373725,37.76884864490977,29.207361429613623,25.862554367280552
A,174,sam,25+25,True,0,13.883292460542036,3.2340166189071162,85.85789188203783,0.5051568482169826,0.33793301164369133,444.9486203420614,34.83066088159467,15.251017085491343,45.676508899501414
A,174,microsam,25+25,True,0,13.883292460542036,3.2340166189071162,85.85789188203783,0.32599212554827106,0.1947375102133495,637.008290762373,70.15581965666856,16.404139228651346,85.5342894604734
A,174,dino_clicks,25+25,True,0,13.883292460542036,3.2340166189071162,85.85789188203783,0.5906359469589383,0.4190797584800683,479.58151683725146,31.280261585864302,5.038459605345126,124.1659714912874
A,174,rf_clicks,25+25,True,1,13.883292460542036,3.2340166189071162,85.85789188203783,0.4592943905167486,0.29810652190121817,384.44079517809917,32.09708859963529,22.462598598273722,28.578250605521653
A,174,sam,25+25,True,1,13.883292460542036,3.2340166189071162,85.85789188203783,0.6068983335486371,0.4356454005934718,517.0718337426629,25.05778783877256,10.867788112131224,46.11386894965623
A,174,microsam,25+25,True,1,13.883292460542036,3.2340166189071162,85.85789188203783,0.32209651532917444,0.19196367268547868,695.9440755190031,65.80745771238131,15.391680128032537,85.5104279259645
A,174,dino_clicks,25+25,True,1,13.883292460542036,3.2340166189071162,85.85789188203783,0.6736456390273693,0.5078926558761999,231.17188256483385,24.00716845878136,4.386488186852136,109.4596289156295
A,174,rf_clicks,25+25,True,2,13.883292460542036,3.2340166189071162,85.85789188203783,0.47490549202845805,0.3113941395409705,381.3594924739648,28.965478211658176,26.177425428504815,22.130119931593757
A,174,sam,25+25,True,2,13.883292460542036,3.2340166189071162,85.85789188203783,0.6290220996794916,0.45881272012658875,490.549524447521,22.059108344337545,11.181404334601314,39.45677606179527
A,174,microsam,25+25,True,2,13.883292460542036,3.2340166189071162,85.85789188203783,0.4289889945859054,0.27306555657949094,446.68246988494514,36.49977991573917,19.056109375550438,38.30769355529569
A,174,dino_clicks,25+25,True,2,13.883292460542036,3.2340166189071162,85.85789188203783,0.6442515583315421,0.47519992539227346,172.87814431329238,25.903414450103753,4.2205112278635575,122.75012694713853
A,195,rf_clicks,25+25,False,0,17.852732188895178,3.648771636018321,97.85612238740576,0.49755551613958915,0.33116399406729496,280.52319979816286,32.488587059045464,24.717931280709358,26.287464505090334
A,195,sam,25+25,False,0,17.852732188895178,3.648771636018321,97.85612238740576,0.6149531643221077,0.4439944906419913,361.92693652180395,35.018549959127206,8.962697431171888,78.14288104233923
A,195,microsam,25+25,False,0,17.852732188895178,3.648771636018321,97.85612238740576,0.39342660531250145,0.2448855474723136,398.79996321335733,63.23649625856756,20.549449462579613,61.545684105767144
A,195,dino_clicks,25+25,False,0,17.852732188895178,3.648771636018321,97.85612238740576,0.6491162761433882,0.4805123229186881,160.29448464234562,30.11985160032698,6.242798957101625,96.49470312050822
A,195,rf_clicks,25+25,False,1,17.852732188895178,3.648771636018321,97.85612238740576,0.5242984834689933,0.35528762259558,273.5329176949127,32.84097340124505,24.299071681700227,27.030640372963532
A,195,sam,25+25,False,1,17.852732188895178,3.648771636018321,97.85612238740576,0.63872248537197,0.4692081361135986,309.1388911341593,25.47796013330818,10.713647005299967,47.561694203112
A,195,microsam,25+25,False,1,17.852732188895178,3.648771636018321,97.85612238740576,0.3485031485255325,0.21102259336091775,459.8718417885464,63.052380054077844,11.62691202886144,108.45937407552952
A,195,dino_clicks,25+25,False,1,17.852732188895178,3.648771636018321,97.85612238740576,0.6517832511146247,0.4834409983806238,134.4985699287825,24.5429164308621,5.978111064680388,82.10926884870199
A,195,rf_clicks,25+25,False,2,17.852732188895178,3.648771636018321,97.85612238740576,0.5321811238824421,0.36256593544435356,303.05705424061654,34.742501414827395,17.810100066597,39.01438092421195
A,195,sam,25+25,False,2,17.852732188895178,3.648771636018321,97.85612238740576,0.6277372262773723,0.4574468085106383,340.0630223175018,25.755014777086085,9.720421251246137,52.99156098566068
A,195,microsam,25+25,False,2,17.852732188895178,3.648771636018321,97.85612238740576,0.3456130725947958,0.20890703793027846,467.15344436168687,65.35911463245928,10.632737912480684,122.93938808694026
A,195,dino_clicks,25+25,False,2,17.852732188895178,3.648771636018321,97.85612238740576,0.5867190972505693,0.41514683748230924,227.35945238043752,37.60397409293844,7.050040482926446,106.67732812033208
A,195,rf_clicks,25+25,True,0,17.852732188895178,3.648771636018321,97.85612238740576,0.4896311595171939,0.3241798601728819,342.9937738500733,32.93089354209898,34.85464042986131,18.89613155434294
A,195,sam,25+25,True,0,17.852732188895178,3.648771636018321,97.85612238740576,0.6305525687760615,0.4604430622156175,323.62721943595363,30.101741809721435,11.791679775584885,51.05590108043507
A,195,microsam,25+25,True,0,17.852732188895178,3.648771636018321,97.85612238740576,0.33759609604658775,0.2030770592175225,393.2533574236843,81.3152235427278,10.44380641288887,155.71951514224807
A,195,dino_clicks,25+25,True,0,17.852732188895178,3.648771636018321,97.85612238740576,0.6578808129838163,0.4901806183446532,138.40573455510014,25.88190907375967,6.108478953459057,84.74092902981513
A,195,rf_clicks,25+25,True,1,17.852732188895178,3.648771636018321,97.85612238740576,0.45991835821730137,0.29863245281265066,325.92209803897003,38.3725083317613,35.555394997220176,21.584633406413502
A,195,sam,25+25,True,1,17.852732188895178,3.648771636018321,97.85612238740576,0.6420579689769905,0.47281692024312283,311.38769165954704,25.08558133685468,11.764960905247504,42.64456386874318
A,195,microsam,25+25,True,1,17.852732188895178,3.648771636018321,97.85612238740576,0.33265271536501895,0.19951015510115755,378.6256974216811,74.16613217631894,11.929193606616254,124.34391564436407
A,195,dino_clicks,25+25,True,1,17.852732188895178,3.648771636018321,97.85612238740576,0.6768209913151201,0.5115112822019592,129.03154895218455,20.318178959944664,5.316443975448848,76.4352226931133
A,195,rf_clicks,25+25,True,2,17.852732188895178,3.648771636018321,97.85612238740576,0.4185064443802528,0.26462734729023335,361.9417112437601,37.00408727912972,39.22196914449594,18.86906143993158
A,195,sam,25+25,True,2,17.852732188895178,3.648771636018321,97.85612238740576,0.5834945999268171,0.4119254327563249,137.34498350592256,15.485505879393825,7.431633835036635,41.67456638239359
A,195,microsam,25+25,True,2,17.852732188895178,3.648771636018321,97.85612238740576,0.3610177613482195,0.2202694775052542,435.82305941875956,62.98031817895995,11.837423714923123,106.40882627114605
A,195,dino_clicks,25+25,True,2,17.852732188895178,3.648771636018321,97.85612238740576,0.6570986035881752,0.4893126221656442,140.4195779581452,23.638433000062882,5.762894504157806,82.03666745246942
A,216,rf_clicks,25+25,False,0,19.10243350311262,5.057535766536992,75.54047814947036,0.5147068656484631,0.3465355448998144,297.64216102325054,39.20442683770358,26.900273255070783,29.1479766513624
A,216,sam,25+25,False,0,19.10243350311262,5.057535766536992,75.54047814947036,0.6348472753245662,0.4650375477040502,231.68475745570169,28.789913852732187,8.737443467563907,65.9000861284179
A,216,microsam,25+25,False,0,19.10243350311262,5.057535766536992,75.54047814947036,0.3500405772785477,0.21215102169069638,344.5038325258516,77.44174055209709,15.963150242800387,97.02563638655779
A,216,dino_clicks,25+25,False,0,19.10243350311262,5.057535766536992,75.54047814947036,0.6269931510871248,0.4566569726753861,166.35781662565267,28.015468779475572,6.149869996900427,91.1091414732199
A,216,rf_clicks,25+25,False,1,19.10243350311262,5.057535766536992,75.54047814947036,0.524679158110883,0.35563732526074965,280.3136723003299,39.69401999622713,21.86575322865029,36.30702275027671
A,216,sam,25+25,False,1,19.10243350311262,5.057535766536992,75.54047814947036,0.6200374617387729,0.4493147056876117,294.4457830934125,30.448217317487266,8.757564647586623,69.53580942363486
A,216,microsam,25+25,False,1,19.10243350311262,5.057535766536992,75.54047814947036,0.36899896116657144,0.22624078855921362,352.7904565593515,65.88253788593347,17.45284072041669,75.49778164062738
A,216,dino_clicks,25+25,False,1,19.10243350311262,5.057535766536992,75.54047814947036,0.6143640397967218,0.44338055408622057,189.9596193493979,24.823240897943784,6.019383479000385,82.4776855787433
A,216,rf_clicks,25+25,False,2,19.10243350311262,5.057535766536992,75.54047814947036,0.5084646034099333,0.34090012518132656,305.09088288258,35.18669433440231,26.69623186416829,26.36079467202256
A,216,sam,25+25,False,2,19.10243350311262,5.057535766536992,75.54047814947036,0.633096734484141,0.46316133003399856,221.28657865581428,25.440860215053764,9.986068422855558,50.952705584965024
A,216,microsam,25+25,False,2,19.10243350311262,5.057535766536992,75.54047814947036,0.34174912495950116,0.2060901218889179,387.8672785374922,75.61026221467648,14.49263959094103,104.34298285032698
A,216,dino_clicks,25+25,False,2,19.10243350311262,5.057535766536992,75.54047814947036,0.5821682550432974,0.41060461307492835,234.00282114654328,32.89027227567126,6.525879407126096,100.79950984002527
A,216,rf_clicks,25+25,True,0,19.10243350311262,5.057535766536992,75.54047814947036,0.4870735351403593,0.32194131469935433,303.13546261020525,31.907061560711817,27.82724969236499,22.932242254229106
A,216,sam,25+25,True,0,19.10243350311262,5.057535766536992,75.54047814947036,0.5975074201950451,0.42603250013496735,285.07960846705765,30.726655348047537,9.650377675639797,63.67969499392766
A,216,microsam,25+25,True,0,19.10243350311262,5.057535766536992,75.54047814947036,0.33277977929498553,0.19960157342277407,382.6348822637581,85.02672451738665,8.394227969679932,202.58378691764003
A,216,dino_clicks,25+25,True,0,19.10243350311262,5.057535766536992,75.54047814947036,0.6070707350134167,0.43582308899171845,173.8867685090895,26.359429038546185,6.4777359166139545,81.38469791872838
A,216,rf_clicks,25+25,True,1,19.10243350311262,5.057535766536992,75.54047814947036,0.4638123161512689,0.30192425120167843,316.1074031810573,33.184933660315664,32.65188339716532,20.32650506353126
A,216,sam,25+25,True,1,19.10243350311262,5.057535766536992,75.54047814947036,0.6017930593826125,0.4304034273473759,293.92292123394486,31.28504055838521,10.903146439725184,57.38717852013691
A,216,microsam,25+25,True,1,19.10243350311262,5.057535766536992,75.54047814947036,0.30416384121039436,0.17935921441107244,359.03380591167917,81.97346412626548,12.547697084752041,130.65897841266764
A,216,dino_clicks,25+25,True,1,19.10243350311262,5.057535766536992,75.54047814947036,0.5623504231929176,0.3911595928973582,234.208664546696,39.06960950764007,6.7119972290327645,116.41723968134062
A,216,rf_clicks,25+25,True,2,19.10243350311262,5.057535766536992,75.54047814947036,0.5150826654916325,0.3468763233625851,288.17600772882304,35.69628372005282,24.884788255555495,28.689240473712832
A,216,sam,25+25,True,2,19.10243350311262,5.057535766536992,75.54047814947036,0.6250221977929051,0.4545689368872926,259.48074894553525,25.51367666478023,11.395900354361537,44.776938848917574
A,216,microsam,25+25,True,2,19.10243350311262,5.057535766536992,75.54047814947036,0.3469469958971039,0.2098825597461047,345.03269524325833,69.88065144941206,14.009164121270905,99.7641984125353
A,216,dino_clicks,25+25,True,2,19.10243350311262,5.057535766536992,75.54047814947036,0.5673380367422941,0.39600272171129164,232.04606067742296,36.88813431428032,6.772202913083716,108.93983770927309
A,25,dino_labels,same sample,False,0,12.613594919197636,3.084680142301765,81.78219029079278,0.7913291420698796,0.6547102024326548,54.01750295043265,16.23203169213356,2.7474015133002845,118.1627921041291
A,25,rf_labels,same sample,False,0,12.613594919197636,3.084680142301765,81.78219029079278,0.6545193302122889,0.4864576243340296,354.87931487338057,19.2463057284789,20.18545520139677,19.069479024824883
A,46,dino_labels,same sample,False,0,13.814877696032195,3.3416146529512183,82.68384676749781,0.7864588865453773,0.6480694208262479,52.025384429141894,19.337609256115197,2.9408602095455048,131.50988403562187
A,46,rf_labels,same sample,False,0,13.814877696032195,3.3416146529512183,82.68384676749781,0.6798299597654189,0.5149563609583353,268.00038767292824,22.662390743884803,20.327181326586178,22.297622459090654
A,66,dino_labels,same sample,False,0,12.19115890083632,3.0141745861491933,80.89218824189828,0.7280763819422419,0.5724214658848955,118.7251289744509,18.736590580393635,3.2042100143630416,116.94982848443688
A,66,rf_labels,same sample,False,0,12.19115890083632,3.0141745861491933,80.89218824189828,0.6189622892845803,0.44818637788242505,319.44499473037655,22.268628560648935,21.009119634257445,21.19901161811439
A,87,dino_labels,same sample,False,0,10.970131421744325,3.323383860165258,66.01784135281217,0.7095712644748688,0.5498724919405283,102.35876679685416,17.386405080802366,3.3478484994066537,103.86614020248403
A,87,rf_labels,same sample,False,0,10.970131421744325,3.323383860165258,66.01784135281217,0.566184530553946,0.3948796359218303,235.67542563873732,23.104822989373073,20.65338939896661,22.373880183103626
A,107,dino_labels,same sample,False,0,12.201848707790983,3.4929145816017844,69.86628743835726,0.7529991306867575,0.6038481200910908,84.82749038489823,18.178582657360245,3.369605554145011,107.89739253010461
A,107,rf_labels,same sample,False,0,12.201848707790983,3.4929145816017844,69.86628743835726,0.6334671203792572,0.4635579061625395,229.13652424306304,22.39086964723637,21.28996796469831,21.0341975942505
A,133,dino_labels,same sample,False,0,10.764887128214802,3.4600939783035476,62.223091024208124,0.6630191801800689,0.49590777246106377,113.91296241522679,19.78368861221153,3.756878833999576,105.31981193095761
A,133,rf_labels,same sample,False,0,10.764887128214802,3.4600939783035476,62.223091024208124,0.509727383929754,0.3420363351195922,224.13398265370856,21.518078349996856,21.11877238786752,20.378152626294447
A,154,dino_labels,same sample,False,0,10.329120291768849,2.9755295445676695,69.42710624820647,0.6526517215260521,0.48439719109988955,236.86345862543075,18.06288121738037,3.5195682047308807,102.64259799313379
A,154,rf_labels,same sample,False,0,10.329120291768849,2.9755295445676695,69.42710624820647,0.47169847629384165,0.30864228620931067,301.92657426930805,22.347355844809154,22.182351231039902,20.148771076655176
A,174,dino_labels,same sample,False,0,13.883292460542036,3.2340166189071162,85.85789188203783,0.722732996962788,0.5658433164281249,70.60432493496926,16.675218512230398,2.6413127683553417,126.2646265297351
A,174,rf_labels,same sample,False,0,13.883292460542036,3.2340166189071162,85.85789188203783,0.5780846861207632,0.40655352711804327,380.27777669984926,26.03760296799346,22.3263205315691,23.324580448602504
A,195,dino_labels,same sample,False,0,17.852732188895178,3.648771636018321,97.85612238740576,0.6763970339306971,0.5110271367397958,127.07093005897138,28.211029365528518,3.504125878856595,161.0160727144531
A,195,rf_labels,same sample,False,0,17.852732188895178,3.648771636018321,97.85612238740576,0.5799899142713061,0.40844070059803683,243.64001675069048,32.02464943721311,25.58485679070871,25.034065814152253
A,216,dino_labels,same sample,False,0,19.10243350311262,5.057535766536992,75.54047814947036,0.6445165476963011,0.47548831865185753,140.28748385012827,23.533547129472428,3.7572072208681506,125.27148888016191
A,216,rf_labels,same sample,False,0,19.10243350311262,5.057535766536992,75.54047814947036,0.5365968722581556,0.3666774124544685,305.24447403044496,37.945670628183365,31.19015389163023,24.331826486028305
A,25,dino_labels,other samples,False,0,12.613594919197636,3.084680142301765,81.78219029079278,0.6990274630724069,0.5373114675604501,214.80600790014972,19.688989498836698,4.622633687985533,85.18515992305171
A,25,rf_labels,other samples,False,0,12.613594919197636,3.084680142301765,81.78219029079278,0.3087627023438697,0.1825661619287731,477.188934877655,66.19618939822675,22.072529033907312,59.98061146191059
A,46,dino_labels,other samples,False,0,13.814877696032195,3.3416146529512183,82.68384676749781,0.7144581310972553,0.5557641865893256,137.10728403105227,20.050556498773815,4.28650684164108,93.55196312294933
A,46,rf_labels,other samples,False,0,13.814877696032195,3.3416146529512183,82.68384676749781,0.31635156928969926,0.18789645362971427,465.8433160499234,71.41771992705779,22.537161691828228,63.37774108702714
A,66,dino_labels,other samples,False,0,12.19115890083632,3.0141745861491933,80.89218824189828,0.62895609906643,0.4587424944147754,186.42364773044432,20.408979437841918,4.998467849020722,81.66094112955176
A,66,rf_labels,other samples,False,0,12.19115890083632,3.0141745861491933,80.89218824189828,0.2772263497676466,0.16091861500798818,470.84287238813374,71.24328743004465,21.070635373667415,67.62329295402212
A,87,dino_labels,other samples,False,0,10.970131421744325,3.323383860165258,66.01784135281217,0.5909358031075903,0.41938174599202577,175.29072146193397,21.130227001194744,4.7949945318465605,88.13451969905566
A,87,rf_labels,other samples,False,0,10.970131421744325,3.323383860165258,66.01784135281217,0.26050750452150356,0.14976063719656557,517.5812496588708,69.34364585298371,22.274298939435457,62.263370031560896
A,107,dino_labels,other samples,False,0,12.201848707790983,3.4929145816017844,69.86628743835726,0.6361945315176273,0.4664848075624578,281.06111960213104,21.940514368358173,4.890571218325672,89.72577389791981
A,107,rf_labels,other samples,False,0,12.201848707790983,3.4929145816017844,69.86628743835726,0.2827019447699464,0.1646201973553595,600.5380893312813,69.68597120040243,24.742832157974373,56.32820911970123
A,133,dino_labels,other samples,False,0,10.764887128214802,3.4600939783035476,62.223091024208124,0.5411307810734411,0.3709248053582261,229.13418391188037,23.625730994152047,5.887908562338597,80.25169122112938
A,133,rf_labels,other samples,False,0,10.764887128214802,3.4600939783035476,62.223091024208124,0.2541225212688573,0.14555575884600266,501.1429911772004,68.76476136578005,26.04003751244586,52.81464078760551
A,154,dino_labels,other samples,False,0,10.329120291768849,2.9755295445676695,69.42710624820647,0.5538439743809602,0.382976639151977,299.48597740536485,23.405143683581713,5.202724525548519,89.9726424824083
A,154,rf_labels,other samples,False,0,10.329120291768849,2.9755295445676695,69.42710624820647,0.24856147292367925,0.14191846820830378,541.5637664694159,68.24360183613155,24.555436777333203,55.58329298310532
A,174,dino_labels,other samples,False,0,13.883292460542036,3.2340166189071162,85.85789188203783,0.6201623268825547,0.4494458579909851,504.8231914556595,24.37376595610891,5.379775279314166,90.6125802311065
A,174,rf_labels,other samples,False,0,13.883292460542036,3.2340166189071162,85.85789188203783,0.3127566522820469,0.185365467705094,653.9719572513197,72.78739860403698,23.196022920974798,62.75851584731762
A,195,dino_labels,other samples,False,0,17.852732188895178,3.648771636018321,97.85612238740576,0.5840953236620805,0.4125244682239332,258.59309628445095,36.598251902156825,7.3115454648201395,100.11085092269785
A,195,rf_labels,other samples,False,0,17.852732188895178,3.648771636018321,97.85612238740576,0.36045832640481373,0.21985310419978585,420.0554278901774,79.71112368735459,17.818808287007744,89.46852382431713
A,216,dino_labels,other samples,False,0,19.10243350311262,5.057535766536992,75.54047814947036,0.5771411346235004,0.40562078830691634,216.1466858430431,33.04810413129598,8.473265548618826,78.00559050502777
A,216,rf_labels,other samples,False,0,19.10243350311262,5.057535766536992,75.54047814947036,0.3663436986854888,0.22424771868520488,348.32074947491014,83.29573036533988,13.953852854783545,119.38742830699282
E,48,otsu,none,False,0,29.893300362651857,2.6718400182418742,223.7656458362523,0.7924867988788338,0.6562965921556934,84.51562355564798,28.315687865584223,14.538143747879296,38.953649594659815
E,88,otsu,none,False,0,29.88464748162705,2.648051484133881,225.71047172371462,0.7601691193741766,0.6131232341869641,130.75342329197642,26.60078298958962,14.177537458392697,37.52525157158759
E,128,otsu,none,False,0,25.28785250875864,2.528218606757229,200.044825563511,0.7339282799958458,0.5796893401848021,141.33763874141948,26.553288287075674,20.868103902182437,25.448683226365063
E,168,otsu,none,False,0,19.49186436897423,2.7783147540793354,140.31429909339664,0.5939782292889694,0.4224530812126702,159.80121153288096,23.989728068792328,21.85275437885821,21.95579344634154
E,208,otsu,none,False,0,16.440570090259165,2.827097383655479,116.3070659348937,0.5332621018641528,0.3635701392470346,274.18907559130844,24.231239592506988,24.637281820306224,19.670383907802222
E,257,otsu,none,False,0,14.40175903456922,3.0705496558371643,93.80573935478454,0.44145881576966367,0.28325129950779704,352.635858123981,25.829234431544172,31.4028553753681,16.450245764469056
E,297,otsu,none,False,0,15.269835287602536,3.19162704745363,95.68683972511914,0.2615249716349108,0.15043355088100185,382.8228926112076,26.505601298316726,31.170023433530012,17.007110280067547
E,337,otsu,none,False,0,10.606413130843098,2.8843804573533283,73.54378721991073,0.15617414346961989,0.08470113536833714,390.0485776710728,27.852278015144464,31.627377942432652,17.612764526885833
E,377,otsu,none,False,0,9.931584554030511,2.598297541388915,76.44686103748997,0.13495605888386794,0.07236079317418319,384.43873455337456,28.216179733798924,29.730341250168795,18.981403204471274
E,417,otsu,none,False,0,12.69771833141688,3.044259928054344,83.42072379826176,0.22997200445520496,0.12992563113919683,402.80665725010056,32.015948221159945,36.963566050391776,17.32297591499325
E,48,rf_clicks,3+6,False,0,29.893300362651857,2.6718400182418742,223.7656458362523,0.7985412883317831,0.6646431380259537,133.2599081682109,28.71352810648043,2.923404831799377,196.43894539783628
E,48,sam,3+6,False,0,29.893300362651857,2.6718400182418742,223.7656458362523,0.8368023650673165,0.7193982689929935,303.036080963585,23.050986620723073,2.6158116611622733,176.24347320541355
E,48,microsam,3+6,False,0,29.893300362651857,2.6718400182418742,223.7656458362523,0.8529334542085891,0.7435780054243613,352.07979124438856,28.32934018897892,2.096792197880624,270.216001543819
E,48,dino_clicks,3+6,False,0,29.893300362651857,2.6718400182418742,223.7656458362523,0.8018896506237616,0.669295320786806,122.3738461195962,41.82543100961816,3.039901033824855,275.17626754442523
E,48,rf_clicks,3+6,False,1,29.893300362651857,2.6718400182418742,223.7656458362523,0.8325646239535374,0.7131569258874354,87.75222138816713,40.792565444623484,2.9321882728578457,278.23974212177836
E,48,sam,3+6,False,1,29.893300362651857,2.6718400182418742,223.7656458362523,0.8257693012279682,0.7032428142881361,99.59937647954968,36.75878459710263,2.8433981090196743,258.55531436486785
E,48,microsam,3+6,False,1,29.893300362651857,2.6718400182418742,223.7656458362523,0.8008019063972744,0.6677811703247811,159.86151502312595,36.9591468643882,3.2906134618519483,224.63377903758828
E,48,dino_clicks,3+6,False,1,29.893300362651857,2.6718400182418742,223.7656458362523,0.8063560165745937,0.6755414744860436,117.79174641181233,36.25710978390872,4.692222285361749,154.54131359897184
E,48,rf_clicks,3+6,False,2,29.893300362651857,2.6718400182418742,223.7656458362523,0.8050666710082871,0.673733547701447,130.0786811069101,29.15876690676809,2.9346179437009483,198.72274664820566
E,48,sam,3+6,False,2,29.893300362651857,2.6718400182418742,223.7656458362523,0.8482603877441668,0.7365036148081574,115.01395245128576,33.265808813632326,6.543026184287038,101.68325137845108
E,48,microsam,3+6,False,2,29.893300362651857,2.6718400182418742,223.7656458362523,0.829007445332296,0.7079527893049207,386.8728796387775,25.46562114225721,2.2478035141055512,226.5822700467707
E,48,dino_clicks,3+6,False,2,29.893300362651857,2.6718400182418742,223.7656458362523,0.868639480914208,0.7677830950085842,118.51359400382734,29.70187940575859,2.899077516233042,204.9057276974929
E,48,rf_clicks,3+6,True,0,29.893300362651857,2.6718400182418742,223.7656458362523,0.821724218370731,0.6973954919403385,96.95682028614594,31.1041268473901,7.034274169147256,88.43592416063237
E,48,sam,3+6,True,0,29.893300362651857,2.6718400182418742,223.7656458362523,0.8526712720732504,0.7431795712237136,132.25343497011897,26.555788008260617,4.5746598543713946,116.09950839463957
E,48,microsam,3+6,True,0,29.893300362651857,2.6718400182418742,223.7656458362523,0.8587538745755599,0.7524703527525065,367.63969130535963,25.9998884739779,2.788381874622635,186.48728648400495
E,48,dino_clicks,3+6,True,0,29.893300362651857,2.6718400182418742,223.7656458362523,0.686843266926025,0.5230474395224631,352.16508335089605,16.715539420603086,1.9612652923443588,170.45668921844333
E,48,rf_clicks,3+6,True,1,29.893300362651857,2.6718400182418742,223.7656458362523,0.22988219005506944,0.12986829959200355,175.23941369457185,16.35432970937857,7.429266955511805,44.026765513507954
E,48,sam,3+6,True,1,29.893300362651857,2.6718400182418742,223.7656458362523,0.8701155063439446,0.7700924397399631,102.43170577398601,31.651565786893002,3.9266468849825187,161.21422024447665
E,48,microsam,3+6,True,1,29.893300362651857,2.6718400182418742,223.7656458362523,0.7876463605202939,0.6496836689155487,147.49817559706736,30.524383818727912,3.9175895177923508,155.8324764761423
E,48,dino_clicks,3+6,True,1,29.893300362651857,2.6718400182418742,223.7656458362523,0.2640263522708484,0.1520912213248309,246.11372499622559,7.903926100550323,2.445637523202251,64.63693843068893
E,48,rf_clicks,3+6,True,2,29.893300362651857,2.6718400182418742,223.7656458362523,0.8282653498608907,0.7068710904491545,113.15240204763123,30.891938976037288,4.77598491843453,129.36363704499735
E,48,sam,3+6,True,2,29.893300362651857,2.6718400182418742,223.7656458362523,0.7995605157275578,0.6660564953110922,376.6243818422191,20.597317991454798,2.1791120331944493,189.04322198854868
E,48,microsam,3+6,True,2,29.893300362651857,2.6718400182418742,223.7656458362523,0.7777530978105072,0.6363305944300337,435.26425577964454,20.74941641124644,1.5156741169361183,273.7978590436135
E,48,dino_clicks,3+6,True,2,29.893300362651857,2.6718400182418742,223.7656458362523,0.80791272873517,0.6777295154556572,110.20796292116344,23.6561114337247,3.6440976901323676,129.8324767625284
E,88,rf_clicks,3+6,False,0,29.88464748162705,2.648051484133881,225.71047172371462,0.8619897558414208,0.7574534238738403,131.9756132776052,38.0451795761242,3.8299809034719816,198.67033562300642
E,88,sam,3+6,False,0,29.88464748162705,2.648051484133881,225.71047172371462,0.8867160239813193,0.7964868291308635,52.22801570996164,31.422264439735567,4.314074363356627,145.673262874806
E,88,microsam,3+6,False,0,29.88464748162705,2.648051484133881,225.71047172371462,0.8314695961360206,0.7115515294994466,123.17885877860697,30.170288698568235,3.339619518362966,180.68099394362915
E,88,dino_clicks,3+6,False,0,29.88464748162705,2.648051484133881,225.71047172371462,0.8133057862530759,0.6853541348997616,97.20570090336354,33.44973060697076,4.1472543172971905,161.31024551573825
E,88,rf_clicks,3+6,False,1,29.88464748162705,2.648051484133881,225.71047172371462,0.8357897372668458,0.7179027397548505,129.775391295039,40.76266493352664,3.481031697731921,234.19875756997968
E,88,sam,3+6,False,1,29.88464748162705,2.648051484133881,225.71047172371462,0.8819412547032567,0.7888147724019468,61.173210307869766,30.188748178087828,3.994210922658136,151.16251376127778
E,88,microsam,3+6,False,1,29.88464748162705,2.648051484133881,225.71047172371462,0.8400441496997262,0.7242035543699934,117.02256726802742,32.13516569305731,3.4216600700081994,187.83377095072046
E,88,dino_clicks,3+6,False,1,29.88464748162705,2.648051484133881,225.71047172371462,0.8524328857853525,0.7428174572331885,82.98956426393042,36.94645597221848,3.1038232440042615,238.07061850953622
E,88,rf_clicks,3+6,False,2,29.88464748162705,2.648051484133881,225.71047172371462,0.793434285053751,0.6575972408507377,266.5792565073284,29.168477362140376,3.1439791814666296,185.5513391060918
E,88,sam,3+6,False,2,29.88464748162705,2.648051484133881,225.71047172371462,0.8072143034128402,0.6767471354849995,134.4278547444606,21.72180795218995,2.6540166265426475,163.690066859051
E,88,microsam,3+6,False,2,29.88464748162705,2.648051484133881,225.71047172371462,0.6099563723733851,0.438803761443686,427.3169125346762,15.732379849939814,2.3143764527335042,135.95350774813093
E,88,dino_clicks,3+6,False,2,29.88464748162705,2.648051484133881,225.71047172371462,0.8827667001310378,0.7901364023383258,109.81316513790152,30.35257605882421,2.9334851429285718,206.93867246603793
E,88,rf_clicks,3+6,True,0,29.88464748162705,2.648051484133881,225.71047172371462,0.8471965810873828,0.7349011697818365,87.28231851297261,30.316714674132502,4.880030602306916,124.2480514765666
E,88,sam,3+6,True,0,29.88464748162705,2.648051484133881,225.71047172371462,0.8948510338954234,0.8097107822935309,47.90298829841779,31.754535071088224,4.019833870539141,157.98929057149962
E,88,microsam,3+6,True,0,29.88464748162705,2.648051484133881,225.71047172371462,0.8527012840184124,0.7432251706905046,79.11930618432488,36.78560852827954,3.709070463178644,198.35486488307134
E,88,dino_clicks,3+6,True,0,29.88464748162705,2.648051484133881,225.71047172371462,0.815060776375404,0.6878502796812014,83.74026547877779,29.935507193428425,4.749988902662251,126.044535289968
E,88,rf_clicks,3+6,True,1,29.88464748162705,2.648051484133881,225.71047172371462,0.7904012061032293,0.6534408021001081,82.8598637410886,27.764403201181405,7.096370930176027,78.2495827074606
E,88,sam,3+6,True,1,29.88464748162705,2.648051484133881,225.71047172371462,0.8399073405737498,0.7240002199385909,125.72502237025054,27.390694884032165,3.9899516828835635,137.29837883268166
E,88,microsam,3+6,True,1,29.88464748162705,2.648051484133881,225.71047172371462,0.6714038903075722,0.5053483789464078,372.85500140615335,20.86699945006134,3.260002042267889,128.01832133543556
E,88,dino_clicks,3+6,True,1,29.88464748162705,2.648051484133881,225.71047172371462,0.5117315677566447,0.3438435947910831,238.71685537599035,11.398920889593084,3.3926541735427067,67.19765886241217
E,88,rf_clicks,3+6,True,2,29.88464748162705,2.648051484133881,225.71047172371462,0.5406841337489037,0.37050521155361105,71.5,12.098073676397632,7.066370946455414,34.24126406063126
E,88,sam,3+6,True,2,29.88464748162705,2.648051484133881,225.71047172371462,0.7917341223673298,0.655264819626089,269.8263169167153,20.772106188155938,2.572004931581316,161.5246217695614
E,88,microsam,3+6,True,2,29.88464748162705,2.648051484133881,225.71047172371462,0.5589677211666789,0.38789396280507105,595.6452926745151,13.122190217245,1.1217102509255115,233.96755456978335
E,88,dino_clicks,3+6,True,2,29.88464748162705,2.648051484133881,225.71047172371462,0.6118417820729818,0.4407579584023678,376.48062262962657,13.171896211576401,1.4902962385029128,176.7688312064495
E,128,rf_clicks,3+6,False,0,25.28785250875864,2.528218606757229,200.044825563511,0.7960973674775538,0.6612639145157039,253.7444989441255,37.72963784808618,3.4938233327022417,215.9790822560269
E,128,sam,3+6,False,0,25.28785250875864,2.528218606757229,200.044825563511,0.8765299888345048,0.7801988305190158,65.50584420492572,29.476423783501073,4.894855447264738,120.43838311904634
E,128,microsam,3+6,False,0,25.28785250875864,2.528218606757229,200.044825563511,0.7932231259599515,0.6573071982266271,270.2084555583883,21.722000238434944,3.2405436518881663,134.0639261302849
E,128,dino_clicks,3+6,False,0,25.28785250875864,2.528218606757229,200.044825563511,0.7830695934003618,0.643479355231516,71.5,21.166389133519722,4.153354566137722,101.92430622749707
E,128,rf_clicks,3+6,False,1,25.28785250875864,2.528218606757229,200.044825563511,0.8048410026187804,0.6734175154789555,68.94291116568839,26.110260778605465,2.842325903639878,183.72460909685765
E,128,sam,3+6,False,1,25.28785250875864,2.528218606757229,200.044825563511,0.8629075529194935,0.7588719414459355,64.74559348339363,31.154986559191475,4.606566906270123,135.26336290388218
E,128,microsam,3+6,False,1,25.28785250875864,2.528218606757229,200.044825563511,0.802138431924427,0.669642013152742,183.0506739625127,22.26145929877052,2.9904985164582345,148.88125960440632
E,128,dino_clicks,3+6,False,1,25.28785250875864,2.528218606757229,200.044825563511,0.7935977242596381,0.6578218063892592,84.64050818018521,29.46421360694384,3.575156913809949,164.82752683179223
E,128,rf_clicks,3+6,False,2,25.28785250875864,2.528218606757229,200.044825563511,0.7600922021506122,0.6130231646812669,292.0377984907145,41.197424133462036,2.9557413210184436,278.76204078147725
E,128,sam,3+6,False,2,25.28785250875864,2.528218606757229,200.044825563511,0.8715248398404448,0.7723030781796029,48.232671758881445,25.617238846436358,4.999826789950663,102.47250523928308
E,128,microsam,3+6,False,2,25.28785250875864,2.528218606757229,200.044825563511,0.7693675456262457,0.6251806076557296,276.6985770841457,20.78056678293575,2.9836786191896283,139.2949404757258
E,128,dino_clicks,3+6,False,2,25.28785250875864,2.528218606757229,200.044825563511,0.8435981137572863,0.7295025404171869,70.79481796007389,26.518772906098935,3.2524902216817346,163.06750273571686
E,128,rf_clicks,3+6,True,0,25.28785250875864,2.528218606757229,200.044825563511,0.8224653016820078,0.6984637504583342,153.79232141105095,31.271704309903896,8.26647270735897,75.65912431323999
E,128,sam,3+6,True,0,25.28785250875864,2.528218606757229,200.044825563511,0.8485290181639311,0.7369087293983874,103.350511005026,27.875833080156443,5.344021772179005,104.32529756999915
E,128,microsam,3+6,True,0,25.28785250875864,2.528218606757229,200.044825563511,0.7578430634135103,0.6101025088634142,173.9239647998325,18.112883562987204,3.274013048062292,110.64637371379581
E,128,dino_clicks,3+6,True,0,25.28785250875864,2.528218606757229,200.044825563511,0.43683020028109626,0.279451535181686,161.05789786862343,9.735933299747336,2.6989429663100863,72.14626927117331
E,128,rf_clicks,3+6,True,1,25.28785250875864,2.528218606757229,200.044825563511,0.8270541263691853,0.7051085177605569,91.01088082908468,29.904452964861612,7.971691682631739,75.02661707305039
E,128,sam,3+6,True,1,25.28785250875864,2.528218606757229,200.044825563511,0.8778085399003882,0.7822270718603305,56.40880361255679,28.26021328390295,5.169693406436218,109.33032604494207
E,128,microsam,3+6,True,1,25.28785250875864,2.528218606757229,200.044825563511,0.8138626716200283,0.6861453999863603,126.5832236119779,22.25290256086821,3.326487898148791,133.7921750639891
E,128,dino_clicks,3+6,True,1,25.28785250875864,2.528218606757229,200.044825563511,0.5897930736195309,0.4182315818951004,65.3666217195476,15.613066234919952,4.490551878517869,69.53740501077623
E,128,rf_clicks,3+6,True,2,25.28785250875864,2.528218606757229,200.044825563511,0.7632390908514435,0.6171274376523532,161.09027085556167,27.777863238331108,6.095973556814375,91.13511723580122
E,128,sam,3+6,True,2,25.28785250875864,2.528218606757229,200.044825563511,0.7698310960252047,0.625793005771651,347.9860680019357,17.312395925069897,3.122804686074278,110.87722522175125
E,128,microsam,3+6,True,2,25.28785250875864,2.528218606757229,200.044825563511,0.6820020751825304,0.5174530720729179,417.8745232380275,15.111872137338528,1.9583034353358593,154.3363695805064
E,128,dino_clicks,3+6,True,2,25.28785250875864,2.528218606757229,200.044825563511,0.6584359245518098,0.49079722437546575,149.59181868158387,12.986820700767991,3.4425600203908204,75.44862325621064
E,168,rf_clicks,3+6,False,0,19.49186436897423,2.7783147540793354,140.31429909339664,0.7103100448088091,0.5507603140969712,125.125,18.786173849839827,11.297321731530545,33.257747803017914
E,168,sam,3+6,False,0,19.49186436897423,2.7783147540793354,140.31429909339664,0.7807580964364927,0.64036356866882,116.50241413807699,28.796788050563592,4.661622199729499,123.54835641650492
E,168,microsam,3+6,False,0,19.49186436897423,2.7783147540793354,140.31429909339664,0.6514574312069908,0.4830825858097064,140.18859362738414,24.825115660176365,4.224843322063628,117.5196984490801
E,168,dino_clicks,3+6,False,0,19.49186436897423,2.7783147540793354,140.31429909339664,0.8050040169861127,0.6736457933154053,146.66468985410225,26.581362078845054,3.8102876460228927,139.5241753288111
E,168,rf_clicks,3+6,False,1,19.49186436897423,2.7783147540793354,140.31429909339664,0.5882276576284189,0.4166590037033012,131.57884662865857,13.093924139230625,5.666706499734657,46.21352505143418
E,168,sam,3+6,False,1,19.49186436897423,2.7783147540793354,140.31429909339664,0.7884509113495097,0.6507791708446107,105.41541283835986,22.61132412154029,7.254789567690647,62.33488624464113
E,168,microsam,3+6,False,1,19.49186436897423,2.7783147540793354,140.31429909339664,0.6664317393724939,0.49973575335311793,164.9897884172904,26.616550461679275,5.261655663631869,101.17176859615
E,168,dino_clicks,3+6,False,1,19.49186436897423,2.7783147540793354,140.31429909339664,0.8344836428128806,0.7159776331469428,43.754464057967844,16.503351549250276,3.1607862245197795,104.42561044606958
E,168,rf_clicks,3+6,False,2,19.49186436897423,2.7783147540793354,140.31429909339664,0.6579374439303678,0.4902434994216701,217.71998140934664,28.198489399259312,10.711443450659404,52.651147399790254
E,168,sam,3+6,False,2,19.49186436897423,2.7783147540793354,140.31429909339664,0.7491574199618141,0.5989222240411289,117.84770347026763,15.253298670532901,3.5376816930534005,86.2333018851544
E,168,microsam,3+6,False,2,19.49186436897423,2.7783147540793354,140.31429909339664,0.5072219314061924,0.33978388487713646,791.5818381508587,15.220898438251119,1.9208787137761403,158.47849558735822
E,168,dino_clicks,3+6,False,2,19.49186436897423,2.7783147540793354,140.31429909339664,0.8720671142946868,0.7731551454405643,53.844908674621365,19.08325609835826,2.788795133149619,136.85663655620303
E,168,rf_clicks,3+6,True,0,19.49186436897423,2.7783147540793354,140.31429909339664,0.6182830021705726,0.44747441273563865,152.89513581726126,24.18191817066558,4.3397567750568395,111.44365651851012
E,168,sam,3+6,True,0,19.49186436897423,2.7783147540793354,140.31429909339664,0.716009882666401,0.5576443876011324,194.69947788200906,32.61376615685174,7.486789634937882,87.12350085183697
E,168,microsam,3+6,True,0,19.49186436897423,2.7783147540793354,140.31429909339664,0.43847858575470816,0.28080215983885937,471.8967540175362,12.481396305796661,1.4841790858083164,168.19259111172582
E,168,dino_clicks,3+6,True,0,19.49186436897423,2.7783147540793354,140.31429909339664,0.7558216014106459,0.607486516618191,89.73398521478678,18.075387745213035,3.8331938063431994,94.30980356538059
E,168,rf_clicks,3+6,True,1,19.49186436897423,2.7783147540793354,140.31429909339664,0.6111140235910878,0.44000301966557204,133.7247639743664,13.518876740671233,8.333777866122865,32.4435735097428
E,168,sam,3+6,True,1,19.49186436897423,2.7783147540793354,140.31429909339664,0.7014750084599001,0.540209093417543,69.76908820003283,19.147671990431835,5.359011818008551,71.4597117553932
E,168,microsam,3+6,True,1,19.49186436897423,2.7783147540793354,140.31429909339664,0.5187475821065706,0.35020876647365073,443.9281809586462,18.283153032930944,3.3969380440376633,107.64490135474621
E,168,dino_clicks,3+6,True,1,19.49186436897423,2.7783147540793354,140.31429909339664,0.5648429120778508,0.39357566975169406,469.0796885878982,9.910240780835984,2.0608228457877265,96.17751279390446
E,168,rf_clicks,3+6,True,2,19.49186436897423,2.7783147540793354,140.31429909339664,0.4480243686533756,0.28868002796192876,119.60044157527179,12.765403089655385,12.12220743918021,21.061185685366677
E,168,sam,3+6,True,2,19.49186436897423,2.7783147540793354,140.31429909339664,0.6214886921817437,0.4508404745445013,480.42870863448223,10.572474608601349,2.924103350409873,72.31259187278316
E,168,microsam,3+6,True,2,19.49186436897423,2.7783147540793354,140.31429909339664,0.45339566475449566,0.2931555630758818,666.5587342251889,12.837895004018783,2.1568425583360007,119.04341329320943
E,168,dino_clicks,3+6,True,2,19.49186436897423,2.7783147540793354,140.31429909339664,0.6881234315691245,0.5245336704139651,447.6594216450163,11.004349514861804,2.2997179402207815,95.70173213333584
E,208,rf_clicks,3+6,False,0,16.440570090259165,2.827097383655479,116.3070659348937,0.5905699797201669,0.4190133395930598,331.55435878666856,30.63581369770295,4.638012057079126,132.1075207251463
E,208,sam,3+6,False,0,16.440570090259165,2.827097383655479,116.3070659348937,0.8216498934113331,0.6972884279613775,107.12682320502181,22.345488387833665,5.077211022087693,88.0226891914587
E,208,microsam,3+6,False,0,16.440570090259165,2.827097383655479,116.3070659348937,0.7344465646417505,0.580336273540157,127.73264214997954,21.19686650335155,3.2783389658270448,129.3146726089326
E,208,dino_clicks,3+6,False,0,16.440570090259165,2.827097383655479,116.3070659348937,0.8351783270845465,0.7170010195587823,81.26624837532492,17.07501855562264,3.4214606549156827,99.81128107430148
E,208,rf_clicks,3+6,False,1,16.440570090259165,2.827097383655479,116.3070659348937,0.6047396739990505,0.4334242597812094,344.41180252645404,32.16170119486673,5.447128606651959,118.08680689342012
E,208,sam,3+6,False,1,16.440570090259165,2.827097383655479,116.3070659348937,0.7496500651435822,0.599552208742001,195.24086318856234,23.26019405527845,6.82245914251343,68.18712598902944
E,208,microsam,3+6,False,1,16.440570090259165,2.827097383655479,116.3070659348937,0.73052188130625,0.5754505497565662,501.3065652897238,16.194732126032097,2.1773725352174913,148.75481217929894
E,208,dino_clicks,3+6,False,1,16.440570090259165,2.827097383655479,116.3070659348937,0.7748672718781981,0.6324761832671908,239.0313672665516,12.588211314891801,2.534079868747562,99.35133829158563
E,208,rf_clicks,3+6,False,2,16.440570090259165,2.827097383655479,116.3070659348937,0.6380933742144519,0.4685294587258502,339.5130193854708,32.19410142714851,10.402609372867975,61.89620367965941
E,208,sam,3+6,False,2,16.440570090259165,2.827097383655479,116.3070659348937,0.6591064344289898,0.4915426931356135,271.7749939698007,13.537528506435821,4.772033093951741,56.736943101227894
E,208,microsam,3+6,False,2,16.440570090259165,2.827097383655479,116.3070659348937,0.5293564329717269,0.3599488311375111,1118.5348224580216,8.498763599444677,1.5904526561018586,106.8722613884633
E,208,dino_clicks,3+6,False,2,16.440570090259165,2.827097383655479,116.3070659348937,0.7878644200741645,0.6499804420577853,218.6944436790426,16.40893900295736,2.8315056455084213,115.90256956744295
E,208,rf_clicks,3+6,True,0,16.440570090259165,2.827097383655479,116.3070659348937,0.32758454695412736,0.1958751017024608,267.64712788637985,13.517819166323756,5.115790805810743,52.84742742400497
E,208,sam,3+6,True,0,16.440570090259165,2.827097383655479,116.3070659348937,0.8075846773089456,0.6772679467808084,149.29479583037514,18.67185967718985,4.712987023129922,79.23577801319622
E,208,microsam,3+6,True,0,16.440570090259165,2.827097383655479,116.3070659348937,0.6600204515162932,0.4925600933709463,450.6105859910126,13.928061870022189,3.2991416310841806,84.43445858033733
E,208,dino_clicks,3+6,True,0,16.440570090259165,2.827097383655479,116.3070659348937,0.7925173636611621,0.6563385176818143,129.03154895218455,20.214572220790757,2.9492722302501546,137.08176555187768
E,208,rf_clicks,3+6,True,1,16.440570090259165,2.827097383655479,116.3070659348937,0.5782810578826578,0.4067478041907731,329.84497354869563,28.677186006176235,5.026042006694299,114.11439048054292
E,208,sam,3+6,True,1,16.440570090259165,2.827097383655479,116.3070659348937,0.7845591315545856,0.6454934599640872,131.625,20.739321383384162,5.360706899386282,77.37532296629944
E,208,microsam,3+6,True,1,16.440570090259165,2.827097383655479,116.3070659348937,0.7200917751628949,0.5626120382612132,229.28914123811504,15.490099181245169,2.4559351786687174,126.14420214170187
E,208,dino_clicks,3+6,True,1,16.440570090259165,2.827097383655479,116.3070659348937,0.7612450174083645,0.6145242829342584,146.65838808428396,12.913175068934619,2.871548631747297,89.93875239422383
E,208,rf_clicks,3+6,True,2,16.440570090259165,2.827097383655479,116.3070659348937,0.5473956457298746,0.3768373983739837,326.81250769153263,16.123297786016174,10.622994509821147,30.355466664526464
E,208,sam,3+6,True,2,16.440570090259165,2.827097383655479,116.3070659348937,0.7148019629180954,0.5561804035595035,576.9442095275218,11.654180879824942,3.797249703848715,61.38222023172617
E,208,microsam,3+6,True,2,16.440570090259165,2.827097383655479,116.3070659348937,0.44328086108868114,0.28475326730979017,1429.036392671257,6.658199662345353,0.9076368369179086,146.71506028677317
E,208,dino_clicks,3+6,True,2,16.440570090259165,2.827097383655479,116.3070659348937,0.48395227396123475,0.3192196826321153,755.5400532459147,5.339981309776986,1.5874007281388487,67.27956230734327
E,257,rf_clicks,3+6,False,0,14.40175903456922,3.0705496558371643,93.80573935478454,0.48898479555848057,0.32361341839654906,340.09564833509336,31.177003334243487,7.506212573340754,83.06986520731503
E,257,sam,3+6,False,0,14.40175903456922,3.0705496558371643,93.80573935478454,0.7819523126733091,0.6419718380562737,772.237282247371,17.045598760138294,3.0895779900185216,110.34256986039769
E,257,microsam,3+6,False,0,14.40175903456922,3.0705496558371643,93.80573935478454,0.6546015670646751,0.48654848336377,752.4989686086573,11.268070099873476,2.135386409945625,105.53659091761666
E,257,dino_clicks,3+6,False,0,14.40175903456922,3.0705496558371643,93.80573935478454,0.7219397239901144,0.5648714208096789,198.50291244714774,20.765856885193575,3.980631210818155,104.334492623975
E,257,rf_clicks,3+6,False,1,14.40175903456922,3.0705496558371643,93.80573935478454,0.5135482613013886,0.3454859972453597,351.6595361121464,32.93440347038215,6.882501157224456,95.70475243817842
E,257,sam,3+6,False,1,14.40175903456922,3.0705496558371643,93.80573935478454,0.6749661626652963,0.5093954159110275,747.1287162154849,12.16470086028866,4.0488625410909345,60.08947321294329
E,257,microsam,3+6,False,1,14.40175903456922,3.0705496558371643,93.80573935478454,0.5126964192728275,0.3447153801795865,786.0632438082047,7.569732606747709,1.0275850348474853,147.33053421454727
E,257,dino_clicks,3+6,False,1,14.40175903456922,3.0705496558371643,93.80573935478454,0.7574898864546894,0.6096448457013433,182.99908731293726,15.115525575993447,2.696693543558687,112.10414036180225
E,257,rf_clicks,3+6,False,2,14.40175903456922,3.0705496558371643,93.80573935478454,0.2908985063816393,0.1702055187874035,293.85553955132445,14.004399509285502,5.152304915776902,54.36168758724877
E,257,sam,3+6,False,2,14.40175903456922,3.0705496558371643,93.80573935478454,0.6972491398013643,0.5352129567544878,774.4643272263178,12.674163266404902,3.673801486330325,68.99754008790947
E,257,microsam,3+6,False,2,14.40175903456922,3.0705496558371643,93.80573935478454,0.6433560453826391,0.4742261543221903,818.0481853536544,10.333847378561622,1.5859717398438151,130.3156559344404
E,257,dino_clicks,3+6,False,2,14.40175903456922,3.0705496558371643,93.80573935478454,0.6737522142336146,0.5080138277812697,253.66868763857235,11.433436270569821,2.6892813774274495,85.0296764521307
E,257,rf_clicks,3+6,True,0,14.40175903456922,3.0705496558371643,93.80573935478454,0.37599424947600363,0.2315227328195646,341.22871903162263,14.221202250518212,14.132573703831639,20.125424495981992
E,257,sam,3+6,True,0,14.40175903456922,3.0705496558371643,93.80573935478454,0.6418987090589462,0.4726442080134999,543.7777862673054,19.998346338293036,8.85004024502542,45.19379750738206
E,257,microsam,3+6,True,0,14.40175903456922,3.0705496558371643,93.80573935478454,0.6874334068865012,0.5237322132783082,724.3447283278509,13.570697883697587,3.0593443769845976,88.71637979555192
E,257,dino_clicks,3+6,True,0,14.40175903456922,3.0705496558371643,93.80573935478454,0.7340683729623092,0.5798641548122517,122.18873986386798,15.228782174295944,3.3526748770865535,90.84556500467846
E,257,rf_clicks,3+6,True,1,14.40175903456922,3.0705496558371643,93.80573935478454,0.6265239338187377,0.45615933851740903,349.5563482830772,12.892023581985086,10.132223473270637,25.447570547560375
E,257,sam,3+6,True,1,14.40175903456922,3.0705496558371643,93.80573935478454,0.6704470203282119,0.5042649902478633,407.9054254691643,20.152271477412135,5.733084868111638,70.30166809321936
E,257,microsam,3+6,True,1,14.40175903456922,3.0705496558371643,93.80573935478454,0.549527927011476,0.3788614322502877,582.0983855083252,9.793234600756069,2.0317695445155484,96.40103748174995
E,257,dino_clicks,3+6,True,1,14.40175903456922,3.0705496558371643,93.80573935478454,0.6546449456321776,0.4865964144608599,147.7477126185169,10.16107818743294,3.080710454420463,65.96581105408961
E,257,rf_clicks,3+6,True,2,14.40175903456922,3.0705496558371643,93.80573935478454,0.42943192826448745,0.27342458820645427,284.32624402914985,16.563248714566452,8.376854232201964,39.54527142395454
E,257,sam,3+6,True,2,14.40175903456922,3.0705496558371643,93.80573935478454,0.6694263155819813,0.5031110440717775,774.3444647879899,12.424191147910426,3.169654378995866,78.39461128784873
E,257,microsam,3+6,True,2,14.40175903456922,3.0705496558371643,93.80573935478454,0.6299211379060701,0.4597699850235949,753.4101813286555,10.431913363509455,1.9357888910296106,107.7794527270059
E,257,dino_clicks,3+6,True,2,14.40175903456922,3.0705496558371643,93.80573935478454,0.76328211972159,0.6171837020337734,135.72688605259714,14.702590864865073,2.7522731901344555,106.8396183748519
E,297,rf_clicks,3+6,False,0,15.269835287602536,3.19162704745363,95.68683972511914,0.45112447116455134,0.2912593444508338,394.15680521856075,26.1809259736414,13.660235231697047,38.331588775120785
E,297,sam,3+6,False,0,15.269835287602536,3.19162704745363,95.68683972511914,0.6872848091252232,0.523559728647023,896.4119201122145,10.252510296928419,3.546684335083225,57.814619674563374
E,297,microsam,3+6,False,0,15.269835287602536,3.19162704745363,95.68683972511914,0.5574438742661653,0.3864278583840827,918.443525210267,9.966869079987232,1.638054973916257,121.69150899934047
E,297,dino_clicks,3+6,False,0,15.269835287602536,3.19162704745363,95.68683972511914,0.7482203621013941,0.5977253020007983,64.01860675656711,18.211526406670025,3.7198060078924797,97.91653848630713
E,297,rf_clicks,3+6,False,1,15.269835287602536,3.19162704745363,95.68683972511914,0.27465021652347144,0.15918523835210935,342.6546670157228,9.729107138049987,9.163131299444673,21.23533281388124
E,297,sam,3+6,False,1,15.269835287602536,3.19162704745363,95.68683972511914,0.7748579465541491,0.6324637574677755,71.4279421272074,18.90904476039211,5.896739416106543,64.13389985910972
E,297,microsam,3+6,False,1,15.269835287602536,3.19162704745363,95.68683972511914,0.6304580752810517,0.46034229686720374,641.2911540707493,13.71318199123944,2.66930821743174,102.74708556836121
E,297,dino_clicks,3+6,False,1,15.269835287602536,3.19162704745363,95.68683972511914,0.4049025470491859,0.25384188677635067,491.5510543814545,4.505747435862923,1.7234585820844532,52.28727261218432
E,297,rf_clicks,3+6,False,2,15.269835287602536,3.19162704745363,95.68683972511914,0.2994502443358507,0.1760902574819991,383.5860602589724,12.43169031146526,16.520399468073453,15.050108607228488
E,297,sam,3+6,False,2,15.269835287602536,3.19162704745363,95.68683972511914,0.6953908704022698,0.5330262180647855,157.625,15.092931942206446,5.798261794909292,52.06019485169713
E,297,microsam,3+6,False,2,15.269835287602536,3.19162704745363,95.68683972511914,0.6211433134130975,0.45047706513330227,156.40824232834615,15.554803502686239,2.6419103195969273,117.75421283080807
E,297,dino_clicks,3+6,False,2,15.269835287602536,3.19162704745363,95.68683972511914,0.7242133282631429,0.5676602086438152,109.02752701301199,25.183344934603447,4.136943365062147,121.74856028866681
E,297,rf_clicks,3+6,True,0,15.269835287602536,3.19162704745363,95.68683972511914,0.385979025723535,0.23914127007956762,397.64018031344546,24.40804679478058,16.764459569033093,29.11879943910216
E,297,sam,3+6,True,0,15.269835287602536,3.19162704745363,95.68683972511914,0.637670804679825,0.46807394781696604,1069.0439527937706,10.56651373500648,3.3274597240129586,63.51099404000076
E,297,microsam,3+6,True,0,15.269835287602536,3.19162704745363,95.68683972511914,0.5591378682311728,0.38805785501820744,921.0519471737081,9.540666617954152,1.9670201984041449,97.00629028308454
E,297,dino_clicks,3+6,True,0,15.269835287602536,3.19162704745363,95.68683972511914,0.6814532560284245,0.5168214620710595,84.59365913294161,11.626972376158044,3.2936617827294694,70.60210272423738
E,297,rf_clicks,3+6,True,1,15.269835287602536,3.19162704745363,95.68683972511914,0.31250303888340697,0.18518731949397296,367.5935339516194,18.34516534694207,14.385152496705789,25.50569464055821
E,297,sam,3+6,True,1,15.269835287602536,3.19162704745363,95.68683972511914,0.738208395145282,0.5850477941880735,69.47706456090384,16.551326967376717,5.354978993376313,61.816589711554066
E,297,microsam,3+6,True,1,15.269835287602536,3.19162704745363,95.68683972511914,0.599613749489873,0.42817740410650856,266.5891619139833,14.649616004368744,4.550327693963514,64.3892791448976
E,297,dino_clicks,3+6,True,1,15.269835287602536,3.19162704745363,95.68683972511914,0.6931125032382657,0.530353611122374,65.29890423747165,17.388829707455706,4.396855480882151,79.09666252649698
E,297,rf_clicks,3+6,True,2,15.269835287602536,3.19162704745363,95.68683972511914,0.3632528104374352,0.22193580826280063,391.796733581966,19.777601729037915,19.67862019025765,20.100598047854255
E,297,sam,3+6,True,2,15.269835287602536,3.19162704745363,95.68683972511914,0.5426406467631563,0.3723451224009599,246.38852007269998,10.131946821316085,3.217763014499219,62.97509652302919
E,297,microsam,3+6,True,2,15.269835287602536,3.19162704745363,95.68683972511914,0.40414364926476415,0.25324563146211054,357.49407913145893,12.628879855708401,2.3013181058024577,109.75344802499414
E,297,dino_clicks,3+6,True,2,15.269835287602536,3.19162704745363,95.68683972511914,0.539543264194427,0.3694346097125708,94.25560303191025,7.674720896515389,2.7498074484364747,55.8200604255341
E,337,rf_clicks,3+6,False,0,10.606413130843098,2.8843804573533283,73.54378721991073,0.3986788389844854,0.24896869453199136,383.9933796131044,38.237946536732444,13.66056192017233,55.982977508805234
E,337,sam,3+6,False,0,10.606413130843098,2.8843804573533283,73.54378721991073,0.573534891598916,0.40206724175804603,881.3044659778109,12.098746678255118,3.3440216976183073,72.36045559675726
E,337,microsam,3+6,False,0,10.606413130843098,2.8843804573533283,73.54378721991073,0.5992218957449124,0.42777788567988034,1271.7816737999747,10.596606532348314,1.8812687719430903,112.65382905817852
E,337,dino_clicks,3+6,False,0,10.606413130843098,2.8843804573533283,73.54378721991073,0.6559607212333107,0.488051749376871,305.6317858109277,11.09010918012991,2.906024068006383,76.32496442287241
E,337,rf_clicks,3+6,False,1,10.606413130843098,2.8843804573533283,73.54378721991073,0.5051949110025771,0.3379670799364318,319.9835017258335,11.815028323763888,8.169829499934734,28.92356155990348
E,337,sam,3+6,False,1,10.606413130843098,2.8843804573533283,73.54378721991073,0.5479915610051594,0.37740246288410634,885.7897959980927,7.804225682520027,2.0567233431653063,75.88989261442707
E,337,microsam,3+6,False,1,10.606413130843098,2.8843804573533283,73.54378721991073,0.5053123910819288,0.3380722420303591,901.8841496479376,6.496102357813936,1.4550584876679278,89.28991395013217
E,337,dino_clicks,3+6,False,1,10.606413130843098,2.8843804573533283,73.54378721991073,0.7097996423266951,0.5501468342534946,137.00205290432694,8.424733395121313,2.6687856147667506,63.13533277837026
E,337,rf_clicks,3+6,False,2,10.606413130843098,2.8843804573533283,73.54378721991073,0.579130737740615,0.40758903941641633,329.27107564819937,11.469970657119013,12.466443849800317,18.401351332124655
E,337,sam,3+6,False,2,10.606413130843098,2.8843804573533283,73.54378721991073,0.6366764413235675,0.4670031829727036,242.98041770298644,11.327774978944657,5.5705455981570156,40.67025313532085
E,337,microsam,3+6,False,2,10.606413130843098,2.8843804573533283,73.54378721991073,0.5264402135604371,0.3572574512449405,258.8855019598432,15.9909087063366,5.267570925721835,60.71454540176051
E,337,dino_clicks,3+6,False,2,10.606413130843098,2.8843804573533283,73.54378721991073,0.7650951199338296,0.6195579370395178,91.13048680326469,12.408519818943272,3.5004701960501206,70.89630320489437
E,337,rf_clicks,3+6,True,0,10.606413130843098,2.8843804573533283,73.54378721991073,0.2556545810546216,0.14656190125989432,343.52515373695707,40.65671521253399,15.050761098712819,54.02612525158088
E,337,sam,3+6,True,0,10.606413130843098,2.8843804573533283,73.54378721991073,0.34824727160541435,0.21083499098796216,343.17002894455834,26.789896511542942,10.388552606535608,51.57580180070317
E,337,microsam,3+6,True,0,10.606413130843098,2.8843804573533283,73.54378721991073,0.5669064885223577,0.39558234266082787,1273.2332314663004,9.585277026793165,1.6487599114947886,116.27256291187986
E,337,dino_clicks,3+6,True,0,10.606413130843098,2.8843804573533283,73.54378721991073,0.5979026211169574,0.4264344475083938,490.7742122709922,13.166031481104032,2.859707180128219,92.07957774553486
E,337,rf_clicks,3+6,True,1,10.606413130843098,2.8843804573533283,73.54378721991073,0.40749723624532896,0.25588479060756275,353.8763483062467,12.266131854523918,12.663501734857196,19.3724170633791
E,337,sam,3+6,True,1,10.606413130843098,2.8843804573533283,73.54378721991073,0.3300522679167394,0.19764227441118717,304.35690397952203,40.58489630002807,17.7754032743945,45.66410750128037
E,337,microsam,3+6,True,1,10.606413130843098,2.8843804573533283,73.54378721991073,0.5191973977778946,0.35061891233766235,295.84150302006344,14.990154944256217,3.8452808401054237,77.96650266951758
E,337,dino_clicks,3+6,True,1,10.606413130843098,2.8843804573533283,73.54378721991073,0.720428841194745,0.5630236632305895,228.64274955716215,13.06835006864619,3.426160153267054,76.28569292760419
E,337,rf_clicks,3+6,True,2,10.606413130843098,2.8843804573533283,73.54378721991073,0.3783613775750904,0.23332040341349883,349.375,11.403055043860492,13.621041943111107,16.743293342001095
E,337,sam,3+6,True,2,10.606413130843098,2.8843804573533283,73.54378721991073,0.5058417627224967,0.33854631330359486,443.5941787542585,9.011398728603348,4.766228307573154,37.813542059178985
E,337,microsam,3+6,True,2,10.606413130843098,2.8843804573533283,73.54378721991073,0.3407915121355805,0.20539402650610591,474.9144126944253,9.873033392429306,3.708749644935601,53.241843411626355
E,337,dino_clicks,3+6,True,2,10.606413130843098,2.8843804573533283,73.54378721991073,0.4974628663893555,0.331081911562436,145.50324935326884,11.258648073868684,3.1194289516607667,72.18403270813167
E,377,rf_clicks,3+6,False,0,9.931584554030511,2.598297541388915,76.44686103748997,0.41446701460594,0.26140548220946064,353.99497304674986,10.553053697856777,11.777306724170392,17.92099661665243
E,377,sam,3+6,False,0,9.931584554030511,2.598297541388915,76.44686103748997,0.5944290806107073,0.42290934766136257,917.8950960840552,5.956162581865869,1.6352630564383441,72.84653754532415
E,377,microsam,3+6,False,0,9.931584554030511,2.598297541388915,76.44686103748997,0.5400091254752851,0.3698715758419241,1026.3261238514783,5.87194120655773,0.7581205681001675,154.90784589244632
E,377,dino_clicks,3+6,False,0,9.931584554030511,2.598297541388915,76.44686103748997,0.8162213105665816,0.6895049875895659,82.85906709588275,10.87917116936957,2.7114481034408393,80.24620611815402
E,377,rf_clicks,3+6,False,1,9.931584554030511,2.598297541388915,76.44686103748997,0.4224603914259087,0.26779701069297573,375.2055812491355,6.574266716404709,8.067290816299371,16.298573749496878
E,377,sam,3+6,False,1,9.931584554030511,2.598297541388915,76.44686103748997,0.5043679084245406,0.3372272574689493,541.1548882067999,14.963138726834314,3.978231528232329,75.22507737744954
E,377,microsam,3+6,False,1,9.931584554030511,2.598297541388915,76.44686103748997,0.439444209680726,0.28159468082254213,522.0840972631515,13.047679297309147,4.093366038830983,63.75036668372521
E,377,dino_clicks,3+6,False,1,9.931584554030511,2.598297541388915,76.44686103748997,0.7644310085807242,0.6186874337973116,100.2375901719239,10.931280741763418,2.5219158484340394,86.69028943650993
E,377,rf_clicks,3+6,False,2,9.931584554030511,2.598297541388915,76.44686103748997,0.41685462451877126,0.26330786229411174,450.6977853645307,15.516250110564592,18.67498889038988,16.6171452113144
E,377,sam,3+6,False,2,9.931584554030511,2.598297541388915,76.44686103748997,0.41469537146003604,0.2615871826741355,386.75,25.687904041472297,17.40749838887818,29.51360783452325
E,377,microsam,3+6,False,2,9.931584554030511,2.598297541388915,76.44686103748997,0.3455541827412021,0.20886400699041358,443.9336514548431,12.946056016828893,4.333261196934079,59.75202245361365
E,377,dino_clicks,3+6,False,2,9.931584554030511,2.598297541388915,76.44686103748997,0.5515657034972049,0.38080132790900156,194.31629912698048,16.141276549923276,3.433810174675117,94.01379650493027
E,377,rf_clicks,3+6,True,0,9.931584554030511,2.598297541388915,76.44686103748997,0.32523711062822985,0.19419889985156727,389.5257533206245,22.94253717854547,17.23418771572021,26.624448517081397
E,377,sam,3+6,True,0,9.931584554030511,2.598297541388915,76.44686103748997,0.5572314693493202,0.3862237479618524,433.11295187858354,18.758580773682937,9.37612642547488,40.013497946691466
E,377,microsam,3+6,True,0,9.931584554030511,2.598297541388915,76.44686103748997,0.4432573315825077,0.28473384880823055,392.47533665068653,19.06248918389872,4.718812214265378,80.79359092218658
E,377,dino_clicks,3+6,True,0,9.931584554030511,2.598297541388915,76.44686103748997,0.7029120626151013,0.5419155034563541,156.32549597900493,6.774244411200289,2.4441153695625655,55.433098580880056
E,377,rf_clicks,3+6,True,1,9.931584554030511,2.598297541388915,76.44686103748997,0.291866356878917,0.17086857228900545,365.1125831025975,12.496490776028828,17.75872299202877,14.073636692951446
E,377,sam,3+6,True,1,9.931584554030511,2.598297541388915,76.44686103748997,0.6293395128213497,0.4591505472786875,1384.7474928513006,7.742790227243884,2.801130224567102,55.28332927427883
E,377,microsam,3+6,True,1,9.931584554030511,2.598297541388915,76.44686103748997,0.5570722324396375,0.3860707687270516,1385.7397945277328,7.162758769214203,1.0024588211550272,142.9038004964895
E,377,dino_clicks,3+6,True,1,9.931584554030511,2.598297541388915,76.44686103748997,0.5825504943468017,0.41098500653703857,681.0863323591669,9.575278142053387,2.1745355822623225,88.06733925311582
E,377,rf_clicks,3+6,True,2,9.931584554030511,2.598297541388915,76.44686103748997,0.4485086518239669,0.2890822770950308,386.3284993010441,18.366316833891606,21.535131590436038,17.057074164383803
E,377,sam,3+6,True,2,9.931584554030511,2.598297541388915,76.44686103748997,0.5872834440365137,0.41571215510812826,628.4604232050677,8.320898822823608,3.804900856830152,43.737795731979816
E,377,microsam,3+6,True,2,9.931584554030511,2.598297541388915,76.44686103748997,0.5345289665750839,0.36474891306848245,896.7891191837509,7.18006453126382,1.3453755876181106,106.73695282334654
E,377,dino_clicks,3+6,True,2,9.931584554030511,2.598297541388915,76.44686103748997,0.6519284749581443,0.4836008051856913,630.1250495933327,5.5158270808256,1.4302019741436551,77.13354030472857
E,417,rf_clicks,3+6,False,0,12.69771833141688,3.044259928054344,83.42072379826176,0.5236105652884356,0.3546561313551605,435.33792284634893,15.191670929011764,12.039338001151576,25.236721367169295
E,417,sam,3+6,False,0,12.69771833141688,3.044259928054344,83.42072379826176,0.4469591423639075,0.2877961260106388,431.43596737282945,36.36728980229128,19.09758372834062,38.08574982009121
E,417,microsam,3+6,False,0,12.69771833141688,3.044259928054344,83.42072379826176,0.4832294784665876,0.31859102718983234,418.5554920964133,17.944440812370928,5.958469810719673,60.23170841643846
E,417,dino_clicks,3+6,False,0,12.69771833141688,3.044259928054344,83.42072379826176,0.5821013544783054,0.4105380566635141,511.1238432689015,13.686165773817535,3.2428291454944427,84.40879959915847
E,417,rf_clicks,3+6,False,1,12.69771833141688,3.044259928054344,83.42072379826176,0.5073514824203681,0.33990016835514075,430.43486361881304,22.194543685512002,14.63062705143583,30.339839307617176
E,417,sam,3+6,False,1,12.69771833141688,3.044259928054344,83.42072379826176,0.39828901274544715,0.24866471911274268,756.9517921406884,10.520653465574993,2.245432688203626,93.70713734457698
E,417,microsam,3+6,False,1,12.69771833141688,3.044259928054344,83.42072379826176,0.3856209433708664,0.23886641850771603,1453.4177504944048,9.476827584615561,1.1438950123663398,165.6940100649822
E,417,dino_clicks,3+6,False,1,12.69771833141688,3.044259928054344,83.42072379826176,0.5743663261372398,0.402884932270849,247.4217371521427,19.22487491779763,3.316056780519279,115.95021551342137
E,417,rf_clicks,3+6,False,2,12.69771833141688,3.044259928054344,83.42072379826176,0.4836192975755123,0.3189300000997576,391.9835494109655,12.725119121328774,13.814232310590151,18.423201282887867
E,417,sam,3+6,False,2,12.69771833141688,3.044259928054344,83.42072379826176,0.38044715175045185,0.23490876025542995,917.1203293818611,21.773052236481316,6.223453361208946,69.97096619119439
E,417,microsam,3+6,False,2,12.69771833141688,3.044259928054344,83.42072379826176,0.3865565420227073,0.23958480857291223,866.346998174671,7.498586696099281,2.3049226246877326,65.06584312881374
E,417,dino_clicks,3+6,False,2,12.69771833141688,3.044259928054344,83.42072379826176,0.542950554569264,0.37263701398188026,992.3903036637855,9.1809951966896,2.0241759987192323,90.71340834491409
E,417,rf_clicks,3+6,True,0,12.69771833141688,3.044259928054344,83.42072379826176,0.48411188823038503,0.31935858885075846,251.8710682074457,9.997538736064055,6.65326703279601,30.05302113016987
E,417,sam,3+6,True,0,12.69771833141688,3.044259928054344,83.42072379826176,0.42638038056755867,0.27095517576308664,1353.522084036395,10.953585946182926,2.0338273852234345,107.7140176768696
E,417,microsam,3+6,True,0,12.69771833141688,3.044259928054344,83.42072379826176,0.33233494317774687,0.19928158944039598,1479.069160569937,7.428594502920828,1.4545719558578154,102.14131343595041
E,417,dino_clicks,3+6,True,0,12.69771833141688,3.044259928054344,83.42072379826176,0.3890425091115114,0.2414976877490066,987.8507255831081,10.041476143045584,1.6597045609842302,121.00317585547675
E,417,rf_clicks,3+6,True,1,12.69771833141688,3.044259928054344,83.42072379826176,0.18606703590884657,0.10257657785169197,444.64896460210696,23.252021889866132,23.45642902645874,19.82571333738649
E,417,sam,3+6,True,1,12.69771833141688,3.044259928054344,83.42072379826176,0.2514514450404291,0.14380581215615315,509.6327434913884,47.3484688246311,9.340719353987337,101.38077599862612
E,417,microsam,3+6,True,1,12.69771833141688,3.044259928054344,83.42072379826176,0.43401593239251124,0.27715220184557876,857.627523246033,8.32628283768349,2.5319426721589458,65.7699159561445
E,417,dino_clicks,3+6,True,1,12.69771833141688,3.044259928054344,83.42072379826176,0.5618899201972806,0.3907141241054098,980.1468676170905,9.759007649146826,2.0492571769344354,95.24434276956599
E,417,rf_clicks,3+6,True,2,12.69771833141688,3.044259928054344,83.42072379826176,0.33505287203303935,0.201239346526377,412.27870447577817,31.78972345392245,16.98041665825448,37.442807315883975
E,417,sam,3+6,True,2,12.69771833141688,3.044259928054344,83.42072379826176,0.38899263067890977,0.24145924971332616,709.3913224964,20.922858604232605,7.007655171194358,59.714292707318215
E,417,microsam,3+6,True,2,12.69771833141688,3.044259928054344,83.42072379826176,0.3224240774761289,0.19219641456885597,937.8139539747532,8.497513738852206,2.343565479315477,72.51782648150468
E,417,dino_clicks,3+6,True,2,12.69771833141688,3.044259928054344,83.42072379826176,0.5165765462540883,0.3482326944134795,663.006337866417,13.58185048590734,2.549938478900872,106.52688759582684
E,48,rf_clicks,25+25,False,0,29.893300362651857,2.6718400182418742,223.7656458362523,0.8585880938592237,0.752215820809328,100.23760833639238,31.36592456995181,8.831706415856408,71.03027001359006
E,48,sam,25+25,False,0,29.893300362651857,2.6718400182418742,223.7656458362523,0.8834016948791265,0.7911544293303372,113.65241213800569,33.25369478019759,5.678288453563985,117.12576792158514
E,48,microsam,25+25,False,0,29.893300362651857,2.6718400182418742,223.7656458362523,0.8542961667961668,0.7456518360484338,174.0078130510156,29.500074991635547,2.478618530932178,238.036427336327
E,48,dino_clicks,25+25,False,0,29.893300362651857,2.6718400182418742,223.7656458362523,0.8578801229569115,0.751129667034546,110.60150282326654,34.78756215652869,3.2270870936501153,215.59729345377502
E,48,rf_clicks,25+25,False,1,29.893300362651857,2.6718400182418742,223.7656458362523,0.859228391486456,0.7531993127055937,105.625,33.18466401824412,7.758395524237332,85.54517210311018
E,48,sam,25+25,False,1,29.893300362651857,2.6718400182418742,223.7656458362523,0.8719863932110042,0.7730282577824582,127.1971254729451,34.20781912786651,4.967174327330098,137.73552878806862
E,48,microsam,25+25,False,1,29.893300362651857,2.6718400182418742,223.7656458362523,0.8511016423588507,0.740798032043742,127.41492259543229,32.42801764418584,3.9274241405957158,165.13631572915435
E,48,dino_clicks,25+25,False,1,29.893300362651857,2.6718400182418742,223.7656458362523,0.8668940617956237,0.7650600288701898,112.6419243665519,32.76596071976587,3.2612946863751002,200.9383626487611
E,48,rf_clicks,25+25,False,2,29.893300362651857,2.6718400182418742,223.7656458362523,0.8464037399571677,0.733708810676745,76.53042695555801,37.84981675120852,3.0972280114265844,244.41091590008497
E,48,sam,25+25,False,2,29.893300362651857,2.6718400182418742,223.7656458362523,0.8812955221771065,0.7877822424490446,129.5059730607085,32.6880847905426,5.626384229827191,116.19570742166174
E,48,microsam,25+25,False,2,29.893300362651857,2.6718400182418742,223.7656458362523,0.8484929588422936,0.7368543382845776,157.65850159442718,31.893077310607662,3.188912735405045,200.0247730614473
E,48,dino_clicks,25+25,False,2,29.893300362651857,2.6718400182418742,223.7656458362523,0.8747288570858681,0.7773494082684548,122.95356084717514,31.80443335166462,2.9411861762288076,216.26943311996865
E,48,rf_clicks,25+25,True,0,29.893300362651857,2.6718400182418742,223.7656458362523,0.8007665939370913,0.6677320610722589,128.72010442913341,38.934984174842036,8.47472464349929,91.88495393701767
E,48,sam,25+25,True,0,29.893300362651857,2.6718400182418742,223.7656458362523,0.8777589402133591,0.782148302772167,123.52351566627483,31.012021736037134,7.1704953673305,86.49896596358191
E,48,microsam,25+25,True,0,29.893300362651857,2.6718400182418742,223.7656458362523,0.8426670018917733,0.7281110996309572,152.68253011800329,32.82066615646716,3.351795491506327,195.83931203223418
E,48,dino_clicks,25+25,True,0,29.893300362651857,2.6718400182418742,223.7656458362523,0.8598159775111144,0.7541028119603349,109.25028604081547,32.21592591595553,3.363618288819938,191.55518343466895
E,48,rf_clicks,25+25,True,1,29.893300362651857,2.6718400182418742,223.7656458362523,0.7756274466855909,0.6334897369154076,126.61972246285993,35.508731718385256,9.467887623309293,75.00877308886764
E,48,sam,25+25,True,1,29.893300362651857,2.6718400182418742,223.7656458362523,0.8892451114142792,0.8005772655626292,85.2544273013063,29.303943021739883,6.37663794487737,91.91032413963855
E,48,microsam,25+25,True,1,29.893300362651857,2.6718400182418742,223.7656458362523,0.8536372160023861,0.7446484026859013,197.85600820394373,30.70869018455634,2.9621455904306355,207.34085646406004
E,48,dino_clicks,25+25,True,1,29.893300362651857,2.6718400182418742,223.7656458362523,0.8366968937490675,0.719242379095467,126.92054648812005,33.90083413773079,3.5137898974050032,192.95880019899403
E,48,rf_clicks,25+25,True,2,29.893300362651857,2.6718400182418742,223.7656458362523,0.8310167937620542,0.7108885648036428,390.47619991783773,32.817589576547235,9.794094012966685,67.01505934719245
E,48,sam,25+25,True,2,29.893300362651857,2.6718400182418742,223.7656458362523,0.8847760302793751,0.7933617410510112,111.38068167325966,31.934226567036752,5.042202161907154,126.6677754743495
E,48,microsam,25+25,True,2,29.893300362651857,2.6718400182418742,223.7656458362523,0.8386128892097259,0.7220786948798543,338.7395668549468,26.310238473401043,2.8026229026448575,187.75439570248184
E,48,dino_clicks,25+25,True,2,29.893300362651857,2.6718400182418742,223.7656458362523,0.868344817026489,0.7673227941614215,143.80467811203485,32.89777294071046,2.9587878914445627,222.37331061030434
E,88,rf_clicks,25+25,False,0,29.88464748162705,2.648051484133881,225.71047172371462,0.8562205590492815,0.7485888698415353,108.74632684110333,38.46897846009484,5.081900424243312,151.39603395838992
E,88,sam,25+25,False,0,29.88464748162705,2.648051484133881,225.71047172371462,0.858966803174779,0.7527973818507161,63.65662805126948,27.37521584131001,5.029913856418329,108.84964085966747
E,88,microsam,25+25,False,0,29.88464748162705,2.648051484133881,225.71047172371462,0.8418354860843154,0.7268703849663984,82.46292358254445,34.15119082871526,3.216738320108791,212.3342804431804
E,88,dino_clicks,25+25,False,0,29.88464748162705,2.648051484133881,225.71047172371462,0.8812340090829915,0.787683944844157,74.27156673317185,33.921504909067835,2.969274246929766,228.4834750049964
E,88,rf_clicks,25+25,False,1,29.88464748162705,2.648051484133881,225.71047172371462,0.8787475307814676,0.7837195947438306,154.2500208581475,36.112991243284405,4.402403244983099,164.06035173828352
E,88,sam,25+25,False,1,29.88464748162705,2.648051484133881,225.71047172371462,0.888513066368623,0.7993913733792009,44.84526992856479,28.954078198970116,5.487369876409976,105.52989447072905
E,88,microsam,25+25,False,1,29.88464748162705,2.648051484133881,225.71047172371462,0.8504924311508298,0.73987545119194,87.28231851297261,33.37368139707494,3.3462015603547486,199.47203296107972
E,88,dino_clicks,25+25,False,1,29.88464748162705,2.648051484133881,225.71047172371462,0.8817996562989024,0.7885882536757773,75.87201394453689,33.94948255771472,2.7916626932400908,243.2205197277031
E,88,rf_clicks,25+25,False,2,29.88464748162705,2.648051484133881,225.71047172371462,0.8238272143948074,0.7004304337571561,84.69506972390982,31.113452730272392,6.409949973228774,97.07861328159522
E,88,sam,25+25,False,2,29.88464748162705,2.648051484133881,225.71047172371462,0.8742771189425282,0.7766361807634731,45.61592375475915,28.535567186736863,5.615993409016071,101.62250953117244
E,88,microsam,25+25,False,2,29.88464748162705,2.648051484133881,225.71047172371462,0.8008071592126843,0.6677884756941377,164.00098144942564,24.573797537966918,2.4970047159321047,196.82620045668426
E,88,dino_clicks,25+25,False,2,29.88464748162705,2.648051484133881,225.71047172371462,0.8499297652151477,0.7390242260935892,79.625,37.19056336024059,2.0980109498266777,354.53164210904623
E,88,rf_clicks,25+25,True,0,29.88464748162705,2.648051484133881,225.71047172371462,0.8030036406554512,0.6708488579657501,221.04778895071536,42.288937003180415,9.135592318763177,92.5806133365323
E,88,sam,25+25,True,0,29.88464748162705,2.648051484133881,225.71047172371462,0.8780258714393581,0.7825722974252177,44.827621228434595,28.050717419980078,6.005986902421105,93.40918611951155
E,88,microsam,25+25,True,0,29.88464748162705,2.648051484133881,225.71047172371462,0.8241970045508836,0.7009652192934486,80.56460916556351,29.923777732483686,3.8067413532007675,157.21466186465915
E,88,dino_clicks,25+25,True,0,29.88464748162705,2.648051484133881,225.71047172371462,0.8590129931952549,0.7528683394921921,66.80311557105702,37.97614881417073,2.9981419425733504,253.33122675022665
E,88,rf_clicks,25+25,True,1,29.88464748162705,2.648051484133881,225.71047172371462,0.807298625148931,0.6768656783427766,189.8650999535121,41.93330359306077,7.184970130848715,116.72506031171896
E,88,sam,25+25,True,1,29.88464748162705,2.648051484133881,225.71047172371462,0.8784493598206276,0.78324538219704,47.46001606615826,28.3031892596595,5.8420217385615905,96.89518637987214
E,88,microsam,25+25,True,1,29.88464748162705,2.648051484133881,225.71047172371462,0.8346874298310252,0.7162777191273173,86.04212837986861,30.916455472274247,4.192034110498373,147.50097283248837
E,88,dino_clicks,25+25,True,1,29.88464748162705,2.648051484133881,225.71047172371462,0.8864778352625898,0.7961025503894107,61.77137787843169,32.109207049982885,3.0748967034194994,208.84738673839166
E,88,rf_clicks,25+25,True,2,29.88464748162705,2.648051484133881,225.71047172371462,0.8439350949707397,0.7300066728947017,423.24605731093897,32.43022893600329,7.855388300405833,82.56811171085674
E,88,sam,25+25,True,2,29.88464748162705,2.648051484133881,225.71047172371462,0.8713639366246975,0.7720504110233674,51.847432434017406,28.042160682077768,5.1092136086605064,109.7709464898636
E,88,microsam,25+25,True,2,29.88464748162705,2.648051484133881,225.71047172371462,0.8010526315789473,0.6681299385425812,211.24023259801018,25.099604274907797,2.4464904214280065,205.18865763845713
E,88,dino_clicks,25+25,True,2,29.88464748162705,2.648051484133881,225.71047172371462,0.8805017191077487,0.7865145790183616,79.77409510611825,32.89248506897307,2.7145445541857582,242.34256916692493
E,128,rf_clicks,25+25,False,0,25.28785250875864,2.528218606757229,200.044825563511,0.8709293362814244,0.7713683157908232,131.6350293358013,27.84795157463206,7.624156417966733,73.05188941036643
E,128,sam,25+25,False,0,25.28785250875864,2.528218606757229,200.044825563511,0.8667996019625246,0.7649128993103822,99.5376901547715,24.759834480000308,3.48902943125016,141.92963956241877
E,128,microsam,25+25,False,0,25.28785250875864,2.528218606757229,200.044825563511,0.8212138263950085,0.6966605520011769,122.50958696802219,29.04474116348561,3.538704636992425,164.15465060215357
E,128,dino_clicks,25+25,False,0,25.28785250875864,2.528218606757229,200.044825563511,0.8539060418152093,0.7450576243920218,63.63484237422098,28.109653154071278,3.084831599555809,182.24432839782136
E,128,rf_clicks,25+25,False,1,25.28785250875864,2.528218606757229,200.044825563511,0.8814407477686929,0.7880143550825679,99.06500094768741,27.35521807183045,4.411178852992563,124.02679185529986
E,128,sam,25+25,False,1,25.28785250875864,2.528218606757229,200.044825563511,0.8706208019844146,0.7708843969449489,53.09672215620828,26.18448326917382,4.101537425147979,127.68130851922737
E,128,microsam,25+25,False,1,25.28785250875864,2.528218606757229,200.044825563511,0.8303007281261283,0.7098411943062741,96.63764389832713,25.838752600671462,3.6410817268415503,141.92899000421636
E,128,dino_clicks,25+25,False,1,25.28785250875864,2.528218606757229,200.044825563511,0.8590289050064387,0.752892784730262,57.24522359987775,29.73706778859281,2.7173382221150737,218.86909437020023
E,128,rf_clicks,25+25,False,2,25.28785250875864,2.528218606757229,200.044825563511,0.9027485994397759,0.8227363382528919,87.96039591770833,27.432420999196243,5.630444673387275,97.44317754815235
E,128,sam,25+25,False,2,25.28785250875864,2.528218606757229,200.044825563511,0.851097476989968,0.7407917207459526,420.3758537213908,23.713316591610937,4.438416907492541,106.85484074999904
E,128,microsam,25+25,False,2,25.28785250875864,2.528218606757229,200.044825563511,0.8246595321454343,0.7016345941450864,143.33430348496285,25.07556849428333,3.102496385676259,161.64768868098164
E,128,dino_clicks,25+25,False,2,25.28785250875864,2.528218606757229,200.044825563511,0.8642084662271688,0.7608865188107825,64.27278470395818,29.634675363132573,2.7818707365845503,213.05573241348108
E,128,rf_clicks,25+25,True,0,25.28785250875864,2.528218606757229,200.044825563511,0.7741382091626545,0.6315052928061868,359.6702659241192,36.69600313811152,8.83812201922041,83.04027271474214
E,128,sam,25+25,True,0,25.28785250875864,2.528218606757229,200.044825563511,0.8155436283915941,0.6885383437839462,430.47717398377864,26.570305619757796,11.115500093324389,47.80766568607213
E,128,microsam,25+25,True,0,25.28785250875864,2.528218606757229,200.044825563511,0.8121520183157995,0.6837171345480444,103.77630679793977,29.261736190963315,3.1584652789366534,185.2908524029413
E,128,dino_clicks,25+25,True,0,25.28785250875864,2.528218606757229,200.044825563511,0.804152387100449,0.6724538966554733,141.70708117156775,35.47671605859347,2.9125863241193244,243.60971391514394
E,128,rf_clicks,25+25,True,1,25.28785250875864,2.528218606757229,200.044825563511,0.7896015173751469,0.6523484031992739,232.15927443074682,30.723688511666005,11.568412232335984,53.11651745221745
E,128,sam,25+25,True,1,25.28785250875864,2.528218606757229,200.044825563511,0.8468325002905963,0.7343534226415475,522.329699718787,24.3393044621946,5.555318209745992,87.62523961091863
E,128,microsam,25+25,True,1,25.28785250875864,2.528218606757229,200.044825563511,0.8181177424880198,0.6922159439217463,173.31596374639693,23.545354556607148,2.728309252776304,172.60033504374618
E,128,dino_clicks,25+25,True,1,25.28785250875864,2.528218606757229,200.044825563511,0.8596862504082765,0.7539032575166944,53.10499902667826,24.458425790969468,3.4922346072550567,140.07321123361822
E,128,rf_clicks,25+25,True,2,25.28785250875864,2.528218606757229,200.044825563511,0.7574167096176506,0.6095500522822817,555.7629328309225,32.72500374958178,13.27008849025013,49.321455201486664
E,128,sam,25+25,True,2,25.28785250875864,2.528218606757229,200.044825563511,0.8527034646951945,0.7432284840541721,74.25645462482291,22.282899215087546,4.32563704400246,103.0271332911901
E,128,microsam,25+25,True,2,25.28785250875864,2.528218606757229,200.044825563511,0.7933921623123957,0.6575393740462411,139.3695549391475,24.525052974860497,2.8718567720997914,170.79579464493085
E,128,dino_clicks,25+25,True,2,25.28785250875864,2.528218606757229,200.044825563511,0.8768785220881218,0.7807512716419827,56.338541425919075,28.06110087720985,2.771013788720188,202.53310172209615
E,168,rf_clicks,25+25,False,0,19.49186436897423,2.7783147540793354,140.31429909339664,0.7372426697552985,0.5838355890695429,219.46074637320288,30.811082610016577,9.436685685314007,65.30064397072547
E,168,sam,25+25,False,0,19.49186436897423,2.7783147540793354,140.31429909339664,0.8565338323167008,0.7490679274333644,54.01750295043265,22.22934749585623,6.70489022241281,66.30786413638496
E,168,microsam,25+25,False,0,19.49186436897423,2.7783147540793354,140.31429909339664,0.7136407285620592,0.5547755937299886,292.88627886710015,23.45940260509405,3.7108123304850316,126.43809773062667
E,168,dino_clicks,25+25,False,0,19.49186436897423,2.7783147540793354,140.31429909339664,0.8117255892783626,0.6831129088990503,99.21485348743704,26.51348503436155,2.9708803889263606,178.4890777372777
E,168,rf_clicks,25+25,False,1,19.49186436897423,2.7783147540793354,140.31429909339664,0.7856695294746692,0.6469981183415262,172.20706680379706,26.53992439304847,7.92530327192185,66.97516418602024
E,168,sam,25+25,False,1,19.49186436897423,2.7783147540793354,140.31429909339664,0.7908830913460139,0.654099769580132,438.1626506259101,23.43709740067454,12.470026107294641,37.58949211335563
E,168,microsam,25+25,False,1,19.49186436897423,2.7783147540793354,140.31429909339664,0.7028268863718431,0.5418142567001377,139.5325342886024,32.693468805402475,4.09374023829563,159.7241979330566
E,168,dino_clicks,25+25,False,1,19.49186436897423,2.7783147540793354,140.31429909339664,0.8624970926175746,0.7582372642917609,49.42244555867303,21.843909717762248,2.994665315948865,145.88548243723167
E,168,rf_clicks,25+25,False,2,19.49186436897423,2.7783147540793354,140.31429909339664,0.7732549686165692,0.6303306301102768,175.56769527734878,27.456264493575716,9.397137682812279,58.43537770824465
E,168,sam,25+25,False,2,19.49186436897423,2.7783147540793354,140.31429909339664,0.8218600153818381,0.6975911403670804,423.8789995387835,19.385818504859074,8.913644731351926,43.49695122282227
E,168,microsam,25+25,False,2,19.49186436897423,2.7783147540793354,140.31429909339664,0.6991739394222243,0.5374845727734565,142.19630194932367,32.00960277507509,4.477340902422963,142.98488085976538
E,168,dino_clicks,25+25,False,2,19.49186436897423,2.7783147540793354,140.31429909339664,0.8149162861491629,0.6876444901104547,158.60199444266922,26.61933861223171,3.3249892436561166,160.1168404560697
E,168,rf_clicks,25+25,True,0,19.49186436897423,2.7783147540793354,140.31429909339664,0.7239517238960111,0.5673388205236009,240.91028467328195,27.10188094404855,13.370273764532977,40.54050264242322
E,168,sam,25+25,True,0,19.49186436897423,2.7783147540793354,140.31429909339664,0.8459442090472404,0.7330184690194657,95.63853211307318,24.64119386683793,5.341991550398964,92.25470925725301
E,168,microsam,25+25,True,0,19.49186436897423,2.7783147540793354,140.31429909339664,0.6988830346158305,0.5371408207020629,155.59404965782375,31.929515554034356,4.757494127955459,134.22829201790782
E,168,dino_clicks,25+25,True,0,19.49186436897423,2.7783147540793354,140.31429909339664,0.7676441754400921,0.6229078973308938,117.97989136517637,25.62041156947879,3.4388077171832303,149.0075263089428
E,168,rf_clicks,25+25,True,1,19.49186436897423,2.7783147540793354,140.31429909339664,0.7489251742113465,0.5986254049506899,171.12415048313756,23.444115848616885,13.702617711641834,34.218448389899415
E,168,sam,25+25,True,1,19.49186436897423,2.7783147540793354,140.31429909339664,0.7989546300002355,0.6652160276013487,500.8006340419301,21.34300404954832,11.524622194243726,37.03896525164814
E,168,microsam,25+25,True,1,19.49186436897423,2.7783147540793354,140.31429909339664,0.708883308528183,0.549046661088462,164.99152440352808,30.701479450368996,4.4809082188799865,137.03239589246888
E,168,dino_clicks,25+25,True,1,19.49186436897423,2.7783147540793354,140.31429909339664,0.8669071185347055,0.7650803678279554,47.985674945758554,18.653207911425262,2.993873631993718,124.60918665430435
E,168,rf_clicks,25+25,True,2,19.49186436897423,2.7783147540793354,140.31429909339664,0.6878371997119713,0.524201112515144,208.70022676074092,25.503982248133862,13.243869153725656,38.51439779735258
E,168,sam,25+25,True,2,19.49186436897423,2.7783147540793354,140.31429909339664,0.7488304730656344,0.5985044048350748,358.36536840981694,18.01500986428437,12.26904711107296,29.36659986907314
E,168,microsam,25+25,True,2,19.49186436897423,2.7783147540793354,140.31429909339664,0.6948060311863533,0.5323392903952014,115.10002443527108,28.28011491026001,3.5520356722991173,159.23328209119705
E,168,dino_clicks,25+25,True,2,19.49186436897423,2.7783147540793354,140.31429909339664,0.8555692084631816,0.7475936638459945,60.125,22.681604744086236,3.0560852008800685,148.43568325617727
E,208,rf_clicks,25+25,False,0,16.440570090259165,2.827097383655479,116.3070659348937,0.7058863904339108,0.5454593671034736,283.77264726197575,22.78015144464656,9.555322072135558,47.6805517860589
E,208,sam,25+25,False,0,16.440570090259165,2.827097383655479,116.3070659348937,0.8532686776976747,0.7440877048553473,71.22247275263616,20.833637786554576,4.323632071820832,96.3710021596764
E,208,microsam,25+25,False,0,16.440570090259165,2.827097383655479,116.3070659348937,0.7677893974613935,0.6230991649313762,94.52832389901701,20.204765622295973,3.21487144256639,125.69563656434595
E,208,dino_clicks,25+25,False,0,16.440570090259165,2.827097383655479,116.3070659348937,0.7320746361962978,0.5773799129627918,124.5750885040805,27.851412727041982,3.556295530951718,156.63159872199108
E,208,rf_clicks,25+25,False,1,16.440570090259165,2.827097383655479,116.3070659348937,0.6834454463455116,0.5191166932265783,274.8604759691724,17.56150275546189,10.346678919791891,33.946163578863846
E,208,sam,25+25,False,1,16.440570090259165,2.827097383655479,116.3070659348937,0.8583115362306152,0.7517913716994425,77.60118981433811,18.698972037734254,4.686440273069464,79.80032155829458
E,208,microsam,25+25,False,1,16.440570090259165,2.827097383655479,116.3070659348937,0.7616365016580766,0.6150346830133893,114.13468260829056,17.248556891731308,2.735811489862052,126.0946300989549
E,208,dino_clicks,25+25,False,1,16.440570090259165,2.827097383655479,116.3070659348937,0.8235610789178318,0.7000457602679998,94.86343824604404,21.4207838356491,2.988485711227603,143.35543753930094
E,208,rf_clicks,25+25,False,2,16.440570090259165,2.827097383655479,116.3070659348937,0.6879296874125514,0.5243085532938627,296.74208526737874,26.505697441439224,12.782874673960887,41.47063648434597
E,208,sam,25+25,False,2,16.440570090259165,2.827097383655479,116.3070659348937,0.8537623439047627,0.7448388555067905,62.19739242926507,19.183052659511056,4.675496861336078,82.05781429625115
E,208,microsam,25+25,False,2,16.440570090259165,2.827097383655479,116.3070659348937,0.7661583850433723,0.6209535938454341,126.40264865982904,19.536378634690745,3.648142467594443,107.10315624034762
E,208,dino_clicks,25+25,False,2,16.440570090259165,2.827097383655479,116.3070659348937,0.8522381432021748,0.7425217506180761,83.24220092427431,19.06739248314611,2.7224978711047703,140.0727815842787
E,208,rf_clicks,25+25,True,0,16.440570090259165,2.827097383655479,116.3070659348937,0.7071500524018356,0.5469699354635605,364.8837137834654,21.354829653615557,14.466656636222108,29.5228264423538
E,208,sam,25+25,True,0,16.440570090259165,2.827097383655479,116.3070659348937,0.8596546829266993,0.7538547052861193,327.7581091634555,19.65934568836553,5.132934845900287,76.6007996538962
E,208,microsam,25+25,True,0,16.440570090259165,2.827097383655479,116.3070659348937,0.7503973545255747,0.6005087755241413,106.88618646896832,19.611177983994093,3.74482349632496,104.73752903569327
E,208,dino_clicks,25+25,True,0,16.440570090259165,2.827097383655479,116.3070659348937,0.6896137185145339,0.5262675046725774,158.0599668638457,30.74474385549304,3.6722295585545224,167.44456393730957
E,208,rf_clicks,25+25,True,1,16.440570090259165,2.827097383655479,116.3070659348937,0.6471263353050234,0.4783346384755938,325.03290439923154,27.11995585107815,11.980170120666571,45.27474247514143
E,208,sam,25+25,True,1,16.440570090259165,2.827097383655479,116.3070659348937,0.700816797620633,0.5394287705822659,529.8382211697568,26.875752319933547,20.686385613481296,25.984000126555358
E,208,microsam,25+25,True,1,16.440570090259165,2.827097383655479,116.3070659348937,0.7584375484155049,0.6108734582360951,115.00075733995784,18.931349964811616,3.384374061965733,111.87504465044735
E,208,dino_clicks,25+25,True,1,16.440570090259165,2.827097383655479,116.3070659348937,0.8424272539779224,0.7277531860290146,94.74320928359944,19.547338950655504,3.1696645813743016,123.34011027867295
E,208,rf_clicks,25+25,True,2,16.440570090259165,2.827097383655479,116.3070659348937,0.6493892352019632,0.4808115351420803,306.9701990829077,27.438670302158606,10.747998476321985,51.05819537024766
E,208,sam,25+25,True,2,16.440570090259165,2.827097383655479,116.3070659348937,0.7330189719156858,0.5785556023865777,532.3228140707871,22.808417522660935,15.348772336677996,29.72018481003473
E,208,microsam,25+25,True,2,16.440570090259165,2.827097383655479,116.3070659348937,0.7580527683259591,0.610374377423562,119.50104602052653,18.935099546589033,3.2379632085152896,116.95685421497662
E,208,dino_clicks,25+25,True,2,16.440570090259165,2.827097383655479,116.3070659348937,0.8471169765036283,0.7347813778492109,63.926699917366946,20.087182583481074,2.8971229370655593,138.66986675979305
E,257,rf_clicks,25+25,False,0,14.40175903456922,3.0705496558371643,93.80573935478454,0.5528600996014708,0.3820363873936571,330.5986484511029,32.375619642424496,8.806905759065852,73.52325669908969
E,257,sam,25+25,False,0,14.40175903456922,3.0705496558371643,93.80573935478454,0.7722647561230384,0.6290157100030529,275.13222346574605,16.892058193509186,3.798131458758374,88.94930771580651
E,257,microsam,25+25,False,0,14.40175903456922,3.0705496558371643,93.80573935478454,0.7355985159148604,0.5817760617760618,737.6895955989457,15.139176784127924,2.3820810605604588,127.10882962619215
E,257,dino_clicks,25+25,False,0,14.40175903456922,3.0705496558371643,93.80573935478454,0.7282031422881169,0.5725781895689243,222.12561904114128,23.83166877540582,3.5897799743458223,132.77509455018196
E,257,rf_clicks,25+25,False,1,14.40175903456922,3.0705496558371643,93.80573935478454,0.5966820116390168,0.42519373127676957,312.207710366358,29.87407173815228,16.229975074428957,36.81345362658036
E,257,sam,25+25,False,1,14.40175903456922,3.0705496558371643,93.80573935478454,0.7964434591650353,0.6617416233827323,209.72795434737333,17.864545877575193,3.8415153463119402,93.0078069047732
E,257,microsam,25+25,False,1,14.40175903456922,3.0705496558371643,93.80573935478454,0.7021946783060946,0.5410631830277787,207.72986543859523,13.770771721615667,2.2491904551307886,122.4509173085114
E,257,dino_clicks,25+25,False,1,14.40175903456922,3.0705496558371643,93.80573935478454,0.7973492304519806,0.6629931569840849,92.5044297103104,16.36961646585573,3.0237757117108193,108.27268968698728
E,257,rf_clicks,25+25,False,2,14.40175903456922,3.0705496558371643,93.80573935478454,0.567325674868622,0.39599067625965695,318.516581201042,32.12276323025509,10.503334666365223,61.16678988268679
E,257,sam,25+25,False,2,14.40175903456922,3.0705496558371643,93.80573935478454,0.7775841454611081,0.6361044341611726,156.65662323841005,19.692899638117286,4.910004098673061,80.21541018036763
E,257,microsam,25+25,False,2,14.40175903456922,3.0705496558371643,93.80573935478454,0.7026943254623813,0.5416567114861602,743.6111591234219,14.755277295993908,2.1303486768018005,138.52452846493995
E,257,dino_clicks,25+25,False,2,14.40175903456922,3.0705496558371643,93.80573935478454,0.7656520107282675,0.6202886198891153,197.3970362945413,20.692115110237705,3.39229739062747,121.99469991874918
E,257,rf_clicks,25+25,True,0,14.40175903456922,3.0705496558371643,93.80573935478454,0.584036467268386,0.4124657547794954,352.8645499692481,26.789704225297946,18.09868645959307,29.604031524727887
E,257,sam,25+25,True,0,14.40175903456922,3.0705496558371643,93.80573935478454,0.7991264490845842,0.6654542840713054,79.1843275753565,19.012494760199825,5.161128034775735,73.6757338011901
E,257,microsam,25+25,True,0,14.40175903456922,3.0705496558371643,93.80573935478454,0.6971983563690699,0.5351531138892075,201.55162848526047,12.62263055274604,2.51961654536384,100.19485366511034
E,257,dino_clicks,25+25,True,0,14.40175903456922,3.0705496558371643,93.80573935478454,0.7875441261653133,0.6495445674855889,108.89985585532452,20.786239227163126,3.350237992072475,124.08813508979787
E,257,rf_clicks,25+25,True,1,14.40175903456922,3.0705496558371643,93.80573935478454,0.5229859193679929,0.35408323199208075,350.007033997761,34.52114956408708,13.264032145313477,52.052270660825094
E,257,sam,25+25,True,1,14.40175903456922,3.0705496558371643,93.80573935478454,0.7858812645073889,0.6472853449448904,87.0459787234378,20.515211764841613,5.253422444166235,78.10227326234968
E,257,microsam,25+25,True,1,14.40175903456922,3.0705496558371643,93.80573935478454,0.7047190149954486,0.5440665177316507,188.37095500155598,15.700171903903026,2.7093662508905956,115.89553017235839
E,257,dino_clicks,25+25,True,1,14.40175903456922,3.0705496558371643,93.80573935478454,0.6964972208380575,0.5343273769510907,247.08551151372677,25.537343911640626,3.963637943258386,128.85810599868844
E,257,rf_clicks,25+25,True,2,14.40175903456922,3.0705496558371643,93.80573935478454,0.4836647186092209,0.3189695079610657,367.76015423610204,27.236000599933085,16.726156805831884,32.566955955401234
E,257,sam,25+25,True,2,14.40175903456922,3.0705496558371643,93.80573935478454,0.7527719714760049,0.6035560092141744,134.4789360314909,19.129020224667247,6.090860693753337,62.81220729374285
E,257,microsam,25+25,True,2,14.40175903456922,3.0705496558371643,93.80573935478454,0.7170040498569806,0.55885137422067,122.32267747824014,16.15146772090805,3.4827958264292653,92.7500119205514
E,257,dino_clicks,25+25,True,2,14.40175903456922,3.0705496558371643,93.80573935478454,0.8021542875804796,0.6696641138867656,61.952783771108805,18.569947967342102,3.0616383225179074,121.3072610880444
E,297,rf_clicks,25+25,False,0,15.269835287602536,3.19162704745363,95.68683972511914,0.6860992560920773,0.5221849970580112,378.1979301026688,21.29233662399194,11.540725467332171,36.899476873032334
E,297,sam,25+25,False,0,15.269835287602536,3.19162704745363,95.68683972511914,0.7885429202614822,0.6509045458149307,78.88868605165061,18.763099500440337,6.238597786653755,60.151656324375566
E,297,microsam,25+25,False,0,15.269835287602536,3.19162704745363,95.68683972511914,0.652411828869228,0.48413294420786135,188.91349979750532,16.461240861596206,4.11387076611406,80.02799211481019
E,297,dino_clicks,25+25,False,0,15.269835287602536,3.19162704745363,95.68683972511914,0.7948331885043033,0.6595213052024387,52.025384429141894,18.254021666814086,3.27307357978483,111.5405518504359
E,297,rf_clicks,25+25,False,1,15.269835287602536,3.19162704745363,95.68683972511914,0.6215579541945834,0.45091337433153406,391.7920156517797,29.257217464205915,13.078429966093855,44.74117694563637
E,297,sam,25+25,False,1,15.269835287602536,3.19162704745363,95.68683972511914,0.8032416804170378,0.6711811961306822,83.0421097869784,17.65101200250741,5.614867716231987,62.872405529627024
E,297,microsam,25+25,False,1,15.269835287602536,3.19162704745363,95.68683972511914,0.7205074457059589,0.5631196862286536,164.9678837304485,21.744017013486957,3.710981138442244,117.18742942797294
E,297,dino_clicks,25+25,False,1,15.269835287602536,3.19162704745363,95.68683972511914,0.7996498708192741,0.6661805179835807,56.127227127304266,18.779732260632468,3.1643991953320865,118.6938252818108
E,297,rf_clicks,25+25,False,2,15.269835287602536,3.19162704745363,95.68683972511914,0.6071614995503362,0.4359166546260174,392.1522620951134,30.592645435701403,12.953794222642745,47.23348991020192
E,297,sam,25+25,False,2,15.269835287602536,3.19162704745363,95.68683972511914,0.8031121749126714,0.6710003711952487,81.65038717361482,19.354571990047265,6.485520709045006,59.685483582079954
E,297,microsam,25+25,False,2,15.269835287602536,3.19162704745363,95.68683972511914,0.7166915789810658,0.5584718117972138,138.4705968100133,23.773021470682117,4.912447578980087,96.78687085600545
E,297,dino_clicks,25+25,False,2,15.269835287602536,3.19162704745363,95.68683972511914,0.7530072492631243,0.6038585619829431,70.31763682146544,23.350472447303954,3.4164847549204937,136.69297024477635
E,297,rf_clicks,25+25,True,0,15.269835287602536,3.19162704745363,95.68683972511914,0.5831138408600559,0.41154600678293624,397.2172814843076,26.306008176011137,19.29025283709342,27.273886348889167
E,297,sam,25+25,True,0,15.269835287602536,3.19162704745363,95.68683972511914,0.7688487835609331,0.6244958160255253,81.67140237731068,21.051401959012264,5.746743210771638,73.26376414228402
E,297,microsam,25+25,True,0,15.269835287602536,3.19162704745363,95.68683972511914,0.7028129865515836,0.5417977356119527,143.05398326811172,21.533367432094114,4.968045260983293,86.6874849197012
E,297,dino_clicks,25+25,True,0,15.269835287602536,3.19162704745363,95.68683972511914,0.7979787575303643,0.6638641060043678,52.025384429141894,17.398732449072988,3.3508218090080732,103.84755406748081
E,297,rf_clicks,25+25,True,1,15.269835287602536,3.19162704745363,95.68683972511914,0.5751253135546592,0.4036322064148913,374.97944238867683,29.113868068561583,14.288055221240832,40.75273732884302
E,297,sam,25+25,True,1,15.269835287602536,3.19162704745363,95.68683972511914,0.7593383583529346,0.6120430686845929,89.9991565083314,22.702563944790775,5.610075671413991,80.93496513949412
E,297,microsam,25+25,True,1,15.269835287602536,3.19162704745363,95.68683972511914,0.6720830439394184,0.5061182786107574,80.9928113294877,20.444065854193187,4.3652775929708145,93.66673902760837
E,297,dino_clicks,25+25,True,1,15.269835287602536,3.19162704745363,95.68683972511914,0.8095155704268927,0.6799883730668992,47.376484145618065,17.51487334105042,3.209206607461114,109.15391549007741
E,297,rf_clicks,25+25,True,2,15.269835287602536,3.19162704745363,95.68683972511914,0.5537932213044716,0.3829281050694497,395.9401785623682,26.924977598652458,21.95293758414161,24.529726370745536
E,297,sam,25+25,True,2,15.269835287602536,3.19162704745363,95.68683972511914,0.7759088786341294,0.6338652940872174,209.3855127232958,21.169465713439656,6.089095327299935,69.5323839603173
E,297,microsam,25+25,True,2,15.269835287602536,3.19162704745363,95.68683972511914,0.6822616637434892,0.5177520035439571,141.16564542782908,20.963911717539197,3.6029848678431255,116.36969061204486
E,297,dino_clicks,25+25,True,2,15.269835287602536,3.19162704745363,95.68683972511914,0.8073310141254895,0.6769112165128731,49.741990561295395,19.027396944186993,3.5819797992860147,106.2395547176434
E,337,rf_clicks,25+25,False,0,10.606413130843098,2.8843804573533283,73.54378721991073,0.6538096095905168,0.4856739538837754,325.0387944619226,16.612954708897853,10.843666144613886,30.640845056170615
E,337,sam,25+25,False,0,10.606413130843098,2.8843804573533283,73.54378721991073,0.7532316735760226,0.6041472642607684,89.21870703827408,10.590645658753447,5.321045220600348,39.806636552352224
E,337,microsam,25+25,False,0,10.606413130843098,2.8843804573533283,73.54378721991073,0.6984133345623745,0.5365861168588039,287.12144472627426,13.382930365459238,4.2128474908292874,63.53389432962759
E,337,dino_clicks,25+25,False,0,10.606413130843098,2.8843804573533283,73.54378721991073,0.7583286143833595,0.610732133451523,269.3326582664171,13.502628552969092,3.6778294661210187,73.4271595643624
E,337,rf_clicks,25+25,False,1,10.606413130843098,2.8843804573533283,73.54378721991073,0.5747915887474924,0.40330353386165585,339.90862226112114,20.497713716547,7.986894953017725,51.328366873793065
E,337,sam,25+25,False,1,10.606413130843098,2.8843804573533283,73.54378721991073,0.7652003142183817,0.6196959094089954,206.988252612248,11.423821958320033,4.2523721003666894,53.72917368795142
E,337,microsam,25+25,False,1,10.606413130843098,2.8843804573533283,73.54378721991073,0.6985833806846014,0.5367868907745211,177.1402799831438,13.927869583777195,3.510766101065184,79.34376248848596
E,337,dino_clicks,25+25,False,1,10.606413130843098,2.8843804573533283,73.54378721991073,0.749742471294511,0.5996704311557243,270.91240512387026,14.873341050421299,3.598002372554991,82.67554887608111
E,337,rf_clicks,25+25,False,2,10.606413130843098,2.8843804573533283,73.54378721991073,0.570326039630164,0.39892035207987486,334.75,23.178183971787764,9.73606480348629,47.6130437494379
E,337,sam,25+25,False,2,10.606413130843098,2.8843804573533283,73.54378721991073,0.77592993350897,0.6338933977311306,174.0350929523799,13.917005410934934,4.7637343280693,58.42897379449527
E,337,microsam,25+25,False,2,10.606413130843098,2.8843804573533283,73.54378721991073,0.6899201870737993,0.5266245462807264,147.03525972764493,16.36471316660834,4.156101341955696,78.75030861931656
E,337,dino_clicks,25+25,False,2,10.606413130843098,2.8843804573533283,73.54378721991073,0.6836022719322237,0.5192976692049013,264.02107628323273,19.62540716612378,4.119447899594256,95.28173505025651
E,337,rf_clicks,25+25,True,0,10.606413130843098,2.8843804573533283,73.54378721991073,0.5102574432621593,0.34251383969287547,348.4160676968281,25.906148929542475,16.99374295490231,30.489044112638105
E,337,sam,25+25,True,0,10.606413130843098,2.8843804573533283,73.54378721991073,0.720249775567437,0.5628049613250066,182.4217207434472,13.597233385507002,6.330975052827789,42.95462633179598
E,337,microsam,25+25,True,0,10.606413130843098,2.8843804573533283,73.54378721991073,0.6752385059427889,0.5097057160642593,256.0277577242519,14.809405873960213,3.7813435827060378,78.3288032417418
E,337,dino_clicks,25+25,True,0,10.606413130843098,2.8843804573533283,73.54378721991073,0.7394091162221874,0.5865575625981706,268.1486347723445,15.808044487345642,3.8987756459234886,81.09235269218088
E,337,rf_clicks,25+25,True,1,10.606413130843098,2.8843804573533283,73.54378721991073,0.5112076134158736,0.3433706526326242,323.57500096577303,25.81308238696453,13.798294450738794,37.41488845468497
E,337,sam,25+25,True,1,10.606413130843098,2.8843804573533283,73.54378721991073,0.6616138690964515,0.494337062989284,243.6958212909435,12.48053101769418,5.139093939681997,48.57093940752702
E,337,microsam,25+25,True,1,10.606413130843098,2.8843804573533283,73.54378721991073,0.6582023603109793,0.4905377240516882,629.6645392873528,11.739844401970549,2.533675574842957,92.67046277381596
E,337,dino_clicks,25+25,True,1,10.606413130843098,2.8843804573533283,73.54378721991073,0.7134550854997233,0.5545512460999821,226.16123949518848,16.842256056055287,3.8169765566405682,88.24919831773158
E,337,rf_clicks,25+25,True,2,10.606413130843098,2.8843804573533283,73.54378721991073,0.5346979327654926,0.3649062843230941,318.614392198756,22.4887416403555,14.883630542971458,30.21943009862661
E,337,sam,25+25,True,2,10.606413130843098,2.8843804573533283,73.54378721991073,0.7222564664520695,0.5652593399917811,190.46529416186203,14.661730037803476,5.763675776756144,50.87631784192846
E,337,microsam,25+25,True,2,10.606413130843098,2.8843804573533283,73.54378721991073,0.5767843159190066,0.40526838087190625,273.9872222100344,16.895134773429117,6.6253261275393385,51.001669799171104
E,337,dino_clicks,25+25,True,2,10.606413130843098,2.8843804573533283,73.54378721991073,0.682448696163104,0.5179674553664185,137.79000704604738,18.19220163904795,4.077856378543906,89.22433725115106
E,377,rf_clicks,25+25,False,0,9.931584554030511,2.598297541388915,76.44686103748997,0.5930578339553092,0.42152253892749636,328.96518358413357,19.48955693403428,12.264094197529436,31.78311682889779
E,377,sam,25+25,False,0,9.931584554030511,2.598297541388915,76.44686103748997,0.7725865202368045,0.6294427533791298,289.16598315829833,14.720858058139669,5.57616714823644,52.79919940274888
E,377,microsam,25+25,False,0,9.931584554030511,2.598297541388915,76.44686103748997,0.5310709258126068,0.3615361252934513,389.75956130029704,21.963031046537118,5.3092597318976695,82.73481485407363
E,377,dino_clicks,25+25,False,0,9.931584554030511,2.598297541388915,76.44686103748997,0.7357336583544707,0.581945144087964,177.67017129597602,16.335966372981474,3.4934304789321278,93.52392424294104
E,377,rf_clicks,25+25,False,1,9.931584554030511,2.598297541388915,76.44686103748997,0.6059794996985249,0.4346991307283315,283.93567677163855,16.218960192901562,9.739260908686127,33.3063470523444
E,377,sam,25+25,False,1,9.931584554030511,2.598297541388915,76.44686103748997,0.7990781008878289,0.6653872341561753,298.4068120728139,14.054682362351892,6.070378740556559,46.305784080494774
E,377,microsam,25+25,False,1,9.931584554030511,2.598297541388915,76.44686103748997,0.5094633972226752,0.34179864907268254,446.8614085654277,21.313872683431462,4.927700110806843,86.50637094042483
E,377,dino_clicks,25+25,False,1,9.931584554030511,2.598297541388915,76.44686103748997,0.8142277077487772,0.6866644743426602,151.58906781665416,12.751846909383184,2.8394655577203807,89.81864122078522
E,377,rf_clicks,25+25,False,2,9.931584554030511,2.598297541388915,76.44686103748997,0.6758485367177389,0.5104012308701218,308.8633014240555,13.097577577885543,11.506553220401354,22.765423019403013
E,377,sam,25+25,False,2,9.931584554030511,2.598297541388915,76.44686103748997,0.8030523384708157,0.6709168364511947,184.24936598425163,11.751766149160286,3.586363943113917,65.53582589811914
E,377,microsam,25+25,False,2,9.931584554030511,2.598297541388915,76.44686103748997,0.5425408415109725,0.3722511456673913,465.79243840798966,20.959489133904295,6.766006705650381,61.95527153823466
E,377,dino_clicks,25+25,False,2,9.931584554030511,2.598297541388915,76.44686103748997,0.8200716002335381,0.6950181048238615,131.70522246668884,11.311142218752524,2.6455154573602315,85.51182105009579
E,377,rf_clicks,25+25,True,0,9.931584554030511,2.598297541388915,76.44686103748997,0.4836497280555772,0.3189564687025716,332.27554791934654,25.82894600217668,16.163568468246105,31.95946000775577
E,377,sam,25+25,True,0,9.931584554030511,2.598297541388915,76.44686103748997,0.8045955777241158,0.6730739511505883,181.81317293365237,11.926458202738925,3.669303666218218,65.00665678090893
E,377,microsam,25+25,True,0,9.931584554030511,2.598297541388915,76.44686103748997,0.6753017151416189,0.509777753063078,311.1655727174571,13.561275857692795,4.566383349879909,59.39613395817695
E,377,dino_clicks,25+25,True,0,9.931584554030511,2.598297541388915,76.44686103748997,0.8291960828968344,0.7082279712118265,92.63925328930496,10.332309088601656,2.5594384739972726,80.73887451152433
E,377,rf_clicks,25+25,True,1,9.931584554030511,2.598297541388915,76.44686103748997,0.5625897635601032,0.3913912321603444,321.267061597656,16.979067719369763,15.101692258829386,22.486311372743998
E,377,sam,25+25,True,1,9.931584554030511,2.598297541388915,76.44686103748997,0.7660659190350734,0.6208321261667528,230.0954435938809,14.810463448307688,4.714326453165791,62.831726209211006
E,377,microsam,25+25,True,1,9.931584554030511,2.598297541388915,76.44686103748997,0.5888858991970317,0.4173198317995243,313.6252104908153,17.224232681739345,6.1753513209985424,55.783814673573005
E,377,dino_clicks,25+25,True,1,9.931584554030511,2.598297541388915,76.44686103748997,0.7624401208496234,0.6160834184225997,168.11643957611332,15.176288029412104,3.080152399778624,98.5424489418306
E,377,rf_clicks,25+25,True,2,9.931584554030511,2.598297541388915,76.44686103748997,0.519073538892827,0.35050595186526434,342.90387900206736,20.04266831776456,16.085148101584153,24.920713432275633
E,377,sam,25+25,True,2,9.931584554030511,2.598297541388915,76.44686103748997,0.72740773218112,0.5715952788459401,262.27264482973897,17.259421064573566,5.722226063613192,60.32414963233882
E,377,microsam,25+25,True,2,9.931584554030511,2.598297541388915,76.44686103748997,0.6065039302034279,0.43523906765805775,336.48488543320934,12.097016102050157,4.4463330219833015,54.41345055460664
E,377,dino_clicks,25+25,True,2,9.931584554030511,2.598297541388915,76.44686103748997,0.8315308312351082,0.711641225513945,92.63925328930496,12.82626168619654,2.783672067710145,92.15353945587024
E,417,rf_clicks,25+25,False,0,12.69771833141688,3.044259928054344,83.42072379826176,0.5818819490686822,0.4103198239995211,404.69351442853053,23.542374119809715,16.900719932461353,27.859610967922944
E,417,sam,25+25,False,0,12.69771833141688,3.044259928054344,83.42072379826176,0.7283117987507238,0.5727125548819653,247.14428299717017,21.672198100981046,8.90435971126337,48.677723730247074
E,417,microsam,25+25,False,0,12.69771833141688,3.044259928054344,83.42072379826176,0.6218482191509387,0.45121896426228625,380.52229038759145,18.35574109041684,5.709027765408835,64.3042628085812
E,417,dino_clicks,25+25,False,0,12.69771833141688,3.044259928054344,83.42072379826176,0.6744048666448808,0.5087562934377577,229.7780897848416,17.89963811728692,3.4826834940838003,102.79221840109147
E,417,rf_clicks,25+25,False,1,12.69771833141688,3.044259928054344,83.42072379826176,0.5983759622128149,0.42691616730368104,443.6934461925592,21.437032023351243,21.552941172671343,19.892442383253872
E,417,sam,25+25,False,1,12.69771833141688,3.044259928054344,83.42072379826176,0.8064012856138472,0.6756050219344995,124.21952188778162,16.019270927473475,6.2613597697372345,51.168664688136076
E,417,microsam,25+25,False,1,12.69771833141688,3.044259928054344,83.42072379826176,0.5793477421419035,0.40780404841321305,390.0406221792112,22.159547588922774,5.9175769144625,74.89399093323166
E,417,dino_clicks,25+25,False,1,12.69771833141688,3.044259928054344,83.42072379826176,0.7357777052444866,0.5820002607901943,155.63903480912066,16.46335601029116,3.6770041868231083,89.54765985466729
E,417,rf_clicks,25+25,False,2,12.69771833141688,3.044259928054344,83.42072379826176,0.6090125676188086,0.4378275126298284,385.125,22.54613908448673,15.285555558950078,29.499927559107128
E,417,sam,25+25,False,2,12.69771833141688,3.044259928054344,83.42072379826176,0.49244629140662505,0.3266525687274537,446.9181342053299,38.5704094543301,14.740361582255847,52.333057420735706
E,417,microsam,25+25,False,2,12.69771833141688,3.044259928054344,83.42072379826176,0.5461801693173809,0.37568628367170526,355.59292473979286,21.26974299020494,7.876736236231573,54.00648784548081
E,417,dino_clicks,25+25,False,2,12.69771833141688,3.044259928054344,83.42072379826176,0.6407297552039789,0.4713777540978469,216.39456395769335,23.411523330090105,4.088707349993349,114.51797023393316
E,417,rf_clicks,25+25,True,0,12.69771833141688,3.044259928054344,83.42072379826176,0.4672506499337015,0.30484478751433874,404.7848579801374,33.34474231720308,29.44889021713949,22.645839670926662
E,417,sam,25+25,True,0,12.69771833141688,3.044259928054344,83.42072379826176,0.552724069626799,0.3819064893066183,437.55972806578075,31.17969534167343,14.0390797094959,44.41843195830533
E,417,microsam,25+25,True,0,12.69771833141688,3.044259928054344,83.42072379826176,0.5903550679130266,0.41879699949618404,251.99815468064105,16.543154801964395,5.100521989007951,64.86847753079498
E,417,dino_clicks,25+25,True,0,12.69771833141688,3.044259928054344,83.42072379826176,0.6714312175845888,0.5053793423957245,171.75978065532883,18.444961908094868,3.7754499631289984,97.71000589719452
E,417,rf_clicks,25+25,True,1,12.69771833141688,3.044259928054344,83.42072379826176,0.4854258256293831,0.32050317101907694,428.6705647988908,27.278976575689633,24.571217250148607,22.204009103801848
E,417,sam,25+25,True,1,12.69771833141688,3.044259928054344,83.42072379826176,0.7309245591536707,0.5759504404767513,230.75286088002326,19.46475200842983,9.542753651734747,40.79483285181818
E,417,microsam,25+25,True,1,12.69771833141688,3.044259928054344,83.42072379826176,0.5298716869467616,0.36042546915261886,360.20315122365133,17.453534028896776,5.3950315631155945,64.70224993018383
E,417,dino_clicks,25+25,True,1,12.69771833141688,3.044259928054344,83.42072379826176,0.7212637268086245,0.5640441597926583,149.16398687345776,17.472185794661364,3.727039782566098,93.75905176215541
E,417,rf_clicks,25+25,True,2,12.69771833141688,3.044259928054344,83.42072379826176,0.5229860394620308,0.3540833420907849,391.9619919392695,29.421814489922276,19.577382708839213,30.05694369619519
E,417,sam,25+25,True,2,12.69771833141688,3.044259928054344,83.42072379826176,0.63854935140406,0.4690212987614307,319.94821462788224,26.346772859950235,11.2989308617346,46.63586879565259
E,417,microsam,25+25,True,2,12.69771833141688,3.044259928054344,83.42072379826176,0.5370476475720444,0.3670985228471354,393.41648675378246,16.83475689250045,5.9464031817143175,56.62164632317137
E,417,dino_clicks,25+25,True,2,12.69771833141688,3.044259928054344,83.42072379826176,0.6889543402649301,0.5254998825930676,202.19726308829502,19.78183202642782,3.988213935358008,99.20145883373769
E,48,dino_labels,same sample,False,0,29.893300362651857,2.6718400182418742,223.7656458362523,0.8805077387029019,0.7865241852433199,95.93006893044537,35.654003976479544,2.7958390762311276,255.05047325214568
E,48,rf_labels,same sample,False,0,29.893300362651857,2.6718400182418742,223.7656458362523,0.8511284782902494,0.7408386944987547,105.22046397756186,31.99816174349784,8.516082429053645,75.14760926768918
E,88,dino_labels,same sample,False,0,29.88464748162705,2.648051484133881,225.71047172371462,0.9220406099669102,0.8553574638267277,37.41030940796935,33.62999896165428,2.584913743738647,260.2020979857849
E,88,rf_labels,same sample,False,0,29.88464748162705,2.648051484133881,225.71047172371462,0.8999981260189772,0.8181787206978012,79.87828854731063,31.680408723642362,5.84529956897159,108.39618517350395
E,128,dino_labels,same sample,False,0,25.28785250875864,2.528218606757229,200.044825563511,0.8871979407827096,0.7972648266006415,54.00648142346359,26.705194420622316,2.5748676468302443,207.4296475276885
E,128,rf_labels,same sample,False,0,25.28785250875864,2.528218606757229,200.044825563511,0.8808570714378761,0.7870818364278119,139.27681422418607,29.32855566109934,6.561412369286965,89.39708102597581
E,168,dino_labels,same sample,False,0,19.49186436897423,2.7783147540793354,140.31429909339664,0.8817614883143782,0.7885272051534152,40.23310981020483,22.65747282033927,2.4698338521176546,183.47365998658233
E,168,rf_labels,same sample,False,0,19.49186436897423,2.7783147540793354,140.31429909339664,0.8308635732254533,0.7106643452361399,159.43229362334344,25.56743670898246,8.440266517606931,60.58442978227563
E,208,dino_labels,same sample,False,0,16.440570090259165,2.827097383655479,116.3070659348937,0.8819206087643852,0.788781740972575,40.364162632216214,19.441485372785344,2.7470114111777284,141.54644785003043
E,208,rf_labels,same sample,False,0,16.440570090259165,2.827097383655479,116.3070659348937,0.7843973669548293,0.6452744882510318,275.8587667414106,21.694695591645548,11.110768856264338,39.051654970598925
E,257,dino_labels,same sample,False,0,14.40175903456922,3.0705496558371643,93.80573935478454,0.7988795718321263,0.6651119680402867,119.55354992298402,17.89684996673448,2.8867117114975716,123.99471617101614
E,257,rf_labels,same sample,False,0,14.40175903456922,3.0705496558371643,93.80573935478454,0.6717261598600966,0.5057136108239139,349.5195184833922,22.982532717504586,13.707283720833127,33.53331438317629
E,297,dino_labels,same sample,False,0,15.269835287602536,3.19162704745363,95.68683972511914,0.8037469672381381,0.6718870884552566,98.1747485354559,14.648462286898768,2.9606223052175764,98.95529234568981
E,297,rf_labels,same sample,False,0,15.269835287602536,3.19162704745363,95.68683972511914,0.5910079801514563,0.4194544552601407,408.0335847084159,26.270915936299414,19.743181048715684,26.612647548008344
E,337,dino_labels,same sample,False,0,10.606413130843098,2.8843804573533283,73.54378721991073,0.6690602611343176,0.5026976365620703,300.0213848119769,12.824242680624085,2.905408406179422,88.27841657887822
E,337,rf_labels,same sample,False,0,10.606413130843098,2.8843804573533283,73.54378721991073,0.47920599027798466,0.31510249725771755,423.0078196606556,24.895876998334803,21.50531196098981,23.153234924929624
E,377,dino_labels,same sample,False,0,9.931584554030511,2.598297541388915,76.44686103748997,0.7343892177266053,0.5802646658931229,280.3631103428395,11.411611781762803,2.740036515415832,83.29532630356906
E,377,rf_labels,same sample,False,0,9.931584554030511,2.598297541388915,76.44686103748997,0.48461145575685927,0.31979353255497783,442.2992069119779,23.574870495213997,20.810308728528007,22.656915668815774
E,417,dino_labels,same sample,False,0,12.69771833141688,3.044259928054344,83.42072379826176,0.6618208120052141,0.49456815495459105,468.4634363334291,11.494198723988479,2.238568374335792,102.6924069486949
E,417,rf_labels,same sample,False,0,12.69771833141688,3.044259928054344,83.42072379826176,0.514102662506829,0.3459880097599217,489.9872176199015,29.890416068976922,21.343313329127614,28.00916203407361
E,48,dino_labels,other samples,False,0,29.893300362651857,2.6718400182418742,223.7656458362523,0.8629137599964917,0.7588815426997245,117.72393210445807,31.491583631056535,2.8494269412111626,221.03801417467392
E,48,rf_labels,other samples,False,0,29.893300362651857,2.6718400182418742,223.7656458362523,0.43504567269074035,0.27799256828072816,112.31677427473663,12.597056482161605,10.040365202676101,25.09282526656313
E,88,dino_labels,other samples,False,0,29.88464748162705,2.648051484133881,225.71047172371462,0.8948367211778491,0.809687345141922,55.25,30.50553976671833,2.436414955140357,250.41333539968326
E,88,rf_labels,other samples,False,0,29.88464748162705,2.648051484133881,225.71047172371462,0.6589241480624819,0.49133995449288115,64.69459502153174,19.330247780055302,10.53632773310767,36.69257120640813
E,128,dino_labels,other samples,False,0,25.28785250875864,2.528218606757229,200.044825563511,0.8635994281844858,0.7599427962314369,61.10517449753942,25.825677136011752,2.506800279673134,206.04495176918684
E,128,rf_labels,other samples,False,0,25.28785250875864,2.528218606757229,200.044825563511,0.7922924207889842,0.6560300145723864,93.64210805353046,23.7692718889047,11.606246092641852,40.95944838525177
E,168,dino_labels,other samples,False,0,19.49186436897423,2.7783147540793354,140.31429909339664,0.8589263479606082,0.752735238803811,68.35438053429212,21.277434440004768,2.7082003674708,157.13338418808246
E,168,rf_labels,other samples,False,0,19.49186436897423,2.7783147540793354,140.31429909339664,0.7217670766123323,0.5646600579645936,169.49926253526885,21.253206373135303,13.955624810262947,30.458265627069203
E,208,dino_labels,other samples,False,0,16.440570090259165,2.827097383655479,116.3070659348937,0.8010801825976539,0.6681682719477636,67.60859038337662,23.007049213741546,2.7478445235246434,167.4552473167626
E,208,rf_labels,other samples,False,0,16.440570090259165,2.827097383655479,116.3070659348937,0.646644113893363,0.4778078852220035,281.1672656089254,18.06154313557334,13.862951975444282,26.05728299075998
E,257,dino_labels,other samples,False,0,14.40175903456922,3.0705496558371643,93.80573935478454,0.750747790887361,0.6009577452903825,86.13724673642328,22.079844940372034,2.815412168285747,156.84982248134594
E,257,rf_labels,other samples,False,0,14.40175903456922,3.0705496558371643,93.80573935478454,0.6272983269836011,0.4569808133220707,368.0547874137466,19.262370735571803,17.797231465285456,21.646479985546275
E,297,dino_labels,other samples,False,0,15.269835287602536,3.19162704745363,95.68683972511914,0.7509268504449751,0.6011872488912986,69.875,17.950017113475806,2.998911365137542,119.71022099649512
E,297,rf_labels,other samples,False,0,15.269835287602536,3.19162704745363,95.68683972511914,0.6555929071689287,0.4876446358136745,392.3617899181217,20.7375908071792,16.745340138506535,24.76819298461706
E,337,dino_labels,other samples,False,0,10.606413130843098,2.8843804573533283,73.54378721991073,0.7563268968399317,0.6081396268184693,111.90337503026751,12.859911779070796,3.0068923009843993,85.5362313765658
E,337,rf_labels,other samples,False,0,10.606413130843098,2.8843804573533283,73.54378721991073,0.55536661997011,0.3844342984506002,363.67993726276035,20.208322917828397,19.74869573016921,20.465475992884972
E,377,dino_labels,other samples,False,0,9.931584554030511,2.598297541388915,76.44686103748997,0.6510279523271449,0.4826104094968086,131.23963422438797,8.87237577347142,2.2147119244815614,80.12216555476705
E,377,rf_labels,other samples,False,0,9.931584554030511,2.598297541388915,76.44686103748997,0.4896365145125815,0.3241845550540226,348.9704033973305,21.23484303673821,20.097196844283467,21.13214415051952
E,417,dino_labels,other samples,False,0,12.69771833141688,3.044259928054344,83.42072379826176,0.5254081702555203,0.35630752840029234,475.8917976126945,8.354260486330372,1.96895612326616,84.8597933454412
E,417,rf_labels,other samples,False,0,12.69771833141688,3.044259928054344,83.42072379826176,0.5177262623054938,0.3492784423953656,390.1763403140405,25.14661826180926,24.491983663201268,20.534570500789258
F,29,otsu,none,False,0,8.27074939564867,1.5627983787633835,105.8453797756455,0.4558385724693458,0.2952013723061973,297.956058001847,21.085582863282298,23.07553534321736,18.275270800579737
F,53,otsu,none,False,0,9.63950443190975,1.7396894287744982,110.81868145511666,0.47630064565184194,0.31259489891665954,228.07961877379574,21.358783239323127,21.777529756564554,19.61543249218594
F,77,otsu,none,False,0,10.137724952994896,1.8388335770231192,110.2625607849387,0.4981924330156134,0.33172854097144977,236.38025509758634,20.73348106365834,21.447563143706567,19.334113553820902
F,100,otsu,none,False,0,8.316780821917808,1.6779888857043648,99.12796077223952,0.4516553792891726,0.2917021012297784,253.0621209595041,18.91539081385979,19.315791672492505,19.585416051879537
F,124,otsu,none,False,0,6.899946279881815,1.5424681853569302,89.46630271385668,0.4119074547257013,0.25937245027150213,269.3620689942407,17.146185871608917,17.76356550282718,19.304892217589984
F,154,otsu,none,False,0,6.220655385441848,1.4217929821688033,87.50437600209362,0.36871655850704127,0.2260285056100306,267.36954141411564,16.41941982272361,18.6330000266373,17.624021681157934
F,178,otsu,none,False,0,5.801873489121676,1.3903494056105947,83.45921486654915,0.3145793100584098,0.1866473527563684,262.12413566857975,16.834508460918613,18.432166263259873,18.266445973281165
F,202,otsu,none,False,0,6.325073865162503,1.5709518036912489,80.52537131057166,0.33573411767129313,0.201731058261869,250.66434809814498,16.493855761482674,17.570046931783818,18.774970636698374
F,225,otsu,none,False,0,7.201148267526189,1.6997594868259063,84.73137903731846,0.33250308264978923,0.19940251714417792,263.6046022695918,15.970789685737309,15.929419452003527,20.051941922752967
F,249,otsu,none,False,0,7.7115229653505235,1.7537422574176258,87.94362948983954,0.3134603478752938,0.18586005225575086,305.7851063246868,16.2588638195004,16.45323408129577,19.763730023124964
F,29,rf_clicks,3+6,False,0,8.27074939564867,1.5627983787633835,105.8453797756455,0.5419249620028348,0.37167151750106875,273.9751927638705,15.321917808219178,8.010288524860325,38.25559531511718
F,29,sam,3+6,False,0,8.27074939564867,1.5627983787633835,105.8453797756455,0.6279373650107991,0.45765940198185007,287.26144042240776,16.601665323663713,4.103260586268809,80.91938093924468
F,29,microsam,3+6,False,0,8.27074939564867,1.5627983787633835,105.8453797756455,0.3728871915446889,0.22917107505206535,232.11405796605192,13.963033843674456,2.272771971109408,122.8722812597753
F,29,dino_clicks,3+6,False,0,8.27074939564867,1.5627983787633835,105.8453797756455,0.6911474035178788,0.5280559517362885,210.26802935531003,11.909347300564061,2.1250322171529836,112.08627525204898
F,29,rf_clicks,3+6,False,1,8.27074939564867,1.5627983787633835,105.8453797756455,0.4841455556003061,0.31938789201626583,292.31938868299517,25.07467096427612,7.624629029706857,65.77282872801003
F,29,sam,3+6,False,1,8.27074939564867,1.5627983787633835,105.8453797756455,0.39428331436490704,0.24554973980914954,327.3679361589953,33.05993150684932,3.6860949635375997,179.37645032954447
F,29,microsam,3+6,False,1,8.27074939564867,1.5627983787633835,105.8453797756455,0.44576552329264113,0.2868071259344305,619.8912825346968,5.351631748589847,1.757678214728119,60.89432870871245
F,29,dino_clicks,3+6,False,1,8.27074939564867,1.5627983787633835,105.8453797756455,0.6914518267530937,0.5284114416952578,211.6112510825676,9.961858716089175,1.8916571970011353,105.32414363323142
F,29,rf_clicks,3+6,False,2,8.27074939564867,1.5627983787633835,105.8453797756455,0.5168658080949537,0.3484956458532275,288.5143910853873,17.14276121407467,9.378129005487304,36.559021962790546
F,29,sam,3+6,False,2,8.27074939564867,1.5627983787633835,105.8453797756455,0.4390898743112741,0.2813037516285782,311.9737609255296,16.890108783239324,5.2854215542927205,63.91205927376405
F,29,microsam,3+6,False,2,8.27074939564867,1.5627983787633835,105.8453797756455,0.3805262586006863,0.2349690821611537,473.27995913979345,10.886986301369863,2.5065881517020805,86.86697329178017
F,29,dino_clicks,3+6,False,2,8.27074939564867,1.5627983787633835,105.8453797756455,0.660762098627374,0.4933866476972752,236.8941250934456,9.77373757722267,1.7203204087568258,113.62694446304424
F,29,rf_clicks,3+6,True,0,8.27074939564867,1.5627983787633835,105.8453797756455,0.5884551053629666,0.4168872754941902,257.1908395981897,9.735193392425463,6.927736762086749,28.104974905233156
F,29,sam,3+6,True,0,8.27074939564867,1.5627983787633835,105.8453797756455,0.6169152177162858,0.44604295095897967,245.1855123246894,17.782299221058285,3.057969746476523,116.30134170913588
F,29,microsam,3+6,True,0,8.27074939564867,1.5627983787633835,105.8453797756455,0.4945869706095376,0.3285390527075447,292.5,12.86784850926672,3.497418604328352,73.58483478838745
F,29,dino_clicks,3+6,True,0,8.27074939564867,1.5627983787633835,105.8453797756455,0.6696939654572422,0.5034134613148802,239.71089998639235,13.437583937684662,2.2066253560604387,121.79307104197538
F,29,rf_clicks,3+6,True,1,8.27074939564867,1.5627983787633835,105.8453797756455,0.40635654512650715,0.2549858589032794,299.32658794367063,21.76463873220521,7.3098425093037935,59.54885814435454
F,29,sam,3+6,True,1,8.27074939564867,1.5627983787633835,105.8453797756455,0.39734898570185595,0.24793232098372253,316.3612459613551,30.934998656997045,3.018800407198881,204.94894980951304
F,29,microsam,3+6,True,1,8.27074939564867,1.5627983787633835,105.8453797756455,0.5158473587735377,0.347570286535525,390.1141678613565,6.8405519742143435,2.085589969101622,65.5982439075591
F,29,dino_clicks,3+6,True,1,8.27074939564867,1.5627983787633835,105.8453797756455,0.7159070305853474,0.5575196248537131,158.33495238974473,10.988181573999462,1.991303722882575,110.36168363199934
F,29,rf_clicks,3+6,True,2,8.27074939564867,1.5627983787633835,105.8453797756455,0.41671209200292497,0.2631941353800163,275.37110181879115,16.982742412033307,5.763443621422246,58.93262267339564
F,29,sam,3+6,True,2,8.27074939564867,1.5627983787633835,105.8453797756455,0.3297026151419738,0.19739156519723475,262.38894660030314,27.11019339242546,5.3765089444790695,100.8468270856831
F,29,microsam,3+6,True,2,8.27074939564867,1.5627983787633835,105.8453797756455,0.42350160044636304,0.26863433579524815,588.5955461293601,5.4492344883158745,1.0519933845143965,103.59826532238618
F,29,dino_clicks,3+6,True,2,8.27074939564867,1.5627983787633835,105.8453797756455,0.47120043756983415,0.30821596836462867,278.4578670456021,16.098945742680634,2.1344425772632776,150.84918108522976
F,53,rf_clicks,3+6,False,0,9.63950443190975,1.7396894287744982,110.81868145511666,0.4027435112997138,0.2521470497374112,266.1881937805,37.99076685468708,2.7607541739360886,275.2202076762417
F,53,sam,3+6,False,0,9.63950443190975,1.7396894287744982,110.81868145511666,0.4261417632079355,0.2707624824434786,205.66363618782975,27.63376309427881,3.273155842205738,168.8508853624077
F,53,microsam,3+6,False,0,9.63950443190975,1.7396894287744982,110.81868145511666,0.4275726729903295,0.27191887704181317,298.77382699968126,13.594580983078163,1.9546437524382887,139.10034466505545
F,53,dino_clicks,3+6,False,0,9.63950443190975,1.7396894287744982,110.81868145511666,0.5357170138491036,0.3658562032857611,221.07526164190867,25.523267526188558,3.132024880604296,162.98253365895403
F,53,rf_clicks,3+6,False,1,9.63950443190975,1.7396894287744982,110.81868145511666,0.6356605796493975,0.4659108797765647,215.24350309591227,9.745030889067955,6.830583266469978,28.53352490966457
F,53,sam,3+6,False,1,9.63950443190975,1.7396894287744982,110.81868145511666,0.49498322364176023,0.3288888412523178,259.25549646457665,27.82544319097502,5.63455765999151,98.76709005411774
F,53,microsam,3+6,False,1,9.63950443190975,1.7396894287744982,110.81868145511666,0.5367043453211597,0.36677778930393534,229.10655860242719,9.824872414719312,2.680952018521378,73.29390714077763
F,53,dino_clicks,3+6,False,1,9.63950443190975,1.7396894287744982,110.81868145511666,0.7378818660089205,0.5846377182424158,114.06006512699149,10.737912973408541,2.1776011749645594,98.62148401516455
F,53,rf_clicks,3+6,False,2,9.63950443190975,1.7396894287744982,110.81868145511666,0.6078531726309324,0.43663007427145933,238.96341901010706,17.585079237174323,11.281744474647477,31.174397322491753
F,53,sam,3+6,False,2,9.63950443190975,1.7396894287744982,110.81868145511666,0.652433374917015,0.4841566737947649,259.47235062711223,8.769439967767928,2.480320875862613,70.71214094199057
F,53,microsam,3+6,False,2,9.63950443190975,1.7396894287744982,110.81868145511666,0.46520503360567117,0.30310565501695025,653.2548506374625,5.4217700778941715,1.110776112528806,97.62129409770805
F,53,dino_clicks,3+6,False,2,9.63950443190975,1.7396894287744982,110.81868145511666,0.6954468071390688,0.5330919512863477,112.44013552621692,13.277296535052377,2.277217289833868,116.60983424222123
F,53,rf_clicks,3+6,True,0,9.63950443190975,1.7396894287744982,110.81868145511666,0.3248228937192531,0.19390361323671007,242.74611626345245,6.180600322320709,6.825997229673167,18.10900331296103
F,53,sam,3+6,True,0,9.63950443190975,1.7396894287744982,110.81868145511666,0.4351244106072027,0.27805687145777486,217.88032478477646,25.41565941445071,4.160337734829937,122.18075086391819
F,53,microsam,3+6,True,0,9.63950443190975,1.7396894287744982,110.81868145511666,0.3693967138398167,0.22653990518422687,469.30720216080215,14.552578565672844,1.4973365703389334,194.3795250039042
F,53,dino_clicks,3+6,True,0,9.63950443190975,1.7396894287744982,110.81868145511666,0.35302091946652264,0.2143445072490992,271.36186271249306,14.235999194198227,2.8573730099504,99.64396769076603
F,53,rf_clicks,3+6,True,1,9.63950443190975,1.7396894287744982,110.81868145511666,0.5367716622886896,0.36684066898832346,236.92143344366292,15.451181842600054,10.209666815397673,30.26774942214061
F,53,sam,3+6,True,1,9.63950443190975,1.7396894287744982,110.81868145511666,0.7459182433253656,0.5947923565232842,125.88977824471976,10.250100725221596,3.3442316908802985,61.30018295785884
F,53,microsam,3+6,True,1,9.63950443190975,1.7396894287744982,110.81868145511666,0.45256774102379915,0.29246368517819527,533.925829746123,4.616304055868923,1.522152280518332,60.65495699677239
F,53,dino_clicks,3+6,True,1,9.63950443190975,1.7396894287744982,110.81868145511666,0.6939501850355607,0.531335158188017,121.79209669356504,7.19016921837228,1.7508429050935892,82.13380192425588
F,53,rf_clicks,3+6,True,2,9.63950443190975,1.7396894287744982,110.81868145511666,0.3517566314227416,0.21341304210820106,263.25,22.036059629331184,14.780558898354192,29.817627034096645
F,53,sam,3+6,True,2,9.63950443190975,1.7396894287744982,110.81868145511666,0.34204380980900523,0.2063044921407737,354.59644756398785,15.923952457695407,3.934743217219359,80.94023715707016
F,53,microsam,3+6,True,2,9.63950443190975,1.7396894287744982,110.81868145511666,0.35166766208772976,0.21334754769972045,994.7646776399336,3.009065269943594,0.589549525533732,102.0801523746261
F,53,dino_clicks,3+6,True,2,9.63950443190975,1.7396894287744982,110.81868145511666,0.6624209802154863,0.4952387637795063,166.87729399172315,8.954942250872952,1.703607162679557,105.12919230496739
F,77,rf_clicks,3+6,False,0,10.137724952994896,1.8388335770231192,110.2625607849387,0.4198098446097035,0.2656704594555668,243.05024533409164,37.06909750201451,5.647398469156606,131.27849116533292
F,77,sam,3+6,False,0,10.137724952994896,1.8388335770231192,110.2625607849387,0.4409258979476618,0.28281266257148047,225.875,32.08595218909482,4.157671235193371,154.3457881782349
F,77,microsam,3+6,False,0,10.137724952994896,1.8388335770231192,110.2625607849387,0.4176421100048358,0.26393656747659794,433.91394880973115,10.135844748858448,2.0442042873291295,99.16665190152312
F,77,dino_clicks,3+6,False,0,10.137724952994896,1.8388335770231192,110.2625607849387,0.5106286705279883,0.3428484625852226,207.10432115012873,28.892257587966693,3.103639621049755,186.18306965803177
F,77,rf_clicks,3+6,False,1,10.137724952994896,1.8388335770231192,110.2625607849387,0.47354862906887224,0.31022844100170055,216.78042016747744,10.27283105022831,5.692152481213184,36.09471490489248
F,77,sam,3+6,False,1,10.137724952994896,1.8388335770231192,110.2625607849387,0.715204139222003,0.5566675306604095,138.4037893246135,9.018264840182649,2.1009961836683626,85.84751281591247
F,77,microsam,3+6,False,1,10.137724952994896,1.8388335770231192,110.2625607849387,0.5885332646929949,0.4169657349841719,415.14154511938796,6.949738114423852,1.6676224279478447,83.3490602902974
F,77,dino_clicks,3+6,False,1,10.137724952994896,1.8388335770231192,110.2625607849387,0.7537083735073796,0.6047608420739419,135.1488152594867,7.969983883964545,1.7446666716462713,91.36397242510571
F,77,rf_clicks,3+6,False,2,10.137724952994896,1.8388335770231192,110.2625607849387,0.4735286518097286,0.31021129376003476,231.6511408706227,20.658575073865162,7.65734710260046,53.95752549038673
F,77,sam,3+6,False,2,10.137724952994896,1.8388335770231192,110.2625607849387,0.651042916295809,0.48262685608060035,214.8966498883661,11.55261214074671,3.355831150177272,68.85097386462034
F,77,microsam,3+6,False,2,10.137724952994896,1.8388335770231192,110.2625607849387,0.36038751434058003,0.21980042082665605,578.1164458826613,6.1925866236905724,1.3067842929273832,94.77595739719668
F,77,dino_clicks,3+6,False,2,10.137724952994896,1.8388335770231192,110.2625607849387,0.7109545187626679,0.5515356355620867,125.96632560111155,12.904277464410422,2.1233451004313895,121.54668086491192
F,77,rf_clicks,3+6,True,0,10.137724952994896,1.8388335770231192,110.2625607849387,0.48168801476462,0.31725232985626806,224.82271615317214,20.334172710179963,4.413056871978699,92.15459170397072
F,77,sam,3+6,True,0,10.137724952994896,1.8388335770231192,110.2625607849387,0.6040768383702435,0.4327436172525261,224.04972941291405,17.303182917002417,5.005542638218758,69.13609239840508
F,77,microsam,3+6,True,0,10.137724952994896,1.8388335770231192,110.2625607849387,0.33883619640367973,0.2039751863543617,412.651326592268,11.516082460381412,2.4144145973311426,95.39440718351452
F,77,dino_clicks,3+6,True,0,10.137724952994896,1.8388335770231192,110.2625607849387,0.6638164759865547,0.49680037514058956,177.41547283143035,18.36972871340317,2.8486886673350926,128.96971806039994
F,77,rf_clicks,3+6,True,1,10.137724952994896,1.8388335770231192,110.2625607849387,0.5940497874924104,0.422525479357402,189.63548043249438,5.622246843943056,4.062276799186353,27.68027449566782
F,77,sam,3+6,True,1,10.137724952994896,1.8388335770231192,110.2625607849387,0.4821204500074729,0.3176276075462289,270.49050713923526,21.08806741874832,3.727389628398107,113.15193484514354
F,77,microsam,3+6,True,1,10.137724952994896,1.8388335770231192,110.2625607849387,0.4076891585270233,0.2560361632342389,626.8162360081136,4.3784246575342465,1.167226287829039,75.02272186960109
F,77,dino_clicks,3+6,True,1,10.137724952994896,1.8388335770231192,110.2625607849387,0.7822500292800171,0.6423732688061732,131.18183448272475,9.642660488853075,1.755682128267066,109.84517451767647
F,77,rf_clicks,3+6,True,2,10.137724952994896,1.8388335770231192,110.2625607849387,0.48101855652718023,0.31667177936514895,229.1791602191596,20.125302175664785,11.039999336405659,36.458882944493126
F,77,sam,3+6,True,2,10.137724952994896,1.8388335770231192,110.2625607849387,0.4294947362709396,0.2734755152944428,230.230444951514,28.2261952726296,3.975180754505561,142.01213487279733
F,77,microsam,3+6,True,2,10.137724952994896,1.8388335770231192,110.2625607849387,0.4592507936971591,0.2980697908643877,527.0564149202974,8.25312248186946,1.8675881960925635,88.38267985562284
F,77,dino_clicks,3+6,True,2,10.137724952994896,1.8388335770231192,110.2625607849387,0.7129097150244631,0.5538925461145976,127.9629462969652,13.963000268600592,2.2176112290856516,125.92829694822306
F,100,rf_clicks,3+6,False,0,8.316780821917808,1.6779888857043648,99.12796077223952,0.4485521921179067,0.2891184542844742,253.93218356659307,25.289417136717702,3.8148535568040285,132.58394724805333
F,100,sam,3+6,False,0,8.316780821917808,1.6779888857043648,99.12796077223952,0.3981321951601535,0.2485424789469181,289.6422901615025,25.98082863282299,3.863200403504496,134.50417228810872
F,100,microsam,3+6,False,0,8.316780821917808,1.6779888857043648,99.12796077223952,0.5075577737602702,0.3400853747210591,519.0769916968021,6.039014235831319,1.8074824931666718,66.82238150203149
F,100,dino_clicks,3+6,False,0,8.316780821917808,1.6779888857043648,99.12796077223952,0.765415309319326,0.6199779691884265,148.22502367360207,8.915827289820038,1.63590806677892,109.00156886413765
F,100,rf_clicks,3+6,False,1,8.316780821917808,1.6779888857043648,99.12796077223952,0.6150332096857581,0.44407794756306773,255.80153077597143,15.451886919151223,9.609967920437256,32.15804058261239
F,100,sam,3+6,False,1,8.316780821917808,1.6779888857043648,99.12796077223952,0.7015322852391184,0.5402770336637199,195.1691974287951,10.216189900617781,2.9587076960943914,69.0584603143024
F,100,microsam,3+6,False,1,8.316780821917808,1.6779888857043648,99.12796077223952,0.6323010537071639,0.46231011248566306,440.7755199435092,5.6809696481332255,1.1287680661863877,100.65787327465297
F,100,dino_clicks,3+6,False,1,8.316780821917808,1.6779888857043648,99.12796077223952,0.7743300662611479,0.6317606763013988,220.73987396443025,7.502652430835348,1.446126469361256,103.76205110399806
F,100,rf_clicks,3+6,False,2,8.316780821917808,1.6779888857043648,99.12796077223952,0.6351707672226632,0.46538479098233615,249.99662497721843,12.158507923717432,7.4219537542597696,32.76363158889034
F,100,sam,3+6,False,2,8.316780821917808,1.6779888857043648,99.12796077223952,0.331060655552718,0.19836590026724932,481.9049763698234,2.9897596024711253,2.0681784181674425,28.912008521201678
F,100,microsam,3+6,False,2,8.316780821917808,1.6779888857043648,99.12796077223952,0.3370126458343444,0.20265496607064007,455.02263335860664,7.5948160085952185,1.6619164692070285,91.3982880525762
F,100,dino_clicks,3+6,False,2,8.316780821917808,1.6779888857043648,99.12796077223952,0.6617755274632341,0.4945175798562096,139.7405516867934,16.13903438087564,2.178961470507148,148.1351056392871
F,100,rf_clicks,3+6,True,0,8.316780821917808,1.6779888857043648,99.12796077223952,0.4146425903723766,0.261545180824411,260.6127155003997,21.844077356970185,3.1489075638518638,138.74067062324102
F,100,sam,3+6,True,0,8.316780821917808,1.6779888857043648,99.12796077223952,0.36382532411573903,0.22236337567021183,349.437160089374,21.566277195809832,2.884277515417021,149.5437043109334
F,100,microsam,3+6,True,0,8.316780821917808,1.6779888857043648,99.12796077223952,0.480396440956888,0.3161327427131005,547.8021776152657,6.128156056943325,1.5871068516918185,77.22424045250457
F,100,dino_clicks,3+6,True,0,8.316780821917808,1.6779888857043648,99.12796077223952,0.6663075656325633,0.49959612011189786,180.2197510794469,14.558957829707225,2.132714539957798,136.52983141377482
F,100,rf_clicks,3+6,True,1,8.316780821917808,1.6779888857043648,99.12796077223952,0.27263075389303876,0.15783003808101667,274.4133800035997,16.571044856298684,9.859720801035296,33.61361886547271
F,100,sam,3+6,True,1,8.316780821917808,1.6779888857043648,99.12796077223952,0.4244170161983052,0.2693714139855949,400.948766340998,7.0443862476497445,2.587944226677147,54.440015940332316
F,100,microsam,3+6,True,1,8.316780821917808,1.6779888857043648,99.12796077223952,0.316351188596052,0.1878961850317558,1258.6622533598456,4.757655116841257,1.0221549044666893,93.09068705830981
F,100,dino_clicks,3+6,True,1,8.316780821917808,1.6779888857043648,99.12796077223952,0.7241515324914861,0.5675842789587815,158.19813287740013,9.81385979049154,1.6628746910162573,118.0348686946922
F,100,rf_clicks,3+6,True,2,8.316780821917808,1.6779888857043648,99.12796077223952,0.31130551427088043,0.1843468530877979,271.22973202086314,6.7510744023636855,5.3907226087593365,25.047010919812216
F,100,sam,3+6,True,2,8.316780821917808,1.6779888857043648,99.12796077223952,0.3393557225018754,0.204351845304967,366.17059019845806,7.124227773301102,2.0435804446911083,69.72299810177469
F,100,microsam,3+6,True,2,8.316780821917808,1.6779888857043648,99.12796077223952,0.3941817982786224,0.24547099905585457,805.9873863713399,3.9517190437818965,0.8835882305637616,89.44707290319054
F,100,dino_clicks,3+6,True,2,8.316780821917808,1.6779888857043648,99.12796077223952,0.5121466982806604,0.3442185447240207,176.25070921843124,7.004801235562718,1.6161968934734283,86.68252319812893
F,124,rf_clicks,3+6,False,0,6.899946279881815,1.5424681853569302,89.46630271385668,0.41439597222606434,0.2613489654209847,310.4696352759642,22.228982003760407,7.115461846186828,62.48078475938397
F,124,sam,3+6,False,0,6.899946279881815,1.5424681853569302,89.46630271385668,0.49030676649182753,0.32477244754715484,326.7563465628607,17.78283642224013,5.564304279553122,63.91755565052706
F,124,microsam,3+6,False,0,6.899946279881815,1.5424681853569302,89.46630271385668,0.5490999472772463,0.37845470213251936,520.7204671137235,4.2444601128122486,1.0849808033100257,78.24028037848008
F,124,dino_clicks,3+6,False,0,6.899946279881815,1.5424681853569302,89.46630271385668,0.2807369672102852,0.16328913136389323,281.125,20.33306473274241,2.0131414443552136,202.00333950459068
F,124,rf_clicks,3+6,False,1,6.899946279881815,1.5424681853569302,89.46630271385668,0.40451739335217335,0.2535392060475549,262.57908202337495,9.067821649207628,6.066340570688297,29.8955244716133
F,124,sam,3+6,False,1,6.899946279881815,1.5424681853569302,89.46630271385668,0.49053919430137843,0.32497643691671935,313.68181452028,13.726027397260275,2.614060490996917,105.01690717972342
F,124,microsam,3+6,False,1,6.899946279881815,1.5424681853569302,89.46630271385668,0.6141537922885028,0.4431615780099289,586.3962605985457,4.607406661294655,0.8758874450272597,105.20545048231081
F,124,dino_clicks,3+6,False,1,6.899946279881815,1.5424681853569302,89.46630271385668,0.7068403642749214,0.5465994644030114,149.46289225769732,9.543110394842868,1.9464487585533115,98.05663111250603
F,124,rf_clicks,3+6,False,2,6.899946279881815,1.5424681853569302,89.46630271385668,0.41439035047126255,0.26134449332748727,303.5641791246664,24.298213806070372,6.365434543680682,76.3442421387949
F,124,sam,3+6,False,2,6.899946279881815,1.5424681853569302,89.46630271385668,0.3602303087579586,0.21968347791884274,331.2709072331976,23.08467633628794,2.986695018998318,154.58341872502342
F,124,microsam,3+6,False,2,6.899946279881815,1.5424681853569302,89.46630271385668,0.6267403097295152,0.4563887764054802,385.6602364272952,4.692485898468977,1.3074030969039354,71.78330707004234
F,124,dino_clicks,3+6,False,2,6.899946279881815,1.5424681853569302,89.46630271385668,0.7015838124785105,0.5403381590749761,111.27394405250494,9.993452860596292,1.6797974674311615,118.98402104247519
F,124,rf_clicks,3+6,True,0,6.899946279881815,1.5424681853569302,89.46630271385668,0.4919624716146767,0.3262269422044342,312.4609225567255,15.573865162503358,10.31538527570646,30.195411506695784
F,124,sam,3+6,True,0,6.899946279881815,1.5424681853569302,89.46630271385668,0.4499479656131543,0.29027926523198316,308.9327575617217,19.716525651356434,5.718290592093009,68.95950925830716
F,124,microsam,3+6,True,0,6.899946279881815,1.5424681853569302,89.46630271385668,0.6655435890988839,0.49873760106518833,376.51709349770283,5.118083534783777,1.3101845470944613,78.1276736339766
F,124,dino_clicks,3+6,True,0,6.899946279881815,1.5424681853569302,89.46630271385668,0.6147081504077843,0.4437390941040576,139.6223397790195,12.82349583669084,2.0195759028406637,126.99196716155869
F,124,rf_clicks,3+6,True,1,6.899946279881815,1.5424681853569302,89.46630271385668,0.6023894815999514,0.4310138437492247,263.68097438002616,8.592902229384904,6.048867333232218,28.411607515925724
F,124,sam,3+6,True,1,6.899946279881815,1.5424681853569302,89.46630271385668,0.3002241875184313,0.1766257557695931,319.06410469224096,35.453129196884234,2.946372216141667,240.65614658361673
F,124,microsam,3+6,True,1,6.899946279881815,1.5424681853569302,89.46630271385668,0.6322997232668701,0.46230869001297015,530.5138469495877,5.402565135643298,0.9195324769604063,117.5067824358296
F,124,dino_clicks,3+6,True,1,6.899946279881815,1.5424681853569302,89.46630271385668,0.7368914444413809,0.5833951810384858,127.17636622030054,6.495064464141821,1.5420706809551348,84.23822000323459
F,124,rf_clicks,3+6,True,2,6.899946279881815,1.5424681853569302,89.46630271385668,0.34327948961585447,0.20720422513285475,269.32383504806995,17.834810636583402,6.803248937550837,52.43027500623523
F,124,sam,3+6,True,2,6.899946279881815,1.5424681853569302,89.46630271385668,0.3508389355561577,0.21273782356393037,397.51166377695006,24.32446951383293,2.0500992265939773,237.30041159271556
F,124,microsam,3+6,True,2,6.899946279881815,1.5424681853569302,89.46630271385668,0.267371655643024,0.15431564219402902,1242.8608265020625,3.348945742680634,0.7635442118814487,87.72106946966436
F,124,dino_clicks,3+6,True,2,6.899946279881815,1.5424681853569302,89.46630271385668,0.5293734063077608,0.3599645270786826,232.26246634111925,15.497414719312383,2.397973864859861,129.2542420617087
F,154,rf_clicks,3+6,False,0,6.220655385441848,1.4217929821688033,87.50437600209362,0.4988544778867456,0.3323158684738823,262.5619823473824,10.647159548751008,6.901878148594057,30.852933997160992
F,154,sam,3+6,False,0,6.220655385441848,1.4217929821688033,87.50437600209362,0.740294133319124,0.5876722121408238,188.7603466463649,6.381412839108246,2.0992240951561243,60.797823861045615
F,154,microsam,3+6,False,0,6.220655385441848,1.4217929821688033,87.50437600209362,0.6185992143098547,0.44780574958251784,657.4827112746008,4.607943862476497,0.8587049677844474,107.32309781240687
F,154,dino_clicks,3+6,False,0,6.220655385441848,1.4217929821688033,87.50437600209362,0.559994889586163,0.38888395988068986,153.1634696113267,15.85431775449906,2.18451094681798,145.15210168750042
F,154,rf_clicks,3+6,False,1,6.220655385441848,1.4217929821688033,87.50437600209362,0.39107307471908714,0.24306453486121327,306.7948416861875,20.7313994090787,5.574665303480442,74.37719855983254
F,154,sam,3+6,False,1,6.220655385441848,1.4217929821688033,87.50437600209362,0.26583547548413833,0.15329311130865936,342.13279197187234,39.55912570507655,1.8442139742502968,429.0079812583351
F,154,microsam,3+6,False,1,6.220655385441848,1.4217929821688033,87.50437600209362,0.6537969472417506,0.48565997967556174,379.8348298910055,7.032265645984421,1.8091326844248907,77.74184510098466
F,154,dino_clicks,3+6,False,1,6.220655385441848,1.4217929821688033,87.50437600209362,0.7838564134109374,0.6445426527384254,53.600373133029585,6.660656728444803,1.457158912923963,91.41977130111913
F,154,rf_clicks,3+6,False,2,6.220655385441848,1.4217929821688033,87.50437600209362,0.3760027546988412,0.23152918256897298,267.9870857429514,23.323764437281763,3.953580492133041,117.98805909575952
F,154,sam,3+6,False,2,6.220655385441848,1.4217929821688033,87.50437600209362,0.2758295068844811,0.15997809264562135,261.2027021248987,36.73039215686274,2.2051232247423664,333.1368673163751
F,154,microsam,3+6,False,2,6.220655385441848,1.4217929821688033,87.50437600209362,0.5284589367502597,0.3591193952707068,481.09880741901657,7.905351866774107,1.595962613678192,99.06688037703788
F,154,dino_clicks,3+6,False,2,6.220655385441848,1.4217929821688033,87.50437600209362,0.46784890243375044,0.30535428468961484,207.92000406677377,20.175866236905723,2.3323184694987287,173.01124611204574
F,154,rf_clicks,3+6,True,0,6.220655385441848,1.4217929821688033,87.50437600209362,0.34773531942504904,0.2104598152543241,260.04569866267576,8.060770883695945,7.552970005772668,21.344638936829266
F,154,sam,3+6,True,0,6.220655385441848,1.4217929821688033,87.50437600209362,0.7655012372270729,0.6200907285703603,264.61367334704045,6.873119795863551,2.1230778416112797,64.7467526734422
F,154,microsam,3+6,True,0,6.220655385441848,1.4217929821688033,87.50437600209362,0.49394179671024885,0.3279699254858208,582.9029251025829,3.730157131345689,1.181609895690596,63.13686344283001
F,154,dino_clicks,3+6,True,0,6.220655385441848,1.4217929821688033,87.50437600209362,0.7637427534268841,0.6177862702475282,100.72378691252628,6.173247381144239,1.4378102265954853,85.87012760037942
F,154,rf_clicks,3+6,True,1,6.220655385441848,1.4217929821688033,87.50437600209362,0.5255363784605801,0.3564254626451154,266.7030476485036,8.439296266451786,6.934190510720435,24.341114520590164
F,154,sam,3+6,True,1,6.220655385441848,1.4217929821688033,87.50437600209362,0.7339603219165263,0.5797293201960249,239.17217516970996,8.130674187483212,3.3223799340452986,48.94487896562378
F,154,microsam,3+6,True,1,6.220655385441848,1.4217929821688033,87.50437600209362,0.5175561124577188,0.34912357682270617,610.6878854847004,3.586355089981198,0.7610522251577356,94.24727952770628
F,154,dino_clicks,3+6,True,1,6.220655385441848,1.4217929821688033,87.50437600209362,0.6820243050973523,0.5174786665149619,115.65387123678425,4.974214343271555,1.2535898376446881,79.35951926058009
F,154,rf_clicks,3+6,True,2,6.220655385441848,1.4217929821688033,87.50437600209362,0.3042732927748483,0.1794353367664735,276.9421476139015,14.403068761751276,2.474460126605998,116.41382786399322
F,154,sam,3+6,True,2,6.220655385441848,1.4217929821688033,87.50437600209362,0.41634153475482494,0.262898562974163,235.14371061025727,20.86946011281225,3.281839178361174,127.18149170998481
F,154,microsam,3+6,True,2,6.220655385441848,1.4217929821688033,87.50437600209362,0.5380047343056124,0.3679934859775912,652.3086702406046,6.019910018802041,1.3245809677340976,90.89531203366204
F,154,dino_clicks,3+6,True,2,6.220655385441848,1.4217929821688033,87.50437600209362,0.729285878129979,0.573918134361126,308.68070784680106,4.610864893902766,1.2938052479395832,71.27602707201386
F,178,rf_clicks,3+6,False,0,5.801873489121676,1.3903494056105947,83.45921486654915,0.3747912772999333,0.23061116523991315,318.1557441019955,14.426235562718238,11.161952561719787,25.848946199956803
F,178,sam,3+6,False,0,5.801873489121676,1.3903494056105947,83.45921486654915,0.6863129859882849,0.5224326484680959,360.1152603168477,5.644842868654311,1.5409459364740716,73.2646452421375
F,178,microsam,3+6,False,0,5.801873489121676,1.3903494056105947,83.45921486654915,0.30045696747225553,0.1767869137302063,722.8428499700017,4.021555197421434,0.866349753833746,92.83906827757183
F,178,dino_clicks,3+6,False,0,5.801873489121676,1.3903494056105947,83.45921486654915,0.6465968742247581,0.47775630328501084,137.3197113490995,11.115766854687081,1.9412607256785357,114.52111205517483
F,178,rf_clicks,3+6,False,1,5.801873489121676,1.3903494056105947,83.45921486654915,0.37984296966544895,0.2344482433205959,286.3245844154245,20.988853075476765,6.662441808467762,63.00648824819923
F,178,sam,3+6,False,1,5.801873489121676,1.3903494056105947,83.45921486654915,0.28804457099664865,0.16825471394681082,307.0562092272358,34.44211657265646,4.220892767480996,163.19825435040045
F,178,microsam,3+6,False,1,5.801873489121676,1.3903494056105947,83.45921486654915,0.47016034940269075,0.3073265549230089,226.58409362994317,7.205244426537738,2.7361314394012313,52.667385219728466
F,178,dino_clicks,3+6,False,1,5.801873489121676,1.3903494056105947,83.45921486654915,0.6915259245097741,0.5284979943150121,168.57438407177057,9.652665860864895,1.8364521505651237,105.12297701733769
F,178,rf_clicks,3+6,False,2,5.801873489121676,1.3903494056105947,83.45921486654915,0.35942172848384785,0.2190823411014006,264.5308346866202,7.456956755304861,7.122167558612898,20.940132884930797
F,178,sam,3+6,False,2,5.801873489121676,1.3903494056105947,83.45921486654915,0.6986790326355061,0.5368998503501475,216.3722737637889,6.680432446951383,2.064948718873795,64.70313171355492
F,178,microsam,3+6,False,2,5.801873489121676,1.3903494056105947,83.45921486654915,0.2777893052924679,0.1612980956082394,726.833613932145,4.23042573193661,1.06775092811317,79.23993546720158
F,178,dino_clicks,3+6,False,2,5.801873489121676,1.3903494056105947,83.45921486654915,0.45533178736573215,0.2947764339561388,255.6574478501979,18.435233682514102,3.026008892425501,121.8452049408045
F,178,rf_clicks,3+6,True,0,5.801873489121676,1.3903494056105947,83.45921486654915,0.35385737128237926,0.21496155017748464,299.32967544449383,20.44544050496911,8.36183189869768,48.90182140148836
F,178,sam,3+6,True,0,5.801873489121676,1.3903494056105947,83.45921486654915,0.5172782596423452,0.34887075947073515,269.2993223162658,13.943929626645179,4.9036398927995375,56.871752133023975
F,178,microsam,3+6,True,0,5.801873489121676,1.3903494056105947,83.45921486654915,0.4498178432389534,0.29017095912057433,676.4586871694958,4.943963201719043,1.2193503432847763,81.09175888531969
F,178,dino_clicks,3+6,True,0,5.801873489121676,1.3903494056105947,83.45921486654915,0.6563660619244839,0.4885006573029821,130.51946398010975,8.644339242546334,1.6967510871070148,101.8928387107747
F,178,rf_clicks,3+6,True,1,5.801873489121676,1.3903494056105947,83.45921486654915,0.2257713536609784,0.1272504274614433,313.7487441978869,11.972569164652162,10.964442324165308,21.838902172461562
F,178,sam,3+6,True,1,5.801873489121676,1.3903494056105947,83.45921486654915,0.7096579338341924,0.5499765933717936,173.87955597528438,9.316747246843944,3.4366831926864223,54.219412872683975
F,178,microsam,3+6,True,1,5.801873489121676,1.3903494056105947,83.45921486654915,0.4632921507642409,0.3014835585011471,552.179007662492,2.769372817620199,0.7027106205030637,78.81972285085521
F,178,dino_clicks,3+6,True,1,5.801873489121676,1.3903494056105947,83.45921486654915,0.4560515332497387,0.2953800227605048,364.2828137523046,7.077424120333065,1.6064547106037472,88.11233922272463
F,178,rf_clicks,3+6,True,2,5.801873489121676,1.3903494056105947,83.45921486654915,0.2187423025764816,0.12280216551085175,301.2727647035175,21.45974348643567,11.221739865956508,38.24673133181118
F,178,sam,3+6,True,2,5.801873489121676,1.3903494056105947,83.45921486654915,0.5631321050150286,0.3919164085859951,264.59271758535135,9.937147461724416,3.6394163385782208,54.608467607234374
F,178,microsam,3+6,True,2,5.801873489121676,1.3903494056105947,83.45921486654915,0.3094766538905433,0.18306559007467593,614.3875507365037,5.980123556271824,1.3180372086482974,90.742863965194
F,178,dino_clicks,3+6,True,2,5.801873489121676,1.3903494056105947,83.45921486654915,0.6990722605916916,0.5373644049666014,118.53592546143975,7.226598173515982,1.588104913462888,91.00907770328939
F,202,rf_clicks,3+6,False,0,6.325073865162503,1.5709518036912489,80.52537131057166,0.3496925423547224,0.21189538999822324,288.0836738258522,29.40044990598979,4.244566097864194,138.53218080775648
F,202,sam,3+6,False,0,6.325073865162503,1.5709518036912489,80.52537131057166,0.32025084273031296,0.19065396838826695,280.68788259135675,31.47391216760677,6.908283634776066,91.1193397131761
F,202,microsam,3+6,False,0,6.325073865162503,1.5709518036912489,80.52537131057166,0.5826316512291517,0.41106579791655,504.06533246599145,4.676302712865969,1.042179221675472,89.74085484736595
F,202,dino_clicks,3+6,False,0,6.325073865162503,1.5709518036912489,80.52537131057166,0.43135197806943426,0.2749832798938292,204.2916496702692,22.285723878592535,2.6339262386937996,169.2205616938182
F,202,rf_clicks,3+6,False,1,6.325073865162503,1.5709518036912489,80.52537131057166,0.4090482010271771,0.25710910996252284,264.5750004919275,7.9328834273435405,5.776287919296861,27.46706375505326
F,202,sam,3+6,False,1,6.325073865162503,1.5709518036912489,80.52537131057166,0.369366527504238,0.22651719944084364,293.4711302284315,18.15531829170024,5.0285038445070915,72.20962279478928
F,202,microsam,3+6,False,1,6.325073865162503,1.5709518036912489,80.52537131057166,0.6209878632106763,0.45031355899193704,688.3049348346017,6.176235562718238,1.165240673858654,106.00789521474303
F,202,dino_clicks,3+6,False,1,6.325073865162503,1.5709518036912489,80.52537131057166,0.6676455980478957,0.5011021069692059,101.02482677540209,6.11355089981198,1.4289658015974152,85.56609112657212
F,202,rf_clicks,3+6,False,2,6.325073865162503,1.5709518036912489,80.52537131057166,0.3716561478339844,0.22824180982389503,277.51817285536106,24.248019070641956,7.216045000522934,67.20584217222799
F,202,sam,3+6,False,2,6.325073865162503,1.5709518036912489,80.52537131057166,0.6692574548349794,0.5029203111199749,205.70856964404766,9.614994627988182,3.351968790588035,57.369237177780676
F,202,microsam,3+6,False,2,6.325073865162503,1.5709518036912489,80.52537131057166,0.5556852940637764,0.38473976051055575,429.61277905135876,8.339712597367715,1.9689868719647785,84.71069783259475
F,202,dino_clicks,3+6,False,2,6.325073865162503,1.5709518036912489,80.52537131057166,0.2569798859201441,0.14743368928694453,334.7476334672618,42.77205882352941,2.5756179966308097,332.1304547450743
F,202,rf_clicks,3+6,True,0,6.325073865162503,1.5709518036912489,80.52537131057166,0.23185157958969566,0.13112676340592141,300.6280743018679,31.31003223207091,12.835567966706696,48.78636039057074
F,202,sam,3+6,True,0,6.325073865162503,1.5709518036912489,80.52537131057166,0.25931386533502426,0.1489722128365971,253.46873437815952,35.690337093741604,2.3206776944501377,307.5854710810938
F,202,microsam,3+6,True,0,6.325073865162503,1.5709518036912489,80.52537131057166,0.5773604478747935,0.405837477955892,485.9255286536782,5.585414987912974,1.5502593765132768,72.05781268003366
F,202,dino_clicks,3+6,True,0,6.325073865162503,1.5709518036912489,80.52537131057166,0.41441592399627464,0.26136483726599996,190.7420542250712,10.906929895245769,2.1444014532950653,101.72470158035281
F,202,rf_clicks,3+6,True,1,6.325073865162503,1.5709518036912489,80.52537131057166,0.3333282358113662,0.19999632979540904,238.082187742131,11.239054525919958,6.128396221786565,36.67861580478398
F,202,sam,3+6,True,1,6.325073865162503,1.5709518036912489,80.52537131057166,0.3710087322243597,0.2277536654514826,237.90799143344276,22.158407198495837,4.669917501655081,94.89849527595551
F,202,microsam,3+6,True,1,6.325073865162503,1.5709518036912489,80.52537131057166,0.5776528070570732,0.4061264436159732,726.7956686205741,4.552813591189901,1.0888404274441206,83.62682862312349
F,202,dino_clicks,3+6,True,1,6.325073865162503,1.5709518036912489,80.52537131057166,0.6852773834941613,0.521233433494462,81.21749349739869,7.74909347300564,1.5206755586320095,101.91645981311989
F,202,rf_clicks,3+6,True,2,6.325073865162503,1.5709518036912489,80.52537131057166,0.43922173545424714,0.28141200158375973,248.58198151630276,7.692284448025785,9.18158943807138,16.75588850908492
F,202,sam,3+6,True,2,6.325073865162503,1.5709518036912489,80.52537131057166,0.6574287872680631,0.48967889452231833,360.4303366978781,6.2527195809830785,1.990967651797182,62.81086059172233
F,202,microsam,3+6,True,2,6.325073865162503,1.5709518036912489,80.52537131057166,0.5086893511301637,0.34110220530891067,672.0195280248806,4.702591995702391,1.3032348981981141,72.16798755472732
F,202,dino_clicks,3+6,True,2,6.325073865162503,1.5709518036912489,80.52537131057166,0.6549799109678885,0.48696663812599106,157.97719757105128,6.67774644104217,1.3606443388485334,98.1556495019605
F,225,rf_clicks,3+6,False,0,7.201148267526189,1.6997594868259063,84.73137903731846,0.29331374767252305,0.17186155174831885,273.5121683764728,19.450006715014773,6.333910854949976,61.41547350580256
F,225,sam,3+6,False,0,7.201148267526189,1.6997594868259063,84.73137903731846,0.2949924345835354,0.1730153229622067,315.3126064841835,41.32802847166264,1.63215288362703,506.4234960614961
F,225,microsam,3+6,False,0,7.201148267526189,1.6997594868259063,84.73137903731846,0.5979693092908112,0.42650229645710575,555.6294140354621,5.771286596830513,1.6579074883863338,69.62133457093908
F,225,dino_clicks,3+6,False,0,7.201148267526189,1.6997594868259063,84.73137903731846,0.6043147650452665,0.432987861381844,208.88172160127803,14.7611804995971,2.240145563501017,131.78769040818534
F,225,rf_clicks,3+6,False,1,7.201148267526189,1.6997594868259063,84.73137903731846,0.4166199981547163,0.2631206644451642,259.5110239266765,24.09437953263497,5.272860347395912,91.39016755691009
F,225,sam,3+6,False,1,7.201148267526189,1.6997594868259063,84.73137903731846,0.40471154791353986,0.25369176802115134,292.1196830210021,25.92962664517862,7.774626262866426,66.7032105942508
F,225,microsam,3+6,False,1,7.201148267526189,1.6997594868259063,84.73137903731846,0.4453236179639675,0.28644136047192253,528.3738072606865,3.2033306473274243,1.237347730771557,51.77737135105851
F,225,dino_clicks,3+6,False,1,7.201148267526189,1.6997594868259063,84.73137903731846,0.6099919105971178,0.43884054722239585,152.91154606369147,15.21155654042439,2.2157607203150977,137.30324218637827
F,225,rf_clicks,3+6,False,2,7.201148267526189,1.6997594868259063,84.73137903731846,0.4076631518068307,0.2560156491193479,275.52352863476455,25.308588503894708,4.767538357479886,106.17046620794382
F,225,sam,3+6,False,2,7.201148267526189,1.6997594868259063,84.73137903731846,0.7572192964569725,0.6092943785643161,174.19060013242714,7.124294923448832,2.2103326719283816,64.46355350874232
F,225,microsam,3+6,False,2,7.201148267526189,1.6997594868259063,84.73137903731846,0.45892832744032286,0.29779817227971994,714.8245523378447,2.8738248724147195,0.6393095366411162,89.90402012501102
F,225,dino_clicks,3+6,False,2,7.201148267526189,1.6997594868259063,84.73137903731846,0.7046674849863469,0.544005092761004,98.7525812569432,7.049691109320441,1.5497035187239894,90.98115896549152
F,225,rf_clicks,3+6,True,0,7.201148267526189,1.6997594868259063,84.73137903731846,0.20108420185080922,0.11178077487434049,257.371478849153,16.711993016384636,6.93697955598425,48.182333194186455
F,225,sam,3+6,True,0,7.201148267526189,1.6997594868259063,84.73137903731846,0.29813456957237605,0.1751810479501099,273.0,39.80210851463873,2.1814857392005003,364.90826228573866
F,225,microsam,3+6,True,0,7.201148267526189,1.6997594868259063,84.73137903731846,0.554595482681598,0.3836956893634978,373.1171248038288,5.019406392694064,1.3766804411746343,72.92042862774053
F,225,dino_clicks,3+6,True,0,7.201148267526189,1.6997594868259063,84.73137903731846,0.4671347075708388,0.30474609209173326,288.96242799526476,11.373522696749934,1.9988471614914567,113.80082395357815
F,225,rf_clicks,3+6,True,1,7.201148267526189,1.6997594868259063,84.73137903731846,0.17322397631968425,0.09482496708638558,252.40100311776058,8.043546870803116,6.4234990283167175,25.04412886292888
F,225,sam,3+6,True,1,7.201148267526189,1.6997594868259063,84.73137903731846,0.32352860746953066,0.19298188380130718,294.66766237576866,35.77135374697824,4.108640372203848,174.12745096398265
F,225,microsam,3+6,True,1,7.201148267526189,1.6997594868259063,84.73137903731846,0.5097338112333326,0.3420421231291467,513.3858124198991,4.479989255976363,1.4272698672182516,62.777045306895744
F,225,dino_clicks,3+6,True,1,7.201148267526189,1.6997594868259063,84.73137903731846,0.7364382842347318,0.5828273166607557,81.44476655992084,7.6333937684662905,1.6645420853407968,91.7176421754868
F,225,rf_clicks,3+6,True,2,7.201148267526189,1.6997594868259063,84.73137903731846,0.3716604612107254,0.22824506336501998,283.2771666142543,17.669453397797476,12.0653874659566,29.289491858679497
F,225,sam,3+6,True,2,7.201148267526189,1.6997594868259063,84.73137903731846,0.6398034911675551,0.4703757780680858,201.00139924886096,4.362510072522159,2.099529718148299,41.557021411154096
F,225,microsam,3+6,True,2,7.201148267526189,1.6997594868259063,84.73137903731846,0.3495566922734644,0.2117956373521089,923.187370835662,1.9290222938490464,0.6701114562028431,57.57317759585147
F,225,dino_clicks,3+6,True,2,7.201148267526189,1.6997594868259063,84.73137903731846,0.33896781880787213,0.2040705909530265,269.3228511119607,12.74909347300564,1.9260344949349348,132.38696925245182
F,249,rf_clicks,3+6,False,0,7.7115229653505235,1.7537422574176258,87.94362948983954,0.5148003435983579,0.3466202953787518,313.96581223120455,16.013933655654043,11.880095238470156,26.959268144244636
F,249,sam,3+6,False,0,7.7115229653505235,1.7537422574176258,87.94362948983954,0.6693050200622066,0.5029740324815044,219.03347805666596,9.408877249529949,2.600465161363298,72.36303250144162
F,249,microsam,3+6,False,0,7.7115229653505235,1.7537422574176258,87.94362948983954,0.5831444010705215,0.4115764524706137,538.4294696856921,4.1061643835616435,0.8070128228631472,101.76206045880797
F,249,dino_clicks,3+6,False,0,7.7115229653505235,1.7537422574176258,87.94362948983954,0.703755015824697,0.5429182171705298,148.8459015378668,11.457930432446952,1.9868884200025152,115.33541911158198
F,249,rf_clicks,3+6,False,1,7.7115229653505235,1.7537422574176258,87.94362948983954,0.16855723476783824,0.09203521833589551,311.18388107347823,3.831990330378727,3.8812527840186077,19.74615178973798
F,249,sam,3+6,False,1,7.7115229653505235,1.7537422574176258,87.94362948983954,0.47336440768879356,0.3100703337933822,298.686310025024,20.14313053988719,5.149556181326732,78.23249161910303
F,249,microsam,3+6,False,1,7.7115229653505235,1.7537422574176258,87.94362948983954,0.578996146988394,0.4074557192517795,266.86610854135876,6.56197958635509,2.2175761745797833,59.18154840925403
F,249,dino_clicks,3+6,False,1,7.7115229653505235,1.7537422574176258,87.94362948983954,0.6914360215538464,0.5283929811172764,180.86001032217703,11.654176739188825,2.019395702893115,115.42241792920831
F,249,rf_clicks,3+6,False,2,7.7115229653505235,1.7537422574176258,87.94362948983954,0.4314638167244614,0.27507418784783483,340.7272782226278,21.819433252753157,9.33784136201767,46.73335604416079
F,249,sam,3+6,False,2,7.7115229653505235,1.7537422574176258,87.94362948983954,0.37453834578536305,0.23041967481313863,300.44487847190874,27.943258125167876,5.9258386323485785,94.30988543166983
F,249,microsam,3+6,False,2,7.7115229653505235,1.7537422574176258,87.94362948983954,0.4645301462081228,0.3025328990087009,509.1350702799549,8.452759871071716,2.3557096782829072,71.76402040537516
F,249,dino_clicks,3+6,False,2,7.7115229653505235,1.7537422574176258,87.94362948983954,0.6673391059277252,0.5007568758834856,159.741710431577,10.396521622347569,1.9835607570968206,104.82685327536049
F,249,rf_clicks,3+6,True,0,7.7115229653505235,1.7537422574176258,87.94362948983954,0.3602885881990744,0.21972682851756378,354.3765108181912,18.898334676336287,12.683778132302368,29.799219884187377
F,249,sam,3+6,True,0,7.7115229653505235,1.7537422574176258,87.94362948983954,0.4316341616455076,0.27521267748242473,294.0657396067929,23.537738383024443,5.989771856482249,78.59310486943318
F,249,microsam,3+6,True,0,7.7115229653505235,1.7537422574176258,87.94362948983954,0.549878558898934,0.3791948338350307,311.37815540114724,12.194466827827021,3.1516659448980517,77.38425988685474
F,249,dino_clicks,3+6,True,0,7.7115229653505235,1.7537422574176258,87.94362948983954,0.5679097696497601,0.3965600474146584,228.54918108195486,11.908776524308353,1.7289649114102923,137.75613889809404
F,249,rf_clicks,3+6,True,1,7.7115229653505235,1.7537422574176258,87.94362948983954,0.3370083559632601,0.20265186368898838,281.2001344683178,9.622549019607844,5.704395937794052,33.73731110021434
F,249,sam,3+6,True,1,7.7115229653505235,1.7537422574176258,87.94362948983954,0.41153534362248106,0.25907743176419434,325.3694765681132,26.706050228310502,8.466184882840176,63.08874799660965
F,249,microsam,3+6,True,1,7.7115229653505235,1.7537422574176258,87.94362948983954,0.5800021328433262,0.40845281972478653,284.70908946677486,8.660085952189094,2.291662331011828,75.5790749361006
F,249,dino_clicks,3+6,True,1,7.7115229653505235,1.7537422574176258,87.94362948983954,0.4970105357087204,0.3306813171462123,479.36067743119685,12.75721864088101,1.7283683491615283,147.62152578262422
F,249,rf_clicks,3+6,True,2,7.7115229653505235,1.7537422574176258,87.94362948983954,0.33941440043690346,0.20439440190629382,415.57003458395735,5.813691915122213,6.262444769579241,18.566844512108396
F,249,sam,3+6,True,2,7.7115229653505235,1.7537422574176258,87.94362948983954,0.5636995895657625,0.3924663569478052,285.0360694039664,9.426369863013699,3.6847633870929575,51.16404432389078
F,249,microsam,3+6,True,2,7.7115229653505235,1.7537422574176258,87.94362948983954,0.32213861551466827,0.19199358093188448,653.1448875000427,5.1569970453935,1.1196375244687882,92.1190462572293
F,249,dino_clicks,3+6,True,2,7.7115229653505235,1.7537422574176258,87.94362948983954,0.6820649048966168,0.5175254133763797,136.5067703536087,9.806204673650281,1.9940467718199495,98.35481105290467
F,29,rf_clicks,25+25,False,0,8.27074939564867,1.5627983787633835,105.8453797756455,0.6033762069134523,0.43202486589462075,284.6135427313626,15.705714477571851,9.573676340129088,32.81020565054966
F,29,sam,25+25,False,0,8.27074939564867,1.5627983787633835,105.8453797756455,0.7395862960568843,0.5867805893756475,276.12929310145853,12.505506312113887,2.9289699151138735,85.3918385954312
F,29,microsam,25+25,False,0,8.27074939564867,1.5627983787633835,105.8453797756455,0.5514948065157017,0.3807337446882822,284.2807320344702,17.213671770077895,3.367233854833604,102.24221133538424
F,29,dino_clicks,25+25,False,0,8.27074939564867,1.5627983787633835,105.8453797756455,0.6361384313264924,0.4664244861340297,237.40242994183373,16.315001343002955,2.6133630506376404,124.85828433995974
F,29,rf_clicks,25+25,False,1,8.27074939564867,1.5627983787633835,105.8453797756455,0.6066553329059948,0.43539502266244756,282.91338658617684,15.823395111469246,7.819354939653429,40.47237971312905
F,29,sam,25+25,False,1,8.27074939564867,1.5627983787633835,105.8453797756455,0.7469958927679414,0.5961639618389506,251.31663597487957,11.08675799086758,2.8590517412632432,77.55549038066032
F,29,microsam,25+25,False,1,8.27074939564867,1.5627983787633835,105.8453797756455,0.5021634353859645,0.3352591646174445,302.52354576974795,17.34390948160086,2.973878575724015,116.64167880410747
F,29,dino_clicks,25+25,False,1,8.27074939564867,1.5627983787633835,105.8453797756455,0.7267578675735489,0.5707931343652187,198.9347764680765,11.375872951920494,2.1207899884770884,107.27957990870523
F,29,rf_clicks,25+25,False,2,8.27074939564867,1.5627983787633835,105.8453797756455,0.5475257811525971,0.3769607570639574,298.9697496099866,20.005674187483212,7.869632660502445,50.842714140626555
F,29,sam,25+25,False,2,8.27074939564867,1.5627983787633835,105.8453797756455,0.7202728709339258,0.5628331654261094,305.50194480007366,13.18808756379264,3.132843137595548,84.19245384826051
F,29,microsam,25+25,False,2,8.27074939564867,1.5627983787633835,105.8453797756455,0.5309990680934478,0.3614695243278622,311.07737720664625,17.84981869460113,2.810898302456135,127.00437208279028
F,29,dino_clicks,25+25,False,2,8.27074939564867,1.5627983787633835,105.8453797756455,0.6593591639678731,0.4918238697840711,209.05105078858122,13.023704002148804,2.18241689674488,119.35120206935648
F,29,rf_clicks,25+25,True,0,8.27074939564867,1.5627983787633835,105.8453797756455,0.3919068497327249,0.2437090473692942,680.6120985964998,32.25423045930701,7.999167620797454,80.64396694337933
F,29,sam,25+25,True,0,8.27074939564867,1.5627983787633835,105.8453797756455,0.738966005025288,0.5860000665882974,261.0586649341049,12.521219446682784,3.0606765183237488,81.81994648385985
F,29,microsam,25+25,True,0,8.27074939564867,1.5627983787633835,105.8453797756455,0.4776943630585147,0.31379661972366224,223.11433267149303,19.587261616975557,3.8241640823447685,102.4394413796477
F,29,dino_clicks,25+25,True,0,8.27074939564867,1.5627983787633835,105.8453797756455,0.6112436977446224,0.4401374789456913,252.42584847167754,17.22119258662369,2.9290609691069447,117.58848838079557
F,29,rf_clicks,25+25,True,1,8.27074939564867,1.5627983787633835,105.8453797756455,0.46850648057597255,0.3059147653149528,381.2639259430861,22.0788342734354,8.528296786631138,51.77782815449371
F,29,sam,25+25,True,1,8.27074939564867,1.5627983787633835,105.8453797756455,0.6819491066905284,0.5173920902084699,259.012205004165,15.124059897931776,3.114931117067143,97.10686579915001
F,29,microsam,25+25,True,1,8.27074939564867,1.5627983787633835,105.8453797756455,0.4734021960058933,0.31010276234336887,298.74068155543125,16.705613752350256,2.694389822184054,124.00294578613571
F,29,dino_clicks,25+25,True,1,8.27074939564867,1.5627983787633835,105.8453797756455,0.7044040874753537,0.5436911931149317,201.2310404483352,10.0007722266989,2.1052642169437394,95.0072883603869
F,29,rf_clicks,25+25,True,2,8.27074939564867,1.5627983787633835,105.8453797756455,0.47763529636684204,0.3137456453285829,349.89234646422284,20.17949234488316,13.41513680672967,30.084661283156155
F,29,sam,25+25,True,2,8.27074939564867,1.5627983787633835,105.8453797756455,0.7537102702664804,0.6047632843990762,247.74722392020703,10.884199570239055,3.052631708541921,71.31027001903125
F,29,microsam,25+25,True,2,8.27074939564867,1.5627983787633835,105.8453797756455,0.5484660316363145,0.377852701755647,232.62372770918023,12.324503088906795,3.123085190368235,78.92518031154727
F,29,dino_clicks,25+25,True,2,8.27074939564867,1.5627983787633835,105.8453797756455,0.6802037656068854,0.5153854419956466,198.20169014689324,12.088604619930164,2.1399867987882324,112.97831020990726
F,53,rf_clicks,25+25,False,0,9.63950443190975,1.7396894287744982,110.81868145511666,0.6016245878969133,0.43023109723597047,233.2823195722299,15.586422240128929,6.061151673315885,51.43056329953887
F,53,sam,25+25,False,0,9.63950443190975,1.7396894287744982,110.81868145511666,0.795420528600779,0.6603304700825018,128.77548291503317,12.02991539081386,2.9854626658310908,80.58995698386991
F,53,microsam,25+25,False,0,9.63950443190975,1.7396894287744982,110.81868145511666,0.6769743150710077,0.5116864493128426,210.7509729743841,13.224550094010207,3.0402435758492756,86.99664855185821
F,53,dino_clicks,25+25,False,0,9.63950443190975,1.7396894287744982,110.81868145511666,0.7104612497738559,0.5509421486165217,138.1536725026249,14.300899811979587,2.388589130305726,119.74348899552392
F,53,rf_clicks,25+25,False,1,9.63950443190975,1.7396894287744982,110.81868145511666,0.6064086052691852,0.4351408939248786,239.83618233886338,19.532634971796938,6.829685076349551,57.19922588945223
F,53,sam,25+25,False,1,9.63950443190975,1.7396894287744982,110.81868145511666,0.7544772354209262,0.6057514618577869,797.875,14.516854687080311,4.248142735901633,68.3444770553324
F,53,microsam,25+25,False,1,9.63950443190975,1.7396894287744982,110.81868145511666,0.5636511405298994,0.3924193880989624,240.50384286154565,18.24576954069299,3.5075375627429035,104.0374862096972
F,53,dino_clicks,25+25,False,1,9.63950443190975,1.7396894287744982,110.81868145511666,0.7100317752218366,0.5504257869173027,162.01013398500666,15.117647058823529,2.487751525161626,121.53663182130985
F,53,rf_clicks,25+25,False,2,9.63950443190975,1.7396894287744982,110.81868145511666,0.5990043140524594,0.42755614457679975,228.16064789967615,20.884333870534515,8.978685379219508,46.51980326400507
F,53,sam,25+25,False,2,9.63950443190975,1.7396894287744982,110.81868145511666,0.7873450939479525,0.6492738288679792,127.9629462969652,12.341122750470051,2.5416561965005897,97.110874141527
F,53,microsam,25+25,False,2,9.63950443190975,1.7396894287744982,110.81868145511666,0.6295370882017688,0.45936090847999067,212.4068310765588,15.51541095890411,3.2296744555270473,96.08033981475799
F,53,dino_clicks,25+25,False,2,9.63950443190975,1.7396894287744982,110.81868145511666,0.667080879908458,0.5004661347063912,168.1855280903725,17.325611066344347,2.691342409919872,128.75070078400148
F,53,rf_clicks,25+25,True,0,9.63950443190975,1.7396894287744982,110.81868145511666,0.5651493821367121,0.3938733238853156,362.89631584575886,21.698730862207896,9.429349399912327,46.02381339779317
F,53,sam,25+25,True,0,9.63950443190975,1.7396894287744982,110.81868145511666,0.6323901467621208,0.4624053747966995,798.0357462029876,13.425295460650013,8.854546469266047,30.3240725140445
F,53,microsam,25+25,True,0,9.63950443190975,1.7396894287744982,110.81868145511666,0.6052036826061521,0.43390111879343385,225.87850714886517,17.620937416062315,4.225769348366666,83.3975352813476
F,53,dino_clicks,25+25,True,0,9.63950443190975,1.7396894287744982,110.81868145511666,0.6770932371543136,0.511822341657569,170.74951842558542,16.351363147998924,2.6058936419988314,125.49524573425593
F,53,rf_clicks,25+25,True,1,9.63950443190975,1.7396894287744982,110.81868145511666,0.6486137316561845,0.47996175989792295,248.1974059831129,15.984991941982273,7.732707360200165,41.343842970849195
F,53,sam,25+25,True,1,9.63950443190975,1.7396894287744982,110.81868145511666,0.5232524713911106,0.3543276431848981,789.1308529797527,20.96182514101531,12.031739495183983,34.844213755468736
F,53,microsam,25+25,True,1,9.63950443190975,1.7396894287744982,110.81868145511666,0.6335617629665704,0.46365927547669356,221.50514417991974,15.455244426537739,3.90666761285859,79.12239257656637
F,53,dino_clicks,25+25,True,1,9.63950443190975,1.7396894287744982,110.81868145511666,0.7104112033234222,0.550881959547288,151.3938436289951,15.237040021488047,2.534931268088455,120.21659295699973
F,53,rf_clicks,25+25,True,2,9.63950443190975,1.7396894287744982,110.81868145511666,0.663106289938228,0.49600524330957374,329.8027469015318,14.960750738651624,6.891596193298279,43.41737478234776
F,53,sam,25+25,True,2,9.63950443190975,1.7396894287744982,110.81868145511666,0.761928073975661,0.6154150320024964,800.3770849182927,13.13006983615364,4.629285438772389,56.72611900827406
F,53,microsam,25+25,True,2,9.63950443190975,1.7396894287744982,110.81868145511666,0.641711703004261,0.47244145769613,242.66342135686463,10.855828632822993,2.229199962686463,97.39663390035561
F,53,dino_clicks,25+25,True,2,9.63950443190975,1.7396894287744982,110.81868145511666,0.7121118708664947,0.5529299127445221,158.63529320425516,14.322354284179426,2.5590721748040974,111.93396126293962
F,77,rf_clicks,25+25,False,0,10.137724952994896,1.8388335770231192,110.2625607849387,0.5798214340754744,0.4082736129016389,242.0584639656023,22.54123019070642,7.1354530910905085,63.180935822707376
F,77,sam,25+25,False,0,10.137724952994896,1.8388335770231192,110.2625607849387,0.7924494325227267,0.6562453398355436,105.71246378738886,11.117479183454204,2.4893872117275806,89.31900293437207
F,77,microsam,25+25,False,0,10.137724952994896,1.8388335770231192,110.2625607849387,0.5494531996994946,0.37879039792833025,220.64185067490794,21.325073865162505,3.7416639356593144,113.98711499409332
F,77,dino_clicks,25+25,False,0,10.137724952994896,1.8388335770231192,110.2625607849387,0.7347441321554975,0.5807079428188798,134.88478880140636,15.304593070104755,2.386802141933491,128.24350038254005
F,77,rf_clicks,25+25,False,1,10.137724952994896,1.8388335770231192,110.2625607849387,0.6726194043267214,0.5067268623024831,220.37899777373266,17.315370668815472,6.014189667092121,57.58172464549993
F,77,sam,25+25,False,1,10.137724952994896,1.8388335770231192,110.2625607849387,0.7177341975332517,0.5597390152279789,779.0582855705884,12.432144775718507,6.061278318944792,41.021527544317806
F,77,microsam,25+25,False,1,10.137724952994896,1.8388335770231192,110.2625607849387,0.5195747395506631,0.3509631681054689,244.75003192032477,15.019473542841794,3.772895462549153,79.61775613413843
F,77,dino_clicks,25+25,False,1,10.137724952994896,1.8388335770231192,110.2625607849387,0.7765934224812684,0.6347795056458883,110.97928660207634,13.549288208434058,2.2531223052824925,120.27121809293234
F,77,rf_clicks,25+25,False,2,10.137724952994896,1.8388335770231192,110.2625607849387,0.6737574802987751,0.5080198155994567,231.5097527643274,15.996373892022563,6.323487965457434,50.59351414726826
F,77,sam,25+25,False,2,10.137724952994896,1.8388335770231192,110.2625607849387,0.7089649630863978,0.5491446342008476,765.6794112954503,14.765981735159817,7.980365684314113,37.005777226933944
F,77,microsam,25+25,False,2,10.137724952994896,1.8388335770231192,110.2625607849387,0.5440308496981807,0.3736554786105216,217.36402300646688,22.89568224550094,3.488923853529217,131.24781856354267
F,77,dino_clicks,25+25,False,2,10.137724952994896,1.8388335770231192,110.2625607849387,0.5966520819770581,0.42516333570197673,171.75411881785573,23.12728310502283,2.491126369896955,185.67731757405377
F,77,rf_clicks,25+25,True,0,10.137724952994896,1.8388335770231192,110.2625607849387,0.45483308438858927,0.29435854456449795,274.72233832177733,26.366975557346226,9.452231574650206,55.7899483293647
F,77,sam,25+25,True,0,10.137724952994896,1.8388335770231192,110.2625607849387,0.4284478355795068,0.27262718049037593,774.9188667208974,23.586724415793714,11.33428456503676,41.62013805185809
F,77,microsam,25+25,True,0,10.137724952994896,1.8388335770231192,110.2625607849387,0.5093589584976991,0.34170463868642437,217.58137078542836,22.971125436475962,3.340125610945192,137.54647646305474
F,77,dino_clicks,25+25,True,0,10.137724952994896,1.8388335770231192,110.2625607849387,0.7144487123887409,0.555752788141413,148.8113175423229,15.875167875369327,2.5809803633751174,123.01657231215472
F,77,rf_clicks,25+25,True,1,10.137724952994896,1.8388335770231192,110.2625607849387,0.5890791602163817,0.4175139693214285,241.5941114840012,20.74650819231802,8.855201050283867,46.85722678572715
F,77,sam,25+25,True,1,10.137724952994896,1.8388335770231192,110.2625607849387,0.5235840346390177,0.35463178868497397,764.8441894004333,21.49973139940908,13.483231603874659,31.891065927000366
F,77,microsam,25+25,True,1,10.137724952994896,1.8388335770231192,110.2625607849387,0.5518356822272537,0.3810587482751737,188.26414668912736,21.68546870803116,3.3316094829159035,130.18013557250126
F,77,dino_clicks,25+25,True,1,10.137724952994896,1.8388335770231192,110.2625607849387,0.7201229457100038,0.5626500946291967,128.58258296854527,16.253558957829707,2.3843972140823393,136.33264509650974
F,77,rf_clicks,25+25,True,2,10.137724952994896,1.8388335770231192,110.2625607849387,0.6014226477429795,0.43002458660753023,459.1940628980252,18.74446011281225,10.98543468730076,34.126023496331875
F,77,sam,25+25,True,2,10.137724952994896,1.8388335770231192,110.2625607849387,0.5945411316737912,0.4230227899745248,768.0073888428476,19.701081117378457,11.048824755179965,35.66185825898288
F,77,microsam,25+25,True,2,10.137724952994896,1.8388335770231192,110.2625607849387,0.4959251382390472,0.32972104703513494,275.96308480678675,15.516149610529142,3.2945700756337777,94.19225728591792
F,77,dino_clicks,25+25,True,2,10.137724952994896,1.8388335770231192,110.2625607849387,0.7430403022910725,0.5911409121910745,119.85407794480753,14.457326081117378,2.3670416997164487,122.15522931302176
F,100,rf_clicks,25+25,False,0,8.316780821917808,1.6779888857043648,99.12796077223952,0.582711040911327,0.41114483900729343,269.1033853932473,18.233011012624228,8.362963589878804,43.604186044025234
F,100,sam,25+25,False,0,8.316780821917808,1.6779888857043648,99.12796077223952,0.744117576695189,0.5925057655772181,256.9926068482538,12.734622616169755,3.1460342322517176,80.95666910181825
F,100,microsam,25+25,False,0,8.316780821917808,1.6779888857043648,99.12796077223952,0.6026193331013715,0.4312492274841869,268.4640655458423,18.50909884501746,4.137113697090821,89.4783184616506
F,100,dino_clicks,25+25,False,0,8.316780821917808,1.6779888857043648,99.12796077223952,0.7007266135181565,0.5393219170105341,126.80207092723447,14.315706419554123,2.119926599657032,135.05851025096962
F,100,rf_clicks,25+25,False,1,8.316780821917808,1.6779888857043648,99.12796077223952,0.5455957725582381,0.37513351671008205,256.5339280680043,19.563423314531292,6.572683691519729,59.5294836408227
F,100,sam,25+25,False,1,8.316780821917808,1.6779888857043648,99.12796077223952,0.597548552258514,0.42607432379980703,700.999740932542,13.27088369594413,8.53277344866543,31.105674551853394
F,100,microsam,25+25,False,1,8.316780821917808,1.6779888857043648,99.12796077223952,0.7413860370351639,0.589049588555913,216.7801155461303,10.2715887724953,1.8706050183012923,109.82103300271257
F,100,dino_clicks,25+25,False,1,8.316780821917808,1.6779888857043648,99.12796077223952,0.6681280585836543,0.501645869852285,133.71883952196868,15.469715283373624,2.1323711640856975,145.0940206275638
F,100,rf_clicks,25+25,False,2,8.316780821917808,1.6779888857043648,99.12796077223952,0.6406720252111773,0.4713152654058402,257.33453990087986,14.653303787268332,8.626568512277727,33.97249732941454
F,100,sam,25+25,False,2,8.316780821917808,1.6779888857043648,99.12796077223952,0.48821866606562614,0.3229426472643692,738.075643989151,20.28434730056406,13.014091282374311,31.172898453595835
F,100,microsam,25+25,False,2,8.316780821917808,1.6779888857043648,99.12796077223952,0.6708213122912242,0.5046885858872586,308.0157348273397,12.328330647327425,2.306689936157278,106.89196197617466
F,100,dino_clicks,25+25,False,2,8.316780821917808,1.6779888857043648,99.12796077223952,0.6788572021424217,0.5138408983822836,136.12030325394966,14.983682514101531,2.189936438792875,136.84125482985027
F,100,rf_clicks,25+25,True,0,8.316780821917808,1.6779888857043648,99.12796077223952,0.4950939489909956,0.32898661591469225,640.0533406459905,20.614558152027936,10.292970788544284,40.05560411182982
F,100,sam,25+25,True,0,8.316780821917808,1.6779888857043648,99.12796077223952,0.30506243983968123,0.17998447082075777,757.9693136628467,28.726665323663713,10.336397898368936,55.58351295318599
F,100,microsam,25+25,True,0,8.316780821917808,1.6779888857043648,99.12796077223952,0.6477536727810633,0.4790204711542826,287.3420916583696,13.563624764974483,3.325293970104922,81.5785003486264
F,100,dino_clicks,25+25,True,0,8.316780821917808,1.6779888857043648,99.12796077223952,0.7880016259166662,0.650167230226404,130.98145145401313,9.77256244963739,1.7559401371807892,111.30860605905973
F,100,rf_clicks,25+25,True,1,8.316780821917808,1.6779888857043648,99.12796077223952,0.5385384354029367,0.3684930541101271,257.26731901267397,19.05620467365028,12.541956170630723,30.387930581792116
F,100,sam,25+25,True,1,8.316780821917808,1.6779888857043648,99.12796077223952,0.26373582531316675,0.15189844331190921,733.7567796710885,32.07782702121945,13.000584092235297,49.34828588259843
F,100,microsam,25+25,True,1,8.316780821917808,1.6779888857043648,99.12796077223952,0.7121876288619499,0.5530212667801785,345.9387969319555,8.863282299221058,1.8170778757615738,97.55533780307879
F,100,dino_clicks,25+25,True,1,8.316780821917808,1.6779888857043648,99.12796077223952,0.7781942066133207,0.6369213592090379,101.03201436416852,10.388497179693795,1.7850438191570277,116.39487017858954
F,100,rf_clicks,25+25,True,2,8.316780821917808,1.6779888857043648,99.12796077223952,0.49658880447518616,0.33030803944614495,307.89547344905986,20.10868251410153,8.338578746692884,48.23047937773981
F,100,sam,25+25,True,2,8.316780821917808,1.6779888857043648,99.12796077223952,0.4746674420295122,0.31118947769729316,727.0731051187643,18.011079774375503,14.4632756735715,24.905948252492824
F,100,microsam,25+25,True,2,8.316780821917808,1.6779888857043648,99.12796077223952,0.6471876617606642,0.47840165517929034,205.63987408002413,11.596024711254366,2.378278023663183,97.51614063517597
F,100,dino_clicks,25+25,True,2,8.316780821917808,1.6779888857043648,99.12796077223952,0.7426973310089587,0.5907068753818503,109.87992270002428,9.691042170292775,1.8492426101966233,104.81093304747463
F,124,rf_clicks,25+25,False,0,6.899946279881815,1.5424681853569302,89.46630271385668,0.5248129455430962,0.3557602705077345,280.3730187902284,17.035522428149342,8.504112872249696,40.06419642838708
F,124,sam,25+25,False,0,6.899946279881815,1.5424681853569302,89.46630271385668,0.70885479210012,0.5490124486099531,353.2936155294146,11.190068493150685,3.820112093858272,58.585026921808655
F,124,microsam,25+25,False,0,6.899946279881815,1.5424681853569302,89.46630271385668,0.6871523792963543,0.5234060438240821,241.8857002032106,7.581822455009401,1.512996798698887,100.22258423189588
F,124,dino_clicks,25+25,False,0,6.899946279881815,1.5424681853569302,89.46630271385668,0.5933453469105512,0.4218130908019116,180.52278500835925,15.774879129734085,2.175419417645672,145.02839316205336
F,124,rf_clicks,25+25,False,1,6.899946279881815,1.5424681853569302,89.46630271385668,0.5198575157635433,0.351221265047139,275.69215639302547,17.088268869191513,6.591613063967442,51.84851933316066
F,124,sam,25+25,False,1,6.899946279881815,1.5424681853569302,89.46630271385668,0.6882150598522218,0.5246401592129052,406.1752336395001,11.362308622078968,4.732299504602451,48.020243059546125
F,124,microsam,25+25,False,1,6.899946279881815,1.5424681853569302,89.46630271385668,0.7120951320707672,0.5529097294396554,219.50435957530777,8.451148267526188,1.9739404344000728,85.62718631471462
F,124,dino_clicks,25+25,False,1,6.899946279881815,1.5424681853569302,89.46630271385668,0.6906523325640237,0.5274781860775681,150.1925500355698,11.226497448294387,1.909343706709864,117.595353930693
F,124,rf_clicks,25+25,False,2,6.899946279881815,1.5424681853569302,89.46630271385668,0.5281379566536853,0.35882300181676724,265.25281719162,14.972569164652162,8.033642233970076,37.27467250493429
F,124,sam,25+25,False,2,6.899946279881815,1.5424681853569302,89.46630271385668,0.7043261880217307,0.5435983821779548,250.87179245582792,11.436710985764169,3.8718663204692008,59.07595995916638
F,124,microsam,25+25,False,2,6.899946279881815,1.5424681853569302,89.46630271385668,0.7121134726092795,0.5529318441214174,204.59259460126884,8.677914316411496,1.83274627340587,94.69848000601807
F,124,dino_clicks,25+25,False,2,6.899946279881815,1.5424681853569302,89.46630271385668,0.751041152854351,0.6013337865941449,126.86192731777732,9.232104485629868,1.6883750658579393,109.36082476364481
F,124,rf_clicks,25+25,True,0,6.899946279881815,1.5424681853569302,89.46630271385668,0.4653699432500204,0.30324568530579615,326.3854063843556,19.812214611872147,9.707258466373535,40.819382074769564
F,124,sam,25+25,True,0,6.899946279881815,1.5424681853569302,89.46630271385668,0.4186521597675668,0.2647438780490139,842.6533039294003,19.72515444533978,13.293357229830757,29.676708606123732
F,124,microsam,25+25,True,0,6.899946279881815,1.5424681853569302,89.46630271385668,0.7577131715121366,0.6099341586310146,306.06669053265557,6.53109051839914,1.498428384477131,87.17254139146773
F,124,dino_clicks,25+25,True,0,6.899946279881815,1.5424681853569302,89.46630271385668,0.5644308090518518,0.3931756216355292,178.80760237780373,16.552544990598978,2.2659907900045746,146.09543042816657
F,124,rf_clicks,25+25,True,1,6.899946279881815,1.5424681853569302,89.46630271385668,0.44791174033619485,0.28858651403832936,292.2414646026585,19.722837765243085,9.594159416012749,41.114259019556144
F,124,sam,25+25,True,1,6.899946279881815,1.5424681853569302,89.46630271385668,0.7270313371512966,0.5711305850407307,257.8581025828511,10.195541230190706,3.543696989430792,57.541834195188166
F,124,microsam,25+25,True,1,6.899946279881815,1.5424681853569302,89.46630271385668,0.675635565359977,0.5101583428911863,264.86141979450827,5.610831318828901,1.3246245866920394,84.71579608590426
F,124,dino_clicks,25+25,True,1,6.899946279881815,1.5424681853569302,89.46630271385668,0.7483359290763149,0.5978728210390097,105.55181866329464,7.112610797743755,1.4635688264752993,97.19543992847944
F,124,rf_clicks,25+25,True,2,6.899946279881815,1.5424681853569302,89.46630271385668,0.5632482251025858,0.3920289050227917,547.625,13.719178082191782,8.8018855251637,31.173270870133535
F,124,sam,25+25,True,2,6.899946279881815,1.5424681853569302,89.46630271385668,0.3985396456857709,0.24886013856798345,925.132492647433,19.650114155251142,10.844906691156066,36.23841996035918
F,124,microsam,25+25,True,2,6.899946279881815,1.5424681853569302,89.46630271385668,0.7298634061863896,0.5746337911538791,343.46365337673103,7.912100456621005,1.5938377203441432,99.28363917642274
F,124,dino_clicks,25+25,True,2,6.899946279881815,1.5424681853569302,89.46630271385668,0.7347242370430941,0.5806830878717448,158.7829556961377,6.732171635777599,1.545403598646706,87.12509329825414
F,154,rf_clicks,25+25,False,0,6.220655385441848,1.4217929821688033,87.50437600209362,0.6044679735553253,0.43314518198145363,259.7591838488432,12.158575073865162,7.976114496018414,30.487463739229383
F,154,sam,25+25,False,0,6.220655385441848,1.4217929821688033,87.50437600209362,0.7767043547137852,0.6349277525074973,150.18727815023624,9.08148670427075,2.4053027344696396,75.51221369457416
F,154,microsam,25+25,False,0,6.220655385441848,1.4217929821688033,87.50437600209362,0.7330374445208476,0.5785786180899564,302.7048305191564,7.206856030083266,1.4912652101226376,96.65425011142845
F,154,dino_clicks,25+25,False,0,6.220655385441848,1.4217929821688033,87.50437600209362,0.6768529903094764,0.5115478365988888,107.25,11.747448294386247,1.9334349122651389,121.51894247759687
F,154,rf_clicks,25+25,False,1,6.220655385441848,1.4217929821688033,87.50437600209362,0.5069031735626421,0.3394978574645769,287.625,15.546904378189632,6.54095820948691,47.53708518009067
F,154,sam,25+25,False,1,6.220655385441848,1.4217929821688033,87.50437600209362,0.8284580647467442,0.7071518652617875,102.61974712500513,7.868620735965619,2.1804306344012687,72.17492372213242
F,154,microsam,25+25,False,1,6.220655385441848,1.4217929821688033,87.50437600209362,0.6280391249269148,0.45776751825627593,604.838009808282,4.804861670695676,0.9016812784562643,106.57561126081944
F,154,dino_clicks,25+25,False,1,6.220655385441848,1.4217929821688033,87.50437600209362,0.7696253085955398,0.6255210822948742,61.87815648514425,8.508091592801504,1.5282035231698416,111.34762436817037
F,154,rf_clicks,25+25,False,2,6.220655385441848,1.4217929821688033,87.50437600209362,0.5099005724224763,0.3421923148117902,269.0751724295616,14.472602739726028,7.252061010764414,39.91307496791322
F,154,sam,25+25,False,2,6.220655385441848,1.4217929821688033,87.50437600209362,0.7603988686926593,0.6134222125876148,203.16107063830836,8.772730325006716,2.629732451512905,66.71956548248622
F,154,microsam,25+25,False,2,6.220655385441848,1.4217929821688033,87.50437600209362,0.6955220005579201,0.5331803225929392,487.5714825307615,5.935502283105023,1.3445807400087668,88.28777784019609
F,154,dino_clicks,25+25,False,2,6.220655385441848,1.4217929821688033,87.50437600209362,0.7720891248166515,0.628782707622298,60.14695545079568,8.68086892291163,1.5389842561456601,112.81296593186218
F,154,rf_clicks,25+25,True,0,6.220655385441848,1.4217929821688033,87.50437600209362,0.42377147673365717,0.26885154689086316,606.1271782802681,17.362073596561913,11.027170296477683,31.489626313484493
F,154,sam,25+25,True,0,6.220655385441848,1.4217929821688033,87.50437600209362,0.8077320292568367,0.6774752396924343,128.47215422057184,8.018734891216761,2.07617079133376,77.24542628851277
F,154,microsam,25+25,True,0,6.220655385441848,1.4217929821688033,87.50437600209362,0.643034628601639,0.47387696263684886,351.2036822009973,5.21065001343003,1.196841165095664,87.07337557216356
F,154,dino_clicks,25+25,True,0,6.220655385441848,1.4217929821688033,87.50437600209362,0.6097961073371715,0.4386378937330941,119.73284062862619,13.939934192855224,1.9828165300756417,140.60740347291167
F,154,rf_clicks,25+25,True,1,6.220655385441848,1.4217929821688033,87.50437600209362,0.3750593179323126,0.23081415960062068,314.3646363749741,22.221796937953265,15.209678872286098,29.220599756966735
F,154,sam,25+25,True,1,6.220655385441848,1.4217929821688033,87.50437600209362,0.5476956537896583,0.3771218169379037,707.6250904998228,10.945373354821381,8.435987009357243,25.94924184373616
F,154,microsam,25+25,True,1,6.220655385441848,1.4217929821688033,87.50437600209362,0.6906343236662513,0.5274571772799497,340.9955027568333,5.527800161160354,1.1556167882902146,95.66839487229977
F,154,dino_clicks,25+25,True,1,6.220655385441848,1.4217929821688033,87.50437600209362,0.6546209014719576,0.48656984651253155,105.75616358302455,12.27581923180231,1.849793034156711,132.72640782106356
F,154,rf_clicks,25+25,True,2,6.220655385441848,1.4217929821688033,87.50437600209362,0.5273608788788385,0.3581059821888637,305.12658361242524,13.77894171367177,8.620526303408198,31.967750526378303
F,154,sam,25+25,True,2,6.220655385441848,1.4217929821688033,87.50437600209362,0.8196172650397633,0.694365683913001,154.65267978942413,6.580042976094547,2.273199886523335,57.892339473570544
F,154,microsam,25+25,True,2,6.220655385441848,1.4217929821688033,87.50437600209362,0.6886518786152269,0.5251480269693879,478.07985779549347,5.376645178619393,1.310376479198045,82.06260206852795
F,154,dino_clicks,25+25,True,2,6.220655385441848,1.4217929821688033,87.50437600209362,0.7870477930990906,0.6488695833366727,71.20201768693582,7.594883158742949,1.4115616296121147,107.6096572677448
F,178,rf_clicks,25+25,False,0,5.801873489121676,1.3903494056105947,83.45921486654915,0.5552909100947964,0.38436174727137107,267.0641893815043,11.832796132151492,9.909561140439587,23.881574500536537
F,178,sam,25+25,False,0,5.801873489121676,1.3903494056105947,83.45921486654915,0.6581915399424773,0.49052570432762127,238.78761191857132,11.428451517593338,3.6549385472398774,62.537037872901216
F,178,microsam,25+25,False,0,5.801873489121676,1.3903494056105947,83.45921486654915,0.6513037433495231,0.48291358423953323,183.79604480763047,8.977672575879668,2.214527286525825,81.07980994864091
F,178,dino_clicks,25+25,False,0,5.801873489121676,1.3903494056105947,83.45921486654915,0.5750698188013691,0.40357754112389466,220.92979110110815,14.02276390008058,2.3791189546310414,117.88199049723647
F,178,rf_clicks,25+25,False,1,5.801873489121676,1.3903494056105947,83.45921486654915,0.4617936960085921,0.30021570891388805,271.90479708763223,16.581184528605963,8.444862567902842,39.26928211153508
F,178,sam,25+25,False,1,5.801873489121676,1.3903494056105947,83.45921486654915,0.6531985333380799,0.4849998678402453,250.37443025733282,11.174959709911361,3.4420082017185374,64.93278955193593
F,178,microsam,25+25,False,1,5.801873489121676,1.3903494056105947,83.45921486654915,0.5478141383821278,0.3772341770163022,437.3424180490614,7.441612946548482,1.5185053544258338,98.01233726123081
F,178,dino_clicks,25+25,False,1,5.801873489121676,1.3903494056105947,83.45921486654915,0.6265491955497622,0.4561861214974905,199.01207191317636,12.151154982540962,2.126018725811341,114.30901181647667
F,178,rf_clicks,25+25,False,2,5.801873489121676,1.3903494056105947,83.45921486654915,0.4636308866701723,0.30177050726132376,266.606990321144,13.48049288208434,7.591691349152683,35.513806507923725
F,178,sam,25+25,False,2,5.801873489121676,1.3903494056105947,83.45921486654915,0.7036132580966381,0.5427495016368259,237.54192662653944,8.359421165726564,2.684108083012684,62.288260436545634
F,178,microsam,25+25,False,2,5.801873489121676,1.3903494056105947,83.45921486654915,0.5315660262618528,0.36199518382747675,581.9338047621911,6.123724147193124,1.3628925681452917,89.8636369486799
F,178,dino_clicks,25+25,False,2,5.801873489121676,1.3903494056105947,83.45921486654915,0.6958962232878831,0.5336202806208906,118.7417983975018,9.391183185603008,1.725599279500264,108.84546948029218
F,178,rf_clicks,25+25,True,0,5.801873489121676,1.3903494056105947,83.45921486654915,0.41578156636293534,0.262452170442418,558.1523610730145,18.6242277733011,10.931266968386605,34.07514943539967
F,178,sam,25+25,True,0,5.801873489121676,1.3903494056105947,83.45921486654915,0.6927068767285044,0.5298787734727834,205.0657287920144,10.405318291700242,2.87329920038401,72.42766983897529
F,178,microsam,25+25,True,0,5.801873489121676,1.3903494056105947,83.45921486654915,0.6107939172400084,0.43967120848371144,225.64486166478895,6.359152565135643,1.483702444284432,85.72005242200122
F,178,dino_clicks,25+25,True,0,5.801873489121676,1.3903494056105947,83.45921486654915,0.73488824101069,0.5808880012290675,117.0112841780655,8.01762691377921,1.59244510575083,100.69580276048434
F,178,rf_clicks,25+25,True,1,5.801873489121676,1.3903494056105947,83.45921486654915,0.4149222552168352,0.2617677628636415,276.5996310554862,20.813826215417674,9.133359308001229,45.57759201958437
F,178,sam,25+25,True,1,5.801873489121676,1.3903494056105947,83.45921486654915,0.6168917149127957,0.44601837872289296,243.7044858356298,12.784783776524309,3.877349936094303,65.94598881834514
F,178,microsam,25+25,True,1,5.801873489121676,1.3903494056105947,83.45921486654915,0.5980812891706583,0.42661623997931214,371.17149997170714,9.016082460381412,2.196562829381909,82.09264346805365
F,178,dino_clicks,25+25,True,1,5.801873489121676,1.3903494056105947,83.45921486654915,0.6145279230411915,0.4435512871469167,148.26065776658595,12.123724147193125,2.014653399790727,120.35543333113755
F,178,rf_clicks,25+25,True,2,5.801873489121676,1.3903494056105947,83.45921486654915,0.47561675363207706,0.3120060226096731,326.30145667005536,15.438624764974483,10.755213681639386,28.709099088064267
F,178,sam,25+25,True,2,5.801873489121676,1.3903494056105947,83.45921486654915,0.6998583962932093,0.5382939783619463,189.04030142973536,9.183219178082192,3.2988789924119533,55.67478649083725
F,178,microsam,25+25,True,2,5.801873489121676,1.3903494056105947,83.45921486654915,0.629126203211415,0.4589235017003089,407.17519647566945,6.758662369057212,1.6798794876422545,80.46603841259035
F,178,dino_clicks,25+25,True,2,5.801873489121676,1.3903494056105947,83.45921486654915,0.7204487492095789,0.5630479816768057,118.35757527509594,8.587362342197153,1.6746956289313113,102.55430531788136
F,202,rf_clicks,25+25,False,0,6.325073865162503,1.5709518036912489,80.52537131057166,0.4693703941423724,0.3066518459764009,284.9397071005004,17.78998791297341,9.084335496592917,39.16629437485119
F,202,sam,25+25,False,0,6.325073865162503,1.5709518036912489,80.52537131057166,0.6791113487743293,0.5141321701448284,154.22525483668318,11.506547139403708,2.6652042990400453,86.34645489314377
F,202,microsam,25+25,False,0,6.325073865162503,1.5709518036912489,80.52537131057166,0.6378338431925206,0.46824966249889605,419.328723229163,5.396521622347569,1.2534736274253624,86.10506841587144
F,202,dino_clicks,25+25,False,0,6.325073865162503,1.5709518036912489,80.52537131057166,0.6453499015757319,0.47639600980829244,102.67762266421047,11.464645447219985,1.869703265309171,122.63598892869463
F,202,rf_clicks,25+25,False,1,6.325073865162503,1.5709518036912489,80.52537131057166,0.5757931350948049,0.40429038033961,260.16752415511047,12.84501745903841,7.80902688315006,32.89786973778965
F,202,sam,25+25,False,1,6.325073865162503,1.5709518036912489,80.52537131057166,0.6612132731119638,0.4938899227429087,169.43847197017934,11.463772495299489,3.3579507887254443,68.27838295778432
F,202,microsam,25+25,False,1,6.325073865162503,1.5709518036912489,80.52537131057166,0.7070582815719268,0.5468601341377947,247.1346515152382,6.939833467633629,1.4062586091022935,98.69924952230197
F,202,dino_clicks,25+25,False,1,6.325073865162503,1.5709518036912489,80.52537131057166,0.7000769889376662,0.5385526550265031,88.08039651363974,8.458803384367446,1.6299262847659195,103.79369255441205
F,202,rf_clicks,25+25,False,2,6.325073865162503,1.5709518036912489,80.52537131057166,0.42421942612044344,0.26921224512624836,275.02854965439496,21.103444802578565,5.995819536262066,70.39386250685905
F,202,sam,25+25,False,2,6.325073865162503,1.5709518036912489,80.52537131057166,0.7475039724013698,0.5968114516375231,139.26733509692787,9.480325006715015,2.7832264266618245,68.12471249840515
F,202,microsam,25+25,False,2,6.325073865162503,1.5709518036912489,80.52537131057166,0.6628281971039092,0.49569411774039357,250.49099332963874,6.33474348643567,1.6470768381257386,76.92104387363224
F,202,dino_clicks,25+25,False,2,6.325073865162503,1.5709518036912489,80.52537131057166,0.5603566987358123,0.3892330122633493,153.50525234487256,15.301604888530754,2.3085962653717123,132.56198251769248
F,202,rf_clicks,25+25,True,0,6.325073865162503,1.5709518036912489,80.52537131057166,0.48152231518278027,0.3171085884220561,282.7651755334411,16.545359924791835,7.7621598889587915,42.630814519362374
F,202,sam,25+25,True,0,6.325073865162503,1.5709518036912489,80.52537131057166,0.6615015043368843,0.4942116158368671,183.84776310850236,12.16609589041096,3.078289609354545,79.04451779611433
F,202,microsam,25+25,True,0,6.325073865162503,1.5709518036912489,80.52537131057166,0.5759222018789206,0.4044176537537411,488.86255022049653,4.8611334944936875,1.4287895967703763,68.0454771714709
F,202,dino_clicks,25+25,True,0,6.325073865162503,1.5709518036912489,80.52537131057166,0.5887676452758293,0.4172010677794483,137.69897126074403,13.83487778673113,2.2440534500867906,123.30256916292308
F,202,rf_clicks,25+25,True,1,6.325073865162503,1.5709518036912489,80.52537131057166,0.37108509116910976,0.22781121908660415,280.5926134807522,23.725960247112543,10.778880966901246,44.02304899732717
F,202,sam,25+25,True,1,6.325073865162503,1.5709518036912489,80.52537131057166,0.6400411399920363,0.47063272192534433,195.72752126214405,12.47827692720924,3.8374210376866684,65.03470327942738
F,202,microsam,25+25,True,1,6.325073865162503,1.5709518036912489,80.52537131057166,0.6616056253161967,0.4943278586870193,183.94432425359375,5.487912973408542,1.342400458479655,81.7626802604629
F,202,dino_clicks,25+25,True,1,6.325073865162503,1.5709518036912489,80.52537131057166,0.6595721200681929,0.4920608784276764,95.62817616766911,11.320910556003223,1.9108537911878702,118.4905994190759
F,202,rf_clicks,25+25,True,2,6.325073865162503,1.5709518036912489,80.52537131057166,0.3599318268272697,0.21946150331725392,292.5,22.889840182648403,10.741953126344708,42.617650465278835
F,202,sam,25+25,True,2,6.325073865162503,1.5709518036912489,80.52537131057166,0.6959417675349281,0.5336738423248045,173.42634658673288,10.72293849046468,2.8142884422191914,76.20354992474877
F,202,microsam,25+25,True,2,6.325073865162503,1.5709518036912489,80.52537131057166,0.6742868264472002,0.5086219552606301,265.89761804022214,5.750537201181842,1.6568198854930551,69.41656424494847
F,202,dino_clicks,25+25,True,2,6.325073865162503,1.5709518036912489,80.52537131057166,0.6317421628704005,0.46171280421510413,137.88582233137677,11.279378189632018,1.920452520530055,117.46583754665123
F,225,rf_clicks,25+25,False,0,7.201148267526189,1.6997594868259063,84.73137903731846,0.5653963260609589,0.3941132567355906,277.875,15.062583937684662,10.036863382589974,30.0145241865349
F,225,sam,25+25,False,0,7.201148267526189,1.6997594868259063,84.73137903731846,0.7048267392247997,0.5441949433104722,143.57359830104704,11.826450443190975,3.1715633632724325,74.57804929987836
F,225,microsam,25+25,False,0,7.201148267526189,1.6997594868259063,84.73137903731846,0.6804381543624838,0.5156546141524315,282.6832166847222,9.445608380338436,2.5985477112849695,72.69913374549992
F,225,dino_clicks,25+25,False,0,7.201148267526189,1.6997594868259063,84.73137903731846,0.6252321760251465,0.4547911037206402,187.50802986348626,14.183118452860596,2.087168865844911,135.9077234713263
F,225,rf_clicks,25+25,False,1,7.201148267526189,1.6997594868259063,84.73137903731846,0.4740478558746154,0.31065709216347726,274.639422698199,21.69302309965082,11.453446343361707,37.88034177542354
F,225,sam,25+25,False,1,7.201148267526189,1.6997594868259063,84.73137903731846,0.7147974304009005,0.5561749153861958,161.3961256007672,12.126477303250066,3.0883053493711716,78.53159536649581
F,225,microsam,25+25,False,1,7.201148267526189,1.6997594868259063,84.73137903731846,0.7546927112524003,0.6060293054346383,119.3412680700885,7.415961590115498,2.1481259722293293,69.0458724114694
F,225,dino_clicks,25+25,False,1,7.201148267526189,1.6997594868259063,84.73137903731846,0.6492990269107738,0.4807126372506741,154.1610359332085,13.780486167069567,2.0157823555167087,136.72593302898707
F,225,rf_clicks,25+25,False,2,7.201148267526189,1.6997594868259063,84.73137903731846,0.47175926368863674,0.3086943388430399,274.103832367783,20.873254096159013,9.696708245797774,43.05224735456957
F,225,sam,25+25,False,2,7.201148267526189,1.6997594868259063,84.73137903731846,0.6853892544327043,0.5213628876408867,143.37805140606423,12.490397528874563,3.1074362989965847,80.39036895403332
F,225,microsam,25+25,False,2,7.201148267526189,1.6997594868259063,84.73137903731846,0.700600971586212,0.5391730763732022,222.72814727532375,7.257487241471932,1.7756451912027686,81.74479087858681
F,225,dino_clicks,25+25,False,2,7.201148267526189,1.6997594868259063,84.73137903731846,0.7352195367535732,0.5813020979675939,90.97387767971044,10.938591189900619,1.8374390914722984,119.06344259973015
F,225,rf_clicks,25+25,True,0,7.201148267526189,1.6997594868259063,84.73137903731846,0.4287050418736155,0.27283549766162574,526.0925687682259,19.399207628256782,9.842579244376367,39.41895136753035
F,225,sam,25+25,True,0,7.201148267526189,1.6997594868259063,84.73137903731846,0.6834098670275555,0.5190756408637455,182.06527847176133,12.993520010744025,3.1826713125949877,81.6516613533037
F,225,microsam,25+25,True,0,7.201148267526189,1.6997594868259063,84.73137903731846,0.6391227684672566,0.46964028323658447,474.9087172407211,5.328196347031963,1.3062084966166323,81.5826318820183
F,225,dino_clicks,25+25,True,0,7.201148267526189,1.6997594868259063,84.73137903731846,0.5864937610482169,0.4149212397414987,196.2015067475273,16.711657265645986,2.447103555959067,136.58316359314318
F,225,rf_clicks,25+25,True,1,7.201148267526189,1.6997594868259063,84.73137903731846,0.4647025656969116,0.3026791781931507,257.1127972772685,18.285421702927746,7.526708454048981,48.58809615002726
F,225,sam,25+25,True,1,7.201148267526189,1.6997594868259063,84.73137903731846,0.6796496416789899,0.5147494658487836,171.60492417177312,13.45994493687886,3.595039027904339,74.88066100203137
F,225,microsam,25+25,True,1,7.201148267526189,1.6997594868259063,84.73137903731846,0.662952154951257,0.49583278370048806,535.8207969927511,5.362912973408542,1.2159538681137987,88.20915191013869
F,225,dino_clicks,25+25,True,1,7.201148267526189,1.6997594868259063,84.73137903731846,0.7337402076881034,0.5794547154880944,90.43748188424213,10.491035455278002,1.8178225350315704,115.42419849136486
F,225,rf_clicks,25+25,True,2,7.201148267526189,1.6997594868259063,84.73137903731846,0.4329133635178631,0.27625362468132936,293.18575837622564,23.373019070641956,7.678763892440319,60.87703541361
F,225,sam,25+25,True,2,7.201148267526189,1.6997594868259063,84.73137903731846,0.6333037992249966,0.46338300996656984,390.1431761314547,14.815337093741606,5.826636323368666,50.85382464775536
F,225,microsam,25+25,True,2,7.201148267526189,1.6997594868259063,84.73137903731846,0.5986622915177807,0.4272077229450911,397.0543752616746,6.1414517861939295,1.6065910383878588,76.45320606738349
F,225,dino_clicks,25+25,True,2,7.201148267526189,1.6997594868259063,84.73137903731846,0.6969095862715977,0.5348129177603265,106.81825979204118,12.195910556003223,1.9020171403064112,128.24185752646252
F,249,rf_clicks,25+25,False,0,7.7115229653505235,1.7537422574176258,87.94362948983954,0.5101834264561121,0.34244714115544966,329.2369907691641,18.92683991404781,9.959086069815351,38.009190364189166
F,249,sam,25+25,False,0,7.7115229653505235,1.7537422574176258,87.94362948983954,0.6511794629761837,0.4827769485279462,267.4381731447976,14.76839914047811,3.2648083610112866,90.47023596756253
F,249,microsam,25+25,False,0,7.7115229653505235,1.7537422574176258,87.94362948983954,0.6884606667058418,0.5249256726267246,307.6921323371619,8.286731130808487,2.435410128170556,68.05203801162934
F,249,dino_clicks,25+25,False,0,7.7115229653505235,1.7537422574176258,87.94362948983954,0.6376044584037281,0.4680024551876242,291.74518645813106,15.97716894977169,2.3572657220062667,135.55679192733126
F,249,rf_clicks,25+25,False,1,7.7115229653505235,1.7537422574176258,87.94362948983954,0.4685572654868675,0.3059580713841243,315.4013650755427,23.71592130002686,9.954856870041942,47.646935781462304
F,249,sam,25+25,False,1,7.7115229653505235,1.7537422574176258,87.94362948983954,0.6461535780011068,0.4772724346732698,337.5442182107489,15.40394171367177,3.6752955517056844,83.82423398043667
F,249,microsam,25+25,False,1,7.7115229653505235,1.7537422574176258,87.94362948983954,0.7228090585147203,0.5659365683209013,206.8695835129443,6.026121407467096,1.3560119476386359,88.8800636006343
F,249,dino_clicks,25+25,False,1,7.7115229653505235,1.7537422574176258,87.94362948983954,0.6674171535235509,0.5008447732073867,215.52535802597114,14.44856298683857,2.272612790305367,127.15375930712017
F,249,rf_clicks,25+25,False,2,7.7115229653505235,1.7537422574176258,87.94362948983954,0.5325433808543238,0.36290229905696286,325.3980842714678,17.773066075745366,11.561800497127201,30.744460744088258
F,249,sam,25+25,False,2,7.7115229653505235,1.7537422574176258,87.94362948983954,0.6548402627859661,0.48681226821597307,282.24989465782176,13.906459844211657,3.1239179520517513,89.03217086785561
F,249,microsam,25+25,False,2,7.7115229653505235,1.7537422574176258,87.94362948983954,0.7417310999175482,0.5894853634775078,321.8925292010243,6.092835079237174,1.412520857881215,86.26895730766685
F,249,dino_clicks,25+25,False,2,7.7115229653505235,1.7537422574176258,87.94362948983954,0.6079774883395617,0.4367583736949422,274.8237116419015,17.05852135374698,2.3763196900820542,143.5709296602087
F,249,rf_clicks,25+25,True,0,7.7115229653505235,1.7537422574176258,87.94362948983954,0.48061174282828706,0.31631924266870975,487.1869515278863,19.51547810905184,9.982611303177313,39.09894418675875
F,249,sam,25+25,True,0,7.7115229653505235,1.7537422574176258,87.94362948983954,0.686030259307921,0.5221050668538099,249.22726654606416,13.115263228579103,3.2795107998108297,79.98304643080074
F,249,microsam,25+25,True,0,7.7115229653505235,1.7537422574176258,87.94362948983954,0.7695085228739971,0.6253668043855936,261.64720387881295,7.240498254096159,1.738626765983065,83.28985145931757
F,249,dino_clicks,25+25,True,0,7.7115229653505235,1.7537422574176258,87.94362948983954,0.6926356575568502,0.5297954327425518,163.16400582593425,11.456016653236636,1.994216894444562,114.89238392424127
F,249,rf_clicks,25+25,True,1,7.7115229653505235,1.7537422574176258,87.94362948983954,0.44643953230531913,0.28736540455859316,320.26231018041295,23.63131211388665,8.3829940263711,56.37916963688061
F,249,sam,25+25,True,1,7.7115229653505235,1.7537422574176258,87.94362948983954,0.6635593519087608,0.49651239870358943,457.5608689050062,14.194164652162234,3.473219357838095,81.7349161672149
F,249,microsam,25+25,True,1,7.7115229653505235,1.7537422574176258,87.94362948983954,0.7031908253169402,0.5422469543283421,274.56729556740447,7.725859521890948,1.904638940362992,81.12676222422009
F,249,dino_clicks,25+25,True,1,7.7115229653505235,1.7537422574176258,87.94362948983954,0.6421684528413066,0.4729367602226248,218.09254520354554,15.080076551168412,2.264327390800546,133.19696270455748
F,249,rf_clicks,25+25,True,2,7.7115229653505235,1.7537422574176258,87.94362948983954,0.3842164415843379,0.2377895477294477,378.7142594951319,29.331856030083266,8.290542993894878,70.75979474850593
F,249,sam,25+25,True,2,7.7115229653505235,1.7537422574176258,87.94362948983954,0.5585558313080282,0.387497374813265,837.2093200485006,15.801302712865969,10.256498680920899,30.812274645458675
F,249,microsam,25+25,True,2,7.7115229653505235,1.7537422574176258,87.94362948983954,0.5806446938464994,0.4090904450275143,284.193870887463,10.82446951383293,3.035459740870863,71.32013228893905
F,249,dino_clicks,25+25,True,2,7.7115229653505235,1.7537422574176258,87.94362948983954,0.7113958293078078,0.5520669927101597,118.71011379896254,10.359656191243621,1.9926017206111246,103.98120290758703
F,29,dino_labels,same sample,False,0,8.27074939564867,1.5627983787633835,105.8453797756455,0.7658707114244117,0.6205757520821559,272.74912128540427,12.138362879398334,2.180583374916238,111.33133471555153
F,29,rf_labels,same sample,False,0,8.27074939564867,1.5627983787633835,105.8453797756455,0.6414966538953449,0.47220837234943835,283.42161614809834,16.117076282567822,7.250770138779247,44.45617768619906
F,53,dino_labels,same sample,False,0,9.63950443190975,1.7396894287744982,110.81868145511666,0.7679231718051872,0.6232753950338601,159.23010014098128,14.504700510341122,2.3508847436772853,123.397802034758
F,53,rf_labels,same sample,False,0,9.63950443190975,1.7396894287744982,110.81868145511666,0.7131617076326002,0.5541968341030595,229.37840596926293,16.314027665860866,6.981923666267991,46.732185700280255
F,77,dino_labels,same sample,False,0,10.137724952994896,1.8388335770231192,110.2625607849387,0.7994584214089333,0.6659148135020553,113.15648733059895,14.164249261348376,2.2212088491855133,127.5364022301839
F,77,rf_labels,same sample,False,0,10.137724952994896,1.8388335770231192,110.2625607849387,0.7547484310152194,0.6061011684815985,237.28477872523047,15.766048885307548,6.903849294953264,45.67321275924311
F,100,dino_labels,same sample,False,0,8.316780821917808,1.6779888857043648,99.12796077223952,0.8178035760702476,0.6917662408009808,84.5,11.187550362610798,2.0086212682441316,111.39531916228862
F,100,rf_labels,same sample,False,0,8.316780821917808,1.6779888857043648,99.12796077223952,0.7163347773307904,0.5580386261779909,246.03326399721777,14.058890679559495,6.8025936774408144,41.33391275796015
F,124,dino_labels,same sample,False,0,6.899946279881815,1.5424681853569302,89.46630271385668,0.8018819971552199,0.6692846574805255,81.65523942160723,8.820776255707763,1.7525048655889297,100.66478477642958
F,124,rf_labels,same sample,False,0,6.899946279881815,1.5424681853569302,89.46630271385668,0.7157904577332487,0.557378242548962,268.93332687069045,11.77588638195004,6.187018725455975,38.06643200706386
F,154,dino_labels,same sample,False,0,6.220655385441848,1.4217929821688033,87.50437600209362,0.7983271309920377,0.6643464719737697,83.10169800031252,8.061408810099381,1.5514386817728534,103.92171994690094
F,154,rf_labels,same sample,False,0,6.220655385441848,1.4217929821688033,87.50437600209362,0.6775670168959325,0.5123639727326825,267.2411182971159,11.016048885307548,6.531527299563014,33.731923270211446
F,178,dino_labels,same sample,False,0,5.801873489121676,1.3903494056105947,83.45921486654915,0.7862179692333952,0.6477423040583595,78.30406571171108,6.787167606768735,1.4108207493382192,96.21587448231713
F,178,rf_labels,same sample,False,0,5.801873489121676,1.3903494056105947,83.45921486654915,0.5969053209029503,0.42542055771110465,275.4746472000645,11.873791297340855,7.473518821303345,31.77563763804136
F,202,dino_labels,same sample,False,0,6.325073865162503,1.5709518036912489,80.52537131057166,0.7555813764446548,0.6071762043273942,74.12921573172078,7.718237980123556,1.587613656693964,97.23068263592495
F,202,rf_labels,same sample,False,0,6.325073865162503,1.5709518036912489,80.52537131057166,0.6383023876699896,0.46875487031058666,260.1269221457095,11.394272092398603,7.247191987870945,31.444653629897758
F,225,dino_labels,same sample,False,0,7.201148267526189,1.6997594868259063,84.73137903731846,0.7830564044774078,0.6434615436232604,68.98120214957116,9.245165189363417,1.724924259912099,107.19502768005064
F,225,rf_labels,same sample,False,0,7.201148267526189,1.6997594868259063,84.73137903731846,0.6628640785213404,0.49573425399290616,271.5257814646705,11.94127719580983,7.566233117479166,31.564655781550368
F,249,dino_labels,same sample,False,0,7.7115229653505235,1.7537422574176258,87.94362948983954,0.7237968398217527,0.5671486032996972,144.329365463068,10.28837630942788,1.8648539648127582,110.33975317698285
F,249,rf_labels,same sample,False,0,7.7115229653505235,1.7537422574176258,87.94362948983954,0.6069192218402225,0.43566692711240096,326.7242230167719,13.880842062852539,7.706550681707502,36.0234886816498
F,29,dino_labels,other samples,False,0,8.27074939564867,1.5627983787633835,105.8453797756455,0.6882800059335408,0.5247156474300632,240.36155578586005,10.51554525919957,1.75641001671956,119.73907184655451
F,29,rf_labels,other samples,False,0,8.27074939564867,1.5627983787633835,105.8453797756455,0.5620295896462959,0.3908492035716166,278.84734831144283,6.807010475423046,7.3243985429962875,18.587220330690563
F,53,dino_labels,other samples,False,0,9.63950443190975,1.7396894287744982,110.81868145511666,0.745939129259857,0.5948189172185923,148.42397225662893,11.97911630405587,1.899767002971059,126.11142614143361
F,53,rf_labels,other samples,False,0,9.63950443190975,1.7396894287744982,110.81868145511666,0.5568288008616183,0.3858369687491426,210.27901850874233,7.31913107708837,8.149101691645352,17.9630377777519
F,77,dino_labels,other samples,False,0,10.137724952994896,1.8388335770231192,110.2625607849387,0.7690661522579478,0.6247826832194716,89.375,12.140847434864357,1.7703604543813134,137.15678527294273
F,77,rf_labels,other samples,False,0,10.137724952994896,1.8388335770231192,110.2625607849387,0.5920489648688578,0.42050394516291684,207.11579641591803,7.361267794789149,8.18411729982835,17.98915515285574
F,100,dino_labels,other samples,False,0,8.316780821917808,1.6779888857043648,99.12796077223952,0.7705578505366172,0.6267540533508993,91.14497380547103,11.417170292774644,1.7969809672914072,127.0705755997379
F,100,rf_labels,other samples,False,0,8.316780821917808,1.6779888857043648,99.12796077223952,0.5965709338224404,0.42508093084268733,238.36595420697142,6.4191512221326885,7.6101333857898075,16.870009753361202
F,124,dino_labels,other samples,False,0,6.899946279881815,1.5424681853569302,89.46630271385668,0.6640019043873359,0.49700812191864446,172.2659536762858,9.320004029008864,1.6208081235775817,115.00440913927528
F,124,rf_labels,other samples,False,0,6.899946279881815,1.5424681853569302,89.46630271385668,0.5583640685189738,0.38731281339897894,273.1945916495544,5.389538006983615,6.471103556034598,16.657245430596227
F,154,dino_labels,other samples,False,0,6.220655385441848,1.4217929821688033,87.50437600209362,0.7070430020784496,0.5468418541490806,248.81720690251683,7.930163846360462,1.453803142212462,109.09542861892548
F,154,rf_labels,other samples,False,0,6.220655385441848,1.4217929821688033,87.50437600209362,0.5204278940260235,0.35174216378149065,262.3091764653488,5.065874294923449,6.035543257539221,16.786804695983175
F,178,dino_labels,other samples,False,0,5.801873489121676,1.3903494056105947,83.45921486654915,0.7014674248716802,0.5402000984090536,406.2207250577058,6.809730056406124,1.2924170607155976,105.37976112193456
F,178,rf_labels,other samples,False,0,5.801873489121676,1.3903494056105947,83.45921486654915,0.5554898727482033,0.3845524252606186,274.71344723499857,4.989491001880205,6.141864831629104,16.247479026843912
F,202,dino_labels,other samples,False,0,6.325073865162503,1.5709518036912489,80.52537131057166,0.7009507346585998,0.5395874916833001,127.91702317276658,7.11576685468708,1.3238948272820386,107.49746442163807
F,202,rf_labels,other samples,False,0,6.325073865162503,1.5709518036912489,80.52537131057166,0.5119471078336051,0.3440382465762237,270.38066337110723,4.897898200376041,6.544147599488815,14.968788909219079
F,225,dino_labels,other samples,False,0,7.201148267526189,1.6997594868259063,84.73137903731846,0.7213580979081302,0.5641595952142519,98.85824763265835,7.74486301369863,1.417498316877397,109.27509290818442
F,225,rf_labels,other samples,False,0,7.201148267526189,1.6997594868259063,84.73137903731846,0.4935928038731777,0.3276622716236831,276.47215329106064,5.246978243352135,6.872512857751318,15.269460681864604
F,249,dino_labels,other samples,False,0,7.7115229653505235,1.7537422574176258,87.94362948983954,0.6445525970466588,0.4755275605990049,260.45025455547795,8.459038409884501,1.4509325460674587,116.60140139266285
F,249,rf_labels,other samples,False,0,7.7115229653505235,1.7537422574176258,87.94362948983954,0.48528691458498174,0.32038207054375406,343.3456189454635,5.655217566478647,7.084318026542777,15.965453683164059
