file,z,Dice_DINO,IoU_DINO,HD95_um_DINO,Dice_UNET,IoU_UNET,HD95_um_UNET,seed,variant,best_thr,best_val_dice,best_epoch,Dice_gain,Variant
A,40,0.6366748427002239,0.4670014627773997,722.2279267305213,0.6507311529318409,0.4822842788861698,284.12417099445105,0,probe,0.5,0.7761506054537297,,0.01405631023161702,Linear probe on DINO (no U-Net)
A,47,0.5899599846749819,0.41839946261311917,714.1275013407351,0.6399700400349975,0.470555839851841,266.4868670826701,0,probe,0.5,0.7761506054537297,,0.05001005536001557,Linear probe on DINO (no U-Net)
A,54,0.5997511270234573,0.42831752169066345,686.083139932457,0.6325072272967874,0.4625305814570917,205.87151845630746,0,probe,0.5,0.7761506054537297,,0.03275610027333009,Linear probe on DINO (no U-Net)
A,61,0.6132189952269234,0.4421887761054719,676.6625323628358,0.6349299204484002,0.46512624513531425,212.09705045290823,0,probe,0.5,0.7761506054537297,,0.021710925221476884,Linear probe on DINO (no U-Net)
A,68,0.6376025222179068,0.46800036892015395,572.2605825687164,0.6149470761237926,0.4439881433575856,186.20259463820582,0,probe,0.5,0.7761506054537297,,-0.022655446094114184,Linear probe on DINO (no U-Net)
A,75,0.6149034101996075,0.44394262084510777,591.5825544109297,0.6149497372587882,0.44399091773154503,204.86473051335562,0,probe,0.5,0.7761506054537297,,4.632705918072855e-05,Linear probe on DINO (no U-Net)
A,82,0.6292188602945575,0.4590221167105975,634.5068310468346,0.6018312004080918,0.4304424477099989,216.27156684363297,0,probe,0.5,0.7761506054537297,,-0.027387659886465743,Linear probe on DINO (no U-Net)
A,92,0.6297777830847672,0.45961726157278304,253.79982253287196,0.6061395276083216,0.43486384728900956,144.5957163607322,0,probe,0.5,0.7761506054537297,,-0.023638255476445602,Linear probe on DINO (no U-Net)
A,99,0.5941060228541971,0.4225823799745771,765.0423202488661,0.6210069405195217,0.45033362296506385,162.766275204698,0,probe,0.5,0.7761506054537297,,0.026900917665324542,Linear probe on DINO (no U-Net)
A,106,0.6537968581636704,0.4856598813696414,705.9121216612868,0.6327329621142513,0.46277204421798085,196.38708952340266,0,probe,0.5,0.7761506054537297,,-0.02106389604941905,Linear probe on DINO (no U-Net)
A,113,0.6606274980240034,0.49323656940049887,552.3440494169038,0.6271362594552925,0.4568088157142714,224.09451051863056,0,probe,0.5,0.7761506054537297,,-0.033491238568710946,Linear probe on DINO (no U-Net)
A,120,0.6205270786219031,0.4498291115435561,211.3202445831874,0.6220159835009023,0.4513956446905635,210.20647492527345,0,probe,0.5,0.7761506054537297,,0.0014889048789991088,Linear probe on DINO (no U-Net)
A,127,0.6416312281071709,0.47235422470223976,692.5798803206746,0.5889036394706738,0.41733765031451575,217.92122417852644,0,probe,0.5,0.7761506054537297,,-0.05272758863649707,Linear probe on DINO (no U-Net)
A,134,0.6491594167002075,0.4805596046829304,821.1962856060672,0.5576713011772139,0.38664647083038667,239.0007099993862,0,probe,0.5,0.7761506054537297,,-0.09148811552299363,Linear probe on DINO (no U-Net)
A,141,0.6366809425881554,0.4670080265707169,816.0052933944922,0.5454580734795887,0.3750033350942631,296.18182711077566,0,probe,0.5,0.7761506054537297,,-0.0912228691085667,Linear probe on DINO (no U-Net)
A,148,0.5337522192981352,0.3640259349907682,790.7190556702171,0.540855096187058,0.37066578841740166,341.6055535372064,0,probe,0.5,0.7761506054537297,,0.007102876888922749,Linear probe on DINO (no U-Net)
A,155,0.5666143380429095,0.3952978971962617,777.1075437919366,0.5511927106930451,0.38044584311603735,333.6737603666234,0,probe,0.5,0.7761506054537297,,-0.015421627349864409,Linear probe on DINO (no U-Net)
A,162,0.6277565889919181,0.45746737346747657,722.3039917692134,0.5627602736305987,0.39155630289470394,315.5917349514523,0,probe,0.5,0.7761506054537297,,-0.06499631536131945,Linear probe on DINO (no U-Net)
A,170,0.6098572493580363,0.4387011686939388,726.3766359039935,0.5885094823746401,0.41694186041343506,475.8754997269483,0,probe,0.5,0.7761506054537297,,-0.021347766983396244,Linear probe on DINO (no U-Net)
A,177,0.6814536976025141,0.5168219700464373,697.2007401311693,0.6229322892085745,0.4523614084673905,476.0828211777977,0,probe,0.5,0.7761506054537297,,-0.0585214083939396,Linear probe on DINO (no U-Net)
A,184,0.5947500933380561,0.42323439447922556,689.7497768192757,0.6208448254779148,0.45016314113678635,461.6852070866927,0,probe,0.5,0.7761506054537297,,0.02609473213985869,Linear probe on DINO (no U-Net)
A,191,0.59043603906793,0.41887850103482055,689.4976524143859,0.6214686662520061,0.4508193981796103,267.4186716650745,0,probe,0.5,0.7761506054537297,,0.031032627184076178,Linear probe on DINO (no U-Net)
A,198,0.5845942660272657,0.4130223949188319,689.7567826157713,0.6136227074101821,0.44260874055712934,261.17647136943884,0,probe,0.5,0.7761506054537297,,0.02902844138291638,Linear probe on DINO (no U-Net)
A,205,0.5336190731315296,0.3639020825721593,760.7507159854872,0.5900157773801078,0.41845558830707996,259.08278786449216,0,probe,0.5,0.7761506054537297,,0.05639670424857823,Linear probe on DINO (no U-Net)
A,212,0.5454940206866006,0.3750373174430685,812.586522567942,0.5838179024006408,0.41224776346933045,195.3564969498034,0,probe,0.5,0.7761506054537297,,0.03832388171404022,Linear probe on DINO (no U-Net)
A,40,0.6366748427002239,0.4670014627773997,722.2279267305213,0.470467739443304,0.3075892882913566,369.6780334293311,0,raw,0.7,0.818918915115146,25.0,-0.1662071032569199,Raw
A,47,0.5899599846749819,0.41839946261311917,714.1275013407351,0.441004653342707,0.28287746611193126,331.2779950125446,0,raw,0.7,0.818918915115146,25.0,-0.1489553313322749,Raw
A,54,0.5997511270234573,0.42831752169066345,686.083139932457,0.4056842705321878,0.25445666942494916,320.0309472757586,0,raw,0.7,0.818918915115146,25.0,-0.19406685649126953,Raw
A,61,0.6132189952269234,0.4421887761054719,676.6625323628358,0.40397656623143163,0.25311443283608476,308.12759631291885,0,raw,0.7,0.818918915115146,25.0,-0.20924242899549172,Raw
A,68,0.6376025222179068,0.46800036892015395,572.2605825687164,0.3734661850175264,0.22960862023120657,312.2842358339571,0,raw,0.7,0.818918915115146,25.0,-0.26413633720038043,Raw
A,75,0.6149034101996075,0.44394262084510777,591.5825544109297,0.37897124451124525,0.23378440587686058,294.41215264489335,0,raw,0.7,0.818918915115146,25.0,-0.23593216568836223,Raw
A,82,0.6292188602945575,0.4590221167105975,634.5068310468346,0.3619582526361093,0.22097010239123066,302.4024141849425,0,raw,0.7,0.818918915115146,25.0,-0.2672606076584482,Raw
A,92,0.6297777830847672,0.45961726157278304,253.79982253287196,0.3599902957250115,0.2195049790172767,319.6275952057637,0,raw,0.7,0.818918915115146,25.0,-0.26978748735975566,Raw
A,99,0.5941060228541971,0.4225823799745771,765.0423202488661,0.37588932887294657,0.23144317413547794,355.3702613551032,0,raw,0.7,0.818918915115146,25.0,-0.21821669398125054,Raw
A,106,0.6537968581636704,0.4856598813696414,705.9121216612868,0.38382809338857066,0.23749212062059008,358.1825866895228,0,raw,0.7,0.818918915115146,25.0,-0.26996876477509973,Raw
A,113,0.6606274980240034,0.49323656940049887,552.3440494169038,0.39866611053005546,0.24895876690776678,347.35784721605006,0,raw,0.7,0.818918915115146,25.0,-0.261961387493948,Raw
A,120,0.6205270786219031,0.4498291115435561,211.3202445831874,0.3996737391910176,0.2497451607080285,349.74911655438547,0,raw,0.7,0.818918915115146,25.0,-0.22085333943088553,Raw
A,127,0.6416312281071709,0.47235422470223976,692.5798803206746,0.3758090153726364,0.23138228135089536,366.528826651681,0,raw,0.7,0.818918915115146,25.0,-0.2658222127345345,Raw
A,134,0.6491594167002075,0.4805596046829304,821.1962856060672,0.3383235473292634,0.20360374414976598,361.18928758350677,0,raw,0.7,0.818918915115146,25.0,-0.3108358693709441,Raw
A,141,0.6366809425881554,0.4670080265707169,816.0052933944922,0.323709338425921,0.19311050633781482,439.1133673975064,0,raw,0.7,0.818918915115146,25.0,-0.31297160416223446,Raw
A,148,0.5337522192981352,0.3640259349907682,790.7190556702171,0.3203609963329705,0.19073205351480316,408.8173195966971,0,raw,0.7,0.818918915115146,25.0,-0.21339122296516472,Raw
A,155,0.5666143380429095,0.3952978971962617,777.1075437919366,0.3285166568676974,0.19654198662373049,383.06249941058695,0,raw,0.7,0.818918915115146,25.0,-0.23809768117521213,Raw
A,162,0.6277565889919181,0.45746737346747657,722.3039917692134,0.3461626845122602,0.20930878827714197,418.0572661493815,0,raw,0.7,0.818918915115146,25.0,-0.28159390447965793,Raw
A,170,0.6098572493580363,0.4387011686939388,726.3766359039935,0.3686540687623085,0.22598154180739158,569.6017316657412,0,raw,0.7,0.818918915115146,25.0,-0.24120318059572782,Raw
A,177,0.6814536976025141,0.5168219700464373,697.2007401311693,0.4000997607138123,0.25007794291744156,533.5759580197134,0,raw,0.7,0.818918915115146,25.0,-0.28135393688870175,Raw
A,184,0.5947500933380561,0.42323439447922556,689.7497768192757,0.420708784992153,0.2663908853504657,476.45653853278213,0,raw,0.7,0.818918915115146,25.0,-0.1740413083459031,Raw
A,191,0.59043603906793,0.41887850103482055,689.4976524143859,0.4358068390415251,0.27861446394157624,339.3605418997703,0,raw,0.7,0.818918915115146,25.0,-0.15462920002640484,Raw
A,198,0.5845942660272657,0.4130223949188319,689.7567826157713,0.42351702288519005,0.26864674660825516,337.12680169316457,0,raw,0.7,0.818918915115146,25.0,-0.16107724314207567,Raw
A,205,0.5336190731315296,0.3639020825721593,760.7507159854872,0.41631561369887754,0.26287789240078996,343.35984670697974,0,raw,0.7,0.818918915115146,25.0,-0.11730345943265202,Raw
A,212,0.5454940206866006,0.3750373174430685,812.586522567942,0.4116759003155875,0.2591888521979766,336.35104591113696,0,raw,0.7,0.818918915115146,25.0,-0.1338181203710131,Raw
A,40,0.6366748427002239,0.4670014627773997,722.2279267305213,0.585679135458556,0.4141062683455829,704.5277112612686,0,heat,0.2,0.7324133647744756,30.0,-0.05099570724166791,Heatmap
A,47,0.5899599846749819,0.41839946261311917,714.1275013407351,0.5640645639356938,0.39282028270136865,701.6180872683548,0,heat,0.2,0.7324133647744756,30.0,-0.025895420739288078,Heatmap
A,54,0.5997511270234573,0.42831752169066345,686.083139932457,0.5557173447537473,0.3847704898588542,139.78778558944268,0,heat,0.2,0.7324133647744756,30.0,-0.04403378226971,Heatmap
A,61,0.6132189952269234,0.4421887761054719,676.6625323628358,0.5983730784695803,0.4269132315297025,199.37067105266414,0,heat,0.2,0.7324133647744756,30.0,-0.014845916757343036,Heatmap
A,68,0.6376025222179068,0.46800036892015395,572.2605825687164,0.5365643296677779,0.36664702148880224,222.07271029854408,0,heat,0.2,0.7324133647744756,30.0,-0.10103819255012891,Heatmap
A,75,0.6149034101996075,0.44394262084510777,591.5825544109297,0.5434285555339212,0.3730874703047062,492.3605179020819,0,heat,0.2,0.7324133647744756,30.0,-0.07147485466568626,Heatmap
A,82,0.6292188602945575,0.4590221167105975,634.5068310468346,0.5990444177392293,0.4275970097299806,487.7897047741993,0,heat,0.2,0.7324133647744756,30.0,-0.030174442555328196,Heatmap
A,92,0.6297777830847672,0.45961726157278304,253.79982253287196,0.5720467330160104,0.40060606060606063,180.65729595299914,0,heat,0.2,0.7324133647744756,30.0,-0.057731050068756784,Heatmap
A,99,0.5941060228541971,0.4225823799745771,765.0423202488661,0.5294094048198985,0.35999781758094435,213.35822261522512,0,heat,0.2,0.7324133647744756,30.0,-0.0646966180342986,Heatmap
A,106,0.6537968581636704,0.4856598813696414,705.9121216612868,0.6099499590774013,0.4387971232118865,134.21209961985403,0,heat,0.2,0.7324133647744756,30.0,-0.04384689908626904,Heatmap
A,113,0.6606274980240034,0.49323656940049887,552.3440494169038,0.5901781420591764,0.4186189473052905,290.00585741651025,0,heat,0.2,0.7324133647744756,30.0,-0.07044935596482704,Heatmap
A,120,0.6205270786219031,0.4498291115435561,211.3202445831874,0.5940220627853557,0.422497428346679,204.04720521802136,0,heat,0.2,0.7324133647744756,30.0,-0.026505015836547408,Heatmap
A,127,0.6416312281071709,0.47235422470223976,692.5798803206746,0.6428324125784649,0.4736573570842299,200.19904038271076,0,heat,0.2,0.7324133647744756,30.0,0.0012011844712940256,Heatmap
A,134,0.6491594167002075,0.4805596046829304,821.1962856060672,0.5810693015853378,0.4095121081209623,383.27993302487124,0,heat,0.2,0.7324133647744756,30.0,-0.06809011511486973,Heatmap
A,141,0.6366809425881554,0.4670080265707169,816.0052933944922,0.6033873366705583,0.43203627785539245,363.898198245876,0,heat,0.2,0.7324133647744756,30.0,-0.03329360591759711,Heatmap
A,148,0.5337522192981352,0.3640259349907682,790.7190556702171,0.5758686393790382,0.40436483269910095,354.19147932447305,0,heat,0.2,0.7324133647744756,30.0,0.042116420080902994,Heatmap
A,155,0.5666143380429095,0.3952978971962617,777.1075437919366,0.6206718239357961,0.4499812551548324,240.91876544090707,0,heat,0.2,0.7324133647744756,30.0,0.054057485892886614,Heatmap
A,162,0.6277565889919181,0.45746737346747657,722.3039917692134,0.6277010832203044,0.457408422862636,139.1520854722411,0,heat,0.2,0.7324133647744756,30.0,-5.5505771613728605e-05,Heatmap
A,170,0.6098572493580363,0.4387011686939388,726.3766359039935,0.6348873932832859,0.4650806022590902,172.66642975526912,0,heat,0.2,0.7324133647744756,30.0,0.025030143925249604,Heatmap
A,177,0.6814536976025141,0.5168219700464373,697.2007401311693,0.6895430724519611,0.5261852243721942,542.2776449693912,0,heat,0.2,0.7324133647744756,30.0,0.00808937484944705,Heatmap
A,184,0.5947500933380561,0.42323439447922556,689.7497768192757,0.691784921256078,0.5288006020541307,151.45300768961906,0,heat,0.2,0.7324133647744756,30.0,0.09703482791802198,Heatmap
A,191,0.59043603906793,0.41887850103482055,689.4976524143859,0.6924042335223024,0.5295246828363849,387.4389864128443,0,heat,0.2,0.7324133647744756,30.0,0.10196819445437244,Heatmap
A,198,0.5845942660272657,0.4130223949188319,689.7567826157713,0.6547871757307581,0.4867535931249074,359.44908537063975,0,heat,0.2,0.7324133647744756,30.0,0.07019290970349235,Heatmap
A,205,0.5336190731315296,0.3639020825721593,760.7507159854872,0.6315181441897003,0.46147352375071754,377.22512057554974,0,heat,0.2,0.7324133647744756,30.0,0.09789907105817075,Heatmap
A,212,0.5454940206866006,0.3750373174430685,812.586522567942,0.5639086077815276,0.39266902568812295,349.71494018733966,0,heat,0.2,0.7324133647744756,30.0,0.01841458709492705,Heatmap
A,40,0.6366748427002239,0.4670014627773997,722.2279267305213,0.6078536454653967,0.4366305622145619,226.12033702852543,0,rawheat,0.7,0.8383772329660121,28.0,-0.028821197234827234,Raw + Heatmap
A,47,0.5899599846749819,0.41839946261311917,714.1275013407351,0.5703168751166697,0.3989113847610188,204.33165278099574,0,rawheat,0.7,0.8383772329660121,28.0,-0.019643109558312166,Raw + Heatmap
A,54,0.5997511270234573,0.42831752169066345,686.083139932457,0.5568543729071315,0.3858615253048867,222.84876202959978,0,rawheat,0.7,0.8383772329660121,28.0,-0.042896754116325875,Raw + Heatmap
A,61,0.6132189952269234,0.4421887761054719,676.6625323628358,0.5521951502326323,0.3814016442349662,228.99242618479764,0,rawheat,0.7,0.8383772329660121,28.0,-0.06102384499429103,Raw + Heatmap
A,68,0.6376025222179068,0.46800036892015395,572.2605825687164,0.5303090739867764,0.36083033827073174,241.79295434916443,0,rawheat,0.7,0.8383772329660121,28.0,-0.1072934482311304,Raw + Heatmap
A,75,0.6149034101996075,0.44394262084510777,591.5825544109297,0.5242419323718842,0.3552356879298394,239.00595894188558,0,rawheat,0.7,0.8383772329660121,28.0,-0.09066147782772327,Raw + Heatmap
A,82,0.6292188602945575,0.4590221167105975,634.5068310468346,0.5206161437246963,0.35191417123847074,251.5917716501151,0,rawheat,0.7,0.8383772329660121,28.0,-0.1086027165698612,Raw + Heatmap
A,92,0.6297777830847672,0.45961726157278304,253.79982253287196,0.49362482602439195,0.3276904947401802,220.64364581975994,0,rawheat,0.7,0.8383772329660121,28.0,-0.13615295706037522,Raw + Heatmap
A,99,0.5941060228541971,0.4225823799745771,765.0423202488661,0.5079373108407732,0.34042625322063014,225.93636705278422,0,rawheat,0.7,0.8383772329660121,28.0,-0.08616871201342391,Raw + Heatmap
A,106,0.6537968581636704,0.4856598813696414,705.9121216612868,0.4998431555494784,0.3331939306203421,264.6745147107427,0,rawheat,0.7,0.8383772329660121,28.0,-0.153953702614192,Raw + Heatmap
A,113,0.6606274980240034,0.49323656940049887,552.3440494169038,0.5307455190272787,0.361234575698485,215.40016761784014,0,rawheat,0.7,0.8383772329660121,28.0,-0.1298819789967247,Raw + Heatmap
A,120,0.6205270786219031,0.4498291115435561,211.3202445831874,0.5002126528442318,0.3335223848853284,263.1416441925604,0,rawheat,0.7,0.8383772329660121,28.0,-0.12031442577767137,Raw + Heatmap
A,127,0.6416312281071709,0.47235422470223976,692.5798803206746,0.4777366559749979,0.31383312082639986,217.51762749063107,0,rawheat,0.7,0.8383772329660121,28.0,-0.16389457213217296,Raw + Heatmap
A,134,0.6491594167002075,0.4805596046829304,821.1962856060672,0.4987022460749864,0.3321807714500154,210.79199780156222,0,rawheat,0.7,0.8383772329660121,28.0,-0.15045717062522107,Raw + Heatmap
A,141,0.6366809425881554,0.4670080265707169,816.0052933944922,0.4481408713735725,0.2887767730375297,236.72407120481918,0,rawheat,0.7,0.8383772329660121,28.0,-0.18854007121458294,Raw + Heatmap
A,148,0.5337522192981352,0.3640259349907682,790.7190556702171,0.4577712106940478,0.29682444904952016,304.72541430770093,0,rawheat,0.7,0.8383772329660121,28.0,-0.07598100860408741,Raw + Heatmap
A,155,0.5666143380429095,0.3952978971962617,777.1075437919366,0.46714516840711867,0.3047549962194921,237.99787796562475,0,rawheat,0.7,0.8383772329660121,28.0,-0.09946916963579083,Raw + Heatmap
A,162,0.6277565889919181,0.45746737346747657,722.3039917692134,0.4773174343559367,0.3134713991777014,266.35231069283066,0,rawheat,0.7,0.8383772329660121,28.0,-0.1504391546359814,Raw + Heatmap
A,170,0.6098572493580363,0.4387011686939388,726.3766359039935,0.4757929964582256,0.31215772880759196,434.51964299346594,0,rawheat,0.7,0.8383772329660121,28.0,-0.13406425289981072,Raw + Heatmap
A,177,0.6814536976025141,0.5168219700464373,697.2007401311693,0.5333056347038647,0.36361061126473115,408.022906335177,0,rawheat,0.7,0.8383772329660121,28.0,-0.14814806289864935,Raw + Heatmap
A,184,0.5947500933380561,0.42323439447922556,689.7497768192757,0.5620697882761818,0.3908880860096554,333.509189007596,0,rawheat,0.7,0.8383772329660121,28.0,-0.03268030506187425,Raw + Heatmap
A,191,0.59043603906793,0.41887850103482055,689.4976524143859,0.5110789779105386,0.3432545919684319,291.8137590021613,0,rawheat,0.7,0.8383772329660121,28.0,-0.07935706115739138,Raw + Heatmap
A,198,0.5845942660272657,0.4130223949188319,689.7567826157713,0.5375329299713401,0.3675521596262718,259.5806956715496,0,rawheat,0.7,0.8383772329660121,28.0,-0.04706133605592566,Raw + Heatmap
A,205,0.5336190731315296,0.3639020825721593,760.7507159854872,0.4710899908537798,0.30812146433448206,294.6947385206263,0,rawheat,0.7,0.8383772329660121,28.0,-0.06252908227774978,Raw + Heatmap
A,212,0.5454940206866006,0.3750373174430685,812.586522567942,0.47264931067629307,0.30945696622271907,275.0429503950825,0,rawheat,0.7,0.8383772329660121,28.0,-0.07284471001030751,Raw + Heatmap
A,40,0.6366748427002239,0.4670014627773997,722.2279267305213,0.6331941049281723,0.4632655647822597,191.7733637802812,0,rawheatmask,0.6,0.816899095078572,27.0,-0.003480737772051601,Raw + Heatmap + Mask
A,47,0.5899599846749819,0.41839946261311917,714.1275013407351,0.5926359996093369,0.4210964607911173,176.88630705908244,0,rawheatmask,0.6,0.816899095078572,27.0,0.0026760149343549866,Raw + Heatmap + Mask
A,54,0.5997511270234573,0.42831752169066345,686.083139932457,0.572089913681677,0.40064841558528036,198.893249586444,0,rawheatmask,0.6,0.816899095078572,27.0,-0.02766121334178029,Raw + Heatmap + Mask
A,61,0.6132189952269234,0.4421887761054719,676.6625323628358,0.5574270182857841,0.3864116584405949,228.68663739930236,0,rawheatmask,0.6,0.816899095078572,27.0,-0.05579197694113924,Raw + Heatmap + Mask
A,68,0.6376025222179068,0.46800036892015395,572.2605825687164,0.533023440651738,0.3633483011402349,244.79876740719172,0,rawheatmask,0.6,0.816899095078572,27.0,-0.1045790815661688,Raw + Heatmap + Mask
A,75,0.6149034101996075,0.44394262084510777,591.5825544109297,0.533003134164915,0.3633294293791855,243.4366578034082,0,rawheatmask,0.6,0.816899095078572,27.0,-0.08190027603469252,Raw + Heatmap + Mask
A,82,0.6292188602945575,0.4590221167105975,634.5068310468346,0.5328343061777234,0.3631725499180516,229.22955755725238,0,rawheatmask,0.6,0.816899095078572,27.0,-0.09638455411683411,Raw + Heatmap + Mask
A,92,0.6297777830847672,0.45961726157278304,253.79982253287196,0.5145001622352963,0.34634817800417067,217.8363736212189,0,rawheatmask,0.6,0.816899095078572,27.0,-0.11527762084947091,Raw + Heatmap + Mask
A,99,0.5941060228541971,0.4225823799745771,765.0423202488661,0.5409602909317859,0.3707646115246987,215.3269095599284,0,rawheatmask,0.6,0.816899095078572,27.0,-0.05314573192241123,Raw + Heatmap + Mask
A,106,0.6537968581636704,0.4856598813696414,705.9121216612868,0.5271137815002903,0.35787814080928215,208.0063475593954,0,rawheatmask,0.6,0.816899095078572,27.0,-0.12668307666338008,Raw + Heatmap + Mask
A,113,0.6606274980240034,0.49323656940049887,552.3440494169038,0.5442189530810538,0.37383297044074953,208.00380853563723,0,rawheatmask,0.6,0.816899095078572,27.0,-0.11640854494294961,Raw + Heatmap + Mask
A,120,0.6205270786219031,0.4498291115435561,211.3202445831874,0.4989547447123948,0.3324048645134243,263.9162094775537,0,rawheatmask,0.6,0.816899095078572,27.0,-0.12157233390950833,Raw + Heatmap + Mask
A,127,0.6416312281071709,0.47235422470223976,692.5798803206746,0.4990585201077281,0.33249698725332544,207.41296405060547,0,rawheatmask,0.6,0.816899095078572,27.0,-0.14257270799944277,Raw + Heatmap + Mask
A,134,0.6491594167002075,0.4805596046829304,821.1962856060672,0.49867203163577306,0.3321539611222334,200.29731806741697,0,rawheatmask,0.6,0.816899095078572,27.0,-0.15048738506443443,Raw + Heatmap + Mask
A,141,0.6366809425881554,0.4670080265707169,816.0052933944922,0.4838094147728357,0.31909538252432074,219.06181347966606,0,rawheatmask,0.6,0.816899095078572,27.0,-0.15287152781531976,Raw + Heatmap + Mask
A,148,0.5337522192981352,0.3640259349907682,790.7190556702171,0.46074865780944607,0.2993329582898015,305.32793298420046,0,rawheatmask,0.6,0.816899095078572,27.0,-0.07300356148868914,Raw + Heatmap + Mask
A,155,0.5666143380429095,0.3952978971962617,777.1075437919366,0.49219299391993226,0.32642970349336325,260.1370714597082,0,rawheatmask,0.6,0.816899095078572,27.0,-0.07442134412297724,Raw + Heatmap + Mask
A,162,0.6277565889919181,0.45746737346747657,722.3039917692134,0.5266119450693267,0.3574156470910885,249.28262700196336,0,rawheatmask,0.6,0.816899095078572,27.0,-0.10114464392259137,Raw + Heatmap + Mask
A,170,0.6098572493580363,0.4387011686939388,726.3766359039935,0.5122057267383994,0.34427187679350446,383.51377093919325,0,rawheatmask,0.6,0.816899095078572,27.0,-0.09765152261963694,Raw + Heatmap + Mask
A,177,0.6814536976025141,0.5168219700464373,697.2007401311693,0.5935520003768617,0.4220220019054424,357.61114111542213,0,rawheatmask,0.6,0.816899095078572,27.0,-0.08790169722565233,Raw + Heatmap + Mask
A,184,0.5947500933380561,0.42323439447922556,689.7497768192757,0.5961307589008205,0.42463410512083827,225.6270193238347,0,rawheatmask,0.6,0.816899095078572,27.0,0.0013806655627643938,Raw + Heatmap + Mask
A,191,0.59043603906793,0.41887850103482055,689.4976524143859,0.5592422339497504,0.38815840325669676,227.4593640400763,0,rawheatmask,0.6,0.816899095078572,27.0,-0.031193805118179596,Raw + Heatmap + Mask
A,198,0.5845942660272657,0.4130223949188319,689.7567826157713,0.5750613743284102,0.4035692232410201,225.52394566317338,0,rawheatmask,0.6,0.816899095078572,27.0,-0.009532891698855517,Raw + Heatmap + Mask
A,205,0.5336190731315296,0.3639020825721593,760.7507159854872,0.48504240369141277,0.3201689637210233,275.9712185733276,0,rawheatmask,0.6,0.816899095078572,27.0,-0.04857666944011679,Raw + Heatmap + Mask
A,212,0.5454940206866006,0.3750373174430685,812.586522567942,0.5018058705984014,0.3349404865168109,252.21915861993972,0,rawheatmask,0.6,0.816899095078572,27.0,-0.04368815008819915,Raw + Heatmap + Mask
C,40,0.5222729139189392,0.3534298848808472,325.58447444557305,0.7947685807959655,0.6594323448030013,342.2897700960248,0,probe,0.5,0.7417399888912476,,0.2724956668770263,Linear probe on DINO (no U-Net)
C,62,0.5736685381346166,0.4021986147486097,353.0482110367417,0.8160781043948567,0.689300626522944,226.0094010241202,0,probe,0.5,0.7417399888912476,,0.24240956626024013,Linear probe on DINO (no U-Net)
C,85,0.5007835457411213,0.33403018244532157,346.61479886500956,0.7683301412929571,0.6238117591831944,258.55377198147954,0,probe,0.5,0.7417399888912476,,0.2675465955518358,Linear probe on DINO (no U-Net)
C,107,0.4069043885012472,0.2554174310469914,984.9384625492817,0.7664092034936775,0.6212831723973951,461.2750761955587,0,probe,0.5,0.7417399888912476,,0.35950481499243025,Linear probe on DINO (no U-Net)
C,129,0.41545355625156233,0.2621908356745646,888.7443599745991,0.7461709030136867,0.5951137238776584,436.65294960692773,0,probe,0.5,0.7417399888912476,,0.3307173467621244,Linear probe on DINO (no U-Net)
C,151,0.5668112296579433,0.3954895833593947,906.1416491974186,0.6559623159787531,0.4880535149997948,491.88403684459513,0,probe,0.5,0.7417399888912476,,0.08915108632080981,Linear probe on DINO (no U-Net)
C,174,0.4937352438329398,0.32778782203557016,283.69958789315274,0.5815724894030659,0.4100121331955242,534.625,0,probe,0.5,0.7417399888912476,,0.08783724557012612,Linear probe on DINO (no U-Net)
C,207,0.4886290725030299,0.3233018867924528,451.614905689087,0.6942163090940618,0.5316472505583388,440.8524371520051,0,probe,0.5,0.7417399888912476,,0.20558723659103195,Linear probe on DINO (no U-Net)
C,229,0.5020167244681839,0.33512839072916695,537.9539121858431,0.796146735428627,0.661332040090527,462.8249532171052,0,probe,0.5,0.7417399888912476,,0.2941300109604431,Linear probe on DINO (no U-Net)
C,251,0.5387449849092738,0.36868649164281864,548.4946729458728,0.8424839591898038,0.7278378264201957,290.2283562404335,0,probe,0.5,0.7417399888912476,,0.30373897428053,Linear probe on DINO (no U-Net)
C,274,0.35053814512443204,0.2125166726883029,676.404001532096,0.7360711079334257,0.5823674991161251,868.0478641080833,0,probe,0.5,0.7417399888912476,,0.38553296280899363,Linear probe on DINO (no U-Net)
C,296,0.4421762571492999,0.28384228907703685,911.8590163085732,0.777666718630121,0.6362149591137563,1204.5236165063297,0,probe,0.5,0.7417399888912476,,0.3354904614808211,Linear probe on DINO (no U-Net)
C,318,0.5414195907541511,0.3711962585827471,504.9479184659719,0.8085073788490017,0.6785668366690952,605.0286684062572,0,probe,0.5,0.7417399888912476,,0.26708778809485056,Linear probe on DINO (no U-Net)
C,341,0.4827600523114608,0.3181830619783828,422.36403570431986,0.7671786934064639,0.622295128501867,622.5125581821635,0,probe,0.5,0.7417399888912476,,0.28441864109500314,Linear probe on DINO (no U-Net)
C,363,0.423961122763396,0.2690042288212846,446.1907861950422,0.7822573245290585,0.6423831079308555,638.6198976448106,0,probe,0.5,0.7417399888912476,,0.3582962017656625,Linear probe on DINO (no U-Net)
C,385,0.4766393775422071,0.31288676529737014,341.5292283501394,0.7883660346574063,0.6506635314028136,573.0715173319066,0,probe,0.5,0.7417399888912476,,0.3117266571151992,Linear probe on DINO (no U-Net)
C,407,0.47760956793831333,0.3137234430010926,296.54891955322137,0.7418076642384788,0.589582087852649,381.1877300670698,0,probe,0.5,0.7417399888912476,,0.26419809630016544,Linear probe on DINO (no U-Net)
C,430,0.5169432228008166,0.348566036545874,323.375,0.8052838074783387,0.6740377442935999,213.39379671406886,0,probe,0.5,0.7417399888912476,,0.2883405846775221,Linear probe on DINO (no U-Net)
C,457,0.5993698609631005,0.42792871883739336,265.88494915552116,0.8626921976644394,0.7585388897296104,87.75818785051472,0,probe,0.5,0.7417399888912476,,0.26332233670133887,Linear probe on DINO (no U-Net)
C,480,0.6483872762494373,0.4797138003038626,335.9381963308385,0.8528162437363807,0.7433998599439776,103.69740936912817,0,probe,0.5,0.7417399888912476,,0.2044289674869434,Linear probe on DINO (no U-Net)
C,502,0.6474263317811618,0.4786625283292238,271.60357140509035,0.84618275328741,0.7333767593596994,270.39164899710573,0,probe,0.5,0.7417399888912476,,0.19875642150624817,Linear probe on DINO (no U-Net)
C,524,0.5922978375064699,0.42075508107290566,274.70191230677665,0.6725445828356311,0.506641936248436,238.74485521915622,0,probe,0.5,0.7417399888912476,,0.0802467453291612,Linear probe on DINO (no U-Net)
C,546,0.7074807381454465,0.5473657213667574,183.625,0.7989742766778333,0.6652432676194346,254.20604680415238,0,probe,0.5,0.7417399888912476,,0.09149353853238673,Linear probe on DINO (no U-Net)
C,569,0.7374763923557457,0.5841287940205765,186.47153224010825,0.7772873648711469,0.6357073138360381,390.2338618371955,0,probe,0.5,0.7417399888912476,,0.03981097251540122,Linear probe on DINO (no U-Net)
C,591,0.5395220638700124,0.36941473097474664,358.62096982747676,0.6289483409602216,0.45873424010930997,310.32902750258575,0,probe,0.5,0.7417399888912476,,0.08942627709020912,Linear probe on DINO (no U-Net)
C,40,0.5222729139189392,0.3534298848808472,325.58447444557305,0.6106367799691621,0.4395083813688465,576.8779753407623,0,raw,0.4,0.7294440552438701,27.0,0.08836386605022295,Raw
C,62,0.5736685381346166,0.4021986147486097,353.0482110367417,0.6411685115540735,0.471852850780907,412.7032774556206,0,raw,0.4,0.7294440552438701,27.0,0.0674999734194569,Raw
C,85,0.5007835457411213,0.33403018244532157,346.61479886500956,0.565139651415435,0.3938638711237116,604.6719684495473,0,raw,0.4,0.7294440552438701,27.0,0.06435610567431371,Raw
C,107,0.4069043885012472,0.2554174310469914,984.9384625492817,0.6130259284036079,0.44198802339399307,415.95444936445614,0,raw,0.4,0.7294440552438701,27.0,0.2061215399023607,Raw
C,129,0.41545355625156233,0.2621908356745646,888.7443599745991,0.6926153711465435,0.5297716952309205,910.2502194664992,0,raw,0.4,0.7294440552438701,27.0,0.27716181489498115,Raw
C,151,0.5668112296579433,0.3954895833593947,906.1416491974186,0.7234949010282867,0.5667779169946888,563.8029901094957,0,raw,0.4,0.7294440552438701,27.0,0.15668367137034345,Raw
C,174,0.4937352438329398,0.32778782203557016,283.69958789315274,0.5897026258831898,0.4181406253078272,380.29440770640997,0,raw,0.4,0.7294440552438701,27.0,0.09596738205024996,Raw
C,207,0.4886290725030299,0.3233018867924528,451.614905689087,0.5383020673748432,0.368271758042424,481.03568167067255,0,raw,0.4,0.7294440552438701,27.0,0.049672994871813314,Raw
C,229,0.5020167244681839,0.33512839072916695,537.9539121858431,0.4997473271954898,0.3331087731117205,444.18536034874194,0,raw,0.4,0.7294440552438701,27.0,-0.002269397272694096,Raw
C,251,0.5387449849092738,0.36868649164281864,548.4946729458728,0.476866158556259,0.3130822424011335,493.24517408755713,0,raw,0.4,0.7294440552438701,27.0,-0.06187882635301478,Raw
C,274,0.35053814512443204,0.2125166726883029,676.404001532096,0.39429137490652344,0.24555599237910908,1201.5772386988908,0,raw,0.4,0.7294440552438701,27.0,0.043753229782091396,Raw
C,296,0.4421762571492999,0.28384228907703685,911.8590163085732,0.4854002706422194,0.32048089091369275,1180.6093526962572,0,raw,0.4,0.7294440552438701,27.0,0.04322401349291949,Raw
C,318,0.5414195907541511,0.3711962585827471,504.9479184659719,0.31397951932437596,0.1862252107391707,782.1459408921338,0,raw,0.4,0.7294440552438701,27.0,-0.22744007142977518,Raw
C,341,0.4827600523114608,0.3181830619783828,422.36403570431986,0.4044175433274966,0.2534607607624907,590.8467373811076,0,raw,0.4,0.7294440552438701,27.0,-0.07834250898396422,Raw
C,363,0.423961122763396,0.2690042288212846,446.1907861950422,0.3648343887190106,0.22311769902817316,803.3152610706238,0,raw,0.4,0.7294440552438701,27.0,-0.0591267340443854,Raw
C,385,0.4766393775422071,0.31288676529737014,341.5292283501394,0.3263547505519126,0.1949963713394661,742.7533444206501,0,raw,0.4,0.7294440552438701,27.0,-0.1502846269902945,Raw
C,407,0.47760956793831333,0.3137234430010926,296.54891955322137,0.48152323465447605,0.31710938596081,551.0451295567548,0,raw,0.4,0.7294440552438701,27.0,0.0039136667161627225,Raw
C,430,0.5169432228008166,0.348566036545874,323.375,0.4031714885712868,0.2524826464994426,520.8222582654001,0,raw,0.4,0.7294440552438701,27.0,-0.1137717342295298,Raw
C,457,0.5993698609631005,0.42792871883739336,265.88494915552116,0.34825670302783157,0.210841904832443,358.98048561948457,0,raw,0.4,0.7294440552438701,27.0,-0.25111315793526895,Raw
C,480,0.6483872762494373,0.4797138003038626,335.9381963308385,0.443910424627644,0.2852730534625045,487.4742626848201,0,raw,0.4,0.7294440552438701,27.0,-0.20447685162179324,Raw
C,502,0.6474263317811618,0.4786625283292238,271.60357140509035,0.5864099047069016,0.4148373044346447,343.0251448509278,0,raw,0.4,0.7294440552438701,27.0,-0.06101642707426025,Raw
C,524,0.5922978375064699,0.42075508107290566,274.70191230677665,0.4708568225279271,0.3079219980605946,334.83202744363706,0,raw,0.4,0.7294440552438701,27.0,-0.12144101497854282,Raw
C,546,0.7074807381454465,0.5473657213667574,183.625,0.5978334414762022,0.4263640705463706,437.3424180490614,0,raw,0.4,0.7294440552438701,27.0,-0.10964729666924433,Raw
C,569,0.7374763923557457,0.5841287940205765,186.47153224010825,0.6188724553432432,0.44809218217210184,323.69983676922004,0,raw,0.4,0.7294440552438701,27.0,-0.11860393701250249,Raw
C,591,0.5395220638700124,0.36941473097474664,358.62096982747676,0.5509776648695872,0.3802409745602706,314.3054146528845,0,raw,0.4,0.7294440552438701,27.0,0.011455600999574767,Raw
C,40,0.5222729139189392,0.3534298848808472,325.58447444557305,0.7971382194882386,0.6627014278806778,291.65468130136367,0,heat,0.6,0.6873838828643193,28.0,0.27486530556929945,Heatmap
C,62,0.5736685381346166,0.4021986147486097,353.0482110367417,0.7686899647907385,0.6242862827477074,332.80975826125115,0,heat,0.6,0.6873838828643193,28.0,0.19502142665612188,Heatmap
C,85,0.5007835457411213,0.33403018244532157,346.61479886500956,0.6904249276085179,0.527212942704917,314.9543633330664,0,heat,0.6,0.6873838828643193,28.0,0.18964138186739665,Heatmap
C,107,0.4069043885012472,0.2554174310469914,984.9384625492817,0.5706906499404463,0.3992772102950756,333.2617084287102,0,heat,0.6,0.6873838828643193,28.0,0.16378626143919905,Heatmap
C,129,0.41545355625156233,0.2621908356745646,888.7443599745991,0.6421726116923415,0.4729412716388934,983.6243193252149,0,heat,0.6,0.6873838828643193,28.0,0.2267190554407792,Heatmap
C,151,0.5668112296579433,0.3954895833593947,906.1416491974186,0.7219529020331162,0.5648875563205755,235.7457209331701,0,heat,0.6,0.6873838828643193,28.0,0.15514167237517296,Heatmap
C,174,0.4937352438329398,0.32778782203557016,283.69958789315274,0.5929255924857896,0.4213889395751813,330.84537074077343,0,heat,0.6,0.6873838828643193,28.0,0.09919034865284976,Heatmap
C,207,0.4886290725030299,0.3233018867924528,451.614905689087,0.7520661697825533,0.6026490760744174,331.1977529164903,0,heat,0.6,0.6873838828643193,28.0,0.26343709727952336,Heatmap
C,229,0.5020167244681839,0.33512839072916695,537.9539121858431,0.7950983603398778,0.6598865286332904,359.2086032918069,0,heat,0.6,0.6873838828643193,28.0,0.2930816358716939,Heatmap
C,251,0.5387449849092738,0.36868649164281864,548.4946729458728,0.7533643423339978,0.6043179799176246,316.12390148946565,0,heat,0.6,0.6873838828643193,28.0,0.21461935742472404,Heatmap
C,274,0.35053814512443204,0.2125166726883029,676.404001532096,0.7511204091120409,0.6014354102608009,218.65821441792608,0,heat,0.6,0.6873838828643193,28.0,0.4005822639876089,Heatmap
C,296,0.4421762571492999,0.28384228907703685,911.8590163085732,0.7939718921380107,0.6583361423852221,459.0635543767807,0,heat,0.6,0.6873838828643193,28.0,0.35179563498871075,Heatmap
C,318,0.5414195907541511,0.3711962585827471,504.9479184659719,0.7769520686497882,0.6352588878442843,497.26858590661453,0,heat,0.6,0.6873838828643193,28.0,0.23553247789563703,Heatmap
C,341,0.4827600523114608,0.3181830619783828,422.36403570431986,0.814412767935215,0.6869277484684589,78.45563532571421,0,heat,0.6,0.6873838828643193,28.0,0.3316527156237542,Heatmap
C,363,0.423961122763396,0.2690042288212846,446.1907861950422,0.649193378416625,0.48059682862352276,379.7564956134333,0,heat,0.6,0.6873838828643193,28.0,0.22523225565322907,Heatmap
C,385,0.4766393775422071,0.31288676529737014,341.5292283501394,0.7795555286523609,0.6387472326303877,128.50262803564746,0,heat,0.6,0.6873838828643193,28.0,0.3029161511101538,Heatmap
C,407,0.47760956793831333,0.3137234430010926,296.54891955322137,0.7654506153778288,0.6200242978632173,151.6659862477566,0,heat,0.6,0.6873838828643193,28.0,0.28784104743951544,Heatmap
C,430,0.5169432228008166,0.348566036545874,323.375,0.7845339247414356,0.6454593350740313,202.00390621223144,0,heat,0.6,0.6873838828643193,28.0,0.26759070194061896,Heatmap
C,457,0.5993698609631005,0.42792871883739336,265.88494915552116,0.8212596611432128,0.6967265258264763,166.71106179555093,0,heat,0.6,0.6873838828643193,28.0,0.22188980018011228,Heatmap
C,480,0.6483872762494373,0.4797138003038626,335.9381963308385,0.8204517974013013,0.6955644505190537,277.64802272290444,0,heat,0.6,0.6873838828643193,28.0,0.172064521151864,Heatmap
C,502,0.6474263317811618,0.4786625283292238,271.60357140509035,0.8039243025363467,0.6721349695852143,73.53909209036681,0,heat,0.6,0.6873838828643193,28.0,0.1564979707551849,Heatmap
C,524,0.5922978375064699,0.42075508107290566,274.70191230677665,0.770695872907744,0.626936700140034,205.24720663464012,0,heat,0.6,0.6873838828643193,28.0,0.17839803540127408,Heatmap
C,546,0.7074807381454465,0.5473657213667574,183.625,0.7932846895869404,0.6573917499359467,209.16628535598954,0,heat,0.6,0.6873838828643193,28.0,0.08580395144149389,Heatmap
C,569,0.7374763923557457,0.5841287940205765,186.47153224010825,0.8301462501846594,0.7096154115979851,78.56332380450577,0,heat,0.6,0.6873838828643193,28.0,0.09266985782891368,Heatmap
C,591,0.5395220638700124,0.36941473097474664,358.62096982747676,0.7155330159298062,0.557066101973629,309.00134489162605,0,heat,0.6,0.6873838828643193,28.0,0.17601095205979378,Heatmap
C,40,0.5222729139189392,0.3534298848808472,325.58447444557305,0.787719088847471,0.6497826383313895,266.817847148021,0,rawheat,0.3,0.7834877548921817,22.0,0.26544617492853184,Raw + Heatmap
C,62,0.5736685381346166,0.4021986147486097,353.0482110367417,0.7982126346430374,0.6641879068232234,374.5637112556438,0,rawheat,0.3,0.7834877548921817,22.0,0.22454409650842078,Raw + Heatmap
C,85,0.5007835457411213,0.33403018244532157,346.61479886500956,0.7832414726477454,0.6437115130412354,142.77631490246557,0,rawheat,0.3,0.7834877548921817,22.0,0.2824579269066241,Raw + Heatmap
C,107,0.4069043885012472,0.2554174310469914,984.9384625492817,0.7873497634253606,0.6492801796249009,176.85644211578125,0,rawheat,0.3,0.7834877548921817,22.0,0.38044537492411334,Raw + Heatmap
C,129,0.41545355625156233,0.2621908356745646,888.7443599745991,0.7768364708653686,0.6351043440732473,121.875,0,rawheat,0.3,0.7834877548921817,22.0,0.3613829146138062,Raw + Heatmap
C,151,0.5668112296579433,0.3954895833593947,906.1416491974186,0.8290840906085281,0.7080645876947775,88.43942135722055,0,rawheat,0.3,0.7834877548921817,22.0,0.2622728609505848,Raw + Heatmap
C,174,0.4937352438329398,0.32778782203557016,283.69958789315274,0.70035428342124,0.5388809230756216,119.90231611296964,0,rawheat,0.3,0.7834877548921817,22.0,0.20661903958830014,Raw + Heatmap
C,207,0.4886290725030299,0.3233018867924528,451.614905689087,0.7735939643347051,0.6307812762149768,96.30358466959547,0,rawheat,0.3,0.7834877548921817,22.0,0.28496489183167517,Raw + Heatmap
C,229,0.5020167244681839,0.33512839072916695,537.9539121858431,0.8368171761304185,0.7194201624698716,166.71812914517878,0,rawheat,0.3,0.7834877548921817,22.0,0.3348004516622346,Raw + Heatmap
C,251,0.5387449849092738,0.36868649164281864,548.4946729458728,0.8161982377997783,0.6894720584659266,249.96544573839708,0,rawheat,0.3,0.7834877548921817,22.0,0.2774532528905045,Raw + Heatmap
C,274,0.35053814512443204,0.2125166726883029,676.404001532096,0.7539977085469007,0.6051334846804991,700.5820485404131,0,rawheat,0.3,0.7834877548921817,22.0,0.4034595634224687,Raw + Heatmap
C,296,0.4421762571492999,0.28384228907703685,911.8590163085732,0.7642844484949748,0.618495451938048,580.5456469725322,0,rawheat,0.3,0.7834877548921817,22.0,0.32210819134567487,Raw + Heatmap
C,318,0.5414195907541511,0.3711962585827471,504.9479184659719,0.850451972144488,0.7398142152712058,34.89022964957382,0,rawheat,0.3,0.7834877548921817,22.0,0.30903238139033684,Raw + Heatmap
C,341,0.4827600523114608,0.3181830619783828,422.36403570431986,0.788159433574612,0.6503821174261196,72.12510831880948,0,rawheat,0.3,0.7834877548921817,22.0,0.30539938126315125,Raw + Heatmap
C,363,0.423961122763396,0.2690042288212846,446.1907861950422,0.8199127622034895,0.6947899578462113,176.38572528503494,0,rawheat,0.3,0.7834877548921817,22.0,0.39595163944009354,Raw + Heatmap
C,385,0.4766393775422071,0.31288676529737014,341.5292283501394,0.7529234971048284,0.6037508487705976,92.97002116932885,0,rawheat,0.3,0.7834877548921817,22.0,0.27628411956262133,Raw + Heatmap
C,407,0.47760956793831333,0.3137234430010926,296.54891955322137,0.7648173453067162,0.6191937219978473,182.69286110463804,0,rawheat,0.3,0.7834877548921817,22.0,0.28720777736840286,Raw + Heatmap
C,430,0.5169432228008166,0.348566036545874,323.375,0.8086073262807282,0.6787076537548531,108.64428333573188,0,rawheat,0.3,0.7834877548921817,22.0,0.29166410347991156,Raw + Heatmap
C,457,0.5993698609631005,0.42792871883739336,265.88494915552116,0.797523864075272,0.6632346707337858,79.35925040598607,0,rawheat,0.3,0.7834877548921817,22.0,0.19815400311217146,Raw + Heatmap
C,480,0.6483872762494373,0.4797138003038626,335.9381963308385,0.7724019453534311,0.6291977593397288,100.812854210276,0,rawheat,0.3,0.7834877548921817,22.0,0.12401466910399384,Raw + Heatmap
C,502,0.6474263317811618,0.4786625283292238,271.60357140509035,0.7265501719505434,0.5705369429931924,356.9709087738497,0,rawheat,0.3,0.7834877548921817,22.0,0.07912384016938157,Raw + Heatmap
C,524,0.5922978375064699,0.42075508107290566,274.70191230677665,0.7309153648607206,0.5759390229955027,141.375,0,rawheat,0.3,0.7834877548921817,22.0,0.1386175273542507,Raw + Heatmap
C,546,0.7074807381454465,0.5473657213667574,183.625,0.7804125835025455,0.6398988485334003,345.297284251591,0,rawheat,0.3,0.7834877548921817,22.0,0.07293184535709896,Raw + Heatmap
C,569,0.7374763923557457,0.5841287940205765,186.47153224010825,0.8056971882411482,0.674617174395325,211.84962800806468,0,rawheat,0.3,0.7834877548921817,22.0,0.06822079588540253,Raw + Heatmap
C,591,0.5395220638700124,0.36941473097474664,358.62096982747676,0.7100769422958276,0.5504800755787984,133.3924602119684,0,rawheat,0.3,0.7834877548921817,22.0,0.17055487842581518,Raw + Heatmap
C,40,0.5222729139189392,0.3534298848808472,325.58447444557305,0.7090517927272496,0.549248830226263,808.8183237245526,0,rawheatmask,0.4,0.7714421929209834,27.0,0.18677887880831046,Raw + Heatmap + Mask
C,62,0.5736685381346166,0.4021986147486097,353.0482110367417,0.7513890723498017,0.6017799906363669,808.069119496015,0,rawheatmask,0.4,0.7714421929209834,27.0,0.17772053421518508,Raw + Heatmap + Mask
C,85,0.5007835457411213,0.33403018244532157,346.61479886500956,0.7805463322079299,0.6400787113307707,112.67239042218372,0,rawheatmask,0.4,0.7714421929209834,27.0,0.27976278646680863,Raw + Heatmap + Mask
C,107,0.4069043885012472,0.2554174310469914,984.9384625492817,0.7325035896010745,0.577913738919805,1079.5156392374306,0,rawheatmask,0.4,0.7714421929209834,27.0,0.3255992010998273,Raw + Heatmap + Mask
C,129,0.41545355625156233,0.2621908356745646,888.7443599745991,0.6935325813289431,0.5308456769893327,232.42327779619168,0,rawheatmask,0.4,0.7714421929209834,27.0,0.2780790250773808,Raw + Heatmap + Mask
C,151,0.5668112296579433,0.3954895833593947,906.1416491974186,0.791888505355334,0.655476343752732,136.42259710179982,0,rawheatmask,0.4,0.7714421929209834,27.0,0.22507727569739067,Raw + Heatmap + Mask
C,174,0.4937352438329398,0.32778782203557016,283.69958789315274,0.6290396918586149,0.45883143962891665,179.63710906089898,0,rawheatmask,0.4,0.7714421929209834,27.0,0.13530444802567504,Raw + Heatmap + Mask
C,207,0.4886290725030299,0.3233018867924528,451.614905689087,0.6243512571754154,0.45385950478423065,574.2363434545273,0,rawheatmask,0.4,0.7714421929209834,27.0,0.1357221846723855,Raw + Heatmap + Mask
C,229,0.5020167244681839,0.33512839072916695,537.9539121858431,0.8209990661872842,0.6963514978162858,186.55107659399505,0,rawheatmask,0.4,0.7714421929209834,27.0,0.31898234171910034,Raw + Heatmap + Mask
C,251,0.5387449849092738,0.36868649164281864,548.4946729458728,0.7772852972806883,0.6357045478818644,228.14820263437065,0,rawheatmask,0.4,0.7714421929209834,27.0,0.2385403123714145,Raw + Heatmap + Mask
C,274,0.35053814512443204,0.2125166726883029,676.404001532096,0.7686887272035837,0.6242846501825845,1212.521462014132,0,rawheatmask,0.4,0.7714421929209834,27.0,0.4181505820791517,Raw + Heatmap + Mask
C,296,0.4421762571492999,0.28384228907703685,911.8590163085732,0.6736634751935499,0.5079129335534632,872.5711144749579,0,rawheatmask,0.4,0.7714421929209834,27.0,0.23148721804424993,Raw + Heatmap + Mask
C,318,0.5414195907541511,0.3711962585827471,504.9479184659719,0.8289702162013565,0.7078984904314751,33.342212359110185,0,rawheatmask,0.4,0.7714421929209834,27.0,0.28755062544720533,Raw + Heatmap + Mask
C,341,0.4827600523114608,0.3181830619783828,422.36403570431986,0.6680436655884505,0.5015507252973036,399.77972450463267,0,rawheatmask,0.4,0.7714421929209834,27.0,0.18528361327698972,Raw + Heatmap + Mask
C,363,0.423961122763396,0.2690042288212846,446.1907861950422,0.6687670844554235,0.5023666983037648,764.6143759181164,0,rawheatmask,0.4,0.7714421929209834,27.0,0.24480596169202756,Raw + Heatmap + Mask
C,385,0.4766393775422071,0.31288676529737014,341.5292283501394,0.5422062510328726,0.3719361887901051,556.1855138139719,0,rawheatmask,0.4,0.7714421929209834,27.0,0.06556687349066548,Raw + Heatmap + Mask
C,407,0.47760956793831333,0.3137234430010926,296.54891955322137,0.6351809697983748,0.4653957453278911,429.8321306329846,0,rawheatmask,0.4,0.7714421929209834,27.0,0.15757140186006147,Raw + Heatmap + Mask
C,430,0.5169432228008166,0.348566036545874,323.375,0.6809331118399569,0.5162233378398161,348.9741883047759,0,rawheatmask,0.4,0.7714421929209834,27.0,0.16398988903914025,Raw + Heatmap + Mask
C,457,0.5993698609631005,0.42792871883739336,265.88494915552116,0.6417605506912654,0.47249441254109087,390.03706737756966,0,rawheatmask,0.4,0.7714421929209834,27.0,0.04239068972816484,Raw + Heatmap + Mask
C,480,0.6483872762494373,0.4797138003038626,335.9381963308385,0.684269015262062,0.5200675694343033,388.256335346928,0,rawheatmask,0.4,0.7714421929209834,27.0,0.0358817390126247,Raw + Heatmap + Mask
C,502,0.6474263317811618,0.4786625283292238,271.60357140509035,0.6560432489165905,0.4881431254299899,660.8885183735006,0,rawheatmask,0.4,0.7714421929209834,27.0,0.00861691713542867,Raw + Heatmap + Mask
C,524,0.5922978375064699,0.42075508107290566,274.70191230677665,0.6869031050535106,0.5231168451445488,582.0519965191717,0,rawheatmask,0.4,0.7714421929209834,27.0,0.09460526754704068,Raw + Heatmap + Mask
C,546,0.7074807381454465,0.5473657213667574,183.625,0.75426313285736,0.6054754842308082,436.3356823732218,0,rawheatmask,0.4,0.7714421929209834,27.0,0.04678239471191348,Raw + Heatmap + Mask
C,569,0.7374763923557457,0.5841287940205765,186.47153224010825,0.6879351389239113,0.5243148866586534,599.4286687373035,0,rawheatmask,0.4,0.7714421929209834,27.0,-0.04954125343183435,Raw + Heatmap + Mask
C,591,0.5395220638700124,0.36941473097474664,358.62096982747676,0.6729687590520161,0.507123523762162,340.15426447253554,0,rawheatmask,0.4,0.7714421929209834,27.0,0.1334466951820037,Raw + Heatmap + Mask
D,40,0.600950210514118,0.42954168967421313,226.30924086302795,0.7683073959366484,0.623781772661461,73.71799011739144,0,probe,0.5,0.7605839890907535,,0.16735718542253042,Linear probe on DINO (no U-Net)
D,56,0.5818563262005292,0.4102943424918491,388.75305340566416,0.7472987613269215,0.5965498701976989,80.7839131572617,0,probe,0.5,0.7605839890907535,,0.16544243512639234,Linear probe on DINO (no U-Net)
D,72,0.7146174759185808,0.5559570497733912,195.83658045053872,0.7938669126423155,0.658191804008516,80.79685616888743,0,probe,0.5,0.7605839890907535,,0.07924943672373463,Linear probe on DINO (no U-Net)
D,88,0.6552683038238288,0.4872855348670113,215.1177920041125,0.7658060076741214,0.620490791914272,81.15724156845474,0,probe,0.5,0.7605839890907535,,0.1105377038502926,Linear probe on DINO (no U-Net)
D,104,0.6353305133729179,0.46555632671409775,140.04576961887975,0.664052201586277,0.4970644828897947,197.4268975905048,0,probe,0.5,0.7605839890907535,,0.028721688213359076,Linear probe on DINO (no U-Net)
D,120,0.5147546636490352,0.34657887895727296,574.0883258439075,0.7222379946578513,0.5652367120310924,98.71122656516836,0,probe,0.5,0.7605839890907535,,0.2074833310088161,Linear probe on DINO (no U-Net)
D,136,0.6071534535272384,0.43590835980086323,616.8005971244962,0.7560940977146265,0.607838660726256,98.13436685984755,0,probe,0.5,0.7605839890907535,,0.14894064418738817,Linear probe on DINO (no U-Net)
D,160,0.6234892912007964,0.4529491032762804,181.31054217095746,0.7482136289168592,0.5977167080589381,116.23783000813461,0,probe,0.5,0.7605839890907535,,0.12472433771606273,Linear probe on DINO (no U-Net)
D,176,0.7216049790817788,0.5644616626897359,101.34842438341111,0.7549237472222292,0.6063273197428598,65.42858977669336,0,probe,0.5,0.7605839890907535,,0.03331876814045043,Linear probe on DINO (no U-Net)
D,192,0.6682834425260313,0.501821081051697,189.66444111375014,0.7791717289261779,0.6382320490013147,59.212288435828384,0,probe,0.5,0.7605839890907535,,0.11088828640014659,Linear probe on DINO (no U-Net)
D,208,0.663771142153561,0.49674959364621235,310.45444881596103,0.7669649496397695,0.6220139074032818,122.98920684352753,0,probe,0.5,0.7605839890907535,,0.10319380748620843,Linear probe on DINO (no U-Net)
D,224,0.7527103497201473,0.6034767862871809,106.30272437185273,0.7862028184307458,0.6477217366861123,46.65759584462105,0,probe,0.5,0.7605839890907535,,0.03349246871059852,Linear probe on DINO (no U-Net)
D,241,0.6863631731496161,0.5224908126207619,185.25320668176448,0.7400538827039739,0.5873694696501828,82.83484321226183,0,probe,0.5,0.7605839890907535,,0.05369070955435773,Linear probe on DINO (no U-Net)
D,257,0.6096924089881212,0.43853059058994376,396.8381747339976,0.6867732603547708,0.522966247656748,118.13684954218485,0,probe,0.5,0.7605839890907535,,0.07708085136664966,Linear probe on DINO (no U-Net)
D,273,0.6022304558382658,0.4308510357474082,147.8384236899888,0.5991940100930268,0.42774946310218087,164.61482050493277,0,probe,0.5,0.7605839890907535,,-0.0030364457452390914,Linear probe on DINO (no U-Net)
D,289,0.385740557902157,0.2389582169027676,449.8598122013899,0.6091780349959487,0.43799857230049877,225.58137316067308,0,probe,0.5,0.7605839890907535,,0.2234374770937917,Linear probe on DINO (no U-Net)
D,305,0.5406888533709755,0.37050964396452013,422.5333234788297,0.6310108824385818,0.46093199306259075,187.26091595009373,0,probe,0.5,0.7605839890907535,,0.09032202906760634,Linear probe on DINO (no U-Net)
D,321,0.638100574002362,0.4685372222217741,112.65258492012195,0.5847814181968278,0.41320925665895397,192.23528825549468,0,probe,0.5,0.7605839890907535,,-0.053319155805534146,Linear probe on DINO (no U-Net)
D,341,0.5678355120836955,0.3964876359347906,186.23252926224365,0.6045324417610992,0.4332113908287681,291.45308687643296,0,probe,0.5,0.7605839890907535,,0.03669692967740368,Linear probe on DINO (no U-Net)
D,357,0.6194970132569473,0.448747318336843,149.1777083044099,0.6486595283078664,0.4800119154987064,292.8720471329536,0,probe,0.5,0.7605839890907535,,0.029162515050919158,Linear probe on DINO (no U-Net)
D,373,0.490240415458178,0.32471422634283514,630.3282995314978,0.6245868078840963,0.4541084900627181,306.8555932893973,0,probe,0.5,0.7605839890907535,,0.13434639242591828,Linear probe on DINO (no U-Net)
D,389,0.5517101377952756,0.3809390317456272,642.2364263852654,0.6464166527737562,0.4775595489545508,242.29946648760543,0,probe,0.5,0.7605839890907535,,0.0947065149784806,Linear probe on DINO (no U-Net)
D,405,0.5253908436252379,0.3562915918119481,731.7664881426871,0.6285015115521739,0.45825898959864814,305.9446054156225,0,probe,0.5,0.7605839890907535,,0.10311066792693602,Linear probe on DINO (no U-Net)
D,421,0.698317881044213,0.5364734376196283,194.1915058962557,0.6767095833551003,0.5113840279073774,297.3065777789593,0,probe,0.5,0.7605839890907535,,-0.021608297689112654,Linear probe on DINO (no U-Net)
D,437,0.5583855386782997,0.38733347483651137,730.5087866878694,0.6431767548197753,0.47403135014416936,298.71267680432715,0,probe,0.5,0.7605839890907535,,0.08479121614147567,Linear probe on DINO (no U-Net)
D,40,0.600950210514118,0.42954168967421313,226.30924086302795,0.49994349139464633,0.33328310535411654,236.47565227260478,0,raw,0.4,0.747915903045846,28.0,-0.10100671911947168,Raw
D,56,0.5818563262005292,0.4102943424918491,388.75305340566416,0.5322854744278253,0.3626628102084898,367.2800540799895,0,raw,0.4,0.747915903045846,28.0,-0.04957085177270393,Raw
D,72,0.7146174759185808,0.5559570497733912,195.83658045053872,0.618253966493582,0.44744399585838235,198.88827222579945,0,raw,0.4,0.747915903045846,28.0,-0.09636350942499883,Raw
D,88,0.6552683038238288,0.4872855348670113,215.1177920041125,0.5877405478245096,0.41617037642703325,184.20534218871325,0,raw,0.4,0.747915903045846,28.0,-0.06752775599931926,Raw
D,104,0.6353305133729179,0.46555632671409775,140.04576961887975,0.5705255651655176,0.39911561288717845,175.0050311302551,0,raw,0.4,0.747915903045846,28.0,-0.06480494820740035,Raw
D,120,0.5147546636490352,0.34657887895727296,574.0883258439075,0.6625561820127652,0.4953899170208651,152.8139493796296,0,raw,0.4,0.747915903045846,28.0,0.14780151836373,Raw
D,136,0.6071534535272384,0.43590835980086323,616.8005971244962,0.7596156217589342,0.6124034090433415,168.64990950905855,0,raw,0.4,0.747915903045846,28.0,0.15246216823169578,Raw
D,160,0.6234892912007964,0.4529491032762804,181.31054217095746,0.6976393061038327,0.5356728818471646,210.68924323018888,0,raw,0.4,0.747915903045846,28.0,0.0741500149030363,Raw
D,176,0.7216049790817788,0.5644616626897359,101.34842438341111,0.6887693003506044,0.5252846051688475,189.23290628781405,0,raw,0.4,0.747915903045846,28.0,-0.032835678731174434,Raw
D,192,0.6682834425260313,0.501821081051697,189.66444111375014,0.7437251531898508,0.5920083133704929,114.93860602703391,0,raw,0.4,0.747915903045846,28.0,0.07544171066381944,Raw
D,208,0.663771142153561,0.49674959364621235,310.45444881596103,0.7450384581318082,0.5936743344522819,170.2903861790207,0,raw,0.4,0.747915903045846,28.0,0.08126731597824721,Raw
D,224,0.7527103497201473,0.6034767862871809,106.30272437185273,0.7176381580694609,0.5596222022554012,139.98959277704841,0,raw,0.4,0.747915903045846,28.0,-0.035072191650686424,Raw
D,241,0.6863631731496161,0.5224908126207619,185.25320668176448,0.6393506784499391,0.46988644930318,241.22808278069047,0,raw,0.4,0.747915903045846,28.0,-0.047012494699677054,Raw
D,257,0.6096924089881212,0.43853059058994376,396.8381747339976,0.6446573848396826,0.47564164044486196,191.73419000311404,0,raw,0.4,0.747915903045846,28.0,0.03496497585156144,Raw
D,273,0.6022304558382658,0.4308510357474082,147.8384236899888,0.5899728310609954,0.4184123852768944,329.1357948076409,0,raw,0.4,0.747915903045846,28.0,-0.012257624777270437,Raw
D,289,0.385740557902157,0.2389582169027676,449.8598122013899,0.4934665223300289,0.3275509835289105,398.49426047077776,0,raw,0.4,0.747915903045846,28.0,0.10772596442787191,Raw
D,305,0.5406888533709755,0.37050964396452013,422.5333234788297,0.4896484614850687,0.32419502943435313,441.86871966162477,0,raw,0.4,0.747915903045846,28.0,-0.05104039188590681,Raw
D,321,0.638100574002362,0.4685372222217741,112.65258492012195,0.5300707573392394,0.3606097096073436,383.1128457649516,0,raw,0.4,0.747915903045846,28.0,-0.10802981666312261,Raw
D,341,0.5678355120836955,0.3964876359347906,186.23252926224365,0.5523706659808232,0.3815691303016286,371.06224969358504,0,raw,0.4,0.747915903045846,28.0,-0.015464846102872354,Raw
D,357,0.6194970132569473,0.448747318336843,149.1777083044099,0.5428486476742631,0.37254101765601133,387.3487364874165,0,raw,0.4,0.747915903045846,28.0,-0.07664836558268417,Raw
D,373,0.490240415458178,0.32471422634283514,630.3282995314978,0.48659893836351253,0.3215267589658871,338.7624796957114,0,raw,0.4,0.747915903045846,28.0,-0.0036414770946654462,Raw
D,389,0.5517101377952756,0.3809390317456272,642.2364263852654,0.4530914899396338,0.29290128471912824,359.8082250908169,0,raw,0.4,0.747915903045846,28.0,-0.09861864785564178,Raw
D,405,0.5253908436252379,0.3562915918119481,731.7664881426871,0.48707978232358223,0.3219467732883179,282.45785301311804,0,raw,0.4,0.747915903045846,28.0,-0.03831106130165568,Raw
D,421,0.698317881044213,0.5364734376196283,194.1915058962557,0.45702227536878987,0.29619499236647995,343.2123257727312,0,raw,0.4,0.747915903045846,28.0,-0.24129560567542313,Raw
D,437,0.5583855386782997,0.38733347483651137,730.5087866878694,0.49908763623810226,0.3325228363015049,325.29220586368336,0,raw,0.4,0.747915903045846,28.0,-0.05929790244019739,Raw
D,40,0.600950210514118,0.42954168967421313,226.30924086302795,0.7215540893791507,0.5643993878698736,183.67353945403966,0,heat,0.2,0.6865291193899377,19.0,0.12060387886503265,Heatmap
D,56,0.5818563262005292,0.4102943424918491,388.75305340566416,0.6647633187772926,0.49786178594835584,324.71949005260177,0,heat,0.2,0.6865291193899377,19.0,0.08290699257676337,Heatmap
D,72,0.7146174759185808,0.5559570497733912,195.83658045053872,0.7276769168174486,0.5719277803223212,320.16868215790623,0,heat,0.2,0.6865291193899377,19.0,0.013059440898867791,Heatmap
D,88,0.6552683038238288,0.4872855348670113,215.1177920041125,0.6579671705145207,0.4902765089336735,232.64711300635028,0,heat,0.2,0.6865291193899377,19.0,0.002698866690691859,Heatmap
D,104,0.6353305133729179,0.46555632671409775,140.04576961887975,0.7011818070114924,0.5398613992294892,135.80878561418623,0,heat,0.2,0.6865291193899377,19.0,0.06585129363857445,Heatmap
D,120,0.5147546636490352,0.34657887895727296,574.0883258439075,0.5903274420464484,0.4187691948146014,198.62786519445726,0,heat,0.2,0.6865291193899377,19.0,0.07557277839741317,Heatmap
D,136,0.6071534535272384,0.43590835980086323,616.8005971244962,0.5881702144516472,0.41660136403993114,192.96626972090226,0,heat,0.2,0.6865291193899377,19.0,-0.018983239075591185,Heatmap
D,160,0.6234892912007964,0.4529491032762804,181.31054217095746,0.6974233990836729,0.5354183382328951,214.54276273240535,0,heat,0.2,0.6865291193899377,19.0,0.07393410788287647,Heatmap
D,176,0.7216049790817788,0.5644616626897359,101.34842438341111,0.7088543309891407,0.5490118954061867,182.79663597532414,0,heat,0.2,0.6865291193899377,19.0,-0.01275064809263804,Heatmap
D,192,0.6682834425260313,0.501821081051697,189.66444111375014,0.7191962086643345,0.561519425168419,188.90735079067676,0,heat,0.2,0.6865291193899377,19.0,0.0509127661383032,Heatmap
D,208,0.663771142153561,0.49674959364621235,310.45444881596103,0.7391828095358463,0.5862727880984281,220.67159975456903,0,heat,0.2,0.6865291193899377,19.0,0.07541166738228522,Heatmap
D,224,0.7527103497201473,0.6034767862871809,106.30272437185273,0.704713141985075,0.5440595167197743,249.7846484974607,0,heat,0.2,0.6865291193899377,19.0,-0.04799720773507232,Heatmap
D,241,0.6863631731496161,0.5224908126207619,185.25320668176448,0.7087038149279057,0.5488313394872596,223.3580085871111,0,heat,0.2,0.6865291193899377,19.0,0.02234064177828954,Heatmap
D,257,0.6096924089881212,0.43853059058994376,396.8381747339976,0.6776386412711335,0.5124458884086878,225.98525056121366,0,heat,0.2,0.6865291193899377,19.0,0.06794623228301233,Heatmap
D,273,0.6022304558382658,0.4308510357474082,147.8384236899888,0.6979083838529709,0.535990229257543,118.18733185745735,0,heat,0.2,0.6865291193899377,19.0,0.0956779280147051,Heatmap
D,289,0.385740557902157,0.2389582169027676,449.8598122013899,0.5107146687517082,0.3429260048668018,340.08637314255657,0,heat,0.2,0.6865291193899377,19.0,0.12497411084955123,Heatmap
D,305,0.5406888533709755,0.37050964396452013,422.5333234788297,0.5973159595489027,0.4258378525193803,178.05485384730176,0,heat,0.2,0.6865291193899377,19.0,0.05662710617792721,Heatmap
D,321,0.638100574002362,0.4685372222217741,112.65258492012195,0.6758674878084211,0.5104228478536406,188.3826407330045,0,heat,0.2,0.6865291193899377,19.0,0.03776691380605912,Heatmap
D,341,0.5678355120836955,0.3964876359347906,186.23252926224365,0.5919609429892424,0.42041514405570907,326.625,0,heat,0.2,0.6865291193899377,19.0,0.024125430905546863,Heatmap
D,357,0.6194970132569473,0.448747318336843,149.1777083044099,0.7512261320889482,0.6015709900669196,149.61834500068292,0,heat,0.2,0.6865291193899377,19.0,0.1317291188320009,Heatmap
D,373,0.490240415458178,0.32471422634283514,630.3282995314978,0.6255757390142235,0.45515475590160387,256.21731132966016,0,heat,0.2,0.6865291193899377,19.0,0.1353353235560455,Heatmap
D,389,0.5517101377952756,0.3809390317456272,642.2364263852654,0.6196872301640602,0.44894696601098216,287.401158430136,0,heat,0.2,0.6865291193899377,19.0,0.06797709236878469,Heatmap
D,405,0.5253908436252379,0.3562915918119481,731.7664881426871,0.5909880505983606,0.4194343780046249,372.60055857446054,0,heat,0.2,0.6865291193899377,19.0,0.06559720697312266,Heatmap
D,421,0.698317881044213,0.5364734376196283,194.1915058962557,0.5814159788894503,0.4098565684070544,311.9088082373898,0,heat,0.2,0.6865291193899377,19.0,-0.1169019021547627,Heatmap
D,437,0.5583855386782997,0.38733347483651137,730.5087866878694,0.5831017551142571,0.41153396669023173,332.89332844619867,0,heat,0.2,0.6865291193899377,19.0,0.02471621643595745,Heatmap
D,40,0.600950210514118,0.42954168967421313,226.30924086302795,0.7308275729365374,0.575830011236128,95.03823550266678,0,rawheat,0.7,0.7465568040868031,7.0,0.12987736242241943,Raw + Heatmap
D,56,0.5818563262005292,0.4102943424918491,388.75305340566416,0.6717060151310287,0.5056907753725081,355.4677374980984,0,rawheat,0.7,0.7465568040868031,7.0,0.0898496889304995,Raw + Heatmap
D,72,0.7146174759185808,0.5559570497733912,195.83658045053872,0.7769333653728447,0.6352338812755597,107.25,0,rawheat,0.7,0.7465568040868031,7.0,0.06231588945426392,Raw + Heatmap
D,88,0.6552683038238288,0.4872855348670113,215.1177920041125,0.7621563079309306,0.6157128826637053,188.25139118822375,0,rawheat,0.7,0.7465568040868031,7.0,0.10688800410710175,Raw + Heatmap
D,104,0.6353305133729179,0.46555632671409775,140.04576961887975,0.7033193667626171,0.542399839046459,112.07093791833034,0,rawheat,0.7,0.7465568040868031,7.0,0.06798885338969918,Raw + Heatmap
D,120,0.5147546636490352,0.34657887895727296,574.0883258439075,0.6609221091642015,0.4935650970621884,161.0263264754269,0,rawheat,0.7,0.7465568040868031,7.0,0.14616744551516625,Raw + Heatmap
D,136,0.6071534535272384,0.43590835980086323,616.8005971244962,0.7164678310230712,0.5582001357972584,143.3138895675279,0,rawheat,0.7,0.7465568040868031,7.0,0.10931437749583284,Raw + Heatmap
D,160,0.6234892912007964,0.4529491032762804,181.31054217095746,0.7500068463764412,0.6000087634098428,136.62843032944747,0,rawheat,0.7,0.7465568040868031,7.0,0.12651755517564478,Raw + Heatmap
D,176,0.7216049790817788,0.5644616626897359,101.34842438341111,0.7460392826199279,0.5949462947919487,134.5985645500714,0,rawheat,0.7,0.7465568040868031,7.0,0.024434303538149127,Raw + Heatmap
D,192,0.6682834425260313,0.501821081051697,189.66444111375014,0.7729085320495727,0.6298703497144655,146.5436495134247,0,rawheat,0.7,0.7465568040868031,7.0,0.10462508952354133,Raw + Heatmap
D,208,0.663771142153561,0.49674959364621235,310.45444881596103,0.7180932069783341,0.5601758340679902,259.2484470956916,0,rawheat,0.7,0.7465568040868031,7.0,0.054322064824773086,Raw + Heatmap
D,224,0.7527103497201473,0.6034767862871809,106.30272437185273,0.7896600773319061,0.6524283488816647,61.42499804962903,0,rawheat,0.7,0.7465568040868031,7.0,0.036949727611758854,Raw + Heatmap
D,241,0.6863631731496161,0.5224908126207619,185.25320668176448,0.7291510856386944,0.5737511968565878,112.125,0,rawheat,0.7,0.7465568040868031,7.0,0.042787912489078206,Raw + Heatmap
D,257,0.6096924089881212,0.43853059058994376,396.8381747339976,0.6983326410320667,0.5364908601424568,135.63437875611328,0,rawheat,0.7,0.7465568040868031,7.0,0.08864023204394555,Raw + Heatmap
D,273,0.6022304558382658,0.4308510357474082,147.8384236899888,0.6774379031931976,0.5122163298258778,136.02280353478523,0,rawheat,0.7,0.7465568040868031,7.0,0.07520744735493179,Raw + Heatmap
D,289,0.385740557902157,0.2389582169027676,449.8598122013899,0.45455481529718866,0.2941254855212477,275.75389022089456,0,rawheat,0.7,0.7465568040868031,7.0,0.06881425739503166,Raw + Heatmap
D,305,0.5406888533709755,0.37050964396452013,422.5333234788297,0.6365032480242212,0.4668168421390769,166.33225544619378,0,rawheat,0.7,0.7465568040868031,7.0,0.0958143946532457,Raw + Heatmap
D,321,0.638100574002362,0.4685372222217741,112.65258492012195,0.7089259339619436,0.5490978036120252,139.31381714101045,0,rawheat,0.7,0.7465568040868031,7.0,0.07082535995958161,Raw + Heatmap
D,341,0.5678355120836955,0.3964876359347906,186.23252926224365,0.6952406860295187,0.532849759020956,183.79163754915282,0,rawheat,0.7,0.7465568040868031,7.0,0.12740517394582318,Raw + Heatmap
D,357,0.6194970132569473,0.448747318336843,149.1777083044099,0.7432687511555888,0.5914301501128733,71.87243845254447,0,rawheat,0.7,0.7465568040868031,7.0,0.12377173789864149,Raw + Heatmap
D,373,0.490240415458178,0.32471422634283514,630.3282995314978,0.6231672584469844,0.4526092673711951,182.74371482101054,0,rawheat,0.7,0.7465568040868031,7.0,0.13292684298880642,Raw + Heatmap
D,389,0.5517101377952756,0.3809390317456272,642.2364263852654,0.6178318741317481,0.44700196927464075,208.42811505328595,0,rawheat,0.7,0.7465568040868031,7.0,0.06612173633647256,Raw + Heatmap
D,405,0.5253908436252379,0.3562915918119481,731.7664881426871,0.5853981745976451,0.4138254059096385,514.4870455170241,0,rawheat,0.7,0.7465568040868031,7.0,0.06000733097240718,Raw + Heatmap
D,421,0.698317881044213,0.5364734376196283,194.1915058962557,0.7195318938909107,0.5619287903056995,266.4560108964556,0,rawheat,0.7,0.7465568040868031,7.0,0.02121401284669766,Raw + Heatmap
D,437,0.5583855386782997,0.38733347483651137,730.5087866878694,0.6272824050820848,0.45696391406682196,562.1779316839988,0,rawheat,0.7,0.7465568040868031,7.0,0.06889686640378512,Raw + Heatmap
D,40,0.600950210514118,0.42954168967421313,226.30924086302795,0.7021426969493088,0.5410014608685255,57.12701309363198,0,rawheatmask,0.4,0.7899008357100006,30.0,0.10119248643519074,Raw + Heatmap + Mask
D,56,0.5818563262005292,0.4102943424918491,388.75305340566416,0.7043413289977825,0.5436164205600234,84.09253821307352,0,rawheatmask,0.4,0.7899008357100006,30.0,0.12248500279725327,Raw + Heatmap + Mask
D,72,0.7146174759185808,0.5559570497733912,195.83658045053872,0.7516179651039888,0.60207367944589,87.49662209151407,0,rawheatmask,0.4,0.7899008357100006,30.0,0.03700048918540799,Raw + Heatmap + Mask
D,88,0.6552683038238288,0.4872855348670113,215.1177920041125,0.7104663685974767,0.5509483051052797,95.28848058391017,0,rawheatmask,0.4,0.7899008357100006,30.0,0.05519806477364786,Raw + Heatmap + Mask
D,104,0.6353305133729179,0.46555632671409775,140.04576961887975,0.6451397522007781,0.476167009290232,218.2157983728156,0,rawheatmask,0.4,0.7899008357100006,30.0,0.009809238827860223,Raw + Heatmap + Mask
D,120,0.5147546636490352,0.34657887895727296,574.0883258439075,0.6304738359839691,0.46035910269516334,118.69979312472104,0,rawheatmask,0.4,0.7899008357100006,30.0,0.1157191723349339,Raw + Heatmap + Mask
D,136,0.6071534535272384,0.43590835980086323,616.8005971244962,0.7245204421886037,0.5680376747329553,101.01018822376285,0,rawheatmask,0.4,0.7899008357100006,30.0,0.1173669886613653,Raw + Heatmap + Mask
D,160,0.6234892912007964,0.4529491032762804,181.31054217095746,0.7612203545331511,0.6144921393556446,129.095301325357,0,rawheatmask,0.4,0.7899008357100006,30.0,0.13773106333235463,Raw + Heatmap + Mask
D,176,0.7216049790817788,0.5644616626897359,101.34842438341111,0.7497473357945003,0.599676655175091,89.62021258548926,0,rawheatmask,0.4,0.7899008357100006,30.0,0.028142356712721472,Raw + Heatmap + Mask
D,192,0.6682834425260313,0.501821081051697,189.66444111375014,0.7661074523701915,0.6208866840486328,99.29406883470436,0,rawheatmask,0.4,0.7899008357100006,30.0,0.09782400984416018,Raw + Heatmap + Mask
D,208,0.663771142153561,0.49674959364621235,310.45444881596103,0.7635375276618865,0.6175177530605195,89.83237514949718,0,rawheatmask,0.4,0.7899008357100006,30.0,0.0997663855083255,Raw + Heatmap + Mask
D,224,0.7527103497201473,0.6034767862871809,106.30272437185273,0.7854448570741979,0.6466934512187736,58.18389541729665,0,rawheatmask,0.4,0.7899008357100006,30.0,0.03273450735405059,Raw + Heatmap + Mask
D,241,0.6863631731496161,0.5224908126207619,185.25320668176448,0.7412870995389088,0.5889246858972852,86.62149343552096,0,rawheatmask,0.4,0.7899008357100006,30.0,0.054923926389292665,Raw + Heatmap + Mask
D,257,0.6096924089881212,0.43853059058994376,396.8381747339976,0.6873339040458555,0.5236167111836993,76.47008922557679,0,rawheatmask,0.4,0.7899008357100006,30.0,0.07764149505773432,Raw + Heatmap + Mask
D,273,0.6022304558382658,0.4308510357474082,147.8384236899888,0.7088273528393465,0.5489795298855575,69.38959305976653,0,rawheatmask,0.4,0.7899008357100006,30.0,0.10659689700108066,Raw + Heatmap + Mask
D,289,0.385740557902157,0.2389582169027676,449.8598122013899,0.4719069262313353,0.30882080046832044,276.30473120757125,0,rawheatmask,0.4,0.7899008357100006,30.0,0.08616636832917829,Raw + Heatmap + Mask
D,305,0.5406888533709755,0.37050964396452013,422.5333234788297,0.5800396364879942,0.4084900194350318,155.90018272515155,0,rawheatmask,0.4,0.7899008357100006,30.0,0.03935078311701867,Raw + Heatmap + Mask
D,321,0.638100574002362,0.4685372222217741,112.65258492012195,0.6236699629136087,0.45313983282227915,122.5873977475283,0,rawheatmask,0.4,0.7899008357100006,30.0,-0.01443061108875332,Raw + Heatmap + Mask
D,341,0.5678355120836955,0.3964876359347906,186.23252926224365,0.6688988712551311,0.5025154413968936,163.87512477194204,0,rawheatmask,0.4,0.7899008357100006,30.0,0.10106335917143561,Raw + Heatmap + Mask
D,357,0.6194970132569473,0.448747318336843,149.1777083044099,0.722103444840228,0.5650719081482659,81.44897868036485,0,rawheatmask,0.4,0.7899008357100006,30.0,0.10260643158328075,Raw + Heatmap + Mask
D,373,0.490240415458178,0.32471422634283514,630.3282995314978,0.6313657560063427,0.4613107985403211,183.78941473512742,0,rawheatmask,0.4,0.7899008357100006,30.0,0.14112534054816472,Raw + Heatmap + Mask
D,389,0.5517101377952756,0.3809390317456272,642.2364263852654,0.6377778027754968,0.4681892602212433,189.914250606879,0,rawheatmask,0.4,0.7899008357100006,30.0,0.08606766498022123,Raw + Heatmap + Mask
D,405,0.5253908436252379,0.3562915918119481,731.7664881426871,0.602478813746047,0.4311053168081035,322.53273709309303,0,rawheatmask,0.4,0.7899008357100006,30.0,0.07708797012080904,Raw + Heatmap + Mask
D,421,0.698317881044213,0.5364734376196283,194.1915058962557,0.7136674224040496,0.5548078582739738,142.896707745453,0,rawheatmask,0.4,0.7899008357100006,30.0,0.015349541359836572,Raw + Heatmap + Mask
D,437,0.5583855386782997,0.38733347483651137,730.5087866878694,0.628106283710003,0.4578388808490111,321.7700901250716,0,rawheatmask,0.4,0.7899008357100006,30.0,0.06972074503170334,Raw + Heatmap + Mask
E,40,0.5013499732918953,0.3345343905228811,438.8210042136707,0.8263269859388782,0.7040521303967251,78.48935039226659,0,probe,0.5,0.7411899028445706,,0.32497701264698287,Linear probe on DINO (no U-Net)
E,56,0.48687620343694354,0.32176891576409355,485.4182635882173,0.7520055180409487,0.602571188344103,72.16262547435964,0,probe,0.5,0.7411899028445706,,0.2651293146040052,Linear probe on DINO (no U-Net)
E,73,0.49479102978164285,0.3287191609746152,435.5315024391439,0.8604862988273425,0.7551346666054372,65.0,0,probe,0.5,0.7411899028445706,,0.36569526904569966,Linear probe on DINO (no U-Net)
E,89,0.48769500941298943,0.3224845599588266,382.33214644631227,0.8786696570280524,0.7835957196157264,47.985674945758554,0,probe,0.5,0.7411899028445706,,0.390974647615063,Linear probe on DINO (no U-Net)
E,106,0.5328796190870511,0.3632146523351101,413.9681953969663,0.8768676202296418,0.780733986503827,48.75,0,probe,0.5,0.7411899028445706,,0.34398800114259076,Linear probe on DINO (no U-Net)
E,122,0.5175329026724207,0.34910245468878826,408.6201340055542,0.8685538365584925,0.7676492833884573,63.75301979078421,0,probe,0.5,0.7411899028445706,,0.3510209338860718,Linear probe on DINO (no U-Net)
E,138,0.5375358835703318,0.3675549215406562,497.390344145075,0.8198673067415193,0.694724679203465,58.592461262644065,0,probe,0.5,0.7411899028445706,,0.28233142317118753,Linear probe on DINO (no U-Net)
E,163,0.5746847830665884,0.4031983776213601,313.0593116875534,0.8737609849365565,0.7758219820570998,74.5235394172036,0,probe,0.5,0.7411899028445706,,0.2990762018699681,Linear probe on DINO (no U-Net)
E,179,0.6514657980456026,0.4830917874396135,363.8922300331406,0.8342564734310962,0.7156432392007673,128.4983584525499,0,probe,0.5,0.7411899028445706,,0.18279067538549365,Linear probe on DINO (no U-Net)
E,196,0.629195320808224,0.45899706235260046,680.3133820140222,0.8090916249950781,0.6793903225273181,113.13544576212809,0,probe,0.5,0.7411899028445706,,0.1798963041868541,Linear probe on DINO (no U-Net)
E,212,0.6769281434124899,0.5116336955110168,389.84677516030246,0.8379577184688427,0.7211077701619542,82.7474508670811,0,probe,0.5,0.7411899028445706,,0.16102957505635285,Linear probe on DINO (no U-Net)
E,229,0.6935435069774993,0.5308584791621949,848.6834543336354,0.8585277490797393,0.7521231886167972,42.374815633817214,0,probe,0.5,0.7411899028445706,,0.16498424210223994,Linear probe on DINO (no U-Net)
E,245,0.6399451658352691,0.47052894468647455,882.5970997937754,0.8434050676848317,0.7292138709241781,43.724278152989555,0,probe,0.5,0.7411899028445706,,0.20345990184956264,Linear probe on DINO (no U-Net)
E,261,0.6501080171395152,0.48160002829404586,219.7016353729584,0.8028232399268289,0.6705970803156591,47.376484145618065,0,probe,0.5,0.7411899028445706,,0.15271522278731375,Linear probe on DINO (no U-Net)
E,278,0.5738969114306153,0.40242316002998635,924.586872930998,0.7527910150944536,0.6035804938908966,70.54445979720576,0,probe,0.5,0.7411899028445706,,0.1788941036638383,Linear probe on DINO (no U-Net)
E,294,0.6238802104792287,0.4533618477331052,476.5855434697587,0.6928115824294601,0.5300013166556945,95.60332189869938,0,probe,0.5,0.7411899028445706,,0.06893137195023136,Linear probe on DINO (no U-Net)
E,311,0.5730847919981814,0.40162498008602837,473.15412724079664,0.7304490231458668,0.5753601363498401,105.68713449042275,0,probe,0.5,0.7411899028445706,,0.15736423114768539,Linear probe on DINO (no U-Net)
E,327,0.5973659411958321,0.4258886610133532,680.4856980579424,0.7393572442574444,0.5864922801400158,180.38195368773748,0,probe,0.5,0.7411899028445706,,0.14199130306161234,Linear probe on DINO (no U-Net)
E,348,0.5954407519798682,0.42393423618063975,334.77267810453986,0.6925850151481061,0.5297361764800051,92.6114244760158,0,probe,0.5,0.7411899028445706,,0.09714426316823788,Linear probe on DINO (no U-Net)
E,364,0.5636972052127492,0.39246404536603696,521.8337375701295,0.703757809678341,0.542921542696975,221.07406163985064,0,probe,0.5,0.7411899028445706,,0.14006060446559176,Linear probe on DINO (no U-Net)
E,380,0.63587944289477,0.46614607454062257,712.7798129259924,0.6367591807053691,0.46709222001938105,142.5943633642163,0,probe,0.5,0.7411899028445706,,0.0008797378105990239,Linear probe on DINO (no U-Net)
E,397,0.5861442000393631,0.4145714153138403,725.818385719379,0.517859224545942,0.34939948561046397,256.2326655294473,0,probe,0.5,0.7411899028445706,,-0.06828497549342105,Linear probe on DINO (no U-Net)
E,413,0.6352375908967619,0.46545654149000604,289.4307012835237,0.5129747800058965,0.3449671015047953,432.3385717525097,0,probe,0.5,0.7411899028445706,,-0.12226281089086544,Linear probe on DINO (no U-Net)
E,430,0.6573331477762977,0.4895727832169489,345.8654958810566,0.5560026961380614,0.3850441373062433,453.408343203701,0,probe,0.5,0.7411899028445706,,-0.10133045163823629,Linear probe on DINO (no U-Net)
E,446,0.5468172773654034,0.37628941553477363,459.95637638120985,0.6569685802803926,0.4891684368914852,386.2462528785883,0,probe,0.5,0.7411899028445706,,0.1101513029149892,Linear probe on DINO (no U-Net)
E,40,0.5013499732918953,0.3345343905228811,438.8210042136707,0.8258748814505137,0.7033959740771062,99.10500031589581,0,raw,0.2,0.68040616997821,9.0,0.32452490815861834,Raw
E,56,0.48687620343694354,0.32176891576409355,485.4182635882173,0.7911902569445364,0.6545200859687597,105.86223358686514,0,raw,0.2,0.68040616997821,9.0,0.30431405350759283,Raw
E,73,0.49479102978164285,0.3287191609746152,435.5315024391439,0.8114956220470153,0.6827872383984747,100.83640326047116,0,raw,0.2,0.68040616997821,9.0,0.31670459226537245,Raw
E,89,0.48769500941298943,0.3224845599588266,382.33214644631227,0.7959237393298988,0.6610243597751405,259.64860582825014,0,raw,0.2,0.68040616997821,9.0,0.30822872991690936,Raw
E,106,0.5328796190870511,0.3632146523351101,413.9681953969663,0.8187099478948314,0.6930642871628473,66.80311557105702,0,raw,0.2,0.68040616997821,9.0,0.28583032880778036,Raw
E,122,0.5175329026724207,0.34910245468878826,408.6201340055542,0.7992880741767026,0.665678467071651,74.75,0,raw,0.2,0.68040616997821,9.0,0.28175517150428186,Raw
E,138,0.5375358835703318,0.3675549215406562,497.390344145075,0.7520278580015753,0.6025998759854726,106.69764147952381,0,raw,0.2,0.68040616997821,9.0,0.21449197443124357,Raw
E,163,0.5746847830665884,0.4031983776213601,313.0593116875534,0.6976867537374586,0.5357288315539468,137.12439031051503,0,raw,0.2,0.68040616997821,9.0,0.12300197067087015,Raw
E,179,0.6514657980456026,0.4830917874396135,363.8922300331406,0.6551301599236934,0.48713276214635154,127.41492259543229,0,raw,0.2,0.68040616997821,9.0,0.003664361878090827,Raw
E,196,0.629195320808224,0.45899706235260046,680.3133820140222,0.5956528778129601,0.42414932063614624,187.90860670239434,0,raw,0.2,0.68040616997821,9.0,-0.03354244299526399,Raw
E,212,0.6769281434124899,0.5116336955110168,389.84677516030246,0.5498591902361453,0.37917641275517644,205.72780674654496,0,raw,0.2,0.68040616997821,9.0,-0.1270689531763446,Raw
E,229,0.6935435069774993,0.5308584791621949,848.6834543336354,0.5670749829310414,0.3957464460289699,237.2333040112229,0,raw,0.2,0.68040616997821,9.0,-0.12646852404645792,Raw
E,245,0.6399451658352691,0.47052894468647455,882.5970997937754,0.5355346230460177,0.36568609369236443,212.57180096130008,0,raw,0.2,0.68040616997821,9.0,-0.10441054278925133,Raw
E,261,0.6501080171395152,0.48160002829404586,219.7016353729584,0.41662301902039717,0.26312307430580495,237.23469193253655,0,raw,0.2,0.68040616997821,9.0,-0.233484998119118,Raw
E,278,0.5738969114306153,0.40242316002998635,924.586872930998,0.3016515034862664,0.17761460860681905,171.78255468649655,0,raw,0.2,0.68040616997821,9.0,-0.27224540794434887,Raw
E,294,0.6238802104792287,0.4533618477331052,476.5855434697587,0.43048690971372644,0.2742805475010133,190.78392508581825,0,raw,0.2,0.68040616997821,9.0,-0.19339330076550226,Raw
E,311,0.5730847919981814,0.40162498008602837,473.15412724079664,0.4702855524568839,0.30743355612036777,309.1986871333706,0,raw,0.2,0.68040616997821,9.0,-0.1027992395412975,Raw
E,327,0.5973659411958321,0.4258886610133532,680.4856980579424,0.44545148482046953,0.286547174611032,296.20545154354335,0,raw,0.2,0.68040616997821,9.0,-0.15191445637536255,Raw
E,348,0.5954407519798682,0.42393423618063975,334.77267810453986,0.37137810616581496,0.22803212186439276,304.6196681984941,0,raw,0.2,0.68040616997821,9.0,-0.22406264581405327,Raw
E,364,0.5636972052127492,0.39246404536603696,521.8337375701295,0.3479295182056879,0.21060210326365858,284.40633732460986,0,raw,0.2,0.68040616997821,9.0,-0.21576768700706134,Raw
E,380,0.63587944289477,0.46614607454062257,712.7798129259924,0.35176182575502674,0.21341686611291003,344.232564787682,0,raw,0.2,0.68040616997821,9.0,-0.2841176171397433,Raw
E,397,0.5861442000393631,0.4145714153138403,725.818385719379,0.3905937291527685,0.2426943005181347,332.1469678980314,0,raw,0.2,0.68040616997821,9.0,-0.19555047088659455,Raw
E,413,0.6352375908967619,0.46545654149000604,289.4307012835237,0.42695612439634084,0.2714203532514282,394.4420965406016,0,raw,0.2,0.68040616997821,9.0,-0.20828146650042106,Raw
E,430,0.6573331477762977,0.4895727832169489,345.8654958810566,0.46405461780242024,0.30212963506454005,366.98440259486017,0,raw,0.2,0.68040616997821,9.0,-0.19327852997387746,Raw
E,446,0.5468172773654034,0.37628941553477363,459.95637638120985,0.47753081217739385,0.31365548544226723,361.78426739982166,0,raw,0.2,0.68040616997821,9.0,-0.06928646518800957,Raw
E,40,0.5013499732918953,0.3345343905228811,438.8210042136707,0.6010185147562743,0.42961148599587573,409.5697782017161,0,heat,0.2,0.6936575433980241,21.0,0.09966854146437898,Heatmap
E,56,0.48687620343694354,0.32176891576409355,485.4182635882173,0.6744020267391571,0.5087530611413,379.965853970349,0,heat,0.2,0.6936575433980241,21.0,0.1875258233022135,Heatmap
E,73,0.49479102978164285,0.3287191609746152,435.5315024391439,0.5231055340571815,0.35419290011574517,369.04443981242747,0,heat,0.2,0.6936575433980241,21.0,0.028314504275538666,Heatmap
E,89,0.48769500941298943,0.3224845599588266,382.33214644631227,0.6275817921328009,0.45728174439487496,321.37883324612636,0,heat,0.2,0.6936575433980241,21.0,0.13988678271981142,Heatmap
E,106,0.5328796190870511,0.3632146523351101,413.9681953969663,0.6924532690036345,0.5295820429117492,284.0594999773578,0,heat,0.2,0.6936575433980241,21.0,0.1595736499165834,Heatmap
E,122,0.5175329026724207,0.34910245468878826,408.6201340055542,0.6426803229385588,0.4734922316384181,280.7968592171785,0,heat,0.2,0.6936575433980241,21.0,0.12514742026613812,Heatmap
E,138,0.5375358835703318,0.3675549215406562,497.390344145075,0.6087874803629169,0.4375948834342918,275.1297997723979,0,heat,0.2,0.6936575433980241,21.0,0.07125159679258508,Heatmap
E,163,0.5746847830665884,0.4031983776213601,313.0593116875534,0.6426910946851863,0.4735039254281771,145.10620653837609,0,heat,0.2,0.6936575433980241,21.0,0.06800631161859783,Heatmap
E,179,0.6514657980456026,0.4830917874396135,363.8922300331406,0.6539014086005868,0.48577527142405397,77.21742840835869,0,heat,0.2,0.6936575433980241,21.0,0.002435610554984202,Heatmap
E,196,0.629195320808224,0.45899706235260046,680.3133820140222,0.6157573401298833,0.44483337927734407,274.5778766944744,0,heat,0.2,0.6936575433980241,21.0,-0.013437980678340788,Heatmap
E,212,0.6769281434124899,0.5116336955110168,389.84677516030246,0.6737744956355859,0.508039163338582,272.4492759299336,0,heat,0.2,0.6936575433980241,21.0,-0.0031536477769039672,Heatmap
E,229,0.6935435069774993,0.5308584791621949,848.6834543336354,0.7333263953434126,0.578938720004533,360.1672348803339,0,heat,0.2,0.6936575433980241,21.0,0.03978288836591326,Heatmap
E,245,0.6399451658352691,0.47052894468647455,882.5970997937754,0.6837781122785683,0.5195006394114035,102.31307442626947,0,heat,0.2,0.6936575433980241,21.0,0.04383294644329927,Heatmap
E,261,0.6501080171395152,0.48160002829404586,219.7016353729584,0.5863555529141771,0.41478290677894847,229.72328786147756,0,heat,0.2,0.6936575433980241,21.0,-0.06375246422533809,Heatmap
E,278,0.5738969114306153,0.40242316002998635,924.586872930998,0.5547374063106839,0.3838315671718922,586.7051796655935,0,heat,0.2,0.6936575433980241,21.0,-0.019159505119931364,Heatmap
E,294,0.6238802104792287,0.4533618477331052,476.5855434697587,0.6339403622609517,0.46406492421530016,256.17128575061037,0,heat,0.2,0.6936575433980241,21.0,0.010060151781723037,Heatmap
E,311,0.5730847919981814,0.40162498008602837,473.15412724079664,0.5567878651043419,0.3857976604004904,715.5847064736987,0,heat,0.2,0.6936575433980241,21.0,-0.016296926893839547,Heatmap
E,327,0.5973659411958321,0.4258886610133532,680.4856980579424,0.6688729316266001,0.5024861619288864,277.875,0,heat,0.2,0.6936575433980241,21.0,0.07150699043076802,Heatmap
E,348,0.5954407519798682,0.42393423618063975,334.77267810453986,0.6911120719282491,0.5280147040139587,216.47445423098,0,heat,0.2,0.6936575433980241,21.0,0.09567131994838085,Heatmap
E,364,0.5636972052127492,0.39246404536603696,521.8337375701295,0.6309013428089555,0.460815105978823,291.4400235428761,0,heat,0.2,0.6936575433980241,21.0,0.06720413759620625,Heatmap
E,380,0.63587944289477,0.46614607454062257,712.7798129259924,0.6421996636980756,0.472970617644091,626.4787016979936,0,heat,0.2,0.6936575433980241,21.0,0.006320220803305521,Heatmap
E,397,0.5861442000393631,0.4145714153138403,725.818385719379,0.6063289506813478,0.43505886914833614,637.7039105084076,0,heat,0.2,0.6936575433980241,21.0,0.020184750641984772,Heatmap
E,413,0.6352375908967619,0.46545654149000604,289.4307012835237,0.6741797029680439,0.5085000617936641,211.43242114813953,0,heat,0.2,0.6936575433980241,21.0,0.038942112071281954,Heatmap
E,430,0.6573331477762977,0.4895727832169489,345.8654958810566,0.6544916010047702,0.4864269903432171,350.5094540744105,0,heat,0.2,0.6936575433980241,21.0,-0.002841546771527481,Heatmap
E,446,0.5468172773654034,0.37628941553477363,459.95637638120985,0.5248630033906108,0.3558062773810238,562.612200321023,0,heat,0.2,0.6936575433980241,21.0,-0.02195427397479266,Heatmap
E,40,0.5013499732918953,0.3345343905228811,438.8210042136707,0.7669695520484616,0.6220199617313957,366.71453900750123,0,rawheat,0.7,0.7728138514779869,15.0,0.2656195787565663,Raw + Heatmap
E,56,0.48687620343694354,0.32176891576409355,485.4182635882173,0.7883388242296371,0.6506264622438023,329.99169103681095,0,rawheat,0.7,0.7728138514779869,15.0,0.30146262079269354,Raw + Heatmap
E,73,0.49479102978164285,0.3287191609746152,435.5315024391439,0.7169394587083248,0.5587728993571665,316.90244074289524,0,rawheat,0.7,0.7728138514779869,15.0,0.2221484289266819,Raw + Heatmap
E,89,0.48769500941298943,0.3224845599588266,382.33214644631227,0.806599515414947,0.6758833483257742,131.78171517704817,0,rawheat,0.7,0.7728138514779869,15.0,0.3189045060019576,Raw + Heatmap
E,106,0.5328796190870511,0.3632146523351101,413.9681953969663,0.8207494356294172,0.6959924043517306,139.50792736609029,0,rawheat,0.7,0.7728138514779869,15.0,0.2878698165423661,Raw + Heatmap
E,122,0.5175329026724207,0.34910245468878826,408.6201340055542,0.7982620750283174,0.6642563727421079,164.09602255003583,0,rawheat,0.7,0.7728138514779869,15.0,0.2807291723558967,Raw + Heatmap
E,138,0.5375358835703318,0.3675549215406562,497.390344145075,0.7541447653497617,0.6053229495491749,235.00467942637366,0,rawheat,0.7,0.7728138514779869,15.0,0.21660888177942994,Raw + Heatmap
E,163,0.5746847830665884,0.4031983776213601,313.0593116875534,0.7585568010288324,0.6110281981950346,74.57316038629448,0,rawheat,0.7,0.7728138514779869,15.0,0.18387201796224395,Raw + Heatmap
E,179,0.6514657980456026,0.4830917874396135,363.8922300331406,0.7935622128793449,0.6577730085637489,45.62157135836496,0,rawheat,0.7,0.7728138514779869,15.0,0.14209641483374236,Raw + Heatmap
E,196,0.629195320808224,0.45899706235260046,680.3133820140222,0.7187023420705512,0.5609175491914655,109.4283765869775,0,rawheat,0.7,0.7728138514779869,15.0,0.08950702126232712,Raw + Heatmap
E,212,0.6769281434124899,0.5116336955110168,389.84677516030246,0.7851109273118022,0.6462408338026937,139.25026336953437,0,rawheat,0.7,0.7728138514779869,15.0,0.10818278389931235,Raw + Heatmap
E,229,0.6935435069774993,0.5308584791621949,848.6834543336354,0.8202889279460791,0.6953303629827984,95.33985028176566,0,rawheat,0.7,0.7728138514779869,15.0,0.12674542096857977,Raw + Heatmap
E,245,0.6399451658352691,0.47052894468647455,882.5970997937754,0.8173262604022592,0.6910834603296881,55.468224929370336,0,rawheat,0.7,0.7728138514779869,15.0,0.17738109456699014,Raw + Heatmap
E,261,0.6501080171395152,0.48160002829404586,219.7016353729584,0.6944866702626719,0.5319644422186053,144.43926939016836,0,rawheat,0.7,0.7728138514779869,15.0,0.0443786531231567,Raw + Heatmap
E,278,0.5738969114306153,0.40242316002998635,924.586872930998,0.6464722927655141,0.4776202875716373,498.87764657278444,0,rawheat,0.7,0.7728138514779869,15.0,0.07257538133489883,Raw + Heatmap
E,294,0.6238802104792287,0.4533618477331052,476.5855434697587,0.7290388908057713,0.5736122730521406,135.63492525040678,0,rawheat,0.7,0.7728138514779869,15.0,0.10515868032654263,Raw + Heatmap
E,311,0.5730847919981814,0.40162498008602837,473.15412724079664,0.7356596350408257,0.5818525259727669,264.2361928276156,0,rawheat,0.7,0.7728138514779869,15.0,0.16257484304264425,Raw + Heatmap
E,327,0.5973659411958321,0.4258886610133532,680.4856980579424,0.768609887540911,0.6241806554756195,288.63128982878567,0,rawheat,0.7,0.7728138514779869,15.0,0.1712439463450789,Raw + Heatmap
E,348,0.5954407519798682,0.42393423618063975,334.77267810453986,0.7410652594053854,0.5886446973854805,221.2117985177652,0,rawheat,0.7,0.7728138514779869,15.0,0.14562450742551714,Raw + Heatmap
E,364,0.5636972052127492,0.39246404536603696,521.8337375701295,0.7356663421632423,0.5818609174906793,270.39721386921053,0,rawheat,0.7,0.7728138514779869,15.0,0.1719691369504931,Raw + Heatmap
E,380,0.63587944289477,0.46614607454062257,712.7798129259924,0.6718465677573484,0.5058501159936792,202.26904575736987,0,rawheat,0.7,0.7728138514779869,15.0,0.03596712486257836,Raw + Heatmap
E,397,0.5861442000393631,0.4145714153138403,725.818385719379,0.6934011848864978,0.5306917294473921,442.9988876698712,0,rawheat,0.7,0.7728138514779869,15.0,0.10725698484713475,Raw + Heatmap
E,413,0.6352375908967619,0.46545654149000604,289.4307012835237,0.7626703216963637,0.6163840850742184,176.58447034345852,0,rawheat,0.7,0.7728138514779869,15.0,0.12743273079960182,Raw + Heatmap
E,430,0.6573331477762977,0.4895727832169489,345.8654958810566,0.7413212555454495,0.5889678035889148,171.92776462805534,0,rawheat,0.7,0.7728138514779869,15.0,0.08398810776915178,Raw + Heatmap
E,446,0.5468172773654034,0.37628941553477363,459.95637638120985,0.6239620309330629,0.45344826593423043,396.49687766600675,0,rawheat,0.7,0.7728138514779869,15.0,0.07714475356765949,Raw + Heatmap
E,40,0.5013499732918953,0.3345343905228811,438.8210042136707,0.5885754609773085,0.4170080969294002,397.31366299118486,0,rawheatmask,0.1,0.7726937071192114,30.0,0.08722548768541316,Raw + Heatmap + Mask
E,56,0.48687620343694354,0.32176891576409355,485.4182635882173,0.6413599733338562,0.47206026669745427,416.61526743411656,0,rawheatmask,0.1,0.7726937071192114,30.0,0.15448376989691265,Raw + Heatmap + Mask
E,73,0.49479102978164285,0.3287191609746152,435.5315024391439,0.6473034051592277,0.47852815452338937,340.258082196441,0,rawheatmask,0.1,0.7726937071192114,30.0,0.15251237537758483,Raw + Heatmap + Mask
E,89,0.48769500941298943,0.3224845599588266,382.33214644631227,0.7461583558999597,0.5950977616758962,232.7835227351588,0,rawheatmask,0.1,0.7726937071192114,30.0,0.2584633464869703,Raw + Heatmap + Mask
E,106,0.5328796190870511,0.3632146523351101,413.9681953969663,0.7585188654087559,0.6109789704202773,176.95645640770798,0,rawheatmask,0.1,0.7726937071192114,30.0,0.22563924632170484,Raw + Heatmap + Mask
E,122,0.5175329026724207,0.34910245468878826,408.6201340055542,0.7403681241119914,0.5877654720273339,189.9860603439105,0,rawheatmask,0.1,0.7726937071192114,30.0,0.22283522143957069,Raw + Heatmap + Mask
E,138,0.5375358835703318,0.3675549215406562,497.390344145075,0.6688422385660708,0.5024515184778632,155.9407108558043,0,rawheatmask,0.1,0.7726937071192114,30.0,0.13130635499573906,Raw + Heatmap + Mask
E,163,0.5746847830665884,0.4031983776213601,313.0593116875534,0.6652201610919435,0.4983744447594745,114.99214472713246,0,rawheatmask,0.1,0.7726937071192114,30.0,0.09053537802535505,Raw + Heatmap + Mask
E,179,0.6514657980456026,0.4830917874396135,363.8922300331406,0.7028831368983995,0.5418811187279616,101.44217872758846,0,rawheatmask,0.1,0.7726937071192114,30.0,0.05141733885279698,Raw + Heatmap + Mask
E,196,0.629195320808224,0.45899706235260046,680.3133820140222,0.6201662312264137,0.4494499593075079,224.11482416291258,0,rawheatmask,0.1,0.7726937071192114,30.0,-0.009029089581810368,Raw + Heatmap + Mask
E,212,0.6769281434124899,0.5116336955110168,389.84677516030246,0.6960992750734524,0.5338591058093518,179.3329382401553,0,rawheatmask,0.1,0.7726937071192114,30.0,0.019171131660962515,Raw + Heatmap + Mask
E,229,0.6935435069774993,0.5308584791621949,848.6834543336354,0.7196474779673729,0.5620697937353181,306.4708642350852,0,rawheatmask,0.1,0.7726937071192114,30.0,0.026103970989873604,Raw + Heatmap + Mask
E,245,0.6399451658352691,0.47052894468647455,882.5970997937754,0.7097527418530603,0.5500904864331284,110.79530442506862,0,rawheatmask,0.1,0.7726937071192114,30.0,0.0698075760177912,Raw + Heatmap + Mask
E,261,0.6501080171395152,0.48160002829404586,219.7016353729584,0.6533432004551424,0.48515939671931185,231.53078176515828,0,rawheatmask,0.1,0.7726937071192114,30.0,0.0032351833156272214,Raw + Heatmap + Mask
E,278,0.5738969114306153,0.40242316002998635,924.586872930998,0.6147936157561291,0.44382817084092524,579.6527929407955,0,rawheatmask,0.1,0.7726937071192114,30.0,0.040896704325513844,Raw + Heatmap + Mask
E,294,0.6238802104792287,0.4533618477331052,476.5855434697587,0.723846999859193,0.5672102011117208,229.75222681989152,0,rawheatmask,0.1,0.7726937071192114,30.0,0.09996678937996428,Raw + Heatmap + Mask
E,311,0.5730847919981814,0.40162498008602837,473.15412724079664,0.7066379735708392,0.5463574460445493,568.5235705687255,0,rawheatmask,0.1,0.7726937071192114,30.0,0.13355318157265783,Raw + Heatmap + Mask
E,327,0.5973659411958321,0.4258886610133532,680.4856980579424,0.7624462875091295,0.6160914712740228,295.19479084141216,0,rawheatmask,0.1,0.7726937071192114,30.0,0.16508034631329738,Raw + Heatmap + Mask
E,348,0.5954407519798682,0.42393423618063975,334.77267810453986,0.7458124996686055,0.5946578956268813,114.22490151013481,0,rawheatmask,0.1,0.7726937071192114,30.0,0.1503717476887373,Raw + Heatmap + Mask
E,364,0.5636972052127492,0.39246404536603696,521.8337375701295,0.724923180536263,0.5685329459923412,189.68003486134222,0,rawheatmask,0.1,0.7726937071192114,30.0,0.1612259753235138,Raw + Heatmap + Mask
E,380,0.63587944289477,0.46614607454062257,712.7798129259924,0.6820215094698773,0.5174754477180821,615.1797934845945,0,rawheatmask,0.1,0.7726937071192114,30.0,0.04614206657510722,Raw + Heatmap + Mask
E,397,0.5861442000393631,0.4145714153138403,725.818385719379,0.6447632548908421,0.47575691643374785,606.3622668242792,0,rawheatmask,0.1,0.7726937071192114,30.0,0.058619054851479,Raw + Heatmap + Mask
E,413,0.6352375908967619,0.46545654149000604,289.4307012835237,0.7706266479806779,0.6268450887721584,151.22107161371395,0,rawheatmask,0.1,0.7726937071192114,30.0,0.13538905708391602,Raw + Heatmap + Mask
E,430,0.6573331477762977,0.4895727832169489,345.8654958810566,0.731504520989488,0.5766709721031856,90.78210520251224,0,rawheatmask,0.1,0.7726937071192114,30.0,0.07417137321319034,Raw + Heatmap + Mask
E,446,0.5468172773654034,0.37628941553477363,459.95637638120985,0.5723737305804022,0.4009268691960264,449.98123141217974,0,rawheatmask,0.1,0.7726937071192114,30.0,0.025556453214998776,Raw + Heatmap + Mask
F,40,0.5248436528798774,0.355788492456752,216.4180344264313,0.7484472049689441,0.598014888337469,190.45109671956064,0,probe,0.5,0.7520572292121094,,0.22360355208906668,Linear probe on DINO (no U-Net)
F,48,0.6180571013708576,0.4472377997556606,216.661927031493,0.7465669581616221,0.5956177420268509,183.47250099420424,0,probe,0.5,0.7520572292121094,,0.12850985679076454,Linear probe on DINO (no U-Net)
F,57,0.6034062514893415,0.4320556726913749,241.68835301509375,0.7696790400714044,0.6255920732392257,113.49667735822973,0,probe,0.5,0.7520572292121094,,0.16627278858206296,Linear probe on DINO (no U-Net)
F,65,0.5349133515984777,0.36510697314871654,303.8793448887239,0.7888302024657812,0.6512961304614224,122.38310749445775,0,probe,0.5,0.7520572292121094,,0.2539168508673034,Linear probe on DINO (no U-Net)
F,74,0.5561766824064387,0.38521104045710075,230.45800186801932,0.7636514342396695,0.6176667773056692,147.23970677096582,0,probe,0.5,0.7520572292121094,,0.20747475183323083,Linear probe on DINO (no U-Net)
F,82,0.5435230526343957,0.3731765570457468,250.71912197716392,0.7833544467300022,0.6438641431964864,129.90449209936264,0,probe,0.5,0.7520572292121094,,0.2398313940956065,Linear probe on DINO (no U-Net)
F,91,0.517158162999948,0.3487615132617342,262.4510476137901,0.7325740934557273,0.5780015144657592,143.18131195040172,0,probe,0.5,0.7520572292121094,,0.21541593045577934,Linear probe on DINO (no U-Net)
F,104,0.6471876399377992,0.4784016313304841,259.6109702368818,0.7132026955843715,0.5542463394483541,143.32002411864997,0,probe,0.5,0.7520572292121094,,0.0660150556465724,Linear probe on DINO (no U-Net)
F,112,0.6563434537989761,0.48847561205628276,289.23630585561006,0.6924187641458057,0.5295416798280026,198.53616407631353,0,probe,0.5,0.7520572292121094,,0.03607531034682965,Linear probe on DINO (no U-Net)
F,121,0.6305943295503974,0.4604875992249696,310.38243968501763,0.670019496333475,0.5037814422740392,217.4359900339347,0,probe,0.5,0.7520572292121094,,0.039425166783077614,Linear probe on DINO (no U-Net)
F,129,0.6580848000705798,0.4904071435402123,198.62126669263915,0.6559078377983323,0.48799320183813394,223.13593213453817,0,probe,0.5,0.7520572292121094,,-0.002176962272247507,Linear probe on DINO (no U-Net)
F,138,0.5758122780170976,0.404309255815934,275.96354027518663,0.6655277840649846,0.4987198505280785,264.2791609720945,0,probe,0.5,0.7520572292121094,,0.08971550604788703,Linear probe on DINO (no U-Net)
F,146,0.5854051095188686,0.4138323370585347,213.22823745930089,0.6494357840643312,0.4808625731390367,303.36099573250254,0,probe,0.5,0.7520572292121094,,0.06403067454546263,Linear probe on DINO (no U-Net)
F,155,0.526831956379426,0.3576183712787051,241.33597125163035,0.6779553017251552,0.5128081543761938,297.02684351224366,0,probe,0.5,0.7520572292121094,,0.15112334534572913,Linear probe on DINO (no U-Net)
F,163,0.546063540078182,0.37557593136329037,301.96417753045574,0.6848636876448977,0.5207549067050447,243.1261398494478,0,probe,0.5,0.7520572292121094,,0.13880014756671566,Linear probe on DINO (no U-Net)
F,172,0.3755451011619744,0.2311822269923297,459.6199822919249,0.6684257693995138,0.5019816049594779,222.37923933314312,0,probe,0.5,0.7520572292121094,,0.2928806682375394,Linear probe on DINO (no U-Net)
F,180,0.4226984347751661,0.2679883442041175,281.50516203082316,0.6698094147754058,0.5035439449169704,191.18385574282533,0,probe,0.5,0.7520572292121094,,0.24711098000023968,Linear probe on DINO (no U-Net)
F,188,0.4231564196882116,0.2683566239363711,252.90033239400853,0.6586744674359757,0.49106234947819105,189.28390186094416,0,probe,0.5,0.7520572292121094,,0.23551804774776408,Linear probe on DINO (no U-Net)
F,199,0.5575005997832507,0.3864823789177874,218.77141498760326,0.6731278906615392,0.507304272901735,167.776823488824,0,probe,0.5,0.7520572292121094,,0.11562729087828849,Linear probe on DINO (no U-Net)
F,208,0.6117045375695411,0.4406155275467393,197.93674021009843,0.7134701707424256,0.5545694740355551,157.71372690390808,0,probe,0.5,0.7520572292121094,,0.10176563317288445,Linear probe on DINO (no U-Net)
F,216,0.5749363880379577,0.40344612213231607,203.98377259943,0.7347552142285955,0.5807217879824133,111.61041247819888,0,probe,0.5,0.7520572292121094,,0.1598188261906378,Linear probe on DINO (no U-Net)
F,225,0.5530332604622111,0.382201777933658,241.09765267418098,0.7468912911015324,0.596030724068688,117.0112841780655,0,probe,0.5,0.7520572292121094,,0.19385803063932128,Linear probe on DINO (no U-Net)
F,233,0.5474198555195738,0.37686034577829136,262.85976068617515,0.7245284891097109,0.5680475674474174,132.32926550887228,0,probe,0.5,0.7520572292121094,,0.17710863359013707,Linear probe on DINO (no U-Net)
F,242,0.5849322607640172,0.41335990111669935,303.6140716829945,0.7112341113858832,0.5518722350346452,167.26136859167224,0,probe,0.5,0.7520572292121094,,0.12630185062186605,Linear probe on DINO (no U-Net)
F,250,0.49517065335095783,0.32905435719578774,570.8305915992196,0.6705228532134441,0.5043507929671053,243.39766074702544,0,probe,0.5,0.7520572292121094,,0.17535219986248624,Linear probe on DINO (no U-Net)
F,40,0.5248436528798774,0.355788492456752,216.4180344264313,0.6969233037051212,0.5348290746712975,212.96553347578856,0,raw,0.2,0.6969550410480048,18.0,0.1720796508252438,Raw
F,48,0.6180571013708576,0.4472377997556606,216.661927031493,0.6857733490128118,0.5218075196524812,194.76287666031226,0,raw,0.2,0.6969550410480048,18.0,0.06771624764195427,Raw
F,57,0.6034062514893415,0.4320556726913749,241.68835301509375,0.7036893407924102,0.5428400482509047,155.24236199365217,0,raw,0.2,0.6969550410480048,18.0,0.10028308930306873,Raw
F,65,0.5349133515984777,0.36510697314871654,303.8793448887239,0.7298316441329324,0.5745944155841611,166.03452817803,0,raw,0.2,0.6969550410480048,18.0,0.1949182925344547,Raw
F,74,0.5561766824064387,0.38521104045710075,230.45800186801932,0.7433047539073864,0.5914757426022822,154.40065576285613,0,raw,0.2,0.6969550410480048,18.0,0.18712807150094768,Raw
F,82,0.5435230526343957,0.3731765570457468,250.71912197716392,0.7492767339495129,0.5990747548141215,162.45530508319905,0,raw,0.2,0.6969550410480048,18.0,0.20575368131511718,Raw
F,91,0.517158162999948,0.3487615132617342,262.4510476137901,0.7332225471587962,0.5788092813889931,180.14794267490262,0,raw,0.2,0.6969550410480048,18.0,0.2160643841588482,Raw
F,104,0.6471876399377992,0.4784016313304841,259.6109702368818,0.6951170981933154,0.5327045800285115,195.00575351074934,0,raw,0.2,0.6969550410480048,18.0,0.0479294582555162,Raw
F,112,0.6563434537989761,0.48847561205628276,289.23630585561006,0.6880009592437961,0.5243913584321291,207.9860304651946,0,raw,0.2,0.6969550410480048,18.0,0.031657505444820044,Raw
F,121,0.6305943295503974,0.4604875992249696,310.38243968501763,0.7049391502384172,0.5443289791118268,229.1480484861261,0,raw,0.2,0.6969550410480048,18.0,0.07434482068801984,Raw
F,129,0.6580848000705798,0.4904071435402123,198.62126669263915,0.6968930284784729,0.5347934158197084,252.2102607448793,0,raw,0.2,0.6969550410480048,18.0,0.03880822840789311,Raw
F,138,0.5758122780170976,0.404309255815934,275.96354027518663,0.7006559475094464,0.53923819958728,236.9158588224273,0,raw,0.2,0.6969550410480048,18.0,0.12484366949234882,Raw
F,146,0.5854051095188686,0.4138323370585347,213.22823745930089,0.6787834556188027,0.5137564001188893,233.3332514880809,0,raw,0.2,0.6969550410480048,18.0,0.09337834609993412,Raw
F,155,0.526831956379426,0.3576183712787051,241.33597125163035,0.6664822987896123,0.49979261481468856,247.3226507116223,0,raw,0.2,0.6969550410480048,18.0,0.13965034241018626,Raw
F,163,0.546063540078182,0.37557593136329037,301.96417753045574,0.6418391730679436,0.47257965355825443,271.30322345425736,0,raw,0.2,0.6969550410480048,18.0,0.09577563298976155,Raw
F,172,0.3755451011619744,0.2311822269923297,459.6199822919249,0.6103517195432929,0.43921309307323525,265.0055658781231,0,raw,0.2,0.6969550410480048,18.0,0.2348066183813185,Raw
F,180,0.4226984347751661,0.2679883442041175,281.50516203082316,0.6073716269742804,0.4361333136238372,244.88404777793673,0,raw,0.2,0.6969550410480048,18.0,0.18467319219911427,Raw
F,188,0.4231564196882116,0.2683566239363711,252.90033239400853,0.583079734474045,0.4115120297595632,238.1586890479264,0,raw,0.2,0.6969550410480048,18.0,0.15992331478583344,Raw
F,199,0.5575005997832507,0.3864823789177874,218.77141498760326,0.6252292364739533,0.4547879930690042,253.59268954019805,0,raw,0.2,0.6969550410480048,18.0,0.06772863669070261,Raw
F,208,0.6117045375695411,0.4406155275467393,197.93674021009843,0.6525692838064365,0.4843063735773502,267.8863124720515,0,raw,0.2,0.6969550410480048,18.0,0.0408647462368954,Raw
F,216,0.5749363880379577,0.40344612213231607,203.98377259943,0.6588021963468924,0.4912043507322112,270.6432491548904,0,raw,0.2,0.6969550410480048,18.0,0.08386580830893475,Raw
F,225,0.5530332604622111,0.382201777933658,241.09765267418098,0.6676225183996064,0.501076104646926,260.2639285417785,0,raw,0.2,0.6969550410480048,18.0,0.11458925793739527,Raw
F,233,0.5474198555195738,0.37686034577829136,262.85976068617515,0.6702535534790274,0.5040461324281916,257.79742797641865,0,raw,0.2,0.6969550410480048,18.0,0.12283369795945354,Raw
F,242,0.5849322607640172,0.41335990111669935,303.6140716829945,0.6452863405050103,0.47632673958979654,287.6084735211763,0,raw,0.2,0.6969550410480048,18.0,0.06035407974099316,Raw
F,250,0.49517065335095783,0.32905435719578774,570.8305915992196,0.631513721808074,0.46146880087277437,280.5184931515211,0,raw,0.2,0.6969550410480048,18.0,0.13634306845711613,Raw
F,40,0.5248436528798774,0.355788492456752,216.4180344264313,0.5526411945828572,0.38182736202968043,239.4414200578509,0,heat,0.4,0.6797921618978817,21.0,0.027797541702979767,Heatmap
F,48,0.6180571013708576,0.4472377997556606,216.661927031493,0.6067255681332578,0.4354673811966481,230.84153114203693,0,heat,0.4,0.6797921618978817,21.0,-0.011331533237599722,Heatmap
F,57,0.6034062514893415,0.4320556726913749,241.68835301509375,0.6580461324821006,0.49036419836043543,215.95510106474916,0,heat,0.4,0.6797921618978817,21.0,0.05463988099275918,Heatmap
F,65,0.5349133515984777,0.36510697314871654,303.8793448887239,0.5830638896590917,0.4114962455991112,206.0923507217505,0,heat,0.4,0.6797921618978817,21.0,0.04815053806061398,Heatmap
F,74,0.5561766824064387,0.38521104045710075,230.45800186801932,0.6183952141752485,0.44759197457910965,202.20250382234667,0,heat,0.4,0.6797921618978817,21.0,0.06221853176880976,Heatmap
F,82,0.5435230526343957,0.3731765570457468,250.71912197716392,0.6544445041671085,0.48637496275247344,179.35613090422297,0,heat,0.4,0.6797921618978817,21.0,0.11092145153271282,Heatmap
F,91,0.517158162999948,0.3487615132617342,262.4510476137901,0.6317599983826546,0.4617318581797599,200.32499800847583,0,heat,0.4,0.6797921618978817,21.0,0.11460183538270663,Heatmap
F,104,0.6471876399377992,0.4784016313304841,259.6109702368818,0.7440669047678706,0.5924415142753663,185.2471490131157,0,heat,0.4,0.6797921618978817,21.0,0.09687926483007148,Heatmap
F,112,0.6563434537989761,0.48847561205628276,289.23630585561006,0.761670179464475,0.6150786057426002,180.0449090477235,0,heat,0.4,0.6797921618978817,21.0,0.10532672566549894,Heatmap
F,121,0.6305943295503974,0.4604875992249696,310.38243968501763,0.7466143031720998,0.5956780144066186,189.76353917978975,0,heat,0.4,0.6797921618978817,21.0,0.11601997362170235,Heatmap
F,129,0.6580848000705798,0.4904071435402123,198.62126669263915,0.7663693765662446,0.6212308303705123,177.83542670937962,0,heat,0.4,0.6797921618978817,21.0,0.10828457649566481,Heatmap
F,138,0.5758122780170976,0.404309255815934,275.96354027518663,0.6359212645880379,0.4661910255466191,238.3581971664469,0,heat,0.4,0.6797921618978817,21.0,0.060108986570940326,Heatmap
F,146,0.5854051095188686,0.4138323370585347,213.22823745930089,0.678292681393697,0.513194314539269,241.08231846036847,0,heat,0.4,0.6797921618978817,21.0,0.09288757187482843,Heatmap
F,155,0.526831956379426,0.3576183712787051,241.33597125163035,0.7147225955844191,0.5560843076591744,160.9176653917847,0,heat,0.4,0.6797921618978817,21.0,0.18789063920499305,Heatmap
F,163,0.546063540078182,0.37557593136329037,301.96417753045574,0.5590809162953051,0.3880029924080625,304.14165709073643,0,heat,0.4,0.6797921618978817,21.0,0.013017376217123067,Heatmap
F,172,0.3755451011619744,0.2311822269923297,459.6199822919249,0.4310124431156816,0.2747073685986282,311.1278490208538,0,heat,0.4,0.6797921618978817,21.0,0.05546734195370717,Heatmap
F,180,0.4226984347751661,0.2679883442041175,281.50516203082316,0.5255025205504337,0.3563943159445787,214.3931786969216,0,heat,0.4,0.6797921618978817,21.0,0.10280408577526756,Heatmap
F,188,0.4231564196882116,0.2683566239363711,252.90033239400853,0.44157733967849877,0.2833488955989653,241.35489333602138,0,heat,0.4,0.6797921618978817,21.0,0.018420919990287166,Heatmap
F,199,0.5575005997832507,0.3864823789177874,218.77141498760326,0.5761548020592935,0.4046470802391865,233.72505432589705,0,heat,0.4,0.6797921618978817,21.0,0.018654202276042753,Heatmap
F,208,0.6117045375695411,0.4406155275467393,197.93674021009843,0.5640880884836681,0.39284310127909416,229.96936592564515,0,heat,0.4,0.6797921618978817,21.0,-0.047616449085873036,Heatmap
F,216,0.5749363880379577,0.40344612213231607,203.98377259943,0.6921612862590611,0.5292405546546368,165.75,0,heat,0.4,0.6797921618978817,21.0,0.11722489822110349,Heatmap
F,225,0.5530332604622111,0.382201777933658,241.09765267418098,0.5811398841810402,0.4095822256908031,395.5394861379915,0,heat,0.4,0.6797921618978817,21.0,0.028106623718829105,Heatmap
F,233,0.5474198555195738,0.37686034577829136,262.85976068617515,0.5842105676807847,0.4126394464774221,262.62784949016515,0,heat,0.4,0.6797921618978817,21.0,0.03679071216121088,Heatmap
F,242,0.5849322607640172,0.41335990111669935,303.6140716829945,0.6923585009799114,0.5294711903061705,251.6749259738325,0,heat,0.4,0.6797921618978817,21.0,0.1074262402158942,Heatmap
F,250,0.49517065335095783,0.32905435719578774,570.8305915992196,0.5756219583346435,0.4041216176441732,268.79825150110787,0,heat,0.4,0.6797921618978817,21.0,0.08045130498368563,Heatmap
F,40,0.5248436528798774,0.355788492456752,216.4180344264313,0.7015838348454346,0.5403381856093242,195.00676648313515,0,rawheat,0.1,0.7805353272238542,26.0,0.17674018196555719,Raw + Heatmap
F,48,0.6180571013708576,0.4472377997556606,216.661927031493,0.7242869163208002,0.5677506373391831,208.6686030706893,0,rawheat,0.1,0.7805353272238542,26.0,0.10622981494994266,Raw + Heatmap
F,57,0.6034062514893415,0.4320556726913749,241.68835301509375,0.7860320672500454,0.647489975677922,140.5803418834462,0,rawheat,0.1,0.7805353272238542,26.0,0.1826258157607039,Raw + Heatmap
F,65,0.5349133515984777,0.36510697314871654,303.8793448887239,0.7528040366374532,0.6035972363218922,192.02247232282338,0,rawheat,0.1,0.7805353272238542,26.0,0.21789068503897546,Raw + Heatmap
F,74,0.5561766824064387,0.38521104045710075,230.45800186801932,0.7730645611420681,0.630077619945235,165.09552159280398,0,rawheat,0.1,0.7805353272238542,26.0,0.21688787873562942,Raw + Heatmap
F,82,0.5435230526343957,0.3731765570457468,250.71912197716392,0.8230091437110432,0.6992485449767933,151.71088335537078,0,rawheat,0.1,0.7805353272238542,26.0,0.27948609107664746,Raw + Heatmap
F,91,0.517158162999948,0.3487615132617342,262.4510476137901,0.8041048194978926,0.6723873735825927,125.00354461780007,0,rawheat,0.1,0.7805353272238542,26.0,0.2869466564979446,Raw + Heatmap
F,104,0.6471876399377992,0.4784016313304841,259.6109702368818,0.8028541460460031,0.6706402092896984,154.06679760740144,0,rawheat,0.1,0.7805353272238542,26.0,0.15566650610820398,Raw + Heatmap
F,112,0.6563434537989761,0.48847561205628276,289.23630585561006,0.7996274701927648,0.6661494247299835,158.00771631985867,0,rawheat,0.1,0.7805353272238542,26.0,0.14328401639378874,Raw + Heatmap
F,121,0.6305943295503974,0.4604875992249696,310.38243968501763,0.7942003326684007,0.6586503166201263,190.51345109558534,0,rawheat,0.1,0.7805353272238542,26.0,0.16360600311800333,Raw + Heatmap
F,129,0.6580848000705798,0.4904071435402123,198.62126669263915,0.7776108265711317,0.6361401454414808,240.221772249062,0,rawheat,0.1,0.7805353272238542,26.0,0.11952602650055189,Raw + Heatmap
F,138,0.5758122780170976,0.404309255815934,275.96354027518663,0.7721878490842914,0.6289136725910308,176.8303079271119,0,rawheat,0.1,0.7805353272238542,26.0,0.19637557106719383,Raw + Heatmap
F,146,0.5854051095188686,0.4138323370585347,213.22823745930089,0.770873496545253,0.6271718121597191,182.3391902133935,0,rawheat,0.1,0.7805353272238542,26.0,0.18546838702638435,Raw + Heatmap
F,155,0.526831956379426,0.3576183712787051,241.33597125163035,0.7968738285376742,0.6623360437493627,169.49380129067805,0,rawheat,0.1,0.7805353272238542,26.0,0.27004187215824815,Raw + Heatmap
F,163,0.546063540078182,0.37557593136329037,301.96417753045574,0.7045895410860116,0.5439121911032789,258.30344875711177,0,rawheat,0.1,0.7805353272238542,26.0,0.15852600100782954,Raw + Heatmap
F,172,0.3755451011619744,0.2311822269923297,459.6199822919249,0.5823087963351027,0.4107444518452019,268.6727396587098,0,rawheat,0.1,0.7805353272238542,26.0,0.20676369517312826,Raw + Heatmap
F,180,0.4226984347751661,0.2679883442041175,281.50516203082316,0.655385462203644,0.4874151243952289,205.12687616082707,0,rawheat,0.1,0.7805353272238542,26.0,0.2326870274284779,Raw + Heatmap
F,188,0.4231564196882116,0.2683566239363711,252.90033239400853,0.5819513881750474,0.4103888846420485,231.09876811657824,0,rawheat,0.1,0.7805353272238542,26.0,0.15879496848683583,Raw + Heatmap
F,199,0.5575005997832507,0.3864823789177874,218.77141498760326,0.7274398683547035,0.5716349666040492,212.7223683264534,0,rawheat,0.1,0.7805353272238542,26.0,0.1699392685714528,Raw + Heatmap
F,208,0.6117045375695411,0.4406155275467393,197.93674021009843,0.737197692146722,0.5837791771222953,228.6635424045556,0,rawheat,0.1,0.7805353272238542,26.0,0.1254931545771809,Raw + Heatmap
F,216,0.5749363880379577,0.40344612213231607,203.98377259943,0.7716862147225446,0.6282484361666867,166.69677077124976,0,rawheat,0.1,0.7805353272238542,26.0,0.19674982668458696,Raw + Heatmap
F,225,0.5530332604622111,0.382201777933658,241.09765267418098,0.7443996979612384,0.5928635862483712,207.16423169436803,0,rawheat,0.1,0.7805353272238542,26.0,0.19136643749902726,Raw + Heatmap
F,233,0.5474198555195738,0.37686034577829136,262.85976068617515,0.7541465050885682,0.6053251912594914,217.0029161670414,0,rawheat,0.1,0.7805353272238542,26.0,0.20672664956899434,Raw + Heatmap
F,242,0.5849322607640172,0.41335990111669935,303.6140716829945,0.7580247609121256,0.6103380623504463,288.1643231805933,0,rawheat,0.1,0.7805353272238542,26.0,0.1730925001481084,Raw + Heatmap
F,250,0.49517065335095783,0.32905435719578774,570.8305915992196,0.7110370367709654,0.5516349631875512,276.9962908714989,0,rawheat,0.1,0.7805353272238542,26.0,0.21586638342000758,Raw + Heatmap
F,40,0.5248436528798774,0.355788492456752,216.4180344264313,0.7073695655829125,0.547232640319119,206.1778573069709,0,rawheatmask,0.5,0.7593938856971483,28.0,0.1825259127030351,Raw + Heatmap + Mask
F,48,0.6180571013708576,0.4472377997556606,216.661927031493,0.7384984386012319,0.5854122271417372,191.75688546959663,0,rawheatmask,0.5,0.7593938856971483,28.0,0.12044133723037431,Raw + Heatmap + Mask
F,57,0.6034062514893415,0.4320556726913749,241.68835301509375,0.7827060516057175,0.6429885342305163,141.91935020286502,0,rawheatmask,0.5,0.7593938856971483,28.0,0.17929980011637603,Raw + Heatmap + Mask
F,65,0.5349133515984777,0.36510697314871654,303.8793448887239,0.7632140699103445,0.6170947221683047,166.33047864116787,0,rawheatmask,0.5,0.7593938856971483,28.0,0.2283007183118667,Raw + Heatmap + Mask
F,74,0.5561766824064387,0.38521104045710075,230.45800186801932,0.764869755251848,0.6192624288038611,154.375,0,rawheatmask,0.5,0.7593938856971483,28.0,0.20869307284540928,Raw + Heatmap + Mask
F,82,0.5435230526343957,0.3731765570457468,250.71912197716392,0.7833534392562905,0.6438627819548872,159.15046743288087,0,rawheatmask,0.5,0.7593938856971483,28.0,0.23983038662189482,Raw + Heatmap + Mask
F,91,0.517158162999948,0.3487615132617342,262.4510476137901,0.776236967701689,0.6343033309674855,144.1421671003979,0,rawheatmask,0.5,0.7593938856971483,28.0,0.25907880470174105,Raw + Heatmap + Mask
F,104,0.6471876399377992,0.4784016313304841,259.6109702368818,0.7576456803568283,0.6098466986249454,170.625,0,rawheatmask,0.5,0.7593938856971483,28.0,0.11045804041902918,Raw + Heatmap + Mask
F,112,0.6563434537989761,0.48847561205628276,289.23630585561006,0.7547620673175395,0.6061187565107736,197.6096214762834,0,rawheatmask,0.5,0.7593938856971483,28.0,0.0984186135185634,Raw + Heatmap + Mask
F,121,0.6305943295503974,0.4604875992249696,310.38243968501763,0.7598879252214755,0.6127574601329371,234.44305343089948,0,rawheatmask,0.5,0.7593938856971483,28.0,0.12929359567107812,Raw + Heatmap + Mask
F,129,0.6580848000705798,0.4904071435402123,198.62126669263915,0.756635716459739,0.6085390472254455,259.79373543259425,0,rawheatmask,0.5,0.7593938856971483,28.0,0.09855091638915925,Raw + Heatmap + Mask
F,138,0.5758122780170976,0.404309255815934,275.96354027518663,0.7093550914793216,0.549612900338619,210.20490552957446,0,rawheatmask,0.5,0.7593938856971483,28.0,0.13354281346222407,Raw + Heatmap + Mask
F,146,0.5854051095188686,0.4138323370585347,213.22823745930089,0.7487979405643234,0.5984628421264347,209.82007703185917,0,rawheatmask,0.5,0.7593938856971483,28.0,0.16339283104545477,Raw + Heatmap + Mask
F,155,0.526831956379426,0.3576183712787051,241.33597125163035,0.76308674009397,0.6169282558681138,242.6348432525344,0,rawheatmask,0.5,0.7593938856971483,28.0,0.236254783714544,Raw + Heatmap + Mask
F,163,0.546063540078182,0.37557593136329037,301.96417753045574,0.6349894698702416,0.46519016216664594,265.4774590243021,0,rawheatmask,0.5,0.7593938856971483,28.0,0.0889259297920596,Raw + Heatmap + Mask
F,172,0.3755451011619744,0.2311822269923297,459.6199822919249,0.5442617137284455,0.3738733252131547,273.4305690704359,0,rawheatmask,0.5,0.7593938856971483,28.0,0.16871661256647102,Raw + Heatmap + Mask
F,180,0.4226984347751661,0.2679883442041175,281.50516203082316,0.5842982884617226,0.4127269775119747,230.38236543636768,0,rawheatmask,0.5,0.7593938856971483,28.0,0.1615998536865565,Raw + Heatmap + Mask
F,188,0.4231564196882116,0.2683566239363711,252.90033239400853,0.5525075059648161,0.38169973816208713,239.41053913727356,0,rawheatmask,0.5,0.7593938856971483,28.0,0.12935108627660452,Raw + Heatmap + Mask
F,199,0.5575005997832507,0.3864823789177874,218.77141498760326,0.6397965764261825,0.47036830325362067,230.7671644289932,0,rawheatmask,0.5,0.7593938856971483,28.0,0.08229597664293176,Raw + Heatmap + Mask
F,208,0.6117045375695411,0.4406155275467393,197.93674021009843,0.7015070669770989,0.5402471196697122,227.1296383737082,0,rawheatmask,0.5,0.7593938856971483,28.0,0.08980252940755773,Raw + Heatmap + Mask
F,216,0.5749363880379577,0.40344612213231607,203.98377259943,0.7077162868620777,0.5476477647030012,224.17815341670493,0,rawheatmask,0.5,0.7593938856971483,28.0,0.13277989882412,Raw + Heatmap + Mask
F,225,0.5530332604622111,0.382201777933658,241.09765267418098,0.704122013591494,0.5433551777069312,196.94705030794444,0,rawheatmask,0.5,0.7593938856971483,28.0,0.15108875312928283,Raw + Heatmap + Mask
F,233,0.5474198555195738,0.37686034577829136,262.85976068617515,0.7362655427502143,0.5826109579638424,233.30665335307665,0,rawheatmask,0.5,0.7593938856971483,28.0,0.18884568723064044,Raw + Heatmap + Mask
F,242,0.5849322607640172,0.41335990111669935,303.6140716829945,0.7422560834578965,0.590148816222121,316.85624943838366,0,rawheatmask,0.5,0.7593938856971483,28.0,0.15732382269387934,Raw + Heatmap + Mask
F,250,0.49517065335095783,0.32905435719578774,570.8305915992196,0.6391822005146109,0.46970446797236637,355.0924285718247,0,rawheatmask,0.5,0.7593938856971483,28.0,0.1440115471636531,Raw + Heatmap + Mask
